[2026-06-03T11:48:41.203+0000] {processor.py:161} INFO - Started process (PID=52) to work on /home/airflow/.local/lib/python3.8/site-packages/airflow/example_dags/example_params_ui_tutorial.py
[2026-06-03T11:48:41.211+0000] {processor.py:830} INFO - Processing file /home/airflow/.local/lib/python3.8/site-packages/airflow/example_dags/example_params_ui_tutorial.py for tasks to queue
[2026-06-03T11:48:41.276+0000] {logging_mixin.py:188} INFO - [2026-06-03T11:48:41.273+0000] {dagbag.py:538} INFO - Filling up the DagBag from /home/airflow/.local/lib/python3.8/site-packages/airflow/example_dags/example_params_ui_tutorial.py
[2026-06-03T11:48:41.373+0000] {processor.py:840} INFO - DAG(s) 'example_params_ui_tutorial' retrieved from /home/airflow/.local/lib/python3.8/site-packages/airflow/example_dags/example_params_ui_tutorial.py
[2026-06-03T11:48:41.442+0000] {logging_mixin.py:188} INFO - [2026-06-03T11:48:41.442+0000] {dag.py:3033} INFO - Sync 1 DAGs
[2026-06-03T11:48:41.456+0000] {logging_mixin.py:188} INFO - [2026-06-03T11:48:41.456+0000] {dag.py:3820} INFO - Setting next_dagrun for example_params_ui_tutorial to None, run_after=None
[2026-06-03T11:48:41.485+0000] {processor.py:183} INFO - Processing /home/airflow/.local/lib/python3.8/site-packages/airflow/example_dags/example_params_ui_tutorial.py took 0.298 seconds
[2026-06-03T11:49:12.322+0000] {processor.py:161} INFO - Started process (PID=112) to work on /home/airflow/.local/lib/python3.8/site-packages/airflow/example_dags/example_params_ui_tutorial.py
[2026-06-03T11:49:12.324+0000] {processor.py:830} INFO - Processing file /home/airflow/.local/lib/python3.8/site-packages/airflow/example_dags/example_params_ui_tutorial.py for tasks to queue
[2026-06-03T11:49:12.326+0000] {logging_mixin.py:188} INFO - [2026-06-03T11:49:12.326+0000] {dagbag.py:538} INFO - Filling up the DagBag from /home/airflow/.local/lib/python3.8/site-packages/airflow/example_dags/example_params_ui_tutorial.py
[2026-06-03T11:49:12.351+0000] {processor.py:840} INFO - DAG(s) 'example_params_ui_tutorial' retrieved from /home/airflow/.local/lib/python3.8/site-packages/airflow/example_dags/example_params_ui_tutorial.py
[2026-06-03T11:49:12.445+0000] {logging_mixin.py:188} INFO - [2026-06-03T11:49:12.445+0000] {dag.py:3033} INFO - Sync 1 DAGs
[2026-06-03T11:49:12.452+0000] {logging_mixin.py:188} INFO - [2026-06-03T11:49:12.452+0000] {dag.py:3820} INFO - Setting next_dagrun for example_params_ui_tutorial to None, run_after=None
[2026-06-03T11:49:12.465+0000] {processor.py:183} INFO - Processing /home/airflow/.local/lib/python3.8/site-packages/airflow/example_dags/example_params_ui_tutorial.py took 0.146 seconds
[2026-06-03T11:49:43.442+0000] {processor.py:161} INFO - Started process (PID=167) to work on /home/airflow/.local/lib/python3.8/site-packages/airflow/example_dags/example_params_ui_tutorial.py
[2026-06-03T11:49:43.444+0000] {processor.py:830} INFO - Processing file /home/airflow/.local/lib/python3.8/site-packages/airflow/example_dags/example_params_ui_tutorial.py for tasks to queue
[2026-06-03T11:49:43.449+0000] {logging_mixin.py:188} INFO - [2026-06-03T11:49:43.448+0000] {dagbag.py:538} INFO - Filling up the DagBag from /home/airflow/.local/lib/python3.8/site-packages/airflow/example_dags/example_params_ui_tutorial.py
[2026-06-03T11:49:43.487+0000] {processor.py:840} INFO - DAG(s) 'example_params_ui_tutorial' retrieved from /home/airflow/.local/lib/python3.8/site-packages/airflow/example_dags/example_params_ui_tutorial.py
[2026-06-03T11:49:43.558+0000] {logging_mixin.py:188} INFO - [2026-06-03T11:49:43.557+0000] {dag.py:3033} INFO - Sync 1 DAGs
[2026-06-03T11:49:43.567+0000] {logging_mixin.py:188} INFO - [2026-06-03T11:49:43.567+0000] {dag.py:3820} INFO - Setting next_dagrun for example_params_ui_tutorial to None, run_after=None
[2026-06-03T11:49:43.589+0000] {processor.py:183} INFO - Processing /home/airflow/.local/lib/python3.8/site-packages/airflow/example_dags/example_params_ui_tutorial.py took 0.163 seconds
[2026-06-03T11:50:13.692+0000] {processor.py:161} INFO - Started process (PID=222) to work on /home/airflow/.local/lib/python3.8/site-packages/airflow/example_dags/example_params_ui_tutorial.py
[2026-06-03T11:50:13.693+0000] {processor.py:830} INFO - Processing file /home/airflow/.local/lib/python3.8/site-packages/airflow/example_dags/example_params_ui_tutorial.py for tasks to queue
[2026-06-03T11:50:13.694+0000] {logging_mixin.py:188} INFO - [2026-06-03T11:50:13.694+0000] {dagbag.py:538} INFO - Filling up the DagBag from /home/airflow/.local/lib/python3.8/site-packages/airflow/example_dags/example_params_ui_tutorial.py
[2026-06-03T11:50:13.704+0000] {processor.py:840} INFO - DAG(s) 'example_params_ui_tutorial' retrieved from /home/airflow/.local/lib/python3.8/site-packages/airflow/example_dags/example_params_ui_tutorial.py
[2026-06-03T11:50:13.742+0000] {logging_mixin.py:188} INFO - [2026-06-03T11:50:13.741+0000] {dag.py:3033} INFO - Sync 1 DAGs
[2026-06-03T11:50:13.759+0000] {logging_mixin.py:188} INFO - [2026-06-03T11:50:13.759+0000] {dag.py:3820} INFO - Setting next_dagrun for example_params_ui_tutorial to None, run_after=None
[2026-06-03T11:50:13.777+0000] {processor.py:183} INFO - Processing /home/airflow/.local/lib/python3.8/site-packages/airflow/example_dags/example_params_ui_tutorial.py took 0.093 seconds
[2026-06-03T11:50:43.869+0000] {processor.py:161} INFO - Started process (PID=277) to work on /home/airflow/.local/lib/python3.8/site-packages/airflow/example_dags/example_params_ui_tutorial.py
[2026-06-03T11:50:43.871+0000] {processor.py:830} INFO - Processing file /home/airflow/.local/lib/python3.8/site-packages/airflow/example_dags/example_params_ui_tutorial.py for tasks to queue
[2026-06-03T11:50:43.874+0000] {logging_mixin.py:188} INFO - [2026-06-03T11:50:43.873+0000] {dagbag.py:538} INFO - Filling up the DagBag from /home/airflow/.local/lib/python3.8/site-packages/airflow/example_dags/example_params_ui_tutorial.py
[2026-06-03T11:50:43.905+0000] {processor.py:840} INFO - DAG(s) 'example_params_ui_tutorial' retrieved from /home/airflow/.local/lib/python3.8/site-packages/airflow/example_dags/example_params_ui_tutorial.py
[2026-06-03T11:50:43.951+0000] {logging_mixin.py:188} INFO - [2026-06-03T11:50:43.951+0000] {dag.py:3033} INFO - Sync 1 DAGs
[2026-06-03T11:50:43.960+0000] {logging_mixin.py:188} INFO - [2026-06-03T11:50:43.960+0000] {dag.py:3820} INFO - Setting next_dagrun for example_params_ui_tutorial to None, run_after=None
[2026-06-03T11:50:43.971+0000] {processor.py:183} INFO - Processing /home/airflow/.local/lib/python3.8/site-packages/airflow/example_dags/example_params_ui_tutorial.py took 0.110 seconds
[2026-06-03T11:51:14.101+0000] {processor.py:161} INFO - Started process (PID=332) to work on /home/airflow/.local/lib/python3.8/site-packages/airflow/example_dags/example_params_ui_tutorial.py
[2026-06-03T11:51:14.102+0000] {processor.py:830} INFO - Processing file /home/airflow/.local/lib/python3.8/site-packages/airflow/example_dags/example_params_ui_tutorial.py for tasks to queue
[2026-06-03T11:51:14.103+0000] {logging_mixin.py:188} INFO - [2026-06-03T11:51:14.103+0000] {dagbag.py:538} INFO - Filling up the DagBag from /home/airflow/.local/lib/python3.8/site-packages/airflow/example_dags/example_params_ui_tutorial.py
[2026-06-03T11:51:14.116+0000] {processor.py:840} INFO - DAG(s) 'example_params_ui_tutorial' retrieved from /home/airflow/.local/lib/python3.8/site-packages/airflow/example_dags/example_params_ui_tutorial.py
[2026-06-03T11:51:14.170+0000] {logging_mixin.py:188} INFO - [2026-06-03T11:51:14.170+0000] {dag.py:3033} INFO - Sync 1 DAGs
[2026-06-03T11:51:14.177+0000] {logging_mixin.py:188} INFO - [2026-06-03T11:51:14.177+0000] {dag.py:3820} INFO - Setting next_dagrun for example_params_ui_tutorial to None, run_after=None
[2026-06-03T11:51:14.191+0000] {processor.py:183} INFO - Processing /home/airflow/.local/lib/python3.8/site-packages/airflow/example_dags/example_params_ui_tutorial.py took 0.092 seconds
[2026-06-03T11:51:44.612+0000] {processor.py:161} INFO - Started process (PID=387) to work on /home/airflow/.local/lib/python3.8/site-packages/airflow/example_dags/example_params_ui_tutorial.py
[2026-06-03T11:51:44.617+0000] {processor.py:830} INFO - Processing file /home/airflow/.local/lib/python3.8/site-packages/airflow/example_dags/example_params_ui_tutorial.py for tasks to queue
[2026-06-03T11:51:44.620+0000] {logging_mixin.py:188} INFO - [2026-06-03T11:51:44.620+0000] {dagbag.py:538} INFO - Filling up the DagBag from /home/airflow/.local/lib/python3.8/site-packages/airflow/example_dags/example_params_ui_tutorial.py
[2026-06-03T11:51:44.643+0000] {processor.py:840} INFO - DAG(s) 'example_params_ui_tutorial' retrieved from /home/airflow/.local/lib/python3.8/site-packages/airflow/example_dags/example_params_ui_tutorial.py
[2026-06-03T11:51:44.737+0000] {logging_mixin.py:188} INFO - [2026-06-03T11:51:44.737+0000] {dag.py:3033} INFO - Sync 1 DAGs
[2026-06-03T11:51:44.743+0000] {logging_mixin.py:188} INFO - [2026-06-03T11:51:44.743+0000] {dag.py:3820} INFO - Setting next_dagrun for example_params_ui_tutorial to None, run_after=None
[2026-06-03T11:51:44.752+0000] {processor.py:183} INFO - Processing /home/airflow/.local/lib/python3.8/site-packages/airflow/example_dags/example_params_ui_tutorial.py took 0.145 seconds
[2026-06-03T11:52:14.986+0000] {processor.py:161} INFO - Started process (PID=442) to work on /home/airflow/.local/lib/python3.8/site-packages/airflow/example_dags/example_params_ui_tutorial.py
[2026-06-03T11:52:14.988+0000] {processor.py:830} INFO - Processing file /home/airflow/.local/lib/python3.8/site-packages/airflow/example_dags/example_params_ui_tutorial.py for tasks to queue
[2026-06-03T11:52:14.992+0000] {logging_mixin.py:188} INFO - [2026-06-03T11:52:14.992+0000] {dagbag.py:538} INFO - Filling up the DagBag from /home/airflow/.local/lib/python3.8/site-packages/airflow/example_dags/example_params_ui_tutorial.py
[2026-06-03T11:52:15.005+0000] {processor.py:840} INFO - DAG(s) 'example_params_ui_tutorial' retrieved from /home/airflow/.local/lib/python3.8/site-packages/airflow/example_dags/example_params_ui_tutorial.py
[2026-06-03T11:52:15.053+0000] {logging_mixin.py:188} INFO - [2026-06-03T11:52:15.053+0000] {dag.py:3033} INFO - Sync 1 DAGs
[2026-06-03T11:52:15.062+0000] {logging_mixin.py:188} INFO - [2026-06-03T11:52:15.062+0000] {dag.py:3820} INFO - Setting next_dagrun for example_params_ui_tutorial to None, run_after=None
[2026-06-03T11:52:15.074+0000] {processor.py:183} INFO - Processing /home/airflow/.local/lib/python3.8/site-packages/airflow/example_dags/example_params_ui_tutorial.py took 0.094 seconds
[2026-06-03T11:52:45.551+0000] {processor.py:161} INFO - Started process (PID=497) to work on /home/airflow/.local/lib/python3.8/site-packages/airflow/example_dags/example_params_ui_tutorial.py
[2026-06-03T11:52:45.552+0000] {processor.py:830} INFO - Processing file /home/airflow/.local/lib/python3.8/site-packages/airflow/example_dags/example_params_ui_tutorial.py for tasks to queue
[2026-06-03T11:52:45.555+0000] {logging_mixin.py:188} INFO - [2026-06-03T11:52:45.554+0000] {dagbag.py:538} INFO - Filling up the DagBag from /home/airflow/.local/lib/python3.8/site-packages/airflow/example_dags/example_params_ui_tutorial.py
[2026-06-03T11:52:45.568+0000] {processor.py:840} INFO - DAG(s) 'example_params_ui_tutorial' retrieved from /home/airflow/.local/lib/python3.8/site-packages/airflow/example_dags/example_params_ui_tutorial.py
[2026-06-03T11:52:45.628+0000] {logging_mixin.py:188} INFO - [2026-06-03T11:52:45.627+0000] {dag.py:3033} INFO - Sync 1 DAGs
[2026-06-03T11:52:45.635+0000] {logging_mixin.py:188} INFO - [2026-06-03T11:52:45.635+0000] {dag.py:3820} INFO - Setting next_dagrun for example_params_ui_tutorial to None, run_after=None
[2026-06-03T11:52:45.644+0000] {processor.py:183} INFO - Processing /home/airflow/.local/lib/python3.8/site-packages/airflow/example_dags/example_params_ui_tutorial.py took 0.097 seconds
[2026-06-03T11:53:15.883+0000] {processor.py:161} INFO - Started process (PID=552) to work on /home/airflow/.local/lib/python3.8/site-packages/airflow/example_dags/example_params_ui_tutorial.py
[2026-06-03T11:53:15.887+0000] {processor.py:830} INFO - Processing file /home/airflow/.local/lib/python3.8/site-packages/airflow/example_dags/example_params_ui_tutorial.py for tasks to queue
[2026-06-03T11:53:15.897+0000] {logging_mixin.py:188} INFO - [2026-06-03T11:53:15.896+0000] {dagbag.py:538} INFO - Filling up the DagBag from /home/airflow/.local/lib/python3.8/site-packages/airflow/example_dags/example_params_ui_tutorial.py
[2026-06-03T11:53:15.928+0000] {processor.py:840} INFO - DAG(s) 'example_params_ui_tutorial' retrieved from /home/airflow/.local/lib/python3.8/site-packages/airflow/example_dags/example_params_ui_tutorial.py
[2026-06-03T11:53:16.010+0000] {logging_mixin.py:188} INFO - [2026-06-03T11:53:16.010+0000] {dag.py:3033} INFO - Sync 1 DAGs
[2026-06-03T11:53:16.020+0000] {logging_mixin.py:188} INFO - [2026-06-03T11:53:16.020+0000] {dag.py:3820} INFO - Setting next_dagrun for example_params_ui_tutorial to None, run_after=None
[2026-06-03T11:53:16.029+0000] {processor.py:183} INFO - Processing /home/airflow/.local/lib/python3.8/site-packages/airflow/example_dags/example_params_ui_tutorial.py took 0.155 seconds
[2026-06-03T11:53:46.895+0000] {processor.py:161} INFO - Started process (PID=607) to work on /home/airflow/.local/lib/python3.8/site-packages/airflow/example_dags/example_params_ui_tutorial.py
[2026-06-03T11:53:46.896+0000] {processor.py:830} INFO - Processing file /home/airflow/.local/lib/python3.8/site-packages/airflow/example_dags/example_params_ui_tutorial.py for tasks to queue
[2026-06-03T11:53:46.899+0000] {logging_mixin.py:188} INFO - [2026-06-03T11:53:46.899+0000] {dagbag.py:538} INFO - Filling up the DagBag from /home/airflow/.local/lib/python3.8/site-packages/airflow/example_dags/example_params_ui_tutorial.py
[2026-06-03T11:53:46.918+0000] {processor.py:840} INFO - DAG(s) 'example_params_ui_tutorial' retrieved from /home/airflow/.local/lib/python3.8/site-packages/airflow/example_dags/example_params_ui_tutorial.py
[2026-06-03T11:53:46.954+0000] {logging_mixin.py:188} INFO - [2026-06-03T11:53:46.954+0000] {dag.py:3033} INFO - Sync 1 DAGs
[2026-06-03T11:53:46.961+0000] {logging_mixin.py:188} INFO - [2026-06-03T11:53:46.961+0000] {dag.py:3820} INFO - Setting next_dagrun for example_params_ui_tutorial to None, run_after=None
[2026-06-03T11:53:46.969+0000] {processor.py:183} INFO - Processing /home/airflow/.local/lib/python3.8/site-packages/airflow/example_dags/example_params_ui_tutorial.py took 0.078 seconds
[2026-06-03T11:54:17.826+0000] {processor.py:161} INFO - Started process (PID=662) to work on /home/airflow/.local/lib/python3.8/site-packages/airflow/example_dags/example_params_ui_tutorial.py
[2026-06-03T11:54:17.829+0000] {processor.py:830} INFO - Processing file /home/airflow/.local/lib/python3.8/site-packages/airflow/example_dags/example_params_ui_tutorial.py for tasks to queue
[2026-06-03T11:54:17.832+0000] {logging_mixin.py:188} INFO - [2026-06-03T11:54:17.832+0000] {dagbag.py:538} INFO - Filling up the DagBag from /home/airflow/.local/lib/python3.8/site-packages/airflow/example_dags/example_params_ui_tutorial.py
[2026-06-03T11:54:17.869+0000] {processor.py:840} INFO - DAG(s) 'example_params_ui_tutorial' retrieved from /home/airflow/.local/lib/python3.8/site-packages/airflow/example_dags/example_params_ui_tutorial.py
[2026-06-03T11:54:17.917+0000] {logging_mixin.py:188} INFO - [2026-06-03T11:54:17.917+0000] {dag.py:3033} INFO - Sync 1 DAGs
[2026-06-03T11:54:17.925+0000] {logging_mixin.py:188} INFO - [2026-06-03T11:54:17.925+0000] {dag.py:3820} INFO - Setting next_dagrun for example_params_ui_tutorial to None, run_after=None
[2026-06-03T11:54:17.934+0000] {processor.py:183} INFO - Processing /home/airflow/.local/lib/python3.8/site-packages/airflow/example_dags/example_params_ui_tutorial.py took 0.114 seconds
[2026-06-03T11:54:47.965+0000] {processor.py:161} INFO - Started process (PID=717) to work on /home/airflow/.local/lib/python3.8/site-packages/airflow/example_dags/example_params_ui_tutorial.py
[2026-06-03T11:54:47.967+0000] {processor.py:830} INFO - Processing file /home/airflow/.local/lib/python3.8/site-packages/airflow/example_dags/example_params_ui_tutorial.py for tasks to queue
[2026-06-03T11:54:47.970+0000] {logging_mixin.py:188} INFO - [2026-06-03T11:54:47.969+0000] {dagbag.py:538} INFO - Filling up the DagBag from /home/airflow/.local/lib/python3.8/site-packages/airflow/example_dags/example_params_ui_tutorial.py
[2026-06-03T11:54:47.984+0000] {processor.py:840} INFO - DAG(s) 'example_params_ui_tutorial' retrieved from /home/airflow/.local/lib/python3.8/site-packages/airflow/example_dags/example_params_ui_tutorial.py
[2026-06-03T11:54:48.022+0000] {logging_mixin.py:188} INFO - [2026-06-03T11:54:48.022+0000] {dag.py:3033} INFO - Sync 1 DAGs
[2026-06-03T11:54:48.031+0000] {logging_mixin.py:188} INFO - [2026-06-03T11:54:48.031+0000] {dag.py:3820} INFO - Setting next_dagrun for example_params_ui_tutorial to None, run_after=None
[2026-06-03T11:54:48.040+0000] {processor.py:183} INFO - Processing /home/airflow/.local/lib/python3.8/site-packages/airflow/example_dags/example_params_ui_tutorial.py took 0.086 seconds
[2026-06-03T11:55:18.230+0000] {processor.py:161} INFO - Started process (PID=772) to work on /home/airflow/.local/lib/python3.8/site-packages/airflow/example_dags/example_params_ui_tutorial.py
[2026-06-03T11:55:18.231+0000] {processor.py:830} INFO - Processing file /home/airflow/.local/lib/python3.8/site-packages/airflow/example_dags/example_params_ui_tutorial.py for tasks to queue
[2026-06-03T11:55:18.232+0000] {logging_mixin.py:188} INFO - [2026-06-03T11:55:18.232+0000] {dagbag.py:538} INFO - Filling up the DagBag from /home/airflow/.local/lib/python3.8/site-packages/airflow/example_dags/example_params_ui_tutorial.py
[2026-06-03T11:55:18.253+0000] {processor.py:840} INFO - DAG(s) 'example_params_ui_tutorial' retrieved from /home/airflow/.local/lib/python3.8/site-packages/airflow/example_dags/example_params_ui_tutorial.py
[2026-06-03T11:55:18.278+0000] {logging_mixin.py:188} INFO - [2026-06-03T11:55:18.278+0000] {dag.py:3033} INFO - Sync 1 DAGs
[2026-06-03T11:55:18.285+0000] {logging_mixin.py:188} INFO - [2026-06-03T11:55:18.285+0000] {dag.py:3820} INFO - Setting next_dagrun for example_params_ui_tutorial to None, run_after=None
[2026-06-03T11:55:18.293+0000] {processor.py:183} INFO - Processing /home/airflow/.local/lib/python3.8/site-packages/airflow/example_dags/example_params_ui_tutorial.py took 0.064 seconds
[2026-06-03T11:55:48.384+0000] {processor.py:161} INFO - Started process (PID=827) to work on /home/airflow/.local/lib/python3.8/site-packages/airflow/example_dags/example_params_ui_tutorial.py
[2026-06-03T11:55:48.385+0000] {processor.py:830} INFO - Processing file /home/airflow/.local/lib/python3.8/site-packages/airflow/example_dags/example_params_ui_tutorial.py for tasks to queue
[2026-06-03T11:55:48.386+0000] {logging_mixin.py:188} INFO - [2026-06-03T11:55:48.385+0000] {dagbag.py:538} INFO - Filling up the DagBag from /home/airflow/.local/lib/python3.8/site-packages/airflow/example_dags/example_params_ui_tutorial.py
[2026-06-03T11:55:48.392+0000] {processor.py:840} INFO - DAG(s) 'example_params_ui_tutorial' retrieved from /home/airflow/.local/lib/python3.8/site-packages/airflow/example_dags/example_params_ui_tutorial.py
[2026-06-03T11:55:48.412+0000] {logging_mixin.py:188} INFO - [2026-06-03T11:55:48.412+0000] {dag.py:3033} INFO - Sync 1 DAGs
[2026-06-03T11:55:48.416+0000] {logging_mixin.py:188} INFO - [2026-06-03T11:55:48.416+0000] {dag.py:3820} INFO - Setting next_dagrun for example_params_ui_tutorial to None, run_after=None
[2026-06-03T11:55:48.422+0000] {processor.py:183} INFO - Processing /home/airflow/.local/lib/python3.8/site-packages/airflow/example_dags/example_params_ui_tutorial.py took 0.039 seconds
[2026-06-03T11:56:19.323+0000] {processor.py:161} INFO - Started process (PID=882) to work on /home/airflow/.local/lib/python3.8/site-packages/airflow/example_dags/example_params_ui_tutorial.py
[2026-06-03T11:56:19.324+0000] {processor.py:830} INFO - Processing file /home/airflow/.local/lib/python3.8/site-packages/airflow/example_dags/example_params_ui_tutorial.py for tasks to queue
[2026-06-03T11:56:19.326+0000] {logging_mixin.py:188} INFO - [2026-06-03T11:56:19.325+0000] {dagbag.py:538} INFO - Filling up the DagBag from /home/airflow/.local/lib/python3.8/site-packages/airflow/example_dags/example_params_ui_tutorial.py
[2026-06-03T11:56:19.336+0000] {processor.py:840} INFO - DAG(s) 'example_params_ui_tutorial' retrieved from /home/airflow/.local/lib/python3.8/site-packages/airflow/example_dags/example_params_ui_tutorial.py
[2026-06-03T11:56:19.382+0000] {logging_mixin.py:188} INFO - [2026-06-03T11:56:19.381+0000] {dag.py:3033} INFO - Sync 1 DAGs
[2026-06-03T11:56:19.386+0000] {logging_mixin.py:188} INFO - [2026-06-03T11:56:19.386+0000] {dag.py:3820} INFO - Setting next_dagrun for example_params_ui_tutorial to None, run_after=None
[2026-06-03T11:56:19.392+0000] {processor.py:183} INFO - Processing /home/airflow/.local/lib/python3.8/site-packages/airflow/example_dags/example_params_ui_tutorial.py took 0.074 seconds
[2026-06-03T11:56:49.585+0000] {processor.py:161} INFO - Started process (PID=937) to work on /home/airflow/.local/lib/python3.8/site-packages/airflow/example_dags/example_params_ui_tutorial.py
[2026-06-03T11:56:49.586+0000] {processor.py:830} INFO - Processing file /home/airflow/.local/lib/python3.8/site-packages/airflow/example_dags/example_params_ui_tutorial.py for tasks to queue
[2026-06-03T11:56:49.589+0000] {logging_mixin.py:188} INFO - [2026-06-03T11:56:49.589+0000] {dagbag.py:538} INFO - Filling up the DagBag from /home/airflow/.local/lib/python3.8/site-packages/airflow/example_dags/example_params_ui_tutorial.py
[2026-06-03T11:56:49.608+0000] {processor.py:840} INFO - DAG(s) 'example_params_ui_tutorial' retrieved from /home/airflow/.local/lib/python3.8/site-packages/airflow/example_dags/example_params_ui_tutorial.py
[2026-06-03T11:56:49.637+0000] {logging_mixin.py:188} INFO - [2026-06-03T11:56:49.637+0000] {dag.py:3033} INFO - Sync 1 DAGs
[2026-06-03T11:56:49.642+0000] {logging_mixin.py:188} INFO - [2026-06-03T11:56:49.642+0000] {dag.py:3820} INFO - Setting next_dagrun for example_params_ui_tutorial to None, run_after=None
[2026-06-03T11:56:49.650+0000] {processor.py:183} INFO - Processing /home/airflow/.local/lib/python3.8/site-packages/airflow/example_dags/example_params_ui_tutorial.py took 0.067 seconds
[2026-06-03T11:57:19.873+0000] {processor.py:161} INFO - Started process (PID=992) to work on /home/airflow/.local/lib/python3.8/site-packages/airflow/example_dags/example_params_ui_tutorial.py
[2026-06-03T11:57:19.874+0000] {processor.py:830} INFO - Processing file /home/airflow/.local/lib/python3.8/site-packages/airflow/example_dags/example_params_ui_tutorial.py for tasks to queue
[2026-06-03T11:57:19.876+0000] {logging_mixin.py:188} INFO - [2026-06-03T11:57:19.876+0000] {dagbag.py:538} INFO - Filling up the DagBag from /home/airflow/.local/lib/python3.8/site-packages/airflow/example_dags/example_params_ui_tutorial.py
[2026-06-03T11:57:19.897+0000] {processor.py:840} INFO - DAG(s) 'example_params_ui_tutorial' retrieved from /home/airflow/.local/lib/python3.8/site-packages/airflow/example_dags/example_params_ui_tutorial.py
[2026-06-03T11:57:19.931+0000] {logging_mixin.py:188} INFO - [2026-06-03T11:57:19.931+0000] {dag.py:3033} INFO - Sync 1 DAGs
[2026-06-03T11:57:19.937+0000] {logging_mixin.py:188} INFO - [2026-06-03T11:57:19.937+0000] {dag.py:3820} INFO - Setting next_dagrun for example_params_ui_tutorial to None, run_after=None
[2026-06-03T11:57:19.944+0000] {processor.py:183} INFO - Processing /home/airflow/.local/lib/python3.8/site-packages/airflow/example_dags/example_params_ui_tutorial.py took 0.073 seconds
[2026-06-03T11:57:50.112+0000] {processor.py:161} INFO - Started process (PID=1047) to work on /home/airflow/.local/lib/python3.8/site-packages/airflow/example_dags/example_params_ui_tutorial.py
[2026-06-03T11:57:50.112+0000] {processor.py:830} INFO - Processing file /home/airflow/.local/lib/python3.8/site-packages/airflow/example_dags/example_params_ui_tutorial.py for tasks to queue
[2026-06-03T11:57:50.114+0000] {logging_mixin.py:188} INFO - [2026-06-03T11:57:50.114+0000] {dagbag.py:538} INFO - Filling up the DagBag from /home/airflow/.local/lib/python3.8/site-packages/airflow/example_dags/example_params_ui_tutorial.py
[2026-06-03T11:57:50.123+0000] {processor.py:840} INFO - DAG(s) 'example_params_ui_tutorial' retrieved from /home/airflow/.local/lib/python3.8/site-packages/airflow/example_dags/example_params_ui_tutorial.py
[2026-06-03T11:57:50.146+0000] {logging_mixin.py:188} INFO - [2026-06-03T11:57:50.146+0000] {dag.py:3033} INFO - Sync 1 DAGs
[2026-06-03T11:57:50.150+0000] {logging_mixin.py:188} INFO - [2026-06-03T11:57:50.150+0000] {dag.py:3820} INFO - Setting next_dagrun for example_params_ui_tutorial to None, run_after=None
[2026-06-03T11:57:50.156+0000] {processor.py:183} INFO - Processing /home/airflow/.local/lib/python3.8/site-packages/airflow/example_dags/example_params_ui_tutorial.py took 0.047 seconds
[2026-06-03T11:58:21.119+0000] {processor.py:161} INFO - Started process (PID=1102) to work on /home/airflow/.local/lib/python3.8/site-packages/airflow/example_dags/example_params_ui_tutorial.py
[2026-06-03T11:58:21.120+0000] {processor.py:830} INFO - Processing file /home/airflow/.local/lib/python3.8/site-packages/airflow/example_dags/example_params_ui_tutorial.py for tasks to queue
[2026-06-03T11:58:21.121+0000] {logging_mixin.py:188} INFO - [2026-06-03T11:58:21.121+0000] {dagbag.py:538} INFO - Filling up the DagBag from /home/airflow/.local/lib/python3.8/site-packages/airflow/example_dags/example_params_ui_tutorial.py
[2026-06-03T11:58:21.137+0000] {processor.py:840} INFO - DAG(s) 'example_params_ui_tutorial' retrieved from /home/airflow/.local/lib/python3.8/site-packages/airflow/example_dags/example_params_ui_tutorial.py
[2026-06-03T11:58:21.168+0000] {logging_mixin.py:188} INFO - [2026-06-03T11:58:21.168+0000] {dag.py:3033} INFO - Sync 1 DAGs
[2026-06-03T11:58:21.174+0000] {logging_mixin.py:188} INFO - [2026-06-03T11:58:21.174+0000] {dag.py:3820} INFO - Setting next_dagrun for example_params_ui_tutorial to None, run_after=None
[2026-06-03T11:58:21.181+0000] {processor.py:183} INFO - Processing /home/airflow/.local/lib/python3.8/site-packages/airflow/example_dags/example_params_ui_tutorial.py took 0.064 seconds
[2026-06-03T11:58:52.093+0000] {processor.py:161} INFO - Started process (PID=1158) to work on /home/airflow/.local/lib/python3.8/site-packages/airflow/example_dags/example_params_ui_tutorial.py
[2026-06-03T11:58:52.093+0000] {processor.py:830} INFO - Processing file /home/airflow/.local/lib/python3.8/site-packages/airflow/example_dags/example_params_ui_tutorial.py for tasks to queue
[2026-06-03T11:58:52.094+0000] {logging_mixin.py:188} INFO - [2026-06-03T11:58:52.094+0000] {dagbag.py:538} INFO - Filling up the DagBag from /home/airflow/.local/lib/python3.8/site-packages/airflow/example_dags/example_params_ui_tutorial.py
[2026-06-03T11:58:52.102+0000] {processor.py:840} INFO - DAG(s) 'example_params_ui_tutorial' retrieved from /home/airflow/.local/lib/python3.8/site-packages/airflow/example_dags/example_params_ui_tutorial.py
[2026-06-03T11:58:52.136+0000] {logging_mixin.py:188} INFO - [2026-06-03T11:58:52.136+0000] {dag.py:3033} INFO - Sync 1 DAGs
[2026-06-03T11:58:52.143+0000] {logging_mixin.py:188} INFO - [2026-06-03T11:58:52.143+0000] {dag.py:3820} INFO - Setting next_dagrun for example_params_ui_tutorial to None, run_after=None
[2026-06-03T11:58:52.153+0000] {processor.py:183} INFO - Processing /home/airflow/.local/lib/python3.8/site-packages/airflow/example_dags/example_params_ui_tutorial.py took 0.062 seconds
[2026-06-03T11:59:22.392+0000] {processor.py:161} INFO - Started process (PID=1214) to work on /home/airflow/.local/lib/python3.8/site-packages/airflow/example_dags/example_params_ui_tutorial.py
[2026-06-03T11:59:22.392+0000] {processor.py:830} INFO - Processing file /home/airflow/.local/lib/python3.8/site-packages/airflow/example_dags/example_params_ui_tutorial.py for tasks to queue
[2026-06-03T11:59:22.393+0000] {logging_mixin.py:188} INFO - [2026-06-03T11:59:22.393+0000] {dagbag.py:538} INFO - Filling up the DagBag from /home/airflow/.local/lib/python3.8/site-packages/airflow/example_dags/example_params_ui_tutorial.py
[2026-06-03T11:59:22.401+0000] {processor.py:840} INFO - DAG(s) 'example_params_ui_tutorial' retrieved from /home/airflow/.local/lib/python3.8/site-packages/airflow/example_dags/example_params_ui_tutorial.py
[2026-06-03T11:59:22.431+0000] {logging_mixin.py:188} INFO - [2026-06-03T11:59:22.431+0000] {dag.py:3033} INFO - Sync 1 DAGs
[2026-06-03T11:59:22.439+0000] {logging_mixin.py:188} INFO - [2026-06-03T11:59:22.439+0000] {dag.py:3820} INFO - Setting next_dagrun for example_params_ui_tutorial to None, run_after=None
[2026-06-03T11:59:22.455+0000] {processor.py:183} INFO - Processing /home/airflow/.local/lib/python3.8/site-packages/airflow/example_dags/example_params_ui_tutorial.py took 0.065 seconds
[2026-06-03T11:59:52.716+0000] {processor.py:161} INFO - Started process (PID=1270) to work on /home/airflow/.local/lib/python3.8/site-packages/airflow/example_dags/example_params_ui_tutorial.py
[2026-06-03T11:59:52.717+0000] {processor.py:830} INFO - Processing file /home/airflow/.local/lib/python3.8/site-packages/airflow/example_dags/example_params_ui_tutorial.py for tasks to queue
[2026-06-03T11:59:52.718+0000] {logging_mixin.py:188} INFO - [2026-06-03T11:59:52.718+0000] {dagbag.py:538} INFO - Filling up the DagBag from /home/airflow/.local/lib/python3.8/site-packages/airflow/example_dags/example_params_ui_tutorial.py
[2026-06-03T11:59:52.725+0000] {processor.py:840} INFO - DAG(s) 'example_params_ui_tutorial' retrieved from /home/airflow/.local/lib/python3.8/site-packages/airflow/example_dags/example_params_ui_tutorial.py
[2026-06-03T11:59:52.752+0000] {logging_mixin.py:188} INFO - [2026-06-03T11:59:52.751+0000] {dag.py:3033} INFO - Sync 1 DAGs
[2026-06-03T11:59:52.757+0000] {logging_mixin.py:188} INFO - [2026-06-03T11:59:52.757+0000] {dag.py:3820} INFO - Setting next_dagrun for example_params_ui_tutorial to None, run_after=None
[2026-06-03T11:59:52.769+0000] {processor.py:183} INFO - Processing /home/airflow/.local/lib/python3.8/site-packages/airflow/example_dags/example_params_ui_tutorial.py took 0.055 seconds
[2026-06-03T12:00:22.929+0000] {processor.py:161} INFO - Started process (PID=1326) to work on /home/airflow/.local/lib/python3.8/site-packages/airflow/example_dags/example_params_ui_tutorial.py
[2026-06-03T12:00:22.930+0000] {processor.py:830} INFO - Processing file /home/airflow/.local/lib/python3.8/site-packages/airflow/example_dags/example_params_ui_tutorial.py for tasks to queue
[2026-06-03T12:00:22.931+0000] {logging_mixin.py:188} INFO - [2026-06-03T12:00:22.931+0000] {dagbag.py:538} INFO - Filling up the DagBag from /home/airflow/.local/lib/python3.8/site-packages/airflow/example_dags/example_params_ui_tutorial.py
[2026-06-03T12:00:22.938+0000] {processor.py:840} INFO - DAG(s) 'example_params_ui_tutorial' retrieved from /home/airflow/.local/lib/python3.8/site-packages/airflow/example_dags/example_params_ui_tutorial.py
[2026-06-03T12:00:22.962+0000] {logging_mixin.py:188} INFO - [2026-06-03T12:00:22.962+0000] {dag.py:3033} INFO - Sync 1 DAGs
[2026-06-03T12:00:22.967+0000] {logging_mixin.py:188} INFO - [2026-06-03T12:00:22.967+0000] {dag.py:3820} INFO - Setting next_dagrun for example_params_ui_tutorial to None, run_after=None
[2026-06-03T12:00:22.973+0000] {processor.py:183} INFO - Processing /home/airflow/.local/lib/python3.8/site-packages/airflow/example_dags/example_params_ui_tutorial.py took 0.046 seconds
[2026-06-03T12:00:53.237+0000] {processor.py:161} INFO - Started process (PID=1382) to work on /home/airflow/.local/lib/python3.8/site-packages/airflow/example_dags/example_params_ui_tutorial.py
[2026-06-03T12:00:53.237+0000] {processor.py:830} INFO - Processing file /home/airflow/.local/lib/python3.8/site-packages/airflow/example_dags/example_params_ui_tutorial.py for tasks to queue
[2026-06-03T12:00:53.239+0000] {logging_mixin.py:188} INFO - [2026-06-03T12:00:53.239+0000] {dagbag.py:538} INFO - Filling up the DagBag from /home/airflow/.local/lib/python3.8/site-packages/airflow/example_dags/example_params_ui_tutorial.py
[2026-06-03T12:00:53.247+0000] {processor.py:840} INFO - DAG(s) 'example_params_ui_tutorial' retrieved from /home/airflow/.local/lib/python3.8/site-packages/airflow/example_dags/example_params_ui_tutorial.py
[2026-06-03T12:00:53.269+0000] {logging_mixin.py:188} INFO - [2026-06-03T12:00:53.269+0000] {dag.py:3033} INFO - Sync 1 DAGs
[2026-06-03T12:00:53.273+0000] {logging_mixin.py:188} INFO - [2026-06-03T12:00:53.273+0000] {dag.py:3820} INFO - Setting next_dagrun for example_params_ui_tutorial to None, run_after=None
[2026-06-03T12:00:53.279+0000] {processor.py:183} INFO - Processing /home/airflow/.local/lib/python3.8/site-packages/airflow/example_dags/example_params_ui_tutorial.py took 0.044 seconds
[2026-06-03T12:01:23.534+0000] {processor.py:161} INFO - Started process (PID=1438) to work on /home/airflow/.local/lib/python3.8/site-packages/airflow/example_dags/example_params_ui_tutorial.py
[2026-06-03T12:01:23.534+0000] {processor.py:830} INFO - Processing file /home/airflow/.local/lib/python3.8/site-packages/airflow/example_dags/example_params_ui_tutorial.py for tasks to queue
[2026-06-03T12:01:23.536+0000] {logging_mixin.py:188} INFO - [2026-06-03T12:01:23.535+0000] {dagbag.py:538} INFO - Filling up the DagBag from /home/airflow/.local/lib/python3.8/site-packages/airflow/example_dags/example_params_ui_tutorial.py
[2026-06-03T12:01:23.543+0000] {processor.py:840} INFO - DAG(s) 'example_params_ui_tutorial' retrieved from /home/airflow/.local/lib/python3.8/site-packages/airflow/example_dags/example_params_ui_tutorial.py
[2026-06-03T12:01:23.571+0000] {logging_mixin.py:188} INFO - [2026-06-03T12:01:23.571+0000] {dag.py:3033} INFO - Sync 1 DAGs
[2026-06-03T12:01:23.582+0000] {logging_mixin.py:188} INFO - [2026-06-03T12:01:23.582+0000] {dag.py:3820} INFO - Setting next_dagrun for example_params_ui_tutorial to None, run_after=None
[2026-06-03T12:01:23.595+0000] {processor.py:183} INFO - Processing /home/airflow/.local/lib/python3.8/site-packages/airflow/example_dags/example_params_ui_tutorial.py took 0.063 seconds
[2026-06-03T12:01:53.665+0000] {processor.py:161} INFO - Started process (PID=1494) to work on /home/airflow/.local/lib/python3.8/site-packages/airflow/example_dags/example_params_ui_tutorial.py
[2026-06-03T12:01:53.666+0000] {processor.py:830} INFO - Processing file /home/airflow/.local/lib/python3.8/site-packages/airflow/example_dags/example_params_ui_tutorial.py for tasks to queue
[2026-06-03T12:01:53.667+0000] {logging_mixin.py:188} INFO - [2026-06-03T12:01:53.667+0000] {dagbag.py:538} INFO - Filling up the DagBag from /home/airflow/.local/lib/python3.8/site-packages/airflow/example_dags/example_params_ui_tutorial.py
[2026-06-03T12:01:53.673+0000] {processor.py:840} INFO - DAG(s) 'example_params_ui_tutorial' retrieved from /home/airflow/.local/lib/python3.8/site-packages/airflow/example_dags/example_params_ui_tutorial.py
[2026-06-03T12:01:53.695+0000] {logging_mixin.py:188} INFO - [2026-06-03T12:01:53.694+0000] {dag.py:3033} INFO - Sync 1 DAGs
[2026-06-03T12:01:53.699+0000] {logging_mixin.py:188} INFO - [2026-06-03T12:01:53.699+0000] {dag.py:3820} INFO - Setting next_dagrun for example_params_ui_tutorial to None, run_after=None
[2026-06-03T12:01:53.705+0000] {processor.py:183} INFO - Processing /home/airflow/.local/lib/python3.8/site-packages/airflow/example_dags/example_params_ui_tutorial.py took 0.041 seconds
[2026-06-03T12:02:24.723+0000] {processor.py:161} INFO - Started process (PID=1550) to work on /home/airflow/.local/lib/python3.8/site-packages/airflow/example_dags/example_params_ui_tutorial.py
[2026-06-03T12:02:24.724+0000] {processor.py:830} INFO - Processing file /home/airflow/.local/lib/python3.8/site-packages/airflow/example_dags/example_params_ui_tutorial.py for tasks to queue
[2026-06-03T12:02:24.725+0000] {logging_mixin.py:188} INFO - [2026-06-03T12:02:24.725+0000] {dagbag.py:538} INFO - Filling up the DagBag from /home/airflow/.local/lib/python3.8/site-packages/airflow/example_dags/example_params_ui_tutorial.py
[2026-06-03T12:02:24.734+0000] {processor.py:840} INFO - DAG(s) 'example_params_ui_tutorial' retrieved from /home/airflow/.local/lib/python3.8/site-packages/airflow/example_dags/example_params_ui_tutorial.py
[2026-06-03T12:02:24.760+0000] {logging_mixin.py:188} INFO - [2026-06-03T12:02:24.760+0000] {dag.py:3033} INFO - Sync 1 DAGs
[2026-06-03T12:02:24.764+0000] {logging_mixin.py:188} INFO - [2026-06-03T12:02:24.764+0000] {dag.py:3820} INFO - Setting next_dagrun for example_params_ui_tutorial to None, run_after=None
[2026-06-03T12:02:24.770+0000] {processor.py:183} INFO - Processing /home/airflow/.local/lib/python3.8/site-packages/airflow/example_dags/example_params_ui_tutorial.py took 0.052 seconds
[2026-06-03T12:02:54.960+0000] {processor.py:161} INFO - Started process (PID=1606) to work on /home/airflow/.local/lib/python3.8/site-packages/airflow/example_dags/example_params_ui_tutorial.py
[2026-06-03T12:02:54.960+0000] {processor.py:830} INFO - Processing file /home/airflow/.local/lib/python3.8/site-packages/airflow/example_dags/example_params_ui_tutorial.py for tasks to queue
[2026-06-03T12:02:54.961+0000] {logging_mixin.py:188} INFO - [2026-06-03T12:02:54.961+0000] {dagbag.py:538} INFO - Filling up the DagBag from /home/airflow/.local/lib/python3.8/site-packages/airflow/example_dags/example_params_ui_tutorial.py
[2026-06-03T12:02:54.977+0000] {processor.py:840} INFO - DAG(s) 'example_params_ui_tutorial' retrieved from /home/airflow/.local/lib/python3.8/site-packages/airflow/example_dags/example_params_ui_tutorial.py
[2026-06-03T12:02:54.999+0000] {logging_mixin.py:188} INFO - [2026-06-03T12:02:54.998+0000] {dag.py:3033} INFO - Sync 1 DAGs
[2026-06-03T12:02:55.003+0000] {logging_mixin.py:188} INFO - [2026-06-03T12:02:55.003+0000] {dag.py:3820} INFO - Setting next_dagrun for example_params_ui_tutorial to None, run_after=None
[2026-06-03T12:02:55.009+0000] {processor.py:183} INFO - Processing /home/airflow/.local/lib/python3.8/site-packages/airflow/example_dags/example_params_ui_tutorial.py took 0.052 seconds
[2026-06-03T12:03:25.209+0000] {processor.py:161} INFO - Started process (PID=1662) to work on /home/airflow/.local/lib/python3.8/site-packages/airflow/example_dags/example_params_ui_tutorial.py
[2026-06-03T12:03:25.210+0000] {processor.py:830} INFO - Processing file /home/airflow/.local/lib/python3.8/site-packages/airflow/example_dags/example_params_ui_tutorial.py for tasks to queue
[2026-06-03T12:03:25.211+0000] {logging_mixin.py:188} INFO - [2026-06-03T12:03:25.211+0000] {dagbag.py:538} INFO - Filling up the DagBag from /home/airflow/.local/lib/python3.8/site-packages/airflow/example_dags/example_params_ui_tutorial.py
[2026-06-03T12:03:25.219+0000] {processor.py:840} INFO - DAG(s) 'example_params_ui_tutorial' retrieved from /home/airflow/.local/lib/python3.8/site-packages/airflow/example_dags/example_params_ui_tutorial.py
[2026-06-03T12:03:25.240+0000] {logging_mixin.py:188} INFO - [2026-06-03T12:03:25.239+0000] {dag.py:3033} INFO - Sync 1 DAGs
[2026-06-03T12:03:25.245+0000] {logging_mixin.py:188} INFO - [2026-06-03T12:03:25.244+0000] {dag.py:3820} INFO - Setting next_dagrun for example_params_ui_tutorial to None, run_after=None
[2026-06-03T12:03:25.250+0000] {processor.py:183} INFO - Processing /home/airflow/.local/lib/python3.8/site-packages/airflow/example_dags/example_params_ui_tutorial.py took 0.043 seconds
[2026-06-03T12:03:55.895+0000] {processor.py:161} INFO - Started process (PID=1718) to work on /home/airflow/.local/lib/python3.8/site-packages/airflow/example_dags/example_params_ui_tutorial.py
[2026-06-03T12:03:55.896+0000] {processor.py:830} INFO - Processing file /home/airflow/.local/lib/python3.8/site-packages/airflow/example_dags/example_params_ui_tutorial.py for tasks to queue
[2026-06-03T12:03:55.897+0000] {logging_mixin.py:188} INFO - [2026-06-03T12:03:55.897+0000] {dagbag.py:538} INFO - Filling up the DagBag from /home/airflow/.local/lib/python3.8/site-packages/airflow/example_dags/example_params_ui_tutorial.py
[2026-06-03T12:03:55.916+0000] {processor.py:840} INFO - DAG(s) 'example_params_ui_tutorial' retrieved from /home/airflow/.local/lib/python3.8/site-packages/airflow/example_dags/example_params_ui_tutorial.py
[2026-06-03T12:03:56.053+0000] {logging_mixin.py:188} INFO - [2026-06-03T12:03:56.052+0000] {dag.py:3033} INFO - Sync 1 DAGs
[2026-06-03T12:03:56.076+0000] {logging_mixin.py:188} INFO - [2026-06-03T12:03:56.076+0000] {dag.py:3820} INFO - Setting next_dagrun for example_params_ui_tutorial to None, run_after=None
[2026-06-03T12:03:56.094+0000] {processor.py:183} INFO - Processing /home/airflow/.local/lib/python3.8/site-packages/airflow/example_dags/example_params_ui_tutorial.py took 0.203 seconds
[2026-06-03T12:04:26.931+0000] {processor.py:161} INFO - Started process (PID=1774) to work on /home/airflow/.local/lib/python3.8/site-packages/airflow/example_dags/example_params_ui_tutorial.py
[2026-06-03T12:04:26.931+0000] {processor.py:830} INFO - Processing file /home/airflow/.local/lib/python3.8/site-packages/airflow/example_dags/example_params_ui_tutorial.py for tasks to queue
[2026-06-03T12:04:26.932+0000] {logging_mixin.py:188} INFO - [2026-06-03T12:04:26.932+0000] {dagbag.py:538} INFO - Filling up the DagBag from /home/airflow/.local/lib/python3.8/site-packages/airflow/example_dags/example_params_ui_tutorial.py
[2026-06-03T12:04:26.940+0000] {processor.py:840} INFO - DAG(s) 'example_params_ui_tutorial' retrieved from /home/airflow/.local/lib/python3.8/site-packages/airflow/example_dags/example_params_ui_tutorial.py
[2026-06-03T12:04:26.961+0000] {logging_mixin.py:188} INFO - [2026-06-03T12:04:26.961+0000] {dag.py:3033} INFO - Sync 1 DAGs
[2026-06-03T12:04:26.966+0000] {logging_mixin.py:188} INFO - [2026-06-03T12:04:26.966+0000] {dag.py:3820} INFO - Setting next_dagrun for example_params_ui_tutorial to None, run_after=None
[2026-06-03T12:04:26.972+0000] {processor.py:183} INFO - Processing /home/airflow/.local/lib/python3.8/site-packages/airflow/example_dags/example_params_ui_tutorial.py took 0.042 seconds
[2026-06-03T12:04:57.468+0000] {processor.py:161} INFO - Started process (PID=1830) to work on /home/airflow/.local/lib/python3.8/site-packages/airflow/example_dags/example_params_ui_tutorial.py
[2026-06-03T12:04:57.469+0000] {processor.py:830} INFO - Processing file /home/airflow/.local/lib/python3.8/site-packages/airflow/example_dags/example_params_ui_tutorial.py for tasks to queue
[2026-06-03T12:04:57.471+0000] {logging_mixin.py:188} INFO - [2026-06-03T12:04:57.471+0000] {dagbag.py:538} INFO - Filling up the DagBag from /home/airflow/.local/lib/python3.8/site-packages/airflow/example_dags/example_params_ui_tutorial.py
[2026-06-03T12:04:57.482+0000] {processor.py:840} INFO - DAG(s) 'example_params_ui_tutorial' retrieved from /home/airflow/.local/lib/python3.8/site-packages/airflow/example_dags/example_params_ui_tutorial.py
[2026-06-03T12:04:57.583+0000] {logging_mixin.py:188} INFO - [2026-06-03T12:04:57.582+0000] {dag.py:3033} INFO - Sync 1 DAGs
[2026-06-03T12:04:57.588+0000] {logging_mixin.py:188} INFO - [2026-06-03T12:04:57.588+0000] {dag.py:3820} INFO - Setting next_dagrun for example_params_ui_tutorial to None, run_after=None
[2026-06-03T12:04:57.601+0000] {processor.py:183} INFO - Processing /home/airflow/.local/lib/python3.8/site-packages/airflow/example_dags/example_params_ui_tutorial.py took 0.136 seconds
[2026-06-03T12:05:28.104+0000] {processor.py:161} INFO - Started process (PID=1886) to work on /home/airflow/.local/lib/python3.8/site-packages/airflow/example_dags/example_params_ui_tutorial.py
[2026-06-03T12:05:28.105+0000] {processor.py:830} INFO - Processing file /home/airflow/.local/lib/python3.8/site-packages/airflow/example_dags/example_params_ui_tutorial.py for tasks to queue
[2026-06-03T12:05:28.106+0000] {logging_mixin.py:188} INFO - [2026-06-03T12:05:28.106+0000] {dagbag.py:538} INFO - Filling up the DagBag from /home/airflow/.local/lib/python3.8/site-packages/airflow/example_dags/example_params_ui_tutorial.py
[2026-06-03T12:05:28.112+0000] {processor.py:840} INFO - DAG(s) 'example_params_ui_tutorial' retrieved from /home/airflow/.local/lib/python3.8/site-packages/airflow/example_dags/example_params_ui_tutorial.py
[2026-06-03T12:05:28.142+0000] {logging_mixin.py:188} INFO - [2026-06-03T12:05:28.142+0000] {dag.py:3033} INFO - Sync 1 DAGs
[2026-06-03T12:05:28.224+0000] {logging_mixin.py:188} INFO - [2026-06-03T12:05:28.224+0000] {dag.py:3820} INFO - Setting next_dagrun for example_params_ui_tutorial to None, run_after=None
[2026-06-03T12:05:28.231+0000] {processor.py:183} INFO - Processing /home/airflow/.local/lib/python3.8/site-packages/airflow/example_dags/example_params_ui_tutorial.py took 0.129 seconds
[2026-06-03T12:05:58.273+0000] {processor.py:161} INFO - Started process (PID=1942) to work on /home/airflow/.local/lib/python3.8/site-packages/airflow/example_dags/example_params_ui_tutorial.py
[2026-06-03T12:05:58.273+0000] {processor.py:830} INFO - Processing file /home/airflow/.local/lib/python3.8/site-packages/airflow/example_dags/example_params_ui_tutorial.py for tasks to queue
[2026-06-03T12:05:58.274+0000] {logging_mixin.py:188} INFO - [2026-06-03T12:05:58.274+0000] {dagbag.py:538} INFO - Filling up the DagBag from /home/airflow/.local/lib/python3.8/site-packages/airflow/example_dags/example_params_ui_tutorial.py
[2026-06-03T12:05:58.286+0000] {processor.py:840} INFO - DAG(s) 'example_params_ui_tutorial' retrieved from /home/airflow/.local/lib/python3.8/site-packages/airflow/example_dags/example_params_ui_tutorial.py
[2026-06-03T12:05:58.314+0000] {logging_mixin.py:188} INFO - [2026-06-03T12:05:58.314+0000] {dag.py:3033} INFO - Sync 1 DAGs
[2026-06-03T12:05:58.320+0000] {logging_mixin.py:188} INFO - [2026-06-03T12:05:58.320+0000] {dag.py:3820} INFO - Setting next_dagrun for example_params_ui_tutorial to None, run_after=None
[2026-06-03T12:05:58.445+0000] {processor.py:183} INFO - Processing /home/airflow/.local/lib/python3.8/site-packages/airflow/example_dags/example_params_ui_tutorial.py took 0.174 seconds
[2026-06-03T12:06:28.566+0000] {processor.py:161} INFO - Started process (PID=1998) to work on /home/airflow/.local/lib/python3.8/site-packages/airflow/example_dags/example_params_ui_tutorial.py
[2026-06-03T12:06:28.566+0000] {processor.py:830} INFO - Processing file /home/airflow/.local/lib/python3.8/site-packages/airflow/example_dags/example_params_ui_tutorial.py for tasks to queue
[2026-06-03T12:06:28.567+0000] {logging_mixin.py:188} INFO - [2026-06-03T12:06:28.567+0000] {dagbag.py:538} INFO - Filling up the DagBag from /home/airflow/.local/lib/python3.8/site-packages/airflow/example_dags/example_params_ui_tutorial.py
[2026-06-03T12:06:28.576+0000] {processor.py:840} INFO - DAG(s) 'example_params_ui_tutorial' retrieved from /home/airflow/.local/lib/python3.8/site-packages/airflow/example_dags/example_params_ui_tutorial.py
[2026-06-03T12:06:28.614+0000] {logging_mixin.py:188} INFO - [2026-06-03T12:06:28.614+0000] {dag.py:3033} INFO - Sync 1 DAGs
[2026-06-03T12:06:28.624+0000] {logging_mixin.py:188} INFO - [2026-06-03T12:06:28.624+0000] {dag.py:3820} INFO - Setting next_dagrun for example_params_ui_tutorial to None, run_after=None
[2026-06-03T12:06:28.635+0000] {processor.py:183} INFO - Processing /home/airflow/.local/lib/python3.8/site-packages/airflow/example_dags/example_params_ui_tutorial.py took 0.072 seconds
[2026-06-03T12:06:58.835+0000] {processor.py:161} INFO - Started process (PID=2054) to work on /home/airflow/.local/lib/python3.8/site-packages/airflow/example_dags/example_params_ui_tutorial.py
[2026-06-03T12:06:58.837+0000] {processor.py:830} INFO - Processing file /home/airflow/.local/lib/python3.8/site-packages/airflow/example_dags/example_params_ui_tutorial.py for tasks to queue
[2026-06-03T12:06:58.838+0000] {logging_mixin.py:188} INFO - [2026-06-03T12:06:58.838+0000] {dagbag.py:538} INFO - Filling up the DagBag from /home/airflow/.local/lib/python3.8/site-packages/airflow/example_dags/example_params_ui_tutorial.py
[2026-06-03T12:06:58.855+0000] {processor.py:840} INFO - DAG(s) 'example_params_ui_tutorial' retrieved from /home/airflow/.local/lib/python3.8/site-packages/airflow/example_dags/example_params_ui_tutorial.py
[2026-06-03T12:06:58.884+0000] {logging_mixin.py:188} INFO - [2026-06-03T12:06:58.884+0000] {dag.py:3033} INFO - Sync 1 DAGs
[2026-06-03T12:06:58.889+0000] {logging_mixin.py:188} INFO - [2026-06-03T12:06:58.889+0000] {dag.py:3820} INFO - Setting next_dagrun for example_params_ui_tutorial to None, run_after=None
[2026-06-03T12:06:58.896+0000] {processor.py:183} INFO - Processing /home/airflow/.local/lib/python3.8/site-packages/airflow/example_dags/example_params_ui_tutorial.py took 0.063 seconds
[2026-06-03T12:07:29.146+0000] {processor.py:161} INFO - Started process (PID=2110) to work on /home/airflow/.local/lib/python3.8/site-packages/airflow/example_dags/example_params_ui_tutorial.py
[2026-06-03T12:07:29.146+0000] {processor.py:830} INFO - Processing file /home/airflow/.local/lib/python3.8/site-packages/airflow/example_dags/example_params_ui_tutorial.py for tasks to queue
[2026-06-03T12:07:29.148+0000] {logging_mixin.py:188} INFO - [2026-06-03T12:07:29.148+0000] {dagbag.py:538} INFO - Filling up the DagBag from /home/airflow/.local/lib/python3.8/site-packages/airflow/example_dags/example_params_ui_tutorial.py
[2026-06-03T12:07:29.157+0000] {processor.py:840} INFO - DAG(s) 'example_params_ui_tutorial' retrieved from /home/airflow/.local/lib/python3.8/site-packages/airflow/example_dags/example_params_ui_tutorial.py
[2026-06-03T12:07:29.185+0000] {logging_mixin.py:188} INFO - [2026-06-03T12:07:29.185+0000] {dag.py:3033} INFO - Sync 1 DAGs
[2026-06-03T12:07:29.190+0000] {logging_mixin.py:188} INFO - [2026-06-03T12:07:29.190+0000] {dag.py:3820} INFO - Setting next_dagrun for example_params_ui_tutorial to None, run_after=None
[2026-06-03T12:07:29.202+0000] {processor.py:183} INFO - Processing /home/airflow/.local/lib/python3.8/site-packages/airflow/example_dags/example_params_ui_tutorial.py took 0.058 seconds
[2026-06-03T12:07:59.717+0000] {processor.py:161} INFO - Started process (PID=2166) to work on /home/airflow/.local/lib/python3.8/site-packages/airflow/example_dags/example_params_ui_tutorial.py
[2026-06-03T12:07:59.717+0000] {processor.py:830} INFO - Processing file /home/airflow/.local/lib/python3.8/site-packages/airflow/example_dags/example_params_ui_tutorial.py for tasks to queue
[2026-06-03T12:07:59.718+0000] {logging_mixin.py:188} INFO - [2026-06-03T12:07:59.718+0000] {dagbag.py:538} INFO - Filling up the DagBag from /home/airflow/.local/lib/python3.8/site-packages/airflow/example_dags/example_params_ui_tutorial.py
[2026-06-03T12:07:59.724+0000] {processor.py:840} INFO - DAG(s) 'example_params_ui_tutorial' retrieved from /home/airflow/.local/lib/python3.8/site-packages/airflow/example_dags/example_params_ui_tutorial.py
[2026-06-03T12:07:59.759+0000] {logging_mixin.py:188} INFO - [2026-06-03T12:07:59.758+0000] {dag.py:3033} INFO - Sync 1 DAGs
[2026-06-03T12:07:59.851+0000] {logging_mixin.py:188} INFO - [2026-06-03T12:07:59.851+0000] {dag.py:3820} INFO - Setting next_dagrun for example_params_ui_tutorial to None, run_after=None
[2026-06-03T12:07:59.857+0000] {processor.py:183} INFO - Processing /home/airflow/.local/lib/python3.8/site-packages/airflow/example_dags/example_params_ui_tutorial.py took 0.143 seconds
[2026-06-03T12:08:30.690+0000] {processor.py:161} INFO - Started process (PID=2222) to work on /home/airflow/.local/lib/python3.8/site-packages/airflow/example_dags/example_params_ui_tutorial.py
[2026-06-03T12:08:30.691+0000] {processor.py:830} INFO - Processing file /home/airflow/.local/lib/python3.8/site-packages/airflow/example_dags/example_params_ui_tutorial.py for tasks to queue
[2026-06-03T12:08:30.692+0000] {logging_mixin.py:188} INFO - [2026-06-03T12:08:30.692+0000] {dagbag.py:538} INFO - Filling up the DagBag from /home/airflow/.local/lib/python3.8/site-packages/airflow/example_dags/example_params_ui_tutorial.py
[2026-06-03T12:08:30.728+0000] {processor.py:840} INFO - DAG(s) 'example_params_ui_tutorial' retrieved from /home/airflow/.local/lib/python3.8/site-packages/airflow/example_dags/example_params_ui_tutorial.py
[2026-06-03T12:08:30.751+0000] {logging_mixin.py:188} INFO - [2026-06-03T12:08:30.751+0000] {dag.py:3033} INFO - Sync 1 DAGs
[2026-06-03T12:08:30.755+0000] {logging_mixin.py:188} INFO - [2026-06-03T12:08:30.755+0000] {dag.py:3820} INFO - Setting next_dagrun for example_params_ui_tutorial to None, run_after=None
[2026-06-03T12:08:30.762+0000] {processor.py:183} INFO - Processing /home/airflow/.local/lib/python3.8/site-packages/airflow/example_dags/example_params_ui_tutorial.py took 0.076 seconds
[2026-06-03T12:09:00.966+0000] {processor.py:161} INFO - Started process (PID=2278) to work on /home/airflow/.local/lib/python3.8/site-packages/airflow/example_dags/example_params_ui_tutorial.py
[2026-06-03T12:09:00.967+0000] {processor.py:830} INFO - Processing file /home/airflow/.local/lib/python3.8/site-packages/airflow/example_dags/example_params_ui_tutorial.py for tasks to queue
[2026-06-03T12:09:00.968+0000] {logging_mixin.py:188} INFO - [2026-06-03T12:09:00.968+0000] {dagbag.py:538} INFO - Filling up the DagBag from /home/airflow/.local/lib/python3.8/site-packages/airflow/example_dags/example_params_ui_tutorial.py
[2026-06-03T12:09:00.978+0000] {processor.py:840} INFO - DAG(s) 'example_params_ui_tutorial' retrieved from /home/airflow/.local/lib/python3.8/site-packages/airflow/example_dags/example_params_ui_tutorial.py
[2026-06-03T12:09:00.999+0000] {logging_mixin.py:188} INFO - [2026-06-03T12:09:00.999+0000] {dag.py:3033} INFO - Sync 1 DAGs
[2026-06-03T12:09:01.003+0000] {logging_mixin.py:188} INFO - [2026-06-03T12:09:01.003+0000] {dag.py:3820} INFO - Setting next_dagrun for example_params_ui_tutorial to None, run_after=None
[2026-06-03T12:09:01.009+0000] {processor.py:183} INFO - Processing /home/airflow/.local/lib/python3.8/site-packages/airflow/example_dags/example_params_ui_tutorial.py took 0.045 seconds
[2026-06-03T12:09:32.092+0000] {processor.py:161} INFO - Started process (PID=2334) to work on /home/airflow/.local/lib/python3.8/site-packages/airflow/example_dags/example_params_ui_tutorial.py
[2026-06-03T12:09:32.092+0000] {processor.py:830} INFO - Processing file /home/airflow/.local/lib/python3.8/site-packages/airflow/example_dags/example_params_ui_tutorial.py for tasks to queue
[2026-06-03T12:09:32.093+0000] {logging_mixin.py:188} INFO - [2026-06-03T12:09:32.093+0000] {dagbag.py:538} INFO - Filling up the DagBag from /home/airflow/.local/lib/python3.8/site-packages/airflow/example_dags/example_params_ui_tutorial.py
[2026-06-03T12:09:32.117+0000] {processor.py:840} INFO - DAG(s) 'example_params_ui_tutorial' retrieved from /home/airflow/.local/lib/python3.8/site-packages/airflow/example_dags/example_params_ui_tutorial.py
[2026-06-03T12:09:32.141+0000] {logging_mixin.py:188} INFO - [2026-06-03T12:09:32.141+0000] {dag.py:3033} INFO - Sync 1 DAGs
[2026-06-03T12:09:32.145+0000] {logging_mixin.py:188} INFO - [2026-06-03T12:09:32.145+0000] {dag.py:3820} INFO - Setting next_dagrun for example_params_ui_tutorial to None, run_after=None
[2026-06-03T12:09:32.152+0000] {processor.py:183} INFO - Processing /home/airflow/.local/lib/python3.8/site-packages/airflow/example_dags/example_params_ui_tutorial.py took 0.061 seconds
[2026-06-03T12:10:03.213+0000] {processor.py:161} INFO - Started process (PID=2390) to work on /home/airflow/.local/lib/python3.8/site-packages/airflow/example_dags/example_params_ui_tutorial.py
[2026-06-03T12:10:03.214+0000] {processor.py:830} INFO - Processing file /home/airflow/.local/lib/python3.8/site-packages/airflow/example_dags/example_params_ui_tutorial.py for tasks to queue
[2026-06-03T12:10:03.215+0000] {logging_mixin.py:188} INFO - [2026-06-03T12:10:03.214+0000] {dagbag.py:538} INFO - Filling up the DagBag from /home/airflow/.local/lib/python3.8/site-packages/airflow/example_dags/example_params_ui_tutorial.py
[2026-06-03T12:10:03.223+0000] {processor.py:840} INFO - DAG(s) 'example_params_ui_tutorial' retrieved from /home/airflow/.local/lib/python3.8/site-packages/airflow/example_dags/example_params_ui_tutorial.py
[2026-06-03T12:10:03.246+0000] {logging_mixin.py:188} INFO - [2026-06-03T12:10:03.246+0000] {dag.py:3033} INFO - Sync 1 DAGs
[2026-06-03T12:10:03.250+0000] {logging_mixin.py:188} INFO - [2026-06-03T12:10:03.250+0000] {dag.py:3820} INFO - Setting next_dagrun for example_params_ui_tutorial to None, run_after=None
[2026-06-03T12:10:03.256+0000] {processor.py:183} INFO - Processing /home/airflow/.local/lib/python3.8/site-packages/airflow/example_dags/example_params_ui_tutorial.py took 0.045 seconds
[2026-06-03T12:10:33.485+0000] {processor.py:161} INFO - Started process (PID=2446) to work on /home/airflow/.local/lib/python3.8/site-packages/airflow/example_dags/example_params_ui_tutorial.py
[2026-06-03T12:10:33.486+0000] {processor.py:830} INFO - Processing file /home/airflow/.local/lib/python3.8/site-packages/airflow/example_dags/example_params_ui_tutorial.py for tasks to queue
[2026-06-03T12:10:33.487+0000] {logging_mixin.py:188} INFO - [2026-06-03T12:10:33.486+0000] {dagbag.py:538} INFO - Filling up the DagBag from /home/airflow/.local/lib/python3.8/site-packages/airflow/example_dags/example_params_ui_tutorial.py
[2026-06-03T12:10:33.495+0000] {processor.py:840} INFO - DAG(s) 'example_params_ui_tutorial' retrieved from /home/airflow/.local/lib/python3.8/site-packages/airflow/example_dags/example_params_ui_tutorial.py
[2026-06-03T12:10:33.515+0000] {logging_mixin.py:188} INFO - [2026-06-03T12:10:33.515+0000] {dag.py:3033} INFO - Sync 1 DAGs
[2026-06-03T12:10:33.520+0000] {logging_mixin.py:188} INFO - [2026-06-03T12:10:33.520+0000] {dag.py:3820} INFO - Setting next_dagrun for example_params_ui_tutorial to None, run_after=None
[2026-06-03T12:10:33.525+0000] {processor.py:183} INFO - Processing /home/airflow/.local/lib/python3.8/site-packages/airflow/example_dags/example_params_ui_tutorial.py took 0.043 seconds
[2026-06-03T12:11:03.698+0000] {processor.py:161} INFO - Started process (PID=2502) to work on /home/airflow/.local/lib/python3.8/site-packages/airflow/example_dags/example_params_ui_tutorial.py
[2026-06-03T12:11:03.699+0000] {processor.py:830} INFO - Processing file /home/airflow/.local/lib/python3.8/site-packages/airflow/example_dags/example_params_ui_tutorial.py for tasks to queue
[2026-06-03T12:11:03.700+0000] {logging_mixin.py:188} INFO - [2026-06-03T12:11:03.700+0000] {dagbag.py:538} INFO - Filling up the DagBag from /home/airflow/.local/lib/python3.8/site-packages/airflow/example_dags/example_params_ui_tutorial.py
[2026-06-03T12:11:03.709+0000] {processor.py:840} INFO - DAG(s) 'example_params_ui_tutorial' retrieved from /home/airflow/.local/lib/python3.8/site-packages/airflow/example_dags/example_params_ui_tutorial.py
[2026-06-03T12:11:03.730+0000] {logging_mixin.py:188} INFO - [2026-06-03T12:11:03.730+0000] {dag.py:3033} INFO - Sync 1 DAGs
[2026-06-03T12:11:03.734+0000] {logging_mixin.py:188} INFO - [2026-06-03T12:11:03.734+0000] {dag.py:3820} INFO - Setting next_dagrun for example_params_ui_tutorial to None, run_after=None
[2026-06-03T12:11:03.739+0000] {processor.py:183} INFO - Processing /home/airflow/.local/lib/python3.8/site-packages/airflow/example_dags/example_params_ui_tutorial.py took 0.042 seconds
[2026-06-03T12:11:34.639+0000] {processor.py:161} INFO - Started process (PID=2558) to work on /home/airflow/.local/lib/python3.8/site-packages/airflow/example_dags/example_params_ui_tutorial.py
[2026-06-03T12:11:34.639+0000] {processor.py:830} INFO - Processing file /home/airflow/.local/lib/python3.8/site-packages/airflow/example_dags/example_params_ui_tutorial.py for tasks to queue
[2026-06-03T12:11:34.640+0000] {logging_mixin.py:188} INFO - [2026-06-03T12:11:34.640+0000] {dagbag.py:538} INFO - Filling up the DagBag from /home/airflow/.local/lib/python3.8/site-packages/airflow/example_dags/example_params_ui_tutorial.py
[2026-06-03T12:11:34.648+0000] {processor.py:840} INFO - DAG(s) 'example_params_ui_tutorial' retrieved from /home/airflow/.local/lib/python3.8/site-packages/airflow/example_dags/example_params_ui_tutorial.py
[2026-06-03T12:11:34.668+0000] {logging_mixin.py:188} INFO - [2026-06-03T12:11:34.668+0000] {dag.py:3033} INFO - Sync 1 DAGs
[2026-06-03T12:11:34.673+0000] {logging_mixin.py:188} INFO - [2026-06-03T12:11:34.673+0000] {dag.py:3820} INFO - Setting next_dagrun for example_params_ui_tutorial to None, run_after=None
[2026-06-03T12:11:34.679+0000] {processor.py:183} INFO - Processing /home/airflow/.local/lib/python3.8/site-packages/airflow/example_dags/example_params_ui_tutorial.py took 0.041 seconds
[2026-06-03T12:12:05.663+0000] {processor.py:161} INFO - Started process (PID=2614) to work on /home/airflow/.local/lib/python3.8/site-packages/airflow/example_dags/example_params_ui_tutorial.py
[2026-06-03T12:12:05.663+0000] {processor.py:830} INFO - Processing file /home/airflow/.local/lib/python3.8/site-packages/airflow/example_dags/example_params_ui_tutorial.py for tasks to queue
[2026-06-03T12:12:05.664+0000] {logging_mixin.py:188} INFO - [2026-06-03T12:12:05.664+0000] {dagbag.py:538} INFO - Filling up the DagBag from /home/airflow/.local/lib/python3.8/site-packages/airflow/example_dags/example_params_ui_tutorial.py
[2026-06-03T12:12:05.672+0000] {processor.py:840} INFO - DAG(s) 'example_params_ui_tutorial' retrieved from /home/airflow/.local/lib/python3.8/site-packages/airflow/example_dags/example_params_ui_tutorial.py
[2026-06-03T12:12:05.693+0000] {logging_mixin.py:188} INFO - [2026-06-03T12:12:05.693+0000] {dag.py:3033} INFO - Sync 1 DAGs
[2026-06-03T12:12:05.697+0000] {logging_mixin.py:188} INFO - [2026-06-03T12:12:05.697+0000] {dag.py:3820} INFO - Setting next_dagrun for example_params_ui_tutorial to None, run_after=None
[2026-06-03T12:12:05.704+0000] {processor.py:183} INFO - Processing /home/airflow/.local/lib/python3.8/site-packages/airflow/example_dags/example_params_ui_tutorial.py took 0.042 seconds
[2026-06-03T12:12:36.495+0000] {processor.py:161} INFO - Started process (PID=2670) to work on /home/airflow/.local/lib/python3.8/site-packages/airflow/example_dags/example_params_ui_tutorial.py
[2026-06-03T12:12:36.496+0000] {processor.py:830} INFO - Processing file /home/airflow/.local/lib/python3.8/site-packages/airflow/example_dags/example_params_ui_tutorial.py for tasks to queue
[2026-06-03T12:12:36.498+0000] {logging_mixin.py:188} INFO - [2026-06-03T12:12:36.498+0000] {dagbag.py:538} INFO - Filling up the DagBag from /home/airflow/.local/lib/python3.8/site-packages/airflow/example_dags/example_params_ui_tutorial.py
[2026-06-03T12:12:36.510+0000] {processor.py:840} INFO - DAG(s) 'example_params_ui_tutorial' retrieved from /home/airflow/.local/lib/python3.8/site-packages/airflow/example_dags/example_params_ui_tutorial.py
[2026-06-03T12:12:36.541+0000] {logging_mixin.py:188} INFO - [2026-06-03T12:12:36.541+0000] {dag.py:3033} INFO - Sync 1 DAGs
[2026-06-03T12:12:36.547+0000] {logging_mixin.py:188} INFO - [2026-06-03T12:12:36.547+0000] {dag.py:3820} INFO - Setting next_dagrun for example_params_ui_tutorial to None, run_after=None
[2026-06-03T12:12:36.556+0000] {processor.py:183} INFO - Processing /home/airflow/.local/lib/python3.8/site-packages/airflow/example_dags/example_params_ui_tutorial.py took 0.064 seconds
[2026-06-03T12:13:07.218+0000] {processor.py:161} INFO - Started process (PID=2725) to work on /home/airflow/.local/lib/python3.8/site-packages/airflow/example_dags/example_params_ui_tutorial.py
[2026-06-03T12:13:07.218+0000] {processor.py:830} INFO - Processing file /home/airflow/.local/lib/python3.8/site-packages/airflow/example_dags/example_params_ui_tutorial.py for tasks to queue
[2026-06-03T12:13:07.220+0000] {logging_mixin.py:188} INFO - [2026-06-03T12:13:07.219+0000] {dagbag.py:538} INFO - Filling up the DagBag from /home/airflow/.local/lib/python3.8/site-packages/airflow/example_dags/example_params_ui_tutorial.py
[2026-06-03T12:13:07.228+0000] {processor.py:840} INFO - DAG(s) 'example_params_ui_tutorial' retrieved from /home/airflow/.local/lib/python3.8/site-packages/airflow/example_dags/example_params_ui_tutorial.py
[2026-06-03T12:13:07.255+0000] {logging_mixin.py:188} INFO - [2026-06-03T12:13:07.255+0000] {dag.py:3033} INFO - Sync 1 DAGs
[2026-06-03T12:13:07.263+0000] {logging_mixin.py:188} INFO - [2026-06-03T12:13:07.262+0000] {dag.py:3820} INFO - Setting next_dagrun for example_params_ui_tutorial to None, run_after=None
[2026-06-03T12:13:07.270+0000] {processor.py:183} INFO - Processing /home/airflow/.local/lib/python3.8/site-packages/airflow/example_dags/example_params_ui_tutorial.py took 0.055 seconds
[2026-06-03T12:13:38.014+0000] {processor.py:161} INFO - Started process (PID=2781) to work on /home/airflow/.local/lib/python3.8/site-packages/airflow/example_dags/example_params_ui_tutorial.py
[2026-06-03T12:13:38.015+0000] {processor.py:830} INFO - Processing file /home/airflow/.local/lib/python3.8/site-packages/airflow/example_dags/example_params_ui_tutorial.py for tasks to queue
[2026-06-03T12:13:38.016+0000] {logging_mixin.py:188} INFO - [2026-06-03T12:13:38.016+0000] {dagbag.py:538} INFO - Filling up the DagBag from /home/airflow/.local/lib/python3.8/site-packages/airflow/example_dags/example_params_ui_tutorial.py
[2026-06-03T12:13:38.024+0000] {processor.py:840} INFO - DAG(s) 'example_params_ui_tutorial' retrieved from /home/airflow/.local/lib/python3.8/site-packages/airflow/example_dags/example_params_ui_tutorial.py
[2026-06-03T12:13:38.048+0000] {logging_mixin.py:188} INFO - [2026-06-03T12:13:38.048+0000] {dag.py:3033} INFO - Sync 1 DAGs
[2026-06-03T12:13:38.052+0000] {logging_mixin.py:188} INFO - [2026-06-03T12:13:38.052+0000] {dag.py:3820} INFO - Setting next_dagrun for example_params_ui_tutorial to None, run_after=None
[2026-06-03T12:13:38.058+0000] {processor.py:183} INFO - Processing /home/airflow/.local/lib/python3.8/site-packages/airflow/example_dags/example_params_ui_tutorial.py took 0.054 seconds
[2026-06-03T12:14:08.589+0000] {processor.py:161} INFO - Started process (PID=2837) to work on /home/airflow/.local/lib/python3.8/site-packages/airflow/example_dags/example_params_ui_tutorial.py
[2026-06-03T12:14:08.590+0000] {processor.py:830} INFO - Processing file /home/airflow/.local/lib/python3.8/site-packages/airflow/example_dags/example_params_ui_tutorial.py for tasks to queue
[2026-06-03T12:14:08.590+0000] {logging_mixin.py:188} INFO - [2026-06-03T12:14:08.590+0000] {dagbag.py:538} INFO - Filling up the DagBag from /home/airflow/.local/lib/python3.8/site-packages/airflow/example_dags/example_params_ui_tutorial.py
[2026-06-03T12:14:08.599+0000] {processor.py:840} INFO - DAG(s) 'example_params_ui_tutorial' retrieved from /home/airflow/.local/lib/python3.8/site-packages/airflow/example_dags/example_params_ui_tutorial.py
[2026-06-03T12:14:08.630+0000] {logging_mixin.py:188} INFO - [2026-06-03T12:14:08.630+0000] {dag.py:3033} INFO - Sync 1 DAGs
[2026-06-03T12:14:08.634+0000] {logging_mixin.py:188} INFO - [2026-06-03T12:14:08.634+0000] {dag.py:3820} INFO - Setting next_dagrun for example_params_ui_tutorial to None, run_after=None
[2026-06-03T12:14:08.640+0000] {processor.py:183} INFO - Processing /home/airflow/.local/lib/python3.8/site-packages/airflow/example_dags/example_params_ui_tutorial.py took 0.053 seconds
[2026-06-03T12:14:38.924+0000] {processor.py:161} INFO - Started process (PID=2893) to work on /home/airflow/.local/lib/python3.8/site-packages/airflow/example_dags/example_params_ui_tutorial.py
[2026-06-03T12:14:38.925+0000] {processor.py:830} INFO - Processing file /home/airflow/.local/lib/python3.8/site-packages/airflow/example_dags/example_params_ui_tutorial.py for tasks to queue
[2026-06-03T12:14:38.926+0000] {logging_mixin.py:188} INFO - [2026-06-03T12:14:38.926+0000] {dagbag.py:538} INFO - Filling up the DagBag from /home/airflow/.local/lib/python3.8/site-packages/airflow/example_dags/example_params_ui_tutorial.py
[2026-06-03T12:14:38.942+0000] {processor.py:840} INFO - DAG(s) 'example_params_ui_tutorial' retrieved from /home/airflow/.local/lib/python3.8/site-packages/airflow/example_dags/example_params_ui_tutorial.py
[2026-06-03T12:14:38.963+0000] {logging_mixin.py:188} INFO - [2026-06-03T12:14:38.963+0000] {dag.py:3033} INFO - Sync 1 DAGs
[2026-06-03T12:14:38.968+0000] {logging_mixin.py:188} INFO - [2026-06-03T12:14:38.968+0000] {dag.py:3820} INFO - Setting next_dagrun for example_params_ui_tutorial to None, run_after=None
[2026-06-03T12:14:38.974+0000] {processor.py:183} INFO - Processing /home/airflow/.local/lib/python3.8/site-packages/airflow/example_dags/example_params_ui_tutorial.py took 0.052 seconds
[2026-06-03T12:15:09.192+0000] {processor.py:161} INFO - Started process (PID=2949) to work on /home/airflow/.local/lib/python3.8/site-packages/airflow/example_dags/example_params_ui_tutorial.py
[2026-06-03T12:15:09.192+0000] {processor.py:830} INFO - Processing file /home/airflow/.local/lib/python3.8/site-packages/airflow/example_dags/example_params_ui_tutorial.py for tasks to queue
[2026-06-03T12:15:09.193+0000] {logging_mixin.py:188} INFO - [2026-06-03T12:15:09.193+0000] {dagbag.py:538} INFO - Filling up the DagBag from /home/airflow/.local/lib/python3.8/site-packages/airflow/example_dags/example_params_ui_tutorial.py
[2026-06-03T12:15:09.202+0000] {processor.py:840} INFO - DAG(s) 'example_params_ui_tutorial' retrieved from /home/airflow/.local/lib/python3.8/site-packages/airflow/example_dags/example_params_ui_tutorial.py
[2026-06-03T12:15:09.227+0000] {logging_mixin.py:188} INFO - [2026-06-03T12:15:09.227+0000] {dag.py:3033} INFO - Sync 1 DAGs
[2026-06-03T12:15:09.233+0000] {logging_mixin.py:188} INFO - [2026-06-03T12:15:09.233+0000] {dag.py:3820} INFO - Setting next_dagrun for example_params_ui_tutorial to None, run_after=None
[2026-06-03T12:15:09.247+0000] {processor.py:183} INFO - Processing /home/airflow/.local/lib/python3.8/site-packages/airflow/example_dags/example_params_ui_tutorial.py took 0.056 seconds
[2026-06-03T12:15:39.736+0000] {processor.py:161} INFO - Started process (PID=3005) to work on /home/airflow/.local/lib/python3.8/site-packages/airflow/example_dags/example_params_ui_tutorial.py
[2026-06-03T12:15:39.736+0000] {processor.py:830} INFO - Processing file /home/airflow/.local/lib/python3.8/site-packages/airflow/example_dags/example_params_ui_tutorial.py for tasks to queue
[2026-06-03T12:15:39.737+0000] {logging_mixin.py:188} INFO - [2026-06-03T12:15:39.737+0000] {dagbag.py:538} INFO - Filling up the DagBag from /home/airflow/.local/lib/python3.8/site-packages/airflow/example_dags/example_params_ui_tutorial.py
[2026-06-03T12:15:39.758+0000] {processor.py:840} INFO - DAG(s) 'example_params_ui_tutorial' retrieved from /home/airflow/.local/lib/python3.8/site-packages/airflow/example_dags/example_params_ui_tutorial.py
[2026-06-03T12:15:39.784+0000] {logging_mixin.py:188} INFO - [2026-06-03T12:15:39.783+0000] {dag.py:3033} INFO - Sync 1 DAGs
[2026-06-03T12:15:39.788+0000] {logging_mixin.py:188} INFO - [2026-06-03T12:15:39.788+0000] {dag.py:3820} INFO - Setting next_dagrun for example_params_ui_tutorial to None, run_after=None
[2026-06-03T12:15:39.794+0000] {processor.py:183} INFO - Processing /home/airflow/.local/lib/python3.8/site-packages/airflow/example_dags/example_params_ui_tutorial.py took 0.060 seconds
[2026-06-03T12:16:10.607+0000] {processor.py:161} INFO - Started process (PID=3061) to work on /home/airflow/.local/lib/python3.8/site-packages/airflow/example_dags/example_params_ui_tutorial.py
[2026-06-03T12:16:10.608+0000] {processor.py:830} INFO - Processing file /home/airflow/.local/lib/python3.8/site-packages/airflow/example_dags/example_params_ui_tutorial.py for tasks to queue
[2026-06-03T12:16:10.612+0000] {logging_mixin.py:188} INFO - [2026-06-03T12:16:10.611+0000] {dagbag.py:538} INFO - Filling up the DagBag from /home/airflow/.local/lib/python3.8/site-packages/airflow/example_dags/example_params_ui_tutorial.py
[2026-06-03T12:16:10.620+0000] {processor.py:840} INFO - DAG(s) 'example_params_ui_tutorial' retrieved from /home/airflow/.local/lib/python3.8/site-packages/airflow/example_dags/example_params_ui_tutorial.py
[2026-06-03T12:16:10.651+0000] {logging_mixin.py:188} INFO - [2026-06-03T12:16:10.651+0000] {dag.py:3033} INFO - Sync 1 DAGs
[2026-06-03T12:16:10.656+0000] {logging_mixin.py:188} INFO - [2026-06-03T12:16:10.656+0000] {dag.py:3820} INFO - Setting next_dagrun for example_params_ui_tutorial to None, run_after=None
[2026-06-03T12:16:10.661+0000] {processor.py:183} INFO - Processing /home/airflow/.local/lib/python3.8/site-packages/airflow/example_dags/example_params_ui_tutorial.py took 0.056 seconds
[2026-06-03T12:16:40.973+0000] {processor.py:161} INFO - Started process (PID=3117) to work on /home/airflow/.local/lib/python3.8/site-packages/airflow/example_dags/example_params_ui_tutorial.py
[2026-06-03T12:16:40.974+0000] {processor.py:830} INFO - Processing file /home/airflow/.local/lib/python3.8/site-packages/airflow/example_dags/example_params_ui_tutorial.py for tasks to queue
[2026-06-03T12:16:40.975+0000] {logging_mixin.py:188} INFO - [2026-06-03T12:16:40.975+0000] {dagbag.py:538} INFO - Filling up the DagBag from /home/airflow/.local/lib/python3.8/site-packages/airflow/example_dags/example_params_ui_tutorial.py
[2026-06-03T12:16:40.993+0000] {processor.py:840} INFO - DAG(s) 'example_params_ui_tutorial' retrieved from /home/airflow/.local/lib/python3.8/site-packages/airflow/example_dags/example_params_ui_tutorial.py
[2026-06-03T12:16:41.018+0000] {logging_mixin.py:188} INFO - [2026-06-03T12:16:41.018+0000] {dag.py:3033} INFO - Sync 1 DAGs
[2026-06-03T12:16:41.022+0000] {logging_mixin.py:188} INFO - [2026-06-03T12:16:41.022+0000] {dag.py:3820} INFO - Setting next_dagrun for example_params_ui_tutorial to None, run_after=None
[2026-06-03T12:16:41.029+0000] {processor.py:183} INFO - Processing /home/airflow/.local/lib/python3.8/site-packages/airflow/example_dags/example_params_ui_tutorial.py took 0.057 seconds
[2026-06-03T12:17:11.496+0000] {processor.py:161} INFO - Started process (PID=3173) to work on /home/airflow/.local/lib/python3.8/site-packages/airflow/example_dags/example_params_ui_tutorial.py
[2026-06-03T12:17:11.496+0000] {processor.py:830} INFO - Processing file /home/airflow/.local/lib/python3.8/site-packages/airflow/example_dags/example_params_ui_tutorial.py for tasks to queue
[2026-06-03T12:17:11.498+0000] {logging_mixin.py:188} INFO - [2026-06-03T12:17:11.498+0000] {dagbag.py:538} INFO - Filling up the DagBag from /home/airflow/.local/lib/python3.8/site-packages/airflow/example_dags/example_params_ui_tutorial.py
[2026-06-03T12:17:11.509+0000] {processor.py:840} INFO - DAG(s) 'example_params_ui_tutorial' retrieved from /home/airflow/.local/lib/python3.8/site-packages/airflow/example_dags/example_params_ui_tutorial.py
[2026-06-03T12:17:11.553+0000] {logging_mixin.py:188} INFO - [2026-06-03T12:17:11.553+0000] {dag.py:3033} INFO - Sync 1 DAGs
[2026-06-03T12:17:11.561+0000] {logging_mixin.py:188} INFO - [2026-06-03T12:17:11.561+0000] {dag.py:3820} INFO - Setting next_dagrun for example_params_ui_tutorial to None, run_after=None
[2026-06-03T12:17:11.570+0000] {processor.py:183} INFO - Processing /home/airflow/.local/lib/python3.8/site-packages/airflow/example_dags/example_params_ui_tutorial.py took 0.076 seconds
[2026-06-03T12:17:42.387+0000] {processor.py:161} INFO - Started process (PID=3228) to work on /home/airflow/.local/lib/python3.8/site-packages/airflow/example_dags/example_params_ui_tutorial.py
[2026-06-03T12:17:42.388+0000] {processor.py:830} INFO - Processing file /home/airflow/.local/lib/python3.8/site-packages/airflow/example_dags/example_params_ui_tutorial.py for tasks to queue
[2026-06-03T12:17:42.390+0000] {logging_mixin.py:188} INFO - [2026-06-03T12:17:42.389+0000] {dagbag.py:538} INFO - Filling up the DagBag from /home/airflow/.local/lib/python3.8/site-packages/airflow/example_dags/example_params_ui_tutorial.py
[2026-06-03T12:17:42.402+0000] {processor.py:840} INFO - DAG(s) 'example_params_ui_tutorial' retrieved from /home/airflow/.local/lib/python3.8/site-packages/airflow/example_dags/example_params_ui_tutorial.py
[2026-06-03T12:17:42.428+0000] {logging_mixin.py:188} INFO - [2026-06-03T12:17:42.428+0000] {dag.py:3033} INFO - Sync 1 DAGs
[2026-06-03T12:17:42.435+0000] {logging_mixin.py:188} INFO - [2026-06-03T12:17:42.434+0000] {dag.py:3820} INFO - Setting next_dagrun for example_params_ui_tutorial to None, run_after=None
[2026-06-03T12:17:42.445+0000] {processor.py:183} INFO - Processing /home/airflow/.local/lib/python3.8/site-packages/airflow/example_dags/example_params_ui_tutorial.py took 0.060 seconds
[2026-06-03T12:18:12.881+0000] {processor.py:161} INFO - Started process (PID=3284) to work on /home/airflow/.local/lib/python3.8/site-packages/airflow/example_dags/example_params_ui_tutorial.py
[2026-06-03T12:18:12.881+0000] {processor.py:830} INFO - Processing file /home/airflow/.local/lib/python3.8/site-packages/airflow/example_dags/example_params_ui_tutorial.py for tasks to queue
[2026-06-03T12:18:12.882+0000] {logging_mixin.py:188} INFO - [2026-06-03T12:18:12.882+0000] {dagbag.py:538} INFO - Filling up the DagBag from /home/airflow/.local/lib/python3.8/site-packages/airflow/example_dags/example_params_ui_tutorial.py
[2026-06-03T12:18:12.900+0000] {processor.py:840} INFO - DAG(s) 'example_params_ui_tutorial' retrieved from /home/airflow/.local/lib/python3.8/site-packages/airflow/example_dags/example_params_ui_tutorial.py
[2026-06-03T12:18:12.928+0000] {logging_mixin.py:188} INFO - [2026-06-03T12:18:12.928+0000] {dag.py:3033} INFO - Sync 1 DAGs
[2026-06-03T12:18:12.934+0000] {logging_mixin.py:188} INFO - [2026-06-03T12:18:12.934+0000] {dag.py:3820} INFO - Setting next_dagrun for example_params_ui_tutorial to None, run_after=None
[2026-06-03T12:18:12.941+0000] {processor.py:183} INFO - Processing /home/airflow/.local/lib/python3.8/site-packages/airflow/example_dags/example_params_ui_tutorial.py took 0.062 seconds
[2026-06-03T12:18:43.618+0000] {processor.py:161} INFO - Started process (PID=3340) to work on /home/airflow/.local/lib/python3.8/site-packages/airflow/example_dags/example_params_ui_tutorial.py
[2026-06-03T12:18:43.623+0000] {processor.py:830} INFO - Processing file /home/airflow/.local/lib/python3.8/site-packages/airflow/example_dags/example_params_ui_tutorial.py for tasks to queue
[2026-06-03T12:18:43.627+0000] {logging_mixin.py:188} INFO - [2026-06-03T12:18:43.627+0000] {dagbag.py:538} INFO - Filling up the DagBag from /home/airflow/.local/lib/python3.8/site-packages/airflow/example_dags/example_params_ui_tutorial.py
[2026-06-03T12:18:43.684+0000] {processor.py:840} INFO - DAG(s) 'example_params_ui_tutorial' retrieved from /home/airflow/.local/lib/python3.8/site-packages/airflow/example_dags/example_params_ui_tutorial.py
[2026-06-03T12:18:43.845+0000] {logging_mixin.py:188} INFO - [2026-06-03T12:18:43.844+0000] {dag.py:3033} INFO - Sync 1 DAGs
[2026-06-03T12:18:43.870+0000] {logging_mixin.py:188} INFO - [2026-06-03T12:18:43.870+0000] {dag.py:3820} INFO - Setting next_dagrun for example_params_ui_tutorial to None, run_after=None
[2026-06-03T12:18:43.902+0000] {processor.py:183} INFO - Processing /home/airflow/.local/lib/python3.8/site-packages/airflow/example_dags/example_params_ui_tutorial.py took 0.293 seconds
[2026-06-03T12:19:14.963+0000] {processor.py:161} INFO - Started process (PID=3396) to work on /home/airflow/.local/lib/python3.8/site-packages/airflow/example_dags/example_params_ui_tutorial.py
[2026-06-03T12:19:14.966+0000] {processor.py:830} INFO - Processing file /home/airflow/.local/lib/python3.8/site-packages/airflow/example_dags/example_params_ui_tutorial.py for tasks to queue
[2026-06-03T12:19:14.971+0000] {logging_mixin.py:188} INFO - [2026-06-03T12:19:14.970+0000] {dagbag.py:538} INFO - Filling up the DagBag from /home/airflow/.local/lib/python3.8/site-packages/airflow/example_dags/example_params_ui_tutorial.py
[2026-06-03T12:19:15.004+0000] {processor.py:840} INFO - DAG(s) 'example_params_ui_tutorial' retrieved from /home/airflow/.local/lib/python3.8/site-packages/airflow/example_dags/example_params_ui_tutorial.py
[2026-06-03T12:19:15.064+0000] {logging_mixin.py:188} INFO - [2026-06-03T12:19:15.064+0000] {dag.py:3033} INFO - Sync 1 DAGs
[2026-06-03T12:19:15.091+0000] {logging_mixin.py:188} INFO - [2026-06-03T12:19:15.091+0000] {dag.py:3820} INFO - Setting next_dagrun for example_params_ui_tutorial to None, run_after=None
[2026-06-03T12:19:15.114+0000] {processor.py:183} INFO - Processing /home/airflow/.local/lib/python3.8/site-packages/airflow/example_dags/example_params_ui_tutorial.py took 0.172 seconds
[2026-06-03T12:19:46.000+0000] {processor.py:161} INFO - Started process (PID=3453) to work on /home/airflow/.local/lib/python3.8/site-packages/airflow/example_dags/example_params_ui_tutorial.py
[2026-06-03T12:19:46.005+0000] {processor.py:830} INFO - Processing file /home/airflow/.local/lib/python3.8/site-packages/airflow/example_dags/example_params_ui_tutorial.py for tasks to queue
[2026-06-03T12:19:46.010+0000] {logging_mixin.py:188} INFO - [2026-06-03T12:19:46.010+0000] {dagbag.py:538} INFO - Filling up the DagBag from /home/airflow/.local/lib/python3.8/site-packages/airflow/example_dags/example_params_ui_tutorial.py
[2026-06-03T12:19:46.037+0000] {processor.py:840} INFO - DAG(s) 'example_params_ui_tutorial' retrieved from /home/airflow/.local/lib/python3.8/site-packages/airflow/example_dags/example_params_ui_tutorial.py
[2026-06-03T12:19:46.085+0000] {logging_mixin.py:188} INFO - [2026-06-03T12:19:46.085+0000] {dag.py:3033} INFO - Sync 1 DAGs
[2026-06-03T12:19:46.092+0000] {logging_mixin.py:188} INFO - [2026-06-03T12:19:46.092+0000] {dag.py:3820} INFO - Setting next_dagrun for example_params_ui_tutorial to None, run_after=None
[2026-06-03T12:19:46.128+0000] {processor.py:183} INFO - Processing /home/airflow/.local/lib/python3.8/site-packages/airflow/example_dags/example_params_ui_tutorial.py took 0.146 seconds
[2026-06-03T12:20:16.179+0000] {processor.py:161} INFO - Started process (PID=3509) to work on /home/airflow/.local/lib/python3.8/site-packages/airflow/example_dags/example_params_ui_tutorial.py
[2026-06-03T12:20:16.186+0000] {processor.py:830} INFO - Processing file /home/airflow/.local/lib/python3.8/site-packages/airflow/example_dags/example_params_ui_tutorial.py for tasks to queue
[2026-06-03T12:20:16.200+0000] {logging_mixin.py:188} INFO - [2026-06-03T12:20:16.198+0000] {dagbag.py:538} INFO - Filling up the DagBag from /home/airflow/.local/lib/python3.8/site-packages/airflow/example_dags/example_params_ui_tutorial.py
[2026-06-03T12:20:16.220+0000] {processor.py:840} INFO - DAG(s) 'example_params_ui_tutorial' retrieved from /home/airflow/.local/lib/python3.8/site-packages/airflow/example_dags/example_params_ui_tutorial.py
[2026-06-03T12:20:16.272+0000] {logging_mixin.py:188} INFO - [2026-06-03T12:20:16.272+0000] {dag.py:3033} INFO - Sync 1 DAGs
[2026-06-03T12:20:16.280+0000] {logging_mixin.py:188} INFO - [2026-06-03T12:20:16.280+0000] {dag.py:3820} INFO - Setting next_dagrun for example_params_ui_tutorial to None, run_after=None
[2026-06-03T12:20:16.294+0000] {processor.py:183} INFO - Processing /home/airflow/.local/lib/python3.8/site-packages/airflow/example_dags/example_params_ui_tutorial.py took 0.134 seconds
[2026-06-03T12:20:46.408+0000] {processor.py:161} INFO - Started process (PID=3566) to work on /home/airflow/.local/lib/python3.8/site-packages/airflow/example_dags/example_params_ui_tutorial.py
[2026-06-03T12:20:46.412+0000] {processor.py:830} INFO - Processing file /home/airflow/.local/lib/python3.8/site-packages/airflow/example_dags/example_params_ui_tutorial.py for tasks to queue
[2026-06-03T12:20:46.427+0000] {logging_mixin.py:188} INFO - [2026-06-03T12:20:46.425+0000] {dagbag.py:538} INFO - Filling up the DagBag from /home/airflow/.local/lib/python3.8/site-packages/airflow/example_dags/example_params_ui_tutorial.py
[2026-06-03T12:20:46.469+0000] {processor.py:840} INFO - DAG(s) 'example_params_ui_tutorial' retrieved from /home/airflow/.local/lib/python3.8/site-packages/airflow/example_dags/example_params_ui_tutorial.py
[2026-06-03T12:20:46.522+0000] {logging_mixin.py:188} INFO - [2026-06-03T12:20:46.522+0000] {dag.py:3033} INFO - Sync 1 DAGs
[2026-06-03T12:20:46.533+0000] {logging_mixin.py:188} INFO - [2026-06-03T12:20:46.533+0000] {dag.py:3820} INFO - Setting next_dagrun for example_params_ui_tutorial to None, run_after=None
[2026-06-03T12:20:46.547+0000] {processor.py:183} INFO - Processing /home/airflow/.local/lib/python3.8/site-packages/airflow/example_dags/example_params_ui_tutorial.py took 0.144 seconds
[2026-06-03T12:21:16.892+0000] {processor.py:161} INFO - Started process (PID=3622) to work on /home/airflow/.local/lib/python3.8/site-packages/airflow/example_dags/example_params_ui_tutorial.py
[2026-06-03T12:21:16.894+0000] {processor.py:830} INFO - Processing file /home/airflow/.local/lib/python3.8/site-packages/airflow/example_dags/example_params_ui_tutorial.py for tasks to queue
[2026-06-03T12:21:16.898+0000] {logging_mixin.py:188} INFO - [2026-06-03T12:21:16.898+0000] {dagbag.py:538} INFO - Filling up the DagBag from /home/airflow/.local/lib/python3.8/site-packages/airflow/example_dags/example_params_ui_tutorial.py
[2026-06-03T12:21:16.916+0000] {processor.py:840} INFO - DAG(s) 'example_params_ui_tutorial' retrieved from /home/airflow/.local/lib/python3.8/site-packages/airflow/example_dags/example_params_ui_tutorial.py
[2026-06-03T12:21:16.960+0000] {logging_mixin.py:188} INFO - [2026-06-03T12:21:16.960+0000] {dag.py:3033} INFO - Sync 1 DAGs
[2026-06-03T12:21:16.969+0000] {logging_mixin.py:188} INFO - [2026-06-03T12:21:16.969+0000] {dag.py:3820} INFO - Setting next_dagrun for example_params_ui_tutorial to None, run_after=None
[2026-06-03T12:21:16.981+0000] {processor.py:183} INFO - Processing /home/airflow/.local/lib/python3.8/site-packages/airflow/example_dags/example_params_ui_tutorial.py took 0.095 seconds
[2026-06-03T12:21:47.457+0000] {processor.py:161} INFO - Started process (PID=3678) to work on /home/airflow/.local/lib/python3.8/site-packages/airflow/example_dags/example_params_ui_tutorial.py
[2026-06-03T12:21:47.459+0000] {processor.py:830} INFO - Processing file /home/airflow/.local/lib/python3.8/site-packages/airflow/example_dags/example_params_ui_tutorial.py for tasks to queue
[2026-06-03T12:21:47.463+0000] {logging_mixin.py:188} INFO - [2026-06-03T12:21:47.462+0000] {dagbag.py:538} INFO - Filling up the DagBag from /home/airflow/.local/lib/python3.8/site-packages/airflow/example_dags/example_params_ui_tutorial.py
[2026-06-03T12:21:47.492+0000] {processor.py:840} INFO - DAG(s) 'example_params_ui_tutorial' retrieved from /home/airflow/.local/lib/python3.8/site-packages/airflow/example_dags/example_params_ui_tutorial.py
[2026-06-03T12:21:47.545+0000] {logging_mixin.py:188} INFO - [2026-06-03T12:21:47.545+0000] {dag.py:3033} INFO - Sync 1 DAGs
[2026-06-03T12:21:47.556+0000] {logging_mixin.py:188} INFO - [2026-06-03T12:21:47.556+0000] {dag.py:3820} INFO - Setting next_dagrun for example_params_ui_tutorial to None, run_after=None
[2026-06-03T12:21:47.570+0000] {processor.py:183} INFO - Processing /home/airflow/.local/lib/python3.8/site-packages/airflow/example_dags/example_params_ui_tutorial.py took 0.131 seconds
[2026-06-03T12:22:18.105+0000] {processor.py:161} INFO - Started process (PID=3734) to work on /home/airflow/.local/lib/python3.8/site-packages/airflow/example_dags/example_params_ui_tutorial.py
[2026-06-03T12:22:18.114+0000] {processor.py:830} INFO - Processing file /home/airflow/.local/lib/python3.8/site-packages/airflow/example_dags/example_params_ui_tutorial.py for tasks to queue
[2026-06-03T12:22:18.123+0000] {logging_mixin.py:188} INFO - [2026-06-03T12:22:18.123+0000] {dagbag.py:538} INFO - Filling up the DagBag from /home/airflow/.local/lib/python3.8/site-packages/airflow/example_dags/example_params_ui_tutorial.py
[2026-06-03T12:22:18.155+0000] {processor.py:840} INFO - DAG(s) 'example_params_ui_tutorial' retrieved from /home/airflow/.local/lib/python3.8/site-packages/airflow/example_dags/example_params_ui_tutorial.py
[2026-06-03T12:22:18.198+0000] {logging_mixin.py:188} INFO - [2026-06-03T12:22:18.198+0000] {dag.py:3033} INFO - Sync 1 DAGs
[2026-06-03T12:22:18.206+0000] {logging_mixin.py:188} INFO - [2026-06-03T12:22:18.206+0000] {dag.py:3820} INFO - Setting next_dagrun for example_params_ui_tutorial to None, run_after=None
[2026-06-03T12:22:18.229+0000] {processor.py:183} INFO - Processing /home/airflow/.local/lib/python3.8/site-packages/airflow/example_dags/example_params_ui_tutorial.py took 0.136 seconds
[2026-06-03T12:22:48.301+0000] {processor.py:161} INFO - Started process (PID=3790) to work on /home/airflow/.local/lib/python3.8/site-packages/airflow/example_dags/example_params_ui_tutorial.py
[2026-06-03T12:22:48.303+0000] {processor.py:830} INFO - Processing file /home/airflow/.local/lib/python3.8/site-packages/airflow/example_dags/example_params_ui_tutorial.py for tasks to queue
[2026-06-03T12:22:48.305+0000] {logging_mixin.py:188} INFO - [2026-06-03T12:22:48.304+0000] {dagbag.py:538} INFO - Filling up the DagBag from /home/airflow/.local/lib/python3.8/site-packages/airflow/example_dags/example_params_ui_tutorial.py
[2026-06-03T12:22:48.312+0000] {processor.py:840} INFO - DAG(s) 'example_params_ui_tutorial' retrieved from /home/airflow/.local/lib/python3.8/site-packages/airflow/example_dags/example_params_ui_tutorial.py
[2026-06-03T12:22:48.338+0000] {logging_mixin.py:188} INFO - [2026-06-03T12:22:48.338+0000] {dag.py:3033} INFO - Sync 1 DAGs
[2026-06-03T12:22:48.345+0000] {logging_mixin.py:188} INFO - [2026-06-03T12:22:48.345+0000] {dag.py:3820} INFO - Setting next_dagrun for example_params_ui_tutorial to None, run_after=None
[2026-06-03T12:22:48.355+0000] {processor.py:183} INFO - Processing /home/airflow/.local/lib/python3.8/site-packages/airflow/example_dags/example_params_ui_tutorial.py took 0.055 seconds
[2026-06-03T12:23:18.454+0000] {processor.py:161} INFO - Started process (PID=3844) to work on /home/airflow/.local/lib/python3.8/site-packages/airflow/example_dags/example_params_ui_tutorial.py
[2026-06-03T12:23:18.459+0000] {processor.py:830} INFO - Processing file /home/airflow/.local/lib/python3.8/site-packages/airflow/example_dags/example_params_ui_tutorial.py for tasks to queue
[2026-06-03T12:23:18.479+0000] {logging_mixin.py:188} INFO - [2026-06-03T12:23:18.479+0000] {dagbag.py:538} INFO - Filling up the DagBag from /home/airflow/.local/lib/python3.8/site-packages/airflow/example_dags/example_params_ui_tutorial.py
[2026-06-03T12:23:18.508+0000] {processor.py:840} INFO - DAG(s) 'example_params_ui_tutorial' retrieved from /home/airflow/.local/lib/python3.8/site-packages/airflow/example_dags/example_params_ui_tutorial.py
[2026-06-03T12:23:18.564+0000] {logging_mixin.py:188} INFO - [2026-06-03T12:23:18.563+0000] {dag.py:3033} INFO - Sync 1 DAGs
[2026-06-03T12:23:18.570+0000] {logging_mixin.py:188} INFO - [2026-06-03T12:23:18.570+0000] {dag.py:3820} INFO - Setting next_dagrun for example_params_ui_tutorial to None, run_after=None
[2026-06-03T12:23:18.590+0000] {processor.py:183} INFO - Processing /home/airflow/.local/lib/python3.8/site-packages/airflow/example_dags/example_params_ui_tutorial.py took 0.143 seconds
[2026-06-03T12:23:48.989+0000] {processor.py:161} INFO - Started process (PID=3900) to work on /home/airflow/.local/lib/python3.8/site-packages/airflow/example_dags/example_params_ui_tutorial.py
[2026-06-03T12:23:48.990+0000] {processor.py:830} INFO - Processing file /home/airflow/.local/lib/python3.8/site-packages/airflow/example_dags/example_params_ui_tutorial.py for tasks to queue
[2026-06-03T12:23:48.992+0000] {logging_mixin.py:188} INFO - [2026-06-03T12:23:48.991+0000] {dagbag.py:538} INFO - Filling up the DagBag from /home/airflow/.local/lib/python3.8/site-packages/airflow/example_dags/example_params_ui_tutorial.py
[2026-06-03T12:23:49.005+0000] {processor.py:840} INFO - DAG(s) 'example_params_ui_tutorial' retrieved from /home/airflow/.local/lib/python3.8/site-packages/airflow/example_dags/example_params_ui_tutorial.py
[2026-06-03T12:23:49.036+0000] {logging_mixin.py:188} INFO - [2026-06-03T12:23:49.036+0000] {dag.py:3033} INFO - Sync 1 DAGs
[2026-06-03T12:23:49.043+0000] {logging_mixin.py:188} INFO - [2026-06-03T12:23:49.043+0000] {dag.py:3820} INFO - Setting next_dagrun for example_params_ui_tutorial to None, run_after=None
[2026-06-03T12:23:49.055+0000] {processor.py:183} INFO - Processing /home/airflow/.local/lib/python3.8/site-packages/airflow/example_dags/example_params_ui_tutorial.py took 0.069 seconds
[2026-06-03T12:24:19.733+0000] {processor.py:161} INFO - Started process (PID=3962) to work on /home/airflow/.local/lib/python3.8/site-packages/airflow/example_dags/example_params_ui_tutorial.py
[2026-06-03T12:24:19.735+0000] {processor.py:830} INFO - Processing file /home/airflow/.local/lib/python3.8/site-packages/airflow/example_dags/example_params_ui_tutorial.py for tasks to queue
[2026-06-03T12:24:19.736+0000] {logging_mixin.py:188} INFO - [2026-06-03T12:24:19.736+0000] {dagbag.py:538} INFO - Filling up the DagBag from /home/airflow/.local/lib/python3.8/site-packages/airflow/example_dags/example_params_ui_tutorial.py
[2026-06-03T12:24:19.750+0000] {processor.py:840} INFO - DAG(s) 'example_params_ui_tutorial' retrieved from /home/airflow/.local/lib/python3.8/site-packages/airflow/example_dags/example_params_ui_tutorial.py
[2026-06-03T12:24:19.781+0000] {logging_mixin.py:188} INFO - [2026-06-03T12:24:19.780+0000] {dag.py:3033} INFO - Sync 1 DAGs
[2026-06-03T12:24:19.802+0000] {logging_mixin.py:188} INFO - [2026-06-03T12:24:19.801+0000] {dag.py:3820} INFO - Setting next_dagrun for example_params_ui_tutorial to None, run_after=None
[2026-06-03T12:24:19.814+0000] {processor.py:183} INFO - Processing /home/airflow/.local/lib/python3.8/site-packages/airflow/example_dags/example_params_ui_tutorial.py took 0.084 seconds
[2026-06-03T12:24:50.441+0000] {processor.py:161} INFO - Started process (PID=4018) to work on /home/airflow/.local/lib/python3.8/site-packages/airflow/example_dags/example_params_ui_tutorial.py
[2026-06-03T12:24:50.442+0000] {processor.py:830} INFO - Processing file /home/airflow/.local/lib/python3.8/site-packages/airflow/example_dags/example_params_ui_tutorial.py for tasks to queue
[2026-06-03T12:24:50.444+0000] {logging_mixin.py:188} INFO - [2026-06-03T12:24:50.444+0000] {dagbag.py:538} INFO - Filling up the DagBag from /home/airflow/.local/lib/python3.8/site-packages/airflow/example_dags/example_params_ui_tutorial.py
[2026-06-03T12:24:50.462+0000] {processor.py:840} INFO - DAG(s) 'example_params_ui_tutorial' retrieved from /home/airflow/.local/lib/python3.8/site-packages/airflow/example_dags/example_params_ui_tutorial.py
[2026-06-03T12:24:50.501+0000] {logging_mixin.py:188} INFO - [2026-06-03T12:24:50.501+0000] {dag.py:3033} INFO - Sync 1 DAGs
[2026-06-03T12:24:50.516+0000] {logging_mixin.py:188} INFO - [2026-06-03T12:24:50.516+0000] {dag.py:3820} INFO - Setting next_dagrun for example_params_ui_tutorial to None, run_after=None
[2026-06-03T12:24:50.530+0000] {processor.py:183} INFO - Processing /home/airflow/.local/lib/python3.8/site-packages/airflow/example_dags/example_params_ui_tutorial.py took 0.095 seconds
[2026-06-03T12:25:20.867+0000] {processor.py:161} INFO - Started process (PID=4074) to work on /home/airflow/.local/lib/python3.8/site-packages/airflow/example_dags/example_params_ui_tutorial.py
[2026-06-03T12:25:20.867+0000] {processor.py:830} INFO - Processing file /home/airflow/.local/lib/python3.8/site-packages/airflow/example_dags/example_params_ui_tutorial.py for tasks to queue
[2026-06-03T12:25:20.869+0000] {logging_mixin.py:188} INFO - [2026-06-03T12:25:20.869+0000] {dagbag.py:538} INFO - Filling up the DagBag from /home/airflow/.local/lib/python3.8/site-packages/airflow/example_dags/example_params_ui_tutorial.py
[2026-06-03T12:25:20.883+0000] {processor.py:840} INFO - DAG(s) 'example_params_ui_tutorial' retrieved from /home/airflow/.local/lib/python3.8/site-packages/airflow/example_dags/example_params_ui_tutorial.py
[2026-06-03T12:25:20.940+0000] {logging_mixin.py:188} INFO - [2026-06-03T12:25:20.940+0000] {dag.py:3033} INFO - Sync 1 DAGs
[2026-06-03T12:25:20.950+0000] {logging_mixin.py:188} INFO - [2026-06-03T12:25:20.950+0000] {dag.py:3820} INFO - Setting next_dagrun for example_params_ui_tutorial to None, run_after=None
[2026-06-03T12:25:20.959+0000] {processor.py:183} INFO - Processing /home/airflow/.local/lib/python3.8/site-packages/airflow/example_dags/example_params_ui_tutorial.py took 0.096 seconds
[2026-06-03T12:25:51.151+0000] {processor.py:161} INFO - Started process (PID=4130) to work on /home/airflow/.local/lib/python3.8/site-packages/airflow/example_dags/example_params_ui_tutorial.py
[2026-06-03T12:25:51.153+0000] {processor.py:830} INFO - Processing file /home/airflow/.local/lib/python3.8/site-packages/airflow/example_dags/example_params_ui_tutorial.py for tasks to queue
[2026-06-03T12:25:51.156+0000] {logging_mixin.py:188} INFO - [2026-06-03T12:25:51.156+0000] {dagbag.py:538} INFO - Filling up the DagBag from /home/airflow/.local/lib/python3.8/site-packages/airflow/example_dags/example_params_ui_tutorial.py
[2026-06-03T12:25:51.169+0000] {processor.py:840} INFO - DAG(s) 'example_params_ui_tutorial' retrieved from /home/airflow/.local/lib/python3.8/site-packages/airflow/example_dags/example_params_ui_tutorial.py
[2026-06-03T12:25:51.202+0000] {logging_mixin.py:188} INFO - [2026-06-03T12:25:51.202+0000] {dag.py:3033} INFO - Sync 1 DAGs
[2026-06-03T12:25:51.224+0000] {logging_mixin.py:188} INFO - [2026-06-03T12:25:51.224+0000] {dag.py:3820} INFO - Setting next_dagrun for example_params_ui_tutorial to None, run_after=None
[2026-06-03T12:25:51.238+0000] {processor.py:183} INFO - Processing /home/airflow/.local/lib/python3.8/site-packages/airflow/example_dags/example_params_ui_tutorial.py took 0.092 seconds
[2026-06-03T12:26:21.281+0000] {processor.py:161} INFO - Started process (PID=4186) to work on /home/airflow/.local/lib/python3.8/site-packages/airflow/example_dags/example_params_ui_tutorial.py
[2026-06-03T12:26:21.282+0000] {processor.py:830} INFO - Processing file /home/airflow/.local/lib/python3.8/site-packages/airflow/example_dags/example_params_ui_tutorial.py for tasks to queue
[2026-06-03T12:26:21.284+0000] {logging_mixin.py:188} INFO - [2026-06-03T12:26:21.284+0000] {dagbag.py:538} INFO - Filling up the DagBag from /home/airflow/.local/lib/python3.8/site-packages/airflow/example_dags/example_params_ui_tutorial.py
[2026-06-03T12:26:21.300+0000] {processor.py:840} INFO - DAG(s) 'example_params_ui_tutorial' retrieved from /home/airflow/.local/lib/python3.8/site-packages/airflow/example_dags/example_params_ui_tutorial.py
[2026-06-03T12:26:21.335+0000] {logging_mixin.py:188} INFO - [2026-06-03T12:26:21.335+0000] {dag.py:3033} INFO - Sync 1 DAGs
[2026-06-03T12:26:21.345+0000] {logging_mixin.py:188} INFO - [2026-06-03T12:26:21.345+0000] {dag.py:3820} INFO - Setting next_dagrun for example_params_ui_tutorial to None, run_after=None
[2026-06-03T12:26:21.366+0000] {processor.py:183} INFO - Processing /home/airflow/.local/lib/python3.8/site-packages/airflow/example_dags/example_params_ui_tutorial.py took 0.090 seconds
[2026-06-03T12:26:51.600+0000] {processor.py:161} INFO - Started process (PID=4242) to work on /home/airflow/.local/lib/python3.8/site-packages/airflow/example_dags/example_params_ui_tutorial.py
[2026-06-03T12:26:51.605+0000] {processor.py:830} INFO - Processing file /home/airflow/.local/lib/python3.8/site-packages/airflow/example_dags/example_params_ui_tutorial.py for tasks to queue
[2026-06-03T12:26:51.607+0000] {logging_mixin.py:188} INFO - [2026-06-03T12:26:51.607+0000] {dagbag.py:538} INFO - Filling up the DagBag from /home/airflow/.local/lib/python3.8/site-packages/airflow/example_dags/example_params_ui_tutorial.py
[2026-06-03T12:26:51.621+0000] {processor.py:840} INFO - DAG(s) 'example_params_ui_tutorial' retrieved from /home/airflow/.local/lib/python3.8/site-packages/airflow/example_dags/example_params_ui_tutorial.py
[2026-06-03T12:26:51.655+0000] {logging_mixin.py:188} INFO - [2026-06-03T12:26:51.655+0000] {dag.py:3033} INFO - Sync 1 DAGs
[2026-06-03T12:26:51.668+0000] {logging_mixin.py:188} INFO - [2026-06-03T12:26:51.668+0000] {dag.py:3820} INFO - Setting next_dagrun for example_params_ui_tutorial to None, run_after=None
[2026-06-03T12:26:51.680+0000] {processor.py:183} INFO - Processing /home/airflow/.local/lib/python3.8/site-packages/airflow/example_dags/example_params_ui_tutorial.py took 0.089 seconds
[2026-06-03T12:27:21.924+0000] {processor.py:161} INFO - Started process (PID=4298) to work on /home/airflow/.local/lib/python3.8/site-packages/airflow/example_dags/example_params_ui_tutorial.py
[2026-06-03T12:27:21.926+0000] {processor.py:830} INFO - Processing file /home/airflow/.local/lib/python3.8/site-packages/airflow/example_dags/example_params_ui_tutorial.py for tasks to queue
[2026-06-03T12:27:21.931+0000] {logging_mixin.py:188} INFO - [2026-06-03T12:27:21.930+0000] {dagbag.py:538} INFO - Filling up the DagBag from /home/airflow/.local/lib/python3.8/site-packages/airflow/example_dags/example_params_ui_tutorial.py
[2026-06-03T12:27:21.947+0000] {processor.py:840} INFO - DAG(s) 'example_params_ui_tutorial' retrieved from /home/airflow/.local/lib/python3.8/site-packages/airflow/example_dags/example_params_ui_tutorial.py
[2026-06-03T12:27:21.987+0000] {logging_mixin.py:188} INFO - [2026-06-03T12:27:21.987+0000] {dag.py:3033} INFO - Sync 1 DAGs
[2026-06-03T12:27:21.994+0000] {logging_mixin.py:188} INFO - [2026-06-03T12:27:21.994+0000] {dag.py:3820} INFO - Setting next_dagrun for example_params_ui_tutorial to None, run_after=None
[2026-06-03T12:27:22.005+0000] {processor.py:183} INFO - Processing /home/airflow/.local/lib/python3.8/site-packages/airflow/example_dags/example_params_ui_tutorial.py took 0.089 seconds
[2026-06-03T12:27:52.115+0000] {processor.py:161} INFO - Started process (PID=4354) to work on /home/airflow/.local/lib/python3.8/site-packages/airflow/example_dags/example_params_ui_tutorial.py
[2026-06-03T12:27:52.118+0000] {processor.py:830} INFO - Processing file /home/airflow/.local/lib/python3.8/site-packages/airflow/example_dags/example_params_ui_tutorial.py for tasks to queue
[2026-06-03T12:27:52.121+0000] {logging_mixin.py:188} INFO - [2026-06-03T12:27:52.120+0000] {dagbag.py:538} INFO - Filling up the DagBag from /home/airflow/.local/lib/python3.8/site-packages/airflow/example_dags/example_params_ui_tutorial.py
[2026-06-03T12:27:52.135+0000] {processor.py:840} INFO - DAG(s) 'example_params_ui_tutorial' retrieved from /home/airflow/.local/lib/python3.8/site-packages/airflow/example_dags/example_params_ui_tutorial.py
[2026-06-03T12:27:52.180+0000] {logging_mixin.py:188} INFO - [2026-06-03T12:27:52.180+0000] {dag.py:3033} INFO - Sync 1 DAGs
[2026-06-03T12:27:52.188+0000] {logging_mixin.py:188} INFO - [2026-06-03T12:27:52.188+0000] {dag.py:3820} INFO - Setting next_dagrun for example_params_ui_tutorial to None, run_after=None
[2026-06-03T12:27:52.200+0000] {processor.py:183} INFO - Processing /home/airflow/.local/lib/python3.8/site-packages/airflow/example_dags/example_params_ui_tutorial.py took 0.090 seconds
[2026-06-03T12:28:22.466+0000] {processor.py:161} INFO - Started process (PID=4410) to work on /home/airflow/.local/lib/python3.8/site-packages/airflow/example_dags/example_params_ui_tutorial.py
[2026-06-03T12:28:22.470+0000] {processor.py:830} INFO - Processing file /home/airflow/.local/lib/python3.8/site-packages/airflow/example_dags/example_params_ui_tutorial.py for tasks to queue
[2026-06-03T12:28:22.476+0000] {logging_mixin.py:188} INFO - [2026-06-03T12:28:22.476+0000] {dagbag.py:538} INFO - Filling up the DagBag from /home/airflow/.local/lib/python3.8/site-packages/airflow/example_dags/example_params_ui_tutorial.py
[2026-06-03T12:28:22.501+0000] {processor.py:840} INFO - DAG(s) 'example_params_ui_tutorial' retrieved from /home/airflow/.local/lib/python3.8/site-packages/airflow/example_dags/example_params_ui_tutorial.py
[2026-06-03T12:28:22.547+0000] {logging_mixin.py:188} INFO - [2026-06-03T12:28:22.547+0000] {dag.py:3033} INFO - Sync 1 DAGs
[2026-06-03T12:28:22.559+0000] {logging_mixin.py:188} INFO - [2026-06-03T12:28:22.559+0000] {dag.py:3820} INFO - Setting next_dagrun for example_params_ui_tutorial to None, run_after=None
[2026-06-03T12:28:22.576+0000] {processor.py:183} INFO - Processing /home/airflow/.local/lib/python3.8/site-packages/airflow/example_dags/example_params_ui_tutorial.py took 0.129 seconds
[2026-06-03T12:28:52.806+0000] {processor.py:161} INFO - Started process (PID=4466) to work on /home/airflow/.local/lib/python3.8/site-packages/airflow/example_dags/example_params_ui_tutorial.py
[2026-06-03T12:28:52.810+0000] {processor.py:830} INFO - Processing file /home/airflow/.local/lib/python3.8/site-packages/airflow/example_dags/example_params_ui_tutorial.py for tasks to queue
[2026-06-03T12:28:52.812+0000] {logging_mixin.py:188} INFO - [2026-06-03T12:28:52.812+0000] {dagbag.py:538} INFO - Filling up the DagBag from /home/airflow/.local/lib/python3.8/site-packages/airflow/example_dags/example_params_ui_tutorial.py
[2026-06-03T12:28:52.840+0000] {processor.py:840} INFO - DAG(s) 'example_params_ui_tutorial' retrieved from /home/airflow/.local/lib/python3.8/site-packages/airflow/example_dags/example_params_ui_tutorial.py
[2026-06-03T12:28:52.880+0000] {logging_mixin.py:188} INFO - [2026-06-03T12:28:52.880+0000] {dag.py:3033} INFO - Sync 1 DAGs
[2026-06-03T12:28:52.894+0000] {logging_mixin.py:188} INFO - [2026-06-03T12:28:52.894+0000] {dag.py:3820} INFO - Setting next_dagrun for example_params_ui_tutorial to None, run_after=None
[2026-06-03T12:28:52.912+0000] {processor.py:183} INFO - Processing /home/airflow/.local/lib/python3.8/site-packages/airflow/example_dags/example_params_ui_tutorial.py took 0.109 seconds
[2026-06-03T12:29:23.175+0000] {processor.py:161} INFO - Started process (PID=4522) to work on /home/airflow/.local/lib/python3.8/site-packages/airflow/example_dags/example_params_ui_tutorial.py
[2026-06-03T12:29:23.177+0000] {processor.py:830} INFO - Processing file /home/airflow/.local/lib/python3.8/site-packages/airflow/example_dags/example_params_ui_tutorial.py for tasks to queue
[2026-06-03T12:29:23.189+0000] {logging_mixin.py:188} INFO - [2026-06-03T12:29:23.188+0000] {dagbag.py:538} INFO - Filling up the DagBag from /home/airflow/.local/lib/python3.8/site-packages/airflow/example_dags/example_params_ui_tutorial.py
[2026-06-03T12:29:23.213+0000] {processor.py:840} INFO - DAG(s) 'example_params_ui_tutorial' retrieved from /home/airflow/.local/lib/python3.8/site-packages/airflow/example_dags/example_params_ui_tutorial.py
[2026-06-03T12:29:23.265+0000] {logging_mixin.py:188} INFO - [2026-06-03T12:29:23.265+0000] {dag.py:3033} INFO - Sync 1 DAGs
[2026-06-03T12:29:23.276+0000] {logging_mixin.py:188} INFO - [2026-06-03T12:29:23.276+0000] {dag.py:3820} INFO - Setting next_dagrun for example_params_ui_tutorial to None, run_after=None
[2026-06-03T12:29:23.293+0000] {processor.py:183} INFO - Processing /home/airflow/.local/lib/python3.8/site-packages/airflow/example_dags/example_params_ui_tutorial.py took 0.121 seconds
[2026-06-03T12:29:53.632+0000] {processor.py:161} INFO - Started process (PID=4577) to work on /home/airflow/.local/lib/python3.8/site-packages/airflow/example_dags/example_params_ui_tutorial.py
[2026-06-03T12:29:53.633+0000] {processor.py:830} INFO - Processing file /home/airflow/.local/lib/python3.8/site-packages/airflow/example_dags/example_params_ui_tutorial.py for tasks to queue
[2026-06-03T12:29:53.635+0000] {logging_mixin.py:188} INFO - [2026-06-03T12:29:53.634+0000] {dagbag.py:538} INFO - Filling up the DagBag from /home/airflow/.local/lib/python3.8/site-packages/airflow/example_dags/example_params_ui_tutorial.py
[2026-06-03T12:29:53.655+0000] {processor.py:840} INFO - DAG(s) 'example_params_ui_tutorial' retrieved from /home/airflow/.local/lib/python3.8/site-packages/airflow/example_dags/example_params_ui_tutorial.py
[2026-06-03T12:29:53.703+0000] {logging_mixin.py:188} INFO - [2026-06-03T12:29:53.703+0000] {dag.py:3033} INFO - Sync 1 DAGs
[2026-06-03T12:29:53.709+0000] {logging_mixin.py:188} INFO - [2026-06-03T12:29:53.709+0000] {dag.py:3820} INFO - Setting next_dagrun for example_params_ui_tutorial to None, run_after=None
[2026-06-03T12:29:53.722+0000] {processor.py:183} INFO - Processing /home/airflow/.local/lib/python3.8/site-packages/airflow/example_dags/example_params_ui_tutorial.py took 0.094 seconds
[2026-06-03T12:30:24.223+0000] {processor.py:161} INFO - Started process (PID=4633) to work on /home/airflow/.local/lib/python3.8/site-packages/airflow/example_dags/example_params_ui_tutorial.py
[2026-06-03T12:30:24.224+0000] {processor.py:830} INFO - Processing file /home/airflow/.local/lib/python3.8/site-packages/airflow/example_dags/example_params_ui_tutorial.py for tasks to queue
[2026-06-03T12:30:24.227+0000] {logging_mixin.py:188} INFO - [2026-06-03T12:30:24.227+0000] {dagbag.py:538} INFO - Filling up the DagBag from /home/airflow/.local/lib/python3.8/site-packages/airflow/example_dags/example_params_ui_tutorial.py
[2026-06-03T12:30:24.250+0000] {processor.py:840} INFO - DAG(s) 'example_params_ui_tutorial' retrieved from /home/airflow/.local/lib/python3.8/site-packages/airflow/example_dags/example_params_ui_tutorial.py
[2026-06-03T12:30:24.281+0000] {logging_mixin.py:188} INFO - [2026-06-03T12:30:24.281+0000] {dag.py:3033} INFO - Sync 1 DAGs
[2026-06-03T12:30:24.288+0000] {logging_mixin.py:188} INFO - [2026-06-03T12:30:24.288+0000] {dag.py:3820} INFO - Setting next_dagrun for example_params_ui_tutorial to None, run_after=None
[2026-06-03T12:30:24.302+0000] {processor.py:183} INFO - Processing /home/airflow/.local/lib/python3.8/site-packages/airflow/example_dags/example_params_ui_tutorial.py took 0.085 seconds
[2026-06-03T12:30:54.755+0000] {processor.py:161} INFO - Started process (PID=4689) to work on /home/airflow/.local/lib/python3.8/site-packages/airflow/example_dags/example_params_ui_tutorial.py
[2026-06-03T12:30:54.756+0000] {processor.py:830} INFO - Processing file /home/airflow/.local/lib/python3.8/site-packages/airflow/example_dags/example_params_ui_tutorial.py for tasks to queue
[2026-06-03T12:30:54.758+0000] {logging_mixin.py:188} INFO - [2026-06-03T12:30:54.758+0000] {dagbag.py:538} INFO - Filling up the DagBag from /home/airflow/.local/lib/python3.8/site-packages/airflow/example_dags/example_params_ui_tutorial.py
[2026-06-03T12:30:54.786+0000] {processor.py:840} INFO - DAG(s) 'example_params_ui_tutorial' retrieved from /home/airflow/.local/lib/python3.8/site-packages/airflow/example_dags/example_params_ui_tutorial.py
[2026-06-03T12:30:54.818+0000] {logging_mixin.py:188} INFO - [2026-06-03T12:30:54.818+0000] {dag.py:3033} INFO - Sync 1 DAGs
[2026-06-03T12:30:54.828+0000] {logging_mixin.py:188} INFO - [2026-06-03T12:30:54.828+0000] {dag.py:3820} INFO - Setting next_dagrun for example_params_ui_tutorial to None, run_after=None
[2026-06-03T12:30:54.839+0000] {processor.py:183} INFO - Processing /home/airflow/.local/lib/python3.8/site-packages/airflow/example_dags/example_params_ui_tutorial.py took 0.089 seconds
[2026-06-03T12:31:25.391+0000] {processor.py:161} INFO - Started process (PID=4745) to work on /home/airflow/.local/lib/python3.8/site-packages/airflow/example_dags/example_params_ui_tutorial.py
[2026-06-03T12:31:25.393+0000] {processor.py:830} INFO - Processing file /home/airflow/.local/lib/python3.8/site-packages/airflow/example_dags/example_params_ui_tutorial.py for tasks to queue
[2026-06-03T12:31:25.396+0000] {logging_mixin.py:188} INFO - [2026-06-03T12:31:25.396+0000] {dagbag.py:538} INFO - Filling up the DagBag from /home/airflow/.local/lib/python3.8/site-packages/airflow/example_dags/example_params_ui_tutorial.py
[2026-06-03T12:31:25.415+0000] {processor.py:840} INFO - DAG(s) 'example_params_ui_tutorial' retrieved from /home/airflow/.local/lib/python3.8/site-packages/airflow/example_dags/example_params_ui_tutorial.py
[2026-06-03T12:31:25.470+0000] {logging_mixin.py:188} INFO - [2026-06-03T12:31:25.470+0000] {dag.py:3033} INFO - Sync 1 DAGs
[2026-06-03T12:31:25.481+0000] {logging_mixin.py:188} INFO - [2026-06-03T12:31:25.481+0000] {dag.py:3820} INFO - Setting next_dagrun for example_params_ui_tutorial to None, run_after=None
[2026-06-03T12:31:25.500+0000] {processor.py:183} INFO - Processing /home/airflow/.local/lib/python3.8/site-packages/airflow/example_dags/example_params_ui_tutorial.py took 0.123 seconds
[2026-06-03T12:31:56.347+0000] {processor.py:161} INFO - Started process (PID=4801) to work on /home/airflow/.local/lib/python3.8/site-packages/airflow/example_dags/example_params_ui_tutorial.py
[2026-06-03T12:31:56.350+0000] {processor.py:830} INFO - Processing file /home/airflow/.local/lib/python3.8/site-packages/airflow/example_dags/example_params_ui_tutorial.py for tasks to queue
[2026-06-03T12:31:56.362+0000] {logging_mixin.py:188} INFO - [2026-06-03T12:31:56.362+0000] {dagbag.py:538} INFO - Filling up the DagBag from /home/airflow/.local/lib/python3.8/site-packages/airflow/example_dags/example_params_ui_tutorial.py
[2026-06-03T12:31:56.425+0000] {processor.py:840} INFO - DAG(s) 'example_params_ui_tutorial' retrieved from /home/airflow/.local/lib/python3.8/site-packages/airflow/example_dags/example_params_ui_tutorial.py
[2026-06-03T12:31:56.486+0000] {logging_mixin.py:188} INFO - [2026-06-03T12:31:56.486+0000] {dag.py:3033} INFO - Sync 1 DAGs
[2026-06-03T12:31:56.496+0000] {logging_mixin.py:188} INFO - [2026-06-03T12:31:56.496+0000] {dag.py:3820} INFO - Setting next_dagrun for example_params_ui_tutorial to None, run_after=None
[2026-06-03T12:31:56.508+0000] {processor.py:183} INFO - Processing /home/airflow/.local/lib/python3.8/site-packages/airflow/example_dags/example_params_ui_tutorial.py took 0.181 seconds
[2026-06-03T12:32:27.190+0000] {processor.py:161} INFO - Started process (PID=4857) to work on /home/airflow/.local/lib/python3.8/site-packages/airflow/example_dags/example_params_ui_tutorial.py
[2026-06-03T12:32:27.191+0000] {processor.py:830} INFO - Processing file /home/airflow/.local/lib/python3.8/site-packages/airflow/example_dags/example_params_ui_tutorial.py for tasks to queue
[2026-06-03T12:32:27.193+0000] {logging_mixin.py:188} INFO - [2026-06-03T12:32:27.193+0000] {dagbag.py:538} INFO - Filling up the DagBag from /home/airflow/.local/lib/python3.8/site-packages/airflow/example_dags/example_params_ui_tutorial.py
[2026-06-03T12:32:27.206+0000] {processor.py:840} INFO - DAG(s) 'example_params_ui_tutorial' retrieved from /home/airflow/.local/lib/python3.8/site-packages/airflow/example_dags/example_params_ui_tutorial.py
[2026-06-03T12:32:27.244+0000] {logging_mixin.py:188} INFO - [2026-06-03T12:32:27.244+0000] {dag.py:3033} INFO - Sync 1 DAGs
[2026-06-03T12:32:27.254+0000] {logging_mixin.py:188} INFO - [2026-06-03T12:32:27.254+0000] {dag.py:3820} INFO - Setting next_dagrun for example_params_ui_tutorial to None, run_after=None
[2026-06-03T12:32:27.270+0000] {processor.py:183} INFO - Processing /home/airflow/.local/lib/python3.8/site-packages/airflow/example_dags/example_params_ui_tutorial.py took 0.083 seconds
[2026-06-03T12:32:57.723+0000] {processor.py:161} INFO - Started process (PID=4913) to work on /home/airflow/.local/lib/python3.8/site-packages/airflow/example_dags/example_params_ui_tutorial.py
[2026-06-03T12:32:57.724+0000] {processor.py:830} INFO - Processing file /home/airflow/.local/lib/python3.8/site-packages/airflow/example_dags/example_params_ui_tutorial.py for tasks to queue
[2026-06-03T12:32:57.726+0000] {logging_mixin.py:188} INFO - [2026-06-03T12:32:57.726+0000] {dagbag.py:538} INFO - Filling up the DagBag from /home/airflow/.local/lib/python3.8/site-packages/airflow/example_dags/example_params_ui_tutorial.py
[2026-06-03T12:32:57.739+0000] {processor.py:840} INFO - DAG(s) 'example_params_ui_tutorial' retrieved from /home/airflow/.local/lib/python3.8/site-packages/airflow/example_dags/example_params_ui_tutorial.py
[2026-06-03T12:32:57.772+0000] {logging_mixin.py:188} INFO - [2026-06-03T12:32:57.772+0000] {dag.py:3033} INFO - Sync 1 DAGs
[2026-06-03T12:32:57.777+0000] {logging_mixin.py:188} INFO - [2026-06-03T12:32:57.777+0000] {dag.py:3820} INFO - Setting next_dagrun for example_params_ui_tutorial to None, run_after=None
[2026-06-03T12:32:57.791+0000] {processor.py:183} INFO - Processing /home/airflow/.local/lib/python3.8/site-packages/airflow/example_dags/example_params_ui_tutorial.py took 0.073 seconds
[2026-06-03T12:33:27.961+0000] {processor.py:161} INFO - Started process (PID=4969) to work on /home/airflow/.local/lib/python3.8/site-packages/airflow/example_dags/example_params_ui_tutorial.py
[2026-06-03T12:33:27.963+0000] {processor.py:830} INFO - Processing file /home/airflow/.local/lib/python3.8/site-packages/airflow/example_dags/example_params_ui_tutorial.py for tasks to queue
[2026-06-03T12:33:27.965+0000] {logging_mixin.py:188} INFO - [2026-06-03T12:33:27.965+0000] {dagbag.py:538} INFO - Filling up the DagBag from /home/airflow/.local/lib/python3.8/site-packages/airflow/example_dags/example_params_ui_tutorial.py
[2026-06-03T12:33:27.984+0000] {processor.py:840} INFO - DAG(s) 'example_params_ui_tutorial' retrieved from /home/airflow/.local/lib/python3.8/site-packages/airflow/example_dags/example_params_ui_tutorial.py
[2026-06-03T12:33:28.018+0000] {logging_mixin.py:188} INFO - [2026-06-03T12:33:28.018+0000] {dag.py:3033} INFO - Sync 1 DAGs
[2026-06-03T12:33:28.028+0000] {logging_mixin.py:188} INFO - [2026-06-03T12:33:28.028+0000] {dag.py:3820} INFO - Setting next_dagrun for example_params_ui_tutorial to None, run_after=None
[2026-06-03T12:33:28.044+0000] {processor.py:183} INFO - Processing /home/airflow/.local/lib/python3.8/site-packages/airflow/example_dags/example_params_ui_tutorial.py took 0.088 seconds
[2026-06-03T12:33:58.335+0000] {processor.py:161} INFO - Started process (PID=5025) to work on /home/airflow/.local/lib/python3.8/site-packages/airflow/example_dags/example_params_ui_tutorial.py
[2026-06-03T12:33:58.337+0000] {processor.py:830} INFO - Processing file /home/airflow/.local/lib/python3.8/site-packages/airflow/example_dags/example_params_ui_tutorial.py for tasks to queue
[2026-06-03T12:33:58.340+0000] {logging_mixin.py:188} INFO - [2026-06-03T12:33:58.340+0000] {dagbag.py:538} INFO - Filling up the DagBag from /home/airflow/.local/lib/python3.8/site-packages/airflow/example_dags/example_params_ui_tutorial.py
[2026-06-03T12:33:58.367+0000] {processor.py:840} INFO - DAG(s) 'example_params_ui_tutorial' retrieved from /home/airflow/.local/lib/python3.8/site-packages/airflow/example_dags/example_params_ui_tutorial.py
[2026-06-03T12:33:58.405+0000] {logging_mixin.py:188} INFO - [2026-06-03T12:33:58.405+0000] {dag.py:3033} INFO - Sync 1 DAGs
[2026-06-03T12:33:58.416+0000] {logging_mixin.py:188} INFO - [2026-06-03T12:33:58.415+0000] {dag.py:3820} INFO - Setting next_dagrun for example_params_ui_tutorial to None, run_after=None
[2026-06-03T12:33:58.428+0000] {processor.py:183} INFO - Processing /home/airflow/.local/lib/python3.8/site-packages/airflow/example_dags/example_params_ui_tutorial.py took 0.096 seconds
[2026-06-03T12:34:28.580+0000] {processor.py:161} INFO - Started process (PID=5081) to work on /home/airflow/.local/lib/python3.8/site-packages/airflow/example_dags/example_params_ui_tutorial.py
[2026-06-03T12:34:28.582+0000] {processor.py:830} INFO - Processing file /home/airflow/.local/lib/python3.8/site-packages/airflow/example_dags/example_params_ui_tutorial.py for tasks to queue
[2026-06-03T12:34:28.585+0000] {logging_mixin.py:188} INFO - [2026-06-03T12:34:28.585+0000] {dagbag.py:538} INFO - Filling up the DagBag from /home/airflow/.local/lib/python3.8/site-packages/airflow/example_dags/example_params_ui_tutorial.py
[2026-06-03T12:34:28.608+0000] {processor.py:840} INFO - DAG(s) 'example_params_ui_tutorial' retrieved from /home/airflow/.local/lib/python3.8/site-packages/airflow/example_dags/example_params_ui_tutorial.py
[2026-06-03T12:34:28.648+0000] {logging_mixin.py:188} INFO - [2026-06-03T12:34:28.648+0000] {dag.py:3033} INFO - Sync 1 DAGs
[2026-06-03T12:34:28.655+0000] {logging_mixin.py:188} INFO - [2026-06-03T12:34:28.655+0000] {dag.py:3820} INFO - Setting next_dagrun for example_params_ui_tutorial to None, run_after=None
[2026-06-03T12:34:28.667+0000] {processor.py:183} INFO - Processing /home/airflow/.local/lib/python3.8/site-packages/airflow/example_dags/example_params_ui_tutorial.py took 0.093 seconds
[2026-06-03T12:34:58.996+0000] {processor.py:161} INFO - Started process (PID=5137) to work on /home/airflow/.local/lib/python3.8/site-packages/airflow/example_dags/example_params_ui_tutorial.py
[2026-06-03T12:34:58.997+0000] {processor.py:830} INFO - Processing file /home/airflow/.local/lib/python3.8/site-packages/airflow/example_dags/example_params_ui_tutorial.py for tasks to queue
[2026-06-03T12:34:58.999+0000] {logging_mixin.py:188} INFO - [2026-06-03T12:34:58.999+0000] {dagbag.py:538} INFO - Filling up the DagBag from /home/airflow/.local/lib/python3.8/site-packages/airflow/example_dags/example_params_ui_tutorial.py
[2026-06-03T12:34:59.019+0000] {processor.py:840} INFO - DAG(s) 'example_params_ui_tutorial' retrieved from /home/airflow/.local/lib/python3.8/site-packages/airflow/example_dags/example_params_ui_tutorial.py
[2026-06-03T12:34:59.054+0000] {logging_mixin.py:188} INFO - [2026-06-03T12:34:59.054+0000] {dag.py:3033} INFO - Sync 1 DAGs
[2026-06-03T12:34:59.060+0000] {logging_mixin.py:188} INFO - [2026-06-03T12:34:59.060+0000] {dag.py:3820} INFO - Setting next_dagrun for example_params_ui_tutorial to None, run_after=None
[2026-06-03T12:34:59.071+0000] {processor.py:183} INFO - Processing /home/airflow/.local/lib/python3.8/site-packages/airflow/example_dags/example_params_ui_tutorial.py took 0.079 seconds
[2026-06-03T12:35:29.376+0000] {processor.py:161} INFO - Started process (PID=5193) to work on /home/airflow/.local/lib/python3.8/site-packages/airflow/example_dags/example_params_ui_tutorial.py
[2026-06-03T12:35:29.377+0000] {processor.py:830} INFO - Processing file /home/airflow/.local/lib/python3.8/site-packages/airflow/example_dags/example_params_ui_tutorial.py for tasks to queue
[2026-06-03T12:35:29.379+0000] {logging_mixin.py:188} INFO - [2026-06-03T12:35:29.379+0000] {dagbag.py:538} INFO - Filling up the DagBag from /home/airflow/.local/lib/python3.8/site-packages/airflow/example_dags/example_params_ui_tutorial.py
[2026-06-03T12:35:29.393+0000] {processor.py:840} INFO - DAG(s) 'example_params_ui_tutorial' retrieved from /home/airflow/.local/lib/python3.8/site-packages/airflow/example_dags/example_params_ui_tutorial.py
[2026-06-03T12:35:29.429+0000] {logging_mixin.py:188} INFO - [2026-06-03T12:35:29.429+0000] {dag.py:3033} INFO - Sync 1 DAGs
[2026-06-03T12:35:29.436+0000] {logging_mixin.py:188} INFO - [2026-06-03T12:35:29.436+0000] {dag.py:3820} INFO - Setting next_dagrun for example_params_ui_tutorial to None, run_after=None
[2026-06-03T12:35:29.447+0000] {processor.py:183} INFO - Processing /home/airflow/.local/lib/python3.8/site-packages/airflow/example_dags/example_params_ui_tutorial.py took 0.077 seconds
[2026-06-03T12:35:59.577+0000] {processor.py:161} INFO - Started process (PID=5249) to work on /home/airflow/.local/lib/python3.8/site-packages/airflow/example_dags/example_params_ui_tutorial.py
[2026-06-03T12:35:59.579+0000] {processor.py:830} INFO - Processing file /home/airflow/.local/lib/python3.8/site-packages/airflow/example_dags/example_params_ui_tutorial.py for tasks to queue
[2026-06-03T12:35:59.582+0000] {logging_mixin.py:188} INFO - [2026-06-03T12:35:59.582+0000] {dagbag.py:538} INFO - Filling up the DagBag from /home/airflow/.local/lib/python3.8/site-packages/airflow/example_dags/example_params_ui_tutorial.py
[2026-06-03T12:35:59.599+0000] {processor.py:840} INFO - DAG(s) 'example_params_ui_tutorial' retrieved from /home/airflow/.local/lib/python3.8/site-packages/airflow/example_dags/example_params_ui_tutorial.py
[2026-06-03T12:35:59.632+0000] {logging_mixin.py:188} INFO - [2026-06-03T12:35:59.632+0000] {dag.py:3033} INFO - Sync 1 DAGs
[2026-06-03T12:35:59.640+0000] {logging_mixin.py:188} INFO - [2026-06-03T12:35:59.639+0000] {dag.py:3820} INFO - Setting next_dagrun for example_params_ui_tutorial to None, run_after=None
[2026-06-03T12:35:59.663+0000] {processor.py:183} INFO - Processing /home/airflow/.local/lib/python3.8/site-packages/airflow/example_dags/example_params_ui_tutorial.py took 0.091 seconds
[2026-06-03T12:36:29.799+0000] {processor.py:161} INFO - Started process (PID=5305) to work on /home/airflow/.local/lib/python3.8/site-packages/airflow/example_dags/example_params_ui_tutorial.py
[2026-06-03T12:36:29.802+0000] {processor.py:830} INFO - Processing file /home/airflow/.local/lib/python3.8/site-packages/airflow/example_dags/example_params_ui_tutorial.py for tasks to queue
[2026-06-03T12:36:29.805+0000] {logging_mixin.py:188} INFO - [2026-06-03T12:36:29.805+0000] {dagbag.py:538} INFO - Filling up the DagBag from /home/airflow/.local/lib/python3.8/site-packages/airflow/example_dags/example_params_ui_tutorial.py
[2026-06-03T12:36:29.821+0000] {processor.py:840} INFO - DAG(s) 'example_params_ui_tutorial' retrieved from /home/airflow/.local/lib/python3.8/site-packages/airflow/example_dags/example_params_ui_tutorial.py
[2026-06-03T12:36:29.864+0000] {logging_mixin.py:188} INFO - [2026-06-03T12:36:29.864+0000] {dag.py:3033} INFO - Sync 1 DAGs
[2026-06-03T12:36:29.874+0000] {logging_mixin.py:188} INFO - [2026-06-03T12:36:29.873+0000] {dag.py:3820} INFO - Setting next_dagrun for example_params_ui_tutorial to None, run_after=None
[2026-06-03T12:36:29.886+0000] {processor.py:183} INFO - Processing /home/airflow/.local/lib/python3.8/site-packages/airflow/example_dags/example_params_ui_tutorial.py took 0.094 seconds
[2026-06-03T12:37:00.080+0000] {processor.py:161} INFO - Started process (PID=5361) to work on /home/airflow/.local/lib/python3.8/site-packages/airflow/example_dags/example_params_ui_tutorial.py
[2026-06-03T12:37:00.083+0000] {processor.py:830} INFO - Processing file /home/airflow/.local/lib/python3.8/site-packages/airflow/example_dags/example_params_ui_tutorial.py for tasks to queue
[2026-06-03T12:37:00.097+0000] {logging_mixin.py:188} INFO - [2026-06-03T12:37:00.097+0000] {dagbag.py:538} INFO - Filling up the DagBag from /home/airflow/.local/lib/python3.8/site-packages/airflow/example_dags/example_params_ui_tutorial.py
[2026-06-03T12:37:00.123+0000] {processor.py:840} INFO - DAG(s) 'example_params_ui_tutorial' retrieved from /home/airflow/.local/lib/python3.8/site-packages/airflow/example_dags/example_params_ui_tutorial.py
[2026-06-03T12:37:00.183+0000] {logging_mixin.py:188} INFO - [2026-06-03T12:37:00.183+0000] {dag.py:3033} INFO - Sync 1 DAGs
[2026-06-03T12:37:00.191+0000] {logging_mixin.py:188} INFO - [2026-06-03T12:37:00.191+0000] {dag.py:3820} INFO - Setting next_dagrun for example_params_ui_tutorial to None, run_after=None
[2026-06-03T12:37:00.204+0000] {processor.py:183} INFO - Processing /home/airflow/.local/lib/python3.8/site-packages/airflow/example_dags/example_params_ui_tutorial.py took 0.128 seconds
[2026-06-03T12:37:30.391+0000] {processor.py:161} INFO - Started process (PID=5417) to work on /home/airflow/.local/lib/python3.8/site-packages/airflow/example_dags/example_params_ui_tutorial.py
[2026-06-03T12:37:30.392+0000] {processor.py:830} INFO - Processing file /home/airflow/.local/lib/python3.8/site-packages/airflow/example_dags/example_params_ui_tutorial.py for tasks to queue
[2026-06-03T12:37:30.396+0000] {logging_mixin.py:188} INFO - [2026-06-03T12:37:30.396+0000] {dagbag.py:538} INFO - Filling up the DagBag from /home/airflow/.local/lib/python3.8/site-packages/airflow/example_dags/example_params_ui_tutorial.py
[2026-06-03T12:37:30.435+0000] {processor.py:840} INFO - DAG(s) 'example_params_ui_tutorial' retrieved from /home/airflow/.local/lib/python3.8/site-packages/airflow/example_dags/example_params_ui_tutorial.py
[2026-06-03T12:37:30.490+0000] {logging_mixin.py:188} INFO - [2026-06-03T12:37:30.490+0000] {dag.py:3033} INFO - Sync 1 DAGs
[2026-06-03T12:37:30.503+0000] {logging_mixin.py:188} INFO - [2026-06-03T12:37:30.503+0000] {dag.py:3820} INFO - Setting next_dagrun for example_params_ui_tutorial to None, run_after=None
[2026-06-03T12:37:30.518+0000] {processor.py:183} INFO - Processing /home/airflow/.local/lib/python3.8/site-packages/airflow/example_dags/example_params_ui_tutorial.py took 0.134 seconds
[2026-06-03T12:38:00.717+0000] {processor.py:161} INFO - Started process (PID=5473) to work on /home/airflow/.local/lib/python3.8/site-packages/airflow/example_dags/example_params_ui_tutorial.py
[2026-06-03T12:38:00.719+0000] {processor.py:830} INFO - Processing file /home/airflow/.local/lib/python3.8/site-packages/airflow/example_dags/example_params_ui_tutorial.py for tasks to queue
[2026-06-03T12:38:00.723+0000] {logging_mixin.py:188} INFO - [2026-06-03T12:38:00.722+0000] {dagbag.py:538} INFO - Filling up the DagBag from /home/airflow/.local/lib/python3.8/site-packages/airflow/example_dags/example_params_ui_tutorial.py
[2026-06-03T12:38:00.739+0000] {processor.py:840} INFO - DAG(s) 'example_params_ui_tutorial' retrieved from /home/airflow/.local/lib/python3.8/site-packages/airflow/example_dags/example_params_ui_tutorial.py
[2026-06-03T12:38:00.792+0000] {logging_mixin.py:188} INFO - [2026-06-03T12:38:00.792+0000] {dag.py:3033} INFO - Sync 1 DAGs
[2026-06-03T12:38:00.800+0000] {logging_mixin.py:188} INFO - [2026-06-03T12:38:00.800+0000] {dag.py:3820} INFO - Setting next_dagrun for example_params_ui_tutorial to None, run_after=None
[2026-06-03T12:38:00.816+0000] {processor.py:183} INFO - Processing /home/airflow/.local/lib/python3.8/site-packages/airflow/example_dags/example_params_ui_tutorial.py took 0.106 seconds
[2026-06-03T12:38:31.587+0000] {processor.py:161} INFO - Started process (PID=5529) to work on /home/airflow/.local/lib/python3.8/site-packages/airflow/example_dags/example_params_ui_tutorial.py
[2026-06-03T12:38:31.589+0000] {processor.py:830} INFO - Processing file /home/airflow/.local/lib/python3.8/site-packages/airflow/example_dags/example_params_ui_tutorial.py for tasks to queue
[2026-06-03T12:38:31.599+0000] {logging_mixin.py:188} INFO - [2026-06-03T12:38:31.597+0000] {dagbag.py:538} INFO - Filling up the DagBag from /home/airflow/.local/lib/python3.8/site-packages/airflow/example_dags/example_params_ui_tutorial.py
[2026-06-03T12:38:31.642+0000] {processor.py:840} INFO - DAG(s) 'example_params_ui_tutorial' retrieved from /home/airflow/.local/lib/python3.8/site-packages/airflow/example_dags/example_params_ui_tutorial.py
[2026-06-03T12:38:31.712+0000] {logging_mixin.py:188} INFO - [2026-06-03T12:38:31.712+0000] {dag.py:3033} INFO - Sync 1 DAGs
[2026-06-03T12:38:31.736+0000] {logging_mixin.py:188} INFO - [2026-06-03T12:38:31.736+0000] {dag.py:3820} INFO - Setting next_dagrun for example_params_ui_tutorial to None, run_after=None
[2026-06-03T12:38:31.802+0000] {processor.py:183} INFO - Processing /home/airflow/.local/lib/python3.8/site-packages/airflow/example_dags/example_params_ui_tutorial.py took 0.232 seconds
[2026-06-03T12:39:02.224+0000] {processor.py:161} INFO - Started process (PID=5585) to work on /home/airflow/.local/lib/python3.8/site-packages/airflow/example_dags/example_params_ui_tutorial.py
[2026-06-03T12:39:02.225+0000] {processor.py:830} INFO - Processing file /home/airflow/.local/lib/python3.8/site-packages/airflow/example_dags/example_params_ui_tutorial.py for tasks to queue
[2026-06-03T12:39:02.229+0000] {logging_mixin.py:188} INFO - [2026-06-03T12:39:02.228+0000] {dagbag.py:538} INFO - Filling up the DagBag from /home/airflow/.local/lib/python3.8/site-packages/airflow/example_dags/example_params_ui_tutorial.py
[2026-06-03T12:39:02.264+0000] {processor.py:840} INFO - DAG(s) 'example_params_ui_tutorial' retrieved from /home/airflow/.local/lib/python3.8/site-packages/airflow/example_dags/example_params_ui_tutorial.py
[2026-06-03T12:39:02.311+0000] {logging_mixin.py:188} INFO - [2026-06-03T12:39:02.310+0000] {dag.py:3033} INFO - Sync 1 DAGs
[2026-06-03T12:39:02.318+0000] {logging_mixin.py:188} INFO - [2026-06-03T12:39:02.318+0000] {dag.py:3820} INFO - Setting next_dagrun for example_params_ui_tutorial to None, run_after=None
[2026-06-03T12:39:02.339+0000] {processor.py:183} INFO - Processing /home/airflow/.local/lib/python3.8/site-packages/airflow/example_dags/example_params_ui_tutorial.py took 0.122 seconds
[2026-06-03T12:39:33.258+0000] {processor.py:161} INFO - Started process (PID=5641) to work on /home/airflow/.local/lib/python3.8/site-packages/airflow/example_dags/example_params_ui_tutorial.py
[2026-06-03T12:39:33.259+0000] {processor.py:830} INFO - Processing file /home/airflow/.local/lib/python3.8/site-packages/airflow/example_dags/example_params_ui_tutorial.py for tasks to queue
[2026-06-03T12:39:33.262+0000] {logging_mixin.py:188} INFO - [2026-06-03T12:39:33.262+0000] {dagbag.py:538} INFO - Filling up the DagBag from /home/airflow/.local/lib/python3.8/site-packages/airflow/example_dags/example_params_ui_tutorial.py
[2026-06-03T12:39:33.278+0000] {processor.py:840} INFO - DAG(s) 'example_params_ui_tutorial' retrieved from /home/airflow/.local/lib/python3.8/site-packages/airflow/example_dags/example_params_ui_tutorial.py
[2026-06-03T12:39:33.319+0000] {logging_mixin.py:188} INFO - [2026-06-03T12:39:33.319+0000] {dag.py:3033} INFO - Sync 1 DAGs
[2026-06-03T12:39:33.329+0000] {logging_mixin.py:188} INFO - [2026-06-03T12:39:33.329+0000] {dag.py:3820} INFO - Setting next_dagrun for example_params_ui_tutorial to None, run_after=None
[2026-06-03T12:39:33.351+0000] {processor.py:183} INFO - Processing /home/airflow/.local/lib/python3.8/site-packages/airflow/example_dags/example_params_ui_tutorial.py took 0.095 seconds
[2026-06-03T12:40:03.818+0000] {processor.py:161} INFO - Started process (PID=5697) to work on /home/airflow/.local/lib/python3.8/site-packages/airflow/example_dags/example_params_ui_tutorial.py
[2026-06-03T12:40:03.821+0000] {processor.py:830} INFO - Processing file /home/airflow/.local/lib/python3.8/site-packages/airflow/example_dags/example_params_ui_tutorial.py for tasks to queue
[2026-06-03T12:40:03.827+0000] {logging_mixin.py:188} INFO - [2026-06-03T12:40:03.827+0000] {dagbag.py:538} INFO - Filling up the DagBag from /home/airflow/.local/lib/python3.8/site-packages/airflow/example_dags/example_params_ui_tutorial.py
[2026-06-03T12:40:03.851+0000] {processor.py:840} INFO - DAG(s) 'example_params_ui_tutorial' retrieved from /home/airflow/.local/lib/python3.8/site-packages/airflow/example_dags/example_params_ui_tutorial.py
[2026-06-03T12:40:03.910+0000] {logging_mixin.py:188} INFO - [2026-06-03T12:40:03.910+0000] {dag.py:3033} INFO - Sync 1 DAGs
[2026-06-03T12:40:03.917+0000] {logging_mixin.py:188} INFO - [2026-06-03T12:40:03.917+0000] {dag.py:3820} INFO - Setting next_dagrun for example_params_ui_tutorial to None, run_after=None
[2026-06-03T12:40:03.945+0000] {processor.py:183} INFO - Processing /home/airflow/.local/lib/python3.8/site-packages/airflow/example_dags/example_params_ui_tutorial.py took 0.156 seconds
[2026-06-03T12:40:34.829+0000] {processor.py:161} INFO - Started process (PID=5753) to work on /home/airflow/.local/lib/python3.8/site-packages/airflow/example_dags/example_params_ui_tutorial.py
[2026-06-03T12:40:34.831+0000] {processor.py:830} INFO - Processing file /home/airflow/.local/lib/python3.8/site-packages/airflow/example_dags/example_params_ui_tutorial.py for tasks to queue
[2026-06-03T12:40:34.833+0000] {logging_mixin.py:188} INFO - [2026-06-03T12:40:34.833+0000] {dagbag.py:538} INFO - Filling up the DagBag from /home/airflow/.local/lib/python3.8/site-packages/airflow/example_dags/example_params_ui_tutorial.py
[2026-06-03T12:40:34.871+0000] {processor.py:840} INFO - DAG(s) 'example_params_ui_tutorial' retrieved from /home/airflow/.local/lib/python3.8/site-packages/airflow/example_dags/example_params_ui_tutorial.py
[2026-06-03T12:40:34.911+0000] {logging_mixin.py:188} INFO - [2026-06-03T12:40:34.911+0000] {dag.py:3033} INFO - Sync 1 DAGs
[2026-06-03T12:40:34.919+0000] {logging_mixin.py:188} INFO - [2026-06-03T12:40:34.919+0000] {dag.py:3820} INFO - Setting next_dagrun for example_params_ui_tutorial to None, run_after=None
[2026-06-03T12:40:34.933+0000] {processor.py:183} INFO - Processing /home/airflow/.local/lib/python3.8/site-packages/airflow/example_dags/example_params_ui_tutorial.py took 0.111 seconds
[2026-06-03T12:41:05.388+0000] {processor.py:161} INFO - Started process (PID=5809) to work on /home/airflow/.local/lib/python3.8/site-packages/airflow/example_dags/example_params_ui_tutorial.py
[2026-06-03T12:41:05.389+0000] {processor.py:830} INFO - Processing file /home/airflow/.local/lib/python3.8/site-packages/airflow/example_dags/example_params_ui_tutorial.py for tasks to queue
[2026-06-03T12:41:05.393+0000] {logging_mixin.py:188} INFO - [2026-06-03T12:41:05.392+0000] {dagbag.py:538} INFO - Filling up the DagBag from /home/airflow/.local/lib/python3.8/site-packages/airflow/example_dags/example_params_ui_tutorial.py
[2026-06-03T12:41:05.408+0000] {processor.py:840} INFO - DAG(s) 'example_params_ui_tutorial' retrieved from /home/airflow/.local/lib/python3.8/site-packages/airflow/example_dags/example_params_ui_tutorial.py
[2026-06-03T12:41:05.437+0000] {logging_mixin.py:188} INFO - [2026-06-03T12:41:05.437+0000] {dag.py:3033} INFO - Sync 1 DAGs
[2026-06-03T12:41:05.445+0000] {logging_mixin.py:188} INFO - [2026-06-03T12:41:05.445+0000] {dag.py:3820} INFO - Setting next_dagrun for example_params_ui_tutorial to None, run_after=None
[2026-06-03T12:41:05.458+0000] {processor.py:183} INFO - Processing /home/airflow/.local/lib/python3.8/site-packages/airflow/example_dags/example_params_ui_tutorial.py took 0.075 seconds
[2026-06-03T12:41:35.800+0000] {processor.py:161} INFO - Started process (PID=5865) to work on /home/airflow/.local/lib/python3.8/site-packages/airflow/example_dags/example_params_ui_tutorial.py
[2026-06-03T12:41:35.806+0000] {processor.py:830} INFO - Processing file /home/airflow/.local/lib/python3.8/site-packages/airflow/example_dags/example_params_ui_tutorial.py for tasks to queue
[2026-06-03T12:41:35.819+0000] {logging_mixin.py:188} INFO - [2026-06-03T12:41:35.819+0000] {dagbag.py:538} INFO - Filling up the DagBag from /home/airflow/.local/lib/python3.8/site-packages/airflow/example_dags/example_params_ui_tutorial.py
[2026-06-03T12:41:35.845+0000] {processor.py:840} INFO - DAG(s) 'example_params_ui_tutorial' retrieved from /home/airflow/.local/lib/python3.8/site-packages/airflow/example_dags/example_params_ui_tutorial.py
[2026-06-03T12:41:35.940+0000] {logging_mixin.py:188} INFO - [2026-06-03T12:41:35.939+0000] {dag.py:3033} INFO - Sync 1 DAGs
[2026-06-03T12:41:35.953+0000] {logging_mixin.py:188} INFO - [2026-06-03T12:41:35.953+0000] {dag.py:3820} INFO - Setting next_dagrun for example_params_ui_tutorial to None, run_after=None
[2026-06-03T12:41:35.975+0000] {processor.py:183} INFO - Processing /home/airflow/.local/lib/python3.8/site-packages/airflow/example_dags/example_params_ui_tutorial.py took 0.185 seconds
[2026-06-03T12:42:06.501+0000] {processor.py:161} INFO - Started process (PID=5921) to work on /home/airflow/.local/lib/python3.8/site-packages/airflow/example_dags/example_params_ui_tutorial.py
[2026-06-03T12:42:06.503+0000] {processor.py:830} INFO - Processing file /home/airflow/.local/lib/python3.8/site-packages/airflow/example_dags/example_params_ui_tutorial.py for tasks to queue
[2026-06-03T12:42:06.507+0000] {logging_mixin.py:188} INFO - [2026-06-03T12:42:06.507+0000] {dagbag.py:538} INFO - Filling up the DagBag from /home/airflow/.local/lib/python3.8/site-packages/airflow/example_dags/example_params_ui_tutorial.py
[2026-06-03T12:42:06.543+0000] {processor.py:840} INFO - DAG(s) 'example_params_ui_tutorial' retrieved from /home/airflow/.local/lib/python3.8/site-packages/airflow/example_dags/example_params_ui_tutorial.py
[2026-06-03T12:42:06.588+0000] {logging_mixin.py:188} INFO - [2026-06-03T12:42:06.587+0000] {dag.py:3033} INFO - Sync 1 DAGs
[2026-06-03T12:42:06.598+0000] {logging_mixin.py:188} INFO - [2026-06-03T12:42:06.598+0000] {dag.py:3820} INFO - Setting next_dagrun for example_params_ui_tutorial to None, run_after=None
[2026-06-03T12:42:06.615+0000] {processor.py:183} INFO - Processing /home/airflow/.local/lib/python3.8/site-packages/airflow/example_dags/example_params_ui_tutorial.py took 0.122 seconds
[2026-06-03T12:42:37.632+0000] {processor.py:161} INFO - Started process (PID=5977) to work on /home/airflow/.local/lib/python3.8/site-packages/airflow/example_dags/example_params_ui_tutorial.py
[2026-06-03T12:42:37.634+0000] {processor.py:830} INFO - Processing file /home/airflow/.local/lib/python3.8/site-packages/airflow/example_dags/example_params_ui_tutorial.py for tasks to queue
[2026-06-03T12:42:37.636+0000] {logging_mixin.py:188} INFO - [2026-06-03T12:42:37.636+0000] {dagbag.py:538} INFO - Filling up the DagBag from /home/airflow/.local/lib/python3.8/site-packages/airflow/example_dags/example_params_ui_tutorial.py
[2026-06-03T12:42:37.654+0000] {processor.py:840} INFO - DAG(s) 'example_params_ui_tutorial' retrieved from /home/airflow/.local/lib/python3.8/site-packages/airflow/example_dags/example_params_ui_tutorial.py
[2026-06-03T12:42:37.692+0000] {logging_mixin.py:188} INFO - [2026-06-03T12:42:37.692+0000] {dag.py:3033} INFO - Sync 1 DAGs
[2026-06-03T12:42:37.701+0000] {logging_mixin.py:188} INFO - [2026-06-03T12:42:37.700+0000] {dag.py:3820} INFO - Setting next_dagrun for example_params_ui_tutorial to None, run_after=None
[2026-06-03T12:42:37.718+0000] {processor.py:183} INFO - Processing /home/airflow/.local/lib/python3.8/site-packages/airflow/example_dags/example_params_ui_tutorial.py took 0.089 seconds
[2026-06-03T12:43:07.972+0000] {processor.py:161} INFO - Started process (PID=6033) to work on /home/airflow/.local/lib/python3.8/site-packages/airflow/example_dags/example_params_ui_tutorial.py
[2026-06-03T12:43:07.975+0000] {processor.py:830} INFO - Processing file /home/airflow/.local/lib/python3.8/site-packages/airflow/example_dags/example_params_ui_tutorial.py for tasks to queue
[2026-06-03T12:43:07.985+0000] {logging_mixin.py:188} INFO - [2026-06-03T12:43:07.985+0000] {dagbag.py:538} INFO - Filling up the DagBag from /home/airflow/.local/lib/python3.8/site-packages/airflow/example_dags/example_params_ui_tutorial.py
[2026-06-03T12:43:08.022+0000] {processor.py:840} INFO - DAG(s) 'example_params_ui_tutorial' retrieved from /home/airflow/.local/lib/python3.8/site-packages/airflow/example_dags/example_params_ui_tutorial.py
[2026-06-03T12:43:08.102+0000] {logging_mixin.py:188} INFO - [2026-06-03T12:43:08.101+0000] {dag.py:3033} INFO - Sync 1 DAGs
[2026-06-03T12:43:08.112+0000] {logging_mixin.py:188} INFO - [2026-06-03T12:43:08.112+0000] {dag.py:3820} INFO - Setting next_dagrun for example_params_ui_tutorial to None, run_after=None
[2026-06-03T12:43:08.129+0000] {processor.py:183} INFO - Processing /home/airflow/.local/lib/python3.8/site-packages/airflow/example_dags/example_params_ui_tutorial.py took 0.165 seconds
[2026-06-03T12:43:39.162+0000] {processor.py:161} INFO - Started process (PID=6089) to work on /home/airflow/.local/lib/python3.8/site-packages/airflow/example_dags/example_params_ui_tutorial.py
[2026-06-03T12:43:39.167+0000] {processor.py:830} INFO - Processing file /home/airflow/.local/lib/python3.8/site-packages/airflow/example_dags/example_params_ui_tutorial.py for tasks to queue
[2026-06-03T12:43:39.189+0000] {logging_mixin.py:188} INFO - [2026-06-03T12:43:39.183+0000] {dagbag.py:538} INFO - Filling up the DagBag from /home/airflow/.local/lib/python3.8/site-packages/airflow/example_dags/example_params_ui_tutorial.py
[2026-06-03T12:43:39.215+0000] {processor.py:840} INFO - DAG(s) 'example_params_ui_tutorial' retrieved from /home/airflow/.local/lib/python3.8/site-packages/airflow/example_dags/example_params_ui_tutorial.py
[2026-06-03T12:43:39.286+0000] {logging_mixin.py:188} INFO - [2026-06-03T12:43:39.286+0000] {dag.py:3033} INFO - Sync 1 DAGs
[2026-06-03T12:43:39.297+0000] {logging_mixin.py:188} INFO - [2026-06-03T12:43:39.297+0000] {dag.py:3820} INFO - Setting next_dagrun for example_params_ui_tutorial to None, run_after=None
[2026-06-03T12:43:39.312+0000] {processor.py:183} INFO - Processing /home/airflow/.local/lib/python3.8/site-packages/airflow/example_dags/example_params_ui_tutorial.py took 0.164 seconds
[2026-06-03T12:44:10.294+0000] {processor.py:161} INFO - Started process (PID=6146) to work on /home/airflow/.local/lib/python3.8/site-packages/airflow/example_dags/example_params_ui_tutorial.py
[2026-06-03T12:44:10.296+0000] {processor.py:830} INFO - Processing file /home/airflow/.local/lib/python3.8/site-packages/airflow/example_dags/example_params_ui_tutorial.py for tasks to queue
[2026-06-03T12:44:10.301+0000] {logging_mixin.py:188} INFO - [2026-06-03T12:44:10.301+0000] {dagbag.py:538} INFO - Filling up the DagBag from /home/airflow/.local/lib/python3.8/site-packages/airflow/example_dags/example_params_ui_tutorial.py
[2026-06-03T12:44:10.344+0000] {processor.py:840} INFO - DAG(s) 'example_params_ui_tutorial' retrieved from /home/airflow/.local/lib/python3.8/site-packages/airflow/example_dags/example_params_ui_tutorial.py
[2026-06-03T12:44:10.400+0000] {logging_mixin.py:188} INFO - [2026-06-03T12:44:10.400+0000] {dag.py:3033} INFO - Sync 1 DAGs
[2026-06-03T12:44:10.420+0000] {logging_mixin.py:188} INFO - [2026-06-03T12:44:10.420+0000] {dag.py:3820} INFO - Setting next_dagrun for example_params_ui_tutorial to None, run_after=None
[2026-06-03T12:44:10.441+0000] {processor.py:183} INFO - Processing /home/airflow/.local/lib/python3.8/site-packages/airflow/example_dags/example_params_ui_tutorial.py took 0.172 seconds
[2026-06-03T12:44:40.832+0000] {processor.py:161} INFO - Started process (PID=6215) to work on /home/airflow/.local/lib/python3.8/site-packages/airflow/example_dags/example_params_ui_tutorial.py
[2026-06-03T12:44:40.835+0000] {processor.py:830} INFO - Processing file /home/airflow/.local/lib/python3.8/site-packages/airflow/example_dags/example_params_ui_tutorial.py for tasks to queue
[2026-06-03T12:44:40.847+0000] {logging_mixin.py:188} INFO - [2026-06-03T12:44:40.846+0000] {dagbag.py:538} INFO - Filling up the DagBag from /home/airflow/.local/lib/python3.8/site-packages/airflow/example_dags/example_params_ui_tutorial.py
[2026-06-03T12:44:40.870+0000] {processor.py:840} INFO - DAG(s) 'example_params_ui_tutorial' retrieved from /home/airflow/.local/lib/python3.8/site-packages/airflow/example_dags/example_params_ui_tutorial.py
[2026-06-03T12:44:40.926+0000] {logging_mixin.py:188} INFO - [2026-06-03T12:44:40.926+0000] {dag.py:3033} INFO - Sync 1 DAGs
[2026-06-03T12:44:40.935+0000] {logging_mixin.py:188} INFO - [2026-06-03T12:44:40.935+0000] {dag.py:3820} INFO - Setting next_dagrun for example_params_ui_tutorial to None, run_after=None
[2026-06-03T12:44:40.961+0000] {processor.py:183} INFO - Processing /home/airflow/.local/lib/python3.8/site-packages/airflow/example_dags/example_params_ui_tutorial.py took 0.139 seconds
[2026-06-03T12:45:11.429+0000] {processor.py:161} INFO - Started process (PID=6277) to work on /home/airflow/.local/lib/python3.8/site-packages/airflow/example_dags/example_params_ui_tutorial.py
[2026-06-03T12:45:11.432+0000] {processor.py:830} INFO - Processing file /home/airflow/.local/lib/python3.8/site-packages/airflow/example_dags/example_params_ui_tutorial.py for tasks to queue
[2026-06-03T12:45:11.438+0000] {logging_mixin.py:188} INFO - [2026-06-03T12:45:11.437+0000] {dagbag.py:538} INFO - Filling up the DagBag from /home/airflow/.local/lib/python3.8/site-packages/airflow/example_dags/example_params_ui_tutorial.py
[2026-06-03T12:45:11.454+0000] {processor.py:840} INFO - DAG(s) 'example_params_ui_tutorial' retrieved from /home/airflow/.local/lib/python3.8/site-packages/airflow/example_dags/example_params_ui_tutorial.py
[2026-06-03T12:45:11.512+0000] {logging_mixin.py:188} INFO - [2026-06-03T12:45:11.512+0000] {dag.py:3033} INFO - Sync 1 DAGs
[2026-06-03T12:45:11.520+0000] {logging_mixin.py:188} INFO - [2026-06-03T12:45:11.520+0000] {dag.py:3820} INFO - Setting next_dagrun for example_params_ui_tutorial to None, run_after=None
[2026-06-03T12:45:11.543+0000] {processor.py:183} INFO - Processing /home/airflow/.local/lib/python3.8/site-packages/airflow/example_dags/example_params_ui_tutorial.py took 0.125 seconds
[2026-06-03T12:45:41.792+0000] {processor.py:161} INFO - Started process (PID=6339) to work on /home/airflow/.local/lib/python3.8/site-packages/airflow/example_dags/example_params_ui_tutorial.py
[2026-06-03T12:45:41.797+0000] {processor.py:830} INFO - Processing file /home/airflow/.local/lib/python3.8/site-packages/airflow/example_dags/example_params_ui_tutorial.py for tasks to queue
[2026-06-03T12:45:41.806+0000] {logging_mixin.py:188} INFO - [2026-06-03T12:45:41.805+0000] {dagbag.py:538} INFO - Filling up the DagBag from /home/airflow/.local/lib/python3.8/site-packages/airflow/example_dags/example_params_ui_tutorial.py
[2026-06-03T12:45:41.866+0000] {processor.py:840} INFO - DAG(s) 'example_params_ui_tutorial' retrieved from /home/airflow/.local/lib/python3.8/site-packages/airflow/example_dags/example_params_ui_tutorial.py
[2026-06-03T12:45:41.972+0000] {logging_mixin.py:188} INFO - [2026-06-03T12:45:41.971+0000] {dag.py:3033} INFO - Sync 1 DAGs
[2026-06-03T12:45:41.993+0000] {logging_mixin.py:188} INFO - [2026-06-03T12:45:41.993+0000] {dag.py:3820} INFO - Setting next_dagrun for example_params_ui_tutorial to None, run_after=None
[2026-06-03T12:45:42.014+0000] {processor.py:183} INFO - Processing /home/airflow/.local/lib/python3.8/site-packages/airflow/example_dags/example_params_ui_tutorial.py took 0.242 seconds
[2026-06-03T12:46:12.245+0000] {processor.py:161} INFO - Started process (PID=6394) to work on /home/airflow/.local/lib/python3.8/site-packages/airflow/example_dags/example_params_ui_tutorial.py
[2026-06-03T12:46:12.247+0000] {processor.py:830} INFO - Processing file /home/airflow/.local/lib/python3.8/site-packages/airflow/example_dags/example_params_ui_tutorial.py for tasks to queue
[2026-06-03T12:46:12.249+0000] {logging_mixin.py:188} INFO - [2026-06-03T12:46:12.249+0000] {dagbag.py:538} INFO - Filling up the DagBag from /home/airflow/.local/lib/python3.8/site-packages/airflow/example_dags/example_params_ui_tutorial.py
[2026-06-03T12:46:12.278+0000] {processor.py:840} INFO - DAG(s) 'example_params_ui_tutorial' retrieved from /home/airflow/.local/lib/python3.8/site-packages/airflow/example_dags/example_params_ui_tutorial.py
[2026-06-03T12:46:12.314+0000] {logging_mixin.py:188} INFO - [2026-06-03T12:46:12.314+0000] {dag.py:3033} INFO - Sync 1 DAGs
[2026-06-03T12:46:12.323+0000] {logging_mixin.py:188} INFO - [2026-06-03T12:46:12.323+0000] {dag.py:3820} INFO - Setting next_dagrun for example_params_ui_tutorial to None, run_after=None
[2026-06-03T12:46:12.336+0000] {processor.py:183} INFO - Processing /home/airflow/.local/lib/python3.8/site-packages/airflow/example_dags/example_params_ui_tutorial.py took 0.093 seconds
[2026-06-03T12:46:43.078+0000] {processor.py:161} INFO - Started process (PID=6450) to work on /home/airflow/.local/lib/python3.8/site-packages/airflow/example_dags/example_params_ui_tutorial.py
[2026-06-03T12:46:43.080+0000] {processor.py:830} INFO - Processing file /home/airflow/.local/lib/python3.8/site-packages/airflow/example_dags/example_params_ui_tutorial.py for tasks to queue
[2026-06-03T12:46:43.102+0000] {logging_mixin.py:188} INFO - [2026-06-03T12:46:43.101+0000] {dagbag.py:538} INFO - Filling up the DagBag from /home/airflow/.local/lib/python3.8/site-packages/airflow/example_dags/example_params_ui_tutorial.py
[2026-06-03T12:46:43.144+0000] {processor.py:840} INFO - DAG(s) 'example_params_ui_tutorial' retrieved from /home/airflow/.local/lib/python3.8/site-packages/airflow/example_dags/example_params_ui_tutorial.py
[2026-06-03T12:46:43.325+0000] {logging_mixin.py:188} INFO - [2026-06-03T12:46:43.325+0000] {dag.py:3033} INFO - Sync 1 DAGs
[2026-06-03T12:46:43.335+0000] {logging_mixin.py:188} INFO - [2026-06-03T12:46:43.335+0000] {dag.py:3820} INFO - Setting next_dagrun for example_params_ui_tutorial to None, run_after=None
[2026-06-03T12:46:43.359+0000] {processor.py:183} INFO - Processing /home/airflow/.local/lib/python3.8/site-packages/airflow/example_dags/example_params_ui_tutorial.py took 0.289 seconds
[2026-06-03T12:47:13.941+0000] {processor.py:161} INFO - Started process (PID=6506) to work on /home/airflow/.local/lib/python3.8/site-packages/airflow/example_dags/example_params_ui_tutorial.py
[2026-06-03T12:47:13.945+0000] {processor.py:830} INFO - Processing file /home/airflow/.local/lib/python3.8/site-packages/airflow/example_dags/example_params_ui_tutorial.py for tasks to queue
[2026-06-03T12:47:13.953+0000] {logging_mixin.py:188} INFO - [2026-06-03T12:47:13.953+0000] {dagbag.py:538} INFO - Filling up the DagBag from /home/airflow/.local/lib/python3.8/site-packages/airflow/example_dags/example_params_ui_tutorial.py
[2026-06-03T12:47:14.009+0000] {processor.py:840} INFO - DAG(s) 'example_params_ui_tutorial' retrieved from /home/airflow/.local/lib/python3.8/site-packages/airflow/example_dags/example_params_ui_tutorial.py
[2026-06-03T12:47:14.075+0000] {logging_mixin.py:188} INFO - [2026-06-03T12:47:14.075+0000] {dag.py:3033} INFO - Sync 1 DAGs
[2026-06-03T12:47:14.103+0000] {logging_mixin.py:188} INFO - [2026-06-03T12:47:14.103+0000] {dag.py:3820} INFO - Setting next_dagrun for example_params_ui_tutorial to None, run_after=None
[2026-06-03T12:47:14.132+0000] {processor.py:183} INFO - Processing /home/airflow/.local/lib/python3.8/site-packages/airflow/example_dags/example_params_ui_tutorial.py took 0.215 seconds
[2026-06-03T12:47:44.741+0000] {processor.py:161} INFO - Started process (PID=6562) to work on /home/airflow/.local/lib/python3.8/site-packages/airflow/example_dags/example_params_ui_tutorial.py
[2026-06-03T12:47:44.749+0000] {processor.py:830} INFO - Processing file /home/airflow/.local/lib/python3.8/site-packages/airflow/example_dags/example_params_ui_tutorial.py for tasks to queue
[2026-06-03T12:47:44.768+0000] {logging_mixin.py:188} INFO - [2026-06-03T12:47:44.767+0000] {dagbag.py:538} INFO - Filling up the DagBag from /home/airflow/.local/lib/python3.8/site-packages/airflow/example_dags/example_params_ui_tutorial.py
[2026-06-03T12:47:44.798+0000] {processor.py:840} INFO - DAG(s) 'example_params_ui_tutorial' retrieved from /home/airflow/.local/lib/python3.8/site-packages/airflow/example_dags/example_params_ui_tutorial.py
[2026-06-03T12:47:44.878+0000] {logging_mixin.py:188} INFO - [2026-06-03T12:47:44.878+0000] {dag.py:3033} INFO - Sync 1 DAGs
[2026-06-03T12:47:44.888+0000] {logging_mixin.py:188} INFO - [2026-06-03T12:47:44.888+0000] {dag.py:3820} INFO - Setting next_dagrun for example_params_ui_tutorial to None, run_after=None
[2026-06-03T12:47:44.913+0000] {processor.py:183} INFO - Processing /home/airflow/.local/lib/python3.8/site-packages/airflow/example_dags/example_params_ui_tutorial.py took 0.194 seconds
[2026-06-03T12:48:15.112+0000] {processor.py:161} INFO - Started process (PID=6618) to work on /home/airflow/.local/lib/python3.8/site-packages/airflow/example_dags/example_params_ui_tutorial.py
[2026-06-03T12:48:15.121+0000] {processor.py:830} INFO - Processing file /home/airflow/.local/lib/python3.8/site-packages/airflow/example_dags/example_params_ui_tutorial.py for tasks to queue
[2026-06-03T12:48:15.133+0000] {logging_mixin.py:188} INFO - [2026-06-03T12:48:15.132+0000] {dagbag.py:538} INFO - Filling up the DagBag from /home/airflow/.local/lib/python3.8/site-packages/airflow/example_dags/example_params_ui_tutorial.py
[2026-06-03T12:48:15.167+0000] {processor.py:840} INFO - DAG(s) 'example_params_ui_tutorial' retrieved from /home/airflow/.local/lib/python3.8/site-packages/airflow/example_dags/example_params_ui_tutorial.py
[2026-06-03T12:48:15.238+0000] {logging_mixin.py:188} INFO - [2026-06-03T12:48:15.238+0000] {dag.py:3033} INFO - Sync 1 DAGs
[2026-06-03T12:48:15.288+0000] {logging_mixin.py:188} INFO - [2026-06-03T12:48:15.288+0000] {dag.py:3820} INFO - Setting next_dagrun for example_params_ui_tutorial to None, run_after=None
[2026-06-03T12:48:15.333+0000] {processor.py:183} INFO - Processing /home/airflow/.local/lib/python3.8/site-packages/airflow/example_dags/example_params_ui_tutorial.py took 0.233 seconds
[2026-06-03T12:48:45.352+0000] {processor.py:161} INFO - Started process (PID=6674) to work on /home/airflow/.local/lib/python3.8/site-packages/airflow/example_dags/example_params_ui_tutorial.py
[2026-06-03T12:48:45.352+0000] {processor.py:830} INFO - Processing file /home/airflow/.local/lib/python3.8/site-packages/airflow/example_dags/example_params_ui_tutorial.py for tasks to queue
[2026-06-03T12:48:45.353+0000] {logging_mixin.py:188} INFO - [2026-06-03T12:48:45.353+0000] {dagbag.py:538} INFO - Filling up the DagBag from /home/airflow/.local/lib/python3.8/site-packages/airflow/example_dags/example_params_ui_tutorial.py
[2026-06-03T12:48:45.375+0000] {processor.py:840} INFO - DAG(s) 'example_params_ui_tutorial' retrieved from /home/airflow/.local/lib/python3.8/site-packages/airflow/example_dags/example_params_ui_tutorial.py
[2026-06-03T12:48:45.403+0000] {logging_mixin.py:188} INFO - [2026-06-03T12:48:45.402+0000] {dag.py:3033} INFO - Sync 1 DAGs
[2026-06-03T12:48:45.407+0000] {logging_mixin.py:188} INFO - [2026-06-03T12:48:45.407+0000] {dag.py:3820} INFO - Setting next_dagrun for example_params_ui_tutorial to None, run_after=None
[2026-06-03T12:48:45.413+0000] {processor.py:183} INFO - Processing /home/airflow/.local/lib/python3.8/site-packages/airflow/example_dags/example_params_ui_tutorial.py took 0.063 seconds
[2026-06-03T12:49:16.051+0000] {processor.py:161} INFO - Started process (PID=6730) to work on /home/airflow/.local/lib/python3.8/site-packages/airflow/example_dags/example_params_ui_tutorial.py
[2026-06-03T12:49:16.052+0000] {processor.py:830} INFO - Processing file /home/airflow/.local/lib/python3.8/site-packages/airflow/example_dags/example_params_ui_tutorial.py for tasks to queue
[2026-06-03T12:49:16.053+0000] {logging_mixin.py:188} INFO - [2026-06-03T12:49:16.053+0000] {dagbag.py:538} INFO - Filling up the DagBag from /home/airflow/.local/lib/python3.8/site-packages/airflow/example_dags/example_params_ui_tutorial.py
[2026-06-03T12:49:16.067+0000] {processor.py:840} INFO - DAG(s) 'example_params_ui_tutorial' retrieved from /home/airflow/.local/lib/python3.8/site-packages/airflow/example_dags/example_params_ui_tutorial.py
[2026-06-03T12:49:16.099+0000] {logging_mixin.py:188} INFO - [2026-06-03T12:49:16.099+0000] {dag.py:3033} INFO - Sync 1 DAGs
[2026-06-03T12:49:16.108+0000] {logging_mixin.py:188} INFO - [2026-06-03T12:49:16.108+0000] {dag.py:3820} INFO - Setting next_dagrun for example_params_ui_tutorial to None, run_after=None
[2026-06-03T12:49:16.126+0000] {processor.py:183} INFO - Processing /home/airflow/.local/lib/python3.8/site-packages/airflow/example_dags/example_params_ui_tutorial.py took 0.079 seconds
[2026-06-03T12:49:46.370+0000] {processor.py:161} INFO - Started process (PID=6786) to work on /home/airflow/.local/lib/python3.8/site-packages/airflow/example_dags/example_params_ui_tutorial.py
[2026-06-03T12:49:46.372+0000] {processor.py:830} INFO - Processing file /home/airflow/.local/lib/python3.8/site-packages/airflow/example_dags/example_params_ui_tutorial.py for tasks to queue
[2026-06-03T12:49:46.374+0000] {logging_mixin.py:188} INFO - [2026-06-03T12:49:46.374+0000] {dagbag.py:538} INFO - Filling up the DagBag from /home/airflow/.local/lib/python3.8/site-packages/airflow/example_dags/example_params_ui_tutorial.py
[2026-06-03T12:49:46.387+0000] {processor.py:840} INFO - DAG(s) 'example_params_ui_tutorial' retrieved from /home/airflow/.local/lib/python3.8/site-packages/airflow/example_dags/example_params_ui_tutorial.py
[2026-06-03T12:49:46.431+0000] {logging_mixin.py:188} INFO - [2026-06-03T12:49:46.431+0000] {dag.py:3033} INFO - Sync 1 DAGs
[2026-06-03T12:49:46.439+0000] {logging_mixin.py:188} INFO - [2026-06-03T12:49:46.439+0000] {dag.py:3820} INFO - Setting next_dagrun for example_params_ui_tutorial to None, run_after=None
[2026-06-03T12:49:46.459+0000] {processor.py:183} INFO - Processing /home/airflow/.local/lib/python3.8/site-packages/airflow/example_dags/example_params_ui_tutorial.py took 0.094 seconds
[2026-06-03T12:50:16.613+0000] {processor.py:161} INFO - Started process (PID=6842) to work on /home/airflow/.local/lib/python3.8/site-packages/airflow/example_dags/example_params_ui_tutorial.py
[2026-06-03T12:50:16.614+0000] {processor.py:830} INFO - Processing file /home/airflow/.local/lib/python3.8/site-packages/airflow/example_dags/example_params_ui_tutorial.py for tasks to queue
[2026-06-03T12:50:16.616+0000] {logging_mixin.py:188} INFO - [2026-06-03T12:50:16.616+0000] {dagbag.py:538} INFO - Filling up the DagBag from /home/airflow/.local/lib/python3.8/site-packages/airflow/example_dags/example_params_ui_tutorial.py
[2026-06-03T12:50:16.642+0000] {processor.py:840} INFO - DAG(s) 'example_params_ui_tutorial' retrieved from /home/airflow/.local/lib/python3.8/site-packages/airflow/example_dags/example_params_ui_tutorial.py
[2026-06-03T12:50:16.688+0000] {logging_mixin.py:188} INFO - [2026-06-03T12:50:16.688+0000] {dag.py:3033} INFO - Sync 1 DAGs
[2026-06-03T12:50:16.698+0000] {logging_mixin.py:188} INFO - [2026-06-03T12:50:16.698+0000] {dag.py:3820} INFO - Setting next_dagrun for example_params_ui_tutorial to None, run_after=None
[2026-06-03T12:50:16.718+0000] {processor.py:183} INFO - Processing /home/airflow/.local/lib/python3.8/site-packages/airflow/example_dags/example_params_ui_tutorial.py took 0.109 seconds
[2026-06-03T12:50:58.574+0000] {processor.py:161} INFO - Started process (PID=57) to work on /home/airflow/.local/lib/python3.8/site-packages/airflow/example_dags/example_params_ui_tutorial.py
[2026-06-03T12:50:58.576+0000] {processor.py:830} INFO - Processing file /home/airflow/.local/lib/python3.8/site-packages/airflow/example_dags/example_params_ui_tutorial.py for tasks to queue
[2026-06-03T12:50:58.578+0000] {logging_mixin.py:188} INFO - [2026-06-03T12:50:58.578+0000] {dagbag.py:538} INFO - Filling up the DagBag from /home/airflow/.local/lib/python3.8/site-packages/airflow/example_dags/example_params_ui_tutorial.py
[2026-06-03T12:50:58.599+0000] {processor.py:840} INFO - DAG(s) 'example_params_ui_tutorial' retrieved from /home/airflow/.local/lib/python3.8/site-packages/airflow/example_dags/example_params_ui_tutorial.py
[2026-06-03T12:50:58.611+0000] {logging_mixin.py:188} INFO - [2026-06-03T12:50:58.611+0000] {dag.py:3033} INFO - Sync 1 DAGs
[2026-06-03T12:50:58.619+0000] {logging_mixin.py:188} INFO - [2026-06-03T12:50:58.619+0000] {dag.py:3820} INFO - Setting next_dagrun for example_params_ui_tutorial to None, run_after=None
[2026-06-03T12:50:58.644+0000] {processor.py:183} INFO - Processing /home/airflow/.local/lib/python3.8/site-packages/airflow/example_dags/example_params_ui_tutorial.py took 0.073 seconds
[2026-06-03T12:51:28.943+0000] {processor.py:161} INFO - Started process (PID=113) to work on /home/airflow/.local/lib/python3.8/site-packages/airflow/example_dags/example_params_ui_tutorial.py
[2026-06-03T12:51:28.945+0000] {processor.py:830} INFO - Processing file /home/airflow/.local/lib/python3.8/site-packages/airflow/example_dags/example_params_ui_tutorial.py for tasks to queue
[2026-06-03T12:51:28.947+0000] {logging_mixin.py:188} INFO - [2026-06-03T12:51:28.947+0000] {dagbag.py:538} INFO - Filling up the DagBag from /home/airflow/.local/lib/python3.8/site-packages/airflow/example_dags/example_params_ui_tutorial.py
[2026-06-03T12:51:28.958+0000] {processor.py:840} INFO - DAG(s) 'example_params_ui_tutorial' retrieved from /home/airflow/.local/lib/python3.8/site-packages/airflow/example_dags/example_params_ui_tutorial.py
[2026-06-03T12:51:29.019+0000] {logging_mixin.py:188} INFO - [2026-06-03T12:51:29.018+0000] {dag.py:3033} INFO - Sync 1 DAGs
[2026-06-03T12:51:29.023+0000] {logging_mixin.py:188} INFO - [2026-06-03T12:51:29.023+0000] {dag.py:3820} INFO - Setting next_dagrun for example_params_ui_tutorial to None, run_after=None
[2026-06-03T12:51:29.032+0000] {processor.py:183} INFO - Processing /home/airflow/.local/lib/python3.8/site-packages/airflow/example_dags/example_params_ui_tutorial.py took 0.097 seconds
[2026-06-03T12:52:00.116+0000] {processor.py:161} INFO - Started process (PID=169) to work on /home/airflow/.local/lib/python3.8/site-packages/airflow/example_dags/example_params_ui_tutorial.py
[2026-06-03T12:52:00.118+0000] {processor.py:830} INFO - Processing file /home/airflow/.local/lib/python3.8/site-packages/airflow/example_dags/example_params_ui_tutorial.py for tasks to queue
[2026-06-03T12:52:00.121+0000] {logging_mixin.py:188} INFO - [2026-06-03T12:52:00.121+0000] {dagbag.py:538} INFO - Filling up the DagBag from /home/airflow/.local/lib/python3.8/site-packages/airflow/example_dags/example_params_ui_tutorial.py
[2026-06-03T12:52:00.129+0000] {processor.py:840} INFO - DAG(s) 'example_params_ui_tutorial' retrieved from /home/airflow/.local/lib/python3.8/site-packages/airflow/example_dags/example_params_ui_tutorial.py
[2026-06-03T12:52:00.158+0000] {logging_mixin.py:188} INFO - [2026-06-03T12:52:00.157+0000] {dag.py:3033} INFO - Sync 1 DAGs
[2026-06-03T12:52:00.164+0000] {logging_mixin.py:188} INFO - [2026-06-03T12:52:00.164+0000] {dag.py:3820} INFO - Setting next_dagrun for example_params_ui_tutorial to None, run_after=None
[2026-06-03T12:52:00.171+0000] {processor.py:183} INFO - Processing /home/airflow/.local/lib/python3.8/site-packages/airflow/example_dags/example_params_ui_tutorial.py took 0.067 seconds
[2026-06-03T12:52:30.963+0000] {processor.py:161} INFO - Started process (PID=225) to work on /home/airflow/.local/lib/python3.8/site-packages/airflow/example_dags/example_params_ui_tutorial.py
[2026-06-03T12:52:30.966+0000] {processor.py:830} INFO - Processing file /home/airflow/.local/lib/python3.8/site-packages/airflow/example_dags/example_params_ui_tutorial.py for tasks to queue
[2026-06-03T12:52:30.968+0000] {logging_mixin.py:188} INFO - [2026-06-03T12:52:30.968+0000] {dagbag.py:538} INFO - Filling up the DagBag from /home/airflow/.local/lib/python3.8/site-packages/airflow/example_dags/example_params_ui_tutorial.py
[2026-06-03T12:52:30.980+0000] {processor.py:840} INFO - DAG(s) 'example_params_ui_tutorial' retrieved from /home/airflow/.local/lib/python3.8/site-packages/airflow/example_dags/example_params_ui_tutorial.py
[2026-06-03T12:52:31.018+0000] {logging_mixin.py:188} INFO - [2026-06-03T12:52:31.018+0000] {dag.py:3033} INFO - Sync 1 DAGs
[2026-06-03T12:52:31.031+0000] {logging_mixin.py:188} INFO - [2026-06-03T12:52:31.031+0000] {dag.py:3820} INFO - Setting next_dagrun for example_params_ui_tutorial to None, run_after=None
[2026-06-03T12:52:31.047+0000] {processor.py:183} INFO - Processing /home/airflow/.local/lib/python3.8/site-packages/airflow/example_dags/example_params_ui_tutorial.py took 0.087 seconds
[2026-06-03T12:53:01.608+0000] {processor.py:161} INFO - Started process (PID=281) to work on /home/airflow/.local/lib/python3.8/site-packages/airflow/example_dags/example_params_ui_tutorial.py
[2026-06-03T12:53:01.608+0000] {processor.py:830} INFO - Processing file /home/airflow/.local/lib/python3.8/site-packages/airflow/example_dags/example_params_ui_tutorial.py for tasks to queue
[2026-06-03T12:53:01.610+0000] {logging_mixin.py:188} INFO - [2026-06-03T12:53:01.610+0000] {dagbag.py:538} INFO - Filling up the DagBag from /home/airflow/.local/lib/python3.8/site-packages/airflow/example_dags/example_params_ui_tutorial.py
[2026-06-03T12:53:01.626+0000] {processor.py:840} INFO - DAG(s) 'example_params_ui_tutorial' retrieved from /home/airflow/.local/lib/python3.8/site-packages/airflow/example_dags/example_params_ui_tutorial.py
[2026-06-03T12:53:01.661+0000] {logging_mixin.py:188} INFO - [2026-06-03T12:53:01.661+0000] {dag.py:3033} INFO - Sync 1 DAGs
[2026-06-03T12:53:01.671+0000] {logging_mixin.py:188} INFO - [2026-06-03T12:53:01.671+0000] {dag.py:3820} INFO - Setting next_dagrun for example_params_ui_tutorial to None, run_after=None
[2026-06-03T12:53:01.682+0000] {processor.py:183} INFO - Processing /home/airflow/.local/lib/python3.8/site-packages/airflow/example_dags/example_params_ui_tutorial.py took 0.077 seconds
[2026-06-03T12:53:32.797+0000] {processor.py:161} INFO - Started process (PID=337) to work on /home/airflow/.local/lib/python3.8/site-packages/airflow/example_dags/example_params_ui_tutorial.py
[2026-06-03T12:53:32.799+0000] {processor.py:830} INFO - Processing file /home/airflow/.local/lib/python3.8/site-packages/airflow/example_dags/example_params_ui_tutorial.py for tasks to queue
[2026-06-03T12:53:32.800+0000] {logging_mixin.py:188} INFO - [2026-06-03T12:53:32.799+0000] {dagbag.py:538} INFO - Filling up the DagBag from /home/airflow/.local/lib/python3.8/site-packages/airflow/example_dags/example_params_ui_tutorial.py
[2026-06-03T12:53:32.810+0000] {processor.py:840} INFO - DAG(s) 'example_params_ui_tutorial' retrieved from /home/airflow/.local/lib/python3.8/site-packages/airflow/example_dags/example_params_ui_tutorial.py
[2026-06-03T12:53:32.839+0000] {logging_mixin.py:188} INFO - [2026-06-03T12:53:32.839+0000] {dag.py:3033} INFO - Sync 1 DAGs
[2026-06-03T12:53:32.847+0000] {logging_mixin.py:188} INFO - [2026-06-03T12:53:32.847+0000] {dag.py:3820} INFO - Setting next_dagrun for example_params_ui_tutorial to None, run_after=None
[2026-06-03T12:53:32.860+0000] {processor.py:183} INFO - Processing /home/airflow/.local/lib/python3.8/site-packages/airflow/example_dags/example_params_ui_tutorial.py took 0.064 seconds
[2026-06-03T12:54:03.947+0000] {processor.py:161} INFO - Started process (PID=399) to work on /home/airflow/.local/lib/python3.8/site-packages/airflow/example_dags/example_params_ui_tutorial.py
[2026-06-03T12:54:03.948+0000] {processor.py:830} INFO - Processing file /home/airflow/.local/lib/python3.8/site-packages/airflow/example_dags/example_params_ui_tutorial.py for tasks to queue
[2026-06-03T12:54:03.950+0000] {logging_mixin.py:188} INFO - [2026-06-03T12:54:03.950+0000] {dagbag.py:538} INFO - Filling up the DagBag from /home/airflow/.local/lib/python3.8/site-packages/airflow/example_dags/example_params_ui_tutorial.py
[2026-06-03T12:54:03.958+0000] {processor.py:840} INFO - DAG(s) 'example_params_ui_tutorial' retrieved from /home/airflow/.local/lib/python3.8/site-packages/airflow/example_dags/example_params_ui_tutorial.py
[2026-06-03T12:54:03.989+0000] {logging_mixin.py:188} INFO - [2026-06-03T12:54:03.989+0000] {dag.py:3033} INFO - Sync 1 DAGs
[2026-06-03T12:54:03.995+0000] {logging_mixin.py:188} INFO - [2026-06-03T12:54:03.995+0000] {dag.py:3820} INFO - Setting next_dagrun for example_params_ui_tutorial to None, run_after=None
[2026-06-03T12:54:04.007+0000] {processor.py:183} INFO - Processing /home/airflow/.local/lib/python3.8/site-packages/airflow/example_dags/example_params_ui_tutorial.py took 0.063 seconds
[2026-06-03T12:54:34.375+0000] {processor.py:161} INFO - Started process (PID=455) to work on /home/airflow/.local/lib/python3.8/site-packages/airflow/example_dags/example_params_ui_tutorial.py
[2026-06-03T12:54:34.376+0000] {processor.py:830} INFO - Processing file /home/airflow/.local/lib/python3.8/site-packages/airflow/example_dags/example_params_ui_tutorial.py for tasks to queue
[2026-06-03T12:54:34.377+0000] {logging_mixin.py:188} INFO - [2026-06-03T12:54:34.377+0000] {dagbag.py:538} INFO - Filling up the DagBag from /home/airflow/.local/lib/python3.8/site-packages/airflow/example_dags/example_params_ui_tutorial.py
[2026-06-03T12:54:34.384+0000] {processor.py:840} INFO - DAG(s) 'example_params_ui_tutorial' retrieved from /home/airflow/.local/lib/python3.8/site-packages/airflow/example_dags/example_params_ui_tutorial.py
[2026-06-03T12:54:34.411+0000] {logging_mixin.py:188} INFO - [2026-06-03T12:54:34.411+0000] {dag.py:3033} INFO - Sync 1 DAGs
[2026-06-03T12:54:34.415+0000] {logging_mixin.py:188} INFO - [2026-06-03T12:54:34.415+0000] {dag.py:3820} INFO - Setting next_dagrun for example_params_ui_tutorial to None, run_after=None
[2026-06-03T12:54:34.422+0000] {processor.py:183} INFO - Processing /home/airflow/.local/lib/python3.8/site-packages/airflow/example_dags/example_params_ui_tutorial.py took 0.048 seconds
[2026-06-03T12:55:04.773+0000] {processor.py:161} INFO - Started process (PID=511) to work on /home/airflow/.local/lib/python3.8/site-packages/airflow/example_dags/example_params_ui_tutorial.py
[2026-06-03T12:55:04.774+0000] {processor.py:830} INFO - Processing file /home/airflow/.local/lib/python3.8/site-packages/airflow/example_dags/example_params_ui_tutorial.py for tasks to queue
[2026-06-03T12:55:04.775+0000] {logging_mixin.py:188} INFO - [2026-06-03T12:55:04.775+0000] {dagbag.py:538} INFO - Filling up the DagBag from /home/airflow/.local/lib/python3.8/site-packages/airflow/example_dags/example_params_ui_tutorial.py
[2026-06-03T12:55:04.781+0000] {processor.py:840} INFO - DAG(s) 'example_params_ui_tutorial' retrieved from /home/airflow/.local/lib/python3.8/site-packages/airflow/example_dags/example_params_ui_tutorial.py
[2026-06-03T12:55:04.814+0000] {logging_mixin.py:188} INFO - [2026-06-03T12:55:04.814+0000] {dag.py:3033} INFO - Sync 1 DAGs
[2026-06-03T12:55:04.823+0000] {logging_mixin.py:188} INFO - [2026-06-03T12:55:04.823+0000] {dag.py:3820} INFO - Setting next_dagrun for example_params_ui_tutorial to None, run_after=None
[2026-06-03T12:55:04.836+0000] {processor.py:183} INFO - Processing /home/airflow/.local/lib/python3.8/site-packages/airflow/example_dags/example_params_ui_tutorial.py took 0.064 seconds
[2026-06-03T12:55:35.956+0000] {processor.py:161} INFO - Started process (PID=567) to work on /home/airflow/.local/lib/python3.8/site-packages/airflow/example_dags/example_params_ui_tutorial.py
[2026-06-03T12:55:35.956+0000] {processor.py:830} INFO - Processing file /home/airflow/.local/lib/python3.8/site-packages/airflow/example_dags/example_params_ui_tutorial.py for tasks to queue
[2026-06-03T12:55:35.959+0000] {logging_mixin.py:188} INFO - [2026-06-03T12:55:35.958+0000] {dagbag.py:538} INFO - Filling up the DagBag from /home/airflow/.local/lib/python3.8/site-packages/airflow/example_dags/example_params_ui_tutorial.py
[2026-06-03T12:55:35.972+0000] {processor.py:840} INFO - DAG(s) 'example_params_ui_tutorial' retrieved from /home/airflow/.local/lib/python3.8/site-packages/airflow/example_dags/example_params_ui_tutorial.py
[2026-06-03T12:55:36.007+0000] {logging_mixin.py:188} INFO - [2026-06-03T12:55:36.007+0000] {dag.py:3033} INFO - Sync 1 DAGs
[2026-06-03T12:55:36.014+0000] {logging_mixin.py:188} INFO - [2026-06-03T12:55:36.014+0000] {dag.py:3820} INFO - Setting next_dagrun for example_params_ui_tutorial to None, run_after=None
[2026-06-03T12:55:36.027+0000] {processor.py:183} INFO - Processing /home/airflow/.local/lib/python3.8/site-packages/airflow/example_dags/example_params_ui_tutorial.py took 0.073 seconds
[2026-06-03T12:56:06.094+0000] {processor.py:161} INFO - Started process (PID=629) to work on /home/airflow/.local/lib/python3.8/site-packages/airflow/example_dags/example_params_ui_tutorial.py
[2026-06-03T12:56:06.095+0000] {processor.py:830} INFO - Processing file /home/airflow/.local/lib/python3.8/site-packages/airflow/example_dags/example_params_ui_tutorial.py for tasks to queue
[2026-06-03T12:56:06.096+0000] {logging_mixin.py:188} INFO - [2026-06-03T12:56:06.096+0000] {dagbag.py:538} INFO - Filling up the DagBag from /home/airflow/.local/lib/python3.8/site-packages/airflow/example_dags/example_params_ui_tutorial.py
[2026-06-03T12:56:06.105+0000] {processor.py:840} INFO - DAG(s) 'example_params_ui_tutorial' retrieved from /home/airflow/.local/lib/python3.8/site-packages/airflow/example_dags/example_params_ui_tutorial.py
[2026-06-03T12:56:06.139+0000] {logging_mixin.py:188} INFO - [2026-06-03T12:56:06.139+0000] {dag.py:3033} INFO - Sync 1 DAGs
[2026-06-03T12:56:06.147+0000] {logging_mixin.py:188} INFO - [2026-06-03T12:56:06.147+0000] {dag.py:3820} INFO - Setting next_dagrun for example_params_ui_tutorial to None, run_after=None
[2026-06-03T12:56:06.166+0000] {processor.py:183} INFO - Processing /home/airflow/.local/lib/python3.8/site-packages/airflow/example_dags/example_params_ui_tutorial.py took 0.073 seconds
[2026-06-03T12:56:37.130+0000] {processor.py:161} INFO - Started process (PID=740) to work on /home/airflow/.local/lib/python3.8/site-packages/airflow/example_dags/example_params_ui_tutorial.py
[2026-06-03T12:56:37.131+0000] {processor.py:830} INFO - Processing file /home/airflow/.local/lib/python3.8/site-packages/airflow/example_dags/example_params_ui_tutorial.py for tasks to queue
[2026-06-03T12:56:37.132+0000] {logging_mixin.py:188} INFO - [2026-06-03T12:56:37.132+0000] {dagbag.py:538} INFO - Filling up the DagBag from /home/airflow/.local/lib/python3.8/site-packages/airflow/example_dags/example_params_ui_tutorial.py
[2026-06-03T12:56:37.142+0000] {processor.py:840} INFO - DAG(s) 'example_params_ui_tutorial' retrieved from /home/airflow/.local/lib/python3.8/site-packages/airflow/example_dags/example_params_ui_tutorial.py
[2026-06-03T12:56:37.173+0000] {logging_mixin.py:188} INFO - [2026-06-03T12:56:37.172+0000] {dag.py:3033} INFO - Sync 1 DAGs
[2026-06-03T12:56:37.180+0000] {logging_mixin.py:188} INFO - [2026-06-03T12:56:37.180+0000] {dag.py:3820} INFO - Setting next_dagrun for example_params_ui_tutorial to None, run_after=None
[2026-06-03T12:56:37.193+0000] {processor.py:183} INFO - Processing /home/airflow/.local/lib/python3.8/site-packages/airflow/example_dags/example_params_ui_tutorial.py took 0.064 seconds
[2026-06-03T12:57:08.155+0000] {processor.py:161} INFO - Started process (PID=825) to work on /home/airflow/.local/lib/python3.8/site-packages/airflow/example_dags/example_params_ui_tutorial.py
[2026-06-03T12:57:08.155+0000] {processor.py:830} INFO - Processing file /home/airflow/.local/lib/python3.8/site-packages/airflow/example_dags/example_params_ui_tutorial.py for tasks to queue
[2026-06-03T12:57:08.156+0000] {logging_mixin.py:188} INFO - [2026-06-03T12:57:08.156+0000] {dagbag.py:538} INFO - Filling up the DagBag from /home/airflow/.local/lib/python3.8/site-packages/airflow/example_dags/example_params_ui_tutorial.py
[2026-06-03T12:57:08.164+0000] {processor.py:840} INFO - DAG(s) 'example_params_ui_tutorial' retrieved from /home/airflow/.local/lib/python3.8/site-packages/airflow/example_dags/example_params_ui_tutorial.py
[2026-06-03T12:57:08.192+0000] {logging_mixin.py:188} INFO - [2026-06-03T12:57:08.192+0000] {dag.py:3033} INFO - Sync 1 DAGs
[2026-06-03T12:57:08.200+0000] {logging_mixin.py:188} INFO - [2026-06-03T12:57:08.200+0000] {dag.py:3820} INFO - Setting next_dagrun for example_params_ui_tutorial to None, run_after=None
[2026-06-03T12:57:08.210+0000] {processor.py:183} INFO - Processing /home/airflow/.local/lib/python3.8/site-packages/airflow/example_dags/example_params_ui_tutorial.py took 0.056 seconds
[2026-06-03T12:57:38.732+0000] {processor.py:161} INFO - Started process (PID=881) to work on /home/airflow/.local/lib/python3.8/site-packages/airflow/example_dags/example_params_ui_tutorial.py
[2026-06-03T12:57:38.733+0000] {processor.py:830} INFO - Processing file /home/airflow/.local/lib/python3.8/site-packages/airflow/example_dags/example_params_ui_tutorial.py for tasks to queue
[2026-06-03T12:57:38.735+0000] {logging_mixin.py:188} INFO - [2026-06-03T12:57:38.735+0000] {dagbag.py:538} INFO - Filling up the DagBag from /home/airflow/.local/lib/python3.8/site-packages/airflow/example_dags/example_params_ui_tutorial.py
[2026-06-03T12:57:38.747+0000] {processor.py:840} INFO - DAG(s) 'example_params_ui_tutorial' retrieved from /home/airflow/.local/lib/python3.8/site-packages/airflow/example_dags/example_params_ui_tutorial.py
[2026-06-03T12:57:38.776+0000] {logging_mixin.py:188} INFO - [2026-06-03T12:57:38.776+0000] {dag.py:3033} INFO - Sync 1 DAGs
[2026-06-03T12:57:38.785+0000] {logging_mixin.py:188} INFO - [2026-06-03T12:57:38.785+0000] {dag.py:3820} INFO - Setting next_dagrun for example_params_ui_tutorial to None, run_after=None
[2026-06-03T12:57:38.795+0000] {processor.py:183} INFO - Processing /home/airflow/.local/lib/python3.8/site-packages/airflow/example_dags/example_params_ui_tutorial.py took 0.066 seconds
[2026-06-03T12:58:09.105+0000] {processor.py:161} INFO - Started process (PID=937) to work on /home/airflow/.local/lib/python3.8/site-packages/airflow/example_dags/example_params_ui_tutorial.py
[2026-06-03T12:58:09.106+0000] {processor.py:830} INFO - Processing file /home/airflow/.local/lib/python3.8/site-packages/airflow/example_dags/example_params_ui_tutorial.py for tasks to queue
[2026-06-03T12:58:09.106+0000] {logging_mixin.py:188} INFO - [2026-06-03T12:58:09.106+0000] {dagbag.py:538} INFO - Filling up the DagBag from /home/airflow/.local/lib/python3.8/site-packages/airflow/example_dags/example_params_ui_tutorial.py
[2026-06-03T12:58:09.112+0000] {processor.py:840} INFO - DAG(s) 'example_params_ui_tutorial' retrieved from /home/airflow/.local/lib/python3.8/site-packages/airflow/example_dags/example_params_ui_tutorial.py
[2026-06-03T12:58:09.134+0000] {logging_mixin.py:188} INFO - [2026-06-03T12:58:09.134+0000] {dag.py:3033} INFO - Sync 1 DAGs
[2026-06-03T12:58:09.139+0000] {logging_mixin.py:188} INFO - [2026-06-03T12:58:09.138+0000] {dag.py:3820} INFO - Setting next_dagrun for example_params_ui_tutorial to None, run_after=None
[2026-06-03T12:58:09.144+0000] {processor.py:183} INFO - Processing /home/airflow/.local/lib/python3.8/site-packages/airflow/example_dags/example_params_ui_tutorial.py took 0.041 seconds
[2026-06-03T12:58:39.667+0000] {processor.py:161} INFO - Started process (PID=993) to work on /home/airflow/.local/lib/python3.8/site-packages/airflow/example_dags/example_params_ui_tutorial.py
[2026-06-03T12:58:39.668+0000] {processor.py:830} INFO - Processing file /home/airflow/.local/lib/python3.8/site-packages/airflow/example_dags/example_params_ui_tutorial.py for tasks to queue
[2026-06-03T12:58:39.669+0000] {logging_mixin.py:188} INFO - [2026-06-03T12:58:39.669+0000] {dagbag.py:538} INFO - Filling up the DagBag from /home/airflow/.local/lib/python3.8/site-packages/airflow/example_dags/example_params_ui_tutorial.py
[2026-06-03T12:58:39.676+0000] {processor.py:840} INFO - DAG(s) 'example_params_ui_tutorial' retrieved from /home/airflow/.local/lib/python3.8/site-packages/airflow/example_dags/example_params_ui_tutorial.py
[2026-06-03T12:58:39.710+0000] {logging_mixin.py:188} INFO - [2026-06-03T12:58:39.710+0000] {dag.py:3033} INFO - Sync 1 DAGs
[2026-06-03T12:58:39.715+0000] {logging_mixin.py:188} INFO - [2026-06-03T12:58:39.715+0000] {dag.py:3820} INFO - Setting next_dagrun for example_params_ui_tutorial to None, run_after=None
[2026-06-03T12:58:39.728+0000] {processor.py:183} INFO - Processing /home/airflow/.local/lib/python3.8/site-packages/airflow/example_dags/example_params_ui_tutorial.py took 0.062 seconds
[2026-06-03T12:59:10.735+0000] {processor.py:161} INFO - Started process (PID=1049) to work on /home/airflow/.local/lib/python3.8/site-packages/airflow/example_dags/example_params_ui_tutorial.py
[2026-06-03T12:59:10.736+0000] {processor.py:830} INFO - Processing file /home/airflow/.local/lib/python3.8/site-packages/airflow/example_dags/example_params_ui_tutorial.py for tasks to queue
[2026-06-03T12:59:10.738+0000] {logging_mixin.py:188} INFO - [2026-06-03T12:59:10.738+0000] {dagbag.py:538} INFO - Filling up the DagBag from /home/airflow/.local/lib/python3.8/site-packages/airflow/example_dags/example_params_ui_tutorial.py
[2026-06-03T12:59:10.746+0000] {processor.py:840} INFO - DAG(s) 'example_params_ui_tutorial' retrieved from /home/airflow/.local/lib/python3.8/site-packages/airflow/example_dags/example_params_ui_tutorial.py
[2026-06-03T12:59:10.776+0000] {logging_mixin.py:188} INFO - [2026-06-03T12:59:10.776+0000] {dag.py:3033} INFO - Sync 1 DAGs
[2026-06-03T12:59:10.783+0000] {logging_mixin.py:188} INFO - [2026-06-03T12:59:10.783+0000] {dag.py:3820} INFO - Setting next_dagrun for example_params_ui_tutorial to None, run_after=None
[2026-06-03T12:59:10.792+0000] {processor.py:183} INFO - Processing /home/airflow/.local/lib/python3.8/site-packages/airflow/example_dags/example_params_ui_tutorial.py took 0.059 seconds
[2026-06-03T12:59:41.014+0000] {processor.py:161} INFO - Started process (PID=1105) to work on /home/airflow/.local/lib/python3.8/site-packages/airflow/example_dags/example_params_ui_tutorial.py
[2026-06-03T12:59:41.015+0000] {processor.py:830} INFO - Processing file /home/airflow/.local/lib/python3.8/site-packages/airflow/example_dags/example_params_ui_tutorial.py for tasks to queue
[2026-06-03T12:59:41.015+0000] {logging_mixin.py:188} INFO - [2026-06-03T12:59:41.015+0000] {dagbag.py:538} INFO - Filling up the DagBag from /home/airflow/.local/lib/python3.8/site-packages/airflow/example_dags/example_params_ui_tutorial.py
[2026-06-03T12:59:41.021+0000] {processor.py:840} INFO - DAG(s) 'example_params_ui_tutorial' retrieved from /home/airflow/.local/lib/python3.8/site-packages/airflow/example_dags/example_params_ui_tutorial.py
[2026-06-03T12:59:41.045+0000] {logging_mixin.py:188} INFO - [2026-06-03T12:59:41.045+0000] {dag.py:3033} INFO - Sync 1 DAGs
[2026-06-03T12:59:41.050+0000] {logging_mixin.py:188} INFO - [2026-06-03T12:59:41.050+0000] {dag.py:3820} INFO - Setting next_dagrun for example_params_ui_tutorial to None, run_after=None
[2026-06-03T12:59:41.056+0000] {processor.py:183} INFO - Processing /home/airflow/.local/lib/python3.8/site-packages/airflow/example_dags/example_params_ui_tutorial.py took 0.043 seconds
[2026-06-03T13:00:11.469+0000] {processor.py:161} INFO - Started process (PID=1161) to work on /home/airflow/.local/lib/python3.8/site-packages/airflow/example_dags/example_params_ui_tutorial.py
[2026-06-03T13:00:11.469+0000] {processor.py:830} INFO - Processing file /home/airflow/.local/lib/python3.8/site-packages/airflow/example_dags/example_params_ui_tutorial.py for tasks to queue
[2026-06-03T13:00:11.470+0000] {logging_mixin.py:188} INFO - [2026-06-03T13:00:11.470+0000] {dagbag.py:538} INFO - Filling up the DagBag from /home/airflow/.local/lib/python3.8/site-packages/airflow/example_dags/example_params_ui_tutorial.py
[2026-06-03T13:00:11.482+0000] {processor.py:840} INFO - DAG(s) 'example_params_ui_tutorial' retrieved from /home/airflow/.local/lib/python3.8/site-packages/airflow/example_dags/example_params_ui_tutorial.py
[2026-06-03T13:00:11.510+0000] {logging_mixin.py:188} INFO - [2026-06-03T13:00:11.510+0000] {dag.py:3033} INFO - Sync 1 DAGs
[2026-06-03T13:00:11.517+0000] {logging_mixin.py:188} INFO - [2026-06-03T13:00:11.517+0000] {dag.py:3820} INFO - Setting next_dagrun for example_params_ui_tutorial to None, run_after=None
[2026-06-03T13:00:11.530+0000] {processor.py:183} INFO - Processing /home/airflow/.local/lib/python3.8/site-packages/airflow/example_dags/example_params_ui_tutorial.py took 0.063 seconds
[2026-06-03T13:00:41.934+0000] {processor.py:161} INFO - Started process (PID=1217) to work on /home/airflow/.local/lib/python3.8/site-packages/airflow/example_dags/example_params_ui_tutorial.py
[2026-06-03T13:00:41.934+0000] {processor.py:830} INFO - Processing file /home/airflow/.local/lib/python3.8/site-packages/airflow/example_dags/example_params_ui_tutorial.py for tasks to queue
[2026-06-03T13:00:41.935+0000] {logging_mixin.py:188} INFO - [2026-06-03T13:00:41.935+0000] {dagbag.py:538} INFO - Filling up the DagBag from /home/airflow/.local/lib/python3.8/site-packages/airflow/example_dags/example_params_ui_tutorial.py
[2026-06-03T13:00:41.940+0000] {processor.py:840} INFO - DAG(s) 'example_params_ui_tutorial' retrieved from /home/airflow/.local/lib/python3.8/site-packages/airflow/example_dags/example_params_ui_tutorial.py
[2026-06-03T13:00:41.965+0000] {logging_mixin.py:188} INFO - [2026-06-03T13:00:41.965+0000] {dag.py:3033} INFO - Sync 1 DAGs
[2026-06-03T13:00:41.969+0000] {logging_mixin.py:188} INFO - [2026-06-03T13:00:41.969+0000] {dag.py:3820} INFO - Setting next_dagrun for example_params_ui_tutorial to None, run_after=None
[2026-06-03T13:00:41.974+0000] {processor.py:183} INFO - Processing /home/airflow/.local/lib/python3.8/site-packages/airflow/example_dags/example_params_ui_tutorial.py took 0.042 seconds
[2026-06-03T13:01:12.344+0000] {processor.py:161} INFO - Started process (PID=1273) to work on /home/airflow/.local/lib/python3.8/site-packages/airflow/example_dags/example_params_ui_tutorial.py
[2026-06-03T13:01:12.345+0000] {processor.py:830} INFO - Processing file /home/airflow/.local/lib/python3.8/site-packages/airflow/example_dags/example_params_ui_tutorial.py for tasks to queue
[2026-06-03T13:01:12.346+0000] {logging_mixin.py:188} INFO - [2026-06-03T13:01:12.346+0000] {dagbag.py:538} INFO - Filling up the DagBag from /home/airflow/.local/lib/python3.8/site-packages/airflow/example_dags/example_params_ui_tutorial.py
[2026-06-03T13:01:12.353+0000] {processor.py:840} INFO - DAG(s) 'example_params_ui_tutorial' retrieved from /home/airflow/.local/lib/python3.8/site-packages/airflow/example_dags/example_params_ui_tutorial.py
[2026-06-03T13:01:12.385+0000] {logging_mixin.py:188} INFO - [2026-06-03T13:01:12.385+0000] {dag.py:3033} INFO - Sync 1 DAGs
[2026-06-03T13:01:12.391+0000] {logging_mixin.py:188} INFO - [2026-06-03T13:01:12.391+0000] {dag.py:3820} INFO - Setting next_dagrun for example_params_ui_tutorial to None, run_after=None
[2026-06-03T13:01:12.402+0000] {processor.py:183} INFO - Processing /home/airflow/.local/lib/python3.8/site-packages/airflow/example_dags/example_params_ui_tutorial.py took 0.060 seconds
[2026-06-03T13:01:43.045+0000] {processor.py:161} INFO - Started process (PID=1329) to work on /home/airflow/.local/lib/python3.8/site-packages/airflow/example_dags/example_params_ui_tutorial.py
[2026-06-03T13:01:43.046+0000] {processor.py:830} INFO - Processing file /home/airflow/.local/lib/python3.8/site-packages/airflow/example_dags/example_params_ui_tutorial.py for tasks to queue
[2026-06-03T13:01:43.047+0000] {logging_mixin.py:188} INFO - [2026-06-03T13:01:43.047+0000] {dagbag.py:538} INFO - Filling up the DagBag from /home/airflow/.local/lib/python3.8/site-packages/airflow/example_dags/example_params_ui_tutorial.py
[2026-06-03T13:01:43.053+0000] {processor.py:840} INFO - DAG(s) 'example_params_ui_tutorial' retrieved from /home/airflow/.local/lib/python3.8/site-packages/airflow/example_dags/example_params_ui_tutorial.py
[2026-06-03T13:01:43.079+0000] {logging_mixin.py:188} INFO - [2026-06-03T13:01:43.079+0000] {dag.py:3033} INFO - Sync 1 DAGs
[2026-06-03T13:01:43.089+0000] {logging_mixin.py:188} INFO - [2026-06-03T13:01:43.088+0000] {dag.py:3820} INFO - Setting next_dagrun for example_params_ui_tutorial to None, run_after=None
[2026-06-03T13:01:43.101+0000] {processor.py:183} INFO - Processing /home/airflow/.local/lib/python3.8/site-packages/airflow/example_dags/example_params_ui_tutorial.py took 0.058 seconds
[2026-06-03T13:02:14.940+0000] {processor.py:161} INFO - Started process (PID=1385) to work on /home/airflow/.local/lib/python3.8/site-packages/airflow/example_dags/example_params_ui_tutorial.py
[2026-06-03T13:02:14.942+0000] {processor.py:830} INFO - Processing file /home/airflow/.local/lib/python3.8/site-packages/airflow/example_dags/example_params_ui_tutorial.py for tasks to queue
[2026-06-03T13:02:14.944+0000] {logging_mixin.py:188} INFO - [2026-06-03T13:02:14.943+0000] {dagbag.py:538} INFO - Filling up the DagBag from /home/airflow/.local/lib/python3.8/site-packages/airflow/example_dags/example_params_ui_tutorial.py
[2026-06-03T13:02:14.971+0000] {processor.py:840} INFO - DAG(s) 'example_params_ui_tutorial' retrieved from /home/airflow/.local/lib/python3.8/site-packages/airflow/example_dags/example_params_ui_tutorial.py
[2026-06-03T13:02:15.065+0000] {logging_mixin.py:188} INFO - [2026-06-03T13:02:15.064+0000] {dag.py:3033} INFO - Sync 1 DAGs
[2026-06-03T13:02:15.092+0000] {logging_mixin.py:188} INFO - [2026-06-03T13:02:15.092+0000] {dag.py:3820} INFO - Setting next_dagrun for example_params_ui_tutorial to None, run_after=None
[2026-06-03T13:02:15.119+0000] {processor.py:183} INFO - Processing /home/airflow/.local/lib/python3.8/site-packages/airflow/example_dags/example_params_ui_tutorial.py took 0.183 seconds
[2026-06-03T13:02:45.242+0000] {processor.py:161} INFO - Started process (PID=1441) to work on /home/airflow/.local/lib/python3.8/site-packages/airflow/example_dags/example_params_ui_tutorial.py
[2026-06-03T13:02:45.242+0000] {processor.py:830} INFO - Processing file /home/airflow/.local/lib/python3.8/site-packages/airflow/example_dags/example_params_ui_tutorial.py for tasks to queue
[2026-06-03T13:02:45.243+0000] {logging_mixin.py:188} INFO - [2026-06-03T13:02:45.243+0000] {dagbag.py:538} INFO - Filling up the DagBag from /home/airflow/.local/lib/python3.8/site-packages/airflow/example_dags/example_params_ui_tutorial.py
[2026-06-03T13:02:45.250+0000] {processor.py:840} INFO - DAG(s) 'example_params_ui_tutorial' retrieved from /home/airflow/.local/lib/python3.8/site-packages/airflow/example_dags/example_params_ui_tutorial.py
[2026-06-03T13:02:45.290+0000] {logging_mixin.py:188} INFO - [2026-06-03T13:02:45.290+0000] {dag.py:3033} INFO - Sync 1 DAGs
[2026-06-03T13:02:45.300+0000] {logging_mixin.py:188} INFO - [2026-06-03T13:02:45.300+0000] {dag.py:3820} INFO - Setting next_dagrun for example_params_ui_tutorial to None, run_after=None
[2026-06-03T13:02:45.318+0000] {processor.py:183} INFO - Processing /home/airflow/.local/lib/python3.8/site-packages/airflow/example_dags/example_params_ui_tutorial.py took 0.079 seconds
[2026-06-03T13:03:16.076+0000] {processor.py:161} INFO - Started process (PID=1497) to work on /home/airflow/.local/lib/python3.8/site-packages/airflow/example_dags/example_params_ui_tutorial.py
[2026-06-03T13:03:16.076+0000] {processor.py:830} INFO - Processing file /home/airflow/.local/lib/python3.8/site-packages/airflow/example_dags/example_params_ui_tutorial.py for tasks to queue
[2026-06-03T13:03:16.078+0000] {logging_mixin.py:188} INFO - [2026-06-03T13:03:16.078+0000] {dagbag.py:538} INFO - Filling up the DagBag from /home/airflow/.local/lib/python3.8/site-packages/airflow/example_dags/example_params_ui_tutorial.py
[2026-06-03T13:03:16.087+0000] {processor.py:840} INFO - DAG(s) 'example_params_ui_tutorial' retrieved from /home/airflow/.local/lib/python3.8/site-packages/airflow/example_dags/example_params_ui_tutorial.py
[2026-06-03T13:03:16.126+0000] {logging_mixin.py:188} INFO - [2026-06-03T13:03:16.126+0000] {dag.py:3033} INFO - Sync 1 DAGs
[2026-06-03T13:03:16.134+0000] {logging_mixin.py:188} INFO - [2026-06-03T13:03:16.133+0000] {dag.py:3820} INFO - Setting next_dagrun for example_params_ui_tutorial to None, run_after=None
[2026-06-03T13:03:16.147+0000] {processor.py:183} INFO - Processing /home/airflow/.local/lib/python3.8/site-packages/airflow/example_dags/example_params_ui_tutorial.py took 0.074 seconds
[2026-06-03T13:03:46.953+0000] {processor.py:161} INFO - Started process (PID=1553) to work on /home/airflow/.local/lib/python3.8/site-packages/airflow/example_dags/example_params_ui_tutorial.py
[2026-06-03T13:03:46.954+0000] {processor.py:830} INFO - Processing file /home/airflow/.local/lib/python3.8/site-packages/airflow/example_dags/example_params_ui_tutorial.py for tasks to queue
[2026-06-03T13:03:46.955+0000] {logging_mixin.py:188} INFO - [2026-06-03T13:03:46.955+0000] {dagbag.py:538} INFO - Filling up the DagBag from /home/airflow/.local/lib/python3.8/site-packages/airflow/example_dags/example_params_ui_tutorial.py
[2026-06-03T13:03:46.965+0000] {processor.py:840} INFO - DAG(s) 'example_params_ui_tutorial' retrieved from /home/airflow/.local/lib/python3.8/site-packages/airflow/example_dags/example_params_ui_tutorial.py
[2026-06-03T13:03:46.994+0000] {logging_mixin.py:188} INFO - [2026-06-03T13:03:46.994+0000] {dag.py:3033} INFO - Sync 1 DAGs
[2026-06-03T13:03:47.012+0000] {logging_mixin.py:188} INFO - [2026-06-03T13:03:47.011+0000] {dag.py:3820} INFO - Setting next_dagrun for example_params_ui_tutorial to None, run_after=None
[2026-06-03T13:03:47.028+0000] {processor.py:183} INFO - Processing /home/airflow/.local/lib/python3.8/site-packages/airflow/example_dags/example_params_ui_tutorial.py took 0.077 seconds
[2026-06-03T13:04:17.332+0000] {processor.py:161} INFO - Started process (PID=1609) to work on /home/airflow/.local/lib/python3.8/site-packages/airflow/example_dags/example_params_ui_tutorial.py
[2026-06-03T13:04:17.333+0000] {processor.py:830} INFO - Processing file /home/airflow/.local/lib/python3.8/site-packages/airflow/example_dags/example_params_ui_tutorial.py for tasks to queue
[2026-06-03T13:04:17.335+0000] {logging_mixin.py:188} INFO - [2026-06-03T13:04:17.334+0000] {dagbag.py:538} INFO - Filling up the DagBag from /home/airflow/.local/lib/python3.8/site-packages/airflow/example_dags/example_params_ui_tutorial.py
[2026-06-03T13:04:17.349+0000] {processor.py:840} INFO - DAG(s) 'example_params_ui_tutorial' retrieved from /home/airflow/.local/lib/python3.8/site-packages/airflow/example_dags/example_params_ui_tutorial.py
[2026-06-03T13:04:17.415+0000] {logging_mixin.py:188} INFO - [2026-06-03T13:04:17.414+0000] {dag.py:3033} INFO - Sync 1 DAGs
[2026-06-03T13:04:17.446+0000] {logging_mixin.py:188} INFO - [2026-06-03T13:04:17.445+0000] {dag.py:3820} INFO - Setting next_dagrun for example_params_ui_tutorial to None, run_after=None
[2026-06-03T13:04:17.559+0000] {processor.py:183} INFO - Processing /home/airflow/.local/lib/python3.8/site-packages/airflow/example_dags/example_params_ui_tutorial.py took 0.228 seconds
[2026-06-03T13:04:48.455+0000] {processor.py:161} INFO - Started process (PID=1665) to work on /home/airflow/.local/lib/python3.8/site-packages/airflow/example_dags/example_params_ui_tutorial.py
[2026-06-03T13:04:48.456+0000] {processor.py:830} INFO - Processing file /home/airflow/.local/lib/python3.8/site-packages/airflow/example_dags/example_params_ui_tutorial.py for tasks to queue
[2026-06-03T13:04:48.458+0000] {logging_mixin.py:188} INFO - [2026-06-03T13:04:48.458+0000] {dagbag.py:538} INFO - Filling up the DagBag from /home/airflow/.local/lib/python3.8/site-packages/airflow/example_dags/example_params_ui_tutorial.py
[2026-06-03T13:04:48.470+0000] {processor.py:840} INFO - DAG(s) 'example_params_ui_tutorial' retrieved from /home/airflow/.local/lib/python3.8/site-packages/airflow/example_dags/example_params_ui_tutorial.py
[2026-06-03T13:04:48.506+0000] {logging_mixin.py:188} INFO - [2026-06-03T13:04:48.506+0000] {dag.py:3033} INFO - Sync 1 DAGs
[2026-06-03T13:04:48.514+0000] {logging_mixin.py:188} INFO - [2026-06-03T13:04:48.514+0000] {dag.py:3820} INFO - Setting next_dagrun for example_params_ui_tutorial to None, run_after=None
[2026-06-03T13:04:48.526+0000] {processor.py:183} INFO - Processing /home/airflow/.local/lib/python3.8/site-packages/airflow/example_dags/example_params_ui_tutorial.py took 0.075 seconds
[2026-06-03T13:05:19.207+0000] {processor.py:161} INFO - Started process (PID=1721) to work on /home/airflow/.local/lib/python3.8/site-packages/airflow/example_dags/example_params_ui_tutorial.py
[2026-06-03T13:05:19.215+0000] {processor.py:830} INFO - Processing file /home/airflow/.local/lib/python3.8/site-packages/airflow/example_dags/example_params_ui_tutorial.py for tasks to queue
[2026-06-03T13:05:19.219+0000] {logging_mixin.py:188} INFO - [2026-06-03T13:05:19.218+0000] {dagbag.py:538} INFO - Filling up the DagBag from /home/airflow/.local/lib/python3.8/site-packages/airflow/example_dags/example_params_ui_tutorial.py
[2026-06-03T13:05:19.249+0000] {processor.py:840} INFO - DAG(s) 'example_params_ui_tutorial' retrieved from /home/airflow/.local/lib/python3.8/site-packages/airflow/example_dags/example_params_ui_tutorial.py
[2026-06-03T13:05:19.288+0000] {logging_mixin.py:188} INFO - [2026-06-03T13:05:19.288+0000] {dag.py:3033} INFO - Sync 1 DAGs
[2026-06-03T13:05:19.297+0000] {logging_mixin.py:188} INFO - [2026-06-03T13:05:19.297+0000] {dag.py:3820} INFO - Setting next_dagrun for example_params_ui_tutorial to None, run_after=None
[2026-06-03T13:05:19.309+0000] {processor.py:183} INFO - Processing /home/airflow/.local/lib/python3.8/site-packages/airflow/example_dags/example_params_ui_tutorial.py took 0.121 seconds
[2026-06-03T13:05:49.415+0000] {processor.py:161} INFO - Started process (PID=1777) to work on /home/airflow/.local/lib/python3.8/site-packages/airflow/example_dags/example_params_ui_tutorial.py
[2026-06-03T13:05:49.415+0000] {processor.py:830} INFO - Processing file /home/airflow/.local/lib/python3.8/site-packages/airflow/example_dags/example_params_ui_tutorial.py for tasks to queue
[2026-06-03T13:05:49.416+0000] {logging_mixin.py:188} INFO - [2026-06-03T13:05:49.416+0000] {dagbag.py:538} INFO - Filling up the DagBag from /home/airflow/.local/lib/python3.8/site-packages/airflow/example_dags/example_params_ui_tutorial.py
[2026-06-03T13:05:49.425+0000] {processor.py:840} INFO - DAG(s) 'example_params_ui_tutorial' retrieved from /home/airflow/.local/lib/python3.8/site-packages/airflow/example_dags/example_params_ui_tutorial.py
[2026-06-03T13:05:49.453+0000] {logging_mixin.py:188} INFO - [2026-06-03T13:05:49.453+0000] {dag.py:3033} INFO - Sync 1 DAGs
[2026-06-03T13:05:49.461+0000] {logging_mixin.py:188} INFO - [2026-06-03T13:05:49.461+0000] {dag.py:3820} INFO - Setting next_dagrun for example_params_ui_tutorial to None, run_after=None
[2026-06-03T13:05:49.626+0000] {processor.py:183} INFO - Processing /home/airflow/.local/lib/python3.8/site-packages/airflow/example_dags/example_params_ui_tutorial.py took 0.213 seconds
[2026-06-03T13:06:19.835+0000] {processor.py:161} INFO - Started process (PID=1834) to work on /home/airflow/.local/lib/python3.8/site-packages/airflow/example_dags/example_params_ui_tutorial.py
[2026-06-03T13:06:19.835+0000] {processor.py:830} INFO - Processing file /home/airflow/.local/lib/python3.8/site-packages/airflow/example_dags/example_params_ui_tutorial.py for tasks to queue
[2026-06-03T13:06:19.836+0000] {logging_mixin.py:188} INFO - [2026-06-03T13:06:19.836+0000] {dagbag.py:538} INFO - Filling up the DagBag from /home/airflow/.local/lib/python3.8/site-packages/airflow/example_dags/example_params_ui_tutorial.py
[2026-06-03T13:06:19.842+0000] {processor.py:840} INFO - DAG(s) 'example_params_ui_tutorial' retrieved from /home/airflow/.local/lib/python3.8/site-packages/airflow/example_dags/example_params_ui_tutorial.py
[2026-06-03T13:06:19.864+0000] {logging_mixin.py:188} INFO - [2026-06-03T13:06:19.864+0000] {dag.py:3033} INFO - Sync 1 DAGs
[2026-06-03T13:06:19.869+0000] {logging_mixin.py:188} INFO - [2026-06-03T13:06:19.869+0000] {dag.py:3820} INFO - Setting next_dagrun for example_params_ui_tutorial to None, run_after=None
[2026-06-03T13:06:19.875+0000] {processor.py:183} INFO - Processing /home/airflow/.local/lib/python3.8/site-packages/airflow/example_dags/example_params_ui_tutorial.py took 0.041 seconds
[2026-06-03T13:06:50.655+0000] {processor.py:161} INFO - Started process (PID=1889) to work on /home/airflow/.local/lib/python3.8/site-packages/airflow/example_dags/example_params_ui_tutorial.py
[2026-06-03T13:06:50.655+0000] {processor.py:830} INFO - Processing file /home/airflow/.local/lib/python3.8/site-packages/airflow/example_dags/example_params_ui_tutorial.py for tasks to queue
[2026-06-03T13:06:50.657+0000] {logging_mixin.py:188} INFO - [2026-06-03T13:06:50.657+0000] {dagbag.py:538} INFO - Filling up the DagBag from /home/airflow/.local/lib/python3.8/site-packages/airflow/example_dags/example_params_ui_tutorial.py
[2026-06-03T13:06:50.668+0000] {processor.py:840} INFO - DAG(s) 'example_params_ui_tutorial' retrieved from /home/airflow/.local/lib/python3.8/site-packages/airflow/example_dags/example_params_ui_tutorial.py
[2026-06-03T13:06:50.697+0000] {logging_mixin.py:188} INFO - [2026-06-03T13:06:50.696+0000] {dag.py:3033} INFO - Sync 1 DAGs
[2026-06-03T13:06:50.707+0000] {logging_mixin.py:188} INFO - [2026-06-03T13:06:50.706+0000] {dag.py:3820} INFO - Setting next_dagrun for example_params_ui_tutorial to None, run_after=None
[2026-06-03T13:06:50.719+0000] {processor.py:183} INFO - Processing /home/airflow/.local/lib/python3.8/site-packages/airflow/example_dags/example_params_ui_tutorial.py took 0.067 seconds
[2026-06-03T13:07:21.533+0000] {processor.py:161} INFO - Started process (PID=1945) to work on /home/airflow/.local/lib/python3.8/site-packages/airflow/example_dags/example_params_ui_tutorial.py
[2026-06-03T13:07:21.533+0000] {processor.py:830} INFO - Processing file /home/airflow/.local/lib/python3.8/site-packages/airflow/example_dags/example_params_ui_tutorial.py for tasks to queue
[2026-06-03T13:07:21.534+0000] {logging_mixin.py:188} INFO - [2026-06-03T13:07:21.534+0000] {dagbag.py:538} INFO - Filling up the DagBag from /home/airflow/.local/lib/python3.8/site-packages/airflow/example_dags/example_params_ui_tutorial.py
[2026-06-03T13:07:21.545+0000] {processor.py:840} INFO - DAG(s) 'example_params_ui_tutorial' retrieved from /home/airflow/.local/lib/python3.8/site-packages/airflow/example_dags/example_params_ui_tutorial.py
[2026-06-03T13:07:21.578+0000] {logging_mixin.py:188} INFO - [2026-06-03T13:07:21.578+0000] {dag.py:3033} INFO - Sync 1 DAGs
[2026-06-03T13:07:21.591+0000] {logging_mixin.py:188} INFO - [2026-06-03T13:07:21.591+0000] {dag.py:3820} INFO - Setting next_dagrun for example_params_ui_tutorial to None, run_after=None
[2026-06-03T13:07:21.602+0000] {processor.py:183} INFO - Processing /home/airflow/.local/lib/python3.8/site-packages/airflow/example_dags/example_params_ui_tutorial.py took 0.071 seconds
[2026-06-03T13:07:52.275+0000] {processor.py:161} INFO - Started process (PID=2008) to work on /home/airflow/.local/lib/python3.8/site-packages/airflow/example_dags/example_params_ui_tutorial.py
[2026-06-03T13:07:52.276+0000] {processor.py:830} INFO - Processing file /home/airflow/.local/lib/python3.8/site-packages/airflow/example_dags/example_params_ui_tutorial.py for tasks to queue
[2026-06-03T13:07:52.277+0000] {logging_mixin.py:188} INFO - [2026-06-03T13:07:52.277+0000] {dagbag.py:538} INFO - Filling up the DagBag from /home/airflow/.local/lib/python3.8/site-packages/airflow/example_dags/example_params_ui_tutorial.py
[2026-06-03T13:07:52.286+0000] {processor.py:840} INFO - DAG(s) 'example_params_ui_tutorial' retrieved from /home/airflow/.local/lib/python3.8/site-packages/airflow/example_dags/example_params_ui_tutorial.py
[2026-06-03T13:07:52.319+0000] {logging_mixin.py:188} INFO - [2026-06-03T13:07:52.319+0000] {dag.py:3033} INFO - Sync 1 DAGs
[2026-06-03T13:07:52.326+0000] {logging_mixin.py:188} INFO - [2026-06-03T13:07:52.326+0000] {dag.py:3820} INFO - Setting next_dagrun for example_params_ui_tutorial to None, run_after=None
[2026-06-03T13:07:52.343+0000] {processor.py:183} INFO - Processing /home/airflow/.local/lib/python3.8/site-packages/airflow/example_dags/example_params_ui_tutorial.py took 0.070 seconds
[2026-06-03T13:08:22.938+0000] {processor.py:161} INFO - Started process (PID=2064) to work on /home/airflow/.local/lib/python3.8/site-packages/airflow/example_dags/example_params_ui_tutorial.py
[2026-06-03T13:08:22.939+0000] {processor.py:830} INFO - Processing file /home/airflow/.local/lib/python3.8/site-packages/airflow/example_dags/example_params_ui_tutorial.py for tasks to queue
[2026-06-03T13:08:22.940+0000] {logging_mixin.py:188} INFO - [2026-06-03T13:08:22.940+0000] {dagbag.py:538} INFO - Filling up the DagBag from /home/airflow/.local/lib/python3.8/site-packages/airflow/example_dags/example_params_ui_tutorial.py
[2026-06-03T13:08:22.946+0000] {processor.py:840} INFO - DAG(s) 'example_params_ui_tutorial' retrieved from /home/airflow/.local/lib/python3.8/site-packages/airflow/example_dags/example_params_ui_tutorial.py
[2026-06-03T13:08:22.970+0000] {logging_mixin.py:188} INFO - [2026-06-03T13:08:22.970+0000] {dag.py:3033} INFO - Sync 1 DAGs
[2026-06-03T13:08:23.097+0000] {logging_mixin.py:188} INFO - [2026-06-03T13:08:23.097+0000] {dag.py:3820} INFO - Setting next_dagrun for example_params_ui_tutorial to None, run_after=None
[2026-06-03T13:08:23.105+0000] {processor.py:183} INFO - Processing /home/airflow/.local/lib/python3.8/site-packages/airflow/example_dags/example_params_ui_tutorial.py took 0.169 seconds
[2026-06-03T13:08:53.686+0000] {processor.py:161} INFO - Started process (PID=2120) to work on /home/airflow/.local/lib/python3.8/site-packages/airflow/example_dags/example_params_ui_tutorial.py
[2026-06-03T13:08:53.687+0000] {processor.py:830} INFO - Processing file /home/airflow/.local/lib/python3.8/site-packages/airflow/example_dags/example_params_ui_tutorial.py for tasks to queue
[2026-06-03T13:08:53.689+0000] {logging_mixin.py:188} INFO - [2026-06-03T13:08:53.689+0000] {dagbag.py:538} INFO - Filling up the DagBag from /home/airflow/.local/lib/python3.8/site-packages/airflow/example_dags/example_params_ui_tutorial.py
[2026-06-03T13:08:53.705+0000] {processor.py:840} INFO - DAG(s) 'example_params_ui_tutorial' retrieved from /home/airflow/.local/lib/python3.8/site-packages/airflow/example_dags/example_params_ui_tutorial.py
[2026-06-03T13:08:53.752+0000] {logging_mixin.py:188} INFO - [2026-06-03T13:08:53.752+0000] {dag.py:3033} INFO - Sync 1 DAGs
[2026-06-03T13:08:53.982+0000] {logging_mixin.py:188} INFO - [2026-06-03T13:08:53.982+0000] {dag.py:3820} INFO - Setting next_dagrun for example_params_ui_tutorial to None, run_after=None
[2026-06-03T13:08:53.992+0000] {processor.py:183} INFO - Processing /home/airflow/.local/lib/python3.8/site-packages/airflow/example_dags/example_params_ui_tutorial.py took 0.308 seconds
[2026-06-03T13:09:24.100+0000] {processor.py:161} INFO - Started process (PID=2176) to work on /home/airflow/.local/lib/python3.8/site-packages/airflow/example_dags/example_params_ui_tutorial.py
[2026-06-03T13:09:24.101+0000] {processor.py:830} INFO - Processing file /home/airflow/.local/lib/python3.8/site-packages/airflow/example_dags/example_params_ui_tutorial.py for tasks to queue
[2026-06-03T13:09:24.102+0000] {logging_mixin.py:188} INFO - [2026-06-03T13:09:24.102+0000] {dagbag.py:538} INFO - Filling up the DagBag from /home/airflow/.local/lib/python3.8/site-packages/airflow/example_dags/example_params_ui_tutorial.py
[2026-06-03T13:09:24.108+0000] {processor.py:840} INFO - DAG(s) 'example_params_ui_tutorial' retrieved from /home/airflow/.local/lib/python3.8/site-packages/airflow/example_dags/example_params_ui_tutorial.py
[2026-06-03T13:09:24.131+0000] {logging_mixin.py:188} INFO - [2026-06-03T13:09:24.131+0000] {dag.py:3033} INFO - Sync 1 DAGs
[2026-06-03T13:09:24.135+0000] {logging_mixin.py:188} INFO - [2026-06-03T13:09:24.135+0000] {dag.py:3820} INFO - Setting next_dagrun for example_params_ui_tutorial to None, run_after=None
[2026-06-03T13:09:24.142+0000] {processor.py:183} INFO - Processing /home/airflow/.local/lib/python3.8/site-packages/airflow/example_dags/example_params_ui_tutorial.py took 0.043 seconds
[2026-06-03T13:09:55.361+0000] {processor.py:161} INFO - Started process (PID=2232) to work on /home/airflow/.local/lib/python3.8/site-packages/airflow/example_dags/example_params_ui_tutorial.py
[2026-06-03T13:09:55.361+0000] {processor.py:830} INFO - Processing file /home/airflow/.local/lib/python3.8/site-packages/airflow/example_dags/example_params_ui_tutorial.py for tasks to queue
[2026-06-03T13:09:55.362+0000] {logging_mixin.py:188} INFO - [2026-06-03T13:09:55.362+0000] {dagbag.py:538} INFO - Filling up the DagBag from /home/airflow/.local/lib/python3.8/site-packages/airflow/example_dags/example_params_ui_tutorial.py
[2026-06-03T13:09:55.429+0000] {processor.py:840} INFO - DAG(s) 'example_params_ui_tutorial' retrieved from /home/airflow/.local/lib/python3.8/site-packages/airflow/example_dags/example_params_ui_tutorial.py
[2026-06-03T13:09:55.451+0000] {logging_mixin.py:188} INFO - [2026-06-03T13:09:55.451+0000] {dag.py:3033} INFO - Sync 1 DAGs
[2026-06-03T13:09:55.454+0000] {logging_mixin.py:188} INFO - [2026-06-03T13:09:55.454+0000] {dag.py:3820} INFO - Setting next_dagrun for example_params_ui_tutorial to None, run_after=None
[2026-06-03T13:09:55.460+0000] {processor.py:183} INFO - Processing /home/airflow/.local/lib/python3.8/site-packages/airflow/example_dags/example_params_ui_tutorial.py took 0.100 seconds
[2026-06-03T13:10:25.810+0000] {processor.py:161} INFO - Started process (PID=2288) to work on /home/airflow/.local/lib/python3.8/site-packages/airflow/example_dags/example_params_ui_tutorial.py
[2026-06-03T13:10:25.811+0000] {processor.py:830} INFO - Processing file /home/airflow/.local/lib/python3.8/site-packages/airflow/example_dags/example_params_ui_tutorial.py for tasks to queue
[2026-06-03T13:10:25.812+0000] {logging_mixin.py:188} INFO - [2026-06-03T13:10:25.812+0000] {dagbag.py:538} INFO - Filling up the DagBag from /home/airflow/.local/lib/python3.8/site-packages/airflow/example_dags/example_params_ui_tutorial.py
[2026-06-03T13:10:25.818+0000] {processor.py:840} INFO - DAG(s) 'example_params_ui_tutorial' retrieved from /home/airflow/.local/lib/python3.8/site-packages/airflow/example_dags/example_params_ui_tutorial.py
[2026-06-03T13:10:25.840+0000] {logging_mixin.py:188} INFO - [2026-06-03T13:10:25.840+0000] {dag.py:3033} INFO - Sync 1 DAGs
[2026-06-03T13:10:25.844+0000] {logging_mixin.py:188} INFO - [2026-06-03T13:10:25.844+0000] {dag.py:3820} INFO - Setting next_dagrun for example_params_ui_tutorial to None, run_after=None
[2026-06-03T13:10:25.850+0000] {processor.py:183} INFO - Processing /home/airflow/.local/lib/python3.8/site-packages/airflow/example_dags/example_params_ui_tutorial.py took 0.042 seconds
[2026-06-03T13:10:56.568+0000] {processor.py:161} INFO - Started process (PID=2344) to work on /home/airflow/.local/lib/python3.8/site-packages/airflow/example_dags/example_params_ui_tutorial.py
[2026-06-03T13:10:56.568+0000] {processor.py:830} INFO - Processing file /home/airflow/.local/lib/python3.8/site-packages/airflow/example_dags/example_params_ui_tutorial.py for tasks to queue
[2026-06-03T13:10:56.570+0000] {logging_mixin.py:188} INFO - [2026-06-03T13:10:56.569+0000] {dagbag.py:538} INFO - Filling up the DagBag from /home/airflow/.local/lib/python3.8/site-packages/airflow/example_dags/example_params_ui_tutorial.py
[2026-06-03T13:10:56.584+0000] {processor.py:840} INFO - DAG(s) 'example_params_ui_tutorial' retrieved from /home/airflow/.local/lib/python3.8/site-packages/airflow/example_dags/example_params_ui_tutorial.py
[2026-06-03T13:10:56.653+0000] {logging_mixin.py:188} INFO - [2026-06-03T13:10:56.653+0000] {dag.py:3033} INFO - Sync 1 DAGs
[2026-06-03T13:10:56.661+0000] {logging_mixin.py:188} INFO - [2026-06-03T13:10:56.661+0000] {dag.py:3820} INFO - Setting next_dagrun for example_params_ui_tutorial to None, run_after=None
[2026-06-03T13:10:56.669+0000] {processor.py:183} INFO - Processing /home/airflow/.local/lib/python3.8/site-packages/airflow/example_dags/example_params_ui_tutorial.py took 0.103 seconds
[2026-06-03T13:11:27.547+0000] {processor.py:161} INFO - Started process (PID=2407) to work on /home/airflow/.local/lib/python3.8/site-packages/airflow/example_dags/example_params_ui_tutorial.py
[2026-06-03T13:11:27.548+0000] {processor.py:830} INFO - Processing file /home/airflow/.local/lib/python3.8/site-packages/airflow/example_dags/example_params_ui_tutorial.py for tasks to queue
[2026-06-03T13:11:27.548+0000] {logging_mixin.py:188} INFO - [2026-06-03T13:11:27.548+0000] {dagbag.py:538} INFO - Filling up the DagBag from /home/airflow/.local/lib/python3.8/site-packages/airflow/example_dags/example_params_ui_tutorial.py
[2026-06-03T13:11:27.554+0000] {processor.py:840} INFO - DAG(s) 'example_params_ui_tutorial' retrieved from /home/airflow/.local/lib/python3.8/site-packages/airflow/example_dags/example_params_ui_tutorial.py
[2026-06-03T13:11:27.578+0000] {logging_mixin.py:188} INFO - [2026-06-03T13:11:27.578+0000] {dag.py:3033} INFO - Sync 1 DAGs
[2026-06-03T13:11:27.583+0000] {logging_mixin.py:188} INFO - [2026-06-03T13:11:27.583+0000] {dag.py:3820} INFO - Setting next_dagrun for example_params_ui_tutorial to None, run_after=None
[2026-06-03T13:11:27.588+0000] {processor.py:183} INFO - Processing /home/airflow/.local/lib/python3.8/site-packages/airflow/example_dags/example_params_ui_tutorial.py took 0.043 seconds
[2026-06-03T13:11:58.028+0000] {processor.py:161} INFO - Started process (PID=2470) to work on /home/airflow/.local/lib/python3.8/site-packages/airflow/example_dags/example_params_ui_tutorial.py
[2026-06-03T13:11:58.029+0000] {processor.py:830} INFO - Processing file /home/airflow/.local/lib/python3.8/site-packages/airflow/example_dags/example_params_ui_tutorial.py for tasks to queue
[2026-06-03T13:11:58.030+0000] {logging_mixin.py:188} INFO - [2026-06-03T13:11:58.030+0000] {dagbag.py:538} INFO - Filling up the DagBag from /home/airflow/.local/lib/python3.8/site-packages/airflow/example_dags/example_params_ui_tutorial.py
[2026-06-03T13:11:58.039+0000] {processor.py:840} INFO - DAG(s) 'example_params_ui_tutorial' retrieved from /home/airflow/.local/lib/python3.8/site-packages/airflow/example_dags/example_params_ui_tutorial.py
[2026-06-03T13:11:58.066+0000] {logging_mixin.py:188} INFO - [2026-06-03T13:11:58.066+0000] {dag.py:3033} INFO - Sync 1 DAGs
[2026-06-03T13:11:58.073+0000] {logging_mixin.py:188} INFO - [2026-06-03T13:11:58.073+0000] {dag.py:3820} INFO - Setting next_dagrun for example_params_ui_tutorial to None, run_after=None
[2026-06-03T13:11:58.080+0000] {processor.py:183} INFO - Processing /home/airflow/.local/lib/python3.8/site-packages/airflow/example_dags/example_params_ui_tutorial.py took 0.053 seconds
[2026-06-03T13:12:28.189+0000] {processor.py:161} INFO - Started process (PID=2533) to work on /home/airflow/.local/lib/python3.8/site-packages/airflow/example_dags/example_params_ui_tutorial.py
[2026-06-03T13:12:28.190+0000] {processor.py:830} INFO - Processing file /home/airflow/.local/lib/python3.8/site-packages/airflow/example_dags/example_params_ui_tutorial.py for tasks to queue
[2026-06-03T13:12:28.191+0000] {logging_mixin.py:188} INFO - [2026-06-03T13:12:28.190+0000] {dagbag.py:538} INFO - Filling up the DagBag from /home/airflow/.local/lib/python3.8/site-packages/airflow/example_dags/example_params_ui_tutorial.py
[2026-06-03T13:12:28.197+0000] {processor.py:840} INFO - DAG(s) 'example_params_ui_tutorial' retrieved from /home/airflow/.local/lib/python3.8/site-packages/airflow/example_dags/example_params_ui_tutorial.py
[2026-06-03T13:12:28.220+0000] {logging_mixin.py:188} INFO - [2026-06-03T13:12:28.220+0000] {dag.py:3033} INFO - Sync 1 DAGs
[2026-06-03T13:12:28.225+0000] {logging_mixin.py:188} INFO - [2026-06-03T13:12:28.225+0000] {dag.py:3820} INFO - Setting next_dagrun for example_params_ui_tutorial to None, run_after=None
[2026-06-03T13:12:28.232+0000] {processor.py:183} INFO - Processing /home/airflow/.local/lib/python3.8/site-packages/airflow/example_dags/example_params_ui_tutorial.py took 0.046 seconds
[2026-06-03T13:12:58.615+0000] {processor.py:161} INFO - Started process (PID=2589) to work on /home/airflow/.local/lib/python3.8/site-packages/airflow/example_dags/example_params_ui_tutorial.py
[2026-06-03T13:12:58.616+0000] {processor.py:830} INFO - Processing file /home/airflow/.local/lib/python3.8/site-packages/airflow/example_dags/example_params_ui_tutorial.py for tasks to queue
[2026-06-03T13:12:58.619+0000] {logging_mixin.py:188} INFO - [2026-06-03T13:12:58.619+0000] {dagbag.py:538} INFO - Filling up the DagBag from /home/airflow/.local/lib/python3.8/site-packages/airflow/example_dags/example_params_ui_tutorial.py
[2026-06-03T13:12:58.625+0000] {processor.py:840} INFO - DAG(s) 'example_params_ui_tutorial' retrieved from /home/airflow/.local/lib/python3.8/site-packages/airflow/example_dags/example_params_ui_tutorial.py
[2026-06-03T13:12:58.650+0000] {logging_mixin.py:188} INFO - [2026-06-03T13:12:58.650+0000] {dag.py:3033} INFO - Sync 1 DAGs
[2026-06-03T13:12:58.655+0000] {logging_mixin.py:188} INFO - [2026-06-03T13:12:58.654+0000] {dag.py:3820} INFO - Setting next_dagrun for example_params_ui_tutorial to None, run_after=None
[2026-06-03T13:12:58.662+0000] {processor.py:183} INFO - Processing /home/airflow/.local/lib/python3.8/site-packages/airflow/example_dags/example_params_ui_tutorial.py took 0.048 seconds
[2026-06-03T13:13:29.797+0000] {processor.py:161} INFO - Started process (PID=2645) to work on /home/airflow/.local/lib/python3.8/site-packages/airflow/example_dags/example_params_ui_tutorial.py
[2026-06-03T13:13:29.799+0000] {processor.py:830} INFO - Processing file /home/airflow/.local/lib/python3.8/site-packages/airflow/example_dags/example_params_ui_tutorial.py for tasks to queue
[2026-06-03T13:13:29.814+0000] {logging_mixin.py:188} INFO - [2026-06-03T13:13:29.812+0000] {dagbag.py:538} INFO - Filling up the DagBag from /home/airflow/.local/lib/python3.8/site-packages/airflow/example_dags/example_params_ui_tutorial.py
[2026-06-03T13:13:29.902+0000] {processor.py:840} INFO - DAG(s) 'example_params_ui_tutorial' retrieved from /home/airflow/.local/lib/python3.8/site-packages/airflow/example_dags/example_params_ui_tutorial.py
[2026-06-03T13:13:30.098+0000] {logging_mixin.py:188} INFO - [2026-06-03T13:13:30.097+0000] {dag.py:3033} INFO - Sync 1 DAGs
[2026-06-03T13:13:30.116+0000] {logging_mixin.py:188} INFO - [2026-06-03T13:13:30.116+0000] {dag.py:3820} INFO - Setting next_dagrun for example_params_ui_tutorial to None, run_after=None
[2026-06-03T13:13:30.135+0000] {processor.py:183} INFO - Processing /home/airflow/.local/lib/python3.8/site-packages/airflow/example_dags/example_params_ui_tutorial.py took 0.363 seconds
[2026-06-03T13:14:01.073+0000] {processor.py:161} INFO - Started process (PID=2701) to work on /home/airflow/.local/lib/python3.8/site-packages/airflow/example_dags/example_params_ui_tutorial.py
[2026-06-03T13:14:01.074+0000] {processor.py:830} INFO - Processing file /home/airflow/.local/lib/python3.8/site-packages/airflow/example_dags/example_params_ui_tutorial.py for tasks to queue
[2026-06-03T13:14:01.075+0000] {logging_mixin.py:188} INFO - [2026-06-03T13:14:01.075+0000] {dagbag.py:538} INFO - Filling up the DagBag from /home/airflow/.local/lib/python3.8/site-packages/airflow/example_dags/example_params_ui_tutorial.py
[2026-06-03T13:14:01.086+0000] {processor.py:840} INFO - DAG(s) 'example_params_ui_tutorial' retrieved from /home/airflow/.local/lib/python3.8/site-packages/airflow/example_dags/example_params_ui_tutorial.py
[2026-06-03T13:14:01.120+0000] {logging_mixin.py:188} INFO - [2026-06-03T13:14:01.120+0000] {dag.py:3033} INFO - Sync 1 DAGs
[2026-06-03T13:14:01.128+0000] {logging_mixin.py:188} INFO - [2026-06-03T13:14:01.128+0000] {dag.py:3820} INFO - Setting next_dagrun for example_params_ui_tutorial to None, run_after=None
[2026-06-03T13:14:01.138+0000] {processor.py:183} INFO - Processing /home/airflow/.local/lib/python3.8/site-packages/airflow/example_dags/example_params_ui_tutorial.py took 0.068 seconds
[2026-06-03T13:14:20.260+0000] {processor.py:161} INFO - Started process (PID=52) to work on /home/airflow/.local/lib/python3.8/site-packages/airflow/example_dags/example_params_ui_tutorial.py
[2026-06-03T13:14:20.262+0000] {processor.py:830} INFO - Processing file /home/airflow/.local/lib/python3.8/site-packages/airflow/example_dags/example_params_ui_tutorial.py for tasks to queue
[2026-06-03T13:14:20.267+0000] {logging_mixin.py:188} INFO - [2026-06-03T13:14:20.267+0000] {dagbag.py:538} INFO - Filling up the DagBag from /home/airflow/.local/lib/python3.8/site-packages/airflow/example_dags/example_params_ui_tutorial.py
[2026-06-03T13:14:20.300+0000] {processor.py:840} INFO - DAG(s) 'example_params_ui_tutorial' retrieved from /home/airflow/.local/lib/python3.8/site-packages/airflow/example_dags/example_params_ui_tutorial.py
[2026-06-03T13:14:20.394+0000] {logging_mixin.py:188} INFO - [2026-06-03T13:14:20.394+0000] {dag.py:3033} INFO - Sync 1 DAGs
[2026-06-03T13:14:20.409+0000] {logging_mixin.py:188} INFO - [2026-06-03T13:14:20.409+0000] {dag.py:3820} INFO - Setting next_dagrun for example_params_ui_tutorial to None, run_after=None
[2026-06-03T13:14:20.435+0000] {processor.py:183} INFO - Processing /home/airflow/.local/lib/python3.8/site-packages/airflow/example_dags/example_params_ui_tutorial.py took 0.187 seconds
[2026-06-03T13:14:50.878+0000] {processor.py:161} INFO - Started process (PID=108) to work on /home/airflow/.local/lib/python3.8/site-packages/airflow/example_dags/example_params_ui_tutorial.py
[2026-06-03T13:14:50.879+0000] {processor.py:830} INFO - Processing file /home/airflow/.local/lib/python3.8/site-packages/airflow/example_dags/example_params_ui_tutorial.py for tasks to queue
[2026-06-03T13:14:50.881+0000] {logging_mixin.py:188} INFO - [2026-06-03T13:14:50.881+0000] {dagbag.py:538} INFO - Filling up the DagBag from /home/airflow/.local/lib/python3.8/site-packages/airflow/example_dags/example_params_ui_tutorial.py
[2026-06-03T13:14:50.898+0000] {processor.py:840} INFO - DAG(s) 'example_params_ui_tutorial' retrieved from /home/airflow/.local/lib/python3.8/site-packages/airflow/example_dags/example_params_ui_tutorial.py
[2026-06-03T13:14:50.930+0000] {logging_mixin.py:188} INFO - [2026-06-03T13:14:50.930+0000] {dag.py:3033} INFO - Sync 1 DAGs
[2026-06-03T13:14:50.935+0000] {logging_mixin.py:188} INFO - [2026-06-03T13:14:50.935+0000] {dag.py:3820} INFO - Setting next_dagrun for example_params_ui_tutorial to None, run_after=None
[2026-06-03T13:14:50.942+0000] {processor.py:183} INFO - Processing /home/airflow/.local/lib/python3.8/site-packages/airflow/example_dags/example_params_ui_tutorial.py took 0.066 seconds
[2026-06-03T13:15:21.524+0000] {processor.py:161} INFO - Started process (PID=164) to work on /home/airflow/.local/lib/python3.8/site-packages/airflow/example_dags/example_params_ui_tutorial.py
[2026-06-03T13:15:21.525+0000] {processor.py:830} INFO - Processing file /home/airflow/.local/lib/python3.8/site-packages/airflow/example_dags/example_params_ui_tutorial.py for tasks to queue
[2026-06-03T13:15:21.526+0000] {logging_mixin.py:188} INFO - [2026-06-03T13:15:21.526+0000] {dagbag.py:538} INFO - Filling up the DagBag from /home/airflow/.local/lib/python3.8/site-packages/airflow/example_dags/example_params_ui_tutorial.py
[2026-06-03T13:15:21.534+0000] {processor.py:840} INFO - DAG(s) 'example_params_ui_tutorial' retrieved from /home/airflow/.local/lib/python3.8/site-packages/airflow/example_dags/example_params_ui_tutorial.py
[2026-06-03T13:15:21.567+0000] {logging_mixin.py:188} INFO - [2026-06-03T13:15:21.567+0000] {dag.py:3033} INFO - Sync 1 DAGs
[2026-06-03T13:15:21.572+0000] {logging_mixin.py:188} INFO - [2026-06-03T13:15:21.572+0000] {dag.py:3820} INFO - Setting next_dagrun for example_params_ui_tutorial to None, run_after=None
[2026-06-03T13:15:21.586+0000] {processor.py:183} INFO - Processing /home/airflow/.local/lib/python3.8/site-packages/airflow/example_dags/example_params_ui_tutorial.py took 0.064 seconds
[2026-06-03T13:15:51.775+0000] {processor.py:161} INFO - Started process (PID=221) to work on /home/airflow/.local/lib/python3.8/site-packages/airflow/example_dags/example_params_ui_tutorial.py
[2026-06-03T13:15:51.776+0000] {processor.py:830} INFO - Processing file /home/airflow/.local/lib/python3.8/site-packages/airflow/example_dags/example_params_ui_tutorial.py for tasks to queue
[2026-06-03T13:15:51.777+0000] {logging_mixin.py:188} INFO - [2026-06-03T13:15:51.776+0000] {dagbag.py:538} INFO - Filling up the DagBag from /home/airflow/.local/lib/python3.8/site-packages/airflow/example_dags/example_params_ui_tutorial.py
[2026-06-03T13:15:51.783+0000] {processor.py:840} INFO - DAG(s) 'example_params_ui_tutorial' retrieved from /home/airflow/.local/lib/python3.8/site-packages/airflow/example_dags/example_params_ui_tutorial.py
[2026-06-03T13:15:51.812+0000] {logging_mixin.py:188} INFO - [2026-06-03T13:15:51.812+0000] {dag.py:3033} INFO - Sync 1 DAGs
[2026-06-03T13:15:51.816+0000] {logging_mixin.py:188} INFO - [2026-06-03T13:15:51.816+0000] {dag.py:3820} INFO - Setting next_dagrun for example_params_ui_tutorial to None, run_after=None
[2026-06-03T13:15:51.826+0000] {processor.py:183} INFO - Processing /home/airflow/.local/lib/python3.8/site-packages/airflow/example_dags/example_params_ui_tutorial.py took 0.053 seconds
[2026-06-03T13:16:22.282+0000] {processor.py:161} INFO - Started process (PID=277) to work on /home/airflow/.local/lib/python3.8/site-packages/airflow/example_dags/example_params_ui_tutorial.py
[2026-06-03T13:16:22.283+0000] {processor.py:830} INFO - Processing file /home/airflow/.local/lib/python3.8/site-packages/airflow/example_dags/example_params_ui_tutorial.py for tasks to queue
[2026-06-03T13:16:22.284+0000] {logging_mixin.py:188} INFO - [2026-06-03T13:16:22.284+0000] {dagbag.py:538} INFO - Filling up the DagBag from /home/airflow/.local/lib/python3.8/site-packages/airflow/example_dags/example_params_ui_tutorial.py
[2026-06-03T13:16:22.293+0000] {processor.py:840} INFO - DAG(s) 'example_params_ui_tutorial' retrieved from /home/airflow/.local/lib/python3.8/site-packages/airflow/example_dags/example_params_ui_tutorial.py
[2026-06-03T13:16:22.318+0000] {logging_mixin.py:188} INFO - [2026-06-03T13:16:22.318+0000] {dag.py:3033} INFO - Sync 1 DAGs
[2026-06-03T13:16:22.323+0000] {logging_mixin.py:188} INFO - [2026-06-03T13:16:22.323+0000] {dag.py:3820} INFO - Setting next_dagrun for example_params_ui_tutorial to None, run_after=None
[2026-06-03T13:16:22.332+0000] {processor.py:183} INFO - Processing /home/airflow/.local/lib/python3.8/site-packages/airflow/example_dags/example_params_ui_tutorial.py took 0.052 seconds
[2026-06-03T13:16:52.699+0000] {processor.py:161} INFO - Started process (PID=333) to work on /home/airflow/.local/lib/python3.8/site-packages/airflow/example_dags/example_params_ui_tutorial.py
[2026-06-03T13:16:52.700+0000] {processor.py:830} INFO - Processing file /home/airflow/.local/lib/python3.8/site-packages/airflow/example_dags/example_params_ui_tutorial.py for tasks to queue
[2026-06-03T13:16:52.702+0000] {logging_mixin.py:188} INFO - [2026-06-03T13:16:52.702+0000] {dagbag.py:538} INFO - Filling up the DagBag from /home/airflow/.local/lib/python3.8/site-packages/airflow/example_dags/example_params_ui_tutorial.py
[2026-06-03T13:16:52.718+0000] {processor.py:840} INFO - DAG(s) 'example_params_ui_tutorial' retrieved from /home/airflow/.local/lib/python3.8/site-packages/airflow/example_dags/example_params_ui_tutorial.py
[2026-06-03T13:16:52.763+0000] {logging_mixin.py:188} INFO - [2026-06-03T13:16:52.762+0000] {dag.py:3033} INFO - Sync 1 DAGs
[2026-06-03T13:16:52.778+0000] {logging_mixin.py:188} INFO - [2026-06-03T13:16:52.778+0000] {dag.py:3820} INFO - Setting next_dagrun for example_params_ui_tutorial to None, run_after=None
[2026-06-03T13:16:52.790+0000] {processor.py:183} INFO - Processing /home/airflow/.local/lib/python3.8/site-packages/airflow/example_dags/example_params_ui_tutorial.py took 0.095 seconds
[2026-06-03T13:17:23.477+0000] {processor.py:161} INFO - Started process (PID=389) to work on /home/airflow/.local/lib/python3.8/site-packages/airflow/example_dags/example_params_ui_tutorial.py
[2026-06-03T13:17:23.478+0000] {processor.py:830} INFO - Processing file /home/airflow/.local/lib/python3.8/site-packages/airflow/example_dags/example_params_ui_tutorial.py for tasks to queue
[2026-06-03T13:17:23.479+0000] {logging_mixin.py:188} INFO - [2026-06-03T13:17:23.479+0000] {dagbag.py:538} INFO - Filling up the DagBag from /home/airflow/.local/lib/python3.8/site-packages/airflow/example_dags/example_params_ui_tutorial.py
[2026-06-03T13:17:23.486+0000] {processor.py:840} INFO - DAG(s) 'example_params_ui_tutorial' retrieved from /home/airflow/.local/lib/python3.8/site-packages/airflow/example_dags/example_params_ui_tutorial.py
[2026-06-03T13:17:23.516+0000] {logging_mixin.py:188} INFO - [2026-06-03T13:17:23.516+0000] {dag.py:3033} INFO - Sync 1 DAGs
[2026-06-03T13:17:23.523+0000] {logging_mixin.py:188} INFO - [2026-06-03T13:17:23.523+0000] {dag.py:3820} INFO - Setting next_dagrun for example_params_ui_tutorial to None, run_after=None
[2026-06-03T13:17:23.531+0000] {processor.py:183} INFO - Processing /home/airflow/.local/lib/python3.8/site-packages/airflow/example_dags/example_params_ui_tutorial.py took 0.056 seconds
[2026-06-03T13:17:53.731+0000] {processor.py:161} INFO - Started process (PID=445) to work on /home/airflow/.local/lib/python3.8/site-packages/airflow/example_dags/example_params_ui_tutorial.py
[2026-06-03T13:17:53.732+0000] {processor.py:830} INFO - Processing file /home/airflow/.local/lib/python3.8/site-packages/airflow/example_dags/example_params_ui_tutorial.py for tasks to queue
[2026-06-03T13:17:53.734+0000] {logging_mixin.py:188} INFO - [2026-06-03T13:17:53.734+0000] {dagbag.py:538} INFO - Filling up the DagBag from /home/airflow/.local/lib/python3.8/site-packages/airflow/example_dags/example_params_ui_tutorial.py
[2026-06-03T13:17:53.754+0000] {processor.py:840} INFO - DAG(s) 'example_params_ui_tutorial' retrieved from /home/airflow/.local/lib/python3.8/site-packages/airflow/example_dags/example_params_ui_tutorial.py
[2026-06-03T13:17:53.787+0000] {logging_mixin.py:188} INFO - [2026-06-03T13:17:53.787+0000] {dag.py:3033} INFO - Sync 1 DAGs
[2026-06-03T13:17:53.796+0000] {logging_mixin.py:188} INFO - [2026-06-03T13:17:53.796+0000] {dag.py:3820} INFO - Setting next_dagrun for example_params_ui_tutorial to None, run_after=None
[2026-06-03T13:17:53.812+0000] {processor.py:183} INFO - Processing /home/airflow/.local/lib/python3.8/site-packages/airflow/example_dags/example_params_ui_tutorial.py took 0.083 seconds
[2026-06-03T13:18:24.067+0000] {processor.py:161} INFO - Started process (PID=507) to work on /home/airflow/.local/lib/python3.8/site-packages/airflow/example_dags/example_params_ui_tutorial.py
[2026-06-03T13:18:24.069+0000] {processor.py:830} INFO - Processing file /home/airflow/.local/lib/python3.8/site-packages/airflow/example_dags/example_params_ui_tutorial.py for tasks to queue
[2026-06-03T13:18:24.071+0000] {logging_mixin.py:188} INFO - [2026-06-03T13:18:24.071+0000] {dagbag.py:538} INFO - Filling up the DagBag from /home/airflow/.local/lib/python3.8/site-packages/airflow/example_dags/example_params_ui_tutorial.py
[2026-06-03T13:18:24.085+0000] {processor.py:840} INFO - DAG(s) 'example_params_ui_tutorial' retrieved from /home/airflow/.local/lib/python3.8/site-packages/airflow/example_dags/example_params_ui_tutorial.py
[2026-06-03T13:18:24.121+0000] {logging_mixin.py:188} INFO - [2026-06-03T13:18:24.121+0000] {dag.py:3033} INFO - Sync 1 DAGs
[2026-06-03T13:18:24.129+0000] {logging_mixin.py:188} INFO - [2026-06-03T13:18:24.129+0000] {dag.py:3820} INFO - Setting next_dagrun for example_params_ui_tutorial to None, run_after=None
[2026-06-03T13:18:24.137+0000] {processor.py:183} INFO - Processing /home/airflow/.local/lib/python3.8/site-packages/airflow/example_dags/example_params_ui_tutorial.py took 0.071 seconds
[2026-06-03T13:18:54.545+0000] {processor.py:161} INFO - Started process (PID=563) to work on /home/airflow/.local/lib/python3.8/site-packages/airflow/example_dags/example_params_ui_tutorial.py
[2026-06-03T13:18:54.546+0000] {processor.py:830} INFO - Processing file /home/airflow/.local/lib/python3.8/site-packages/airflow/example_dags/example_params_ui_tutorial.py for tasks to queue
[2026-06-03T13:18:54.549+0000] {logging_mixin.py:188} INFO - [2026-06-03T13:18:54.549+0000] {dagbag.py:538} INFO - Filling up the DagBag from /home/airflow/.local/lib/python3.8/site-packages/airflow/example_dags/example_params_ui_tutorial.py
[2026-06-03T13:18:54.560+0000] {processor.py:840} INFO - DAG(s) 'example_params_ui_tutorial' retrieved from /home/airflow/.local/lib/python3.8/site-packages/airflow/example_dags/example_params_ui_tutorial.py
[2026-06-03T13:18:54.598+0000] {logging_mixin.py:188} INFO - [2026-06-03T13:18:54.598+0000] {dag.py:3033} INFO - Sync 1 DAGs
[2026-06-03T13:18:54.631+0000] {logging_mixin.py:188} INFO - [2026-06-03T13:18:54.630+0000] {dag.py:3820} INFO - Setting next_dagrun for example_params_ui_tutorial to None, run_after=None
[2026-06-03T13:18:54.645+0000] {processor.py:183} INFO - Processing /home/airflow/.local/lib/python3.8/site-packages/airflow/example_dags/example_params_ui_tutorial.py took 0.104 seconds
[2026-06-03T13:19:25.345+0000] {processor.py:161} INFO - Started process (PID=619) to work on /home/airflow/.local/lib/python3.8/site-packages/airflow/example_dags/example_params_ui_tutorial.py
[2026-06-03T13:19:25.346+0000] {processor.py:830} INFO - Processing file /home/airflow/.local/lib/python3.8/site-packages/airflow/example_dags/example_params_ui_tutorial.py for tasks to queue
[2026-06-03T13:19:25.348+0000] {logging_mixin.py:188} INFO - [2026-06-03T13:19:25.348+0000] {dagbag.py:538} INFO - Filling up the DagBag from /home/airflow/.local/lib/python3.8/site-packages/airflow/example_dags/example_params_ui_tutorial.py
[2026-06-03T13:19:25.360+0000] {processor.py:840} INFO - DAG(s) 'example_params_ui_tutorial' retrieved from /home/airflow/.local/lib/python3.8/site-packages/airflow/example_dags/example_params_ui_tutorial.py
[2026-06-03T13:19:25.401+0000] {logging_mixin.py:188} INFO - [2026-06-03T13:19:25.400+0000] {dag.py:3033} INFO - Sync 1 DAGs
[2026-06-03T13:19:25.410+0000] {logging_mixin.py:188} INFO - [2026-06-03T13:19:25.410+0000] {dag.py:3820} INFO - Setting next_dagrun for example_params_ui_tutorial to None, run_after=None
[2026-06-03T13:19:25.433+0000] {processor.py:183} INFO - Processing /home/airflow/.local/lib/python3.8/site-packages/airflow/example_dags/example_params_ui_tutorial.py took 0.093 seconds
[2026-06-03T13:19:56.167+0000] {processor.py:161} INFO - Started process (PID=675) to work on /home/airflow/.local/lib/python3.8/site-packages/airflow/example_dags/example_params_ui_tutorial.py
[2026-06-03T13:19:56.168+0000] {processor.py:830} INFO - Processing file /home/airflow/.local/lib/python3.8/site-packages/airflow/example_dags/example_params_ui_tutorial.py for tasks to queue
[2026-06-03T13:19:56.169+0000] {logging_mixin.py:188} INFO - [2026-06-03T13:19:56.169+0000] {dagbag.py:538} INFO - Filling up the DagBag from /home/airflow/.local/lib/python3.8/site-packages/airflow/example_dags/example_params_ui_tutorial.py
[2026-06-03T13:19:56.178+0000] {processor.py:840} INFO - DAG(s) 'example_params_ui_tutorial' retrieved from /home/airflow/.local/lib/python3.8/site-packages/airflow/example_dags/example_params_ui_tutorial.py
[2026-06-03T13:19:56.210+0000] {logging_mixin.py:188} INFO - [2026-06-03T13:19:56.210+0000] {dag.py:3033} INFO - Sync 1 DAGs
[2026-06-03T13:19:56.217+0000] {logging_mixin.py:188} INFO - [2026-06-03T13:19:56.217+0000] {dag.py:3820} INFO - Setting next_dagrun for example_params_ui_tutorial to None, run_after=None
[2026-06-03T13:19:56.232+0000] {processor.py:183} INFO - Processing /home/airflow/.local/lib/python3.8/site-packages/airflow/example_dags/example_params_ui_tutorial.py took 0.067 seconds
[2026-06-03T13:20:26.711+0000] {processor.py:161} INFO - Started process (PID=731) to work on /home/airflow/.local/lib/python3.8/site-packages/airflow/example_dags/example_params_ui_tutorial.py
[2026-06-03T13:20:26.712+0000] {processor.py:830} INFO - Processing file /home/airflow/.local/lib/python3.8/site-packages/airflow/example_dags/example_params_ui_tutorial.py for tasks to queue
[2026-06-03T13:20:26.712+0000] {logging_mixin.py:188} INFO - [2026-06-03T13:20:26.712+0000] {dagbag.py:538} INFO - Filling up the DagBag from /home/airflow/.local/lib/python3.8/site-packages/airflow/example_dags/example_params_ui_tutorial.py
[2026-06-03T13:20:26.718+0000] {processor.py:840} INFO - DAG(s) 'example_params_ui_tutorial' retrieved from /home/airflow/.local/lib/python3.8/site-packages/airflow/example_dags/example_params_ui_tutorial.py
[2026-06-03T13:20:26.739+0000] {logging_mixin.py:188} INFO - [2026-06-03T13:20:26.739+0000] {dag.py:3033} INFO - Sync 1 DAGs
[2026-06-03T13:20:26.743+0000] {logging_mixin.py:188} INFO - [2026-06-03T13:20:26.743+0000] {dag.py:3820} INFO - Setting next_dagrun for example_params_ui_tutorial to None, run_after=None
[2026-06-03T13:20:26.749+0000] {processor.py:183} INFO - Processing /home/airflow/.local/lib/python3.8/site-packages/airflow/example_dags/example_params_ui_tutorial.py took 0.039 seconds
[2026-06-03T13:20:58.265+0000] {processor.py:161} INFO - Started process (PID=787) to work on /home/airflow/.local/lib/python3.8/site-packages/airflow/example_dags/example_params_ui_tutorial.py
[2026-06-03T13:20:58.266+0000] {processor.py:830} INFO - Processing file /home/airflow/.local/lib/python3.8/site-packages/airflow/example_dags/example_params_ui_tutorial.py for tasks to queue
[2026-06-03T13:20:58.267+0000] {logging_mixin.py:188} INFO - [2026-06-03T13:20:58.266+0000] {dagbag.py:538} INFO - Filling up the DagBag from /home/airflow/.local/lib/python3.8/site-packages/airflow/example_dags/example_params_ui_tutorial.py
[2026-06-03T13:20:58.290+0000] {processor.py:840} INFO - DAG(s) 'example_params_ui_tutorial' retrieved from /home/airflow/.local/lib/python3.8/site-packages/airflow/example_dags/example_params_ui_tutorial.py
[2026-06-03T13:20:58.339+0000] {logging_mixin.py:188} INFO - [2026-06-03T13:20:58.339+0000] {dag.py:3033} INFO - Sync 1 DAGs
[2026-06-03T13:20:58.344+0000] {logging_mixin.py:188} INFO - [2026-06-03T13:20:58.344+0000] {dag.py:3820} INFO - Setting next_dagrun for example_params_ui_tutorial to None, run_after=None
[2026-06-03T13:20:58.352+0000] {processor.py:183} INFO - Processing /home/airflow/.local/lib/python3.8/site-packages/airflow/example_dags/example_params_ui_tutorial.py took 0.090 seconds
[2026-06-03T13:21:29.249+0000] {processor.py:161} INFO - Started process (PID=843) to work on /home/airflow/.local/lib/python3.8/site-packages/airflow/example_dags/example_params_ui_tutorial.py
[2026-06-03T13:21:29.251+0000] {processor.py:830} INFO - Processing file /home/airflow/.local/lib/python3.8/site-packages/airflow/example_dags/example_params_ui_tutorial.py for tasks to queue
[2026-06-03T13:21:29.254+0000] {logging_mixin.py:188} INFO - [2026-06-03T13:21:29.253+0000] {dagbag.py:538} INFO - Filling up the DagBag from /home/airflow/.local/lib/python3.8/site-packages/airflow/example_dags/example_params_ui_tutorial.py
[2026-06-03T13:21:29.282+0000] {processor.py:840} INFO - DAG(s) 'example_params_ui_tutorial' retrieved from /home/airflow/.local/lib/python3.8/site-packages/airflow/example_dags/example_params_ui_tutorial.py
[2026-06-03T13:21:29.347+0000] {logging_mixin.py:188} INFO - [2026-06-03T13:21:29.347+0000] {dag.py:3033} INFO - Sync 1 DAGs
[2026-06-03T13:21:29.353+0000] {logging_mixin.py:188} INFO - [2026-06-03T13:21:29.353+0000] {dag.py:3820} INFO - Setting next_dagrun for example_params_ui_tutorial to None, run_after=None
[2026-06-03T13:21:29.360+0000] {processor.py:183} INFO - Processing /home/airflow/.local/lib/python3.8/site-packages/airflow/example_dags/example_params_ui_tutorial.py took 0.114 seconds
[2026-06-03T13:21:59.690+0000] {processor.py:161} INFO - Started process (PID=899) to work on /home/airflow/.local/lib/python3.8/site-packages/airflow/example_dags/example_params_ui_tutorial.py
[2026-06-03T13:21:59.691+0000] {processor.py:830} INFO - Processing file /home/airflow/.local/lib/python3.8/site-packages/airflow/example_dags/example_params_ui_tutorial.py for tasks to queue
[2026-06-03T13:21:59.692+0000] {logging_mixin.py:188} INFO - [2026-06-03T13:21:59.692+0000] {dagbag.py:538} INFO - Filling up the DagBag from /home/airflow/.local/lib/python3.8/site-packages/airflow/example_dags/example_params_ui_tutorial.py
[2026-06-03T13:21:59.699+0000] {processor.py:840} INFO - DAG(s) 'example_params_ui_tutorial' retrieved from /home/airflow/.local/lib/python3.8/site-packages/airflow/example_dags/example_params_ui_tutorial.py
[2026-06-03T13:21:59.736+0000] {logging_mixin.py:188} INFO - [2026-06-03T13:21:59.736+0000] {dag.py:3033} INFO - Sync 1 DAGs
[2026-06-03T13:21:59.745+0000] {logging_mixin.py:188} INFO - [2026-06-03T13:21:59.745+0000] {dag.py:3820} INFO - Setting next_dagrun for example_params_ui_tutorial to None, run_after=None
[2026-06-03T13:21:59.766+0000] {processor.py:183} INFO - Processing /home/airflow/.local/lib/python3.8/site-packages/airflow/example_dags/example_params_ui_tutorial.py took 0.079 seconds
[2026-06-03T13:22:30.190+0000] {processor.py:161} INFO - Started process (PID=955) to work on /home/airflow/.local/lib/python3.8/site-packages/airflow/example_dags/example_params_ui_tutorial.py
[2026-06-03T13:22:30.191+0000] {processor.py:830} INFO - Processing file /home/airflow/.local/lib/python3.8/site-packages/airflow/example_dags/example_params_ui_tutorial.py for tasks to queue
[2026-06-03T13:22:30.192+0000] {logging_mixin.py:188} INFO - [2026-06-03T13:22:30.192+0000] {dagbag.py:538} INFO - Filling up the DagBag from /home/airflow/.local/lib/python3.8/site-packages/airflow/example_dags/example_params_ui_tutorial.py
[2026-06-03T13:22:30.203+0000] {processor.py:840} INFO - DAG(s) 'example_params_ui_tutorial' retrieved from /home/airflow/.local/lib/python3.8/site-packages/airflow/example_dags/example_params_ui_tutorial.py
[2026-06-03T13:22:30.260+0000] {logging_mixin.py:188} INFO - [2026-06-03T13:22:30.260+0000] {dag.py:3033} INFO - Sync 1 DAGs
[2026-06-03T13:22:30.267+0000] {logging_mixin.py:188} INFO - [2026-06-03T13:22:30.267+0000] {dag.py:3820} INFO - Setting next_dagrun for example_params_ui_tutorial to None, run_after=None
[2026-06-03T13:22:30.283+0000] {processor.py:183} INFO - Processing /home/airflow/.local/lib/python3.8/site-packages/airflow/example_dags/example_params_ui_tutorial.py took 0.095 seconds
[2026-06-03T13:23:00.895+0000] {processor.py:161} INFO - Started process (PID=1011) to work on /home/airflow/.local/lib/python3.8/site-packages/airflow/example_dags/example_params_ui_tutorial.py
[2026-06-03T13:23:00.897+0000] {processor.py:830} INFO - Processing file /home/airflow/.local/lib/python3.8/site-packages/airflow/example_dags/example_params_ui_tutorial.py for tasks to queue
[2026-06-03T13:23:00.898+0000] {logging_mixin.py:188} INFO - [2026-06-03T13:23:00.898+0000] {dagbag.py:538} INFO - Filling up the DagBag from /home/airflow/.local/lib/python3.8/site-packages/airflow/example_dags/example_params_ui_tutorial.py
[2026-06-03T13:23:00.906+0000] {processor.py:840} INFO - DAG(s) 'example_params_ui_tutorial' retrieved from /home/airflow/.local/lib/python3.8/site-packages/airflow/example_dags/example_params_ui_tutorial.py
[2026-06-03T13:23:00.933+0000] {logging_mixin.py:188} INFO - [2026-06-03T13:23:00.933+0000] {dag.py:3033} INFO - Sync 1 DAGs
[2026-06-03T13:23:00.943+0000] {logging_mixin.py:188} INFO - [2026-06-03T13:23:00.943+0000] {dag.py:3820} INFO - Setting next_dagrun for example_params_ui_tutorial to None, run_after=None
[2026-06-03T13:23:00.955+0000] {processor.py:183} INFO - Processing /home/airflow/.local/lib/python3.8/site-packages/airflow/example_dags/example_params_ui_tutorial.py took 0.064 seconds
[2026-06-03T13:23:32.318+0000] {processor.py:161} INFO - Started process (PID=1067) to work on /home/airflow/.local/lib/python3.8/site-packages/airflow/example_dags/example_params_ui_tutorial.py
[2026-06-03T13:23:32.318+0000] {processor.py:830} INFO - Processing file /home/airflow/.local/lib/python3.8/site-packages/airflow/example_dags/example_params_ui_tutorial.py for tasks to queue
[2026-06-03T13:23:32.320+0000] {logging_mixin.py:188} INFO - [2026-06-03T13:23:32.320+0000] {dagbag.py:538} INFO - Filling up the DagBag from /home/airflow/.local/lib/python3.8/site-packages/airflow/example_dags/example_params_ui_tutorial.py
[2026-06-03T13:23:32.341+0000] {processor.py:840} INFO - DAG(s) 'example_params_ui_tutorial' retrieved from /home/airflow/.local/lib/python3.8/site-packages/airflow/example_dags/example_params_ui_tutorial.py
[2026-06-03T13:23:32.381+0000] {logging_mixin.py:188} INFO - [2026-06-03T13:23:32.381+0000] {dag.py:3033} INFO - Sync 1 DAGs
[2026-06-03T13:23:32.397+0000] {logging_mixin.py:188} INFO - [2026-06-03T13:23:32.397+0000] {dag.py:3820} INFO - Setting next_dagrun for example_params_ui_tutorial to None, run_after=None
[2026-06-03T13:23:32.406+0000] {processor.py:183} INFO - Processing /home/airflow/.local/lib/python3.8/site-packages/airflow/example_dags/example_params_ui_tutorial.py took 0.092 seconds
[2026-06-03T13:24:02.501+0000] {processor.py:161} INFO - Started process (PID=1123) to work on /home/airflow/.local/lib/python3.8/site-packages/airflow/example_dags/example_params_ui_tutorial.py
[2026-06-03T13:24:02.502+0000] {processor.py:830} INFO - Processing file /home/airflow/.local/lib/python3.8/site-packages/airflow/example_dags/example_params_ui_tutorial.py for tasks to queue
[2026-06-03T13:24:02.504+0000] {logging_mixin.py:188} INFO - [2026-06-03T13:24:02.503+0000] {dagbag.py:538} INFO - Filling up the DagBag from /home/airflow/.local/lib/python3.8/site-packages/airflow/example_dags/example_params_ui_tutorial.py
[2026-06-03T13:24:02.519+0000] {processor.py:840} INFO - DAG(s) 'example_params_ui_tutorial' retrieved from /home/airflow/.local/lib/python3.8/site-packages/airflow/example_dags/example_params_ui_tutorial.py
[2026-06-03T13:24:02.585+0000] {logging_mixin.py:188} INFO - [2026-06-03T13:24:02.585+0000] {dag.py:3033} INFO - Sync 1 DAGs
[2026-06-03T13:24:02.593+0000] {logging_mixin.py:188} INFO - [2026-06-03T13:24:02.593+0000] {dag.py:3820} INFO - Setting next_dagrun for example_params_ui_tutorial to None, run_after=None
[2026-06-03T13:24:02.607+0000] {processor.py:183} INFO - Processing /home/airflow/.local/lib/python3.8/site-packages/airflow/example_dags/example_params_ui_tutorial.py took 0.108 seconds
[2026-06-03T13:24:32.711+0000] {processor.py:161} INFO - Started process (PID=1179) to work on /home/airflow/.local/lib/python3.8/site-packages/airflow/example_dags/example_params_ui_tutorial.py
[2026-06-03T13:24:32.712+0000] {processor.py:830} INFO - Processing file /home/airflow/.local/lib/python3.8/site-packages/airflow/example_dags/example_params_ui_tutorial.py for tasks to queue
[2026-06-03T13:24:32.714+0000] {logging_mixin.py:188} INFO - [2026-06-03T13:24:32.713+0000] {dagbag.py:538} INFO - Filling up the DagBag from /home/airflow/.local/lib/python3.8/site-packages/airflow/example_dags/example_params_ui_tutorial.py
[2026-06-03T13:24:32.730+0000] {processor.py:840} INFO - DAG(s) 'example_params_ui_tutorial' retrieved from /home/airflow/.local/lib/python3.8/site-packages/airflow/example_dags/example_params_ui_tutorial.py
[2026-06-03T13:24:32.777+0000] {logging_mixin.py:188} INFO - [2026-06-03T13:24:32.776+0000] {dag.py:3033} INFO - Sync 1 DAGs
[2026-06-03T13:24:32.784+0000] {logging_mixin.py:188} INFO - [2026-06-03T13:24:32.784+0000] {dag.py:3820} INFO - Setting next_dagrun for example_params_ui_tutorial to None, run_after=None
[2026-06-03T13:24:32.792+0000] {processor.py:183} INFO - Processing /home/airflow/.local/lib/python3.8/site-packages/airflow/example_dags/example_params_ui_tutorial.py took 0.083 seconds
[2026-06-03T13:25:03.265+0000] {processor.py:161} INFO - Started process (PID=1235) to work on /home/airflow/.local/lib/python3.8/site-packages/airflow/example_dags/example_params_ui_tutorial.py
[2026-06-03T13:25:03.266+0000] {processor.py:830} INFO - Processing file /home/airflow/.local/lib/python3.8/site-packages/airflow/example_dags/example_params_ui_tutorial.py for tasks to queue
[2026-06-03T13:25:03.267+0000] {logging_mixin.py:188} INFO - [2026-06-03T13:25:03.267+0000] {dagbag.py:538} INFO - Filling up the DagBag from /home/airflow/.local/lib/python3.8/site-packages/airflow/example_dags/example_params_ui_tutorial.py
[2026-06-03T13:25:03.280+0000] {processor.py:840} INFO - DAG(s) 'example_params_ui_tutorial' retrieved from /home/airflow/.local/lib/python3.8/site-packages/airflow/example_dags/example_params_ui_tutorial.py
[2026-06-03T13:25:03.337+0000] {logging_mixin.py:188} INFO - [2026-06-03T13:25:03.336+0000] {dag.py:3033} INFO - Sync 1 DAGs
[2026-06-03T13:25:03.353+0000] {logging_mixin.py:188} INFO - [2026-06-03T13:25:03.352+0000] {dag.py:3820} INFO - Setting next_dagrun for example_params_ui_tutorial to None, run_after=None
[2026-06-03T13:25:03.367+0000] {processor.py:183} INFO - Processing /home/airflow/.local/lib/python3.8/site-packages/airflow/example_dags/example_params_ui_tutorial.py took 0.105 seconds
[2026-06-03T13:25:34.053+0000] {processor.py:161} INFO - Started process (PID=1292) to work on /home/airflow/.local/lib/python3.8/site-packages/airflow/example_dags/example_params_ui_tutorial.py
[2026-06-03T13:25:34.054+0000] {processor.py:830} INFO - Processing file /home/airflow/.local/lib/python3.8/site-packages/airflow/example_dags/example_params_ui_tutorial.py for tasks to queue
[2026-06-03T13:25:34.055+0000] {logging_mixin.py:188} INFO - [2026-06-03T13:25:34.055+0000] {dagbag.py:538} INFO - Filling up the DagBag from /home/airflow/.local/lib/python3.8/site-packages/airflow/example_dags/example_params_ui_tutorial.py
[2026-06-03T13:25:34.068+0000] {processor.py:840} INFO - DAG(s) 'example_params_ui_tutorial' retrieved from /home/airflow/.local/lib/python3.8/site-packages/airflow/example_dags/example_params_ui_tutorial.py
[2026-06-03T13:25:34.103+0000] {logging_mixin.py:188} INFO - [2026-06-03T13:25:34.103+0000] {dag.py:3033} INFO - Sync 1 DAGs
[2026-06-03T13:25:34.110+0000] {logging_mixin.py:188} INFO - [2026-06-03T13:25:34.110+0000] {dag.py:3820} INFO - Setting next_dagrun for example_params_ui_tutorial to None, run_after=None
[2026-06-03T13:25:34.129+0000] {processor.py:183} INFO - Processing /home/airflow/.local/lib/python3.8/site-packages/airflow/example_dags/example_params_ui_tutorial.py took 0.078 seconds
[2026-06-03T13:26:04.300+0000] {processor.py:161} INFO - Started process (PID=1348) to work on /home/airflow/.local/lib/python3.8/site-packages/airflow/example_dags/example_params_ui_tutorial.py
[2026-06-03T13:26:04.301+0000] {processor.py:830} INFO - Processing file /home/airflow/.local/lib/python3.8/site-packages/airflow/example_dags/example_params_ui_tutorial.py for tasks to queue
[2026-06-03T13:26:04.302+0000] {logging_mixin.py:188} INFO - [2026-06-03T13:26:04.302+0000] {dagbag.py:538} INFO - Filling up the DagBag from /home/airflow/.local/lib/python3.8/site-packages/airflow/example_dags/example_params_ui_tutorial.py
[2026-06-03T13:26:04.309+0000] {processor.py:840} INFO - DAG(s) 'example_params_ui_tutorial' retrieved from /home/airflow/.local/lib/python3.8/site-packages/airflow/example_dags/example_params_ui_tutorial.py
[2026-06-03T13:26:04.378+0000] {logging_mixin.py:188} INFO - [2026-06-03T13:26:04.378+0000] {dag.py:3033} INFO - Sync 1 DAGs
[2026-06-03T13:26:04.384+0000] {logging_mixin.py:188} INFO - [2026-06-03T13:26:04.384+0000] {dag.py:3820} INFO - Setting next_dagrun for example_params_ui_tutorial to None, run_after=None
[2026-06-03T13:26:04.392+0000] {processor.py:183} INFO - Processing /home/airflow/.local/lib/python3.8/site-packages/airflow/example_dags/example_params_ui_tutorial.py took 0.094 seconds
[2026-06-03T13:26:34.552+0000] {processor.py:161} INFO - Started process (PID=1404) to work on /home/airflow/.local/lib/python3.8/site-packages/airflow/example_dags/example_params_ui_tutorial.py
[2026-06-03T13:26:34.553+0000] {processor.py:830} INFO - Processing file /home/airflow/.local/lib/python3.8/site-packages/airflow/example_dags/example_params_ui_tutorial.py for tasks to queue
[2026-06-03T13:26:34.555+0000] {logging_mixin.py:188} INFO - [2026-06-03T13:26:34.554+0000] {dagbag.py:538} INFO - Filling up the DagBag from /home/airflow/.local/lib/python3.8/site-packages/airflow/example_dags/example_params_ui_tutorial.py
[2026-06-03T13:26:34.564+0000] {processor.py:840} INFO - DAG(s) 'example_params_ui_tutorial' retrieved from /home/airflow/.local/lib/python3.8/site-packages/airflow/example_dags/example_params_ui_tutorial.py
[2026-06-03T13:26:34.594+0000] {logging_mixin.py:188} INFO - [2026-06-03T13:26:34.594+0000] {dag.py:3033} INFO - Sync 1 DAGs
[2026-06-03T13:26:34.599+0000] {logging_mixin.py:188} INFO - [2026-06-03T13:26:34.599+0000] {dag.py:3820} INFO - Setting next_dagrun for example_params_ui_tutorial to None, run_after=None
[2026-06-03T13:26:34.606+0000] {processor.py:183} INFO - Processing /home/airflow/.local/lib/python3.8/site-packages/airflow/example_dags/example_params_ui_tutorial.py took 0.056 seconds
[2026-06-03T13:27:04.807+0000] {processor.py:161} INFO - Started process (PID=1460) to work on /home/airflow/.local/lib/python3.8/site-packages/airflow/example_dags/example_params_ui_tutorial.py
[2026-06-03T13:27:04.808+0000] {processor.py:830} INFO - Processing file /home/airflow/.local/lib/python3.8/site-packages/airflow/example_dags/example_params_ui_tutorial.py for tasks to queue
[2026-06-03T13:27:04.808+0000] {logging_mixin.py:188} INFO - [2026-06-03T13:27:04.808+0000] {dagbag.py:538} INFO - Filling up the DagBag from /home/airflow/.local/lib/python3.8/site-packages/airflow/example_dags/example_params_ui_tutorial.py
[2026-06-03T13:27:04.814+0000] {processor.py:840} INFO - DAG(s) 'example_params_ui_tutorial' retrieved from /home/airflow/.local/lib/python3.8/site-packages/airflow/example_dags/example_params_ui_tutorial.py
[2026-06-03T13:27:04.846+0000] {logging_mixin.py:188} INFO - [2026-06-03T13:27:04.846+0000] {dag.py:3033} INFO - Sync 1 DAGs
[2026-06-03T13:27:04.853+0000] {logging_mixin.py:188} INFO - [2026-06-03T13:27:04.853+0000] {dag.py:3820} INFO - Setting next_dagrun for example_params_ui_tutorial to None, run_after=None
[2026-06-03T13:27:04.865+0000] {processor.py:183} INFO - Processing /home/airflow/.local/lib/python3.8/site-packages/airflow/example_dags/example_params_ui_tutorial.py took 0.060 seconds
[2026-06-03T13:27:35.391+0000] {processor.py:161} INFO - Started process (PID=1516) to work on /home/airflow/.local/lib/python3.8/site-packages/airflow/example_dags/example_params_ui_tutorial.py
[2026-06-03T13:27:35.392+0000] {processor.py:830} INFO - Processing file /home/airflow/.local/lib/python3.8/site-packages/airflow/example_dags/example_params_ui_tutorial.py for tasks to queue
[2026-06-03T13:27:35.394+0000] {logging_mixin.py:188} INFO - [2026-06-03T13:27:35.394+0000] {dagbag.py:538} INFO - Filling up the DagBag from /home/airflow/.local/lib/python3.8/site-packages/airflow/example_dags/example_params_ui_tutorial.py
[2026-06-03T13:27:35.411+0000] {processor.py:840} INFO - DAG(s) 'example_params_ui_tutorial' retrieved from /home/airflow/.local/lib/python3.8/site-packages/airflow/example_dags/example_params_ui_tutorial.py
[2026-06-03T13:27:35.445+0000] {logging_mixin.py:188} INFO - [2026-06-03T13:27:35.445+0000] {dag.py:3033} INFO - Sync 1 DAGs
[2026-06-03T13:27:35.458+0000] {logging_mixin.py:188} INFO - [2026-06-03T13:27:35.458+0000] {dag.py:3820} INFO - Setting next_dagrun for example_params_ui_tutorial to None, run_after=None
[2026-06-03T13:27:35.473+0000] {processor.py:183} INFO - Processing /home/airflow/.local/lib/python3.8/site-packages/airflow/example_dags/example_params_ui_tutorial.py took 0.085 seconds
[2026-06-03T13:28:06.369+0000] {processor.py:161} INFO - Started process (PID=1572) to work on /home/airflow/.local/lib/python3.8/site-packages/airflow/example_dags/example_params_ui_tutorial.py
[2026-06-03T13:28:06.370+0000] {processor.py:830} INFO - Processing file /home/airflow/.local/lib/python3.8/site-packages/airflow/example_dags/example_params_ui_tutorial.py for tasks to queue
[2026-06-03T13:28:06.371+0000] {logging_mixin.py:188} INFO - [2026-06-03T13:28:06.371+0000] {dagbag.py:538} INFO - Filling up the DagBag from /home/airflow/.local/lib/python3.8/site-packages/airflow/example_dags/example_params_ui_tutorial.py
[2026-06-03T13:28:06.377+0000] {processor.py:840} INFO - DAG(s) 'example_params_ui_tutorial' retrieved from /home/airflow/.local/lib/python3.8/site-packages/airflow/example_dags/example_params_ui_tutorial.py
[2026-06-03T13:28:06.399+0000] {logging_mixin.py:188} INFO - [2026-06-03T13:28:06.399+0000] {dag.py:3033} INFO - Sync 1 DAGs
[2026-06-03T13:28:06.404+0000] {logging_mixin.py:188} INFO - [2026-06-03T13:28:06.404+0000] {dag.py:3820} INFO - Setting next_dagrun for example_params_ui_tutorial to None, run_after=None
[2026-06-03T13:28:06.414+0000] {processor.py:183} INFO - Processing /home/airflow/.local/lib/python3.8/site-packages/airflow/example_dags/example_params_ui_tutorial.py took 0.046 seconds
[2026-06-03T13:28:36.597+0000] {processor.py:161} INFO - Started process (PID=1628) to work on /home/airflow/.local/lib/python3.8/site-packages/airflow/example_dags/example_params_ui_tutorial.py
[2026-06-03T13:28:36.600+0000] {processor.py:830} INFO - Processing file /home/airflow/.local/lib/python3.8/site-packages/airflow/example_dags/example_params_ui_tutorial.py for tasks to queue
[2026-06-03T13:28:36.601+0000] {logging_mixin.py:188} INFO - [2026-06-03T13:28:36.601+0000] {dagbag.py:538} INFO - Filling up the DagBag from /home/airflow/.local/lib/python3.8/site-packages/airflow/example_dags/example_params_ui_tutorial.py
[2026-06-03T13:28:36.607+0000] {processor.py:840} INFO - DAG(s) 'example_params_ui_tutorial' retrieved from /home/airflow/.local/lib/python3.8/site-packages/airflow/example_dags/example_params_ui_tutorial.py
[2026-06-03T13:28:36.634+0000] {logging_mixin.py:188} INFO - [2026-06-03T13:28:36.634+0000] {dag.py:3033} INFO - Sync 1 DAGs
[2026-06-03T13:28:36.639+0000] {logging_mixin.py:188} INFO - [2026-06-03T13:28:36.639+0000] {dag.py:3820} INFO - Setting next_dagrun for example_params_ui_tutorial to None, run_after=None
[2026-06-03T13:28:36.650+0000] {processor.py:183} INFO - Processing /home/airflow/.local/lib/python3.8/site-packages/airflow/example_dags/example_params_ui_tutorial.py took 0.055 seconds
[2026-06-03T13:29:06.743+0000] {processor.py:161} INFO - Started process (PID=1684) to work on /home/airflow/.local/lib/python3.8/site-packages/airflow/example_dags/example_params_ui_tutorial.py
[2026-06-03T13:29:06.744+0000] {processor.py:830} INFO - Processing file /home/airflow/.local/lib/python3.8/site-packages/airflow/example_dags/example_params_ui_tutorial.py for tasks to queue
[2026-06-03T13:29:06.745+0000] {logging_mixin.py:188} INFO - [2026-06-03T13:29:06.745+0000] {dagbag.py:538} INFO - Filling up the DagBag from /home/airflow/.local/lib/python3.8/site-packages/airflow/example_dags/example_params_ui_tutorial.py
[2026-06-03T13:29:06.751+0000] {processor.py:840} INFO - DAG(s) 'example_params_ui_tutorial' retrieved from /home/airflow/.local/lib/python3.8/site-packages/airflow/example_dags/example_params_ui_tutorial.py
[2026-06-03T13:29:06.782+0000] {logging_mixin.py:188} INFO - [2026-06-03T13:29:06.782+0000] {dag.py:3033} INFO - Sync 1 DAGs
[2026-06-03T13:29:06.790+0000] {logging_mixin.py:188} INFO - [2026-06-03T13:29:06.790+0000] {dag.py:3820} INFO - Setting next_dagrun for example_params_ui_tutorial to None, run_after=None
[2026-06-03T13:29:06.799+0000] {processor.py:183} INFO - Processing /home/airflow/.local/lib/python3.8/site-packages/airflow/example_dags/example_params_ui_tutorial.py took 0.057 seconds
[2026-06-03T13:29:37.538+0000] {processor.py:161} INFO - Started process (PID=1740) to work on /home/airflow/.local/lib/python3.8/site-packages/airflow/example_dags/example_params_ui_tutorial.py
[2026-06-03T13:29:37.539+0000] {processor.py:830} INFO - Processing file /home/airflow/.local/lib/python3.8/site-packages/airflow/example_dags/example_params_ui_tutorial.py for tasks to queue
[2026-06-03T13:29:37.540+0000] {logging_mixin.py:188} INFO - [2026-06-03T13:29:37.540+0000] {dagbag.py:538} INFO - Filling up the DagBag from /home/airflow/.local/lib/python3.8/site-packages/airflow/example_dags/example_params_ui_tutorial.py
[2026-06-03T13:29:37.564+0000] {processor.py:840} INFO - DAG(s) 'example_params_ui_tutorial' retrieved from /home/airflow/.local/lib/python3.8/site-packages/airflow/example_dags/example_params_ui_tutorial.py
[2026-06-03T13:29:37.625+0000] {logging_mixin.py:188} INFO - [2026-06-03T13:29:37.625+0000] {dag.py:3033} INFO - Sync 1 DAGs
[2026-06-03T13:29:37.635+0000] {logging_mixin.py:188} INFO - [2026-06-03T13:29:37.635+0000] {dag.py:3820} INFO - Setting next_dagrun for example_params_ui_tutorial to None, run_after=None
[2026-06-03T13:29:37.678+0000] {processor.py:183} INFO - Processing /home/airflow/.local/lib/python3.8/site-packages/airflow/example_dags/example_params_ui_tutorial.py took 0.142 seconds
[2026-06-03T13:30:08.140+0000] {processor.py:161} INFO - Started process (PID=1796) to work on /home/airflow/.local/lib/python3.8/site-packages/airflow/example_dags/example_params_ui_tutorial.py
[2026-06-03T13:30:08.141+0000] {processor.py:830} INFO - Processing file /home/airflow/.local/lib/python3.8/site-packages/airflow/example_dags/example_params_ui_tutorial.py for tasks to queue
[2026-06-03T13:30:08.143+0000] {logging_mixin.py:188} INFO - [2026-06-03T13:30:08.143+0000] {dagbag.py:538} INFO - Filling up the DagBag from /home/airflow/.local/lib/python3.8/site-packages/airflow/example_dags/example_params_ui_tutorial.py
[2026-06-03T13:30:08.152+0000] {processor.py:840} INFO - DAG(s) 'example_params_ui_tutorial' retrieved from /home/airflow/.local/lib/python3.8/site-packages/airflow/example_dags/example_params_ui_tutorial.py
[2026-06-03T13:30:08.191+0000] {logging_mixin.py:188} INFO - [2026-06-03T13:30:08.191+0000] {dag.py:3033} INFO - Sync 1 DAGs
[2026-06-03T13:30:08.210+0000] {logging_mixin.py:188} INFO - [2026-06-03T13:30:08.210+0000] {dag.py:3820} INFO - Setting next_dagrun for example_params_ui_tutorial to None, run_after=None
[2026-06-03T13:30:08.224+0000] {processor.py:183} INFO - Processing /home/airflow/.local/lib/python3.8/site-packages/airflow/example_dags/example_params_ui_tutorial.py took 0.086 seconds
[2026-06-03T13:30:38.501+0000] {processor.py:161} INFO - Started process (PID=1852) to work on /home/airflow/.local/lib/python3.8/site-packages/airflow/example_dags/example_params_ui_tutorial.py
[2026-06-03T13:30:38.503+0000] {processor.py:830} INFO - Processing file /home/airflow/.local/lib/python3.8/site-packages/airflow/example_dags/example_params_ui_tutorial.py for tasks to queue
[2026-06-03T13:30:38.505+0000] {logging_mixin.py:188} INFO - [2026-06-03T13:30:38.505+0000] {dagbag.py:538} INFO - Filling up the DagBag from /home/airflow/.local/lib/python3.8/site-packages/airflow/example_dags/example_params_ui_tutorial.py
[2026-06-03T13:30:38.530+0000] {processor.py:840} INFO - DAG(s) 'example_params_ui_tutorial' retrieved from /home/airflow/.local/lib/python3.8/site-packages/airflow/example_dags/example_params_ui_tutorial.py
[2026-06-03T13:30:38.578+0000] {logging_mixin.py:188} INFO - [2026-06-03T13:30:38.577+0000] {dag.py:3033} INFO - Sync 1 DAGs
[2026-06-03T13:30:38.588+0000] {logging_mixin.py:188} INFO - [2026-06-03T13:30:38.588+0000] {dag.py:3820} INFO - Setting next_dagrun for example_params_ui_tutorial to None, run_after=None
[2026-06-03T13:30:38.600+0000] {processor.py:183} INFO - Processing /home/airflow/.local/lib/python3.8/site-packages/airflow/example_dags/example_params_ui_tutorial.py took 0.106 seconds
[2026-06-03T13:31:09.671+0000] {processor.py:161} INFO - Started process (PID=1908) to work on /home/airflow/.local/lib/python3.8/site-packages/airflow/example_dags/example_params_ui_tutorial.py
[2026-06-03T13:31:09.677+0000] {processor.py:830} INFO - Processing file /home/airflow/.local/lib/python3.8/site-packages/airflow/example_dags/example_params_ui_tutorial.py for tasks to queue
[2026-06-03T13:31:09.687+0000] {logging_mixin.py:188} INFO - [2026-06-03T13:31:09.686+0000] {dagbag.py:538} INFO - Filling up the DagBag from /home/airflow/.local/lib/python3.8/site-packages/airflow/example_dags/example_params_ui_tutorial.py
[2026-06-03T13:31:09.708+0000] {processor.py:840} INFO - DAG(s) 'example_params_ui_tutorial' retrieved from /home/airflow/.local/lib/python3.8/site-packages/airflow/example_dags/example_params_ui_tutorial.py
[2026-06-03T13:31:09.779+0000] {logging_mixin.py:188} INFO - [2026-06-03T13:31:09.779+0000] {dag.py:3033} INFO - Sync 1 DAGs
[2026-06-03T13:31:09.795+0000] {logging_mixin.py:188} INFO - [2026-06-03T13:31:09.794+0000] {dag.py:3820} INFO - Setting next_dagrun for example_params_ui_tutorial to None, run_after=None
[2026-06-03T13:31:09.811+0000] {processor.py:183} INFO - Processing /home/airflow/.local/lib/python3.8/site-packages/airflow/example_dags/example_params_ui_tutorial.py took 0.150 seconds
[2026-06-03T13:31:40.294+0000] {processor.py:161} INFO - Started process (PID=1964) to work on /home/airflow/.local/lib/python3.8/site-packages/airflow/example_dags/example_params_ui_tutorial.py
[2026-06-03T13:31:40.301+0000] {processor.py:830} INFO - Processing file /home/airflow/.local/lib/python3.8/site-packages/airflow/example_dags/example_params_ui_tutorial.py for tasks to queue
[2026-06-03T13:31:40.309+0000] {logging_mixin.py:188} INFO - [2026-06-03T13:31:40.309+0000] {dagbag.py:538} INFO - Filling up the DagBag from /home/airflow/.local/lib/python3.8/site-packages/airflow/example_dags/example_params_ui_tutorial.py
[2026-06-03T13:31:40.330+0000] {processor.py:840} INFO - DAG(s) 'example_params_ui_tutorial' retrieved from /home/airflow/.local/lib/python3.8/site-packages/airflow/example_dags/example_params_ui_tutorial.py
[2026-06-03T13:31:40.393+0000] {logging_mixin.py:188} INFO - [2026-06-03T13:31:40.392+0000] {dag.py:3033} INFO - Sync 1 DAGs
[2026-06-03T13:31:40.406+0000] {logging_mixin.py:188} INFO - [2026-06-03T13:31:40.406+0000] {dag.py:3820} INFO - Setting next_dagrun for example_params_ui_tutorial to None, run_after=None
[2026-06-03T13:31:40.420+0000] {processor.py:183} INFO - Processing /home/airflow/.local/lib/python3.8/site-packages/airflow/example_dags/example_params_ui_tutorial.py took 0.133 seconds
[2026-06-03T13:32:11.528+0000] {processor.py:161} INFO - Started process (PID=2020) to work on /home/airflow/.local/lib/python3.8/site-packages/airflow/example_dags/example_params_ui_tutorial.py
[2026-06-03T13:32:11.529+0000] {processor.py:830} INFO - Processing file /home/airflow/.local/lib/python3.8/site-packages/airflow/example_dags/example_params_ui_tutorial.py for tasks to queue
[2026-06-03T13:32:11.539+0000] {logging_mixin.py:188} INFO - [2026-06-03T13:32:11.539+0000] {dagbag.py:538} INFO - Filling up the DagBag from /home/airflow/.local/lib/python3.8/site-packages/airflow/example_dags/example_params_ui_tutorial.py
[2026-06-03T13:32:11.561+0000] {processor.py:840} INFO - DAG(s) 'example_params_ui_tutorial' retrieved from /home/airflow/.local/lib/python3.8/site-packages/airflow/example_dags/example_params_ui_tutorial.py
[2026-06-03T13:32:11.626+0000] {logging_mixin.py:188} INFO - [2026-06-03T13:32:11.626+0000] {dag.py:3033} INFO - Sync 1 DAGs
[2026-06-03T13:32:11.649+0000] {logging_mixin.py:188} INFO - [2026-06-03T13:32:11.649+0000] {dag.py:3820} INFO - Setting next_dagrun for example_params_ui_tutorial to None, run_after=None
[2026-06-03T13:32:11.679+0000] {processor.py:183} INFO - Processing /home/airflow/.local/lib/python3.8/site-packages/airflow/example_dags/example_params_ui_tutorial.py took 0.155 seconds
[2026-06-03T13:32:42.425+0000] {processor.py:161} INFO - Started process (PID=2076) to work on /home/airflow/.local/lib/python3.8/site-packages/airflow/example_dags/example_params_ui_tutorial.py
[2026-06-03T13:32:42.428+0000] {processor.py:830} INFO - Processing file /home/airflow/.local/lib/python3.8/site-packages/airflow/example_dags/example_params_ui_tutorial.py for tasks to queue
[2026-06-03T13:32:42.432+0000] {logging_mixin.py:188} INFO - [2026-06-03T13:32:42.432+0000] {dagbag.py:538} INFO - Filling up the DagBag from /home/airflow/.local/lib/python3.8/site-packages/airflow/example_dags/example_params_ui_tutorial.py
[2026-06-03T13:32:42.457+0000] {processor.py:840} INFO - DAG(s) 'example_params_ui_tutorial' retrieved from /home/airflow/.local/lib/python3.8/site-packages/airflow/example_dags/example_params_ui_tutorial.py
[2026-06-03T13:32:42.508+0000] {logging_mixin.py:188} INFO - [2026-06-03T13:32:42.508+0000] {dag.py:3033} INFO - Sync 1 DAGs
[2026-06-03T13:32:42.516+0000] {logging_mixin.py:188} INFO - [2026-06-03T13:32:42.516+0000] {dag.py:3820} INFO - Setting next_dagrun for example_params_ui_tutorial to None, run_after=None
[2026-06-03T13:32:42.547+0000] {processor.py:183} INFO - Processing /home/airflow/.local/lib/python3.8/site-packages/airflow/example_dags/example_params_ui_tutorial.py took 0.131 seconds
[2026-06-03T13:33:12.991+0000] {processor.py:161} INFO - Started process (PID=2132) to work on /home/airflow/.local/lib/python3.8/site-packages/airflow/example_dags/example_params_ui_tutorial.py
[2026-06-03T13:33:12.993+0000] {processor.py:830} INFO - Processing file /home/airflow/.local/lib/python3.8/site-packages/airflow/example_dags/example_params_ui_tutorial.py for tasks to queue
[2026-06-03T13:33:12.996+0000] {logging_mixin.py:188} INFO - [2026-06-03T13:33:12.995+0000] {dagbag.py:538} INFO - Filling up the DagBag from /home/airflow/.local/lib/python3.8/site-packages/airflow/example_dags/example_params_ui_tutorial.py
[2026-06-03T13:33:13.013+0000] {processor.py:840} INFO - DAG(s) 'example_params_ui_tutorial' retrieved from /home/airflow/.local/lib/python3.8/site-packages/airflow/example_dags/example_params_ui_tutorial.py
[2026-06-03T13:33:13.074+0000] {logging_mixin.py:188} INFO - [2026-06-03T13:33:13.074+0000] {dag.py:3033} INFO - Sync 1 DAGs
[2026-06-03T13:33:13.087+0000] {logging_mixin.py:188} INFO - [2026-06-03T13:33:13.087+0000] {dag.py:3820} INFO - Setting next_dagrun for example_params_ui_tutorial to None, run_after=None
[2026-06-03T13:33:13.099+0000] {processor.py:183} INFO - Processing /home/airflow/.local/lib/python3.8/site-packages/airflow/example_dags/example_params_ui_tutorial.py took 0.118 seconds
[2026-06-03T13:33:43.474+0000] {processor.py:161} INFO - Started process (PID=2188) to work on /home/airflow/.local/lib/python3.8/site-packages/airflow/example_dags/example_params_ui_tutorial.py
[2026-06-03T13:33:43.475+0000] {processor.py:830} INFO - Processing file /home/airflow/.local/lib/python3.8/site-packages/airflow/example_dags/example_params_ui_tutorial.py for tasks to queue
[2026-06-03T13:33:43.482+0000] {logging_mixin.py:188} INFO - [2026-06-03T13:33:43.481+0000] {dagbag.py:538} INFO - Filling up the DagBag from /home/airflow/.local/lib/python3.8/site-packages/airflow/example_dags/example_params_ui_tutorial.py
[2026-06-03T13:33:43.516+0000] {processor.py:840} INFO - DAG(s) 'example_params_ui_tutorial' retrieved from /home/airflow/.local/lib/python3.8/site-packages/airflow/example_dags/example_params_ui_tutorial.py
[2026-06-03T13:33:43.578+0000] {logging_mixin.py:188} INFO - [2026-06-03T13:33:43.577+0000] {dag.py:3033} INFO - Sync 1 DAGs
[2026-06-03T13:33:43.592+0000] {logging_mixin.py:188} INFO - [2026-06-03T13:33:43.592+0000] {dag.py:3820} INFO - Setting next_dagrun for example_params_ui_tutorial to None, run_after=None
[2026-06-03T13:33:43.633+0000] {processor.py:183} INFO - Processing /home/airflow/.local/lib/python3.8/site-packages/airflow/example_dags/example_params_ui_tutorial.py took 0.164 seconds
[2026-06-03T13:34:14.499+0000] {processor.py:161} INFO - Started process (PID=2244) to work on /home/airflow/.local/lib/python3.8/site-packages/airflow/example_dags/example_params_ui_tutorial.py
[2026-06-03T13:34:14.500+0000] {processor.py:830} INFO - Processing file /home/airflow/.local/lib/python3.8/site-packages/airflow/example_dags/example_params_ui_tutorial.py for tasks to queue
[2026-06-03T13:34:14.505+0000] {logging_mixin.py:188} INFO - [2026-06-03T13:34:14.502+0000] {dagbag.py:538} INFO - Filling up the DagBag from /home/airflow/.local/lib/python3.8/site-packages/airflow/example_dags/example_params_ui_tutorial.py
[2026-06-03T13:34:14.526+0000] {processor.py:840} INFO - DAG(s) 'example_params_ui_tutorial' retrieved from /home/airflow/.local/lib/python3.8/site-packages/airflow/example_dags/example_params_ui_tutorial.py
[2026-06-03T13:34:14.581+0000] {logging_mixin.py:188} INFO - [2026-06-03T13:34:14.580+0000] {dag.py:3033} INFO - Sync 1 DAGs
[2026-06-03T13:34:14.598+0000] {logging_mixin.py:188} INFO - [2026-06-03T13:34:14.598+0000] {dag.py:3820} INFO - Setting next_dagrun for example_params_ui_tutorial to None, run_after=None
[2026-06-03T13:34:14.606+0000] {processor.py:183} INFO - Processing /home/airflow/.local/lib/python3.8/site-packages/airflow/example_dags/example_params_ui_tutorial.py took 0.110 seconds
[2026-06-03T13:34:44.778+0000] {processor.py:161} INFO - Started process (PID=2300) to work on /home/airflow/.local/lib/python3.8/site-packages/airflow/example_dags/example_params_ui_tutorial.py
[2026-06-03T13:34:44.781+0000] {processor.py:830} INFO - Processing file /home/airflow/.local/lib/python3.8/site-packages/airflow/example_dags/example_params_ui_tutorial.py for tasks to queue
[2026-06-03T13:34:44.784+0000] {logging_mixin.py:188} INFO - [2026-06-03T13:34:44.784+0000] {dagbag.py:538} INFO - Filling up the DagBag from /home/airflow/.local/lib/python3.8/site-packages/airflow/example_dags/example_params_ui_tutorial.py
[2026-06-03T13:34:44.809+0000] {processor.py:840} INFO - DAG(s) 'example_params_ui_tutorial' retrieved from /home/airflow/.local/lib/python3.8/site-packages/airflow/example_dags/example_params_ui_tutorial.py
[2026-06-03T13:34:44.863+0000] {logging_mixin.py:188} INFO - [2026-06-03T13:34:44.863+0000] {dag.py:3033} INFO - Sync 1 DAGs
[2026-06-03T13:34:44.880+0000] {logging_mixin.py:188} INFO - [2026-06-03T13:34:44.880+0000] {dag.py:3820} INFO - Setting next_dagrun for example_params_ui_tutorial to None, run_after=None
[2026-06-03T13:34:45.127+0000] {processor.py:183} INFO - Processing /home/airflow/.local/lib/python3.8/site-packages/airflow/example_dags/example_params_ui_tutorial.py took 0.356 seconds
[2026-06-03T13:35:16.226+0000] {processor.py:161} INFO - Started process (PID=2356) to work on /home/airflow/.local/lib/python3.8/site-packages/airflow/example_dags/example_params_ui_tutorial.py
[2026-06-03T13:35:16.237+0000] {processor.py:830} INFO - Processing file /home/airflow/.local/lib/python3.8/site-packages/airflow/example_dags/example_params_ui_tutorial.py for tasks to queue
[2026-06-03T13:35:16.251+0000] {logging_mixin.py:188} INFO - [2026-06-03T13:35:16.250+0000] {dagbag.py:538} INFO - Filling up the DagBag from /home/airflow/.local/lib/python3.8/site-packages/airflow/example_dags/example_params_ui_tutorial.py
[2026-06-03T13:35:16.286+0000] {processor.py:840} INFO - DAG(s) 'example_params_ui_tutorial' retrieved from /home/airflow/.local/lib/python3.8/site-packages/airflow/example_dags/example_params_ui_tutorial.py
[2026-06-03T13:35:16.372+0000] {logging_mixin.py:188} INFO - [2026-06-03T13:35:16.371+0000] {dag.py:3033} INFO - Sync 1 DAGs
[2026-06-03T13:35:16.385+0000] {logging_mixin.py:188} INFO - [2026-06-03T13:35:16.385+0000] {dag.py:3820} INFO - Setting next_dagrun for example_params_ui_tutorial to None, run_after=None
[2026-06-03T13:35:16.404+0000] {processor.py:183} INFO - Processing /home/airflow/.local/lib/python3.8/site-packages/airflow/example_dags/example_params_ui_tutorial.py took 0.211 seconds
[2026-06-03T13:35:46.773+0000] {processor.py:161} INFO - Started process (PID=2412) to work on /home/airflow/.local/lib/python3.8/site-packages/airflow/example_dags/example_params_ui_tutorial.py
[2026-06-03T13:35:46.785+0000] {processor.py:830} INFO - Processing file /home/airflow/.local/lib/python3.8/site-packages/airflow/example_dags/example_params_ui_tutorial.py for tasks to queue
[2026-06-03T13:35:46.791+0000] {logging_mixin.py:188} INFO - [2026-06-03T13:35:46.791+0000] {dagbag.py:538} INFO - Filling up the DagBag from /home/airflow/.local/lib/python3.8/site-packages/airflow/example_dags/example_params_ui_tutorial.py
[2026-06-03T13:35:46.810+0000] {processor.py:840} INFO - DAG(s) 'example_params_ui_tutorial' retrieved from /home/airflow/.local/lib/python3.8/site-packages/airflow/example_dags/example_params_ui_tutorial.py
[2026-06-03T13:35:46.877+0000] {logging_mixin.py:188} INFO - [2026-06-03T13:35:46.877+0000] {dag.py:3033} INFO - Sync 1 DAGs
[2026-06-03T13:35:46.898+0000] {logging_mixin.py:188} INFO - [2026-06-03T13:35:46.898+0000] {dag.py:3820} INFO - Setting next_dagrun for example_params_ui_tutorial to None, run_after=None
[2026-06-03T13:35:46.931+0000] {processor.py:183} INFO - Processing /home/airflow/.local/lib/python3.8/site-packages/airflow/example_dags/example_params_ui_tutorial.py took 0.186 seconds
[2026-06-03T13:36:17.318+0000] {processor.py:161} INFO - Started process (PID=2468) to work on /home/airflow/.local/lib/python3.8/site-packages/airflow/example_dags/example_params_ui_tutorial.py
[2026-06-03T13:36:17.322+0000] {processor.py:830} INFO - Processing file /home/airflow/.local/lib/python3.8/site-packages/airflow/example_dags/example_params_ui_tutorial.py for tasks to queue
[2026-06-03T13:36:17.338+0000] {logging_mixin.py:188} INFO - [2026-06-03T13:36:17.335+0000] {dagbag.py:538} INFO - Filling up the DagBag from /home/airflow/.local/lib/python3.8/site-packages/airflow/example_dags/example_params_ui_tutorial.py
[2026-06-03T13:36:17.374+0000] {processor.py:840} INFO - DAG(s) 'example_params_ui_tutorial' retrieved from /home/airflow/.local/lib/python3.8/site-packages/airflow/example_dags/example_params_ui_tutorial.py
[2026-06-03T13:36:17.459+0000] {logging_mixin.py:188} INFO - [2026-06-03T13:36:17.459+0000] {dag.py:3033} INFO - Sync 1 DAGs
[2026-06-03T13:36:17.472+0000] {logging_mixin.py:188} INFO - [2026-06-03T13:36:17.472+0000] {dag.py:3820} INFO - Setting next_dagrun for example_params_ui_tutorial to None, run_after=None
[2026-06-03T13:36:17.489+0000] {processor.py:183} INFO - Processing /home/airflow/.local/lib/python3.8/site-packages/airflow/example_dags/example_params_ui_tutorial.py took 0.183 seconds
[2026-06-03T13:36:47.753+0000] {processor.py:161} INFO - Started process (PID=2524) to work on /home/airflow/.local/lib/python3.8/site-packages/airflow/example_dags/example_params_ui_tutorial.py
[2026-06-03T13:36:47.755+0000] {processor.py:830} INFO - Processing file /home/airflow/.local/lib/python3.8/site-packages/airflow/example_dags/example_params_ui_tutorial.py for tasks to queue
[2026-06-03T13:36:47.760+0000] {logging_mixin.py:188} INFO - [2026-06-03T13:36:47.760+0000] {dagbag.py:538} INFO - Filling up the DagBag from /home/airflow/.local/lib/python3.8/site-packages/airflow/example_dags/example_params_ui_tutorial.py
[2026-06-03T13:36:47.781+0000] {processor.py:840} INFO - DAG(s) 'example_params_ui_tutorial' retrieved from /home/airflow/.local/lib/python3.8/site-packages/airflow/example_dags/example_params_ui_tutorial.py
[2026-06-03T13:36:47.832+0000] {logging_mixin.py:188} INFO - [2026-06-03T13:36:47.832+0000] {dag.py:3033} INFO - Sync 1 DAGs
[2026-06-03T13:36:48.181+0000] {logging_mixin.py:188} INFO - [2026-06-03T13:36:48.181+0000] {dag.py:3820} INFO - Setting next_dagrun for example_params_ui_tutorial to None, run_after=None
[2026-06-03T13:36:48.210+0000] {processor.py:183} INFO - Processing /home/airflow/.local/lib/python3.8/site-packages/airflow/example_dags/example_params_ui_tutorial.py took 0.467 seconds
[2026-06-03T13:37:19.056+0000] {processor.py:161} INFO - Started process (PID=2580) to work on /home/airflow/.local/lib/python3.8/site-packages/airflow/example_dags/example_params_ui_tutorial.py
[2026-06-03T13:37:19.058+0000] {processor.py:830} INFO - Processing file /home/airflow/.local/lib/python3.8/site-packages/airflow/example_dags/example_params_ui_tutorial.py for tasks to queue
[2026-06-03T13:37:19.078+0000] {logging_mixin.py:188} INFO - [2026-06-03T13:37:19.077+0000] {dagbag.py:538} INFO - Filling up the DagBag from /home/airflow/.local/lib/python3.8/site-packages/airflow/example_dags/example_params_ui_tutorial.py
[2026-06-03T13:37:19.100+0000] {processor.py:840} INFO - DAG(s) 'example_params_ui_tutorial' retrieved from /home/airflow/.local/lib/python3.8/site-packages/airflow/example_dags/example_params_ui_tutorial.py
[2026-06-03T13:37:19.146+0000] {logging_mixin.py:188} INFO - [2026-06-03T13:37:19.146+0000] {dag.py:3033} INFO - Sync 1 DAGs
[2026-06-03T13:37:19.158+0000] {logging_mixin.py:188} INFO - [2026-06-03T13:37:19.158+0000] {dag.py:3820} INFO - Setting next_dagrun for example_params_ui_tutorial to None, run_after=None
[2026-06-03T13:37:19.355+0000] {processor.py:183} INFO - Processing /home/airflow/.local/lib/python3.8/site-packages/airflow/example_dags/example_params_ui_tutorial.py took 0.307 seconds
[2026-06-03T13:37:49.614+0000] {processor.py:161} INFO - Started process (PID=2636) to work on /home/airflow/.local/lib/python3.8/site-packages/airflow/example_dags/example_params_ui_tutorial.py
[2026-06-03T13:37:49.615+0000] {processor.py:830} INFO - Processing file /home/airflow/.local/lib/python3.8/site-packages/airflow/example_dags/example_params_ui_tutorial.py for tasks to queue
[2026-06-03T13:37:49.618+0000] {logging_mixin.py:188} INFO - [2026-06-03T13:37:49.618+0000] {dagbag.py:538} INFO - Filling up the DagBag from /home/airflow/.local/lib/python3.8/site-packages/airflow/example_dags/example_params_ui_tutorial.py
[2026-06-03T13:37:49.634+0000] {processor.py:840} INFO - DAG(s) 'example_params_ui_tutorial' retrieved from /home/airflow/.local/lib/python3.8/site-packages/airflow/example_dags/example_params_ui_tutorial.py
[2026-06-03T13:37:49.684+0000] {logging_mixin.py:188} INFO - [2026-06-03T13:37:49.684+0000] {dag.py:3033} INFO - Sync 1 DAGs
[2026-06-03T13:37:49.694+0000] {logging_mixin.py:188} INFO - [2026-06-03T13:37:49.694+0000] {dag.py:3820} INFO - Setting next_dagrun for example_params_ui_tutorial to None, run_after=None
[2026-06-03T13:37:49.712+0000] {processor.py:183} INFO - Processing /home/airflow/.local/lib/python3.8/site-packages/airflow/example_dags/example_params_ui_tutorial.py took 0.104 seconds
[2026-06-03T13:38:20.092+0000] {processor.py:161} INFO - Started process (PID=2693) to work on /home/airflow/.local/lib/python3.8/site-packages/airflow/example_dags/example_params_ui_tutorial.py
[2026-06-03T13:38:20.099+0000] {processor.py:830} INFO - Processing file /home/airflow/.local/lib/python3.8/site-packages/airflow/example_dags/example_params_ui_tutorial.py for tasks to queue
[2026-06-03T13:38:20.112+0000] {logging_mixin.py:188} INFO - [2026-06-03T13:38:20.111+0000] {dagbag.py:538} INFO - Filling up the DagBag from /home/airflow/.local/lib/python3.8/site-packages/airflow/example_dags/example_params_ui_tutorial.py
[2026-06-03T13:38:20.140+0000] {processor.py:840} INFO - DAG(s) 'example_params_ui_tutorial' retrieved from /home/airflow/.local/lib/python3.8/site-packages/airflow/example_dags/example_params_ui_tutorial.py
[2026-06-03T13:38:20.712+0000] {logging_mixin.py:188} INFO - [2026-06-03T13:38:20.711+0000] {dag.py:3033} INFO - Sync 1 DAGs
[2026-06-03T13:38:20.746+0000] {logging_mixin.py:188} INFO - [2026-06-03T13:38:20.746+0000] {dag.py:3820} INFO - Setting next_dagrun for example_params_ui_tutorial to None, run_after=None
[2026-06-03T13:38:20.771+0000] {processor.py:183} INFO - Processing /home/airflow/.local/lib/python3.8/site-packages/airflow/example_dags/example_params_ui_tutorial.py took 0.692 seconds
