[2026-06-03T11:48:42.034+0000] {processor.py:161} INFO - Started process (PID=67) to work on /home/airflow/.local/lib/python3.8/site-packages/airflow/example_dags/example_short_circuit_operator.py
[2026-06-03T11:48:42.036+0000] {processor.py:830} INFO - Processing file /home/airflow/.local/lib/python3.8/site-packages/airflow/example_dags/example_short_circuit_operator.py for tasks to queue
[2026-06-03T11:48:42.041+0000] {logging_mixin.py:188} INFO - [2026-06-03T11:48:42.041+0000] {dagbag.py:538} INFO - Filling up the DagBag from /home/airflow/.local/lib/python3.8/site-packages/airflow/example_dags/example_short_circuit_operator.py
[2026-06-03T11:48:42.058+0000] {processor.py:840} INFO - DAG(s) 'example_short_circuit_operator' retrieved from /home/airflow/.local/lib/python3.8/site-packages/airflow/example_dags/example_short_circuit_operator.py
[2026-06-03T11:48:42.079+0000] {logging_mixin.py:188} INFO - [2026-06-03T11:48:42.079+0000] {dag.py:3033} INFO - Sync 1 DAGs
[2026-06-03T11:48:42.117+0000] {logging_mixin.py:188} INFO - [2026-06-03T11:48:42.117+0000] {dag.py:3820} INFO - Setting next_dagrun for example_short_circuit_operator to 2026-06-02T00:00:00+00:00, run_after=2026-06-03T00:00:00+00:00
[2026-06-03T11:48:42.141+0000] {processor.py:183} INFO - Processing /home/airflow/.local/lib/python3.8/site-packages/airflow/example_dags/example_short_circuit_operator.py took 0.113 seconds
[2026-06-03T11:49:12.860+0000] {processor.py:161} INFO - Started process (PID=122) to work on /home/airflow/.local/lib/python3.8/site-packages/airflow/example_dags/example_short_circuit_operator.py
[2026-06-03T11:49:12.861+0000] {processor.py:830} INFO - Processing file /home/airflow/.local/lib/python3.8/site-packages/airflow/example_dags/example_short_circuit_operator.py for tasks to queue
[2026-06-03T11:49:12.863+0000] {logging_mixin.py:188} INFO - [2026-06-03T11:49:12.863+0000] {dagbag.py:538} INFO - Filling up the DagBag from /home/airflow/.local/lib/python3.8/site-packages/airflow/example_dags/example_short_circuit_operator.py
[2026-06-03T11:49:12.867+0000] {processor.py:840} INFO - DAG(s) 'example_short_circuit_operator' retrieved from /home/airflow/.local/lib/python3.8/site-packages/airflow/example_dags/example_short_circuit_operator.py
[2026-06-03T11:49:12.913+0000] {logging_mixin.py:188} INFO - [2026-06-03T11:49:12.913+0000] {dag.py:3033} INFO - Sync 1 DAGs
[2026-06-03T11:49:12.923+0000] {logging_mixin.py:188} INFO - [2026-06-03T11:49:12.923+0000] {dag.py:3820} INFO - Setting next_dagrun for example_short_circuit_operator to 2026-06-02T00:00:00+00:00, run_after=2026-06-03T00:00:00+00:00
[2026-06-03T11:49:12.933+0000] {processor.py:183} INFO - Processing /home/airflow/.local/lib/python3.8/site-packages/airflow/example_dags/example_short_circuit_operator.py took 0.074 seconds
[2026-06-03T11:49:43.949+0000] {processor.py:161} INFO - Started process (PID=177) to work on /home/airflow/.local/lib/python3.8/site-packages/airflow/example_dags/example_short_circuit_operator.py
[2026-06-03T11:49:43.950+0000] {processor.py:830} INFO - Processing file /home/airflow/.local/lib/python3.8/site-packages/airflow/example_dags/example_short_circuit_operator.py for tasks to queue
[2026-06-03T11:49:43.950+0000] {logging_mixin.py:188} INFO - [2026-06-03T11:49:43.950+0000] {dagbag.py:538} INFO - Filling up the DagBag from /home/airflow/.local/lib/python3.8/site-packages/airflow/example_dags/example_short_circuit_operator.py
[2026-06-03T11:49:43.953+0000] {processor.py:840} INFO - DAG(s) 'example_short_circuit_operator' retrieved from /home/airflow/.local/lib/python3.8/site-packages/airflow/example_dags/example_short_circuit_operator.py
[2026-06-03T11:49:43.963+0000] {logging_mixin.py:188} INFO - [2026-06-03T11:49:43.963+0000] {dag.py:3033} INFO - Sync 1 DAGs
[2026-06-03T11:49:43.971+0000] {logging_mixin.py:188} INFO - [2026-06-03T11:49:43.971+0000] {dag.py:3820} INFO - Setting next_dagrun for example_short_circuit_operator to 2026-06-02T00:00:00+00:00, run_after=2026-06-03T00:00:00+00:00
[2026-06-03T11:49:43.978+0000] {processor.py:183} INFO - Processing /home/airflow/.local/lib/python3.8/site-packages/airflow/example_dags/example_short_circuit_operator.py took 0.030 seconds
[2026-06-03T11:50:14.040+0000] {processor.py:161} INFO - Started process (PID=232) to work on /home/airflow/.local/lib/python3.8/site-packages/airflow/example_dags/example_short_circuit_operator.py
[2026-06-03T11:50:14.041+0000] {processor.py:830} INFO - Processing file /home/airflow/.local/lib/python3.8/site-packages/airflow/example_dags/example_short_circuit_operator.py for tasks to queue
[2026-06-03T11:50:14.045+0000] {logging_mixin.py:188} INFO - [2026-06-03T11:50:14.045+0000] {dagbag.py:538} INFO - Filling up the DagBag from /home/airflow/.local/lib/python3.8/site-packages/airflow/example_dags/example_short_circuit_operator.py
[2026-06-03T11:50:14.048+0000] {processor.py:840} INFO - DAG(s) 'example_short_circuit_operator' retrieved from /home/airflow/.local/lib/python3.8/site-packages/airflow/example_dags/example_short_circuit_operator.py
[2026-06-03T11:50:14.061+0000] {logging_mixin.py:188} INFO - [2026-06-03T11:50:14.061+0000] {dag.py:3033} INFO - Sync 1 DAGs
[2026-06-03T11:50:14.073+0000] {logging_mixin.py:188} INFO - [2026-06-03T11:50:14.073+0000] {dag.py:3820} INFO - Setting next_dagrun for example_short_circuit_operator to 2026-06-02T00:00:00+00:00, run_after=2026-06-03T00:00:00+00:00
[2026-06-03T11:50:14.080+0000] {processor.py:183} INFO - Processing /home/airflow/.local/lib/python3.8/site-packages/airflow/example_dags/example_short_circuit_operator.py took 0.044 seconds
[2026-06-03T11:50:44.258+0000] {processor.py:161} INFO - Started process (PID=287) to work on /home/airflow/.local/lib/python3.8/site-packages/airflow/example_dags/example_short_circuit_operator.py
[2026-06-03T11:50:44.259+0000] {processor.py:830} INFO - Processing file /home/airflow/.local/lib/python3.8/site-packages/airflow/example_dags/example_short_circuit_operator.py for tasks to queue
[2026-06-03T11:50:44.259+0000] {logging_mixin.py:188} INFO - [2026-06-03T11:50:44.259+0000] {dagbag.py:538} INFO - Filling up the DagBag from /home/airflow/.local/lib/python3.8/site-packages/airflow/example_dags/example_short_circuit_operator.py
[2026-06-03T11:50:44.263+0000] {processor.py:840} INFO - DAG(s) 'example_short_circuit_operator' retrieved from /home/airflow/.local/lib/python3.8/site-packages/airflow/example_dags/example_short_circuit_operator.py
[2026-06-03T11:50:44.273+0000] {logging_mixin.py:188} INFO - [2026-06-03T11:50:44.273+0000] {dag.py:3033} INFO - Sync 1 DAGs
[2026-06-03T11:50:44.283+0000] {logging_mixin.py:188} INFO - [2026-06-03T11:50:44.283+0000] {dag.py:3820} INFO - Setting next_dagrun for example_short_circuit_operator to 2026-06-02T00:00:00+00:00, run_after=2026-06-03T00:00:00+00:00
[2026-06-03T11:50:44.296+0000] {processor.py:183} INFO - Processing /home/airflow/.local/lib/python3.8/site-packages/airflow/example_dags/example_short_circuit_operator.py took 0.039 seconds
[2026-06-03T11:51:14.461+0000] {processor.py:161} INFO - Started process (PID=342) to work on /home/airflow/.local/lib/python3.8/site-packages/airflow/example_dags/example_short_circuit_operator.py
[2026-06-03T11:51:14.461+0000] {processor.py:830} INFO - Processing file /home/airflow/.local/lib/python3.8/site-packages/airflow/example_dags/example_short_circuit_operator.py for tasks to queue
[2026-06-03T11:51:14.462+0000] {logging_mixin.py:188} INFO - [2026-06-03T11:51:14.462+0000] {dagbag.py:538} INFO - Filling up the DagBag from /home/airflow/.local/lib/python3.8/site-packages/airflow/example_dags/example_short_circuit_operator.py
[2026-06-03T11:51:14.468+0000] {processor.py:840} INFO - DAG(s) 'example_short_circuit_operator' retrieved from /home/airflow/.local/lib/python3.8/site-packages/airflow/example_dags/example_short_circuit_operator.py
[2026-06-03T11:51:14.477+0000] {logging_mixin.py:188} INFO - [2026-06-03T11:51:14.477+0000] {dag.py:3033} INFO - Sync 1 DAGs
[2026-06-03T11:51:14.488+0000] {logging_mixin.py:188} INFO - [2026-06-03T11:51:14.488+0000] {dag.py:3820} INFO - Setting next_dagrun for example_short_circuit_operator to 2026-06-02T00:00:00+00:00, run_after=2026-06-03T00:00:00+00:00
[2026-06-03T11:51:14.503+0000] {processor.py:183} INFO - Processing /home/airflow/.local/lib/python3.8/site-packages/airflow/example_dags/example_short_circuit_operator.py took 0.044 seconds
[2026-06-03T11:51:45.002+0000] {processor.py:161} INFO - Started process (PID=397) to work on /home/airflow/.local/lib/python3.8/site-packages/airflow/example_dags/example_short_circuit_operator.py
[2026-06-03T11:51:45.004+0000] {processor.py:830} INFO - Processing file /home/airflow/.local/lib/python3.8/site-packages/airflow/example_dags/example_short_circuit_operator.py for tasks to queue
[2026-06-03T11:51:45.005+0000] {logging_mixin.py:188} INFO - [2026-06-03T11:51:45.005+0000] {dagbag.py:538} INFO - Filling up the DagBag from /home/airflow/.local/lib/python3.8/site-packages/airflow/example_dags/example_short_circuit_operator.py
[2026-06-03T11:51:45.009+0000] {processor.py:840} INFO - DAG(s) 'example_short_circuit_operator' retrieved from /home/airflow/.local/lib/python3.8/site-packages/airflow/example_dags/example_short_circuit_operator.py
[2026-06-03T11:51:45.027+0000] {logging_mixin.py:188} INFO - [2026-06-03T11:51:45.027+0000] {dag.py:3033} INFO - Sync 1 DAGs
[2026-06-03T11:51:45.040+0000] {logging_mixin.py:188} INFO - [2026-06-03T11:51:45.040+0000] {dag.py:3820} INFO - Setting next_dagrun for example_short_circuit_operator to 2026-06-02T00:00:00+00:00, run_after=2026-06-03T00:00:00+00:00
[2026-06-03T11:51:45.050+0000] {processor.py:183} INFO - Processing /home/airflow/.local/lib/python3.8/site-packages/airflow/example_dags/example_short_circuit_operator.py took 0.049 seconds
[2026-06-03T11:52:15.328+0000] {processor.py:161} INFO - Started process (PID=452) to work on /home/airflow/.local/lib/python3.8/site-packages/airflow/example_dags/example_short_circuit_operator.py
[2026-06-03T11:52:15.329+0000] {processor.py:830} INFO - Processing file /home/airflow/.local/lib/python3.8/site-packages/airflow/example_dags/example_short_circuit_operator.py for tasks to queue
[2026-06-03T11:52:15.331+0000] {logging_mixin.py:188} INFO - [2026-06-03T11:52:15.331+0000] {dagbag.py:538} INFO - Filling up the DagBag from /home/airflow/.local/lib/python3.8/site-packages/airflow/example_dags/example_short_circuit_operator.py
[2026-06-03T11:52:15.335+0000] {processor.py:840} INFO - DAG(s) 'example_short_circuit_operator' retrieved from /home/airflow/.local/lib/python3.8/site-packages/airflow/example_dags/example_short_circuit_operator.py
[2026-06-03T11:52:15.346+0000] {logging_mixin.py:188} INFO - [2026-06-03T11:52:15.346+0000] {dag.py:3033} INFO - Sync 1 DAGs
[2026-06-03T11:52:15.356+0000] {logging_mixin.py:188} INFO - [2026-06-03T11:52:15.356+0000] {dag.py:3820} INFO - Setting next_dagrun for example_short_circuit_operator to 2026-06-02T00:00:00+00:00, run_after=2026-06-03T00:00:00+00:00
[2026-06-03T11:52:15.365+0000] {processor.py:183} INFO - Processing /home/airflow/.local/lib/python3.8/site-packages/airflow/example_dags/example_short_circuit_operator.py took 0.039 seconds
[2026-06-03T11:52:45.912+0000] {processor.py:161} INFO - Started process (PID=507) to work on /home/airflow/.local/lib/python3.8/site-packages/airflow/example_dags/example_short_circuit_operator.py
[2026-06-03T11:52:45.913+0000] {processor.py:830} INFO - Processing file /home/airflow/.local/lib/python3.8/site-packages/airflow/example_dags/example_short_circuit_operator.py for tasks to queue
[2026-06-03T11:52:45.915+0000] {logging_mixin.py:188} INFO - [2026-06-03T11:52:45.914+0000] {dagbag.py:538} INFO - Filling up the DagBag from /home/airflow/.local/lib/python3.8/site-packages/airflow/example_dags/example_short_circuit_operator.py
[2026-06-03T11:52:45.921+0000] {processor.py:840} INFO - DAG(s) 'example_short_circuit_operator' retrieved from /home/airflow/.local/lib/python3.8/site-packages/airflow/example_dags/example_short_circuit_operator.py
[2026-06-03T11:52:45.936+0000] {logging_mixin.py:188} INFO - [2026-06-03T11:52:45.936+0000] {dag.py:3033} INFO - Sync 1 DAGs
[2026-06-03T11:52:45.946+0000] {logging_mixin.py:188} INFO - [2026-06-03T11:52:45.946+0000] {dag.py:3820} INFO - Setting next_dagrun for example_short_circuit_operator to 2026-06-02T00:00:00+00:00, run_after=2026-06-03T00:00:00+00:00
[2026-06-03T11:52:45.960+0000] {processor.py:183} INFO - Processing /home/airflow/.local/lib/python3.8/site-packages/airflow/example_dags/example_short_circuit_operator.py took 0.051 seconds
[2026-06-03T11:53:16.326+0000] {processor.py:161} INFO - Started process (PID=562) to work on /home/airflow/.local/lib/python3.8/site-packages/airflow/example_dags/example_short_circuit_operator.py
[2026-06-03T11:53:16.326+0000] {processor.py:830} INFO - Processing file /home/airflow/.local/lib/python3.8/site-packages/airflow/example_dags/example_short_circuit_operator.py for tasks to queue
[2026-06-03T11:53:16.327+0000] {logging_mixin.py:188} INFO - [2026-06-03T11:53:16.327+0000] {dagbag.py:538} INFO - Filling up the DagBag from /home/airflow/.local/lib/python3.8/site-packages/airflow/example_dags/example_short_circuit_operator.py
[2026-06-03T11:53:16.331+0000] {processor.py:840} INFO - DAG(s) 'example_short_circuit_operator' retrieved from /home/airflow/.local/lib/python3.8/site-packages/airflow/example_dags/example_short_circuit_operator.py
[2026-06-03T11:53:16.340+0000] {logging_mixin.py:188} INFO - [2026-06-03T11:53:16.340+0000] {dag.py:3033} INFO - Sync 1 DAGs
[2026-06-03T11:53:16.348+0000] {logging_mixin.py:188} INFO - [2026-06-03T11:53:16.348+0000] {dag.py:3820} INFO - Setting next_dagrun for example_short_circuit_operator to 2026-06-02T00:00:00+00:00, run_after=2026-06-03T00:00:00+00:00
[2026-06-03T11:53:16.361+0000] {processor.py:183} INFO - Processing /home/airflow/.local/lib/python3.8/site-packages/airflow/example_dags/example_short_circuit_operator.py took 0.037 seconds
[2026-06-03T11:53:47.188+0000] {processor.py:161} INFO - Started process (PID=617) to work on /home/airflow/.local/lib/python3.8/site-packages/airflow/example_dags/example_short_circuit_operator.py
[2026-06-03T11:53:47.188+0000] {processor.py:830} INFO - Processing file /home/airflow/.local/lib/python3.8/site-packages/airflow/example_dags/example_short_circuit_operator.py for tasks to queue
[2026-06-03T11:53:47.189+0000] {logging_mixin.py:188} INFO - [2026-06-03T11:53:47.189+0000] {dagbag.py:538} INFO - Filling up the DagBag from /home/airflow/.local/lib/python3.8/site-packages/airflow/example_dags/example_short_circuit_operator.py
[2026-06-03T11:53:47.193+0000] {processor.py:840} INFO - DAG(s) 'example_short_circuit_operator' retrieved from /home/airflow/.local/lib/python3.8/site-packages/airflow/example_dags/example_short_circuit_operator.py
[2026-06-03T11:53:47.204+0000] {logging_mixin.py:188} INFO - [2026-06-03T11:53:47.204+0000] {dag.py:3033} INFO - Sync 1 DAGs
[2026-06-03T11:53:47.221+0000] {logging_mixin.py:188} INFO - [2026-06-03T11:53:47.220+0000] {dag.py:3820} INFO - Setting next_dagrun for example_short_circuit_operator to 2026-06-02T00:00:00+00:00, run_after=2026-06-03T00:00:00+00:00
[2026-06-03T11:53:47.229+0000] {processor.py:183} INFO - Processing /home/airflow/.local/lib/python3.8/site-packages/airflow/example_dags/example_short_circuit_operator.py took 0.043 seconds
[2026-06-03T11:54:18.159+0000] {processor.py:161} INFO - Started process (PID=672) to work on /home/airflow/.local/lib/python3.8/site-packages/airflow/example_dags/example_short_circuit_operator.py
[2026-06-03T11:54:18.160+0000] {processor.py:830} INFO - Processing file /home/airflow/.local/lib/python3.8/site-packages/airflow/example_dags/example_short_circuit_operator.py for tasks to queue
[2026-06-03T11:54:18.161+0000] {logging_mixin.py:188} INFO - [2026-06-03T11:54:18.161+0000] {dagbag.py:538} INFO - Filling up the DagBag from /home/airflow/.local/lib/python3.8/site-packages/airflow/example_dags/example_short_circuit_operator.py
[2026-06-03T11:54:18.164+0000] {processor.py:840} INFO - DAG(s) 'example_short_circuit_operator' retrieved from /home/airflow/.local/lib/python3.8/site-packages/airflow/example_dags/example_short_circuit_operator.py
[2026-06-03T11:54:18.176+0000] {logging_mixin.py:188} INFO - [2026-06-03T11:54:18.176+0000] {dag.py:3033} INFO - Sync 1 DAGs
[2026-06-03T11:54:18.185+0000] {logging_mixin.py:188} INFO - [2026-06-03T11:54:18.185+0000] {dag.py:3820} INFO - Setting next_dagrun for example_short_circuit_operator to 2026-06-02T00:00:00+00:00, run_after=2026-06-03T00:00:00+00:00
[2026-06-03T11:54:18.192+0000] {processor.py:183} INFO - Processing /home/airflow/.local/lib/python3.8/site-packages/airflow/example_dags/example_short_circuit_operator.py took 0.034 seconds
[2026-06-03T11:54:48.231+0000] {processor.py:161} INFO - Started process (PID=727) to work on /home/airflow/.local/lib/python3.8/site-packages/airflow/example_dags/example_short_circuit_operator.py
[2026-06-03T11:54:48.232+0000] {processor.py:830} INFO - Processing file /home/airflow/.local/lib/python3.8/site-packages/airflow/example_dags/example_short_circuit_operator.py for tasks to queue
[2026-06-03T11:54:48.233+0000] {logging_mixin.py:188} INFO - [2026-06-03T11:54:48.233+0000] {dagbag.py:538} INFO - Filling up the DagBag from /home/airflow/.local/lib/python3.8/site-packages/airflow/example_dags/example_short_circuit_operator.py
[2026-06-03T11:54:48.237+0000] {processor.py:840} INFO - DAG(s) 'example_short_circuit_operator' retrieved from /home/airflow/.local/lib/python3.8/site-packages/airflow/example_dags/example_short_circuit_operator.py
[2026-06-03T11:54:48.248+0000] {logging_mixin.py:188} INFO - [2026-06-03T11:54:48.248+0000] {dag.py:3033} INFO - Sync 1 DAGs
[2026-06-03T11:54:48.258+0000] {logging_mixin.py:188} INFO - [2026-06-03T11:54:48.258+0000] {dag.py:3820} INFO - Setting next_dagrun for example_short_circuit_operator to 2026-06-02T00:00:00+00:00, run_after=2026-06-03T00:00:00+00:00
[2026-06-03T11:54:48.265+0000] {processor.py:183} INFO - Processing /home/airflow/.local/lib/python3.8/site-packages/airflow/example_dags/example_short_circuit_operator.py took 0.035 seconds
[2026-06-03T11:55:18.510+0000] {processor.py:161} INFO - Started process (PID=782) to work on /home/airflow/.local/lib/python3.8/site-packages/airflow/example_dags/example_short_circuit_operator.py
[2026-06-03T11:55:18.510+0000] {processor.py:830} INFO - Processing file /home/airflow/.local/lib/python3.8/site-packages/airflow/example_dags/example_short_circuit_operator.py for tasks to queue
[2026-06-03T11:55:18.511+0000] {logging_mixin.py:188} INFO - [2026-06-03T11:55:18.511+0000] {dagbag.py:538} INFO - Filling up the DagBag from /home/airflow/.local/lib/python3.8/site-packages/airflow/example_dags/example_short_circuit_operator.py
[2026-06-03T11:55:18.514+0000] {processor.py:840} INFO - DAG(s) 'example_short_circuit_operator' retrieved from /home/airflow/.local/lib/python3.8/site-packages/airflow/example_dags/example_short_circuit_operator.py
[2026-06-03T11:55:18.523+0000] {logging_mixin.py:188} INFO - [2026-06-03T11:55:18.523+0000] {dag.py:3033} INFO - Sync 1 DAGs
[2026-06-03T11:55:18.532+0000] {logging_mixin.py:188} INFO - [2026-06-03T11:55:18.532+0000] {dag.py:3820} INFO - Setting next_dagrun for example_short_circuit_operator to 2026-06-02T00:00:00+00:00, run_after=2026-06-03T00:00:00+00:00
[2026-06-03T11:55:18.542+0000] {processor.py:183} INFO - Processing /home/airflow/.local/lib/python3.8/site-packages/airflow/example_dags/example_short_circuit_operator.py took 0.034 seconds
[2026-06-03T11:55:48.622+0000] {processor.py:161} INFO - Started process (PID=837) to work on /home/airflow/.local/lib/python3.8/site-packages/airflow/example_dags/example_short_circuit_operator.py
[2026-06-03T11:55:48.623+0000] {processor.py:830} INFO - Processing file /home/airflow/.local/lib/python3.8/site-packages/airflow/example_dags/example_short_circuit_operator.py for tasks to queue
[2026-06-03T11:55:48.624+0000] {logging_mixin.py:188} INFO - [2026-06-03T11:55:48.623+0000] {dagbag.py:538} INFO - Filling up the DagBag from /home/airflow/.local/lib/python3.8/site-packages/airflow/example_dags/example_short_circuit_operator.py
[2026-06-03T11:55:48.626+0000] {processor.py:840} INFO - DAG(s) 'example_short_circuit_operator' retrieved from /home/airflow/.local/lib/python3.8/site-packages/airflow/example_dags/example_short_circuit_operator.py
[2026-06-03T11:55:48.635+0000] {logging_mixin.py:188} INFO - [2026-06-03T11:55:48.635+0000] {dag.py:3033} INFO - Sync 1 DAGs
[2026-06-03T11:55:48.642+0000] {logging_mixin.py:188} INFO - [2026-06-03T11:55:48.642+0000] {dag.py:3820} INFO - Setting next_dagrun for example_short_circuit_operator to 2026-06-02T00:00:00+00:00, run_after=2026-06-03T00:00:00+00:00
[2026-06-03T11:55:48.649+0000] {processor.py:183} INFO - Processing /home/airflow/.local/lib/python3.8/site-packages/airflow/example_dags/example_short_circuit_operator.py took 0.028 seconds
[2026-06-03T11:56:19.632+0000] {processor.py:161} INFO - Started process (PID=892) to work on /home/airflow/.local/lib/python3.8/site-packages/airflow/example_dags/example_short_circuit_operator.py
[2026-06-03T11:56:19.633+0000] {processor.py:830} INFO - Processing file /home/airflow/.local/lib/python3.8/site-packages/airflow/example_dags/example_short_circuit_operator.py for tasks to queue
[2026-06-03T11:56:19.634+0000] {logging_mixin.py:188} INFO - [2026-06-03T11:56:19.634+0000] {dagbag.py:538} INFO - Filling up the DagBag from /home/airflow/.local/lib/python3.8/site-packages/airflow/example_dags/example_short_circuit_operator.py
[2026-06-03T11:56:19.638+0000] {processor.py:840} INFO - DAG(s) 'example_short_circuit_operator' retrieved from /home/airflow/.local/lib/python3.8/site-packages/airflow/example_dags/example_short_circuit_operator.py
[2026-06-03T11:56:19.654+0000] {logging_mixin.py:188} INFO - [2026-06-03T11:56:19.654+0000] {dag.py:3033} INFO - Sync 1 DAGs
[2026-06-03T11:56:19.666+0000] {logging_mixin.py:188} INFO - [2026-06-03T11:56:19.666+0000] {dag.py:3820} INFO - Setting next_dagrun for example_short_circuit_operator to 2026-06-02T00:00:00+00:00, run_after=2026-06-03T00:00:00+00:00
[2026-06-03T11:56:19.675+0000] {processor.py:183} INFO - Processing /home/airflow/.local/lib/python3.8/site-packages/airflow/example_dags/example_short_circuit_operator.py took 0.044 seconds
[2026-06-03T11:56:49.899+0000] {processor.py:161} INFO - Started process (PID=947) to work on /home/airflow/.local/lib/python3.8/site-packages/airflow/example_dags/example_short_circuit_operator.py
[2026-06-03T11:56:49.900+0000] {processor.py:830} INFO - Processing file /home/airflow/.local/lib/python3.8/site-packages/airflow/example_dags/example_short_circuit_operator.py for tasks to queue
[2026-06-03T11:56:49.901+0000] {logging_mixin.py:188} INFO - [2026-06-03T11:56:49.901+0000] {dagbag.py:538} INFO - Filling up the DagBag from /home/airflow/.local/lib/python3.8/site-packages/airflow/example_dags/example_short_circuit_operator.py
[2026-06-03T11:56:49.905+0000] {processor.py:840} INFO - DAG(s) 'example_short_circuit_operator' retrieved from /home/airflow/.local/lib/python3.8/site-packages/airflow/example_dags/example_short_circuit_operator.py
[2026-06-03T11:56:49.917+0000] {logging_mixin.py:188} INFO - [2026-06-03T11:56:49.917+0000] {dag.py:3033} INFO - Sync 1 DAGs
[2026-06-03T11:56:49.929+0000] {logging_mixin.py:188} INFO - [2026-06-03T11:56:49.929+0000] {dag.py:3820} INFO - Setting next_dagrun for example_short_circuit_operator to 2026-06-02T00:00:00+00:00, run_after=2026-06-03T00:00:00+00:00
[2026-06-03T11:56:49.936+0000] {processor.py:183} INFO - Processing /home/airflow/.local/lib/python3.8/site-packages/airflow/example_dags/example_short_circuit_operator.py took 0.040 seconds
[2026-06-03T11:57:20.150+0000] {processor.py:161} INFO - Started process (PID=1002) to work on /home/airflow/.local/lib/python3.8/site-packages/airflow/example_dags/example_short_circuit_operator.py
[2026-06-03T11:57:20.153+0000] {processor.py:830} INFO - Processing file /home/airflow/.local/lib/python3.8/site-packages/airflow/example_dags/example_short_circuit_operator.py for tasks to queue
[2026-06-03T11:57:20.153+0000] {logging_mixin.py:188} INFO - [2026-06-03T11:57:20.153+0000] {dagbag.py:538} INFO - Filling up the DagBag from /home/airflow/.local/lib/python3.8/site-packages/airflow/example_dags/example_short_circuit_operator.py
[2026-06-03T11:57:20.157+0000] {processor.py:840} INFO - DAG(s) 'example_short_circuit_operator' retrieved from /home/airflow/.local/lib/python3.8/site-packages/airflow/example_dags/example_short_circuit_operator.py
[2026-06-03T11:57:20.165+0000] {logging_mixin.py:188} INFO - [2026-06-03T11:57:20.165+0000] {dag.py:3033} INFO - Sync 1 DAGs
[2026-06-03T11:57:20.173+0000] {logging_mixin.py:188} INFO - [2026-06-03T11:57:20.173+0000] {dag.py:3820} INFO - Setting next_dagrun for example_short_circuit_operator to 2026-06-02T00:00:00+00:00, run_after=2026-06-03T00:00:00+00:00
[2026-06-03T11:57:20.180+0000] {processor.py:183} INFO - Processing /home/airflow/.local/lib/python3.8/site-packages/airflow/example_dags/example_short_circuit_operator.py took 0.031 seconds
[2026-06-03T11:57:50.430+0000] {processor.py:161} INFO - Started process (PID=1057) to work on /home/airflow/.local/lib/python3.8/site-packages/airflow/example_dags/example_short_circuit_operator.py
[2026-06-03T11:57:50.431+0000] {processor.py:830} INFO - Processing file /home/airflow/.local/lib/python3.8/site-packages/airflow/example_dags/example_short_circuit_operator.py for tasks to queue
[2026-06-03T11:57:50.433+0000] {logging_mixin.py:188} INFO - [2026-06-03T11:57:50.433+0000] {dagbag.py:538} INFO - Filling up the DagBag from /home/airflow/.local/lib/python3.8/site-packages/airflow/example_dags/example_short_circuit_operator.py
[2026-06-03T11:57:50.439+0000] {processor.py:840} INFO - DAG(s) 'example_short_circuit_operator' retrieved from /home/airflow/.local/lib/python3.8/site-packages/airflow/example_dags/example_short_circuit_operator.py
[2026-06-03T11:57:50.450+0000] {logging_mixin.py:188} INFO - [2026-06-03T11:57:50.450+0000] {dag.py:3033} INFO - Sync 1 DAGs
[2026-06-03T11:57:50.461+0000] {logging_mixin.py:188} INFO - [2026-06-03T11:57:50.461+0000] {dag.py:3820} INFO - Setting next_dagrun for example_short_circuit_operator to 2026-06-02T00:00:00+00:00, run_after=2026-06-03T00:00:00+00:00
[2026-06-03T11:57:50.468+0000] {processor.py:183} INFO - Processing /home/airflow/.local/lib/python3.8/site-packages/airflow/example_dags/example_short_circuit_operator.py took 0.040 seconds
[2026-06-03T11:58:21.418+0000] {processor.py:161} INFO - Started process (PID=1112) to work on /home/airflow/.local/lib/python3.8/site-packages/airflow/example_dags/example_short_circuit_operator.py
[2026-06-03T11:58:21.418+0000] {processor.py:830} INFO - Processing file /home/airflow/.local/lib/python3.8/site-packages/airflow/example_dags/example_short_circuit_operator.py for tasks to queue
[2026-06-03T11:58:21.419+0000] {logging_mixin.py:188} INFO - [2026-06-03T11:58:21.419+0000] {dagbag.py:538} INFO - Filling up the DagBag from /home/airflow/.local/lib/python3.8/site-packages/airflow/example_dags/example_short_circuit_operator.py
[2026-06-03T11:58:21.423+0000] {processor.py:840} INFO - DAG(s) 'example_short_circuit_operator' retrieved from /home/airflow/.local/lib/python3.8/site-packages/airflow/example_dags/example_short_circuit_operator.py
[2026-06-03T11:58:21.439+0000] {logging_mixin.py:188} INFO - [2026-06-03T11:58:21.439+0000] {dag.py:3033} INFO - Sync 1 DAGs
[2026-06-03T11:58:21.448+0000] {logging_mixin.py:188} INFO - [2026-06-03T11:58:21.448+0000] {dag.py:3820} INFO - Setting next_dagrun for example_short_circuit_operator to 2026-06-02T00:00:00+00:00, run_after=2026-06-03T00:00:00+00:00
[2026-06-03T11:58:21.454+0000] {processor.py:183} INFO - Processing /home/airflow/.local/lib/python3.8/site-packages/airflow/example_dags/example_short_circuit_operator.py took 0.038 seconds
[2026-06-03T11:58:52.356+0000] {processor.py:161} INFO - Started process (PID=1168) to work on /home/airflow/.local/lib/python3.8/site-packages/airflow/example_dags/example_short_circuit_operator.py
[2026-06-03T11:58:52.357+0000] {processor.py:830} INFO - Processing file /home/airflow/.local/lib/python3.8/site-packages/airflow/example_dags/example_short_circuit_operator.py for tasks to queue
[2026-06-03T11:58:52.358+0000] {logging_mixin.py:188} INFO - [2026-06-03T11:58:52.358+0000] {dagbag.py:538} INFO - Filling up the DagBag from /home/airflow/.local/lib/python3.8/site-packages/airflow/example_dags/example_short_circuit_operator.py
[2026-06-03T11:58:52.364+0000] {processor.py:840} INFO - DAG(s) 'example_short_circuit_operator' retrieved from /home/airflow/.local/lib/python3.8/site-packages/airflow/example_dags/example_short_circuit_operator.py
[2026-06-03T11:58:52.377+0000] {logging_mixin.py:188} INFO - [2026-06-03T11:58:52.377+0000] {dag.py:3033} INFO - Sync 1 DAGs
[2026-06-03T11:58:52.390+0000] {logging_mixin.py:188} INFO - [2026-06-03T11:58:52.390+0000] {dag.py:3820} INFO - Setting next_dagrun for example_short_circuit_operator to 2026-06-02T00:00:00+00:00, run_after=2026-06-03T00:00:00+00:00
[2026-06-03T11:58:52.396+0000] {processor.py:183} INFO - Processing /home/airflow/.local/lib/python3.8/site-packages/airflow/example_dags/example_short_circuit_operator.py took 0.042 seconds
[2026-06-03T11:59:22.659+0000] {processor.py:161} INFO - Started process (PID=1224) to work on /home/airflow/.local/lib/python3.8/site-packages/airflow/example_dags/example_short_circuit_operator.py
[2026-06-03T11:59:22.660+0000] {processor.py:830} INFO - Processing file /home/airflow/.local/lib/python3.8/site-packages/airflow/example_dags/example_short_circuit_operator.py for tasks to queue
[2026-06-03T11:59:22.661+0000] {logging_mixin.py:188} INFO - [2026-06-03T11:59:22.661+0000] {dagbag.py:538} INFO - Filling up the DagBag from /home/airflow/.local/lib/python3.8/site-packages/airflow/example_dags/example_short_circuit_operator.py
[2026-06-03T11:59:22.664+0000] {processor.py:840} INFO - DAG(s) 'example_short_circuit_operator' retrieved from /home/airflow/.local/lib/python3.8/site-packages/airflow/example_dags/example_short_circuit_operator.py
[2026-06-03T11:59:22.682+0000] {logging_mixin.py:188} INFO - [2026-06-03T11:59:22.682+0000] {dag.py:3033} INFO - Sync 1 DAGs
[2026-06-03T11:59:22.691+0000] {logging_mixin.py:188} INFO - [2026-06-03T11:59:22.691+0000] {dag.py:3820} INFO - Setting next_dagrun for example_short_circuit_operator to 2026-06-02T00:00:00+00:00, run_after=2026-06-03T00:00:00+00:00
[2026-06-03T11:59:22.700+0000] {processor.py:183} INFO - Processing /home/airflow/.local/lib/python3.8/site-packages/airflow/example_dags/example_short_circuit_operator.py took 0.042 seconds
[2026-06-03T11:59:52.990+0000] {processor.py:161} INFO - Started process (PID=1280) to work on /home/airflow/.local/lib/python3.8/site-packages/airflow/example_dags/example_short_circuit_operator.py
[2026-06-03T11:59:52.991+0000] {processor.py:830} INFO - Processing file /home/airflow/.local/lib/python3.8/site-packages/airflow/example_dags/example_short_circuit_operator.py for tasks to queue
[2026-06-03T11:59:52.993+0000] {logging_mixin.py:188} INFO - [2026-06-03T11:59:52.993+0000] {dagbag.py:538} INFO - Filling up the DagBag from /home/airflow/.local/lib/python3.8/site-packages/airflow/example_dags/example_short_circuit_operator.py
[2026-06-03T11:59:52.997+0000] {processor.py:840} INFO - DAG(s) 'example_short_circuit_operator' retrieved from /home/airflow/.local/lib/python3.8/site-packages/airflow/example_dags/example_short_circuit_operator.py
[2026-06-03T11:59:53.013+0000] {logging_mixin.py:188} INFO - [2026-06-03T11:59:53.013+0000] {dag.py:3033} INFO - Sync 1 DAGs
[2026-06-03T11:59:53.022+0000] {logging_mixin.py:188} INFO - [2026-06-03T11:59:53.022+0000] {dag.py:3820} INFO - Setting next_dagrun for example_short_circuit_operator to 2026-06-02T00:00:00+00:00, run_after=2026-06-03T00:00:00+00:00
[2026-06-03T11:59:53.029+0000] {processor.py:183} INFO - Processing /home/airflow/.local/lib/python3.8/site-packages/airflow/example_dags/example_short_circuit_operator.py took 0.040 seconds
[2026-06-03T12:00:23.227+0000] {processor.py:161} INFO - Started process (PID=1336) to work on /home/airflow/.local/lib/python3.8/site-packages/airflow/example_dags/example_short_circuit_operator.py
[2026-06-03T12:00:23.228+0000] {processor.py:830} INFO - Processing file /home/airflow/.local/lib/python3.8/site-packages/airflow/example_dags/example_short_circuit_operator.py for tasks to queue
[2026-06-03T12:00:23.229+0000] {logging_mixin.py:188} INFO - [2026-06-03T12:00:23.229+0000] {dagbag.py:538} INFO - Filling up the DagBag from /home/airflow/.local/lib/python3.8/site-packages/airflow/example_dags/example_short_circuit_operator.py
[2026-06-03T12:00:23.233+0000] {processor.py:840} INFO - DAG(s) 'example_short_circuit_operator' retrieved from /home/airflow/.local/lib/python3.8/site-packages/airflow/example_dags/example_short_circuit_operator.py
[2026-06-03T12:00:23.248+0000] {logging_mixin.py:188} INFO - [2026-06-03T12:00:23.247+0000] {dag.py:3033} INFO - Sync 1 DAGs
[2026-06-03T12:00:23.256+0000] {logging_mixin.py:188} INFO - [2026-06-03T12:00:23.256+0000] {dag.py:3820} INFO - Setting next_dagrun for example_short_circuit_operator to 2026-06-02T00:00:00+00:00, run_after=2026-06-03T00:00:00+00:00
[2026-06-03T12:00:23.265+0000] {processor.py:183} INFO - Processing /home/airflow/.local/lib/python3.8/site-packages/airflow/example_dags/example_short_circuit_operator.py took 0.040 seconds
[2026-06-03T12:00:53.608+0000] {processor.py:161} INFO - Started process (PID=1392) to work on /home/airflow/.local/lib/python3.8/site-packages/airflow/example_dags/example_short_circuit_operator.py
[2026-06-03T12:00:53.610+0000] {processor.py:830} INFO - Processing file /home/airflow/.local/lib/python3.8/site-packages/airflow/example_dags/example_short_circuit_operator.py for tasks to queue
[2026-06-03T12:00:53.612+0000] {logging_mixin.py:188} INFO - [2026-06-03T12:00:53.612+0000] {dagbag.py:538} INFO - Filling up the DagBag from /home/airflow/.local/lib/python3.8/site-packages/airflow/example_dags/example_short_circuit_operator.py
[2026-06-03T12:00:53.615+0000] {processor.py:840} INFO - DAG(s) 'example_short_circuit_operator' retrieved from /home/airflow/.local/lib/python3.8/site-packages/airflow/example_dags/example_short_circuit_operator.py
[2026-06-03T12:00:53.630+0000] {logging_mixin.py:188} INFO - [2026-06-03T12:00:53.630+0000] {dag.py:3033} INFO - Sync 1 DAGs
[2026-06-03T12:00:53.646+0000] {logging_mixin.py:188} INFO - [2026-06-03T12:00:53.646+0000] {dag.py:3820} INFO - Setting next_dagrun for example_short_circuit_operator to 2026-06-02T00:00:00+00:00, run_after=2026-06-03T00:00:00+00:00
[2026-06-03T12:00:53.658+0000] {processor.py:183} INFO - Processing /home/airflow/.local/lib/python3.8/site-packages/airflow/example_dags/example_short_circuit_operator.py took 0.051 seconds
[2026-06-03T12:01:23.812+0000] {processor.py:161} INFO - Started process (PID=1448) to work on /home/airflow/.local/lib/python3.8/site-packages/airflow/example_dags/example_short_circuit_operator.py
[2026-06-03T12:01:23.812+0000] {processor.py:830} INFO - Processing file /home/airflow/.local/lib/python3.8/site-packages/airflow/example_dags/example_short_circuit_operator.py for tasks to queue
[2026-06-03T12:01:23.813+0000] {logging_mixin.py:188} INFO - [2026-06-03T12:01:23.813+0000] {dagbag.py:538} INFO - Filling up the DagBag from /home/airflow/.local/lib/python3.8/site-packages/airflow/example_dags/example_short_circuit_operator.py
[2026-06-03T12:01:23.819+0000] {processor.py:840} INFO - DAG(s) 'example_short_circuit_operator' retrieved from /home/airflow/.local/lib/python3.8/site-packages/airflow/example_dags/example_short_circuit_operator.py
[2026-06-03T12:01:23.831+0000] {logging_mixin.py:188} INFO - [2026-06-03T12:01:23.831+0000] {dag.py:3033} INFO - Sync 1 DAGs
[2026-06-03T12:01:23.841+0000] {logging_mixin.py:188} INFO - [2026-06-03T12:01:23.841+0000] {dag.py:3820} INFO - Setting next_dagrun for example_short_circuit_operator to 2026-06-02T00:00:00+00:00, run_after=2026-06-03T00:00:00+00:00
[2026-06-03T12:01:23.848+0000] {processor.py:183} INFO - Processing /home/airflow/.local/lib/python3.8/site-packages/airflow/example_dags/example_short_circuit_operator.py took 0.038 seconds
[2026-06-03T12:01:53.976+0000] {processor.py:161} INFO - Started process (PID=1504) to work on /home/airflow/.local/lib/python3.8/site-packages/airflow/example_dags/example_short_circuit_operator.py
[2026-06-03T12:01:53.979+0000] {processor.py:830} INFO - Processing file /home/airflow/.local/lib/python3.8/site-packages/airflow/example_dags/example_short_circuit_operator.py for tasks to queue
[2026-06-03T12:01:53.981+0000] {logging_mixin.py:188} INFO - [2026-06-03T12:01:53.980+0000] {dagbag.py:538} INFO - Filling up the DagBag from /home/airflow/.local/lib/python3.8/site-packages/airflow/example_dags/example_short_circuit_operator.py
[2026-06-03T12:01:53.983+0000] {processor.py:840} INFO - DAG(s) 'example_short_circuit_operator' retrieved from /home/airflow/.local/lib/python3.8/site-packages/airflow/example_dags/example_short_circuit_operator.py
[2026-06-03T12:01:53.993+0000] {logging_mixin.py:188} INFO - [2026-06-03T12:01:53.993+0000] {dag.py:3033} INFO - Sync 1 DAGs
[2026-06-03T12:01:54.005+0000] {logging_mixin.py:188} INFO - [2026-06-03T12:01:54.005+0000] {dag.py:3820} INFO - Setting next_dagrun for example_short_circuit_operator to 2026-06-02T00:00:00+00:00, run_after=2026-06-03T00:00:00+00:00
[2026-06-03T12:01:54.015+0000] {processor.py:183} INFO - Processing /home/airflow/.local/lib/python3.8/site-packages/airflow/example_dags/example_short_circuit_operator.py took 0.040 seconds
[2026-06-03T12:02:25.024+0000] {processor.py:161} INFO - Started process (PID=1560) to work on /home/airflow/.local/lib/python3.8/site-packages/airflow/example_dags/example_short_circuit_operator.py
[2026-06-03T12:02:25.025+0000] {processor.py:830} INFO - Processing file /home/airflow/.local/lib/python3.8/site-packages/airflow/example_dags/example_short_circuit_operator.py for tasks to queue
[2026-06-03T12:02:25.026+0000] {logging_mixin.py:188} INFO - [2026-06-03T12:02:25.025+0000] {dagbag.py:538} INFO - Filling up the DagBag from /home/airflow/.local/lib/python3.8/site-packages/airflow/example_dags/example_short_circuit_operator.py
[2026-06-03T12:02:25.030+0000] {processor.py:840} INFO - DAG(s) 'example_short_circuit_operator' retrieved from /home/airflow/.local/lib/python3.8/site-packages/airflow/example_dags/example_short_circuit_operator.py
[2026-06-03T12:02:25.049+0000] {logging_mixin.py:188} INFO - [2026-06-03T12:02:25.049+0000] {dag.py:3033} INFO - Sync 1 DAGs
[2026-06-03T12:02:25.063+0000] {logging_mixin.py:188} INFO - [2026-06-03T12:02:25.063+0000] {dag.py:3820} INFO - Setting next_dagrun for example_short_circuit_operator to 2026-06-02T00:00:00+00:00, run_after=2026-06-03T00:00:00+00:00
[2026-06-03T12:02:25.072+0000] {processor.py:183} INFO - Processing /home/airflow/.local/lib/python3.8/site-packages/airflow/example_dags/example_short_circuit_operator.py took 0.050 seconds
[2026-06-03T12:02:55.247+0000] {processor.py:161} INFO - Started process (PID=1616) to work on /home/airflow/.local/lib/python3.8/site-packages/airflow/example_dags/example_short_circuit_operator.py
[2026-06-03T12:02:55.248+0000] {processor.py:830} INFO - Processing file /home/airflow/.local/lib/python3.8/site-packages/airflow/example_dags/example_short_circuit_operator.py for tasks to queue
[2026-06-03T12:02:55.249+0000] {logging_mixin.py:188} INFO - [2026-06-03T12:02:55.249+0000] {dagbag.py:538} INFO - Filling up the DagBag from /home/airflow/.local/lib/python3.8/site-packages/airflow/example_dags/example_short_circuit_operator.py
[2026-06-03T12:02:55.252+0000] {processor.py:840} INFO - DAG(s) 'example_short_circuit_operator' retrieved from /home/airflow/.local/lib/python3.8/site-packages/airflow/example_dags/example_short_circuit_operator.py
[2026-06-03T12:02:55.261+0000] {logging_mixin.py:188} INFO - [2026-06-03T12:02:55.261+0000] {dag.py:3033} INFO - Sync 1 DAGs
[2026-06-03T12:02:55.275+0000] {logging_mixin.py:188} INFO - [2026-06-03T12:02:55.275+0000] {dag.py:3820} INFO - Setting next_dagrun for example_short_circuit_operator to 2026-06-02T00:00:00+00:00, run_after=2026-06-03T00:00:00+00:00
[2026-06-03T12:02:55.286+0000] {processor.py:183} INFO - Processing /home/airflow/.local/lib/python3.8/site-packages/airflow/example_dags/example_short_circuit_operator.py took 0.041 seconds
[2026-06-03T12:03:25.514+0000] {processor.py:161} INFO - Started process (PID=1672) to work on /home/airflow/.local/lib/python3.8/site-packages/airflow/example_dags/example_short_circuit_operator.py
[2026-06-03T12:03:25.517+0000] {processor.py:830} INFO - Processing file /home/airflow/.local/lib/python3.8/site-packages/airflow/example_dags/example_short_circuit_operator.py for tasks to queue
[2026-06-03T12:03:25.518+0000] {logging_mixin.py:188} INFO - [2026-06-03T12:03:25.518+0000] {dagbag.py:538} INFO - Filling up the DagBag from /home/airflow/.local/lib/python3.8/site-packages/airflow/example_dags/example_short_circuit_operator.py
[2026-06-03T12:03:25.521+0000] {processor.py:840} INFO - DAG(s) 'example_short_circuit_operator' retrieved from /home/airflow/.local/lib/python3.8/site-packages/airflow/example_dags/example_short_circuit_operator.py
[2026-06-03T12:03:25.533+0000] {logging_mixin.py:188} INFO - [2026-06-03T12:03:25.533+0000] {dag.py:3033} INFO - Sync 1 DAGs
[2026-06-03T12:03:25.543+0000] {logging_mixin.py:188} INFO - [2026-06-03T12:03:25.542+0000] {dag.py:3820} INFO - Setting next_dagrun for example_short_circuit_operator to 2026-06-02T00:00:00+00:00, run_after=2026-06-03T00:00:00+00:00
[2026-06-03T12:03:25.555+0000] {processor.py:183} INFO - Processing /home/airflow/.local/lib/python3.8/site-packages/airflow/example_dags/example_short_circuit_operator.py took 0.043 seconds
[2026-06-03T12:03:56.898+0000] {processor.py:161} INFO - Started process (PID=1728) to work on /home/airflow/.local/lib/python3.8/site-packages/airflow/example_dags/example_short_circuit_operator.py
[2026-06-03T12:03:56.899+0000] {processor.py:830} INFO - Processing file /home/airflow/.local/lib/python3.8/site-packages/airflow/example_dags/example_short_circuit_operator.py for tasks to queue
[2026-06-03T12:03:56.900+0000] {logging_mixin.py:188} INFO - [2026-06-03T12:03:56.900+0000] {dagbag.py:538} INFO - Filling up the DagBag from /home/airflow/.local/lib/python3.8/site-packages/airflow/example_dags/example_short_circuit_operator.py
[2026-06-03T12:03:56.905+0000] {processor.py:840} INFO - DAG(s) 'example_short_circuit_operator' retrieved from /home/airflow/.local/lib/python3.8/site-packages/airflow/example_dags/example_short_circuit_operator.py
[2026-06-03T12:03:56.926+0000] {logging_mixin.py:188} INFO - [2026-06-03T12:03:56.926+0000] {dag.py:3033} INFO - Sync 1 DAGs
[2026-06-03T12:03:56.941+0000] {logging_mixin.py:188} INFO - [2026-06-03T12:03:56.941+0000] {dag.py:3820} INFO - Setting next_dagrun for example_short_circuit_operator to 2026-06-02T00:00:00+00:00, run_after=2026-06-03T00:00:00+00:00
[2026-06-03T12:03:56.969+0000] {processor.py:183} INFO - Processing /home/airflow/.local/lib/python3.8/site-packages/airflow/example_dags/example_short_circuit_operator.py took 0.073 seconds
[2026-06-03T12:04:27.258+0000] {processor.py:161} INFO - Started process (PID=1784) to work on /home/airflow/.local/lib/python3.8/site-packages/airflow/example_dags/example_short_circuit_operator.py
[2026-06-03T12:04:27.259+0000] {processor.py:830} INFO - Processing file /home/airflow/.local/lib/python3.8/site-packages/airflow/example_dags/example_short_circuit_operator.py for tasks to queue
[2026-06-03T12:04:27.260+0000] {logging_mixin.py:188} INFO - [2026-06-03T12:04:27.260+0000] {dagbag.py:538} INFO - Filling up the DagBag from /home/airflow/.local/lib/python3.8/site-packages/airflow/example_dags/example_short_circuit_operator.py
[2026-06-03T12:04:27.264+0000] {processor.py:840} INFO - DAG(s) 'example_short_circuit_operator' retrieved from /home/airflow/.local/lib/python3.8/site-packages/airflow/example_dags/example_short_circuit_operator.py
[2026-06-03T12:04:27.273+0000] {logging_mixin.py:188} INFO - [2026-06-03T12:04:27.273+0000] {dag.py:3033} INFO - Sync 1 DAGs
[2026-06-03T12:04:27.285+0000] {logging_mixin.py:188} INFO - [2026-06-03T12:04:27.285+0000] {dag.py:3820} INFO - Setting next_dagrun for example_short_circuit_operator to 2026-06-02T00:00:00+00:00, run_after=2026-06-03T00:00:00+00:00
[2026-06-03T12:04:27.299+0000] {processor.py:183} INFO - Processing /home/airflow/.local/lib/python3.8/site-packages/airflow/example_dags/example_short_circuit_operator.py took 0.042 seconds
[2026-06-03T12:04:57.845+0000] {processor.py:161} INFO - Started process (PID=1840) to work on /home/airflow/.local/lib/python3.8/site-packages/airflow/example_dags/example_short_circuit_operator.py
[2026-06-03T12:04:57.847+0000] {processor.py:830} INFO - Processing file /home/airflow/.local/lib/python3.8/site-packages/airflow/example_dags/example_short_circuit_operator.py for tasks to queue
[2026-06-03T12:04:57.848+0000] {logging_mixin.py:188} INFO - [2026-06-03T12:04:57.848+0000] {dagbag.py:538} INFO - Filling up the DagBag from /home/airflow/.local/lib/python3.8/site-packages/airflow/example_dags/example_short_circuit_operator.py
[2026-06-03T12:04:57.852+0000] {processor.py:840} INFO - DAG(s) 'example_short_circuit_operator' retrieved from /home/airflow/.local/lib/python3.8/site-packages/airflow/example_dags/example_short_circuit_operator.py
[2026-06-03T12:04:57.862+0000] {logging_mixin.py:188} INFO - [2026-06-03T12:04:57.862+0000] {dag.py:3033} INFO - Sync 1 DAGs
[2026-06-03T12:04:57.873+0000] {logging_mixin.py:188} INFO - [2026-06-03T12:04:57.873+0000] {dag.py:3820} INFO - Setting next_dagrun for example_short_circuit_operator to 2026-06-02T00:00:00+00:00, run_after=2026-06-03T00:00:00+00:00
[2026-06-03T12:04:57.883+0000] {processor.py:183} INFO - Processing /home/airflow/.local/lib/python3.8/site-packages/airflow/example_dags/example_short_circuit_operator.py took 0.040 seconds
[2026-06-03T12:05:28.467+0000] {processor.py:161} INFO - Started process (PID=1896) to work on /home/airflow/.local/lib/python3.8/site-packages/airflow/example_dags/example_short_circuit_operator.py
[2026-06-03T12:05:28.468+0000] {processor.py:830} INFO - Processing file /home/airflow/.local/lib/python3.8/site-packages/airflow/example_dags/example_short_circuit_operator.py for tasks to queue
[2026-06-03T12:05:28.469+0000] {logging_mixin.py:188} INFO - [2026-06-03T12:05:28.469+0000] {dagbag.py:538} INFO - Filling up the DagBag from /home/airflow/.local/lib/python3.8/site-packages/airflow/example_dags/example_short_circuit_operator.py
[2026-06-03T12:05:28.472+0000] {processor.py:840} INFO - DAG(s) 'example_short_circuit_operator' retrieved from /home/airflow/.local/lib/python3.8/site-packages/airflow/example_dags/example_short_circuit_operator.py
[2026-06-03T12:05:28.484+0000] {logging_mixin.py:188} INFO - [2026-06-03T12:05:28.484+0000] {dag.py:3033} INFO - Sync 1 DAGs
[2026-06-03T12:05:28.495+0000] {logging_mixin.py:188} INFO - [2026-06-03T12:05:28.495+0000] {dag.py:3820} INFO - Setting next_dagrun for example_short_circuit_operator to 2026-06-02T00:00:00+00:00, run_after=2026-06-03T00:00:00+00:00
[2026-06-03T12:05:28.505+0000] {processor.py:183} INFO - Processing /home/airflow/.local/lib/python3.8/site-packages/airflow/example_dags/example_short_circuit_operator.py took 0.039 seconds
[2026-06-03T12:05:58.991+0000] {processor.py:161} INFO - Started process (PID=1952) to work on /home/airflow/.local/lib/python3.8/site-packages/airflow/example_dags/example_short_circuit_operator.py
[2026-06-03T12:05:58.992+0000] {processor.py:830} INFO - Processing file /home/airflow/.local/lib/python3.8/site-packages/airflow/example_dags/example_short_circuit_operator.py for tasks to queue
[2026-06-03T12:05:58.993+0000] {logging_mixin.py:188} INFO - [2026-06-03T12:05:58.992+0000] {dagbag.py:538} INFO - Filling up the DagBag from /home/airflow/.local/lib/python3.8/site-packages/airflow/example_dags/example_short_circuit_operator.py
[2026-06-03T12:05:58.996+0000] {processor.py:840} INFO - DAG(s) 'example_short_circuit_operator' retrieved from /home/airflow/.local/lib/python3.8/site-packages/airflow/example_dags/example_short_circuit_operator.py
[2026-06-03T12:05:59.005+0000] {logging_mixin.py:188} INFO - [2026-06-03T12:05:59.005+0000] {dag.py:3033} INFO - Sync 1 DAGs
[2026-06-03T12:05:59.090+0000] {logging_mixin.py:188} INFO - [2026-06-03T12:05:59.090+0000] {dag.py:3820} INFO - Setting next_dagrun for example_short_circuit_operator to 2026-06-02T00:00:00+00:00, run_after=2026-06-03T00:00:00+00:00
[2026-06-03T12:05:59.106+0000] {processor.py:183} INFO - Processing /home/airflow/.local/lib/python3.8/site-packages/airflow/example_dags/example_short_circuit_operator.py took 0.116 seconds
[2026-06-03T12:06:30.074+0000] {processor.py:161} INFO - Started process (PID=2008) to work on /home/airflow/.local/lib/python3.8/site-packages/airflow/example_dags/example_short_circuit_operator.py
[2026-06-03T12:06:30.074+0000] {processor.py:830} INFO - Processing file /home/airflow/.local/lib/python3.8/site-packages/airflow/example_dags/example_short_circuit_operator.py for tasks to queue
[2026-06-03T12:06:30.077+0000] {logging_mixin.py:188} INFO - [2026-06-03T12:06:30.077+0000] {dagbag.py:538} INFO - Filling up the DagBag from /home/airflow/.local/lib/python3.8/site-packages/airflow/example_dags/example_short_circuit_operator.py
[2026-06-03T12:06:30.085+0000] {processor.py:840} INFO - DAG(s) 'example_short_circuit_operator' retrieved from /home/airflow/.local/lib/python3.8/site-packages/airflow/example_dags/example_short_circuit_operator.py
[2026-06-03T12:06:30.100+0000] {logging_mixin.py:188} INFO - [2026-06-03T12:06:30.100+0000] {dag.py:3033} INFO - Sync 1 DAGs
[2026-06-03T12:06:30.113+0000] {logging_mixin.py:188} INFO - [2026-06-03T12:06:30.113+0000] {dag.py:3820} INFO - Setting next_dagrun for example_short_circuit_operator to 2026-06-02T00:00:00+00:00, run_after=2026-06-03T00:00:00+00:00
[2026-06-03T12:06:30.126+0000] {processor.py:183} INFO - Processing /home/airflow/.local/lib/python3.8/site-packages/airflow/example_dags/example_short_circuit_operator.py took 0.054 seconds
[2026-06-03T12:07:00.331+0000] {processor.py:161} INFO - Started process (PID=2063) to work on /home/airflow/.local/lib/python3.8/site-packages/airflow/example_dags/example_short_circuit_operator.py
[2026-06-03T12:07:00.331+0000] {processor.py:830} INFO - Processing file /home/airflow/.local/lib/python3.8/site-packages/airflow/example_dags/example_short_circuit_operator.py for tasks to queue
[2026-06-03T12:07:00.333+0000] {logging_mixin.py:188} INFO - [2026-06-03T12:07:00.332+0000] {dagbag.py:538} INFO - Filling up the DagBag from /home/airflow/.local/lib/python3.8/site-packages/airflow/example_dags/example_short_circuit_operator.py
[2026-06-03T12:07:00.336+0000] {processor.py:840} INFO - DAG(s) 'example_short_circuit_operator' retrieved from /home/airflow/.local/lib/python3.8/site-packages/airflow/example_dags/example_short_circuit_operator.py
[2026-06-03T12:07:00.353+0000] {logging_mixin.py:188} INFO - [2026-06-03T12:07:00.353+0000] {dag.py:3033} INFO - Sync 1 DAGs
[2026-06-03T12:07:00.367+0000] {logging_mixin.py:188} INFO - [2026-06-03T12:07:00.367+0000] {dag.py:3820} INFO - Setting next_dagrun for example_short_circuit_operator to 2026-06-02T00:00:00+00:00, run_after=2026-06-03T00:00:00+00:00
[2026-06-03T12:07:00.385+0000] {processor.py:183} INFO - Processing /home/airflow/.local/lib/python3.8/site-packages/airflow/example_dags/example_short_circuit_operator.py took 0.057 seconds
[2026-06-03T12:07:30.581+0000] {processor.py:161} INFO - Started process (PID=2120) to work on /home/airflow/.local/lib/python3.8/site-packages/airflow/example_dags/example_short_circuit_operator.py
[2026-06-03T12:07:30.582+0000] {processor.py:830} INFO - Processing file /home/airflow/.local/lib/python3.8/site-packages/airflow/example_dags/example_short_circuit_operator.py for tasks to queue
[2026-06-03T12:07:30.590+0000] {logging_mixin.py:188} INFO - [2026-06-03T12:07:30.590+0000] {dagbag.py:538} INFO - Filling up the DagBag from /home/airflow/.local/lib/python3.8/site-packages/airflow/example_dags/example_short_circuit_operator.py
[2026-06-03T12:07:30.595+0000] {processor.py:840} INFO - DAG(s) 'example_short_circuit_operator' retrieved from /home/airflow/.local/lib/python3.8/site-packages/airflow/example_dags/example_short_circuit_operator.py
[2026-06-03T12:07:30.609+0000] {logging_mixin.py:188} INFO - [2026-06-03T12:07:30.609+0000] {dag.py:3033} INFO - Sync 1 DAGs
[2026-06-03T12:07:30.643+0000] {logging_mixin.py:188} INFO - [2026-06-03T12:07:30.643+0000] {dag.py:3820} INFO - Setting next_dagrun for example_short_circuit_operator to 2026-06-02T00:00:00+00:00, run_after=2026-06-03T00:00:00+00:00
[2026-06-03T12:07:30.667+0000] {processor.py:183} INFO - Processing /home/airflow/.local/lib/python3.8/site-packages/airflow/example_dags/example_short_circuit_operator.py took 0.089 seconds
[2026-06-03T12:08:01.731+0000] {processor.py:161} INFO - Started process (PID=2176) to work on /home/airflow/.local/lib/python3.8/site-packages/airflow/example_dags/example_short_circuit_operator.py
[2026-06-03T12:08:01.732+0000] {processor.py:830} INFO - Processing file /home/airflow/.local/lib/python3.8/site-packages/airflow/example_dags/example_short_circuit_operator.py for tasks to queue
[2026-06-03T12:08:01.740+0000] {logging_mixin.py:188} INFO - [2026-06-03T12:08:01.739+0000] {dagbag.py:538} INFO - Filling up the DagBag from /home/airflow/.local/lib/python3.8/site-packages/airflow/example_dags/example_short_circuit_operator.py
[2026-06-03T12:08:01.752+0000] {processor.py:840} INFO - DAG(s) 'example_short_circuit_operator' retrieved from /home/airflow/.local/lib/python3.8/site-packages/airflow/example_dags/example_short_circuit_operator.py
[2026-06-03T12:08:02.150+0000] {logging_mixin.py:188} INFO - [2026-06-03T12:08:02.149+0000] {dag.py:3033} INFO - Sync 1 DAGs
[2026-06-03T12:08:02.169+0000] {logging_mixin.py:188} INFO - [2026-06-03T12:08:02.169+0000] {dag.py:3820} INFO - Setting next_dagrun for example_short_circuit_operator to 2026-06-02T00:00:00+00:00, run_after=2026-06-03T00:00:00+00:00
[2026-06-03T12:08:02.196+0000] {processor.py:183} INFO - Processing /home/airflow/.local/lib/python3.8/site-packages/airflow/example_dags/example_short_circuit_operator.py took 0.467 seconds
[2026-06-03T12:08:33.048+0000] {processor.py:161} INFO - Started process (PID=2232) to work on /home/airflow/.local/lib/python3.8/site-packages/airflow/example_dags/example_short_circuit_operator.py
[2026-06-03T12:08:33.049+0000] {processor.py:830} INFO - Processing file /home/airflow/.local/lib/python3.8/site-packages/airflow/example_dags/example_short_circuit_operator.py for tasks to queue
[2026-06-03T12:08:33.054+0000] {logging_mixin.py:188} INFO - [2026-06-03T12:08:33.054+0000] {dagbag.py:538} INFO - Filling up the DagBag from /home/airflow/.local/lib/python3.8/site-packages/airflow/example_dags/example_short_circuit_operator.py
[2026-06-03T12:08:33.060+0000] {processor.py:840} INFO - DAG(s) 'example_short_circuit_operator' retrieved from /home/airflow/.local/lib/python3.8/site-packages/airflow/example_dags/example_short_circuit_operator.py
[2026-06-03T12:08:33.077+0000] {logging_mixin.py:188} INFO - [2026-06-03T12:08:33.077+0000] {dag.py:3033} INFO - Sync 1 DAGs
[2026-06-03T12:08:33.093+0000] {logging_mixin.py:188} INFO - [2026-06-03T12:08:33.093+0000] {dag.py:3820} INFO - Setting next_dagrun for example_short_circuit_operator to 2026-06-02T00:00:00+00:00, run_after=2026-06-03T00:00:00+00:00
[2026-06-03T12:08:33.104+0000] {processor.py:183} INFO - Processing /home/airflow/.local/lib/python3.8/site-packages/airflow/example_dags/example_short_circuit_operator.py took 0.060 seconds
[2026-06-03T12:09:03.286+0000] {processor.py:161} INFO - Started process (PID=2288) to work on /home/airflow/.local/lib/python3.8/site-packages/airflow/example_dags/example_short_circuit_operator.py
[2026-06-03T12:09:03.288+0000] {processor.py:830} INFO - Processing file /home/airflow/.local/lib/python3.8/site-packages/airflow/example_dags/example_short_circuit_operator.py for tasks to queue
[2026-06-03T12:09:03.289+0000] {logging_mixin.py:188} INFO - [2026-06-03T12:09:03.289+0000] {dagbag.py:538} INFO - Filling up the DagBag from /home/airflow/.local/lib/python3.8/site-packages/airflow/example_dags/example_short_circuit_operator.py
[2026-06-03T12:09:03.294+0000] {processor.py:840} INFO - DAG(s) 'example_short_circuit_operator' retrieved from /home/airflow/.local/lib/python3.8/site-packages/airflow/example_dags/example_short_circuit_operator.py
[2026-06-03T12:09:03.308+0000] {logging_mixin.py:188} INFO - [2026-06-03T12:09:03.308+0000] {dag.py:3033} INFO - Sync 1 DAGs
[2026-06-03T12:09:03.322+0000] {logging_mixin.py:188} INFO - [2026-06-03T12:09:03.322+0000] {dag.py:3820} INFO - Setting next_dagrun for example_short_circuit_operator to 2026-06-02T00:00:00+00:00, run_after=2026-06-03T00:00:00+00:00
[2026-06-03T12:09:03.333+0000] {processor.py:183} INFO - Processing /home/airflow/.local/lib/python3.8/site-packages/airflow/example_dags/example_short_circuit_operator.py took 0.050 seconds
[2026-06-03T12:09:33.447+0000] {processor.py:161} INFO - Started process (PID=2344) to work on /home/airflow/.local/lib/python3.8/site-packages/airflow/example_dags/example_short_circuit_operator.py
[2026-06-03T12:09:33.449+0000] {processor.py:830} INFO - Processing file /home/airflow/.local/lib/python3.8/site-packages/airflow/example_dags/example_short_circuit_operator.py for tasks to queue
[2026-06-03T12:09:33.451+0000] {logging_mixin.py:188} INFO - [2026-06-03T12:09:33.451+0000] {dagbag.py:538} INFO - Filling up the DagBag from /home/airflow/.local/lib/python3.8/site-packages/airflow/example_dags/example_short_circuit_operator.py
[2026-06-03T12:09:33.456+0000] {processor.py:840} INFO - DAG(s) 'example_short_circuit_operator' retrieved from /home/airflow/.local/lib/python3.8/site-packages/airflow/example_dags/example_short_circuit_operator.py
[2026-06-03T12:09:33.470+0000] {logging_mixin.py:188} INFO - [2026-06-03T12:09:33.470+0000] {dag.py:3033} INFO - Sync 1 DAGs
[2026-06-03T12:09:33.485+0000] {logging_mixin.py:188} INFO - [2026-06-03T12:09:33.485+0000] {dag.py:3820} INFO - Setting next_dagrun for example_short_circuit_operator to 2026-06-02T00:00:00+00:00, run_after=2026-06-03T00:00:00+00:00
[2026-06-03T12:09:33.499+0000] {processor.py:183} INFO - Processing /home/airflow/.local/lib/python3.8/site-packages/airflow/example_dags/example_short_circuit_operator.py took 0.054 seconds
[2026-06-03T12:10:03.528+0000] {processor.py:161} INFO - Started process (PID=2400) to work on /home/airflow/.local/lib/python3.8/site-packages/airflow/example_dags/example_short_circuit_operator.py
[2026-06-03T12:10:03.530+0000] {processor.py:830} INFO - Processing file /home/airflow/.local/lib/python3.8/site-packages/airflow/example_dags/example_short_circuit_operator.py for tasks to queue
[2026-06-03T12:10:03.531+0000] {logging_mixin.py:188} INFO - [2026-06-03T12:10:03.531+0000] {dagbag.py:538} INFO - Filling up the DagBag from /home/airflow/.local/lib/python3.8/site-packages/airflow/example_dags/example_short_circuit_operator.py
[2026-06-03T12:10:03.535+0000] {processor.py:840} INFO - DAG(s) 'example_short_circuit_operator' retrieved from /home/airflow/.local/lib/python3.8/site-packages/airflow/example_dags/example_short_circuit_operator.py
[2026-06-03T12:10:03.547+0000] {logging_mixin.py:188} INFO - [2026-06-03T12:10:03.547+0000] {dag.py:3033} INFO - Sync 1 DAGs
[2026-06-03T12:10:03.558+0000] {logging_mixin.py:188} INFO - [2026-06-03T12:10:03.558+0000] {dag.py:3820} INFO - Setting next_dagrun for example_short_circuit_operator to 2026-06-02T00:00:00+00:00, run_after=2026-06-03T00:00:00+00:00
[2026-06-03T12:10:03.566+0000] {processor.py:183} INFO - Processing /home/airflow/.local/lib/python3.8/site-packages/airflow/example_dags/example_short_circuit_operator.py took 0.040 seconds
[2026-06-03T12:10:33.786+0000] {processor.py:161} INFO - Started process (PID=2456) to work on /home/airflow/.local/lib/python3.8/site-packages/airflow/example_dags/example_short_circuit_operator.py
[2026-06-03T12:10:33.787+0000] {processor.py:830} INFO - Processing file /home/airflow/.local/lib/python3.8/site-packages/airflow/example_dags/example_short_circuit_operator.py for tasks to queue
[2026-06-03T12:10:33.788+0000] {logging_mixin.py:188} INFO - [2026-06-03T12:10:33.788+0000] {dagbag.py:538} INFO - Filling up the DagBag from /home/airflow/.local/lib/python3.8/site-packages/airflow/example_dags/example_short_circuit_operator.py
[2026-06-03T12:10:33.791+0000] {processor.py:840} INFO - DAG(s) 'example_short_circuit_operator' retrieved from /home/airflow/.local/lib/python3.8/site-packages/airflow/example_dags/example_short_circuit_operator.py
[2026-06-03T12:10:33.804+0000] {logging_mixin.py:188} INFO - [2026-06-03T12:10:33.804+0000] {dag.py:3033} INFO - Sync 1 DAGs
[2026-06-03T12:10:33.813+0000] {logging_mixin.py:188} INFO - [2026-06-03T12:10:33.812+0000] {dag.py:3820} INFO - Setting next_dagrun for example_short_circuit_operator to 2026-06-02T00:00:00+00:00, run_after=2026-06-03T00:00:00+00:00
[2026-06-03T12:10:33.828+0000] {processor.py:183} INFO - Processing /home/airflow/.local/lib/python3.8/site-packages/airflow/example_dags/example_short_circuit_operator.py took 0.043 seconds
[2026-06-03T12:11:03.983+0000] {processor.py:161} INFO - Started process (PID=2512) to work on /home/airflow/.local/lib/python3.8/site-packages/airflow/example_dags/example_short_circuit_operator.py
[2026-06-03T12:11:03.983+0000] {processor.py:830} INFO - Processing file /home/airflow/.local/lib/python3.8/site-packages/airflow/example_dags/example_short_circuit_operator.py for tasks to queue
[2026-06-03T12:11:03.984+0000] {logging_mixin.py:188} INFO - [2026-06-03T12:11:03.984+0000] {dagbag.py:538} INFO - Filling up the DagBag from /home/airflow/.local/lib/python3.8/site-packages/airflow/example_dags/example_short_circuit_operator.py
[2026-06-03T12:11:03.987+0000] {processor.py:840} INFO - DAG(s) 'example_short_circuit_operator' retrieved from /home/airflow/.local/lib/python3.8/site-packages/airflow/example_dags/example_short_circuit_operator.py
[2026-06-03T12:11:04.002+0000] {logging_mixin.py:188} INFO - [2026-06-03T12:11:04.002+0000] {dag.py:3033} INFO - Sync 1 DAGs
[2026-06-03T12:11:04.014+0000] {logging_mixin.py:188} INFO - [2026-06-03T12:11:04.014+0000] {dag.py:3820} INFO - Setting next_dagrun for example_short_circuit_operator to 2026-06-02T00:00:00+00:00, run_after=2026-06-03T00:00:00+00:00
[2026-06-03T12:11:04.026+0000] {processor.py:183} INFO - Processing /home/airflow/.local/lib/python3.8/site-packages/airflow/example_dags/example_short_circuit_operator.py took 0.044 seconds
[2026-06-03T12:11:34.919+0000] {processor.py:161} INFO - Started process (PID=2568) to work on /home/airflow/.local/lib/python3.8/site-packages/airflow/example_dags/example_short_circuit_operator.py
[2026-06-03T12:11:34.919+0000] {processor.py:830} INFO - Processing file /home/airflow/.local/lib/python3.8/site-packages/airflow/example_dags/example_short_circuit_operator.py for tasks to queue
[2026-06-03T12:11:34.920+0000] {logging_mixin.py:188} INFO - [2026-06-03T12:11:34.920+0000] {dagbag.py:538} INFO - Filling up the DagBag from /home/airflow/.local/lib/python3.8/site-packages/airflow/example_dags/example_short_circuit_operator.py
[2026-06-03T12:11:34.923+0000] {processor.py:840} INFO - DAG(s) 'example_short_circuit_operator' retrieved from /home/airflow/.local/lib/python3.8/site-packages/airflow/example_dags/example_short_circuit_operator.py
[2026-06-03T12:11:34.938+0000] {logging_mixin.py:188} INFO - [2026-06-03T12:11:34.938+0000] {dag.py:3033} INFO - Sync 1 DAGs
[2026-06-03T12:11:34.949+0000] {logging_mixin.py:188} INFO - [2026-06-03T12:11:34.949+0000] {dag.py:3820} INFO - Setting next_dagrun for example_short_circuit_operator to 2026-06-02T00:00:00+00:00, run_after=2026-06-03T00:00:00+00:00
[2026-06-03T12:11:34.960+0000] {processor.py:183} INFO - Processing /home/airflow/.local/lib/python3.8/site-packages/airflow/example_dags/example_short_circuit_operator.py took 0.043 seconds
[2026-06-03T12:12:05.916+0000] {processor.py:161} INFO - Started process (PID=2624) to work on /home/airflow/.local/lib/python3.8/site-packages/airflow/example_dags/example_short_circuit_operator.py
[2026-06-03T12:12:05.917+0000] {processor.py:830} INFO - Processing file /home/airflow/.local/lib/python3.8/site-packages/airflow/example_dags/example_short_circuit_operator.py for tasks to queue
[2026-06-03T12:12:05.919+0000] {logging_mixin.py:188} INFO - [2026-06-03T12:12:05.919+0000] {dagbag.py:538} INFO - Filling up the DagBag from /home/airflow/.local/lib/python3.8/site-packages/airflow/example_dags/example_short_circuit_operator.py
[2026-06-03T12:12:05.923+0000] {processor.py:840} INFO - DAG(s) 'example_short_circuit_operator' retrieved from /home/airflow/.local/lib/python3.8/site-packages/airflow/example_dags/example_short_circuit_operator.py
[2026-06-03T12:12:05.938+0000] {logging_mixin.py:188} INFO - [2026-06-03T12:12:05.938+0000] {dag.py:3033} INFO - Sync 1 DAGs
[2026-06-03T12:12:05.948+0000] {logging_mixin.py:188} INFO - [2026-06-03T12:12:05.948+0000] {dag.py:3820} INFO - Setting next_dagrun for example_short_circuit_operator to 2026-06-02T00:00:00+00:00, run_after=2026-06-03T00:00:00+00:00
[2026-06-03T12:12:05.957+0000] {processor.py:183} INFO - Processing /home/airflow/.local/lib/python3.8/site-packages/airflow/example_dags/example_short_circuit_operator.py took 0.042 seconds
[2026-06-03T12:12:36.890+0000] {processor.py:161} INFO - Started process (PID=2680) to work on /home/airflow/.local/lib/python3.8/site-packages/airflow/example_dags/example_short_circuit_operator.py
[2026-06-03T12:12:36.893+0000] {processor.py:830} INFO - Processing file /home/airflow/.local/lib/python3.8/site-packages/airflow/example_dags/example_short_circuit_operator.py for tasks to queue
[2026-06-03T12:12:36.894+0000] {logging_mixin.py:188} INFO - [2026-06-03T12:12:36.894+0000] {dagbag.py:538} INFO - Filling up the DagBag from /home/airflow/.local/lib/python3.8/site-packages/airflow/example_dags/example_short_circuit_operator.py
[2026-06-03T12:12:36.897+0000] {processor.py:840} INFO - DAG(s) 'example_short_circuit_operator' retrieved from /home/airflow/.local/lib/python3.8/site-packages/airflow/example_dags/example_short_circuit_operator.py
[2026-06-03T12:12:36.911+0000] {logging_mixin.py:188} INFO - [2026-06-03T12:12:36.911+0000] {dag.py:3033} INFO - Sync 1 DAGs
[2026-06-03T12:12:36.919+0000] {logging_mixin.py:188} INFO - [2026-06-03T12:12:36.919+0000] {dag.py:3820} INFO - Setting next_dagrun for example_short_circuit_operator to 2026-06-02T00:00:00+00:00, run_after=2026-06-03T00:00:00+00:00
[2026-06-03T12:12:36.931+0000] {processor.py:183} INFO - Processing /home/airflow/.local/lib/python3.8/site-packages/airflow/example_dags/example_short_circuit_operator.py took 0.042 seconds
[2026-06-03T12:13:07.618+0000] {processor.py:161} INFO - Started process (PID=2735) to work on /home/airflow/.local/lib/python3.8/site-packages/airflow/example_dags/example_short_circuit_operator.py
[2026-06-03T12:13:07.620+0000] {processor.py:830} INFO - Processing file /home/airflow/.local/lib/python3.8/site-packages/airflow/example_dags/example_short_circuit_operator.py for tasks to queue
[2026-06-03T12:13:07.621+0000] {logging_mixin.py:188} INFO - [2026-06-03T12:13:07.621+0000] {dagbag.py:538} INFO - Filling up the DagBag from /home/airflow/.local/lib/python3.8/site-packages/airflow/example_dags/example_short_circuit_operator.py
[2026-06-03T12:13:07.625+0000] {processor.py:840} INFO - DAG(s) 'example_short_circuit_operator' retrieved from /home/airflow/.local/lib/python3.8/site-packages/airflow/example_dags/example_short_circuit_operator.py
[2026-06-03T12:13:07.636+0000] {logging_mixin.py:188} INFO - [2026-06-03T12:13:07.636+0000] {dag.py:3033} INFO - Sync 1 DAGs
[2026-06-03T12:13:07.646+0000] {logging_mixin.py:188} INFO - [2026-06-03T12:13:07.646+0000] {dag.py:3820} INFO - Setting next_dagrun for example_short_circuit_operator to 2026-06-02T00:00:00+00:00, run_after=2026-06-03T00:00:00+00:00
[2026-06-03T12:13:07.655+0000] {processor.py:183} INFO - Processing /home/airflow/.local/lib/python3.8/site-packages/airflow/example_dags/example_short_circuit_operator.py took 0.039 seconds
[2026-06-03T12:13:38.456+0000] {processor.py:161} INFO - Started process (PID=2791) to work on /home/airflow/.local/lib/python3.8/site-packages/airflow/example_dags/example_short_circuit_operator.py
[2026-06-03T12:13:38.457+0000] {processor.py:830} INFO - Processing file /home/airflow/.local/lib/python3.8/site-packages/airflow/example_dags/example_short_circuit_operator.py for tasks to queue
[2026-06-03T12:13:38.459+0000] {logging_mixin.py:188} INFO - [2026-06-03T12:13:38.459+0000] {dagbag.py:538} INFO - Filling up the DagBag from /home/airflow/.local/lib/python3.8/site-packages/airflow/example_dags/example_short_circuit_operator.py
[2026-06-03T12:13:38.464+0000] {processor.py:840} INFO - DAG(s) 'example_short_circuit_operator' retrieved from /home/airflow/.local/lib/python3.8/site-packages/airflow/example_dags/example_short_circuit_operator.py
[2026-06-03T12:13:38.483+0000] {logging_mixin.py:188} INFO - [2026-06-03T12:13:38.483+0000] {dag.py:3033} INFO - Sync 1 DAGs
[2026-06-03T12:13:38.504+0000] {logging_mixin.py:188} INFO - [2026-06-03T12:13:38.504+0000] {dag.py:3820} INFO - Setting next_dagrun for example_short_circuit_operator to 2026-06-02T00:00:00+00:00, run_after=2026-06-03T00:00:00+00:00
[2026-06-03T12:13:38.518+0000] {processor.py:183} INFO - Processing /home/airflow/.local/lib/python3.8/site-packages/airflow/example_dags/example_short_circuit_operator.py took 0.066 seconds
[2026-06-03T12:14:08.903+0000] {processor.py:161} INFO - Started process (PID=2847) to work on /home/airflow/.local/lib/python3.8/site-packages/airflow/example_dags/example_short_circuit_operator.py
[2026-06-03T12:14:08.904+0000] {processor.py:830} INFO - Processing file /home/airflow/.local/lib/python3.8/site-packages/airflow/example_dags/example_short_circuit_operator.py for tasks to queue
[2026-06-03T12:14:08.905+0000] {logging_mixin.py:188} INFO - [2026-06-03T12:14:08.905+0000] {dagbag.py:538} INFO - Filling up the DagBag from /home/airflow/.local/lib/python3.8/site-packages/airflow/example_dags/example_short_circuit_operator.py
[2026-06-03T12:14:08.909+0000] {processor.py:840} INFO - DAG(s) 'example_short_circuit_operator' retrieved from /home/airflow/.local/lib/python3.8/site-packages/airflow/example_dags/example_short_circuit_operator.py
[2026-06-03T12:14:08.918+0000] {logging_mixin.py:188} INFO - [2026-06-03T12:14:08.918+0000] {dag.py:3033} INFO - Sync 1 DAGs
[2026-06-03T12:14:08.927+0000] {logging_mixin.py:188} INFO - [2026-06-03T12:14:08.927+0000] {dag.py:3820} INFO - Setting next_dagrun for example_short_circuit_operator to 2026-06-02T00:00:00+00:00, run_after=2026-06-03T00:00:00+00:00
[2026-06-03T12:14:08.936+0000] {processor.py:183} INFO - Processing /home/airflow/.local/lib/python3.8/site-packages/airflow/example_dags/example_short_circuit_operator.py took 0.035 seconds
[2026-06-03T12:14:39.232+0000] {processor.py:161} INFO - Started process (PID=2903) to work on /home/airflow/.local/lib/python3.8/site-packages/airflow/example_dags/example_short_circuit_operator.py
[2026-06-03T12:14:39.233+0000] {processor.py:830} INFO - Processing file /home/airflow/.local/lib/python3.8/site-packages/airflow/example_dags/example_short_circuit_operator.py for tasks to queue
[2026-06-03T12:14:39.233+0000] {logging_mixin.py:188} INFO - [2026-06-03T12:14:39.233+0000] {dagbag.py:538} INFO - Filling up the DagBag from /home/airflow/.local/lib/python3.8/site-packages/airflow/example_dags/example_short_circuit_operator.py
[2026-06-03T12:14:39.236+0000] {processor.py:840} INFO - DAG(s) 'example_short_circuit_operator' retrieved from /home/airflow/.local/lib/python3.8/site-packages/airflow/example_dags/example_short_circuit_operator.py
[2026-06-03T12:14:39.245+0000] {logging_mixin.py:188} INFO - [2026-06-03T12:14:39.244+0000] {dag.py:3033} INFO - Sync 1 DAGs
[2026-06-03T12:14:39.252+0000] {logging_mixin.py:188} INFO - [2026-06-03T12:14:39.252+0000] {dag.py:3820} INFO - Setting next_dagrun for example_short_circuit_operator to 2026-06-02T00:00:00+00:00, run_after=2026-06-03T00:00:00+00:00
[2026-06-03T12:14:39.258+0000] {processor.py:183} INFO - Processing /home/airflow/.local/lib/python3.8/site-packages/airflow/example_dags/example_short_circuit_operator.py took 0.027 seconds
[2026-06-03T12:15:09.605+0000] {processor.py:161} INFO - Started process (PID=2959) to work on /home/airflow/.local/lib/python3.8/site-packages/airflow/example_dags/example_short_circuit_operator.py
[2026-06-03T12:15:09.606+0000] {processor.py:830} INFO - Processing file /home/airflow/.local/lib/python3.8/site-packages/airflow/example_dags/example_short_circuit_operator.py for tasks to queue
[2026-06-03T12:15:09.608+0000] {logging_mixin.py:188} INFO - [2026-06-03T12:15:09.608+0000] {dagbag.py:538} INFO - Filling up the DagBag from /home/airflow/.local/lib/python3.8/site-packages/airflow/example_dags/example_short_circuit_operator.py
[2026-06-03T12:15:09.614+0000] {processor.py:840} INFO - DAG(s) 'example_short_circuit_operator' retrieved from /home/airflow/.local/lib/python3.8/site-packages/airflow/example_dags/example_short_circuit_operator.py
[2026-06-03T12:15:09.652+0000] {logging_mixin.py:188} INFO - [2026-06-03T12:15:09.650+0000] {dag.py:3033} INFO - Sync 1 DAGs
[2026-06-03T12:15:09.675+0000] {logging_mixin.py:188} INFO - [2026-06-03T12:15:09.675+0000] {dag.py:3820} INFO - Setting next_dagrun for example_short_circuit_operator to 2026-06-02T00:00:00+00:00, run_after=2026-06-03T00:00:00+00:00
[2026-06-03T12:15:09.687+0000] {processor.py:183} INFO - Processing /home/airflow/.local/lib/python3.8/site-packages/airflow/example_dags/example_short_circuit_operator.py took 0.087 seconds
[2026-06-03T12:15:40.128+0000] {processor.py:161} INFO - Started process (PID=3015) to work on /home/airflow/.local/lib/python3.8/site-packages/airflow/example_dags/example_short_circuit_operator.py
[2026-06-03T12:15:40.130+0000] {processor.py:830} INFO - Processing file /home/airflow/.local/lib/python3.8/site-packages/airflow/example_dags/example_short_circuit_operator.py for tasks to queue
[2026-06-03T12:15:40.132+0000] {logging_mixin.py:188} INFO - [2026-06-03T12:15:40.132+0000] {dagbag.py:538} INFO - Filling up the DagBag from /home/airflow/.local/lib/python3.8/site-packages/airflow/example_dags/example_short_circuit_operator.py
[2026-06-03T12:15:40.136+0000] {processor.py:840} INFO - DAG(s) 'example_short_circuit_operator' retrieved from /home/airflow/.local/lib/python3.8/site-packages/airflow/example_dags/example_short_circuit_operator.py
[2026-06-03T12:15:40.158+0000] {logging_mixin.py:188} INFO - [2026-06-03T12:15:40.158+0000] {dag.py:3033} INFO - Sync 1 DAGs
[2026-06-03T12:15:40.175+0000] {logging_mixin.py:188} INFO - [2026-06-03T12:15:40.175+0000] {dag.py:3820} INFO - Setting next_dagrun for example_short_circuit_operator to 2026-06-02T00:00:00+00:00, run_after=2026-06-03T00:00:00+00:00
[2026-06-03T12:15:40.188+0000] {processor.py:183} INFO - Processing /home/airflow/.local/lib/python3.8/site-packages/airflow/example_dags/example_short_circuit_operator.py took 0.062 seconds
[2026-06-03T12:16:10.926+0000] {processor.py:161} INFO - Started process (PID=3071) to work on /home/airflow/.local/lib/python3.8/site-packages/airflow/example_dags/example_short_circuit_operator.py
[2026-06-03T12:16:10.927+0000] {processor.py:830} INFO - Processing file /home/airflow/.local/lib/python3.8/site-packages/airflow/example_dags/example_short_circuit_operator.py for tasks to queue
[2026-06-03T12:16:10.928+0000] {logging_mixin.py:188} INFO - [2026-06-03T12:16:10.928+0000] {dagbag.py:538} INFO - Filling up the DagBag from /home/airflow/.local/lib/python3.8/site-packages/airflow/example_dags/example_short_circuit_operator.py
[2026-06-03T12:16:10.931+0000] {processor.py:840} INFO - DAG(s) 'example_short_circuit_operator' retrieved from /home/airflow/.local/lib/python3.8/site-packages/airflow/example_dags/example_short_circuit_operator.py
[2026-06-03T12:16:10.940+0000] {logging_mixin.py:188} INFO - [2026-06-03T12:16:10.940+0000] {dag.py:3033} INFO - Sync 1 DAGs
[2026-06-03T12:16:10.949+0000] {logging_mixin.py:188} INFO - [2026-06-03T12:16:10.949+0000] {dag.py:3820} INFO - Setting next_dagrun for example_short_circuit_operator to 2026-06-02T00:00:00+00:00, run_after=2026-06-03T00:00:00+00:00
[2026-06-03T12:16:10.963+0000] {processor.py:183} INFO - Processing /home/airflow/.local/lib/python3.8/site-packages/airflow/example_dags/example_short_circuit_operator.py took 0.038 seconds
[2026-06-03T12:16:41.286+0000] {processor.py:161} INFO - Started process (PID=3127) to work on /home/airflow/.local/lib/python3.8/site-packages/airflow/example_dags/example_short_circuit_operator.py
[2026-06-03T12:16:41.288+0000] {processor.py:830} INFO - Processing file /home/airflow/.local/lib/python3.8/site-packages/airflow/example_dags/example_short_circuit_operator.py for tasks to queue
[2026-06-03T12:16:41.289+0000] {logging_mixin.py:188} INFO - [2026-06-03T12:16:41.289+0000] {dagbag.py:538} INFO - Filling up the DagBag from /home/airflow/.local/lib/python3.8/site-packages/airflow/example_dags/example_short_circuit_operator.py
[2026-06-03T12:16:41.292+0000] {processor.py:840} INFO - DAG(s) 'example_short_circuit_operator' retrieved from /home/airflow/.local/lib/python3.8/site-packages/airflow/example_dags/example_short_circuit_operator.py
[2026-06-03T12:16:41.303+0000] {logging_mixin.py:188} INFO - [2026-06-03T12:16:41.303+0000] {dag.py:3033} INFO - Sync 1 DAGs
[2026-06-03T12:16:41.313+0000] {logging_mixin.py:188} INFO - [2026-06-03T12:16:41.313+0000] {dag.py:3820} INFO - Setting next_dagrun for example_short_circuit_operator to 2026-06-02T00:00:00+00:00, run_after=2026-06-03T00:00:00+00:00
[2026-06-03T12:16:41.324+0000] {processor.py:183} INFO - Processing /home/airflow/.local/lib/python3.8/site-packages/airflow/example_dags/example_short_circuit_operator.py took 0.040 seconds
[2026-06-03T12:17:12.110+0000] {processor.py:161} INFO - Started process (PID=3183) to work on /home/airflow/.local/lib/python3.8/site-packages/airflow/example_dags/example_short_circuit_operator.py
[2026-06-03T12:17:12.111+0000] {processor.py:830} INFO - Processing file /home/airflow/.local/lib/python3.8/site-packages/airflow/example_dags/example_short_circuit_operator.py for tasks to queue
[2026-06-03T12:17:12.113+0000] {logging_mixin.py:188} INFO - [2026-06-03T12:17:12.112+0000] {dagbag.py:538} INFO - Filling up the DagBag from /home/airflow/.local/lib/python3.8/site-packages/airflow/example_dags/example_short_circuit_operator.py
[2026-06-03T12:17:12.117+0000] {processor.py:840} INFO - DAG(s) 'example_short_circuit_operator' retrieved from /home/airflow/.local/lib/python3.8/site-packages/airflow/example_dags/example_short_circuit_operator.py
[2026-06-03T12:17:12.131+0000] {logging_mixin.py:188} INFO - [2026-06-03T12:17:12.131+0000] {dag.py:3033} INFO - Sync 1 DAGs
[2026-06-03T12:17:12.165+0000] {logging_mixin.py:188} INFO - [2026-06-03T12:17:12.164+0000] {dag.py:3820} INFO - Setting next_dagrun for example_short_circuit_operator to 2026-06-02T00:00:00+00:00, run_after=2026-06-03T00:00:00+00:00
[2026-06-03T12:17:12.216+0000] {processor.py:183} INFO - Processing /home/airflow/.local/lib/python3.8/site-packages/airflow/example_dags/example_short_circuit_operator.py took 0.108 seconds
[2026-06-03T12:17:42.844+0000] {processor.py:161} INFO - Started process (PID=3238) to work on /home/airflow/.local/lib/python3.8/site-packages/airflow/example_dags/example_short_circuit_operator.py
[2026-06-03T12:17:42.844+0000] {processor.py:830} INFO - Processing file /home/airflow/.local/lib/python3.8/site-packages/airflow/example_dags/example_short_circuit_operator.py for tasks to queue
[2026-06-03T12:17:42.845+0000] {logging_mixin.py:188} INFO - [2026-06-03T12:17:42.845+0000] {dagbag.py:538} INFO - Filling up the DagBag from /home/airflow/.local/lib/python3.8/site-packages/airflow/example_dags/example_short_circuit_operator.py
[2026-06-03T12:17:42.849+0000] {processor.py:840} INFO - DAG(s) 'example_short_circuit_operator' retrieved from /home/airflow/.local/lib/python3.8/site-packages/airflow/example_dags/example_short_circuit_operator.py
[2026-06-03T12:17:42.860+0000] {logging_mixin.py:188} INFO - [2026-06-03T12:17:42.860+0000] {dag.py:3033} INFO - Sync 1 DAGs
[2026-06-03T12:17:42.869+0000] {logging_mixin.py:188} INFO - [2026-06-03T12:17:42.869+0000] {dag.py:3820} INFO - Setting next_dagrun for example_short_circuit_operator to 2026-06-02T00:00:00+00:00, run_after=2026-06-03T00:00:00+00:00
[2026-06-03T12:17:42.875+0000] {processor.py:183} INFO - Processing /home/airflow/.local/lib/python3.8/site-packages/airflow/example_dags/example_short_circuit_operator.py took 0.034 seconds
[2026-06-03T12:18:13.317+0000] {processor.py:161} INFO - Started process (PID=3294) to work on /home/airflow/.local/lib/python3.8/site-packages/airflow/example_dags/example_short_circuit_operator.py
[2026-06-03T12:18:13.318+0000] {processor.py:830} INFO - Processing file /home/airflow/.local/lib/python3.8/site-packages/airflow/example_dags/example_short_circuit_operator.py for tasks to queue
[2026-06-03T12:18:13.319+0000] {logging_mixin.py:188} INFO - [2026-06-03T12:18:13.319+0000] {dagbag.py:538} INFO - Filling up the DagBag from /home/airflow/.local/lib/python3.8/site-packages/airflow/example_dags/example_short_circuit_operator.py
[2026-06-03T12:18:13.329+0000] {processor.py:840} INFO - DAG(s) 'example_short_circuit_operator' retrieved from /home/airflow/.local/lib/python3.8/site-packages/airflow/example_dags/example_short_circuit_operator.py
[2026-06-03T12:18:13.362+0000] {logging_mixin.py:188} INFO - [2026-06-03T12:18:13.362+0000] {dag.py:3033} INFO - Sync 1 DAGs
[2026-06-03T12:18:13.382+0000] {logging_mixin.py:188} INFO - [2026-06-03T12:18:13.382+0000] {dag.py:3820} INFO - Setting next_dagrun for example_short_circuit_operator to 2026-06-02T00:00:00+00:00, run_after=2026-06-03T00:00:00+00:00
[2026-06-03T12:18:13.393+0000] {processor.py:183} INFO - Processing /home/airflow/.local/lib/python3.8/site-packages/airflow/example_dags/example_short_circuit_operator.py took 0.079 seconds
[2026-06-03T12:18:45.159+0000] {processor.py:161} INFO - Started process (PID=3350) to work on /home/airflow/.local/lib/python3.8/site-packages/airflow/example_dags/example_short_circuit_operator.py
[2026-06-03T12:18:45.163+0000] {processor.py:830} INFO - Processing file /home/airflow/.local/lib/python3.8/site-packages/airflow/example_dags/example_short_circuit_operator.py for tasks to queue
[2026-06-03T12:18:45.167+0000] {logging_mixin.py:188} INFO - [2026-06-03T12:18:45.166+0000] {dagbag.py:538} INFO - Filling up the DagBag from /home/airflow/.local/lib/python3.8/site-packages/airflow/example_dags/example_short_circuit_operator.py
[2026-06-03T12:18:45.174+0000] {processor.py:840} INFO - DAG(s) 'example_short_circuit_operator' retrieved from /home/airflow/.local/lib/python3.8/site-packages/airflow/example_dags/example_short_circuit_operator.py
[2026-06-03T12:18:45.249+0000] {logging_mixin.py:188} INFO - [2026-06-03T12:18:45.249+0000] {dag.py:3033} INFO - Sync 1 DAGs
[2026-06-03T12:18:45.299+0000] {logging_mixin.py:188} INFO - [2026-06-03T12:18:45.298+0000] {dag.py:3820} INFO - Setting next_dagrun for example_short_circuit_operator to 2026-06-02T00:00:00+00:00, run_after=2026-06-03T00:00:00+00:00
[2026-06-03T12:18:45.321+0000] {processor.py:183} INFO - Processing /home/airflow/.local/lib/python3.8/site-packages/airflow/example_dags/example_short_circuit_operator.py took 0.165 seconds
[2026-06-03T12:19:15.515+0000] {processor.py:161} INFO - Started process (PID=3405) to work on /home/airflow/.local/lib/python3.8/site-packages/airflow/example_dags/example_short_circuit_operator.py
[2026-06-03T12:19:15.516+0000] {processor.py:830} INFO - Processing file /home/airflow/.local/lib/python3.8/site-packages/airflow/example_dags/example_short_circuit_operator.py for tasks to queue
[2026-06-03T12:19:15.517+0000] {logging_mixin.py:188} INFO - [2026-06-03T12:19:15.516+0000] {dagbag.py:538} INFO - Filling up the DagBag from /home/airflow/.local/lib/python3.8/site-packages/airflow/example_dags/example_short_circuit_operator.py
[2026-06-03T12:19:15.521+0000] {processor.py:840} INFO - DAG(s) 'example_short_circuit_operator' retrieved from /home/airflow/.local/lib/python3.8/site-packages/airflow/example_dags/example_short_circuit_operator.py
[2026-06-03T12:19:15.532+0000] {logging_mixin.py:188} INFO - [2026-06-03T12:19:15.532+0000] {dag.py:3033} INFO - Sync 1 DAGs
[2026-06-03T12:19:15.540+0000] {logging_mixin.py:188} INFO - [2026-06-03T12:19:15.540+0000] {dag.py:3820} INFO - Setting next_dagrun for example_short_circuit_operator to 2026-06-02T00:00:00+00:00, run_after=2026-06-03T00:00:00+00:00
[2026-06-03T12:19:15.554+0000] {processor.py:183} INFO - Processing /home/airflow/.local/lib/python3.8/site-packages/airflow/example_dags/example_short_circuit_operator.py took 0.041 seconds
[2026-06-03T12:19:46.493+0000] {processor.py:161} INFO - Started process (PID=3463) to work on /home/airflow/.local/lib/python3.8/site-packages/airflow/example_dags/example_short_circuit_operator.py
[2026-06-03T12:19:46.494+0000] {processor.py:830} INFO - Processing file /home/airflow/.local/lib/python3.8/site-packages/airflow/example_dags/example_short_circuit_operator.py for tasks to queue
[2026-06-03T12:19:46.496+0000] {logging_mixin.py:188} INFO - [2026-06-03T12:19:46.495+0000] {dagbag.py:538} INFO - Filling up the DagBag from /home/airflow/.local/lib/python3.8/site-packages/airflow/example_dags/example_short_circuit_operator.py
[2026-06-03T12:19:46.499+0000] {processor.py:840} INFO - DAG(s) 'example_short_circuit_operator' retrieved from /home/airflow/.local/lib/python3.8/site-packages/airflow/example_dags/example_short_circuit_operator.py
[2026-06-03T12:19:46.510+0000] {logging_mixin.py:188} INFO - [2026-06-03T12:19:46.510+0000] {dag.py:3033} INFO - Sync 1 DAGs
[2026-06-03T12:19:46.520+0000] {logging_mixin.py:188} INFO - [2026-06-03T12:19:46.520+0000] {dag.py:3820} INFO - Setting next_dagrun for example_short_circuit_operator to 2026-06-02T00:00:00+00:00, run_after=2026-06-03T00:00:00+00:00
[2026-06-03T12:19:46.529+0000] {processor.py:183} INFO - Processing /home/airflow/.local/lib/python3.8/site-packages/airflow/example_dags/example_short_circuit_operator.py took 0.038 seconds
[2026-06-03T12:20:16.561+0000] {processor.py:161} INFO - Started process (PID=3519) to work on /home/airflow/.local/lib/python3.8/site-packages/airflow/example_dags/example_short_circuit_operator.py
[2026-06-03T12:20:16.561+0000] {processor.py:830} INFO - Processing file /home/airflow/.local/lib/python3.8/site-packages/airflow/example_dags/example_short_circuit_operator.py for tasks to queue
[2026-06-03T12:20:16.562+0000] {logging_mixin.py:188} INFO - [2026-06-03T12:20:16.562+0000] {dagbag.py:538} INFO - Filling up the DagBag from /home/airflow/.local/lib/python3.8/site-packages/airflow/example_dags/example_short_circuit_operator.py
[2026-06-03T12:20:16.566+0000] {processor.py:840} INFO - DAG(s) 'example_short_circuit_operator' retrieved from /home/airflow/.local/lib/python3.8/site-packages/airflow/example_dags/example_short_circuit_operator.py
[2026-06-03T12:20:16.579+0000] {logging_mixin.py:188} INFO - [2026-06-03T12:20:16.579+0000] {dag.py:3033} INFO - Sync 1 DAGs
[2026-06-03T12:20:16.588+0000] {logging_mixin.py:188} INFO - [2026-06-03T12:20:16.588+0000] {dag.py:3820} INFO - Setting next_dagrun for example_short_circuit_operator to 2026-06-02T00:00:00+00:00, run_after=2026-06-03T00:00:00+00:00
[2026-06-03T12:20:16.598+0000] {processor.py:183} INFO - Processing /home/airflow/.local/lib/python3.8/site-packages/airflow/example_dags/example_short_circuit_operator.py took 0.038 seconds
[2026-06-03T12:20:46.782+0000] {processor.py:161} INFO - Started process (PID=3576) to work on /home/airflow/.local/lib/python3.8/site-packages/airflow/example_dags/example_short_circuit_operator.py
[2026-06-03T12:20:46.784+0000] {processor.py:830} INFO - Processing file /home/airflow/.local/lib/python3.8/site-packages/airflow/example_dags/example_short_circuit_operator.py for tasks to queue
[2026-06-03T12:20:46.785+0000] {logging_mixin.py:188} INFO - [2026-06-03T12:20:46.785+0000] {dagbag.py:538} INFO - Filling up the DagBag from /home/airflow/.local/lib/python3.8/site-packages/airflow/example_dags/example_short_circuit_operator.py
[2026-06-03T12:20:46.789+0000] {processor.py:840} INFO - DAG(s) 'example_short_circuit_operator' retrieved from /home/airflow/.local/lib/python3.8/site-packages/airflow/example_dags/example_short_circuit_operator.py
[2026-06-03T12:20:46.798+0000] {logging_mixin.py:188} INFO - [2026-06-03T12:20:46.798+0000] {dag.py:3033} INFO - Sync 1 DAGs
[2026-06-03T12:20:46.808+0000] {logging_mixin.py:188} INFO - [2026-06-03T12:20:46.808+0000] {dag.py:3820} INFO - Setting next_dagrun for example_short_circuit_operator to 2026-06-02T00:00:00+00:00, run_after=2026-06-03T00:00:00+00:00
[2026-06-03T12:20:46.820+0000] {processor.py:183} INFO - Processing /home/airflow/.local/lib/python3.8/site-packages/airflow/example_dags/example_short_circuit_operator.py took 0.041 seconds
[2026-06-03T12:21:17.204+0000] {processor.py:161} INFO - Started process (PID=3632) to work on /home/airflow/.local/lib/python3.8/site-packages/airflow/example_dags/example_short_circuit_operator.py
[2026-06-03T12:21:17.206+0000] {processor.py:830} INFO - Processing file /home/airflow/.local/lib/python3.8/site-packages/airflow/example_dags/example_short_circuit_operator.py for tasks to queue
[2026-06-03T12:21:17.207+0000] {logging_mixin.py:188} INFO - [2026-06-03T12:21:17.207+0000] {dagbag.py:538} INFO - Filling up the DagBag from /home/airflow/.local/lib/python3.8/site-packages/airflow/example_dags/example_short_circuit_operator.py
[2026-06-03T12:21:17.212+0000] {processor.py:840} INFO - DAG(s) 'example_short_circuit_operator' retrieved from /home/airflow/.local/lib/python3.8/site-packages/airflow/example_dags/example_short_circuit_operator.py
[2026-06-03T12:21:17.228+0000] {logging_mixin.py:188} INFO - [2026-06-03T12:21:17.228+0000] {dag.py:3033} INFO - Sync 1 DAGs
[2026-06-03T12:21:17.237+0000] {logging_mixin.py:188} INFO - [2026-06-03T12:21:17.237+0000] {dag.py:3820} INFO - Setting next_dagrun for example_short_circuit_operator to 2026-06-02T00:00:00+00:00, run_after=2026-06-03T00:00:00+00:00
[2026-06-03T12:21:17.248+0000] {processor.py:183} INFO - Processing /home/airflow/.local/lib/python3.8/site-packages/airflow/example_dags/example_short_circuit_operator.py took 0.045 seconds
[2026-06-03T12:21:47.860+0000] {processor.py:161} INFO - Started process (PID=3688) to work on /home/airflow/.local/lib/python3.8/site-packages/airflow/example_dags/example_short_circuit_operator.py
[2026-06-03T12:21:47.864+0000] {processor.py:830} INFO - Processing file /home/airflow/.local/lib/python3.8/site-packages/airflow/example_dags/example_short_circuit_operator.py for tasks to queue
[2026-06-03T12:21:47.865+0000] {logging_mixin.py:188} INFO - [2026-06-03T12:21:47.865+0000] {dagbag.py:538} INFO - Filling up the DagBag from /home/airflow/.local/lib/python3.8/site-packages/airflow/example_dags/example_short_circuit_operator.py
[2026-06-03T12:21:47.868+0000] {processor.py:840} INFO - DAG(s) 'example_short_circuit_operator' retrieved from /home/airflow/.local/lib/python3.8/site-packages/airflow/example_dags/example_short_circuit_operator.py
[2026-06-03T12:21:47.879+0000] {logging_mixin.py:188} INFO - [2026-06-03T12:21:47.879+0000] {dag.py:3033} INFO - Sync 1 DAGs
[2026-06-03T12:21:47.891+0000] {logging_mixin.py:188} INFO - [2026-06-03T12:21:47.890+0000] {dag.py:3820} INFO - Setting next_dagrun for example_short_circuit_operator to 2026-06-02T00:00:00+00:00, run_after=2026-06-03T00:00:00+00:00
[2026-06-03T12:21:47.902+0000] {processor.py:183} INFO - Processing /home/airflow/.local/lib/python3.8/site-packages/airflow/example_dags/example_short_circuit_operator.py took 0.043 seconds
[2026-06-03T12:22:18.682+0000] {processor.py:161} INFO - Started process (PID=3744) to work on /home/airflow/.local/lib/python3.8/site-packages/airflow/example_dags/example_short_circuit_operator.py
[2026-06-03T12:22:18.683+0000] {processor.py:830} INFO - Processing file /home/airflow/.local/lib/python3.8/site-packages/airflow/example_dags/example_short_circuit_operator.py for tasks to queue
[2026-06-03T12:22:18.685+0000] {logging_mixin.py:188} INFO - [2026-06-03T12:22:18.684+0000] {dagbag.py:538} INFO - Filling up the DagBag from /home/airflow/.local/lib/python3.8/site-packages/airflow/example_dags/example_short_circuit_operator.py
[2026-06-03T12:22:18.690+0000] {processor.py:840} INFO - DAG(s) 'example_short_circuit_operator' retrieved from /home/airflow/.local/lib/python3.8/site-packages/airflow/example_dags/example_short_circuit_operator.py
[2026-06-03T12:22:18.703+0000] {logging_mixin.py:188} INFO - [2026-06-03T12:22:18.703+0000] {dag.py:3033} INFO - Sync 1 DAGs
[2026-06-03T12:22:18.715+0000] {logging_mixin.py:188} INFO - [2026-06-03T12:22:18.715+0000] {dag.py:3820} INFO - Setting next_dagrun for example_short_circuit_operator to 2026-06-02T00:00:00+00:00, run_after=2026-06-03T00:00:00+00:00
[2026-06-03T12:22:18.724+0000] {processor.py:183} INFO - Processing /home/airflow/.local/lib/python3.8/site-packages/airflow/example_dags/example_short_circuit_operator.py took 0.046 seconds
[2026-06-03T12:22:49.673+0000] {processor.py:161} INFO - Started process (PID=3806) to work on /home/airflow/.local/lib/python3.8/site-packages/airflow/example_dags/example_short_circuit_operator.py
[2026-06-03T12:22:49.674+0000] {processor.py:830} INFO - Processing file /home/airflow/.local/lib/python3.8/site-packages/airflow/example_dags/example_short_circuit_operator.py for tasks to queue
[2026-06-03T12:22:49.675+0000] {logging_mixin.py:188} INFO - [2026-06-03T12:22:49.675+0000] {dagbag.py:538} INFO - Filling up the DagBag from /home/airflow/.local/lib/python3.8/site-packages/airflow/example_dags/example_short_circuit_operator.py
[2026-06-03T12:22:49.679+0000] {processor.py:840} INFO - DAG(s) 'example_short_circuit_operator' retrieved from /home/airflow/.local/lib/python3.8/site-packages/airflow/example_dags/example_short_circuit_operator.py
[2026-06-03T12:22:49.701+0000] {logging_mixin.py:188} INFO - [2026-06-03T12:22:49.701+0000] {dag.py:3033} INFO - Sync 1 DAGs
[2026-06-03T12:22:49.712+0000] {logging_mixin.py:188} INFO - [2026-06-03T12:22:49.712+0000] {dag.py:3820} INFO - Setting next_dagrun for example_short_circuit_operator to 2026-06-02T00:00:00+00:00, run_after=2026-06-03T00:00:00+00:00
[2026-06-03T12:22:49.721+0000] {processor.py:183} INFO - Processing /home/airflow/.local/lib/python3.8/site-packages/airflow/example_dags/example_short_circuit_operator.py took 0.052 seconds
[2026-06-03T12:23:20.042+0000] {processor.py:161} INFO - Started process (PID=3862) to work on /home/airflow/.local/lib/python3.8/site-packages/airflow/example_dags/example_short_circuit_operator.py
[2026-06-03T12:23:20.042+0000] {processor.py:830} INFO - Processing file /home/airflow/.local/lib/python3.8/site-packages/airflow/example_dags/example_short_circuit_operator.py for tasks to queue
[2026-06-03T12:23:20.044+0000] {logging_mixin.py:188} INFO - [2026-06-03T12:23:20.044+0000] {dagbag.py:538} INFO - Filling up the DagBag from /home/airflow/.local/lib/python3.8/site-packages/airflow/example_dags/example_short_circuit_operator.py
[2026-06-03T12:23:20.050+0000] {processor.py:840} INFO - DAG(s) 'example_short_circuit_operator' retrieved from /home/airflow/.local/lib/python3.8/site-packages/airflow/example_dags/example_short_circuit_operator.py
[2026-06-03T12:23:20.068+0000] {logging_mixin.py:188} INFO - [2026-06-03T12:23:20.067+0000] {dag.py:3033} INFO - Sync 1 DAGs
[2026-06-03T12:23:20.080+0000] {logging_mixin.py:188} INFO - [2026-06-03T12:23:20.080+0000] {dag.py:3820} INFO - Setting next_dagrun for example_short_circuit_operator to 2026-06-02T00:00:00+00:00, run_after=2026-06-03T00:00:00+00:00
[2026-06-03T12:23:20.093+0000] {processor.py:183} INFO - Processing /home/airflow/.local/lib/python3.8/site-packages/airflow/example_dags/example_short_circuit_operator.py took 0.054 seconds
[2026-06-03T12:23:50.378+0000] {processor.py:161} INFO - Started process (PID=3918) to work on /home/airflow/.local/lib/python3.8/site-packages/airflow/example_dags/example_short_circuit_operator.py
[2026-06-03T12:23:50.380+0000] {processor.py:830} INFO - Processing file /home/airflow/.local/lib/python3.8/site-packages/airflow/example_dags/example_short_circuit_operator.py for tasks to queue
[2026-06-03T12:23:50.381+0000] {logging_mixin.py:188} INFO - [2026-06-03T12:23:50.381+0000] {dagbag.py:538} INFO - Filling up the DagBag from /home/airflow/.local/lib/python3.8/site-packages/airflow/example_dags/example_short_circuit_operator.py
[2026-06-03T12:23:50.385+0000] {processor.py:840} INFO - DAG(s) 'example_short_circuit_operator' retrieved from /home/airflow/.local/lib/python3.8/site-packages/airflow/example_dags/example_short_circuit_operator.py
[2026-06-03T12:23:50.395+0000] {logging_mixin.py:188} INFO - [2026-06-03T12:23:50.395+0000] {dag.py:3033} INFO - Sync 1 DAGs
[2026-06-03T12:23:50.404+0000] {logging_mixin.py:188} INFO - [2026-06-03T12:23:50.404+0000] {dag.py:3820} INFO - Setting next_dagrun for example_short_circuit_operator to 2026-06-02T00:00:00+00:00, run_after=2026-06-03T00:00:00+00:00
[2026-06-03T12:23:50.417+0000] {processor.py:183} INFO - Processing /home/airflow/.local/lib/python3.8/site-packages/airflow/example_dags/example_short_circuit_operator.py took 0.040 seconds
[2026-06-03T12:24:21.318+0000] {processor.py:161} INFO - Started process (PID=3974) to work on /home/airflow/.local/lib/python3.8/site-packages/airflow/example_dags/example_short_circuit_operator.py
[2026-06-03T12:24:21.319+0000] {processor.py:830} INFO - Processing file /home/airflow/.local/lib/python3.8/site-packages/airflow/example_dags/example_short_circuit_operator.py for tasks to queue
[2026-06-03T12:24:21.320+0000] {logging_mixin.py:188} INFO - [2026-06-03T12:24:21.320+0000] {dagbag.py:538} INFO - Filling up the DagBag from /home/airflow/.local/lib/python3.8/site-packages/airflow/example_dags/example_short_circuit_operator.py
[2026-06-03T12:24:21.327+0000] {processor.py:840} INFO - DAG(s) 'example_short_circuit_operator' retrieved from /home/airflow/.local/lib/python3.8/site-packages/airflow/example_dags/example_short_circuit_operator.py
[2026-06-03T12:24:21.376+0000] {logging_mixin.py:188} INFO - [2026-06-03T12:24:21.376+0000] {dag.py:3033} INFO - Sync 1 DAGs
[2026-06-03T12:24:21.395+0000] {logging_mixin.py:188} INFO - [2026-06-03T12:24:21.395+0000] {dag.py:3820} INFO - Setting next_dagrun for example_short_circuit_operator to 2026-06-02T00:00:00+00:00, run_after=2026-06-03T00:00:00+00:00
[2026-06-03T12:24:21.407+0000] {processor.py:183} INFO - Processing /home/airflow/.local/lib/python3.8/site-packages/airflow/example_dags/example_short_circuit_operator.py took 0.091 seconds
[2026-06-03T12:24:51.874+0000] {processor.py:161} INFO - Started process (PID=4030) to work on /home/airflow/.local/lib/python3.8/site-packages/airflow/example_dags/example_short_circuit_operator.py
[2026-06-03T12:24:51.877+0000] {processor.py:830} INFO - Processing file /home/airflow/.local/lib/python3.8/site-packages/airflow/example_dags/example_short_circuit_operator.py for tasks to queue
[2026-06-03T12:24:51.878+0000] {logging_mixin.py:188} INFO - [2026-06-03T12:24:51.878+0000] {dagbag.py:538} INFO - Filling up the DagBag from /home/airflow/.local/lib/python3.8/site-packages/airflow/example_dags/example_short_circuit_operator.py
[2026-06-03T12:24:51.881+0000] {processor.py:840} INFO - DAG(s) 'example_short_circuit_operator' retrieved from /home/airflow/.local/lib/python3.8/site-packages/airflow/example_dags/example_short_circuit_operator.py
[2026-06-03T12:24:51.894+0000] {logging_mixin.py:188} INFO - [2026-06-03T12:24:51.894+0000] {dag.py:3033} INFO - Sync 1 DAGs
[2026-06-03T12:24:51.904+0000] {logging_mixin.py:188} INFO - [2026-06-03T12:24:51.904+0000] {dag.py:3820} INFO - Setting next_dagrun for example_short_circuit_operator to 2026-06-02T00:00:00+00:00, run_after=2026-06-03T00:00:00+00:00
[2026-06-03T12:24:51.914+0000] {processor.py:183} INFO - Processing /home/airflow/.local/lib/python3.8/site-packages/airflow/example_dags/example_short_circuit_operator.py took 0.042 seconds
[2026-06-03T12:25:22.296+0000] {processor.py:161} INFO - Started process (PID=4086) to work on /home/airflow/.local/lib/python3.8/site-packages/airflow/example_dags/example_short_circuit_operator.py
[2026-06-03T12:25:22.298+0000] {processor.py:830} INFO - Processing file /home/airflow/.local/lib/python3.8/site-packages/airflow/example_dags/example_short_circuit_operator.py for tasks to queue
[2026-06-03T12:25:22.300+0000] {logging_mixin.py:188} INFO - [2026-06-03T12:25:22.300+0000] {dagbag.py:538} INFO - Filling up the DagBag from /home/airflow/.local/lib/python3.8/site-packages/airflow/example_dags/example_short_circuit_operator.py
[2026-06-03T12:25:22.303+0000] {processor.py:840} INFO - DAG(s) 'example_short_circuit_operator' retrieved from /home/airflow/.local/lib/python3.8/site-packages/airflow/example_dags/example_short_circuit_operator.py
[2026-06-03T12:25:22.315+0000] {logging_mixin.py:188} INFO - [2026-06-03T12:25:22.315+0000] {dag.py:3033} INFO - Sync 1 DAGs
[2026-06-03T12:25:22.326+0000] {logging_mixin.py:188} INFO - [2026-06-03T12:25:22.326+0000] {dag.py:3820} INFO - Setting next_dagrun for example_short_circuit_operator to 2026-06-02T00:00:00+00:00, run_after=2026-06-03T00:00:00+00:00
[2026-06-03T12:25:22.336+0000] {processor.py:183} INFO - Processing /home/airflow/.local/lib/python3.8/site-packages/airflow/example_dags/example_short_circuit_operator.py took 0.041 seconds
[2026-06-03T12:25:52.562+0000] {processor.py:161} INFO - Started process (PID=4142) to work on /home/airflow/.local/lib/python3.8/site-packages/airflow/example_dags/example_short_circuit_operator.py
[2026-06-03T12:25:52.564+0000] {processor.py:830} INFO - Processing file /home/airflow/.local/lib/python3.8/site-packages/airflow/example_dags/example_short_circuit_operator.py for tasks to queue
[2026-06-03T12:25:52.564+0000] {logging_mixin.py:188} INFO - [2026-06-03T12:25:52.564+0000] {dagbag.py:538} INFO - Filling up the DagBag from /home/airflow/.local/lib/python3.8/site-packages/airflow/example_dags/example_short_circuit_operator.py
[2026-06-03T12:25:52.568+0000] {processor.py:840} INFO - DAG(s) 'example_short_circuit_operator' retrieved from /home/airflow/.local/lib/python3.8/site-packages/airflow/example_dags/example_short_circuit_operator.py
[2026-06-03T12:25:52.580+0000] {logging_mixin.py:188} INFO - [2026-06-03T12:25:52.579+0000] {dag.py:3033} INFO - Sync 1 DAGs
[2026-06-03T12:25:52.589+0000] {logging_mixin.py:188} INFO - [2026-06-03T12:25:52.589+0000] {dag.py:3820} INFO - Setting next_dagrun for example_short_circuit_operator to 2026-06-02T00:00:00+00:00, run_after=2026-06-03T00:00:00+00:00
[2026-06-03T12:25:52.599+0000] {processor.py:183} INFO - Processing /home/airflow/.local/lib/python3.8/site-packages/airflow/example_dags/example_short_circuit_operator.py took 0.039 seconds
[2026-06-03T12:26:22.752+0000] {processor.py:161} INFO - Started process (PID=4198) to work on /home/airflow/.local/lib/python3.8/site-packages/airflow/example_dags/example_short_circuit_operator.py
[2026-06-03T12:26:22.752+0000] {processor.py:830} INFO - Processing file /home/airflow/.local/lib/python3.8/site-packages/airflow/example_dags/example_short_circuit_operator.py for tasks to queue
[2026-06-03T12:26:22.753+0000] {logging_mixin.py:188} INFO - [2026-06-03T12:26:22.753+0000] {dagbag.py:538} INFO - Filling up the DagBag from /home/airflow/.local/lib/python3.8/site-packages/airflow/example_dags/example_short_circuit_operator.py
[2026-06-03T12:26:22.756+0000] {processor.py:840} INFO - DAG(s) 'example_short_circuit_operator' retrieved from /home/airflow/.local/lib/python3.8/site-packages/airflow/example_dags/example_short_circuit_operator.py
[2026-06-03T12:26:22.764+0000] {logging_mixin.py:188} INFO - [2026-06-03T12:26:22.764+0000] {dag.py:3033} INFO - Sync 1 DAGs
[2026-06-03T12:26:22.772+0000] {logging_mixin.py:188} INFO - [2026-06-03T12:26:22.771+0000] {dag.py:3820} INFO - Setting next_dagrun for example_short_circuit_operator to 2026-06-02T00:00:00+00:00, run_after=2026-06-03T00:00:00+00:00
[2026-06-03T12:26:22.777+0000] {processor.py:183} INFO - Processing /home/airflow/.local/lib/python3.8/site-packages/airflow/example_dags/example_short_circuit_operator.py took 0.027 seconds
[2026-06-03T12:26:53.023+0000] {processor.py:161} INFO - Started process (PID=4254) to work on /home/airflow/.local/lib/python3.8/site-packages/airflow/example_dags/example_short_circuit_operator.py
[2026-06-03T12:26:53.023+0000] {processor.py:830} INFO - Processing file /home/airflow/.local/lib/python3.8/site-packages/airflow/example_dags/example_short_circuit_operator.py for tasks to queue
[2026-06-03T12:26:53.024+0000] {logging_mixin.py:188} INFO - [2026-06-03T12:26:53.024+0000] {dagbag.py:538} INFO - Filling up the DagBag from /home/airflow/.local/lib/python3.8/site-packages/airflow/example_dags/example_short_circuit_operator.py
[2026-06-03T12:26:53.028+0000] {processor.py:840} INFO - DAG(s) 'example_short_circuit_operator' retrieved from /home/airflow/.local/lib/python3.8/site-packages/airflow/example_dags/example_short_circuit_operator.py
[2026-06-03T12:26:53.039+0000] {logging_mixin.py:188} INFO - [2026-06-03T12:26:53.039+0000] {dag.py:3033} INFO - Sync 1 DAGs
[2026-06-03T12:26:53.049+0000] {logging_mixin.py:188} INFO - [2026-06-03T12:26:53.049+0000] {dag.py:3820} INFO - Setting next_dagrun for example_short_circuit_operator to 2026-06-02T00:00:00+00:00, run_after=2026-06-03T00:00:00+00:00
[2026-06-03T12:26:53.060+0000] {processor.py:183} INFO - Processing /home/airflow/.local/lib/python3.8/site-packages/airflow/example_dags/example_short_circuit_operator.py took 0.039 seconds
[2026-06-03T12:27:23.261+0000] {processor.py:161} INFO - Started process (PID=4308) to work on /home/airflow/.local/lib/python3.8/site-packages/airflow/example_dags/example_short_circuit_operator.py
[2026-06-03T12:27:23.262+0000] {processor.py:830} INFO - Processing file /home/airflow/.local/lib/python3.8/site-packages/airflow/example_dags/example_short_circuit_operator.py for tasks to queue
[2026-06-03T12:27:23.264+0000] {logging_mixin.py:188} INFO - [2026-06-03T12:27:23.263+0000] {dagbag.py:538} INFO - Filling up the DagBag from /home/airflow/.local/lib/python3.8/site-packages/airflow/example_dags/example_short_circuit_operator.py
[2026-06-03T12:27:23.268+0000] {processor.py:840} INFO - DAG(s) 'example_short_circuit_operator' retrieved from /home/airflow/.local/lib/python3.8/site-packages/airflow/example_dags/example_short_circuit_operator.py
[2026-06-03T12:27:23.280+0000] {logging_mixin.py:188} INFO - [2026-06-03T12:27:23.280+0000] {dag.py:3033} INFO - Sync 1 DAGs
[2026-06-03T12:27:23.290+0000] {logging_mixin.py:188} INFO - [2026-06-03T12:27:23.290+0000] {dag.py:3820} INFO - Setting next_dagrun for example_short_circuit_operator to 2026-06-02T00:00:00+00:00, run_after=2026-06-03T00:00:00+00:00
[2026-06-03T12:27:23.299+0000] {processor.py:183} INFO - Processing /home/airflow/.local/lib/python3.8/site-packages/airflow/example_dags/example_short_circuit_operator.py took 0.040 seconds
[2026-06-03T12:27:53.444+0000] {processor.py:161} INFO - Started process (PID=4364) to work on /home/airflow/.local/lib/python3.8/site-packages/airflow/example_dags/example_short_circuit_operator.py
[2026-06-03T12:27:53.446+0000] {processor.py:830} INFO - Processing file /home/airflow/.local/lib/python3.8/site-packages/airflow/example_dags/example_short_circuit_operator.py for tasks to queue
[2026-06-03T12:27:53.451+0000] {logging_mixin.py:188} INFO - [2026-06-03T12:27:53.450+0000] {dagbag.py:538} INFO - Filling up the DagBag from /home/airflow/.local/lib/python3.8/site-packages/airflow/example_dags/example_short_circuit_operator.py
[2026-06-03T12:27:53.457+0000] {processor.py:840} INFO - DAG(s) 'example_short_circuit_operator' retrieved from /home/airflow/.local/lib/python3.8/site-packages/airflow/example_dags/example_short_circuit_operator.py
[2026-06-03T12:27:53.473+0000] {logging_mixin.py:188} INFO - [2026-06-03T12:27:53.473+0000] {dag.py:3033} INFO - Sync 1 DAGs
[2026-06-03T12:27:53.483+0000] {logging_mixin.py:188} INFO - [2026-06-03T12:27:53.483+0000] {dag.py:3820} INFO - Setting next_dagrun for example_short_circuit_operator to 2026-06-02T00:00:00+00:00, run_after=2026-06-03T00:00:00+00:00
[2026-06-03T12:27:53.493+0000] {processor.py:183} INFO - Processing /home/airflow/.local/lib/python3.8/site-packages/airflow/example_dags/example_short_circuit_operator.py took 0.051 seconds
[2026-06-03T12:28:23.860+0000] {processor.py:161} INFO - Started process (PID=4420) to work on /home/airflow/.local/lib/python3.8/site-packages/airflow/example_dags/example_short_circuit_operator.py
[2026-06-03T12:28:23.862+0000] {processor.py:830} INFO - Processing file /home/airflow/.local/lib/python3.8/site-packages/airflow/example_dags/example_short_circuit_operator.py for tasks to queue
[2026-06-03T12:28:23.864+0000] {logging_mixin.py:188} INFO - [2026-06-03T12:28:23.863+0000] {dagbag.py:538} INFO - Filling up the DagBag from /home/airflow/.local/lib/python3.8/site-packages/airflow/example_dags/example_short_circuit_operator.py
[2026-06-03T12:28:23.866+0000] {processor.py:840} INFO - DAG(s) 'example_short_circuit_operator' retrieved from /home/airflow/.local/lib/python3.8/site-packages/airflow/example_dags/example_short_circuit_operator.py
[2026-06-03T12:28:23.879+0000] {logging_mixin.py:188} INFO - [2026-06-03T12:28:23.879+0000] {dag.py:3033} INFO - Sync 1 DAGs
[2026-06-03T12:28:23.891+0000] {logging_mixin.py:188} INFO - [2026-06-03T12:28:23.891+0000] {dag.py:3820} INFO - Setting next_dagrun for example_short_circuit_operator to 2026-06-02T00:00:00+00:00, run_after=2026-06-03T00:00:00+00:00
[2026-06-03T12:28:23.902+0000] {processor.py:183} INFO - Processing /home/airflow/.local/lib/python3.8/site-packages/airflow/example_dags/example_short_circuit_operator.py took 0.043 seconds
[2026-06-03T12:28:54.189+0000] {processor.py:161} INFO - Started process (PID=4476) to work on /home/airflow/.local/lib/python3.8/site-packages/airflow/example_dags/example_short_circuit_operator.py
[2026-06-03T12:28:54.190+0000] {processor.py:830} INFO - Processing file /home/airflow/.local/lib/python3.8/site-packages/airflow/example_dags/example_short_circuit_operator.py for tasks to queue
[2026-06-03T12:28:54.191+0000] {logging_mixin.py:188} INFO - [2026-06-03T12:28:54.190+0000] {dagbag.py:538} INFO - Filling up the DagBag from /home/airflow/.local/lib/python3.8/site-packages/airflow/example_dags/example_short_circuit_operator.py
[2026-06-03T12:28:54.194+0000] {processor.py:840} INFO - DAG(s) 'example_short_circuit_operator' retrieved from /home/airflow/.local/lib/python3.8/site-packages/airflow/example_dags/example_short_circuit_operator.py
[2026-06-03T12:28:54.210+0000] {logging_mixin.py:188} INFO - [2026-06-03T12:28:54.210+0000] {dag.py:3033} INFO - Sync 1 DAGs
[2026-06-03T12:28:54.219+0000] {logging_mixin.py:188} INFO - [2026-06-03T12:28:54.219+0000] {dag.py:3820} INFO - Setting next_dagrun for example_short_circuit_operator to 2026-06-02T00:00:00+00:00, run_after=2026-06-03T00:00:00+00:00
[2026-06-03T12:28:54.227+0000] {processor.py:183} INFO - Processing /home/airflow/.local/lib/python3.8/site-packages/airflow/example_dags/example_short_circuit_operator.py took 0.040 seconds
[2026-06-03T12:29:24.562+0000] {processor.py:161} INFO - Started process (PID=4532) to work on /home/airflow/.local/lib/python3.8/site-packages/airflow/example_dags/example_short_circuit_operator.py
[2026-06-03T12:29:24.563+0000] {processor.py:830} INFO - Processing file /home/airflow/.local/lib/python3.8/site-packages/airflow/example_dags/example_short_circuit_operator.py for tasks to queue
[2026-06-03T12:29:24.566+0000] {logging_mixin.py:188} INFO - [2026-06-03T12:29:24.565+0000] {dagbag.py:538} INFO - Filling up the DagBag from /home/airflow/.local/lib/python3.8/site-packages/airflow/example_dags/example_short_circuit_operator.py
[2026-06-03T12:29:24.571+0000] {processor.py:840} INFO - DAG(s) 'example_short_circuit_operator' retrieved from /home/airflow/.local/lib/python3.8/site-packages/airflow/example_dags/example_short_circuit_operator.py
[2026-06-03T12:29:24.582+0000] {logging_mixin.py:188} INFO - [2026-06-03T12:29:24.582+0000] {dag.py:3033} INFO - Sync 1 DAGs
[2026-06-03T12:29:24.591+0000] {logging_mixin.py:188} INFO - [2026-06-03T12:29:24.591+0000] {dag.py:3820} INFO - Setting next_dagrun for example_short_circuit_operator to 2026-06-02T00:00:00+00:00, run_after=2026-06-03T00:00:00+00:00
[2026-06-03T12:29:24.602+0000] {processor.py:183} INFO - Processing /home/airflow/.local/lib/python3.8/site-packages/airflow/example_dags/example_short_circuit_operator.py took 0.042 seconds
[2026-06-03T12:29:55.103+0000] {processor.py:161} INFO - Started process (PID=4587) to work on /home/airflow/.local/lib/python3.8/site-packages/airflow/example_dags/example_short_circuit_operator.py
[2026-06-03T12:29:55.105+0000] {processor.py:830} INFO - Processing file /home/airflow/.local/lib/python3.8/site-packages/airflow/example_dags/example_short_circuit_operator.py for tasks to queue
[2026-06-03T12:29:55.111+0000] {logging_mixin.py:188} INFO - [2026-06-03T12:29:55.110+0000] {dagbag.py:538} INFO - Filling up the DagBag from /home/airflow/.local/lib/python3.8/site-packages/airflow/example_dags/example_short_circuit_operator.py
[2026-06-03T12:29:55.117+0000] {processor.py:840} INFO - DAG(s) 'example_short_circuit_operator' retrieved from /home/airflow/.local/lib/python3.8/site-packages/airflow/example_dags/example_short_circuit_operator.py
[2026-06-03T12:29:55.140+0000] {logging_mixin.py:188} INFO - [2026-06-03T12:29:55.140+0000] {dag.py:3033} INFO - Sync 1 DAGs
[2026-06-03T12:29:55.153+0000] {logging_mixin.py:188} INFO - [2026-06-03T12:29:55.153+0000] {dag.py:3820} INFO - Setting next_dagrun for example_short_circuit_operator to 2026-06-02T00:00:00+00:00, run_after=2026-06-03T00:00:00+00:00
[2026-06-03T12:29:55.167+0000] {processor.py:183} INFO - Processing /home/airflow/.local/lib/python3.8/site-packages/airflow/example_dags/example_short_circuit_operator.py took 0.072 seconds
[2026-06-03T12:30:25.658+0000] {processor.py:161} INFO - Started process (PID=4643) to work on /home/airflow/.local/lib/python3.8/site-packages/airflow/example_dags/example_short_circuit_operator.py
[2026-06-03T12:30:25.660+0000] {processor.py:830} INFO - Processing file /home/airflow/.local/lib/python3.8/site-packages/airflow/example_dags/example_short_circuit_operator.py for tasks to queue
[2026-06-03T12:30:25.663+0000] {logging_mixin.py:188} INFO - [2026-06-03T12:30:25.662+0000] {dagbag.py:538} INFO - Filling up the DagBag from /home/airflow/.local/lib/python3.8/site-packages/airflow/example_dags/example_short_circuit_operator.py
[2026-06-03T12:30:25.670+0000] {processor.py:840} INFO - DAG(s) 'example_short_circuit_operator' retrieved from /home/airflow/.local/lib/python3.8/site-packages/airflow/example_dags/example_short_circuit_operator.py
[2026-06-03T12:30:25.692+0000] {logging_mixin.py:188} INFO - [2026-06-03T12:30:25.692+0000] {dag.py:3033} INFO - Sync 1 DAGs
[2026-06-03T12:30:25.705+0000] {logging_mixin.py:188} INFO - [2026-06-03T12:30:25.705+0000] {dag.py:3820} INFO - Setting next_dagrun for example_short_circuit_operator to 2026-06-02T00:00:00+00:00, run_after=2026-06-03T00:00:00+00:00
[2026-06-03T12:30:25.720+0000] {processor.py:183} INFO - Processing /home/airflow/.local/lib/python3.8/site-packages/airflow/example_dags/example_short_circuit_operator.py took 0.064 seconds
[2026-06-03T12:30:56.314+0000] {processor.py:161} INFO - Started process (PID=4699) to work on /home/airflow/.local/lib/python3.8/site-packages/airflow/example_dags/example_short_circuit_operator.py
[2026-06-03T12:30:56.315+0000] {processor.py:830} INFO - Processing file /home/airflow/.local/lib/python3.8/site-packages/airflow/example_dags/example_short_circuit_operator.py for tasks to queue
[2026-06-03T12:30:56.317+0000] {logging_mixin.py:188} INFO - [2026-06-03T12:30:56.316+0000] {dagbag.py:538} INFO - Filling up the DagBag from /home/airflow/.local/lib/python3.8/site-packages/airflow/example_dags/example_short_circuit_operator.py
[2026-06-03T12:30:56.320+0000] {processor.py:840} INFO - DAG(s) 'example_short_circuit_operator' retrieved from /home/airflow/.local/lib/python3.8/site-packages/airflow/example_dags/example_short_circuit_operator.py
[2026-06-03T12:30:56.332+0000] {logging_mixin.py:188} INFO - [2026-06-03T12:30:56.332+0000] {dag.py:3033} INFO - Sync 1 DAGs
[2026-06-03T12:30:56.347+0000] {logging_mixin.py:188} INFO - [2026-06-03T12:30:56.347+0000] {dag.py:3820} INFO - Setting next_dagrun for example_short_circuit_operator to 2026-06-02T00:00:00+00:00, run_after=2026-06-03T00:00:00+00:00
[2026-06-03T12:30:56.359+0000] {processor.py:183} INFO - Processing /home/airflow/.local/lib/python3.8/site-packages/airflow/example_dags/example_short_circuit_operator.py took 0.047 seconds
[2026-06-03T12:31:26.865+0000] {processor.py:161} INFO - Started process (PID=4755) to work on /home/airflow/.local/lib/python3.8/site-packages/airflow/example_dags/example_short_circuit_operator.py
[2026-06-03T12:31:26.866+0000] {processor.py:830} INFO - Processing file /home/airflow/.local/lib/python3.8/site-packages/airflow/example_dags/example_short_circuit_operator.py for tasks to queue
[2026-06-03T12:31:26.868+0000] {logging_mixin.py:188} INFO - [2026-06-03T12:31:26.867+0000] {dagbag.py:538} INFO - Filling up the DagBag from /home/airflow/.local/lib/python3.8/site-packages/airflow/example_dags/example_short_circuit_operator.py
[2026-06-03T12:31:26.873+0000] {processor.py:840} INFO - DAG(s) 'example_short_circuit_operator' retrieved from /home/airflow/.local/lib/python3.8/site-packages/airflow/example_dags/example_short_circuit_operator.py
[2026-06-03T12:31:26.894+0000] {logging_mixin.py:188} INFO - [2026-06-03T12:31:26.894+0000] {dag.py:3033} INFO - Sync 1 DAGs
[2026-06-03T12:31:26.911+0000] {logging_mixin.py:188} INFO - [2026-06-03T12:31:26.911+0000] {dag.py:3820} INFO - Setting next_dagrun for example_short_circuit_operator to 2026-06-02T00:00:00+00:00, run_after=2026-06-03T00:00:00+00:00
[2026-06-03T12:31:26.928+0000] {processor.py:183} INFO - Processing /home/airflow/.local/lib/python3.8/site-packages/airflow/example_dags/example_short_circuit_operator.py took 0.065 seconds
[2026-06-03T12:31:57.942+0000] {processor.py:161} INFO - Started process (PID=4811) to work on /home/airflow/.local/lib/python3.8/site-packages/airflow/example_dags/example_short_circuit_operator.py
[2026-06-03T12:31:57.942+0000] {processor.py:830} INFO - Processing file /home/airflow/.local/lib/python3.8/site-packages/airflow/example_dags/example_short_circuit_operator.py for tasks to queue
[2026-06-03T12:31:57.944+0000] {logging_mixin.py:188} INFO - [2026-06-03T12:31:57.943+0000] {dagbag.py:538} INFO - Filling up the DagBag from /home/airflow/.local/lib/python3.8/site-packages/airflow/example_dags/example_short_circuit_operator.py
[2026-06-03T12:31:57.947+0000] {processor.py:840} INFO - DAG(s) 'example_short_circuit_operator' retrieved from /home/airflow/.local/lib/python3.8/site-packages/airflow/example_dags/example_short_circuit_operator.py
[2026-06-03T12:31:57.960+0000] {logging_mixin.py:188} INFO - [2026-06-03T12:31:57.960+0000] {dag.py:3033} INFO - Sync 1 DAGs
[2026-06-03T12:31:57.970+0000] {logging_mixin.py:188} INFO - [2026-06-03T12:31:57.970+0000] {dag.py:3820} INFO - Setting next_dagrun for example_short_circuit_operator to 2026-06-02T00:00:00+00:00, run_after=2026-06-03T00:00:00+00:00
[2026-06-03T12:31:57.985+0000] {processor.py:183} INFO - Processing /home/airflow/.local/lib/python3.8/site-packages/airflow/example_dags/example_short_circuit_operator.py took 0.045 seconds
[2026-06-03T12:32:28.646+0000] {processor.py:161} INFO - Started process (PID=4867) to work on /home/airflow/.local/lib/python3.8/site-packages/airflow/example_dags/example_short_circuit_operator.py
[2026-06-03T12:32:28.647+0000] {processor.py:830} INFO - Processing file /home/airflow/.local/lib/python3.8/site-packages/airflow/example_dags/example_short_circuit_operator.py for tasks to queue
[2026-06-03T12:32:28.648+0000] {logging_mixin.py:188} INFO - [2026-06-03T12:32:28.648+0000] {dagbag.py:538} INFO - Filling up the DagBag from /home/airflow/.local/lib/python3.8/site-packages/airflow/example_dags/example_short_circuit_operator.py
[2026-06-03T12:32:28.654+0000] {processor.py:840} INFO - DAG(s) 'example_short_circuit_operator' retrieved from /home/airflow/.local/lib/python3.8/site-packages/airflow/example_dags/example_short_circuit_operator.py
[2026-06-03T12:32:28.675+0000] {logging_mixin.py:188} INFO - [2026-06-03T12:32:28.675+0000] {dag.py:3033} INFO - Sync 1 DAGs
[2026-06-03T12:32:28.697+0000] {logging_mixin.py:188} INFO - [2026-06-03T12:32:28.697+0000] {dag.py:3820} INFO - Setting next_dagrun for example_short_circuit_operator to 2026-06-02T00:00:00+00:00, run_after=2026-06-03T00:00:00+00:00
[2026-06-03T12:32:28.712+0000] {processor.py:183} INFO - Processing /home/airflow/.local/lib/python3.8/site-packages/airflow/example_dags/example_short_circuit_operator.py took 0.068 seconds
[2026-06-03T12:32:59.035+0000] {processor.py:161} INFO - Started process (PID=4923) to work on /home/airflow/.local/lib/python3.8/site-packages/airflow/example_dags/example_short_circuit_operator.py
[2026-06-03T12:32:59.036+0000] {processor.py:830} INFO - Processing file /home/airflow/.local/lib/python3.8/site-packages/airflow/example_dags/example_short_circuit_operator.py for tasks to queue
[2026-06-03T12:32:59.038+0000] {logging_mixin.py:188} INFO - [2026-06-03T12:32:59.038+0000] {dagbag.py:538} INFO - Filling up the DagBag from /home/airflow/.local/lib/python3.8/site-packages/airflow/example_dags/example_short_circuit_operator.py
[2026-06-03T12:32:59.042+0000] {processor.py:840} INFO - DAG(s) 'example_short_circuit_operator' retrieved from /home/airflow/.local/lib/python3.8/site-packages/airflow/example_dags/example_short_circuit_operator.py
[2026-06-03T12:32:59.062+0000] {logging_mixin.py:188} INFO - [2026-06-03T12:32:59.062+0000] {dag.py:3033} INFO - Sync 1 DAGs
[2026-06-03T12:32:59.082+0000] {logging_mixin.py:188} INFO - [2026-06-03T12:32:59.082+0000] {dag.py:3820} INFO - Setting next_dagrun for example_short_circuit_operator to 2026-06-02T00:00:00+00:00, run_after=2026-06-03T00:00:00+00:00
[2026-06-03T12:32:59.094+0000] {processor.py:183} INFO - Processing /home/airflow/.local/lib/python3.8/site-packages/airflow/example_dags/example_short_circuit_operator.py took 0.061 seconds
[2026-06-03T12:33:29.306+0000] {processor.py:161} INFO - Started process (PID=4979) to work on /home/airflow/.local/lib/python3.8/site-packages/airflow/example_dags/example_short_circuit_operator.py
[2026-06-03T12:33:29.307+0000] {processor.py:830} INFO - Processing file /home/airflow/.local/lib/python3.8/site-packages/airflow/example_dags/example_short_circuit_operator.py for tasks to queue
[2026-06-03T12:33:29.309+0000] {logging_mixin.py:188} INFO - [2026-06-03T12:33:29.309+0000] {dagbag.py:538} INFO - Filling up the DagBag from /home/airflow/.local/lib/python3.8/site-packages/airflow/example_dags/example_short_circuit_operator.py
[2026-06-03T12:33:29.313+0000] {processor.py:840} INFO - DAG(s) 'example_short_circuit_operator' retrieved from /home/airflow/.local/lib/python3.8/site-packages/airflow/example_dags/example_short_circuit_operator.py
[2026-06-03T12:33:29.331+0000] {logging_mixin.py:188} INFO - [2026-06-03T12:33:29.331+0000] {dag.py:3033} INFO - Sync 1 DAGs
[2026-06-03T12:33:29.343+0000] {logging_mixin.py:188} INFO - [2026-06-03T12:33:29.343+0000] {dag.py:3820} INFO - Setting next_dagrun for example_short_circuit_operator to 2026-06-02T00:00:00+00:00, run_after=2026-06-03T00:00:00+00:00
[2026-06-03T12:33:29.354+0000] {processor.py:183} INFO - Processing /home/airflow/.local/lib/python3.8/site-packages/airflow/example_dags/example_short_circuit_operator.py took 0.050 seconds
[2026-06-03T12:33:59.678+0000] {processor.py:161} INFO - Started process (PID=5035) to work on /home/airflow/.local/lib/python3.8/site-packages/airflow/example_dags/example_short_circuit_operator.py
[2026-06-03T12:33:59.679+0000] {processor.py:830} INFO - Processing file /home/airflow/.local/lib/python3.8/site-packages/airflow/example_dags/example_short_circuit_operator.py for tasks to queue
[2026-06-03T12:33:59.681+0000] {logging_mixin.py:188} INFO - [2026-06-03T12:33:59.680+0000] {dagbag.py:538} INFO - Filling up the DagBag from /home/airflow/.local/lib/python3.8/site-packages/airflow/example_dags/example_short_circuit_operator.py
[2026-06-03T12:33:59.686+0000] {processor.py:840} INFO - DAG(s) 'example_short_circuit_operator' retrieved from /home/airflow/.local/lib/python3.8/site-packages/airflow/example_dags/example_short_circuit_operator.py
[2026-06-03T12:33:59.700+0000] {logging_mixin.py:188} INFO - [2026-06-03T12:33:59.700+0000] {dag.py:3033} INFO - Sync 1 DAGs
[2026-06-03T12:33:59.712+0000] {logging_mixin.py:188} INFO - [2026-06-03T12:33:59.712+0000] {dag.py:3820} INFO - Setting next_dagrun for example_short_circuit_operator to 2026-06-02T00:00:00+00:00, run_after=2026-06-03T00:00:00+00:00
[2026-06-03T12:33:59.723+0000] {processor.py:183} INFO - Processing /home/airflow/.local/lib/python3.8/site-packages/airflow/example_dags/example_short_circuit_operator.py took 0.046 seconds
[2026-06-03T12:34:30.019+0000] {processor.py:161} INFO - Started process (PID=5091) to work on /home/airflow/.local/lib/python3.8/site-packages/airflow/example_dags/example_short_circuit_operator.py
[2026-06-03T12:34:30.019+0000] {processor.py:830} INFO - Processing file /home/airflow/.local/lib/python3.8/site-packages/airflow/example_dags/example_short_circuit_operator.py for tasks to queue
[2026-06-03T12:34:30.023+0000] {logging_mixin.py:188} INFO - [2026-06-03T12:34:30.022+0000] {dagbag.py:538} INFO - Filling up the DagBag from /home/airflow/.local/lib/python3.8/site-packages/airflow/example_dags/example_short_circuit_operator.py
[2026-06-03T12:34:30.034+0000] {processor.py:840} INFO - DAG(s) 'example_short_circuit_operator' retrieved from /home/airflow/.local/lib/python3.8/site-packages/airflow/example_dags/example_short_circuit_operator.py
[2026-06-03T12:34:30.050+0000] {logging_mixin.py:188} INFO - [2026-06-03T12:34:30.050+0000] {dag.py:3033} INFO - Sync 1 DAGs
[2026-06-03T12:34:30.059+0000] {logging_mixin.py:188} INFO - [2026-06-03T12:34:30.059+0000] {dag.py:3820} INFO - Setting next_dagrun for example_short_circuit_operator to 2026-06-02T00:00:00+00:00, run_after=2026-06-03T00:00:00+00:00
[2026-06-03T12:34:30.071+0000] {processor.py:183} INFO - Processing /home/airflow/.local/lib/python3.8/site-packages/airflow/example_dags/example_short_circuit_operator.py took 0.054 seconds
[2026-06-03T12:35:00.384+0000] {processor.py:161} INFO - Started process (PID=5147) to work on /home/airflow/.local/lib/python3.8/site-packages/airflow/example_dags/example_short_circuit_operator.py
[2026-06-03T12:35:00.386+0000] {processor.py:830} INFO - Processing file /home/airflow/.local/lib/python3.8/site-packages/airflow/example_dags/example_short_circuit_operator.py for tasks to queue
[2026-06-03T12:35:00.387+0000] {logging_mixin.py:188} INFO - [2026-06-03T12:35:00.387+0000] {dagbag.py:538} INFO - Filling up the DagBag from /home/airflow/.local/lib/python3.8/site-packages/airflow/example_dags/example_short_circuit_operator.py
[2026-06-03T12:35:00.392+0000] {processor.py:840} INFO - DAG(s) 'example_short_circuit_operator' retrieved from /home/airflow/.local/lib/python3.8/site-packages/airflow/example_dags/example_short_circuit_operator.py
[2026-06-03T12:35:00.410+0000] {logging_mixin.py:188} INFO - [2026-06-03T12:35:00.410+0000] {dag.py:3033} INFO - Sync 1 DAGs
[2026-06-03T12:35:00.420+0000] {logging_mixin.py:188} INFO - [2026-06-03T12:35:00.420+0000] {dag.py:3820} INFO - Setting next_dagrun for example_short_circuit_operator to 2026-06-02T00:00:00+00:00, run_after=2026-06-03T00:00:00+00:00
[2026-06-03T12:35:00.427+0000] {processor.py:183} INFO - Processing /home/airflow/.local/lib/python3.8/site-packages/airflow/example_dags/example_short_circuit_operator.py took 0.049 seconds
[2026-06-03T12:35:30.783+0000] {processor.py:161} INFO - Started process (PID=5203) to work on /home/airflow/.local/lib/python3.8/site-packages/airflow/example_dags/example_short_circuit_operator.py
[2026-06-03T12:35:30.787+0000] {processor.py:830} INFO - Processing file /home/airflow/.local/lib/python3.8/site-packages/airflow/example_dags/example_short_circuit_operator.py for tasks to queue
[2026-06-03T12:35:30.789+0000] {logging_mixin.py:188} INFO - [2026-06-03T12:35:30.789+0000] {dagbag.py:538} INFO - Filling up the DagBag from /home/airflow/.local/lib/python3.8/site-packages/airflow/example_dags/example_short_circuit_operator.py
[2026-06-03T12:35:30.794+0000] {processor.py:840} INFO - DAG(s) 'example_short_circuit_operator' retrieved from /home/airflow/.local/lib/python3.8/site-packages/airflow/example_dags/example_short_circuit_operator.py
[2026-06-03T12:35:30.811+0000] {logging_mixin.py:188} INFO - [2026-06-03T12:35:30.811+0000] {dag.py:3033} INFO - Sync 1 DAGs
[2026-06-03T12:35:30.819+0000] {logging_mixin.py:188} INFO - [2026-06-03T12:35:30.819+0000] {dag.py:3820} INFO - Setting next_dagrun for example_short_circuit_operator to 2026-06-02T00:00:00+00:00, run_after=2026-06-03T00:00:00+00:00
[2026-06-03T12:35:30.827+0000] {processor.py:183} INFO - Processing /home/airflow/.local/lib/python3.8/site-packages/airflow/example_dags/example_short_circuit_operator.py took 0.049 seconds
[2026-06-03T12:36:01.012+0000] {processor.py:161} INFO - Started process (PID=5259) to work on /home/airflow/.local/lib/python3.8/site-packages/airflow/example_dags/example_short_circuit_operator.py
[2026-06-03T12:36:01.013+0000] {processor.py:830} INFO - Processing file /home/airflow/.local/lib/python3.8/site-packages/airflow/example_dags/example_short_circuit_operator.py for tasks to queue
[2026-06-03T12:36:01.014+0000] {logging_mixin.py:188} INFO - [2026-06-03T12:36:01.013+0000] {dagbag.py:538} INFO - Filling up the DagBag from /home/airflow/.local/lib/python3.8/site-packages/airflow/example_dags/example_short_circuit_operator.py
[2026-06-03T12:36:01.016+0000] {processor.py:840} INFO - DAG(s) 'example_short_circuit_operator' retrieved from /home/airflow/.local/lib/python3.8/site-packages/airflow/example_dags/example_short_circuit_operator.py
[2026-06-03T12:36:01.025+0000] {logging_mixin.py:188} INFO - [2026-06-03T12:36:01.025+0000] {dag.py:3033} INFO - Sync 1 DAGs
[2026-06-03T12:36:01.032+0000] {logging_mixin.py:188} INFO - [2026-06-03T12:36:01.032+0000] {dag.py:3820} INFO - Setting next_dagrun for example_short_circuit_operator to 2026-06-02T00:00:00+00:00, run_after=2026-06-03T00:00:00+00:00
[2026-06-03T12:36:01.040+0000] {processor.py:183} INFO - Processing /home/airflow/.local/lib/python3.8/site-packages/airflow/example_dags/example_short_circuit_operator.py took 0.029 seconds
[2026-06-03T12:36:31.206+0000] {processor.py:161} INFO - Started process (PID=5315) to work on /home/airflow/.local/lib/python3.8/site-packages/airflow/example_dags/example_short_circuit_operator.py
[2026-06-03T12:36:31.207+0000] {processor.py:830} INFO - Processing file /home/airflow/.local/lib/python3.8/site-packages/airflow/example_dags/example_short_circuit_operator.py for tasks to queue
[2026-06-03T12:36:31.209+0000] {logging_mixin.py:188} INFO - [2026-06-03T12:36:31.209+0000] {dagbag.py:538} INFO - Filling up the DagBag from /home/airflow/.local/lib/python3.8/site-packages/airflow/example_dags/example_short_circuit_operator.py
[2026-06-03T12:36:31.217+0000] {processor.py:840} INFO - DAG(s) 'example_short_circuit_operator' retrieved from /home/airflow/.local/lib/python3.8/site-packages/airflow/example_dags/example_short_circuit_operator.py
[2026-06-03T12:36:31.230+0000] {logging_mixin.py:188} INFO - [2026-06-03T12:36:31.229+0000] {dag.py:3033} INFO - Sync 1 DAGs
[2026-06-03T12:36:31.238+0000] {logging_mixin.py:188} INFO - [2026-06-03T12:36:31.238+0000] {dag.py:3820} INFO - Setting next_dagrun for example_short_circuit_operator to 2026-06-02T00:00:00+00:00, run_after=2026-06-03T00:00:00+00:00
[2026-06-03T12:36:31.249+0000] {processor.py:183} INFO - Processing /home/airflow/.local/lib/python3.8/site-packages/airflow/example_dags/example_short_circuit_operator.py took 0.045 seconds
[2026-06-03T12:37:01.444+0000] {processor.py:161} INFO - Started process (PID=5371) to work on /home/airflow/.local/lib/python3.8/site-packages/airflow/example_dags/example_short_circuit_operator.py
[2026-06-03T12:37:01.445+0000] {processor.py:830} INFO - Processing file /home/airflow/.local/lib/python3.8/site-packages/airflow/example_dags/example_short_circuit_operator.py for tasks to queue
[2026-06-03T12:37:01.449+0000] {logging_mixin.py:188} INFO - [2026-06-03T12:37:01.449+0000] {dagbag.py:538} INFO - Filling up the DagBag from /home/airflow/.local/lib/python3.8/site-packages/airflow/example_dags/example_short_circuit_operator.py
[2026-06-03T12:37:01.460+0000] {processor.py:840} INFO - DAG(s) 'example_short_circuit_operator' retrieved from /home/airflow/.local/lib/python3.8/site-packages/airflow/example_dags/example_short_circuit_operator.py
[2026-06-03T12:37:01.478+0000] {logging_mixin.py:188} INFO - [2026-06-03T12:37:01.478+0000] {dag.py:3033} INFO - Sync 1 DAGs
[2026-06-03T12:37:01.493+0000] {logging_mixin.py:188} INFO - [2026-06-03T12:37:01.493+0000] {dag.py:3820} INFO - Setting next_dagrun for example_short_circuit_operator to 2026-06-02T00:00:00+00:00, run_after=2026-06-03T00:00:00+00:00
[2026-06-03T12:37:01.504+0000] {processor.py:183} INFO - Processing /home/airflow/.local/lib/python3.8/site-packages/airflow/example_dags/example_short_circuit_operator.py took 0.063 seconds
[2026-06-03T12:37:31.956+0000] {processor.py:161} INFO - Started process (PID=5427) to work on /home/airflow/.local/lib/python3.8/site-packages/airflow/example_dags/example_short_circuit_operator.py
[2026-06-03T12:37:31.961+0000] {processor.py:830} INFO - Processing file /home/airflow/.local/lib/python3.8/site-packages/airflow/example_dags/example_short_circuit_operator.py for tasks to queue
[2026-06-03T12:37:31.963+0000] {logging_mixin.py:188} INFO - [2026-06-03T12:37:31.962+0000] {dagbag.py:538} INFO - Filling up the DagBag from /home/airflow/.local/lib/python3.8/site-packages/airflow/example_dags/example_short_circuit_operator.py
[2026-06-03T12:37:31.967+0000] {processor.py:840} INFO - DAG(s) 'example_short_circuit_operator' retrieved from /home/airflow/.local/lib/python3.8/site-packages/airflow/example_dags/example_short_circuit_operator.py
[2026-06-03T12:37:31.989+0000] {logging_mixin.py:188} INFO - [2026-06-03T12:37:31.989+0000] {dag.py:3033} INFO - Sync 1 DAGs
[2026-06-03T12:37:32.007+0000] {logging_mixin.py:188} INFO - [2026-06-03T12:37:32.007+0000] {dag.py:3820} INFO - Setting next_dagrun for example_short_circuit_operator to 2026-06-02T00:00:00+00:00, run_after=2026-06-03T00:00:00+00:00
[2026-06-03T12:37:32.023+0000] {processor.py:183} INFO - Processing /home/airflow/.local/lib/python3.8/site-packages/airflow/example_dags/example_short_circuit_operator.py took 0.074 seconds
[2026-06-03T12:38:02.080+0000] {processor.py:161} INFO - Started process (PID=5483) to work on /home/airflow/.local/lib/python3.8/site-packages/airflow/example_dags/example_short_circuit_operator.py
[2026-06-03T12:38:02.081+0000] {processor.py:830} INFO - Processing file /home/airflow/.local/lib/python3.8/site-packages/airflow/example_dags/example_short_circuit_operator.py for tasks to queue
[2026-06-03T12:38:02.083+0000] {logging_mixin.py:188} INFO - [2026-06-03T12:38:02.082+0000] {dagbag.py:538} INFO - Filling up the DagBag from /home/airflow/.local/lib/python3.8/site-packages/airflow/example_dags/example_short_circuit_operator.py
[2026-06-03T12:38:02.085+0000] {processor.py:840} INFO - DAG(s) 'example_short_circuit_operator' retrieved from /home/airflow/.local/lib/python3.8/site-packages/airflow/example_dags/example_short_circuit_operator.py
[2026-06-03T12:38:02.099+0000] {logging_mixin.py:188} INFO - [2026-06-03T12:38:02.099+0000] {dag.py:3033} INFO - Sync 1 DAGs
[2026-06-03T12:38:02.113+0000] {logging_mixin.py:188} INFO - [2026-06-03T12:38:02.113+0000] {dag.py:3820} INFO - Setting next_dagrun for example_short_circuit_operator to 2026-06-02T00:00:00+00:00, run_after=2026-06-03T00:00:00+00:00
[2026-06-03T12:38:02.123+0000] {processor.py:183} INFO - Processing /home/airflow/.local/lib/python3.8/site-packages/airflow/example_dags/example_short_circuit_operator.py took 0.044 seconds
[2026-06-03T12:38:32.281+0000] {processor.py:161} INFO - Started process (PID=5539) to work on /home/airflow/.local/lib/python3.8/site-packages/airflow/example_dags/example_short_circuit_operator.py
[2026-06-03T12:38:32.282+0000] {processor.py:830} INFO - Processing file /home/airflow/.local/lib/python3.8/site-packages/airflow/example_dags/example_short_circuit_operator.py for tasks to queue
[2026-06-03T12:38:32.283+0000] {logging_mixin.py:188} INFO - [2026-06-03T12:38:32.283+0000] {dagbag.py:538} INFO - Filling up the DagBag from /home/airflow/.local/lib/python3.8/site-packages/airflow/example_dags/example_short_circuit_operator.py
[2026-06-03T12:38:32.287+0000] {processor.py:840} INFO - DAG(s) 'example_short_circuit_operator' retrieved from /home/airflow/.local/lib/python3.8/site-packages/airflow/example_dags/example_short_circuit_operator.py
[2026-06-03T12:38:32.312+0000] {logging_mixin.py:188} INFO - [2026-06-03T12:38:32.312+0000] {dag.py:3033} INFO - Sync 1 DAGs
[2026-06-03T12:38:32.329+0000] {logging_mixin.py:188} INFO - [2026-06-03T12:38:32.329+0000] {dag.py:3820} INFO - Setting next_dagrun for example_short_circuit_operator to 2026-06-02T00:00:00+00:00, run_after=2026-06-03T00:00:00+00:00
[2026-06-03T12:38:32.343+0000] {processor.py:183} INFO - Processing /home/airflow/.local/lib/python3.8/site-packages/airflow/example_dags/example_short_circuit_operator.py took 0.065 seconds
[2026-06-03T12:39:02.723+0000] {processor.py:161} INFO - Started process (PID=5595) to work on /home/airflow/.local/lib/python3.8/site-packages/airflow/example_dags/example_short_circuit_operator.py
[2026-06-03T12:39:02.724+0000] {processor.py:830} INFO - Processing file /home/airflow/.local/lib/python3.8/site-packages/airflow/example_dags/example_short_circuit_operator.py for tasks to queue
[2026-06-03T12:39:02.726+0000] {logging_mixin.py:188} INFO - [2026-06-03T12:39:02.726+0000] {dagbag.py:538} INFO - Filling up the DagBag from /home/airflow/.local/lib/python3.8/site-packages/airflow/example_dags/example_short_circuit_operator.py
[2026-06-03T12:39:02.730+0000] {processor.py:840} INFO - DAG(s) 'example_short_circuit_operator' retrieved from /home/airflow/.local/lib/python3.8/site-packages/airflow/example_dags/example_short_circuit_operator.py
[2026-06-03T12:39:02.742+0000] {logging_mixin.py:188} INFO - [2026-06-03T12:39:02.742+0000] {dag.py:3033} INFO - Sync 1 DAGs
[2026-06-03T12:39:02.756+0000] {logging_mixin.py:188} INFO - [2026-06-03T12:39:02.756+0000] {dag.py:3820} INFO - Setting next_dagrun for example_short_circuit_operator to 2026-06-02T00:00:00+00:00, run_after=2026-06-03T00:00:00+00:00
[2026-06-03T12:39:02.768+0000] {processor.py:183} INFO - Processing /home/airflow/.local/lib/python3.8/site-packages/airflow/example_dags/example_short_circuit_operator.py took 0.047 seconds
[2026-06-03T12:39:33.795+0000] {processor.py:161} INFO - Started process (PID=5651) to work on /home/airflow/.local/lib/python3.8/site-packages/airflow/example_dags/example_short_circuit_operator.py
[2026-06-03T12:39:33.798+0000] {processor.py:830} INFO - Processing file /home/airflow/.local/lib/python3.8/site-packages/airflow/example_dags/example_short_circuit_operator.py for tasks to queue
[2026-06-03T12:39:33.799+0000] {logging_mixin.py:188} INFO - [2026-06-03T12:39:33.799+0000] {dagbag.py:538} INFO - Filling up the DagBag from /home/airflow/.local/lib/python3.8/site-packages/airflow/example_dags/example_short_circuit_operator.py
[2026-06-03T12:39:33.802+0000] {processor.py:840} INFO - DAG(s) 'example_short_circuit_operator' retrieved from /home/airflow/.local/lib/python3.8/site-packages/airflow/example_dags/example_short_circuit_operator.py
[2026-06-03T12:39:33.818+0000] {logging_mixin.py:188} INFO - [2026-06-03T12:39:33.818+0000] {dag.py:3033} INFO - Sync 1 DAGs
[2026-06-03T12:39:33.833+0000] {logging_mixin.py:188} INFO - [2026-06-03T12:39:33.833+0000] {dag.py:3820} INFO - Setting next_dagrun for example_short_circuit_operator to 2026-06-02T00:00:00+00:00, run_after=2026-06-03T00:00:00+00:00
[2026-06-03T12:39:33.847+0000] {processor.py:183} INFO - Processing /home/airflow/.local/lib/python3.8/site-packages/airflow/example_dags/example_short_circuit_operator.py took 0.055 seconds
[2026-06-03T12:40:04.196+0000] {processor.py:161} INFO - Started process (PID=5707) to work on /home/airflow/.local/lib/python3.8/site-packages/airflow/example_dags/example_short_circuit_operator.py
[2026-06-03T12:40:04.196+0000] {processor.py:830} INFO - Processing file /home/airflow/.local/lib/python3.8/site-packages/airflow/example_dags/example_short_circuit_operator.py for tasks to queue
[2026-06-03T12:40:04.200+0000] {logging_mixin.py:188} INFO - [2026-06-03T12:40:04.199+0000] {dagbag.py:538} INFO - Filling up the DagBag from /home/airflow/.local/lib/python3.8/site-packages/airflow/example_dags/example_short_circuit_operator.py
[2026-06-03T12:40:04.202+0000] {processor.py:840} INFO - DAG(s) 'example_short_circuit_operator' retrieved from /home/airflow/.local/lib/python3.8/site-packages/airflow/example_dags/example_short_circuit_operator.py
[2026-06-03T12:40:04.219+0000] {logging_mixin.py:188} INFO - [2026-06-03T12:40:04.219+0000] {dag.py:3033} INFO - Sync 1 DAGs
[2026-06-03T12:40:04.233+0000] {logging_mixin.py:188} INFO - [2026-06-03T12:40:04.232+0000] {dag.py:3820} INFO - Setting next_dagrun for example_short_circuit_operator to 2026-06-02T00:00:00+00:00, run_after=2026-06-03T00:00:00+00:00
[2026-06-03T12:40:04.247+0000] {processor.py:183} INFO - Processing /home/airflow/.local/lib/python3.8/site-packages/airflow/example_dags/example_short_circuit_operator.py took 0.052 seconds
[2026-06-03T12:40:35.213+0000] {processor.py:161} INFO - Started process (PID=5763) to work on /home/airflow/.local/lib/python3.8/site-packages/airflow/example_dags/example_short_circuit_operator.py
[2026-06-03T12:40:35.213+0000] {processor.py:830} INFO - Processing file /home/airflow/.local/lib/python3.8/site-packages/airflow/example_dags/example_short_circuit_operator.py for tasks to queue
[2026-06-03T12:40:35.214+0000] {logging_mixin.py:188} INFO - [2026-06-03T12:40:35.214+0000] {dagbag.py:538} INFO - Filling up the DagBag from /home/airflow/.local/lib/python3.8/site-packages/airflow/example_dags/example_short_circuit_operator.py
[2026-06-03T12:40:35.218+0000] {processor.py:840} INFO - DAG(s) 'example_short_circuit_operator' retrieved from /home/airflow/.local/lib/python3.8/site-packages/airflow/example_dags/example_short_circuit_operator.py
[2026-06-03T12:40:35.234+0000] {logging_mixin.py:188} INFO - [2026-06-03T12:40:35.234+0000] {dag.py:3033} INFO - Sync 1 DAGs
[2026-06-03T12:40:35.246+0000] {logging_mixin.py:188} INFO - [2026-06-03T12:40:35.246+0000] {dag.py:3820} INFO - Setting next_dagrun for example_short_circuit_operator to 2026-06-02T00:00:00+00:00, run_after=2026-06-03T00:00:00+00:00
[2026-06-03T12:40:35.257+0000] {processor.py:183} INFO - Processing /home/airflow/.local/lib/python3.8/site-packages/airflow/example_dags/example_short_circuit_operator.py took 0.045 seconds
[2026-06-03T12:41:05.745+0000] {processor.py:161} INFO - Started process (PID=5819) to work on /home/airflow/.local/lib/python3.8/site-packages/airflow/example_dags/example_short_circuit_operator.py
[2026-06-03T12:41:05.747+0000] {processor.py:830} INFO - Processing file /home/airflow/.local/lib/python3.8/site-packages/airflow/example_dags/example_short_circuit_operator.py for tasks to queue
[2026-06-03T12:41:05.749+0000] {logging_mixin.py:188} INFO - [2026-06-03T12:41:05.749+0000] {dagbag.py:538} INFO - Filling up the DagBag from /home/airflow/.local/lib/python3.8/site-packages/airflow/example_dags/example_short_circuit_operator.py
[2026-06-03T12:41:05.755+0000] {processor.py:840} INFO - DAG(s) 'example_short_circuit_operator' retrieved from /home/airflow/.local/lib/python3.8/site-packages/airflow/example_dags/example_short_circuit_operator.py
[2026-06-03T12:41:05.770+0000] {logging_mixin.py:188} INFO - [2026-06-03T12:41:05.770+0000] {dag.py:3033} INFO - Sync 1 DAGs
[2026-06-03T12:41:05.787+0000] {logging_mixin.py:188} INFO - [2026-06-03T12:41:05.787+0000] {dag.py:3820} INFO - Setting next_dagrun for example_short_circuit_operator to 2026-06-02T00:00:00+00:00, run_after=2026-06-03T00:00:00+00:00
[2026-06-03T12:41:05.802+0000] {processor.py:183} INFO - Processing /home/airflow/.local/lib/python3.8/site-packages/airflow/example_dags/example_short_circuit_operator.py took 0.058 seconds
[2026-06-03T12:41:36.323+0000] {processor.py:161} INFO - Started process (PID=5875) to work on /home/airflow/.local/lib/python3.8/site-packages/airflow/example_dags/example_short_circuit_operator.py
[2026-06-03T12:41:36.323+0000] {processor.py:830} INFO - Processing file /home/airflow/.local/lib/python3.8/site-packages/airflow/example_dags/example_short_circuit_operator.py for tasks to queue
[2026-06-03T12:41:36.325+0000] {logging_mixin.py:188} INFO - [2026-06-03T12:41:36.325+0000] {dagbag.py:538} INFO - Filling up the DagBag from /home/airflow/.local/lib/python3.8/site-packages/airflow/example_dags/example_short_circuit_operator.py
[2026-06-03T12:41:36.329+0000] {processor.py:840} INFO - DAG(s) 'example_short_circuit_operator' retrieved from /home/airflow/.local/lib/python3.8/site-packages/airflow/example_dags/example_short_circuit_operator.py
[2026-06-03T12:41:36.348+0000] {logging_mixin.py:188} INFO - [2026-06-03T12:41:36.347+0000] {dag.py:3033} INFO - Sync 1 DAGs
[2026-06-03T12:41:36.362+0000] {logging_mixin.py:188} INFO - [2026-06-03T12:41:36.362+0000] {dag.py:3820} INFO - Setting next_dagrun for example_short_circuit_operator to 2026-06-02T00:00:00+00:00, run_after=2026-06-03T00:00:00+00:00
[2026-06-03T12:41:36.374+0000] {processor.py:183} INFO - Processing /home/airflow/.local/lib/python3.8/site-packages/airflow/example_dags/example_short_circuit_operator.py took 0.053 seconds
[2026-06-03T12:42:06.864+0000] {processor.py:161} INFO - Started process (PID=5931) to work on /home/airflow/.local/lib/python3.8/site-packages/airflow/example_dags/example_short_circuit_operator.py
[2026-06-03T12:42:06.867+0000] {processor.py:830} INFO - Processing file /home/airflow/.local/lib/python3.8/site-packages/airflow/example_dags/example_short_circuit_operator.py for tasks to queue
[2026-06-03T12:42:06.868+0000] {logging_mixin.py:188} INFO - [2026-06-03T12:42:06.868+0000] {dagbag.py:538} INFO - Filling up the DagBag from /home/airflow/.local/lib/python3.8/site-packages/airflow/example_dags/example_short_circuit_operator.py
[2026-06-03T12:42:06.870+0000] {processor.py:840} INFO - DAG(s) 'example_short_circuit_operator' retrieved from /home/airflow/.local/lib/python3.8/site-packages/airflow/example_dags/example_short_circuit_operator.py
[2026-06-03T12:42:06.881+0000] {logging_mixin.py:188} INFO - [2026-06-03T12:42:06.881+0000] {dag.py:3033} INFO - Sync 1 DAGs
[2026-06-03T12:42:06.891+0000] {logging_mixin.py:188} INFO - [2026-06-03T12:42:06.891+0000] {dag.py:3820} INFO - Setting next_dagrun for example_short_circuit_operator to 2026-06-02T00:00:00+00:00, run_after=2026-06-03T00:00:00+00:00
[2026-06-03T12:42:06.903+0000] {processor.py:183} INFO - Processing /home/airflow/.local/lib/python3.8/site-packages/airflow/example_dags/example_short_circuit_operator.py took 0.040 seconds
[2026-06-03T12:42:38.053+0000] {processor.py:161} INFO - Started process (PID=5987) to work on /home/airflow/.local/lib/python3.8/site-packages/airflow/example_dags/example_short_circuit_operator.py
[2026-06-03T12:42:38.054+0000] {processor.py:830} INFO - Processing file /home/airflow/.local/lib/python3.8/site-packages/airflow/example_dags/example_short_circuit_operator.py for tasks to queue
[2026-06-03T12:42:38.054+0000] {logging_mixin.py:188} INFO - [2026-06-03T12:42:38.054+0000] {dagbag.py:538} INFO - Filling up the DagBag from /home/airflow/.local/lib/python3.8/site-packages/airflow/example_dags/example_short_circuit_operator.py
[2026-06-03T12:42:38.057+0000] {processor.py:840} INFO - DAG(s) 'example_short_circuit_operator' retrieved from /home/airflow/.local/lib/python3.8/site-packages/airflow/example_dags/example_short_circuit_operator.py
[2026-06-03T12:42:38.067+0000] {logging_mixin.py:188} INFO - [2026-06-03T12:42:38.066+0000] {dag.py:3033} INFO - Sync 1 DAGs
[2026-06-03T12:42:38.074+0000] {logging_mixin.py:188} INFO - [2026-06-03T12:42:38.074+0000] {dag.py:3820} INFO - Setting next_dagrun for example_short_circuit_operator to 2026-06-02T00:00:00+00:00, run_after=2026-06-03T00:00:00+00:00
[2026-06-03T12:42:38.081+0000] {processor.py:183} INFO - Processing /home/airflow/.local/lib/python3.8/site-packages/airflow/example_dags/example_short_circuit_operator.py took 0.029 seconds
[2026-06-03T12:43:08.369+0000] {processor.py:161} INFO - Started process (PID=6043) to work on /home/airflow/.local/lib/python3.8/site-packages/airflow/example_dags/example_short_circuit_operator.py
[2026-06-03T12:43:08.370+0000] {processor.py:830} INFO - Processing file /home/airflow/.local/lib/python3.8/site-packages/airflow/example_dags/example_short_circuit_operator.py for tasks to queue
[2026-06-03T12:43:08.371+0000] {logging_mixin.py:188} INFO - [2026-06-03T12:43:08.371+0000] {dagbag.py:538} INFO - Filling up the DagBag from /home/airflow/.local/lib/python3.8/site-packages/airflow/example_dags/example_short_circuit_operator.py
[2026-06-03T12:43:08.375+0000] {processor.py:840} INFO - DAG(s) 'example_short_circuit_operator' retrieved from /home/airflow/.local/lib/python3.8/site-packages/airflow/example_dags/example_short_circuit_operator.py
[2026-06-03T12:43:08.392+0000] {logging_mixin.py:188} INFO - [2026-06-03T12:43:08.392+0000] {dag.py:3033} INFO - Sync 1 DAGs
[2026-06-03T12:43:08.402+0000] {logging_mixin.py:188} INFO - [2026-06-03T12:43:08.402+0000] {dag.py:3820} INFO - Setting next_dagrun for example_short_circuit_operator to 2026-06-02T00:00:00+00:00, run_after=2026-06-03T00:00:00+00:00
[2026-06-03T12:43:08.414+0000] {processor.py:183} INFO - Processing /home/airflow/.local/lib/python3.8/site-packages/airflow/example_dags/example_short_circuit_operator.py took 0.046 seconds
[2026-06-03T12:43:39.586+0000] {processor.py:161} INFO - Started process (PID=6099) to work on /home/airflow/.local/lib/python3.8/site-packages/airflow/example_dags/example_short_circuit_operator.py
[2026-06-03T12:43:39.588+0000] {processor.py:830} INFO - Processing file /home/airflow/.local/lib/python3.8/site-packages/airflow/example_dags/example_short_circuit_operator.py for tasks to queue
[2026-06-03T12:43:39.590+0000] {logging_mixin.py:188} INFO - [2026-06-03T12:43:39.590+0000] {dagbag.py:538} INFO - Filling up the DagBag from /home/airflow/.local/lib/python3.8/site-packages/airflow/example_dags/example_short_circuit_operator.py
[2026-06-03T12:43:39.593+0000] {processor.py:840} INFO - DAG(s) 'example_short_circuit_operator' retrieved from /home/airflow/.local/lib/python3.8/site-packages/airflow/example_dags/example_short_circuit_operator.py
[2026-06-03T12:43:39.607+0000] {logging_mixin.py:188} INFO - [2026-06-03T12:43:39.607+0000] {dag.py:3033} INFO - Sync 1 DAGs
[2026-06-03T12:43:39.619+0000] {logging_mixin.py:188} INFO - [2026-06-03T12:43:39.619+0000] {dag.py:3820} INFO - Setting next_dagrun for example_short_circuit_operator to 2026-06-02T00:00:00+00:00, run_after=2026-06-03T00:00:00+00:00
[2026-06-03T12:43:39.629+0000] {processor.py:183} INFO - Processing /home/airflow/.local/lib/python3.8/site-packages/airflow/example_dags/example_short_circuit_operator.py took 0.044 seconds
[2026-06-03T12:44:11.048+0000] {processor.py:161} INFO - Started process (PID=6156) to work on /home/airflow/.local/lib/python3.8/site-packages/airflow/example_dags/example_short_circuit_operator.py
[2026-06-03T12:44:11.053+0000] {processor.py:830} INFO - Processing file /home/airflow/.local/lib/python3.8/site-packages/airflow/example_dags/example_short_circuit_operator.py for tasks to queue
[2026-06-03T12:44:11.060+0000] {logging_mixin.py:188} INFO - [2026-06-03T12:44:11.059+0000] {dagbag.py:538} INFO - Filling up the DagBag from /home/airflow/.local/lib/python3.8/site-packages/airflow/example_dags/example_short_circuit_operator.py
[2026-06-03T12:44:11.066+0000] {processor.py:840} INFO - DAG(s) 'example_short_circuit_operator' retrieved from /home/airflow/.local/lib/python3.8/site-packages/airflow/example_dags/example_short_circuit_operator.py
[2026-06-03T12:44:11.099+0000] {logging_mixin.py:188} INFO - [2026-06-03T12:44:11.099+0000] {dag.py:3033} INFO - Sync 1 DAGs
[2026-06-03T12:44:11.130+0000] {logging_mixin.py:188} INFO - [2026-06-03T12:44:11.130+0000] {dag.py:3820} INFO - Setting next_dagrun for example_short_circuit_operator to 2026-06-02T00:00:00+00:00, run_after=2026-06-03T00:00:00+00:00
[2026-06-03T12:44:11.144+0000] {processor.py:183} INFO - Processing /home/airflow/.local/lib/python3.8/site-packages/airflow/example_dags/example_short_circuit_operator.py took 0.102 seconds
[2026-06-03T12:44:41.276+0000] {processor.py:161} INFO - Started process (PID=6225) to work on /home/airflow/.local/lib/python3.8/site-packages/airflow/example_dags/example_short_circuit_operator.py
[2026-06-03T12:44:41.277+0000] {processor.py:830} INFO - Processing file /home/airflow/.local/lib/python3.8/site-packages/airflow/example_dags/example_short_circuit_operator.py for tasks to queue
[2026-06-03T12:44:41.278+0000] {logging_mixin.py:188} INFO - [2026-06-03T12:44:41.278+0000] {dagbag.py:538} INFO - Filling up the DagBag from /home/airflow/.local/lib/python3.8/site-packages/airflow/example_dags/example_short_circuit_operator.py
[2026-06-03T12:44:41.281+0000] {processor.py:840} INFO - DAG(s) 'example_short_circuit_operator' retrieved from /home/airflow/.local/lib/python3.8/site-packages/airflow/example_dags/example_short_circuit_operator.py
[2026-06-03T12:44:41.290+0000] {logging_mixin.py:188} INFO - [2026-06-03T12:44:41.290+0000] {dag.py:3033} INFO - Sync 1 DAGs
[2026-06-03T12:44:41.298+0000] {logging_mixin.py:188} INFO - [2026-06-03T12:44:41.298+0000] {dag.py:3820} INFO - Setting next_dagrun for example_short_circuit_operator to 2026-06-02T00:00:00+00:00, run_after=2026-06-03T00:00:00+00:00
[2026-06-03T12:44:41.305+0000] {processor.py:183} INFO - Processing /home/airflow/.local/lib/python3.8/site-packages/airflow/example_dags/example_short_circuit_operator.py took 0.030 seconds
[2026-06-03T12:45:11.938+0000] {processor.py:161} INFO - Started process (PID=6287) to work on /home/airflow/.local/lib/python3.8/site-packages/airflow/example_dags/example_short_circuit_operator.py
[2026-06-03T12:45:11.940+0000] {processor.py:830} INFO - Processing file /home/airflow/.local/lib/python3.8/site-packages/airflow/example_dags/example_short_circuit_operator.py for tasks to queue
[2026-06-03T12:45:11.941+0000] {logging_mixin.py:188} INFO - [2026-06-03T12:45:11.941+0000] {dagbag.py:538} INFO - Filling up the DagBag from /home/airflow/.local/lib/python3.8/site-packages/airflow/example_dags/example_short_circuit_operator.py
[2026-06-03T12:45:11.949+0000] {processor.py:840} INFO - DAG(s) 'example_short_circuit_operator' retrieved from /home/airflow/.local/lib/python3.8/site-packages/airflow/example_dags/example_short_circuit_operator.py
[2026-06-03T12:45:11.966+0000] {logging_mixin.py:188} INFO - [2026-06-03T12:45:11.966+0000] {dag.py:3033} INFO - Sync 1 DAGs
[2026-06-03T12:45:11.978+0000] {logging_mixin.py:188} INFO - [2026-06-03T12:45:11.978+0000] {dag.py:3820} INFO - Setting next_dagrun for example_short_circuit_operator to 2026-06-02T00:00:00+00:00, run_after=2026-06-03T00:00:00+00:00
[2026-06-03T12:45:11.989+0000] {processor.py:183} INFO - Processing /home/airflow/.local/lib/python3.8/site-packages/airflow/example_dags/example_short_circuit_operator.py took 0.057 seconds
[2026-06-03T12:45:42.966+0000] {processor.py:161} INFO - Started process (PID=6349) to work on /home/airflow/.local/lib/python3.8/site-packages/airflow/example_dags/example_short_circuit_operator.py
[2026-06-03T12:45:42.968+0000] {processor.py:830} INFO - Processing file /home/airflow/.local/lib/python3.8/site-packages/airflow/example_dags/example_short_circuit_operator.py for tasks to queue
[2026-06-03T12:45:42.970+0000] {logging_mixin.py:188} INFO - [2026-06-03T12:45:42.970+0000] {dagbag.py:538} INFO - Filling up the DagBag from /home/airflow/.local/lib/python3.8/site-packages/airflow/example_dags/example_short_circuit_operator.py
[2026-06-03T12:45:42.974+0000] {processor.py:840} INFO - DAG(s) 'example_short_circuit_operator' retrieved from /home/airflow/.local/lib/python3.8/site-packages/airflow/example_dags/example_short_circuit_operator.py
[2026-06-03T12:45:42.990+0000] {logging_mixin.py:188} INFO - [2026-06-03T12:45:42.990+0000] {dag.py:3033} INFO - Sync 1 DAGs
[2026-06-03T12:45:43.003+0000] {logging_mixin.py:188} INFO - [2026-06-03T12:45:43.003+0000] {dag.py:3820} INFO - Setting next_dagrun for example_short_circuit_operator to 2026-06-02T00:00:00+00:00, run_after=2026-06-03T00:00:00+00:00
[2026-06-03T12:45:43.017+0000] {processor.py:183} INFO - Processing /home/airflow/.local/lib/python3.8/site-packages/airflow/example_dags/example_short_circuit_operator.py took 0.055 seconds
[2026-06-03T12:46:13.562+0000] {processor.py:161} INFO - Started process (PID=6404) to work on /home/airflow/.local/lib/python3.8/site-packages/airflow/example_dags/example_short_circuit_operator.py
[2026-06-03T12:46:13.563+0000] {processor.py:830} INFO - Processing file /home/airflow/.local/lib/python3.8/site-packages/airflow/example_dags/example_short_circuit_operator.py for tasks to queue
[2026-06-03T12:46:13.564+0000] {logging_mixin.py:188} INFO - [2026-06-03T12:46:13.564+0000] {dagbag.py:538} INFO - Filling up the DagBag from /home/airflow/.local/lib/python3.8/site-packages/airflow/example_dags/example_short_circuit_operator.py
[2026-06-03T12:46:13.571+0000] {processor.py:840} INFO - DAG(s) 'example_short_circuit_operator' retrieved from /home/airflow/.local/lib/python3.8/site-packages/airflow/example_dags/example_short_circuit_operator.py
[2026-06-03T12:46:13.592+0000] {logging_mixin.py:188} INFO - [2026-06-03T12:46:13.592+0000] {dag.py:3033} INFO - Sync 1 DAGs
[2026-06-03T12:46:13.602+0000] {logging_mixin.py:188} INFO - [2026-06-03T12:46:13.602+0000] {dag.py:3820} INFO - Setting next_dagrun for example_short_circuit_operator to 2026-06-02T00:00:00+00:00, run_after=2026-06-03T00:00:00+00:00
[2026-06-03T12:46:13.623+0000] {processor.py:183} INFO - Processing /home/airflow/.local/lib/python3.8/site-packages/airflow/example_dags/example_short_circuit_operator.py took 0.062 seconds
[2026-06-03T12:46:43.837+0000] {processor.py:161} INFO - Started process (PID=6460) to work on /home/airflow/.local/lib/python3.8/site-packages/airflow/example_dags/example_short_circuit_operator.py
[2026-06-03T12:46:43.837+0000] {processor.py:830} INFO - Processing file /home/airflow/.local/lib/python3.8/site-packages/airflow/example_dags/example_short_circuit_operator.py for tasks to queue
[2026-06-03T12:46:43.840+0000] {logging_mixin.py:188} INFO - [2026-06-03T12:46:43.839+0000] {dagbag.py:538} INFO - Filling up the DagBag from /home/airflow/.local/lib/python3.8/site-packages/airflow/example_dags/example_short_circuit_operator.py
[2026-06-03T12:46:43.848+0000] {processor.py:840} INFO - DAG(s) 'example_short_circuit_operator' retrieved from /home/airflow/.local/lib/python3.8/site-packages/airflow/example_dags/example_short_circuit_operator.py
[2026-06-03T12:46:43.874+0000] {logging_mixin.py:188} INFO - [2026-06-03T12:46:43.874+0000] {dag.py:3033} INFO - Sync 1 DAGs
[2026-06-03T12:46:43.889+0000] {logging_mixin.py:188} INFO - [2026-06-03T12:46:43.889+0000] {dag.py:3820} INFO - Setting next_dagrun for example_short_circuit_operator to 2026-06-02T00:00:00+00:00, run_after=2026-06-03T00:00:00+00:00
[2026-06-03T12:46:43.913+0000] {processor.py:183} INFO - Processing /home/airflow/.local/lib/python3.8/site-packages/airflow/example_dags/example_short_circuit_operator.py took 0.078 seconds
[2026-06-03T12:47:14.477+0000] {processor.py:161} INFO - Started process (PID=6516) to work on /home/airflow/.local/lib/python3.8/site-packages/airflow/example_dags/example_short_circuit_operator.py
[2026-06-03T12:47:14.477+0000] {processor.py:830} INFO - Processing file /home/airflow/.local/lib/python3.8/site-packages/airflow/example_dags/example_short_circuit_operator.py for tasks to queue
[2026-06-03T12:47:14.478+0000] {logging_mixin.py:188} INFO - [2026-06-03T12:47:14.478+0000] {dagbag.py:538} INFO - Filling up the DagBag from /home/airflow/.local/lib/python3.8/site-packages/airflow/example_dags/example_short_circuit_operator.py
[2026-06-03T12:47:14.482+0000] {processor.py:840} INFO - DAG(s) 'example_short_circuit_operator' retrieved from /home/airflow/.local/lib/python3.8/site-packages/airflow/example_dags/example_short_circuit_operator.py
[2026-06-03T12:47:14.492+0000] {logging_mixin.py:188} INFO - [2026-06-03T12:47:14.492+0000] {dag.py:3033} INFO - Sync 1 DAGs
[2026-06-03T12:47:14.505+0000] {logging_mixin.py:188} INFO - [2026-06-03T12:47:14.505+0000] {dag.py:3820} INFO - Setting next_dagrun for example_short_circuit_operator to 2026-06-02T00:00:00+00:00, run_after=2026-06-03T00:00:00+00:00
[2026-06-03T12:47:14.514+0000] {processor.py:183} INFO - Processing /home/airflow/.local/lib/python3.8/site-packages/airflow/example_dags/example_short_circuit_operator.py took 0.039 seconds
[2026-06-03T12:47:45.213+0000] {processor.py:161} INFO - Started process (PID=6572) to work on /home/airflow/.local/lib/python3.8/site-packages/airflow/example_dags/example_short_circuit_operator.py
[2026-06-03T12:47:45.215+0000] {processor.py:830} INFO - Processing file /home/airflow/.local/lib/python3.8/site-packages/airflow/example_dags/example_short_circuit_operator.py for tasks to queue
[2026-06-03T12:47:45.216+0000] {logging_mixin.py:188} INFO - [2026-06-03T12:47:45.215+0000] {dagbag.py:538} INFO - Filling up the DagBag from /home/airflow/.local/lib/python3.8/site-packages/airflow/example_dags/example_short_circuit_operator.py
[2026-06-03T12:47:45.218+0000] {processor.py:840} INFO - DAG(s) 'example_short_circuit_operator' retrieved from /home/airflow/.local/lib/python3.8/site-packages/airflow/example_dags/example_short_circuit_operator.py
[2026-06-03T12:47:45.235+0000] {logging_mixin.py:188} INFO - [2026-06-03T12:47:45.235+0000] {dag.py:3033} INFO - Sync 1 DAGs
[2026-06-03T12:47:45.248+0000] {logging_mixin.py:188} INFO - [2026-06-03T12:47:45.248+0000] {dag.py:3820} INFO - Setting next_dagrun for example_short_circuit_operator to 2026-06-02T00:00:00+00:00, run_after=2026-06-03T00:00:00+00:00
[2026-06-03T12:47:45.257+0000] {processor.py:183} INFO - Processing /home/airflow/.local/lib/python3.8/site-packages/airflow/example_dags/example_short_circuit_operator.py took 0.045 seconds
[2026-06-03T12:48:15.635+0000] {processor.py:161} INFO - Started process (PID=6628) to work on /home/airflow/.local/lib/python3.8/site-packages/airflow/example_dags/example_short_circuit_operator.py
[2026-06-03T12:48:15.636+0000] {processor.py:830} INFO - Processing file /home/airflow/.local/lib/python3.8/site-packages/airflow/example_dags/example_short_circuit_operator.py for tasks to queue
[2026-06-03T12:48:15.639+0000] {logging_mixin.py:188} INFO - [2026-06-03T12:48:15.638+0000] {dagbag.py:538} INFO - Filling up the DagBag from /home/airflow/.local/lib/python3.8/site-packages/airflow/example_dags/example_short_circuit_operator.py
[2026-06-03T12:48:15.649+0000] {processor.py:840} INFO - DAG(s) 'example_short_circuit_operator' retrieved from /home/airflow/.local/lib/python3.8/site-packages/airflow/example_dags/example_short_circuit_operator.py
[2026-06-03T12:48:15.777+0000] {logging_mixin.py:188} INFO - [2026-06-03T12:48:15.776+0000] {dag.py:3033} INFO - Sync 1 DAGs
[2026-06-03T12:48:15.803+0000] {logging_mixin.py:188} INFO - [2026-06-03T12:48:15.803+0000] {dag.py:3820} INFO - Setting next_dagrun for example_short_circuit_operator to 2026-06-02T00:00:00+00:00, run_after=2026-06-03T00:00:00+00:00
[2026-06-03T12:48:15.827+0000] {processor.py:183} INFO - Processing /home/airflow/.local/lib/python3.8/site-packages/airflow/example_dags/example_short_circuit_operator.py took 0.194 seconds
[2026-06-03T12:48:46.783+0000] {processor.py:161} INFO - Started process (PID=6684) to work on /home/airflow/.local/lib/python3.8/site-packages/airflow/example_dags/example_short_circuit_operator.py
[2026-06-03T12:48:46.786+0000] {processor.py:830} INFO - Processing file /home/airflow/.local/lib/python3.8/site-packages/airflow/example_dags/example_short_circuit_operator.py for tasks to queue
[2026-06-03T12:48:46.792+0000] {logging_mixin.py:188} INFO - [2026-06-03T12:48:46.791+0000] {dagbag.py:538} INFO - Filling up the DagBag from /home/airflow/.local/lib/python3.8/site-packages/airflow/example_dags/example_short_circuit_operator.py
[2026-06-03T12:48:46.801+0000] {processor.py:840} INFO - DAG(s) 'example_short_circuit_operator' retrieved from /home/airflow/.local/lib/python3.8/site-packages/airflow/example_dags/example_short_circuit_operator.py
[2026-06-03T12:48:46.842+0000] {logging_mixin.py:188} INFO - [2026-06-03T12:48:46.842+0000] {dag.py:3033} INFO - Sync 1 DAGs
[2026-06-03T12:48:46.875+0000] {logging_mixin.py:188} INFO - [2026-06-03T12:48:46.874+0000] {dag.py:3820} INFO - Setting next_dagrun for example_short_circuit_operator to 2026-06-02T00:00:00+00:00, run_after=2026-06-03T00:00:00+00:00
[2026-06-03T12:48:46.912+0000] {processor.py:183} INFO - Processing /home/airflow/.local/lib/python3.8/site-packages/airflow/example_dags/example_short_circuit_operator.py took 0.140 seconds
[2026-06-03T12:49:17.474+0000] {processor.py:161} INFO - Started process (PID=6740) to work on /home/airflow/.local/lib/python3.8/site-packages/airflow/example_dags/example_short_circuit_operator.py
[2026-06-03T12:49:17.475+0000] {processor.py:830} INFO - Processing file /home/airflow/.local/lib/python3.8/site-packages/airflow/example_dags/example_short_circuit_operator.py for tasks to queue
[2026-06-03T12:49:17.477+0000] {logging_mixin.py:188} INFO - [2026-06-03T12:49:17.477+0000] {dagbag.py:538} INFO - Filling up the DagBag from /home/airflow/.local/lib/python3.8/site-packages/airflow/example_dags/example_short_circuit_operator.py
[2026-06-03T12:49:17.482+0000] {processor.py:840} INFO - DAG(s) 'example_short_circuit_operator' retrieved from /home/airflow/.local/lib/python3.8/site-packages/airflow/example_dags/example_short_circuit_operator.py
[2026-06-03T12:49:17.514+0000] {logging_mixin.py:188} INFO - [2026-06-03T12:49:17.514+0000] {dag.py:3033} INFO - Sync 1 DAGs
[2026-06-03T12:49:17.531+0000] {logging_mixin.py:188} INFO - [2026-06-03T12:49:17.531+0000] {dag.py:3820} INFO - Setting next_dagrun for example_short_circuit_operator to 2026-06-02T00:00:00+00:00, run_after=2026-06-03T00:00:00+00:00
[2026-06-03T12:49:17.545+0000] {processor.py:183} INFO - Processing /home/airflow/.local/lib/python3.8/site-packages/airflow/example_dags/example_short_circuit_operator.py took 0.074 seconds
[2026-06-03T12:49:48.129+0000] {processor.py:161} INFO - Started process (PID=6796) to work on /home/airflow/.local/lib/python3.8/site-packages/airflow/example_dags/example_short_circuit_operator.py
[2026-06-03T12:49:48.133+0000] {processor.py:830} INFO - Processing file /home/airflow/.local/lib/python3.8/site-packages/airflow/example_dags/example_short_circuit_operator.py for tasks to queue
[2026-06-03T12:49:48.138+0000] {logging_mixin.py:188} INFO - [2026-06-03T12:49:48.137+0000] {dagbag.py:538} INFO - Filling up the DagBag from /home/airflow/.local/lib/python3.8/site-packages/airflow/example_dags/example_short_circuit_operator.py
[2026-06-03T12:49:48.164+0000] {processor.py:840} INFO - DAG(s) 'example_short_circuit_operator' retrieved from /home/airflow/.local/lib/python3.8/site-packages/airflow/example_dags/example_short_circuit_operator.py
[2026-06-03T12:49:48.242+0000] {logging_mixin.py:188} INFO - [2026-06-03T12:49:48.242+0000] {dag.py:3033} INFO - Sync 1 DAGs
[2026-06-03T12:49:48.295+0000] {logging_mixin.py:188} INFO - [2026-06-03T12:49:48.295+0000] {dag.py:3820} INFO - Setting next_dagrun for example_short_circuit_operator to 2026-06-02T00:00:00+00:00, run_after=2026-06-03T00:00:00+00:00
[2026-06-03T12:49:48.311+0000] {processor.py:183} INFO - Processing /home/airflow/.local/lib/python3.8/site-packages/airflow/example_dags/example_short_circuit_operator.py took 0.187 seconds
[2026-06-03T12:50:19.210+0000] {processor.py:161} INFO - Started process (PID=6852) to work on /home/airflow/.local/lib/python3.8/site-packages/airflow/example_dags/example_short_circuit_operator.py
[2026-06-03T12:50:19.212+0000] {processor.py:830} INFO - Processing file /home/airflow/.local/lib/python3.8/site-packages/airflow/example_dags/example_short_circuit_operator.py for tasks to queue
[2026-06-03T12:50:19.217+0000] {logging_mixin.py:188} INFO - [2026-06-03T12:50:19.216+0000] {dagbag.py:538} INFO - Filling up the DagBag from /home/airflow/.local/lib/python3.8/site-packages/airflow/example_dags/example_short_circuit_operator.py
[2026-06-03T12:50:19.230+0000] {processor.py:840} INFO - DAG(s) 'example_short_circuit_operator' retrieved from /home/airflow/.local/lib/python3.8/site-packages/airflow/example_dags/example_short_circuit_operator.py
[2026-06-03T12:50:19.284+0000] {logging_mixin.py:188} INFO - [2026-06-03T12:50:19.284+0000] {dag.py:3033} INFO - Sync 1 DAGs
[2026-06-03T12:50:19.310+0000] {logging_mixin.py:188} INFO - [2026-06-03T12:50:19.310+0000] {dag.py:3820} INFO - Setting next_dagrun for example_short_circuit_operator to 2026-06-02T00:00:00+00:00, run_after=2026-06-03T00:00:00+00:00
[2026-06-03T12:50:19.325+0000] {processor.py:183} INFO - Processing /home/airflow/.local/lib/python3.8/site-packages/airflow/example_dags/example_short_circuit_operator.py took 0.120 seconds
[2026-06-03T12:50:59.217+0000] {processor.py:161} INFO - Started process (PID=67) to work on /home/airflow/.local/lib/python3.8/site-packages/airflow/example_dags/example_short_circuit_operator.py
[2026-06-03T12:50:59.218+0000] {processor.py:830} INFO - Processing file /home/airflow/.local/lib/python3.8/site-packages/airflow/example_dags/example_short_circuit_operator.py for tasks to queue
[2026-06-03T12:50:59.220+0000] {logging_mixin.py:188} INFO - [2026-06-03T12:50:59.220+0000] {dagbag.py:538} INFO - Filling up the DagBag from /home/airflow/.local/lib/python3.8/site-packages/airflow/example_dags/example_short_circuit_operator.py
[2026-06-03T12:50:59.233+0000] {processor.py:840} INFO - DAG(s) 'example_short_circuit_operator' retrieved from /home/airflow/.local/lib/python3.8/site-packages/airflow/example_dags/example_short_circuit_operator.py
[2026-06-03T12:50:59.252+0000] {logging_mixin.py:188} INFO - [2026-06-03T12:50:59.252+0000] {dag.py:3033} INFO - Sync 1 DAGs
[2026-06-03T12:50:59.292+0000] {logging_mixin.py:188} INFO - [2026-06-03T12:50:59.292+0000] {dag.py:3820} INFO - Setting next_dagrun for example_short_circuit_operator to 2026-06-02T00:00:00+00:00, run_after=2026-06-03T00:00:00+00:00
[2026-06-03T12:50:59.318+0000] {processor.py:183} INFO - Processing /home/airflow/.local/lib/python3.8/site-packages/airflow/example_dags/example_short_circuit_operator.py took 0.114 seconds
[2026-06-03T12:51:29.453+0000] {processor.py:161} INFO - Started process (PID=123) to work on /home/airflow/.local/lib/python3.8/site-packages/airflow/example_dags/example_short_circuit_operator.py
[2026-06-03T12:51:29.454+0000] {processor.py:830} INFO - Processing file /home/airflow/.local/lib/python3.8/site-packages/airflow/example_dags/example_short_circuit_operator.py for tasks to queue
[2026-06-03T12:51:29.456+0000] {logging_mixin.py:188} INFO - [2026-06-03T12:51:29.455+0000] {dagbag.py:538} INFO - Filling up the DagBag from /home/airflow/.local/lib/python3.8/site-packages/airflow/example_dags/example_short_circuit_operator.py
[2026-06-03T12:51:29.460+0000] {processor.py:840} INFO - DAG(s) 'example_short_circuit_operator' retrieved from /home/airflow/.local/lib/python3.8/site-packages/airflow/example_dags/example_short_circuit_operator.py
[2026-06-03T12:51:29.525+0000] {logging_mixin.py:188} INFO - [2026-06-03T12:51:29.525+0000] {dag.py:3033} INFO - Sync 1 DAGs
[2026-06-03T12:51:29.533+0000] {logging_mixin.py:188} INFO - [2026-06-03T12:51:29.533+0000] {dag.py:3820} INFO - Setting next_dagrun for example_short_circuit_operator to 2026-06-02T00:00:00+00:00, run_after=2026-06-03T00:00:00+00:00
[2026-06-03T12:51:29.546+0000] {processor.py:183} INFO - Processing /home/airflow/.local/lib/python3.8/site-packages/airflow/example_dags/example_short_circuit_operator.py took 0.095 seconds
[2026-06-03T12:52:00.531+0000] {processor.py:161} INFO - Started process (PID=179) to work on /home/airflow/.local/lib/python3.8/site-packages/airflow/example_dags/example_short_circuit_operator.py
[2026-06-03T12:52:00.533+0000] {processor.py:830} INFO - Processing file /home/airflow/.local/lib/python3.8/site-packages/airflow/example_dags/example_short_circuit_operator.py for tasks to queue
[2026-06-03T12:52:00.537+0000] {logging_mixin.py:188} INFO - [2026-06-03T12:52:00.537+0000] {dagbag.py:538} INFO - Filling up the DagBag from /home/airflow/.local/lib/python3.8/site-packages/airflow/example_dags/example_short_circuit_operator.py
[2026-06-03T12:52:00.543+0000] {processor.py:840} INFO - DAG(s) 'example_short_circuit_operator' retrieved from /home/airflow/.local/lib/python3.8/site-packages/airflow/example_dags/example_short_circuit_operator.py
[2026-06-03T12:52:00.555+0000] {logging_mixin.py:188} INFO - [2026-06-03T12:52:00.555+0000] {dag.py:3033} INFO - Sync 1 DAGs
[2026-06-03T12:52:00.566+0000] {logging_mixin.py:188} INFO - [2026-06-03T12:52:00.566+0000] {dag.py:3820} INFO - Setting next_dagrun for example_short_circuit_operator to 2026-06-02T00:00:00+00:00, run_after=2026-06-03T00:00:00+00:00
[2026-06-03T12:52:00.585+0000] {processor.py:183} INFO - Processing /home/airflow/.local/lib/python3.8/site-packages/airflow/example_dags/example_short_circuit_operator.py took 0.058 seconds
[2026-06-03T12:52:31.362+0000] {processor.py:161} INFO - Started process (PID=235) to work on /home/airflow/.local/lib/python3.8/site-packages/airflow/example_dags/example_short_circuit_operator.py
[2026-06-03T12:52:31.363+0000] {processor.py:830} INFO - Processing file /home/airflow/.local/lib/python3.8/site-packages/airflow/example_dags/example_short_circuit_operator.py for tasks to queue
[2026-06-03T12:52:31.364+0000] {logging_mixin.py:188} INFO - [2026-06-03T12:52:31.364+0000] {dagbag.py:538} INFO - Filling up the DagBag from /home/airflow/.local/lib/python3.8/site-packages/airflow/example_dags/example_short_circuit_operator.py
[2026-06-03T12:52:31.376+0000] {processor.py:840} INFO - DAG(s) 'example_short_circuit_operator' retrieved from /home/airflow/.local/lib/python3.8/site-packages/airflow/example_dags/example_short_circuit_operator.py
[2026-06-03T12:52:31.418+0000] {logging_mixin.py:188} INFO - [2026-06-03T12:52:31.417+0000] {dag.py:3033} INFO - Sync 1 DAGs
[2026-06-03T12:52:31.438+0000] {logging_mixin.py:188} INFO - [2026-06-03T12:52:31.437+0000] {dag.py:3820} INFO - Setting next_dagrun for example_short_circuit_operator to 2026-06-02T00:00:00+00:00, run_after=2026-06-03T00:00:00+00:00
[2026-06-03T12:52:31.454+0000] {processor.py:183} INFO - Processing /home/airflow/.local/lib/python3.8/site-packages/airflow/example_dags/example_short_circuit_operator.py took 0.094 seconds
[2026-06-03T12:53:01.929+0000] {processor.py:161} INFO - Started process (PID=291) to work on /home/airflow/.local/lib/python3.8/site-packages/airflow/example_dags/example_short_circuit_operator.py
[2026-06-03T12:53:01.932+0000] {processor.py:830} INFO - Processing file /home/airflow/.local/lib/python3.8/site-packages/airflow/example_dags/example_short_circuit_operator.py for tasks to queue
[2026-06-03T12:53:01.934+0000] {logging_mixin.py:188} INFO - [2026-06-03T12:53:01.933+0000] {dagbag.py:538} INFO - Filling up the DagBag from /home/airflow/.local/lib/python3.8/site-packages/airflow/example_dags/example_short_circuit_operator.py
[2026-06-03T12:53:01.937+0000] {processor.py:840} INFO - DAG(s) 'example_short_circuit_operator' retrieved from /home/airflow/.local/lib/python3.8/site-packages/airflow/example_dags/example_short_circuit_operator.py
[2026-06-03T12:53:01.949+0000] {logging_mixin.py:188} INFO - [2026-06-03T12:53:01.949+0000] {dag.py:3033} INFO - Sync 1 DAGs
[2026-06-03T12:53:01.963+0000] {logging_mixin.py:188} INFO - [2026-06-03T12:53:01.963+0000] {dag.py:3820} INFO - Setting next_dagrun for example_short_circuit_operator to 2026-06-02T00:00:00+00:00, run_after=2026-06-03T00:00:00+00:00
[2026-06-03T12:53:01.973+0000] {processor.py:183} INFO - Processing /home/airflow/.local/lib/python3.8/site-packages/airflow/example_dags/example_short_circuit_operator.py took 0.045 seconds
[2026-06-03T12:53:33.145+0000] {processor.py:161} INFO - Started process (PID=353) to work on /home/airflow/.local/lib/python3.8/site-packages/airflow/example_dags/example_short_circuit_operator.py
[2026-06-03T12:53:33.145+0000] {processor.py:830} INFO - Processing file /home/airflow/.local/lib/python3.8/site-packages/airflow/example_dags/example_short_circuit_operator.py for tasks to queue
[2026-06-03T12:53:33.146+0000] {logging_mixin.py:188} INFO - [2026-06-03T12:53:33.146+0000] {dagbag.py:538} INFO - Filling up the DagBag from /home/airflow/.local/lib/python3.8/site-packages/airflow/example_dags/example_short_circuit_operator.py
[2026-06-03T12:53:33.149+0000] {processor.py:840} INFO - DAG(s) 'example_short_circuit_operator' retrieved from /home/airflow/.local/lib/python3.8/site-packages/airflow/example_dags/example_short_circuit_operator.py
[2026-06-03T12:53:33.163+0000] {logging_mixin.py:188} INFO - [2026-06-03T12:53:33.163+0000] {dag.py:3033} INFO - Sync 1 DAGs
[2026-06-03T12:53:33.174+0000] {logging_mixin.py:188} INFO - [2026-06-03T12:53:33.174+0000] {dag.py:3820} INFO - Setting next_dagrun for example_short_circuit_operator to 2026-06-02T00:00:00+00:00, run_after=2026-06-03T00:00:00+00:00
[2026-06-03T12:53:33.200+0000] {processor.py:183} INFO - Processing /home/airflow/.local/lib/python3.8/site-packages/airflow/example_dags/example_short_circuit_operator.py took 0.057 seconds
[2026-06-03T12:54:04.274+0000] {processor.py:161} INFO - Started process (PID=409) to work on /home/airflow/.local/lib/python3.8/site-packages/airflow/example_dags/example_short_circuit_operator.py
[2026-06-03T12:54:04.275+0000] {processor.py:830} INFO - Processing file /home/airflow/.local/lib/python3.8/site-packages/airflow/example_dags/example_short_circuit_operator.py for tasks to queue
[2026-06-03T12:54:04.278+0000] {logging_mixin.py:188} INFO - [2026-06-03T12:54:04.278+0000] {dagbag.py:538} INFO - Filling up the DagBag from /home/airflow/.local/lib/python3.8/site-packages/airflow/example_dags/example_short_circuit_operator.py
[2026-06-03T12:54:04.283+0000] {processor.py:840} INFO - DAG(s) 'example_short_circuit_operator' retrieved from /home/airflow/.local/lib/python3.8/site-packages/airflow/example_dags/example_short_circuit_operator.py
[2026-06-03T12:54:04.307+0000] {logging_mixin.py:188} INFO - [2026-06-03T12:54:04.307+0000] {dag.py:3033} INFO - Sync 1 DAGs
[2026-06-03T12:54:04.323+0000] {logging_mixin.py:188} INFO - [2026-06-03T12:54:04.323+0000] {dag.py:3820} INFO - Setting next_dagrun for example_short_circuit_operator to 2026-06-02T00:00:00+00:00, run_after=2026-06-03T00:00:00+00:00
[2026-06-03T12:54:04.332+0000] {processor.py:183} INFO - Processing /home/airflow/.local/lib/python3.8/site-packages/airflow/example_dags/example_short_circuit_operator.py took 0.061 seconds
[2026-06-03T12:54:34.697+0000] {processor.py:161} INFO - Started process (PID=465) to work on /home/airflow/.local/lib/python3.8/site-packages/airflow/example_dags/example_short_circuit_operator.py
[2026-06-03T12:54:34.698+0000] {processor.py:830} INFO - Processing file /home/airflow/.local/lib/python3.8/site-packages/airflow/example_dags/example_short_circuit_operator.py for tasks to queue
[2026-06-03T12:54:34.699+0000] {logging_mixin.py:188} INFO - [2026-06-03T12:54:34.699+0000] {dagbag.py:538} INFO - Filling up the DagBag from /home/airflow/.local/lib/python3.8/site-packages/airflow/example_dags/example_short_circuit_operator.py
[2026-06-03T12:54:34.704+0000] {processor.py:840} INFO - DAG(s) 'example_short_circuit_operator' retrieved from /home/airflow/.local/lib/python3.8/site-packages/airflow/example_dags/example_short_circuit_operator.py
[2026-06-03T12:54:34.714+0000] {logging_mixin.py:188} INFO - [2026-06-03T12:54:34.714+0000] {dag.py:3033} INFO - Sync 1 DAGs
[2026-06-03T12:54:34.725+0000] {logging_mixin.py:188} INFO - [2026-06-03T12:54:34.725+0000] {dag.py:3820} INFO - Setting next_dagrun for example_short_circuit_operator to 2026-06-02T00:00:00+00:00, run_after=2026-06-03T00:00:00+00:00
[2026-06-03T12:54:34.733+0000] {processor.py:183} INFO - Processing /home/airflow/.local/lib/python3.8/site-packages/airflow/example_dags/example_short_circuit_operator.py took 0.038 seconds
[2026-06-03T12:55:05.109+0000] {processor.py:161} INFO - Started process (PID=521) to work on /home/airflow/.local/lib/python3.8/site-packages/airflow/example_dags/example_short_circuit_operator.py
[2026-06-03T12:55:05.111+0000] {processor.py:830} INFO - Processing file /home/airflow/.local/lib/python3.8/site-packages/airflow/example_dags/example_short_circuit_operator.py for tasks to queue
[2026-06-03T12:55:05.113+0000] {logging_mixin.py:188} INFO - [2026-06-03T12:55:05.113+0000] {dagbag.py:538} INFO - Filling up the DagBag from /home/airflow/.local/lib/python3.8/site-packages/airflow/example_dags/example_short_circuit_operator.py
[2026-06-03T12:55:05.118+0000] {processor.py:840} INFO - DAG(s) 'example_short_circuit_operator' retrieved from /home/airflow/.local/lib/python3.8/site-packages/airflow/example_dags/example_short_circuit_operator.py
[2026-06-03T12:55:05.129+0000] {logging_mixin.py:188} INFO - [2026-06-03T12:55:05.129+0000] {dag.py:3033} INFO - Sync 1 DAGs
[2026-06-03T12:55:05.142+0000] {logging_mixin.py:188} INFO - [2026-06-03T12:55:05.142+0000] {dag.py:3820} INFO - Setting next_dagrun for example_short_circuit_operator to 2026-06-02T00:00:00+00:00, run_after=2026-06-03T00:00:00+00:00
[2026-06-03T12:55:05.166+0000] {processor.py:183} INFO - Processing /home/airflow/.local/lib/python3.8/site-packages/airflow/example_dags/example_short_circuit_operator.py took 0.059 seconds
[2026-06-03T12:55:36.332+0000] {processor.py:161} INFO - Started process (PID=577) to work on /home/airflow/.local/lib/python3.8/site-packages/airflow/example_dags/example_short_circuit_operator.py
[2026-06-03T12:55:36.333+0000] {processor.py:830} INFO - Processing file /home/airflow/.local/lib/python3.8/site-packages/airflow/example_dags/example_short_circuit_operator.py for tasks to queue
[2026-06-03T12:55:36.334+0000] {logging_mixin.py:188} INFO - [2026-06-03T12:55:36.334+0000] {dagbag.py:538} INFO - Filling up the DagBag from /home/airflow/.local/lib/python3.8/site-packages/airflow/example_dags/example_short_circuit_operator.py
[2026-06-03T12:55:36.337+0000] {processor.py:840} INFO - DAG(s) 'example_short_circuit_operator' retrieved from /home/airflow/.local/lib/python3.8/site-packages/airflow/example_dags/example_short_circuit_operator.py
[2026-06-03T12:55:36.348+0000] {logging_mixin.py:188} INFO - [2026-06-03T12:55:36.347+0000] {dag.py:3033} INFO - Sync 1 DAGs
[2026-06-03T12:55:36.380+0000] {logging_mixin.py:188} INFO - [2026-06-03T12:55:36.380+0000] {dag.py:3820} INFO - Setting next_dagrun for example_short_circuit_operator to 2026-06-02T00:00:00+00:00, run_after=2026-06-03T00:00:00+00:00
[2026-06-03T12:55:36.398+0000] {processor.py:183} INFO - Processing /home/airflow/.local/lib/python3.8/site-packages/airflow/example_dags/example_short_circuit_operator.py took 0.068 seconds
[2026-06-03T12:56:06.523+0000] {processor.py:161} INFO - Started process (PID=639) to work on /home/airflow/.local/lib/python3.8/site-packages/airflow/example_dags/example_short_circuit_operator.py
[2026-06-03T12:56:06.525+0000] {processor.py:830} INFO - Processing file /home/airflow/.local/lib/python3.8/site-packages/airflow/example_dags/example_short_circuit_operator.py for tasks to queue
[2026-06-03T12:56:06.527+0000] {logging_mixin.py:188} INFO - [2026-06-03T12:56:06.527+0000] {dagbag.py:538} INFO - Filling up the DagBag from /home/airflow/.local/lib/python3.8/site-packages/airflow/example_dags/example_short_circuit_operator.py
[2026-06-03T12:56:06.533+0000] {processor.py:840} INFO - DAG(s) 'example_short_circuit_operator' retrieved from /home/airflow/.local/lib/python3.8/site-packages/airflow/example_dags/example_short_circuit_operator.py
[2026-06-03T12:56:06.551+0000] {logging_mixin.py:188} INFO - [2026-06-03T12:56:06.551+0000] {dag.py:3033} INFO - Sync 1 DAGs
[2026-06-03T12:56:06.568+0000] {logging_mixin.py:188} INFO - [2026-06-03T12:56:06.568+0000] {dag.py:3820} INFO - Setting next_dagrun for example_short_circuit_operator to 2026-06-02T00:00:00+00:00, run_after=2026-06-03T00:00:00+00:00
[2026-06-03T12:56:06.585+0000] {processor.py:183} INFO - Processing /home/airflow/.local/lib/python3.8/site-packages/airflow/example_dags/example_short_circuit_operator.py took 0.065 seconds
[2026-06-03T12:56:37.615+0000] {processor.py:161} INFO - Started process (PID=757) to work on /home/airflow/.local/lib/python3.8/site-packages/airflow/example_dags/example_short_circuit_operator.py
[2026-06-03T12:56:37.616+0000] {processor.py:830} INFO - Processing file /home/airflow/.local/lib/python3.8/site-packages/airflow/example_dags/example_short_circuit_operator.py for tasks to queue
[2026-06-03T12:56:37.619+0000] {logging_mixin.py:188} INFO - [2026-06-03T12:56:37.619+0000] {dagbag.py:538} INFO - Filling up the DagBag from /home/airflow/.local/lib/python3.8/site-packages/airflow/example_dags/example_short_circuit_operator.py
[2026-06-03T12:56:37.623+0000] {processor.py:840} INFO - DAG(s) 'example_short_circuit_operator' retrieved from /home/airflow/.local/lib/python3.8/site-packages/airflow/example_dags/example_short_circuit_operator.py
[2026-06-03T12:56:37.648+0000] {logging_mixin.py:188} INFO - [2026-06-03T12:56:37.648+0000] {dag.py:3033} INFO - Sync 1 DAGs
[2026-06-03T12:56:37.660+0000] {logging_mixin.py:188} INFO - [2026-06-03T12:56:37.660+0000] {dag.py:3820} INFO - Setting next_dagrun for example_short_circuit_operator to 2026-06-02T00:00:00+00:00, run_after=2026-06-03T00:00:00+00:00
[2026-06-03T12:56:37.672+0000] {processor.py:183} INFO - Processing /home/airflow/.local/lib/python3.8/site-packages/airflow/example_dags/example_short_circuit_operator.py took 0.059 seconds
[2026-06-03T12:57:08.459+0000] {processor.py:161} INFO - Started process (PID=835) to work on /home/airflow/.local/lib/python3.8/site-packages/airflow/example_dags/example_short_circuit_operator.py
[2026-06-03T12:57:08.462+0000] {processor.py:830} INFO - Processing file /home/airflow/.local/lib/python3.8/site-packages/airflow/example_dags/example_short_circuit_operator.py for tasks to queue
[2026-06-03T12:57:08.464+0000] {logging_mixin.py:188} INFO - [2026-06-03T12:57:08.464+0000] {dagbag.py:538} INFO - Filling up the DagBag from /home/airflow/.local/lib/python3.8/site-packages/airflow/example_dags/example_short_circuit_operator.py
[2026-06-03T12:57:08.476+0000] {processor.py:840} INFO - DAG(s) 'example_short_circuit_operator' retrieved from /home/airflow/.local/lib/python3.8/site-packages/airflow/example_dags/example_short_circuit_operator.py
[2026-06-03T12:57:08.502+0000] {logging_mixin.py:188} INFO - [2026-06-03T12:57:08.502+0000] {dag.py:3033} INFO - Sync 1 DAGs
[2026-06-03T12:57:08.513+0000] {logging_mixin.py:188} INFO - [2026-06-03T12:57:08.513+0000] {dag.py:3820} INFO - Setting next_dagrun for example_short_circuit_operator to 2026-06-02T00:00:00+00:00, run_after=2026-06-03T00:00:00+00:00
[2026-06-03T12:57:08.524+0000] {processor.py:183} INFO - Processing /home/airflow/.local/lib/python3.8/site-packages/airflow/example_dags/example_short_circuit_operator.py took 0.068 seconds
[2026-06-03T12:57:39.148+0000] {processor.py:161} INFO - Started process (PID=891) to work on /home/airflow/.local/lib/python3.8/site-packages/airflow/example_dags/example_short_circuit_operator.py
[2026-06-03T12:57:39.149+0000] {processor.py:830} INFO - Processing file /home/airflow/.local/lib/python3.8/site-packages/airflow/example_dags/example_short_circuit_operator.py for tasks to queue
[2026-06-03T12:57:39.151+0000] {logging_mixin.py:188} INFO - [2026-06-03T12:57:39.150+0000] {dagbag.py:538} INFO - Filling up the DagBag from /home/airflow/.local/lib/python3.8/site-packages/airflow/example_dags/example_short_circuit_operator.py
[2026-06-03T12:57:39.155+0000] {processor.py:840} INFO - DAG(s) 'example_short_circuit_operator' retrieved from /home/airflow/.local/lib/python3.8/site-packages/airflow/example_dags/example_short_circuit_operator.py
[2026-06-03T12:57:39.170+0000] {logging_mixin.py:188} INFO - [2026-06-03T12:57:39.170+0000] {dag.py:3033} INFO - Sync 1 DAGs
[2026-06-03T12:57:39.182+0000] {logging_mixin.py:188} INFO - [2026-06-03T12:57:39.181+0000] {dag.py:3820} INFO - Setting next_dagrun for example_short_circuit_operator to 2026-06-02T00:00:00+00:00, run_after=2026-06-03T00:00:00+00:00
[2026-06-03T12:57:39.192+0000] {processor.py:183} INFO - Processing /home/airflow/.local/lib/python3.8/site-packages/airflow/example_dags/example_short_circuit_operator.py took 0.046 seconds
[2026-06-03T12:58:09.400+0000] {processor.py:161} INFO - Started process (PID=947) to work on /home/airflow/.local/lib/python3.8/site-packages/airflow/example_dags/example_short_circuit_operator.py
[2026-06-03T12:58:09.400+0000] {processor.py:830} INFO - Processing file /home/airflow/.local/lib/python3.8/site-packages/airflow/example_dags/example_short_circuit_operator.py for tasks to queue
[2026-06-03T12:58:09.401+0000] {logging_mixin.py:188} INFO - [2026-06-03T12:58:09.401+0000] {dagbag.py:538} INFO - Filling up the DagBag from /home/airflow/.local/lib/python3.8/site-packages/airflow/example_dags/example_short_circuit_operator.py
[2026-06-03T12:58:09.404+0000] {processor.py:840} INFO - DAG(s) 'example_short_circuit_operator' retrieved from /home/airflow/.local/lib/python3.8/site-packages/airflow/example_dags/example_short_circuit_operator.py
[2026-06-03T12:58:09.416+0000] {logging_mixin.py:188} INFO - [2026-06-03T12:58:09.416+0000] {dag.py:3033} INFO - Sync 1 DAGs
[2026-06-03T12:58:09.425+0000] {logging_mixin.py:188} INFO - [2026-06-03T12:58:09.425+0000] {dag.py:3820} INFO - Setting next_dagrun for example_short_circuit_operator to 2026-06-02T00:00:00+00:00, run_after=2026-06-03T00:00:00+00:00
[2026-06-03T12:58:09.434+0000] {processor.py:183} INFO - Processing /home/airflow/.local/lib/python3.8/site-packages/airflow/example_dags/example_short_circuit_operator.py took 0.036 seconds
[2026-06-03T12:58:39.990+0000] {processor.py:161} INFO - Started process (PID=1003) to work on /home/airflow/.local/lib/python3.8/site-packages/airflow/example_dags/example_short_circuit_operator.py
[2026-06-03T12:58:39.991+0000] {processor.py:830} INFO - Processing file /home/airflow/.local/lib/python3.8/site-packages/airflow/example_dags/example_short_circuit_operator.py for tasks to queue
[2026-06-03T12:58:39.992+0000] {logging_mixin.py:188} INFO - [2026-06-03T12:58:39.992+0000] {dagbag.py:538} INFO - Filling up the DagBag from /home/airflow/.local/lib/python3.8/site-packages/airflow/example_dags/example_short_circuit_operator.py
[2026-06-03T12:58:39.997+0000] {processor.py:840} INFO - DAG(s) 'example_short_circuit_operator' retrieved from /home/airflow/.local/lib/python3.8/site-packages/airflow/example_dags/example_short_circuit_operator.py
[2026-06-03T12:58:40.008+0000] {logging_mixin.py:188} INFO - [2026-06-03T12:58:40.008+0000] {dag.py:3033} INFO - Sync 1 DAGs
[2026-06-03T12:58:40.024+0000] {logging_mixin.py:188} INFO - [2026-06-03T12:58:40.024+0000] {dag.py:3820} INFO - Setting next_dagrun for example_short_circuit_operator to 2026-06-02T00:00:00+00:00, run_after=2026-06-03T00:00:00+00:00
[2026-06-03T12:58:40.036+0000] {processor.py:183} INFO - Processing /home/airflow/.local/lib/python3.8/site-packages/airflow/example_dags/example_short_circuit_operator.py took 0.047 seconds
[2026-06-03T12:59:11.050+0000] {processor.py:161} INFO - Started process (PID=1059) to work on /home/airflow/.local/lib/python3.8/site-packages/airflow/example_dags/example_short_circuit_operator.py
[2026-06-03T12:59:11.051+0000] {processor.py:830} INFO - Processing file /home/airflow/.local/lib/python3.8/site-packages/airflow/example_dags/example_short_circuit_operator.py for tasks to queue
[2026-06-03T12:59:11.051+0000] {logging_mixin.py:188} INFO - [2026-06-03T12:59:11.051+0000] {dagbag.py:538} INFO - Filling up the DagBag from /home/airflow/.local/lib/python3.8/site-packages/airflow/example_dags/example_short_circuit_operator.py
[2026-06-03T12:59:11.054+0000] {processor.py:840} INFO - DAG(s) 'example_short_circuit_operator' retrieved from /home/airflow/.local/lib/python3.8/site-packages/airflow/example_dags/example_short_circuit_operator.py
[2026-06-03T12:59:11.063+0000] {logging_mixin.py:188} INFO - [2026-06-03T12:59:11.063+0000] {dag.py:3033} INFO - Sync 1 DAGs
[2026-06-03T12:59:11.070+0000] {logging_mixin.py:188} INFO - [2026-06-03T12:59:11.070+0000] {dag.py:3820} INFO - Setting next_dagrun for example_short_circuit_operator to 2026-06-02T00:00:00+00:00, run_after=2026-06-03T00:00:00+00:00
[2026-06-03T12:59:11.076+0000] {processor.py:183} INFO - Processing /home/airflow/.local/lib/python3.8/site-packages/airflow/example_dags/example_short_circuit_operator.py took 0.027 seconds
[2026-06-03T12:59:41.319+0000] {processor.py:161} INFO - Started process (PID=1115) to work on /home/airflow/.local/lib/python3.8/site-packages/airflow/example_dags/example_short_circuit_operator.py
[2026-06-03T12:59:41.319+0000] {processor.py:830} INFO - Processing file /home/airflow/.local/lib/python3.8/site-packages/airflow/example_dags/example_short_circuit_operator.py for tasks to queue
[2026-06-03T12:59:41.321+0000] {logging_mixin.py:188} INFO - [2026-06-03T12:59:41.321+0000] {dagbag.py:538} INFO - Filling up the DagBag from /home/airflow/.local/lib/python3.8/site-packages/airflow/example_dags/example_short_circuit_operator.py
[2026-06-03T12:59:41.327+0000] {processor.py:840} INFO - DAG(s) 'example_short_circuit_operator' retrieved from /home/airflow/.local/lib/python3.8/site-packages/airflow/example_dags/example_short_circuit_operator.py
[2026-06-03T12:59:41.339+0000] {logging_mixin.py:188} INFO - [2026-06-03T12:59:41.339+0000] {dag.py:3033} INFO - Sync 1 DAGs
[2026-06-03T12:59:41.348+0000] {logging_mixin.py:188} INFO - [2026-06-03T12:59:41.348+0000] {dag.py:3820} INFO - Setting next_dagrun for example_short_circuit_operator to 2026-06-02T00:00:00+00:00, run_after=2026-06-03T00:00:00+00:00
[2026-06-03T12:59:41.358+0000] {processor.py:183} INFO - Processing /home/airflow/.local/lib/python3.8/site-packages/airflow/example_dags/example_short_circuit_operator.py took 0.040 seconds
[2026-06-03T13:00:11.814+0000] {processor.py:161} INFO - Started process (PID=1171) to work on /home/airflow/.local/lib/python3.8/site-packages/airflow/example_dags/example_short_circuit_operator.py
[2026-06-03T13:00:11.816+0000] {processor.py:830} INFO - Processing file /home/airflow/.local/lib/python3.8/site-packages/airflow/example_dags/example_short_circuit_operator.py for tasks to queue
[2026-06-03T13:00:11.817+0000] {logging_mixin.py:188} INFO - [2026-06-03T13:00:11.817+0000] {dagbag.py:538} INFO - Filling up the DagBag from /home/airflow/.local/lib/python3.8/site-packages/airflow/example_dags/example_short_circuit_operator.py
[2026-06-03T13:00:11.823+0000] {processor.py:840} INFO - DAG(s) 'example_short_circuit_operator' retrieved from /home/airflow/.local/lib/python3.8/site-packages/airflow/example_dags/example_short_circuit_operator.py
[2026-06-03T13:00:11.839+0000] {logging_mixin.py:188} INFO - [2026-06-03T13:00:11.839+0000] {dag.py:3033} INFO - Sync 1 DAGs
[2026-06-03T13:00:11.849+0000] {logging_mixin.py:188} INFO - [2026-06-03T13:00:11.849+0000] {dag.py:3820} INFO - Setting next_dagrun for example_short_circuit_operator to 2026-06-02T00:00:00+00:00, run_after=2026-06-03T00:00:00+00:00
[2026-06-03T13:00:11.861+0000] {processor.py:183} INFO - Processing /home/airflow/.local/lib/python3.8/site-packages/airflow/example_dags/example_short_circuit_operator.py took 0.051 seconds
[2026-06-03T13:00:42.234+0000] {processor.py:161} INFO - Started process (PID=1227) to work on /home/airflow/.local/lib/python3.8/site-packages/airflow/example_dags/example_short_circuit_operator.py
[2026-06-03T13:00:42.235+0000] {processor.py:830} INFO - Processing file /home/airflow/.local/lib/python3.8/site-packages/airflow/example_dags/example_short_circuit_operator.py for tasks to queue
[2026-06-03T13:00:42.236+0000] {logging_mixin.py:188} INFO - [2026-06-03T13:00:42.236+0000] {dagbag.py:538} INFO - Filling up the DagBag from /home/airflow/.local/lib/python3.8/site-packages/airflow/example_dags/example_short_circuit_operator.py
[2026-06-03T13:00:42.239+0000] {processor.py:840} INFO - DAG(s) 'example_short_circuit_operator' retrieved from /home/airflow/.local/lib/python3.8/site-packages/airflow/example_dags/example_short_circuit_operator.py
[2026-06-03T13:00:42.253+0000] {logging_mixin.py:188} INFO - [2026-06-03T13:00:42.253+0000] {dag.py:3033} INFO - Sync 1 DAGs
[2026-06-03T13:00:42.263+0000] {logging_mixin.py:188} INFO - [2026-06-03T13:00:42.263+0000] {dag.py:3820} INFO - Setting next_dagrun for example_short_circuit_operator to 2026-06-02T00:00:00+00:00, run_after=2026-06-03T00:00:00+00:00
[2026-06-03T13:00:42.276+0000] {processor.py:183} INFO - Processing /home/airflow/.local/lib/python3.8/site-packages/airflow/example_dags/example_short_circuit_operator.py took 0.043 seconds
[2026-06-03T13:01:13.017+0000] {processor.py:161} INFO - Started process (PID=1283) to work on /home/airflow/.local/lib/python3.8/site-packages/airflow/example_dags/example_short_circuit_operator.py
[2026-06-03T13:01:13.020+0000] {processor.py:830} INFO - Processing file /home/airflow/.local/lib/python3.8/site-packages/airflow/example_dags/example_short_circuit_operator.py for tasks to queue
[2026-06-03T13:01:13.021+0000] {logging_mixin.py:188} INFO - [2026-06-03T13:01:13.021+0000] {dagbag.py:538} INFO - Filling up the DagBag from /home/airflow/.local/lib/python3.8/site-packages/airflow/example_dags/example_short_circuit_operator.py
[2026-06-03T13:01:13.028+0000] {processor.py:840} INFO - DAG(s) 'example_short_circuit_operator' retrieved from /home/airflow/.local/lib/python3.8/site-packages/airflow/example_dags/example_short_circuit_operator.py
[2026-06-03T13:01:13.063+0000] {logging_mixin.py:188} INFO - [2026-06-03T13:01:13.063+0000] {dag.py:3033} INFO - Sync 1 DAGs
[2026-06-03T13:01:13.078+0000] {logging_mixin.py:188} INFO - [2026-06-03T13:01:13.077+0000] {dag.py:3820} INFO - Setting next_dagrun for example_short_circuit_operator to 2026-06-02T00:00:00+00:00, run_after=2026-06-03T00:00:00+00:00
[2026-06-03T13:01:13.094+0000] {processor.py:183} INFO - Processing /home/airflow/.local/lib/python3.8/site-packages/airflow/example_dags/example_short_circuit_operator.py took 0.078 seconds
[2026-06-03T13:01:43.529+0000] {processor.py:161} INFO - Started process (PID=1339) to work on /home/airflow/.local/lib/python3.8/site-packages/airflow/example_dags/example_short_circuit_operator.py
[2026-06-03T13:01:43.530+0000] {processor.py:830} INFO - Processing file /home/airflow/.local/lib/python3.8/site-packages/airflow/example_dags/example_short_circuit_operator.py for tasks to queue
[2026-06-03T13:01:43.531+0000] {logging_mixin.py:188} INFO - [2026-06-03T13:01:43.531+0000] {dagbag.py:538} INFO - Filling up the DagBag from /home/airflow/.local/lib/python3.8/site-packages/airflow/example_dags/example_short_circuit_operator.py
[2026-06-03T13:01:43.536+0000] {processor.py:840} INFO - DAG(s) 'example_short_circuit_operator' retrieved from /home/airflow/.local/lib/python3.8/site-packages/airflow/example_dags/example_short_circuit_operator.py
[2026-06-03T13:01:43.553+0000] {logging_mixin.py:188} INFO - [2026-06-03T13:01:43.553+0000] {dag.py:3033} INFO - Sync 1 DAGs
[2026-06-03T13:01:43.567+0000] {logging_mixin.py:188} INFO - [2026-06-03T13:01:43.567+0000] {dag.py:3820} INFO - Setting next_dagrun for example_short_circuit_operator to 2026-06-02T00:00:00+00:00, run_after=2026-06-03T00:00:00+00:00
[2026-06-03T13:01:43.582+0000] {processor.py:183} INFO - Processing /home/airflow/.local/lib/python3.8/site-packages/airflow/example_dags/example_short_circuit_operator.py took 0.054 seconds
[2026-06-03T13:02:15.646+0000] {processor.py:161} INFO - Started process (PID=1395) to work on /home/airflow/.local/lib/python3.8/site-packages/airflow/example_dags/example_short_circuit_operator.py
[2026-06-03T13:02:15.650+0000] {processor.py:830} INFO - Processing file /home/airflow/.local/lib/python3.8/site-packages/airflow/example_dags/example_short_circuit_operator.py for tasks to queue
[2026-06-03T13:02:15.651+0000] {logging_mixin.py:188} INFO - [2026-06-03T13:02:15.651+0000] {dagbag.py:538} INFO - Filling up the DagBag from /home/airflow/.local/lib/python3.8/site-packages/airflow/example_dags/example_short_circuit_operator.py
[2026-06-03T13:02:15.657+0000] {processor.py:840} INFO - DAG(s) 'example_short_circuit_operator' retrieved from /home/airflow/.local/lib/python3.8/site-packages/airflow/example_dags/example_short_circuit_operator.py
[2026-06-03T13:02:15.673+0000] {logging_mixin.py:188} INFO - [2026-06-03T13:02:15.673+0000] {dag.py:3033} INFO - Sync 1 DAGs
[2026-06-03T13:02:15.696+0000] {logging_mixin.py:188} INFO - [2026-06-03T13:02:15.695+0000] {dag.py:3820} INFO - Setting next_dagrun for example_short_circuit_operator to 2026-06-02T00:00:00+00:00, run_after=2026-06-03T00:00:00+00:00
[2026-06-03T13:02:15.734+0000] {processor.py:183} INFO - Processing /home/airflow/.local/lib/python3.8/site-packages/airflow/example_dags/example_short_circuit_operator.py took 0.097 seconds
[2026-06-03T13:02:46.913+0000] {processor.py:161} INFO - Started process (PID=1451) to work on /home/airflow/.local/lib/python3.8/site-packages/airflow/example_dags/example_short_circuit_operator.py
[2026-06-03T13:02:46.916+0000] {processor.py:830} INFO - Processing file /home/airflow/.local/lib/python3.8/site-packages/airflow/example_dags/example_short_circuit_operator.py for tasks to queue
[2026-06-03T13:02:46.944+0000] {logging_mixin.py:188} INFO - [2026-06-03T13:02:46.943+0000] {dagbag.py:538} INFO - Filling up the DagBag from /home/airflow/.local/lib/python3.8/site-packages/airflow/example_dags/example_short_circuit_operator.py
[2026-06-03T13:02:46.975+0000] {processor.py:840} INFO - DAG(s) 'example_short_circuit_operator' retrieved from /home/airflow/.local/lib/python3.8/site-packages/airflow/example_dags/example_short_circuit_operator.py
[2026-06-03T13:02:47.029+0000] {logging_mixin.py:188} INFO - [2026-06-03T13:02:47.029+0000] {dag.py:3033} INFO - Sync 1 DAGs
[2026-06-03T13:02:47.060+0000] {logging_mixin.py:188} INFO - [2026-06-03T13:02:47.060+0000] {dag.py:3820} INFO - Setting next_dagrun for example_short_circuit_operator to 2026-06-02T00:00:00+00:00, run_after=2026-06-03T00:00:00+00:00
[2026-06-03T13:02:47.090+0000] {processor.py:183} INFO - Processing /home/airflow/.local/lib/python3.8/site-packages/airflow/example_dags/example_short_circuit_operator.py took 0.199 seconds
[2026-06-03T13:03:18.039+0000] {processor.py:161} INFO - Started process (PID=1507) to work on /home/airflow/.local/lib/python3.8/site-packages/airflow/example_dags/example_short_circuit_operator.py
[2026-06-03T13:03:18.040+0000] {processor.py:830} INFO - Processing file /home/airflow/.local/lib/python3.8/site-packages/airflow/example_dags/example_short_circuit_operator.py for tasks to queue
[2026-06-03T13:03:18.043+0000] {logging_mixin.py:188} INFO - [2026-06-03T13:03:18.042+0000] {dagbag.py:538} INFO - Filling up the DagBag from /home/airflow/.local/lib/python3.8/site-packages/airflow/example_dags/example_short_circuit_operator.py
[2026-06-03T13:03:18.051+0000] {processor.py:840} INFO - DAG(s) 'example_short_circuit_operator' retrieved from /home/airflow/.local/lib/python3.8/site-packages/airflow/example_dags/example_short_circuit_operator.py
[2026-06-03T13:03:18.071+0000] {logging_mixin.py:188} INFO - [2026-06-03T13:03:18.071+0000] {dag.py:3033} INFO - Sync 1 DAGs
[2026-06-03T13:03:18.096+0000] {logging_mixin.py:188} INFO - [2026-06-03T13:03:18.096+0000] {dag.py:3820} INFO - Setting next_dagrun for example_short_circuit_operator to 2026-06-02T00:00:00+00:00, run_after=2026-06-03T00:00:00+00:00
[2026-06-03T13:03:18.122+0000] {processor.py:183} INFO - Processing /home/airflow/.local/lib/python3.8/site-packages/airflow/example_dags/example_short_circuit_operator.py took 0.085 seconds
[2026-06-03T13:03:49.084+0000] {processor.py:161} INFO - Started process (PID=1563) to work on /home/airflow/.local/lib/python3.8/site-packages/airflow/example_dags/example_short_circuit_operator.py
[2026-06-03T13:03:49.086+0000] {processor.py:830} INFO - Processing file /home/airflow/.local/lib/python3.8/site-packages/airflow/example_dags/example_short_circuit_operator.py for tasks to queue
[2026-06-03T13:03:49.091+0000] {logging_mixin.py:188} INFO - [2026-06-03T13:03:49.091+0000] {dagbag.py:538} INFO - Filling up the DagBag from /home/airflow/.local/lib/python3.8/site-packages/airflow/example_dags/example_short_circuit_operator.py
[2026-06-03T13:03:49.097+0000] {processor.py:840} INFO - DAG(s) 'example_short_circuit_operator' retrieved from /home/airflow/.local/lib/python3.8/site-packages/airflow/example_dags/example_short_circuit_operator.py
[2026-06-03T13:03:49.114+0000] {logging_mixin.py:188} INFO - [2026-06-03T13:03:49.114+0000] {dag.py:3033} INFO - Sync 1 DAGs
[2026-06-03T13:03:49.127+0000] {logging_mixin.py:188} INFO - [2026-06-03T13:03:49.127+0000] {dag.py:3820} INFO - Setting next_dagrun for example_short_circuit_operator to 2026-06-02T00:00:00+00:00, run_after=2026-06-03T00:00:00+00:00
[2026-06-03T13:03:49.150+0000] {processor.py:183} INFO - Processing /home/airflow/.local/lib/python3.8/site-packages/airflow/example_dags/example_short_circuit_operator.py took 0.069 seconds
[2026-06-03T13:04:20.017+0000] {processor.py:161} INFO - Started process (PID=1619) to work on /home/airflow/.local/lib/python3.8/site-packages/airflow/example_dags/example_short_circuit_operator.py
[2026-06-03T13:04:20.018+0000] {processor.py:830} INFO - Processing file /home/airflow/.local/lib/python3.8/site-packages/airflow/example_dags/example_short_circuit_operator.py for tasks to queue
[2026-06-03T13:04:20.019+0000] {logging_mixin.py:188} INFO - [2026-06-03T13:04:20.019+0000] {dagbag.py:538} INFO - Filling up the DagBag from /home/airflow/.local/lib/python3.8/site-packages/airflow/example_dags/example_short_circuit_operator.py
[2026-06-03T13:04:20.023+0000] {processor.py:840} INFO - DAG(s) 'example_short_circuit_operator' retrieved from /home/airflow/.local/lib/python3.8/site-packages/airflow/example_dags/example_short_circuit_operator.py
[2026-06-03T13:04:20.034+0000] {logging_mixin.py:188} INFO - [2026-06-03T13:04:20.034+0000] {dag.py:3033} INFO - Sync 1 DAGs
[2026-06-03T13:04:20.047+0000] {logging_mixin.py:188} INFO - [2026-06-03T13:04:20.047+0000] {dag.py:3820} INFO - Setting next_dagrun for example_short_circuit_operator to 2026-06-02T00:00:00+00:00, run_after=2026-06-03T00:00:00+00:00
[2026-06-03T13:04:20.065+0000] {processor.py:183} INFO - Processing /home/airflow/.local/lib/python3.8/site-packages/airflow/example_dags/example_short_circuit_operator.py took 0.050 seconds
[2026-06-03T13:04:50.776+0000] {processor.py:161} INFO - Started process (PID=1675) to work on /home/airflow/.local/lib/python3.8/site-packages/airflow/example_dags/example_short_circuit_operator.py
[2026-06-03T13:04:50.777+0000] {processor.py:830} INFO - Processing file /home/airflow/.local/lib/python3.8/site-packages/airflow/example_dags/example_short_circuit_operator.py for tasks to queue
[2026-06-03T13:04:50.778+0000] {logging_mixin.py:188} INFO - [2026-06-03T13:04:50.778+0000] {dagbag.py:538} INFO - Filling up the DagBag from /home/airflow/.local/lib/python3.8/site-packages/airflow/example_dags/example_short_circuit_operator.py
[2026-06-03T13:04:50.783+0000] {processor.py:840} INFO - DAG(s) 'example_short_circuit_operator' retrieved from /home/airflow/.local/lib/python3.8/site-packages/airflow/example_dags/example_short_circuit_operator.py
[2026-06-03T13:04:50.795+0000] {logging_mixin.py:188} INFO - [2026-06-03T13:04:50.795+0000] {dag.py:3033} INFO - Sync 1 DAGs
[2026-06-03T13:04:50.805+0000] {logging_mixin.py:188} INFO - [2026-06-03T13:04:50.805+0000] {dag.py:3820} INFO - Setting next_dagrun for example_short_circuit_operator to 2026-06-02T00:00:00+00:00, run_after=2026-06-03T00:00:00+00:00
[2026-06-03T13:04:50.817+0000] {processor.py:183} INFO - Processing /home/airflow/.local/lib/python3.8/site-packages/airflow/example_dags/example_short_circuit_operator.py took 0.043 seconds
[2026-06-03T13:05:21.699+0000] {processor.py:161} INFO - Started process (PID=1731) to work on /home/airflow/.local/lib/python3.8/site-packages/airflow/example_dags/example_short_circuit_operator.py
[2026-06-03T13:05:21.700+0000] {processor.py:830} INFO - Processing file /home/airflow/.local/lib/python3.8/site-packages/airflow/example_dags/example_short_circuit_operator.py for tasks to queue
[2026-06-03T13:05:21.702+0000] {logging_mixin.py:188} INFO - [2026-06-03T13:05:21.702+0000] {dagbag.py:538} INFO - Filling up the DagBag from /home/airflow/.local/lib/python3.8/site-packages/airflow/example_dags/example_short_circuit_operator.py
[2026-06-03T13:05:21.705+0000] {processor.py:840} INFO - DAG(s) 'example_short_circuit_operator' retrieved from /home/airflow/.local/lib/python3.8/site-packages/airflow/example_dags/example_short_circuit_operator.py
[2026-06-03T13:05:21.718+0000] {logging_mixin.py:188} INFO - [2026-06-03T13:05:21.718+0000] {dag.py:3033} INFO - Sync 1 DAGs
[2026-06-03T13:05:21.729+0000] {logging_mixin.py:188} INFO - [2026-06-03T13:05:21.728+0000] {dag.py:3820} INFO - Setting next_dagrun for example_short_circuit_operator to 2026-06-02T00:00:00+00:00, run_after=2026-06-03T00:00:00+00:00
[2026-06-03T13:05:21.739+0000] {processor.py:183} INFO - Processing /home/airflow/.local/lib/python3.8/site-packages/airflow/example_dags/example_short_circuit_operator.py took 0.042 seconds
[2026-06-03T13:05:52.052+0000] {processor.py:161} INFO - Started process (PID=1787) to work on /home/airflow/.local/lib/python3.8/site-packages/airflow/example_dags/example_short_circuit_operator.py
[2026-06-03T13:05:52.054+0000] {processor.py:830} INFO - Processing file /home/airflow/.local/lib/python3.8/site-packages/airflow/example_dags/example_short_circuit_operator.py for tasks to queue
[2026-06-03T13:05:52.057+0000] {logging_mixin.py:188} INFO - [2026-06-03T13:05:52.056+0000] {dagbag.py:538} INFO - Filling up the DagBag from /home/airflow/.local/lib/python3.8/site-packages/airflow/example_dags/example_short_circuit_operator.py
[2026-06-03T13:05:52.060+0000] {processor.py:840} INFO - DAG(s) 'example_short_circuit_operator' retrieved from /home/airflow/.local/lib/python3.8/site-packages/airflow/example_dags/example_short_circuit_operator.py
[2026-06-03T13:05:52.072+0000] {logging_mixin.py:188} INFO - [2026-06-03T13:05:52.072+0000] {dag.py:3033} INFO - Sync 1 DAGs
[2026-06-03T13:05:52.086+0000] {logging_mixin.py:188} INFO - [2026-06-03T13:05:52.086+0000] {dag.py:3820} INFO - Setting next_dagrun for example_short_circuit_operator to 2026-06-02T00:00:00+00:00, run_after=2026-06-03T00:00:00+00:00
[2026-06-03T13:05:52.099+0000] {processor.py:183} INFO - Processing /home/airflow/.local/lib/python3.8/site-packages/airflow/example_dags/example_short_circuit_operator.py took 0.051 seconds
[2026-06-03T13:06:22.763+0000] {processor.py:161} INFO - Started process (PID=1843) to work on /home/airflow/.local/lib/python3.8/site-packages/airflow/example_dags/example_short_circuit_operator.py
[2026-06-03T13:06:22.764+0000] {processor.py:830} INFO - Processing file /home/airflow/.local/lib/python3.8/site-packages/airflow/example_dags/example_short_circuit_operator.py for tasks to queue
[2026-06-03T13:06:22.766+0000] {logging_mixin.py:188} INFO - [2026-06-03T13:06:22.765+0000] {dagbag.py:538} INFO - Filling up the DagBag from /home/airflow/.local/lib/python3.8/site-packages/airflow/example_dags/example_short_circuit_operator.py
[2026-06-03T13:06:22.770+0000] {processor.py:840} INFO - DAG(s) 'example_short_circuit_operator' retrieved from /home/airflow/.local/lib/python3.8/site-packages/airflow/example_dags/example_short_circuit_operator.py
[2026-06-03T13:06:22.783+0000] {logging_mixin.py:188} INFO - [2026-06-03T13:06:22.783+0000] {dag.py:3033} INFO - Sync 1 DAGs
[2026-06-03T13:06:22.793+0000] {logging_mixin.py:188} INFO - [2026-06-03T13:06:22.793+0000] {dag.py:3820} INFO - Setting next_dagrun for example_short_circuit_operator to 2026-06-02T00:00:00+00:00, run_after=2026-06-03T00:00:00+00:00
[2026-06-03T13:06:22.873+0000] {processor.py:183} INFO - Processing /home/airflow/.local/lib/python3.8/site-packages/airflow/example_dags/example_short_circuit_operator.py took 0.112 seconds
[2026-06-03T13:06:53.127+0000] {processor.py:161} INFO - Started process (PID=1899) to work on /home/airflow/.local/lib/python3.8/site-packages/airflow/example_dags/example_short_circuit_operator.py
[2026-06-03T13:06:53.128+0000] {processor.py:830} INFO - Processing file /home/airflow/.local/lib/python3.8/site-packages/airflow/example_dags/example_short_circuit_operator.py for tasks to queue
[2026-06-03T13:06:53.129+0000] {logging_mixin.py:188} INFO - [2026-06-03T13:06:53.129+0000] {dagbag.py:538} INFO - Filling up the DagBag from /home/airflow/.local/lib/python3.8/site-packages/airflow/example_dags/example_short_circuit_operator.py
[2026-06-03T13:06:53.137+0000] {processor.py:840} INFO - DAG(s) 'example_short_circuit_operator' retrieved from /home/airflow/.local/lib/python3.8/site-packages/airflow/example_dags/example_short_circuit_operator.py
[2026-06-03T13:06:53.161+0000] {logging_mixin.py:188} INFO - [2026-06-03T13:06:53.161+0000] {dag.py:3033} INFO - Sync 1 DAGs
[2026-06-03T13:06:53.171+0000] {logging_mixin.py:188} INFO - [2026-06-03T13:06:53.171+0000] {dag.py:3820} INFO - Setting next_dagrun for example_short_circuit_operator to 2026-06-02T00:00:00+00:00, run_after=2026-06-03T00:00:00+00:00
[2026-06-03T13:06:53.189+0000] {processor.py:183} INFO - Processing /home/airflow/.local/lib/python3.8/site-packages/airflow/example_dags/example_short_circuit_operator.py took 0.063 seconds
[2026-06-03T13:07:24.386+0000] {processor.py:161} INFO - Started process (PID=1955) to work on /home/airflow/.local/lib/python3.8/site-packages/airflow/example_dags/example_short_circuit_operator.py
[2026-06-03T13:07:24.389+0000] {processor.py:830} INFO - Processing file /home/airflow/.local/lib/python3.8/site-packages/airflow/example_dags/example_short_circuit_operator.py for tasks to queue
[2026-06-03T13:07:24.392+0000] {logging_mixin.py:188} INFO - [2026-06-03T13:07:24.392+0000] {dagbag.py:538} INFO - Filling up the DagBag from /home/airflow/.local/lib/python3.8/site-packages/airflow/example_dags/example_short_circuit_operator.py
[2026-06-03T13:07:24.397+0000] {processor.py:840} INFO - DAG(s) 'example_short_circuit_operator' retrieved from /home/airflow/.local/lib/python3.8/site-packages/airflow/example_dags/example_short_circuit_operator.py
[2026-06-03T13:07:24.420+0000] {logging_mixin.py:188} INFO - [2026-06-03T13:07:24.420+0000] {dag.py:3033} INFO - Sync 1 DAGs
[2026-06-03T13:07:24.462+0000] {logging_mixin.py:188} INFO - [2026-06-03T13:07:24.462+0000] {dag.py:3820} INFO - Setting next_dagrun for example_short_circuit_operator to 2026-06-02T00:00:00+00:00, run_after=2026-06-03T00:00:00+00:00
[2026-06-03T13:07:24.484+0000] {processor.py:183} INFO - Processing /home/airflow/.local/lib/python3.8/site-packages/airflow/example_dags/example_short_circuit_operator.py took 0.103 seconds
[2026-06-03T13:07:54.665+0000] {processor.py:161} INFO - Started process (PID=2018) to work on /home/airflow/.local/lib/python3.8/site-packages/airflow/example_dags/example_short_circuit_operator.py
[2026-06-03T13:07:54.666+0000] {processor.py:830} INFO - Processing file /home/airflow/.local/lib/python3.8/site-packages/airflow/example_dags/example_short_circuit_operator.py for tasks to queue
[2026-06-03T13:07:54.667+0000] {logging_mixin.py:188} INFO - [2026-06-03T13:07:54.667+0000] {dagbag.py:538} INFO - Filling up the DagBag from /home/airflow/.local/lib/python3.8/site-packages/airflow/example_dags/example_short_circuit_operator.py
[2026-06-03T13:07:54.670+0000] {processor.py:840} INFO - DAG(s) 'example_short_circuit_operator' retrieved from /home/airflow/.local/lib/python3.8/site-packages/airflow/example_dags/example_short_circuit_operator.py
[2026-06-03T13:07:54.683+0000] {logging_mixin.py:188} INFO - [2026-06-03T13:07:54.683+0000] {dag.py:3033} INFO - Sync 1 DAGs
[2026-06-03T13:07:54.692+0000] {logging_mixin.py:188} INFO - [2026-06-03T13:07:54.692+0000] {dag.py:3820} INFO - Setting next_dagrun for example_short_circuit_operator to 2026-06-02T00:00:00+00:00, run_after=2026-06-03T00:00:00+00:00
[2026-06-03T13:07:54.703+0000] {processor.py:183} INFO - Processing /home/airflow/.local/lib/python3.8/site-packages/airflow/example_dags/example_short_circuit_operator.py took 0.039 seconds
[2026-06-03T13:08:25.955+0000] {processor.py:161} INFO - Started process (PID=2074) to work on /home/airflow/.local/lib/python3.8/site-packages/airflow/example_dags/example_short_circuit_operator.py
[2026-06-03T13:08:25.956+0000] {processor.py:830} INFO - Processing file /home/airflow/.local/lib/python3.8/site-packages/airflow/example_dags/example_short_circuit_operator.py for tasks to queue
[2026-06-03T13:08:25.958+0000] {logging_mixin.py:188} INFO - [2026-06-03T13:08:25.958+0000] {dagbag.py:538} INFO - Filling up the DagBag from /home/airflow/.local/lib/python3.8/site-packages/airflow/example_dags/example_short_circuit_operator.py
[2026-06-03T13:08:25.963+0000] {processor.py:840} INFO - DAG(s) 'example_short_circuit_operator' retrieved from /home/airflow/.local/lib/python3.8/site-packages/airflow/example_dags/example_short_circuit_operator.py
[2026-06-03T13:08:25.975+0000] {logging_mixin.py:188} INFO - [2026-06-03T13:08:25.975+0000] {dag.py:3033} INFO - Sync 1 DAGs
[2026-06-03T13:08:25.985+0000] {logging_mixin.py:188} INFO - [2026-06-03T13:08:25.985+0000] {dag.py:3820} INFO - Setting next_dagrun for example_short_circuit_operator to 2026-06-02T00:00:00+00:00, run_after=2026-06-03T00:00:00+00:00
[2026-06-03T13:08:25.996+0000] {processor.py:183} INFO - Processing /home/airflow/.local/lib/python3.8/site-packages/airflow/example_dags/example_short_circuit_operator.py took 0.043 seconds
[2026-06-03T13:08:57.243+0000] {processor.py:161} INFO - Started process (PID=2130) to work on /home/airflow/.local/lib/python3.8/site-packages/airflow/example_dags/example_short_circuit_operator.py
[2026-06-03T13:08:57.243+0000] {processor.py:830} INFO - Processing file /home/airflow/.local/lib/python3.8/site-packages/airflow/example_dags/example_short_circuit_operator.py for tasks to queue
[2026-06-03T13:08:57.245+0000] {logging_mixin.py:188} INFO - [2026-06-03T13:08:57.245+0000] {dagbag.py:538} INFO - Filling up the DagBag from /home/airflow/.local/lib/python3.8/site-packages/airflow/example_dags/example_short_circuit_operator.py
[2026-06-03T13:08:57.252+0000] {processor.py:840} INFO - DAG(s) 'example_short_circuit_operator' retrieved from /home/airflow/.local/lib/python3.8/site-packages/airflow/example_dags/example_short_circuit_operator.py
[2026-06-03T13:08:57.278+0000] {logging_mixin.py:188} INFO - [2026-06-03T13:08:57.278+0000] {dag.py:3033} INFO - Sync 1 DAGs
[2026-06-03T13:08:57.453+0000] {logging_mixin.py:188} INFO - [2026-06-03T13:08:57.453+0000] {dag.py:3820} INFO - Setting next_dagrun for example_short_circuit_operator to 2026-06-02T00:00:00+00:00, run_after=2026-06-03T00:00:00+00:00
[2026-06-03T13:08:57.467+0000] {processor.py:183} INFO - Processing /home/airflow/.local/lib/python3.8/site-packages/airflow/example_dags/example_short_circuit_operator.py took 0.228 seconds
[2026-06-03T13:09:27.605+0000] {processor.py:161} INFO - Started process (PID=2186) to work on /home/airflow/.local/lib/python3.8/site-packages/airflow/example_dags/example_short_circuit_operator.py
[2026-06-03T13:09:27.606+0000] {processor.py:830} INFO - Processing file /home/airflow/.local/lib/python3.8/site-packages/airflow/example_dags/example_short_circuit_operator.py for tasks to queue
[2026-06-03T13:09:27.607+0000] {logging_mixin.py:188} INFO - [2026-06-03T13:09:27.607+0000] {dagbag.py:538} INFO - Filling up the DagBag from /home/airflow/.local/lib/python3.8/site-packages/airflow/example_dags/example_short_circuit_operator.py
[2026-06-03T13:09:27.612+0000] {processor.py:840} INFO - DAG(s) 'example_short_circuit_operator' retrieved from /home/airflow/.local/lib/python3.8/site-packages/airflow/example_dags/example_short_circuit_operator.py
[2026-06-03T13:09:27.626+0000] {logging_mixin.py:188} INFO - [2026-06-03T13:09:27.626+0000] {dag.py:3033} INFO - Sync 1 DAGs
[2026-06-03T13:09:27.744+0000] {logging_mixin.py:188} INFO - [2026-06-03T13:09:27.744+0000] {dag.py:3820} INFO - Setting next_dagrun for example_short_circuit_operator to 2026-06-02T00:00:00+00:00, run_after=2026-06-03T00:00:00+00:00
[2026-06-03T13:09:27.753+0000] {processor.py:183} INFO - Processing /home/airflow/.local/lib/python3.8/site-packages/airflow/example_dags/example_short_circuit_operator.py took 0.151 seconds
[2026-06-03T13:09:57.767+0000] {processor.py:161} INFO - Started process (PID=2242) to work on /home/airflow/.local/lib/python3.8/site-packages/airflow/example_dags/example_short_circuit_operator.py
[2026-06-03T13:09:57.770+0000] {processor.py:830} INFO - Processing file /home/airflow/.local/lib/python3.8/site-packages/airflow/example_dags/example_short_circuit_operator.py for tasks to queue
[2026-06-03T13:09:57.772+0000] {logging_mixin.py:188} INFO - [2026-06-03T13:09:57.772+0000] {dagbag.py:538} INFO - Filling up the DagBag from /home/airflow/.local/lib/python3.8/site-packages/airflow/example_dags/example_short_circuit_operator.py
[2026-06-03T13:09:57.775+0000] {processor.py:840} INFO - DAG(s) 'example_short_circuit_operator' retrieved from /home/airflow/.local/lib/python3.8/site-packages/airflow/example_dags/example_short_circuit_operator.py
[2026-06-03T13:09:57.787+0000] {logging_mixin.py:188} INFO - [2026-06-03T13:09:57.787+0000] {dag.py:3033} INFO - Sync 1 DAGs
[2026-06-03T13:09:57.797+0000] {logging_mixin.py:188} INFO - [2026-06-03T13:09:57.797+0000] {dag.py:3820} INFO - Setting next_dagrun for example_short_circuit_operator to 2026-06-02T00:00:00+00:00, run_after=2026-06-03T00:00:00+00:00
[2026-06-03T13:09:57.813+0000] {processor.py:183} INFO - Processing /home/airflow/.local/lib/python3.8/site-packages/airflow/example_dags/example_short_circuit_operator.py took 0.047 seconds
[2026-06-03T13:10:28.299+0000] {processor.py:161} INFO - Started process (PID=2298) to work on /home/airflow/.local/lib/python3.8/site-packages/airflow/example_dags/example_short_circuit_operator.py
[2026-06-03T13:10:28.303+0000] {processor.py:830} INFO - Processing file /home/airflow/.local/lib/python3.8/site-packages/airflow/example_dags/example_short_circuit_operator.py for tasks to queue
[2026-06-03T13:10:28.304+0000] {logging_mixin.py:188} INFO - [2026-06-03T13:10:28.304+0000] {dagbag.py:538} INFO - Filling up the DagBag from /home/airflow/.local/lib/python3.8/site-packages/airflow/example_dags/example_short_circuit_operator.py
[2026-06-03T13:10:28.308+0000] {processor.py:840} INFO - DAG(s) 'example_short_circuit_operator' retrieved from /home/airflow/.local/lib/python3.8/site-packages/airflow/example_dags/example_short_circuit_operator.py
[2026-06-03T13:10:28.318+0000] {logging_mixin.py:188} INFO - [2026-06-03T13:10:28.318+0000] {dag.py:3033} INFO - Sync 1 DAGs
[2026-06-03T13:10:28.327+0000] {logging_mixin.py:188} INFO - [2026-06-03T13:10:28.327+0000] {dag.py:3820} INFO - Setting next_dagrun for example_short_circuit_operator to 2026-06-02T00:00:00+00:00, run_after=2026-06-03T00:00:00+00:00
[2026-06-03T13:10:28.333+0000] {processor.py:183} INFO - Processing /home/airflow/.local/lib/python3.8/site-packages/airflow/example_dags/example_short_circuit_operator.py took 0.037 seconds
[2026-06-03T13:10:59.540+0000] {processor.py:161} INFO - Started process (PID=2354) to work on /home/airflow/.local/lib/python3.8/site-packages/airflow/example_dags/example_short_circuit_operator.py
[2026-06-03T13:10:59.541+0000] {processor.py:830} INFO - Processing file /home/airflow/.local/lib/python3.8/site-packages/airflow/example_dags/example_short_circuit_operator.py for tasks to queue
[2026-06-03T13:10:59.548+0000] {logging_mixin.py:188} INFO - [2026-06-03T13:10:59.548+0000] {dagbag.py:538} INFO - Filling up the DagBag from /home/airflow/.local/lib/python3.8/site-packages/airflow/example_dags/example_short_circuit_operator.py
[2026-06-03T13:10:59.555+0000] {processor.py:840} INFO - DAG(s) 'example_short_circuit_operator' retrieved from /home/airflow/.local/lib/python3.8/site-packages/airflow/example_dags/example_short_circuit_operator.py
[2026-06-03T13:10:59.577+0000] {logging_mixin.py:188} INFO - [2026-06-03T13:10:59.577+0000] {dag.py:3033} INFO - Sync 1 DAGs
[2026-06-03T13:10:59.599+0000] {logging_mixin.py:188} INFO - [2026-06-03T13:10:59.599+0000] {dag.py:3820} INFO - Setting next_dagrun for example_short_circuit_operator to 2026-06-02T00:00:00+00:00, run_after=2026-06-03T00:00:00+00:00
[2026-06-03T13:10:59.616+0000] {processor.py:183} INFO - Processing /home/airflow/.local/lib/python3.8/site-packages/airflow/example_dags/example_short_circuit_operator.py took 0.077 seconds
[2026-06-03T13:11:30.217+0000] {processor.py:161} INFO - Started process (PID=2417) to work on /home/airflow/.local/lib/python3.8/site-packages/airflow/example_dags/example_short_circuit_operator.py
[2026-06-03T13:11:30.221+0000] {processor.py:830} INFO - Processing file /home/airflow/.local/lib/python3.8/site-packages/airflow/example_dags/example_short_circuit_operator.py for tasks to queue
[2026-06-03T13:11:30.227+0000] {logging_mixin.py:188} INFO - [2026-06-03T13:11:30.227+0000] {dagbag.py:538} INFO - Filling up the DagBag from /home/airflow/.local/lib/python3.8/site-packages/airflow/example_dags/example_short_circuit_operator.py
[2026-06-03T13:11:30.233+0000] {processor.py:840} INFO - DAG(s) 'example_short_circuit_operator' retrieved from /home/airflow/.local/lib/python3.8/site-packages/airflow/example_dags/example_short_circuit_operator.py
[2026-06-03T13:11:30.256+0000] {logging_mixin.py:188} INFO - [2026-06-03T13:11:30.255+0000] {dag.py:3033} INFO - Sync 1 DAGs
[2026-06-03T13:11:30.312+0000] {logging_mixin.py:188} INFO - [2026-06-03T13:11:30.312+0000] {dag.py:3820} INFO - Setting next_dagrun for example_short_circuit_operator to 2026-06-02T00:00:00+00:00, run_after=2026-06-03T00:00:00+00:00
[2026-06-03T13:11:30.340+0000] {processor.py:183} INFO - Processing /home/airflow/.local/lib/python3.8/site-packages/airflow/example_dags/example_short_circuit_operator.py took 0.130 seconds
[2026-06-03T13:12:00.981+0000] {processor.py:161} INFO - Started process (PID=2480) to work on /home/airflow/.local/lib/python3.8/site-packages/airflow/example_dags/example_short_circuit_operator.py
[2026-06-03T13:12:00.984+0000] {processor.py:830} INFO - Processing file /home/airflow/.local/lib/python3.8/site-packages/airflow/example_dags/example_short_circuit_operator.py for tasks to queue
[2026-06-03T13:12:00.989+0000] {logging_mixin.py:188} INFO - [2026-06-03T13:12:00.989+0000] {dagbag.py:538} INFO - Filling up the DagBag from /home/airflow/.local/lib/python3.8/site-packages/airflow/example_dags/example_short_circuit_operator.py
[2026-06-03T13:12:00.993+0000] {processor.py:840} INFO - DAG(s) 'example_short_circuit_operator' retrieved from /home/airflow/.local/lib/python3.8/site-packages/airflow/example_dags/example_short_circuit_operator.py
[2026-06-03T13:12:01.018+0000] {logging_mixin.py:188} INFO - [2026-06-03T13:12:01.018+0000] {dag.py:3033} INFO - Sync 1 DAGs
[2026-06-03T13:12:01.046+0000] {logging_mixin.py:188} INFO - [2026-06-03T13:12:01.046+0000] {dag.py:3820} INFO - Setting next_dagrun for example_short_circuit_operator to 2026-06-02T00:00:00+00:00, run_after=2026-06-03T00:00:00+00:00
[2026-06-03T13:12:01.066+0000] {processor.py:183} INFO - Processing /home/airflow/.local/lib/python3.8/site-packages/airflow/example_dags/example_short_circuit_operator.py took 0.090 seconds
[2026-06-03T13:12:31.730+0000] {processor.py:161} INFO - Started process (PID=2543) to work on /home/airflow/.local/lib/python3.8/site-packages/airflow/example_dags/example_short_circuit_operator.py
[2026-06-03T13:12:31.731+0000] {processor.py:830} INFO - Processing file /home/airflow/.local/lib/python3.8/site-packages/airflow/example_dags/example_short_circuit_operator.py for tasks to queue
[2026-06-03T13:12:31.733+0000] {logging_mixin.py:188} INFO - [2026-06-03T13:12:31.733+0000] {dagbag.py:538} INFO - Filling up the DagBag from /home/airflow/.local/lib/python3.8/site-packages/airflow/example_dags/example_short_circuit_operator.py
[2026-06-03T13:12:31.738+0000] {processor.py:840} INFO - DAG(s) 'example_short_circuit_operator' retrieved from /home/airflow/.local/lib/python3.8/site-packages/airflow/example_dags/example_short_circuit_operator.py
[2026-06-03T13:12:31.752+0000] {logging_mixin.py:188} INFO - [2026-06-03T13:12:31.752+0000] {dag.py:3033} INFO - Sync 1 DAGs
[2026-06-03T13:12:31.764+0000] {logging_mixin.py:188} INFO - [2026-06-03T13:12:31.764+0000] {dag.py:3820} INFO - Setting next_dagrun for example_short_circuit_operator to 2026-06-02T00:00:00+00:00, run_after=2026-06-03T00:00:00+00:00
[2026-06-03T13:12:31.771+0000] {processor.py:183} INFO - Processing /home/airflow/.local/lib/python3.8/site-packages/airflow/example_dags/example_short_circuit_operator.py took 0.042 seconds
[2026-06-03T13:13:02.201+0000] {processor.py:161} INFO - Started process (PID=2599) to work on /home/airflow/.local/lib/python3.8/site-packages/airflow/example_dags/example_short_circuit_operator.py
[2026-06-03T13:13:02.202+0000] {processor.py:830} INFO - Processing file /home/airflow/.local/lib/python3.8/site-packages/airflow/example_dags/example_short_circuit_operator.py for tasks to queue
[2026-06-03T13:13:02.207+0000] {logging_mixin.py:188} INFO - [2026-06-03T13:13:02.206+0000] {dagbag.py:538} INFO - Filling up the DagBag from /home/airflow/.local/lib/python3.8/site-packages/airflow/example_dags/example_short_circuit_operator.py
[2026-06-03T13:13:02.212+0000] {processor.py:840} INFO - DAG(s) 'example_short_circuit_operator' retrieved from /home/airflow/.local/lib/python3.8/site-packages/airflow/example_dags/example_short_circuit_operator.py
[2026-06-03T13:13:02.227+0000] {logging_mixin.py:188} INFO - [2026-06-03T13:13:02.227+0000] {dag.py:3033} INFO - Sync 1 DAGs
[2026-06-03T13:13:02.244+0000] {logging_mixin.py:188} INFO - [2026-06-03T13:13:02.244+0000] {dag.py:3820} INFO - Setting next_dagrun for example_short_circuit_operator to 2026-06-02T00:00:00+00:00, run_after=2026-06-03T00:00:00+00:00
[2026-06-03T13:13:02.272+0000] {processor.py:183} INFO - Processing /home/airflow/.local/lib/python3.8/site-packages/airflow/example_dags/example_short_circuit_operator.py took 0.075 seconds
[2026-06-03T13:13:32.807+0000] {processor.py:161} INFO - Started process (PID=2655) to work on /home/airflow/.local/lib/python3.8/site-packages/airflow/example_dags/example_short_circuit_operator.py
[2026-06-03T13:13:32.807+0000] {processor.py:830} INFO - Processing file /home/airflow/.local/lib/python3.8/site-packages/airflow/example_dags/example_short_circuit_operator.py for tasks to queue
[2026-06-03T13:13:32.808+0000] {logging_mixin.py:188} INFO - [2026-06-03T13:13:32.808+0000] {dagbag.py:538} INFO - Filling up the DagBag from /home/airflow/.local/lib/python3.8/site-packages/airflow/example_dags/example_short_circuit_operator.py
[2026-06-03T13:13:32.812+0000] {processor.py:840} INFO - DAG(s) 'example_short_circuit_operator' retrieved from /home/airflow/.local/lib/python3.8/site-packages/airflow/example_dags/example_short_circuit_operator.py
[2026-06-03T13:13:32.843+0000] {logging_mixin.py:188} INFO - [2026-06-03T13:13:32.842+0000] {dag.py:3033} INFO - Sync 1 DAGs
[2026-06-03T13:13:33.141+0000] {logging_mixin.py:188} INFO - [2026-06-03T13:13:33.140+0000] {dag.py:3820} INFO - Setting next_dagrun for example_short_circuit_operator to 2026-06-02T00:00:00+00:00, run_after=2026-06-03T00:00:00+00:00
[2026-06-03T13:13:33.191+0000] {processor.py:183} INFO - Processing /home/airflow/.local/lib/python3.8/site-packages/airflow/example_dags/example_short_circuit_operator.py took 0.386 seconds
[2026-06-03T13:14:04.127+0000] {processor.py:161} INFO - Started process (PID=2711) to work on /home/airflow/.local/lib/python3.8/site-packages/airflow/example_dags/example_short_circuit_operator.py
[2026-06-03T13:14:04.128+0000] {processor.py:830} INFO - Processing file /home/airflow/.local/lib/python3.8/site-packages/airflow/example_dags/example_short_circuit_operator.py for tasks to queue
[2026-06-03T13:14:04.129+0000] {logging_mixin.py:188} INFO - [2026-06-03T13:14:04.129+0000] {dagbag.py:538} INFO - Filling up the DagBag from /home/airflow/.local/lib/python3.8/site-packages/airflow/example_dags/example_short_circuit_operator.py
[2026-06-03T13:14:04.132+0000] {processor.py:840} INFO - DAG(s) 'example_short_circuit_operator' retrieved from /home/airflow/.local/lib/python3.8/site-packages/airflow/example_dags/example_short_circuit_operator.py
[2026-06-03T13:14:04.146+0000] {logging_mixin.py:188} INFO - [2026-06-03T13:14:04.146+0000] {dag.py:3033} INFO - Sync 1 DAGs
[2026-06-03T13:14:04.156+0000] {logging_mixin.py:188} INFO - [2026-06-03T13:14:04.156+0000] {dag.py:3820} INFO - Setting next_dagrun for example_short_circuit_operator to 2026-06-02T00:00:00+00:00, run_after=2026-06-03T00:00:00+00:00
[2026-06-03T13:14:04.167+0000] {processor.py:183} INFO - Processing /home/airflow/.local/lib/python3.8/site-packages/airflow/example_dags/example_short_circuit_operator.py took 0.042 seconds
[2026-06-03T13:14:21.049+0000] {processor.py:161} INFO - Started process (PID=62) to work on /home/airflow/.local/lib/python3.8/site-packages/airflow/example_dags/example_short_circuit_operator.py
[2026-06-03T13:14:21.051+0000] {processor.py:830} INFO - Processing file /home/airflow/.local/lib/python3.8/site-packages/airflow/example_dags/example_short_circuit_operator.py for tasks to queue
[2026-06-03T13:14:21.053+0000] {logging_mixin.py:188} INFO - [2026-06-03T13:14:21.053+0000] {dagbag.py:538} INFO - Filling up the DagBag from /home/airflow/.local/lib/python3.8/site-packages/airflow/example_dags/example_short_circuit_operator.py
[2026-06-03T13:14:21.063+0000] {processor.py:840} INFO - DAG(s) 'example_short_circuit_operator' retrieved from /home/airflow/.local/lib/python3.8/site-packages/airflow/example_dags/example_short_circuit_operator.py
[2026-06-03T13:14:21.077+0000] {logging_mixin.py:188} INFO - [2026-06-03T13:14:21.077+0000] {dag.py:3033} INFO - Sync 1 DAGs
[2026-06-03T13:14:21.095+0000] {logging_mixin.py:188} INFO - [2026-06-03T13:14:21.095+0000] {dag.py:3820} INFO - Setting next_dagrun for example_short_circuit_operator to 2026-06-02T00:00:00+00:00, run_after=2026-06-03T00:00:00+00:00
[2026-06-03T13:14:21.108+0000] {processor.py:183} INFO - Processing /home/airflow/.local/lib/python3.8/site-packages/airflow/example_dags/example_short_circuit_operator.py took 0.061 seconds
[2026-06-03T13:14:51.197+0000] {processor.py:161} INFO - Started process (PID=118) to work on /home/airflow/.local/lib/python3.8/site-packages/airflow/example_dags/example_short_circuit_operator.py
[2026-06-03T13:14:51.198+0000] {processor.py:830} INFO - Processing file /home/airflow/.local/lib/python3.8/site-packages/airflow/example_dags/example_short_circuit_operator.py for tasks to queue
[2026-06-03T13:14:51.201+0000] {logging_mixin.py:188} INFO - [2026-06-03T13:14:51.201+0000] {dagbag.py:538} INFO - Filling up the DagBag from /home/airflow/.local/lib/python3.8/site-packages/airflow/example_dags/example_short_circuit_operator.py
[2026-06-03T13:14:51.213+0000] {processor.py:840} INFO - DAG(s) 'example_short_circuit_operator' retrieved from /home/airflow/.local/lib/python3.8/site-packages/airflow/example_dags/example_short_circuit_operator.py
[2026-06-03T13:14:51.255+0000] {logging_mixin.py:188} INFO - [2026-06-03T13:14:51.255+0000] {dag.py:3033} INFO - Sync 1 DAGs
[2026-06-03T13:14:51.275+0000] {logging_mixin.py:188} INFO - [2026-06-03T13:14:51.275+0000] {dag.py:3820} INFO - Setting next_dagrun for example_short_circuit_operator to 2026-06-02T00:00:00+00:00, run_after=2026-06-03T00:00:00+00:00
[2026-06-03T13:14:51.305+0000] {processor.py:183} INFO - Processing /home/airflow/.local/lib/python3.8/site-packages/airflow/example_dags/example_short_circuit_operator.py took 0.110 seconds
[2026-06-03T13:15:21.828+0000] {processor.py:161} INFO - Started process (PID=174) to work on /home/airflow/.local/lib/python3.8/site-packages/airflow/example_dags/example_short_circuit_operator.py
[2026-06-03T13:15:21.828+0000] {processor.py:830} INFO - Processing file /home/airflow/.local/lib/python3.8/site-packages/airflow/example_dags/example_short_circuit_operator.py for tasks to queue
[2026-06-03T13:15:21.829+0000] {logging_mixin.py:188} INFO - [2026-06-03T13:15:21.829+0000] {dagbag.py:538} INFO - Filling up the DagBag from /home/airflow/.local/lib/python3.8/site-packages/airflow/example_dags/example_short_circuit_operator.py
[2026-06-03T13:15:21.834+0000] {processor.py:840} INFO - DAG(s) 'example_short_circuit_operator' retrieved from /home/airflow/.local/lib/python3.8/site-packages/airflow/example_dags/example_short_circuit_operator.py
[2026-06-03T13:15:21.848+0000] {logging_mixin.py:188} INFO - [2026-06-03T13:15:21.848+0000] {dag.py:3033} INFO - Sync 1 DAGs
[2026-06-03T13:15:21.858+0000] {logging_mixin.py:188} INFO - [2026-06-03T13:15:21.858+0000] {dag.py:3820} INFO - Setting next_dagrun for example_short_circuit_operator to 2026-06-02T00:00:00+00:00, run_after=2026-06-03T00:00:00+00:00
[2026-06-03T13:15:21.866+0000] {processor.py:183} INFO - Processing /home/airflow/.local/lib/python3.8/site-packages/airflow/example_dags/example_short_circuit_operator.py took 0.040 seconds
[2026-06-03T13:15:52.066+0000] {processor.py:161} INFO - Started process (PID=231) to work on /home/airflow/.local/lib/python3.8/site-packages/airflow/example_dags/example_short_circuit_operator.py
[2026-06-03T13:15:52.069+0000] {processor.py:830} INFO - Processing file /home/airflow/.local/lib/python3.8/site-packages/airflow/example_dags/example_short_circuit_operator.py for tasks to queue
[2026-06-03T13:15:52.071+0000] {logging_mixin.py:188} INFO - [2026-06-03T13:15:52.071+0000] {dagbag.py:538} INFO - Filling up the DagBag from /home/airflow/.local/lib/python3.8/site-packages/airflow/example_dags/example_short_circuit_operator.py
[2026-06-03T13:15:52.078+0000] {processor.py:840} INFO - DAG(s) 'example_short_circuit_operator' retrieved from /home/airflow/.local/lib/python3.8/site-packages/airflow/example_dags/example_short_circuit_operator.py
[2026-06-03T13:15:52.094+0000] {logging_mixin.py:188} INFO - [2026-06-03T13:15:52.094+0000] {dag.py:3033} INFO - Sync 1 DAGs
[2026-06-03T13:15:52.109+0000] {logging_mixin.py:188} INFO - [2026-06-03T13:15:52.109+0000] {dag.py:3820} INFO - Setting next_dagrun for example_short_circuit_operator to 2026-06-02T00:00:00+00:00, run_after=2026-06-03T00:00:00+00:00
[2026-06-03T13:15:52.121+0000] {processor.py:183} INFO - Processing /home/airflow/.local/lib/python3.8/site-packages/airflow/example_dags/example_short_circuit_operator.py took 0.059 seconds
[2026-06-03T13:16:22.618+0000] {processor.py:161} INFO - Started process (PID=287) to work on /home/airflow/.local/lib/python3.8/site-packages/airflow/example_dags/example_short_circuit_operator.py
[2026-06-03T13:16:22.619+0000] {processor.py:830} INFO - Processing file /home/airflow/.local/lib/python3.8/site-packages/airflow/example_dags/example_short_circuit_operator.py for tasks to queue
[2026-06-03T13:16:22.621+0000] {logging_mixin.py:188} INFO - [2026-06-03T13:16:22.621+0000] {dagbag.py:538} INFO - Filling up the DagBag from /home/airflow/.local/lib/python3.8/site-packages/airflow/example_dags/example_short_circuit_operator.py
[2026-06-03T13:16:22.629+0000] {processor.py:840} INFO - DAG(s) 'example_short_circuit_operator' retrieved from /home/airflow/.local/lib/python3.8/site-packages/airflow/example_dags/example_short_circuit_operator.py
[2026-06-03T13:16:22.645+0000] {logging_mixin.py:188} INFO - [2026-06-03T13:16:22.645+0000] {dag.py:3033} INFO - Sync 1 DAGs
[2026-06-03T13:16:22.658+0000] {logging_mixin.py:188} INFO - [2026-06-03T13:16:22.658+0000] {dag.py:3820} INFO - Setting next_dagrun for example_short_circuit_operator to 2026-06-02T00:00:00+00:00, run_after=2026-06-03T00:00:00+00:00
[2026-06-03T13:16:22.682+0000] {processor.py:183} INFO - Processing /home/airflow/.local/lib/python3.8/site-packages/airflow/example_dags/example_short_circuit_operator.py took 0.066 seconds
[2026-06-03T13:16:53.129+0000] {processor.py:161} INFO - Started process (PID=343) to work on /home/airflow/.local/lib/python3.8/site-packages/airflow/example_dags/example_short_circuit_operator.py
[2026-06-03T13:16:53.130+0000] {processor.py:830} INFO - Processing file /home/airflow/.local/lib/python3.8/site-packages/airflow/example_dags/example_short_circuit_operator.py for tasks to queue
[2026-06-03T13:16:53.131+0000] {logging_mixin.py:188} INFO - [2026-06-03T13:16:53.131+0000] {dagbag.py:538} INFO - Filling up the DagBag from /home/airflow/.local/lib/python3.8/site-packages/airflow/example_dags/example_short_circuit_operator.py
[2026-06-03T13:16:53.135+0000] {processor.py:840} INFO - DAG(s) 'example_short_circuit_operator' retrieved from /home/airflow/.local/lib/python3.8/site-packages/airflow/example_dags/example_short_circuit_operator.py
[2026-06-03T13:16:53.153+0000] {logging_mixin.py:188} INFO - [2026-06-03T13:16:53.153+0000] {dag.py:3033} INFO - Sync 1 DAGs
[2026-06-03T13:16:53.171+0000] {logging_mixin.py:188} INFO - [2026-06-03T13:16:53.171+0000] {dag.py:3820} INFO - Setting next_dagrun for example_short_circuit_operator to 2026-06-02T00:00:00+00:00, run_after=2026-06-03T00:00:00+00:00
[2026-06-03T13:16:53.187+0000] {processor.py:183} INFO - Processing /home/airflow/.local/lib/python3.8/site-packages/airflow/example_dags/example_short_circuit_operator.py took 0.060 seconds
[2026-06-03T13:17:23.897+0000] {processor.py:161} INFO - Started process (PID=405) to work on /home/airflow/.local/lib/python3.8/site-packages/airflow/example_dags/example_short_circuit_operator.py
[2026-06-03T13:17:23.898+0000] {processor.py:830} INFO - Processing file /home/airflow/.local/lib/python3.8/site-packages/airflow/example_dags/example_short_circuit_operator.py for tasks to queue
[2026-06-03T13:17:23.899+0000] {logging_mixin.py:188} INFO - [2026-06-03T13:17:23.899+0000] {dagbag.py:538} INFO - Filling up the DagBag from /home/airflow/.local/lib/python3.8/site-packages/airflow/example_dags/example_short_circuit_operator.py
[2026-06-03T13:17:23.903+0000] {processor.py:840} INFO - DAG(s) 'example_short_circuit_operator' retrieved from /home/airflow/.local/lib/python3.8/site-packages/airflow/example_dags/example_short_circuit_operator.py
[2026-06-03T13:17:23.917+0000] {logging_mixin.py:188} INFO - [2026-06-03T13:17:23.917+0000] {dag.py:3033} INFO - Sync 1 DAGs
[2026-06-03T13:17:23.928+0000] {logging_mixin.py:188} INFO - [2026-06-03T13:17:23.928+0000] {dag.py:3820} INFO - Setting next_dagrun for example_short_circuit_operator to 2026-06-02T00:00:00+00:00, run_after=2026-06-03T00:00:00+00:00
[2026-06-03T13:17:23.934+0000] {processor.py:183} INFO - Processing /home/airflow/.local/lib/python3.8/site-packages/airflow/example_dags/example_short_circuit_operator.py took 0.039 seconds
[2026-06-03T13:17:54.099+0000] {processor.py:161} INFO - Started process (PID=461) to work on /home/airflow/.local/lib/python3.8/site-packages/airflow/example_dags/example_short_circuit_operator.py
[2026-06-03T13:17:54.100+0000] {processor.py:830} INFO - Processing file /home/airflow/.local/lib/python3.8/site-packages/airflow/example_dags/example_short_circuit_operator.py for tasks to queue
[2026-06-03T13:17:54.101+0000] {logging_mixin.py:188} INFO - [2026-06-03T13:17:54.101+0000] {dagbag.py:538} INFO - Filling up the DagBag from /home/airflow/.local/lib/python3.8/site-packages/airflow/example_dags/example_short_circuit_operator.py
[2026-06-03T13:17:54.104+0000] {processor.py:840} INFO - DAG(s) 'example_short_circuit_operator' retrieved from /home/airflow/.local/lib/python3.8/site-packages/airflow/example_dags/example_short_circuit_operator.py
[2026-06-03T13:17:54.117+0000] {logging_mixin.py:188} INFO - [2026-06-03T13:17:54.117+0000] {dag.py:3033} INFO - Sync 1 DAGs
[2026-06-03T13:17:54.127+0000] {logging_mixin.py:188} INFO - [2026-06-03T13:17:54.127+0000] {dag.py:3820} INFO - Setting next_dagrun for example_short_circuit_operator to 2026-06-02T00:00:00+00:00, run_after=2026-06-03T00:00:00+00:00
[2026-06-03T13:17:54.143+0000] {processor.py:183} INFO - Processing /home/airflow/.local/lib/python3.8/site-packages/airflow/example_dags/example_short_circuit_operator.py took 0.045 seconds
[2026-06-03T13:18:24.438+0000] {processor.py:161} INFO - Started process (PID=517) to work on /home/airflow/.local/lib/python3.8/site-packages/airflow/example_dags/example_short_circuit_operator.py
[2026-06-03T13:18:24.439+0000] {processor.py:830} INFO - Processing file /home/airflow/.local/lib/python3.8/site-packages/airflow/example_dags/example_short_circuit_operator.py for tasks to queue
[2026-06-03T13:18:24.442+0000] {logging_mixin.py:188} INFO - [2026-06-03T13:18:24.441+0000] {dagbag.py:538} INFO - Filling up the DagBag from /home/airflow/.local/lib/python3.8/site-packages/airflow/example_dags/example_short_circuit_operator.py
[2026-06-03T13:18:24.446+0000] {processor.py:840} INFO - DAG(s) 'example_short_circuit_operator' retrieved from /home/airflow/.local/lib/python3.8/site-packages/airflow/example_dags/example_short_circuit_operator.py
[2026-06-03T13:18:24.457+0000] {logging_mixin.py:188} INFO - [2026-06-03T13:18:24.457+0000] {dag.py:3033} INFO - Sync 1 DAGs
[2026-06-03T13:18:24.465+0000] {logging_mixin.py:188} INFO - [2026-06-03T13:18:24.465+0000] {dag.py:3820} INFO - Setting next_dagrun for example_short_circuit_operator to 2026-06-02T00:00:00+00:00, run_after=2026-06-03T00:00:00+00:00
[2026-06-03T13:18:24.472+0000] {processor.py:183} INFO - Processing /home/airflow/.local/lib/python3.8/site-packages/airflow/example_dags/example_short_circuit_operator.py took 0.035 seconds
[2026-06-03T13:18:55.147+0000] {processor.py:161} INFO - Started process (PID=573) to work on /home/airflow/.local/lib/python3.8/site-packages/airflow/example_dags/example_short_circuit_operator.py
[2026-06-03T13:18:55.149+0000] {processor.py:830} INFO - Processing file /home/airflow/.local/lib/python3.8/site-packages/airflow/example_dags/example_short_circuit_operator.py for tasks to queue
[2026-06-03T13:18:55.156+0000] {logging_mixin.py:188} INFO - [2026-06-03T13:18:55.155+0000] {dagbag.py:538} INFO - Filling up the DagBag from /home/airflow/.local/lib/python3.8/site-packages/airflow/example_dags/example_short_circuit_operator.py
[2026-06-03T13:18:55.169+0000] {processor.py:840} INFO - DAG(s) 'example_short_circuit_operator' retrieved from /home/airflow/.local/lib/python3.8/site-packages/airflow/example_dags/example_short_circuit_operator.py
[2026-06-03T13:18:55.194+0000] {logging_mixin.py:188} INFO - [2026-06-03T13:18:55.194+0000] {dag.py:3033} INFO - Sync 1 DAGs
[2026-06-03T13:18:55.210+0000] {logging_mixin.py:188} INFO - [2026-06-03T13:18:55.210+0000] {dag.py:3820} INFO - Setting next_dagrun for example_short_circuit_operator to 2026-06-02T00:00:00+00:00, run_after=2026-06-03T00:00:00+00:00
[2026-06-03T13:18:55.224+0000] {processor.py:183} INFO - Processing /home/airflow/.local/lib/python3.8/site-packages/airflow/example_dags/example_short_circuit_operator.py took 0.083 seconds
[2026-06-03T13:19:25.891+0000] {processor.py:161} INFO - Started process (PID=629) to work on /home/airflow/.local/lib/python3.8/site-packages/airflow/example_dags/example_short_circuit_operator.py
[2026-06-03T13:19:25.893+0000] {processor.py:830} INFO - Processing file /home/airflow/.local/lib/python3.8/site-packages/airflow/example_dags/example_short_circuit_operator.py for tasks to queue
[2026-06-03T13:19:25.898+0000] {logging_mixin.py:188} INFO - [2026-06-03T13:19:25.898+0000] {dagbag.py:538} INFO - Filling up the DagBag from /home/airflow/.local/lib/python3.8/site-packages/airflow/example_dags/example_short_circuit_operator.py
[2026-06-03T13:19:25.904+0000] {processor.py:840} INFO - DAG(s) 'example_short_circuit_operator' retrieved from /home/airflow/.local/lib/python3.8/site-packages/airflow/example_dags/example_short_circuit_operator.py
[2026-06-03T13:19:25.926+0000] {logging_mixin.py:188} INFO - [2026-06-03T13:19:25.925+0000] {dag.py:3033} INFO - Sync 1 DAGs
[2026-06-03T13:19:25.942+0000] {logging_mixin.py:188} INFO - [2026-06-03T13:19:25.942+0000] {dag.py:3820} INFO - Setting next_dagrun for example_short_circuit_operator to 2026-06-02T00:00:00+00:00, run_after=2026-06-03T00:00:00+00:00
[2026-06-03T13:19:25.958+0000] {processor.py:183} INFO - Processing /home/airflow/.local/lib/python3.8/site-packages/airflow/example_dags/example_short_circuit_operator.py took 0.071 seconds
[2026-06-03T13:19:56.653+0000] {processor.py:161} INFO - Started process (PID=685) to work on /home/airflow/.local/lib/python3.8/site-packages/airflow/example_dags/example_short_circuit_operator.py
[2026-06-03T13:19:56.657+0000] {processor.py:830} INFO - Processing file /home/airflow/.local/lib/python3.8/site-packages/airflow/example_dags/example_short_circuit_operator.py for tasks to queue
[2026-06-03T13:19:56.659+0000] {logging_mixin.py:188} INFO - [2026-06-03T13:19:56.659+0000] {dagbag.py:538} INFO - Filling up the DagBag from /home/airflow/.local/lib/python3.8/site-packages/airflow/example_dags/example_short_circuit_operator.py
[2026-06-03T13:19:56.669+0000] {processor.py:840} INFO - DAG(s) 'example_short_circuit_operator' retrieved from /home/airflow/.local/lib/python3.8/site-packages/airflow/example_dags/example_short_circuit_operator.py
[2026-06-03T13:19:56.685+0000] {logging_mixin.py:188} INFO - [2026-06-03T13:19:56.685+0000] {dag.py:3033} INFO - Sync 1 DAGs
[2026-06-03T13:19:56.697+0000] {logging_mixin.py:188} INFO - [2026-06-03T13:19:56.697+0000] {dag.py:3820} INFO - Setting next_dagrun for example_short_circuit_operator to 2026-06-02T00:00:00+00:00, run_after=2026-06-03T00:00:00+00:00
[2026-06-03T13:19:56.705+0000] {processor.py:183} INFO - Processing /home/airflow/.local/lib/python3.8/site-packages/airflow/example_dags/example_short_circuit_operator.py took 0.055 seconds
[2026-06-03T13:20:27.014+0000] {processor.py:161} INFO - Started process (PID=741) to work on /home/airflow/.local/lib/python3.8/site-packages/airflow/example_dags/example_short_circuit_operator.py
[2026-06-03T13:20:27.015+0000] {processor.py:830} INFO - Processing file /home/airflow/.local/lib/python3.8/site-packages/airflow/example_dags/example_short_circuit_operator.py for tasks to queue
[2026-06-03T13:20:27.016+0000] {logging_mixin.py:188} INFO - [2026-06-03T13:20:27.016+0000] {dagbag.py:538} INFO - Filling up the DagBag from /home/airflow/.local/lib/python3.8/site-packages/airflow/example_dags/example_short_circuit_operator.py
[2026-06-03T13:20:27.024+0000] {processor.py:840} INFO - DAG(s) 'example_short_circuit_operator' retrieved from /home/airflow/.local/lib/python3.8/site-packages/airflow/example_dags/example_short_circuit_operator.py
[2026-06-03T13:20:27.041+0000] {logging_mixin.py:188} INFO - [2026-06-03T13:20:27.041+0000] {dag.py:3033} INFO - Sync 1 DAGs
[2026-06-03T13:20:27.050+0000] {logging_mixin.py:188} INFO - [2026-06-03T13:20:27.050+0000] {dag.py:3820} INFO - Setting next_dagrun for example_short_circuit_operator to 2026-06-02T00:00:00+00:00, run_after=2026-06-03T00:00:00+00:00
[2026-06-03T13:20:27.057+0000] {processor.py:183} INFO - Processing /home/airflow/.local/lib/python3.8/site-packages/airflow/example_dags/example_short_circuit_operator.py took 0.045 seconds
[2026-06-03T13:20:58.806+0000] {processor.py:161} INFO - Started process (PID=797) to work on /home/airflow/.local/lib/python3.8/site-packages/airflow/example_dags/example_short_circuit_operator.py
[2026-06-03T13:20:58.807+0000] {processor.py:830} INFO - Processing file /home/airflow/.local/lib/python3.8/site-packages/airflow/example_dags/example_short_circuit_operator.py for tasks to queue
[2026-06-03T13:20:58.810+0000] {logging_mixin.py:188} INFO - [2026-06-03T13:20:58.809+0000] {dagbag.py:538} INFO - Filling up the DagBag from /home/airflow/.local/lib/python3.8/site-packages/airflow/example_dags/example_short_circuit_operator.py
[2026-06-03T13:20:58.821+0000] {processor.py:840} INFO - DAG(s) 'example_short_circuit_operator' retrieved from /home/airflow/.local/lib/python3.8/site-packages/airflow/example_dags/example_short_circuit_operator.py
[2026-06-03T13:20:58.836+0000] {logging_mixin.py:188} INFO - [2026-06-03T13:20:58.836+0000] {dag.py:3033} INFO - Sync 1 DAGs
[2026-06-03T13:20:58.845+0000] {logging_mixin.py:188} INFO - [2026-06-03T13:20:58.845+0000] {dag.py:3820} INFO - Setting next_dagrun for example_short_circuit_operator to 2026-06-02T00:00:00+00:00, run_after=2026-06-03T00:00:00+00:00
[2026-06-03T13:20:58.865+0000] {processor.py:183} INFO - Processing /home/airflow/.local/lib/python3.8/site-packages/airflow/example_dags/example_short_circuit_operator.py took 0.062 seconds
[2026-06-03T13:21:29.710+0000] {processor.py:161} INFO - Started process (PID=853) to work on /home/airflow/.local/lib/python3.8/site-packages/airflow/example_dags/example_short_circuit_operator.py
[2026-06-03T13:21:29.711+0000] {processor.py:830} INFO - Processing file /home/airflow/.local/lib/python3.8/site-packages/airflow/example_dags/example_short_circuit_operator.py for tasks to queue
[2026-06-03T13:21:29.715+0000] {logging_mixin.py:188} INFO - [2026-06-03T13:21:29.714+0000] {dagbag.py:538} INFO - Filling up the DagBag from /home/airflow/.local/lib/python3.8/site-packages/airflow/example_dags/example_short_circuit_operator.py
[2026-06-03T13:21:29.720+0000] {processor.py:840} INFO - DAG(s) 'example_short_circuit_operator' retrieved from /home/airflow/.local/lib/python3.8/site-packages/airflow/example_dags/example_short_circuit_operator.py
[2026-06-03T13:21:29.777+0000] {logging_mixin.py:188} INFO - [2026-06-03T13:21:29.777+0000] {dag.py:3033} INFO - Sync 1 DAGs
[2026-06-03T13:21:29.799+0000] {logging_mixin.py:188} INFO - [2026-06-03T13:21:29.799+0000] {dag.py:3820} INFO - Setting next_dagrun for example_short_circuit_operator to 2026-06-02T00:00:00+00:00, run_after=2026-06-03T00:00:00+00:00
[2026-06-03T13:21:29.816+0000] {processor.py:183} INFO - Processing /home/airflow/.local/lib/python3.8/site-packages/airflow/example_dags/example_short_circuit_operator.py took 0.109 seconds
[2026-06-03T13:22:00.226+0000] {processor.py:161} INFO - Started process (PID=909) to work on /home/airflow/.local/lib/python3.8/site-packages/airflow/example_dags/example_short_circuit_operator.py
[2026-06-03T13:22:00.228+0000] {processor.py:830} INFO - Processing file /home/airflow/.local/lib/python3.8/site-packages/airflow/example_dags/example_short_circuit_operator.py for tasks to queue
[2026-06-03T13:22:00.232+0000] {logging_mixin.py:188} INFO - [2026-06-03T13:22:00.231+0000] {dagbag.py:538} INFO - Filling up the DagBag from /home/airflow/.local/lib/python3.8/site-packages/airflow/example_dags/example_short_circuit_operator.py
[2026-06-03T13:22:00.237+0000] {processor.py:840} INFO - DAG(s) 'example_short_circuit_operator' retrieved from /home/airflow/.local/lib/python3.8/site-packages/airflow/example_dags/example_short_circuit_operator.py
[2026-06-03T13:22:00.262+0000] {logging_mixin.py:188} INFO - [2026-06-03T13:22:00.261+0000] {dag.py:3033} INFO - Sync 1 DAGs
[2026-06-03T13:22:00.281+0000] {logging_mixin.py:188} INFO - [2026-06-03T13:22:00.280+0000] {dag.py:3820} INFO - Setting next_dagrun for example_short_circuit_operator to 2026-06-02T00:00:00+00:00, run_after=2026-06-03T00:00:00+00:00
[2026-06-03T13:22:00.292+0000] {processor.py:183} INFO - Processing /home/airflow/.local/lib/python3.8/site-packages/airflow/example_dags/example_short_circuit_operator.py took 0.070 seconds
[2026-06-03T13:22:30.755+0000] {processor.py:161} INFO - Started process (PID=965) to work on /home/airflow/.local/lib/python3.8/site-packages/airflow/example_dags/example_short_circuit_operator.py
[2026-06-03T13:22:30.757+0000] {processor.py:830} INFO - Processing file /home/airflow/.local/lib/python3.8/site-packages/airflow/example_dags/example_short_circuit_operator.py for tasks to queue
[2026-06-03T13:22:30.760+0000] {logging_mixin.py:188} INFO - [2026-06-03T13:22:30.760+0000] {dagbag.py:538} INFO - Filling up the DagBag from /home/airflow/.local/lib/python3.8/site-packages/airflow/example_dags/example_short_circuit_operator.py
[2026-06-03T13:22:30.767+0000] {processor.py:840} INFO - DAG(s) 'example_short_circuit_operator' retrieved from /home/airflow/.local/lib/python3.8/site-packages/airflow/example_dags/example_short_circuit_operator.py
[2026-06-03T13:22:30.791+0000] {logging_mixin.py:188} INFO - [2026-06-03T13:22:30.791+0000] {dag.py:3033} INFO - Sync 1 DAGs
[2026-06-03T13:22:30.815+0000] {logging_mixin.py:188} INFO - [2026-06-03T13:22:30.815+0000] {dag.py:3820} INFO - Setting next_dagrun for example_short_circuit_operator to 2026-06-02T00:00:00+00:00, run_after=2026-06-03T00:00:00+00:00
[2026-06-03T13:22:30.836+0000] {processor.py:183} INFO - Processing /home/airflow/.local/lib/python3.8/site-packages/airflow/example_dags/example_short_circuit_operator.py took 0.088 seconds
[2026-06-03T13:23:01.277+0000] {processor.py:161} INFO - Started process (PID=1021) to work on /home/airflow/.local/lib/python3.8/site-packages/airflow/example_dags/example_short_circuit_operator.py
[2026-06-03T13:23:01.278+0000] {processor.py:830} INFO - Processing file /home/airflow/.local/lib/python3.8/site-packages/airflow/example_dags/example_short_circuit_operator.py for tasks to queue
[2026-06-03T13:23:01.283+0000] {logging_mixin.py:188} INFO - [2026-06-03T13:23:01.283+0000] {dagbag.py:538} INFO - Filling up the DagBag from /home/airflow/.local/lib/python3.8/site-packages/airflow/example_dags/example_short_circuit_operator.py
[2026-06-03T13:23:01.289+0000] {processor.py:840} INFO - DAG(s) 'example_short_circuit_operator' retrieved from /home/airflow/.local/lib/python3.8/site-packages/airflow/example_dags/example_short_circuit_operator.py
[2026-06-03T13:23:01.310+0000] {logging_mixin.py:188} INFO - [2026-06-03T13:23:01.310+0000] {dag.py:3033} INFO - Sync 1 DAGs
[2026-06-03T13:23:01.325+0000] {logging_mixin.py:188} INFO - [2026-06-03T13:23:01.325+0000] {dag.py:3820} INFO - Setting next_dagrun for example_short_circuit_operator to 2026-06-02T00:00:00+00:00, run_after=2026-06-03T00:00:00+00:00
[2026-06-03T13:23:01.334+0000] {processor.py:183} INFO - Processing /home/airflow/.local/lib/python3.8/site-packages/airflow/example_dags/example_short_circuit_operator.py took 0.059 seconds
[2026-06-03T13:23:33.043+0000] {processor.py:161} INFO - Started process (PID=1077) to work on /home/airflow/.local/lib/python3.8/site-packages/airflow/example_dags/example_short_circuit_operator.py
[2026-06-03T13:23:33.044+0000] {processor.py:830} INFO - Processing file /home/airflow/.local/lib/python3.8/site-packages/airflow/example_dags/example_short_circuit_operator.py for tasks to queue
[2026-06-03T13:23:33.047+0000] {logging_mixin.py:188} INFO - [2026-06-03T13:23:33.047+0000] {dagbag.py:538} INFO - Filling up the DagBag from /home/airflow/.local/lib/python3.8/site-packages/airflow/example_dags/example_short_circuit_operator.py
[2026-06-03T13:23:33.055+0000] {processor.py:840} INFO - DAG(s) 'example_short_circuit_operator' retrieved from /home/airflow/.local/lib/python3.8/site-packages/airflow/example_dags/example_short_circuit_operator.py
[2026-06-03T13:23:33.079+0000] {logging_mixin.py:188} INFO - [2026-06-03T13:23:33.079+0000] {dag.py:3033} INFO - Sync 1 DAGs
[2026-06-03T13:23:33.105+0000] {logging_mixin.py:188} INFO - [2026-06-03T13:23:33.105+0000] {dag.py:3820} INFO - Setting next_dagrun for example_short_circuit_operator to 2026-06-02T00:00:00+00:00, run_after=2026-06-03T00:00:00+00:00
[2026-06-03T13:23:33.142+0000] {processor.py:183} INFO - Processing /home/airflow/.local/lib/python3.8/site-packages/airflow/example_dags/example_short_circuit_operator.py took 0.103 seconds
[2026-06-03T13:24:03.324+0000] {processor.py:161} INFO - Started process (PID=1133) to work on /home/airflow/.local/lib/python3.8/site-packages/airflow/example_dags/example_short_circuit_operator.py
[2026-06-03T13:24:03.328+0000] {processor.py:830} INFO - Processing file /home/airflow/.local/lib/python3.8/site-packages/airflow/example_dags/example_short_circuit_operator.py for tasks to queue
[2026-06-03T13:24:03.340+0000] {logging_mixin.py:188} INFO - [2026-06-03T13:24:03.339+0000] {dagbag.py:538} INFO - Filling up the DagBag from /home/airflow/.local/lib/python3.8/site-packages/airflow/example_dags/example_short_circuit_operator.py
[2026-06-03T13:24:03.357+0000] {processor.py:840} INFO - DAG(s) 'example_short_circuit_operator' retrieved from /home/airflow/.local/lib/python3.8/site-packages/airflow/example_dags/example_short_circuit_operator.py
[2026-06-03T13:24:03.416+0000] {logging_mixin.py:188} INFO - [2026-06-03T13:24:03.415+0000] {dag.py:3033} INFO - Sync 1 DAGs
[2026-06-03T13:24:03.451+0000] {logging_mixin.py:188} INFO - [2026-06-03T13:24:03.451+0000] {dag.py:3820} INFO - Setting next_dagrun for example_short_circuit_operator to 2026-06-02T00:00:00+00:00, run_after=2026-06-03T00:00:00+00:00
[2026-06-03T13:24:03.481+0000] {processor.py:183} INFO - Processing /home/airflow/.local/lib/python3.8/site-packages/airflow/example_dags/example_short_circuit_operator.py took 0.170 seconds
[2026-06-03T13:24:34.264+0000] {processor.py:161} INFO - Started process (PID=1189) to work on /home/airflow/.local/lib/python3.8/site-packages/airflow/example_dags/example_short_circuit_operator.py
[2026-06-03T13:24:34.265+0000] {processor.py:830} INFO - Processing file /home/airflow/.local/lib/python3.8/site-packages/airflow/example_dags/example_short_circuit_operator.py for tasks to queue
[2026-06-03T13:24:34.268+0000] {logging_mixin.py:188} INFO - [2026-06-03T13:24:34.267+0000] {dagbag.py:538} INFO - Filling up the DagBag from /home/airflow/.local/lib/python3.8/site-packages/airflow/example_dags/example_short_circuit_operator.py
[2026-06-03T13:24:34.279+0000] {processor.py:840} INFO - DAG(s) 'example_short_circuit_operator' retrieved from /home/airflow/.local/lib/python3.8/site-packages/airflow/example_dags/example_short_circuit_operator.py
[2026-06-03T13:24:34.297+0000] {logging_mixin.py:188} INFO - [2026-06-03T13:24:34.297+0000] {dag.py:3033} INFO - Sync 1 DAGs
[2026-06-03T13:24:34.329+0000] {logging_mixin.py:188} INFO - [2026-06-03T13:24:34.328+0000] {dag.py:3820} INFO - Setting next_dagrun for example_short_circuit_operator to 2026-06-02T00:00:00+00:00, run_after=2026-06-03T00:00:00+00:00
[2026-06-03T13:24:34.365+0000] {processor.py:183} INFO - Processing /home/airflow/.local/lib/python3.8/site-packages/airflow/example_dags/example_short_circuit_operator.py took 0.105 seconds
[2026-06-03T13:25:04.866+0000] {processor.py:161} INFO - Started process (PID=1245) to work on /home/airflow/.local/lib/python3.8/site-packages/airflow/example_dags/example_short_circuit_operator.py
[2026-06-03T13:25:04.866+0000] {processor.py:830} INFO - Processing file /home/airflow/.local/lib/python3.8/site-packages/airflow/example_dags/example_short_circuit_operator.py for tasks to queue
[2026-06-03T13:25:04.867+0000] {logging_mixin.py:188} INFO - [2026-06-03T13:25:04.867+0000] {dagbag.py:538} INFO - Filling up the DagBag from /home/airflow/.local/lib/python3.8/site-packages/airflow/example_dags/example_short_circuit_operator.py
[2026-06-03T13:25:04.872+0000] {processor.py:840} INFO - DAG(s) 'example_short_circuit_operator' retrieved from /home/airflow/.local/lib/python3.8/site-packages/airflow/example_dags/example_short_circuit_operator.py
[2026-06-03T13:25:04.887+0000] {logging_mixin.py:188} INFO - [2026-06-03T13:25:04.886+0000] {dag.py:3033} INFO - Sync 1 DAGs
[2026-06-03T13:25:04.900+0000] {logging_mixin.py:188} INFO - [2026-06-03T13:25:04.900+0000] {dag.py:3820} INFO - Setting next_dagrun for example_short_circuit_operator to 2026-06-02T00:00:00+00:00, run_after=2026-06-03T00:00:00+00:00
[2026-06-03T13:25:04.919+0000] {processor.py:183} INFO - Processing /home/airflow/.local/lib/python3.8/site-packages/airflow/example_dags/example_short_circuit_operator.py took 0.055 seconds
[2026-06-03T13:25:35.512+0000] {processor.py:161} INFO - Started process (PID=1302) to work on /home/airflow/.local/lib/python3.8/site-packages/airflow/example_dags/example_short_circuit_operator.py
[2026-06-03T13:25:35.512+0000] {processor.py:830} INFO - Processing file /home/airflow/.local/lib/python3.8/site-packages/airflow/example_dags/example_short_circuit_operator.py for tasks to queue
[2026-06-03T13:25:35.513+0000] {logging_mixin.py:188} INFO - [2026-06-03T13:25:35.513+0000] {dagbag.py:538} INFO - Filling up the DagBag from /home/airflow/.local/lib/python3.8/site-packages/airflow/example_dags/example_short_circuit_operator.py
[2026-06-03T13:25:35.517+0000] {processor.py:840} INFO - DAG(s) 'example_short_circuit_operator' retrieved from /home/airflow/.local/lib/python3.8/site-packages/airflow/example_dags/example_short_circuit_operator.py
[2026-06-03T13:25:35.528+0000] {logging_mixin.py:188} INFO - [2026-06-03T13:25:35.528+0000] {dag.py:3033} INFO - Sync 1 DAGs
[2026-06-03T13:25:35.538+0000] {logging_mixin.py:188} INFO - [2026-06-03T13:25:35.538+0000] {dag.py:3820} INFO - Setting next_dagrun for example_short_circuit_operator to 2026-06-02T00:00:00+00:00, run_after=2026-06-03T00:00:00+00:00
[2026-06-03T13:25:35.549+0000] {processor.py:183} INFO - Processing /home/airflow/.local/lib/python3.8/site-packages/airflow/example_dags/example_short_circuit_operator.py took 0.040 seconds
[2026-06-03T13:26:05.952+0000] {processor.py:161} INFO - Started process (PID=1358) to work on /home/airflow/.local/lib/python3.8/site-packages/airflow/example_dags/example_short_circuit_operator.py
[2026-06-03T13:26:05.953+0000] {processor.py:830} INFO - Processing file /home/airflow/.local/lib/python3.8/site-packages/airflow/example_dags/example_short_circuit_operator.py for tasks to queue
[2026-06-03T13:26:05.954+0000] {logging_mixin.py:188} INFO - [2026-06-03T13:26:05.954+0000] {dagbag.py:538} INFO - Filling up the DagBag from /home/airflow/.local/lib/python3.8/site-packages/airflow/example_dags/example_short_circuit_operator.py
[2026-06-03T13:26:05.958+0000] {processor.py:840} INFO - DAG(s) 'example_short_circuit_operator' retrieved from /home/airflow/.local/lib/python3.8/site-packages/airflow/example_dags/example_short_circuit_operator.py
[2026-06-03T13:26:05.970+0000] {logging_mixin.py:188} INFO - [2026-06-03T13:26:05.970+0000] {dag.py:3033} INFO - Sync 1 DAGs
[2026-06-03T13:26:05.982+0000] {logging_mixin.py:188} INFO - [2026-06-03T13:26:05.982+0000] {dag.py:3820} INFO - Setting next_dagrun for example_short_circuit_operator to 2026-06-02T00:00:00+00:00, run_after=2026-06-03T00:00:00+00:00
[2026-06-03T13:26:05.992+0000] {processor.py:183} INFO - Processing /home/airflow/.local/lib/python3.8/site-packages/airflow/example_dags/example_short_circuit_operator.py took 0.045 seconds
[2026-06-03T13:26:36.936+0000] {processor.py:161} INFO - Started process (PID=1414) to work on /home/airflow/.local/lib/python3.8/site-packages/airflow/example_dags/example_short_circuit_operator.py
[2026-06-03T13:26:36.936+0000] {processor.py:830} INFO - Processing file /home/airflow/.local/lib/python3.8/site-packages/airflow/example_dags/example_short_circuit_operator.py for tasks to queue
[2026-06-03T13:26:36.937+0000] {logging_mixin.py:188} INFO - [2026-06-03T13:26:36.937+0000] {dagbag.py:538} INFO - Filling up the DagBag from /home/airflow/.local/lib/python3.8/site-packages/airflow/example_dags/example_short_circuit_operator.py
[2026-06-03T13:26:36.941+0000] {processor.py:840} INFO - DAG(s) 'example_short_circuit_operator' retrieved from /home/airflow/.local/lib/python3.8/site-packages/airflow/example_dags/example_short_circuit_operator.py
[2026-06-03T13:26:36.951+0000] {logging_mixin.py:188} INFO - [2026-06-03T13:26:36.951+0000] {dag.py:3033} INFO - Sync 1 DAGs
[2026-06-03T13:26:36.961+0000] {logging_mixin.py:188} INFO - [2026-06-03T13:26:36.961+0000] {dag.py:3820} INFO - Setting next_dagrun for example_short_circuit_operator to 2026-06-02T00:00:00+00:00, run_after=2026-06-03T00:00:00+00:00
[2026-06-03T13:26:36.974+0000] {processor.py:183} INFO - Processing /home/airflow/.local/lib/python3.8/site-packages/airflow/example_dags/example_short_circuit_operator.py took 0.039 seconds
[2026-06-03T13:27:07.160+0000] {processor.py:161} INFO - Started process (PID=1470) to work on /home/airflow/.local/lib/python3.8/site-packages/airflow/example_dags/example_short_circuit_operator.py
[2026-06-03T13:27:07.161+0000] {processor.py:830} INFO - Processing file /home/airflow/.local/lib/python3.8/site-packages/airflow/example_dags/example_short_circuit_operator.py for tasks to queue
[2026-06-03T13:27:07.161+0000] {logging_mixin.py:188} INFO - [2026-06-03T13:27:07.161+0000] {dagbag.py:538} INFO - Filling up the DagBag from /home/airflow/.local/lib/python3.8/site-packages/airflow/example_dags/example_short_circuit_operator.py
[2026-06-03T13:27:07.164+0000] {processor.py:840} INFO - DAG(s) 'example_short_circuit_operator' retrieved from /home/airflow/.local/lib/python3.8/site-packages/airflow/example_dags/example_short_circuit_operator.py
[2026-06-03T13:27:07.184+0000] {logging_mixin.py:188} INFO - [2026-06-03T13:27:07.183+0000] {dag.py:3033} INFO - Sync 1 DAGs
[2026-06-03T13:27:07.194+0000] {logging_mixin.py:188} INFO - [2026-06-03T13:27:07.194+0000] {dag.py:3820} INFO - Setting next_dagrun for example_short_circuit_operator to 2026-06-02T00:00:00+00:00, run_after=2026-06-03T00:00:00+00:00
[2026-06-03T13:27:07.200+0000] {processor.py:183} INFO - Processing /home/airflow/.local/lib/python3.8/site-packages/airflow/example_dags/example_short_circuit_operator.py took 0.041 seconds
[2026-06-03T13:27:37.956+0000] {processor.py:161} INFO - Started process (PID=1526) to work on /home/airflow/.local/lib/python3.8/site-packages/airflow/example_dags/example_short_circuit_operator.py
[2026-06-03T13:27:37.957+0000] {processor.py:830} INFO - Processing file /home/airflow/.local/lib/python3.8/site-packages/airflow/example_dags/example_short_circuit_operator.py for tasks to queue
[2026-06-03T13:27:37.961+0000] {logging_mixin.py:188} INFO - [2026-06-03T13:27:37.961+0000] {dagbag.py:538} INFO - Filling up the DagBag from /home/airflow/.local/lib/python3.8/site-packages/airflow/example_dags/example_short_circuit_operator.py
[2026-06-03T13:27:37.966+0000] {processor.py:840} INFO - DAG(s) 'example_short_circuit_operator' retrieved from /home/airflow/.local/lib/python3.8/site-packages/airflow/example_dags/example_short_circuit_operator.py
[2026-06-03T13:27:37.977+0000] {logging_mixin.py:188} INFO - [2026-06-03T13:27:37.977+0000] {dag.py:3033} INFO - Sync 1 DAGs
[2026-06-03T13:27:37.987+0000] {logging_mixin.py:188} INFO - [2026-06-03T13:27:37.987+0000] {dag.py:3820} INFO - Setting next_dagrun for example_short_circuit_operator to 2026-06-02T00:00:00+00:00, run_after=2026-06-03T00:00:00+00:00
[2026-06-03T13:27:37.998+0000] {processor.py:183} INFO - Processing /home/airflow/.local/lib/python3.8/site-packages/airflow/example_dags/example_short_circuit_operator.py took 0.049 seconds
[2026-06-03T13:28:08.665+0000] {processor.py:161} INFO - Started process (PID=1582) to work on /home/airflow/.local/lib/python3.8/site-packages/airflow/example_dags/example_short_circuit_operator.py
[2026-06-03T13:28:08.666+0000] {processor.py:830} INFO - Processing file /home/airflow/.local/lib/python3.8/site-packages/airflow/example_dags/example_short_circuit_operator.py for tasks to queue
[2026-06-03T13:28:08.668+0000] {logging_mixin.py:188} INFO - [2026-06-03T13:28:08.668+0000] {dagbag.py:538} INFO - Filling up the DagBag from /home/airflow/.local/lib/python3.8/site-packages/airflow/example_dags/example_short_circuit_operator.py
[2026-06-03T13:28:08.671+0000] {processor.py:840} INFO - DAG(s) 'example_short_circuit_operator' retrieved from /home/airflow/.local/lib/python3.8/site-packages/airflow/example_dags/example_short_circuit_operator.py
[2026-06-03T13:28:08.684+0000] {logging_mixin.py:188} INFO - [2026-06-03T13:28:08.684+0000] {dag.py:3033} INFO - Sync 1 DAGs
[2026-06-03T13:28:08.693+0000] {logging_mixin.py:188} INFO - [2026-06-03T13:28:08.693+0000] {dag.py:3820} INFO - Setting next_dagrun for example_short_circuit_operator to 2026-06-02T00:00:00+00:00, run_after=2026-06-03T00:00:00+00:00
[2026-06-03T13:28:08.703+0000] {processor.py:183} INFO - Processing /home/airflow/.local/lib/python3.8/site-packages/airflow/example_dags/example_short_circuit_operator.py took 0.040 seconds
[2026-06-03T13:28:38.901+0000] {processor.py:161} INFO - Started process (PID=1638) to work on /home/airflow/.local/lib/python3.8/site-packages/airflow/example_dags/example_short_circuit_operator.py
[2026-06-03T13:28:38.902+0000] {processor.py:830} INFO - Processing file /home/airflow/.local/lib/python3.8/site-packages/airflow/example_dags/example_short_circuit_operator.py for tasks to queue
[2026-06-03T13:28:38.905+0000] {logging_mixin.py:188} INFO - [2026-06-03T13:28:38.904+0000] {dagbag.py:538} INFO - Filling up the DagBag from /home/airflow/.local/lib/python3.8/site-packages/airflow/example_dags/example_short_circuit_operator.py
[2026-06-03T13:28:38.907+0000] {processor.py:840} INFO - DAG(s) 'example_short_circuit_operator' retrieved from /home/airflow/.local/lib/python3.8/site-packages/airflow/example_dags/example_short_circuit_operator.py
[2026-06-03T13:28:38.921+0000] {logging_mixin.py:188} INFO - [2026-06-03T13:28:38.921+0000] {dag.py:3033} INFO - Sync 1 DAGs
[2026-06-03T13:28:38.931+0000] {logging_mixin.py:188} INFO - [2026-06-03T13:28:38.931+0000] {dag.py:3820} INFO - Setting next_dagrun for example_short_circuit_operator to 2026-06-02T00:00:00+00:00, run_after=2026-06-03T00:00:00+00:00
[2026-06-03T13:28:38.943+0000] {processor.py:183} INFO - Processing /home/airflow/.local/lib/python3.8/site-packages/airflow/example_dags/example_short_circuit_operator.py took 0.044 seconds
[2026-06-03T13:29:09.036+0000] {processor.py:161} INFO - Started process (PID=1694) to work on /home/airflow/.local/lib/python3.8/site-packages/airflow/example_dags/example_short_circuit_operator.py
[2026-06-03T13:29:09.037+0000] {processor.py:830} INFO - Processing file /home/airflow/.local/lib/python3.8/site-packages/airflow/example_dags/example_short_circuit_operator.py for tasks to queue
[2026-06-03T13:29:09.038+0000] {logging_mixin.py:188} INFO - [2026-06-03T13:29:09.038+0000] {dagbag.py:538} INFO - Filling up the DagBag from /home/airflow/.local/lib/python3.8/site-packages/airflow/example_dags/example_short_circuit_operator.py
[2026-06-03T13:29:09.041+0000] {processor.py:840} INFO - DAG(s) 'example_short_circuit_operator' retrieved from /home/airflow/.local/lib/python3.8/site-packages/airflow/example_dags/example_short_circuit_operator.py
[2026-06-03T13:29:09.056+0000] {logging_mixin.py:188} INFO - [2026-06-03T13:29:09.056+0000] {dag.py:3033} INFO - Sync 1 DAGs
[2026-06-03T13:29:09.066+0000] {logging_mixin.py:188} INFO - [2026-06-03T13:29:09.066+0000] {dag.py:3820} INFO - Setting next_dagrun for example_short_circuit_operator to 2026-06-02T00:00:00+00:00, run_after=2026-06-03T00:00:00+00:00
[2026-06-03T13:29:09.075+0000] {processor.py:183} INFO - Processing /home/airflow/.local/lib/python3.8/site-packages/airflow/example_dags/example_short_circuit_operator.py took 0.040 seconds
[2026-06-03T13:29:40.666+0000] {processor.py:161} INFO - Started process (PID=1750) to work on /home/airflow/.local/lib/python3.8/site-packages/airflow/example_dags/example_short_circuit_operator.py
[2026-06-03T13:29:40.668+0000] {processor.py:830} INFO - Processing file /home/airflow/.local/lib/python3.8/site-packages/airflow/example_dags/example_short_circuit_operator.py for tasks to queue
[2026-06-03T13:29:40.670+0000] {logging_mixin.py:188} INFO - [2026-06-03T13:29:40.670+0000] {dagbag.py:538} INFO - Filling up the DagBag from /home/airflow/.local/lib/python3.8/site-packages/airflow/example_dags/example_short_circuit_operator.py
[2026-06-03T13:29:40.678+0000] {processor.py:840} INFO - DAG(s) 'example_short_circuit_operator' retrieved from /home/airflow/.local/lib/python3.8/site-packages/airflow/example_dags/example_short_circuit_operator.py
[2026-06-03T13:29:40.729+0000] {logging_mixin.py:188} INFO - [2026-06-03T13:29:40.728+0000] {dag.py:3033} INFO - Sync 1 DAGs
[2026-06-03T13:29:40.783+0000] {logging_mixin.py:188} INFO - [2026-06-03T13:29:40.783+0000] {dag.py:3820} INFO - Setting next_dagrun for example_short_circuit_operator to 2026-06-02T00:00:00+00:00, run_after=2026-06-03T00:00:00+00:00
[2026-06-03T13:29:40.819+0000] {processor.py:183} INFO - Processing /home/airflow/.local/lib/python3.8/site-packages/airflow/example_dags/example_short_circuit_operator.py took 0.161 seconds
[2026-06-03T13:30:11.872+0000] {processor.py:161} INFO - Started process (PID=1806) to work on /home/airflow/.local/lib/python3.8/site-packages/airflow/example_dags/example_short_circuit_operator.py
[2026-06-03T13:30:11.872+0000] {processor.py:830} INFO - Processing file /home/airflow/.local/lib/python3.8/site-packages/airflow/example_dags/example_short_circuit_operator.py for tasks to queue
[2026-06-03T13:30:11.873+0000] {logging_mixin.py:188} INFO - [2026-06-03T13:30:11.873+0000] {dagbag.py:538} INFO - Filling up the DagBag from /home/airflow/.local/lib/python3.8/site-packages/airflow/example_dags/example_short_circuit_operator.py
[2026-06-03T13:30:11.879+0000] {processor.py:840} INFO - DAG(s) 'example_short_circuit_operator' retrieved from /home/airflow/.local/lib/python3.8/site-packages/airflow/example_dags/example_short_circuit_operator.py
[2026-06-03T13:30:11.898+0000] {logging_mixin.py:188} INFO - [2026-06-03T13:30:11.898+0000] {dag.py:3033} INFO - Sync 1 DAGs
[2026-06-03T13:30:11.906+0000] {logging_mixin.py:188} INFO - [2026-06-03T13:30:11.906+0000] {dag.py:3820} INFO - Setting next_dagrun for example_short_circuit_operator to 2026-06-02T00:00:00+00:00, run_after=2026-06-03T00:00:00+00:00
[2026-06-03T13:30:11.914+0000] {processor.py:183} INFO - Processing /home/airflow/.local/lib/python3.8/site-packages/airflow/example_dags/example_short_circuit_operator.py took 0.044 seconds
[2026-06-03T13:30:42.421+0000] {processor.py:161} INFO - Started process (PID=1862) to work on /home/airflow/.local/lib/python3.8/site-packages/airflow/example_dags/example_short_circuit_operator.py
[2026-06-03T13:30:42.422+0000] {processor.py:830} INFO - Processing file /home/airflow/.local/lib/python3.8/site-packages/airflow/example_dags/example_short_circuit_operator.py for tasks to queue
[2026-06-03T13:30:42.424+0000] {logging_mixin.py:188} INFO - [2026-06-03T13:30:42.423+0000] {dagbag.py:538} INFO - Filling up the DagBag from /home/airflow/.local/lib/python3.8/site-packages/airflow/example_dags/example_short_circuit_operator.py
[2026-06-03T13:30:42.430+0000] {processor.py:840} INFO - DAG(s) 'example_short_circuit_operator' retrieved from /home/airflow/.local/lib/python3.8/site-packages/airflow/example_dags/example_short_circuit_operator.py
[2026-06-03T13:30:42.469+0000] {logging_mixin.py:188} INFO - [2026-06-03T13:30:42.468+0000] {dag.py:3033} INFO - Sync 1 DAGs
[2026-06-03T13:30:42.501+0000] {logging_mixin.py:188} INFO - [2026-06-03T13:30:42.500+0000] {dag.py:3820} INFO - Setting next_dagrun for example_short_circuit_operator to 2026-06-02T00:00:00+00:00, run_after=2026-06-03T00:00:00+00:00
[2026-06-03T13:30:42.512+0000] {processor.py:183} INFO - Processing /home/airflow/.local/lib/python3.8/site-packages/airflow/example_dags/example_short_circuit_operator.py took 0.093 seconds
[2026-06-03T13:31:12.585+0000] {processor.py:161} INFO - Started process (PID=1918) to work on /home/airflow/.local/lib/python3.8/site-packages/airflow/example_dags/example_short_circuit_operator.py
[2026-06-03T13:31:12.586+0000] {processor.py:830} INFO - Processing file /home/airflow/.local/lib/python3.8/site-packages/airflow/example_dags/example_short_circuit_operator.py for tasks to queue
[2026-06-03T13:31:12.589+0000] {logging_mixin.py:188} INFO - [2026-06-03T13:31:12.588+0000] {dagbag.py:538} INFO - Filling up the DagBag from /home/airflow/.local/lib/python3.8/site-packages/airflow/example_dags/example_short_circuit_operator.py
[2026-06-03T13:31:12.608+0000] {processor.py:840} INFO - DAG(s) 'example_short_circuit_operator' retrieved from /home/airflow/.local/lib/python3.8/site-packages/airflow/example_dags/example_short_circuit_operator.py
[2026-06-03T13:31:12.637+0000] {logging_mixin.py:188} INFO - [2026-06-03T13:31:12.635+0000] {dag.py:3033} INFO - Sync 1 DAGs
[2026-06-03T13:31:12.686+0000] {logging_mixin.py:188} INFO - [2026-06-03T13:31:12.685+0000] {dag.py:3820} INFO - Setting next_dagrun for example_short_circuit_operator to 2026-06-02T00:00:00+00:00, run_after=2026-06-03T00:00:00+00:00
[2026-06-03T13:31:12.720+0000] {processor.py:183} INFO - Processing /home/airflow/.local/lib/python3.8/site-packages/airflow/example_dags/example_short_circuit_operator.py took 0.136 seconds
[2026-06-03T13:31:43.008+0000] {processor.py:161} INFO - Started process (PID=1974) to work on /home/airflow/.local/lib/python3.8/site-packages/airflow/example_dags/example_short_circuit_operator.py
[2026-06-03T13:31:43.011+0000] {processor.py:830} INFO - Processing file /home/airflow/.local/lib/python3.8/site-packages/airflow/example_dags/example_short_circuit_operator.py for tasks to queue
[2026-06-03T13:31:43.013+0000] {logging_mixin.py:188} INFO - [2026-06-03T13:31:43.013+0000] {dagbag.py:538} INFO - Filling up the DagBag from /home/airflow/.local/lib/python3.8/site-packages/airflow/example_dags/example_short_circuit_operator.py
[2026-06-03T13:31:43.020+0000] {processor.py:840} INFO - DAG(s) 'example_short_circuit_operator' retrieved from /home/airflow/.local/lib/python3.8/site-packages/airflow/example_dags/example_short_circuit_operator.py
[2026-06-03T13:31:43.040+0000] {logging_mixin.py:188} INFO - [2026-06-03T13:31:43.039+0000] {dag.py:3033} INFO - Sync 1 DAGs
[2026-06-03T13:31:43.054+0000] {logging_mixin.py:188} INFO - [2026-06-03T13:31:43.054+0000] {dag.py:3820} INFO - Setting next_dagrun for example_short_circuit_operator to 2026-06-02T00:00:00+00:00, run_after=2026-06-03T00:00:00+00:00
[2026-06-03T13:31:43.075+0000] {processor.py:183} INFO - Processing /home/airflow/.local/lib/python3.8/site-packages/airflow/example_dags/example_short_circuit_operator.py took 0.071 seconds
[2026-06-03T13:32:13.192+0000] {processor.py:161} INFO - Started process (PID=2030) to work on /home/airflow/.local/lib/python3.8/site-packages/airflow/example_dags/example_short_circuit_operator.py
[2026-06-03T13:32:13.193+0000] {processor.py:830} INFO - Processing file /home/airflow/.local/lib/python3.8/site-packages/airflow/example_dags/example_short_circuit_operator.py for tasks to queue
[2026-06-03T13:32:13.195+0000] {logging_mixin.py:188} INFO - [2026-06-03T13:32:13.194+0000] {dagbag.py:538} INFO - Filling up the DagBag from /home/airflow/.local/lib/python3.8/site-packages/airflow/example_dags/example_short_circuit_operator.py
[2026-06-03T13:32:13.198+0000] {processor.py:840} INFO - DAG(s) 'example_short_circuit_operator' retrieved from /home/airflow/.local/lib/python3.8/site-packages/airflow/example_dags/example_short_circuit_operator.py
[2026-06-03T13:32:13.214+0000] {logging_mixin.py:188} INFO - [2026-06-03T13:32:13.213+0000] {dag.py:3033} INFO - Sync 1 DAGs
[2026-06-03T13:32:13.224+0000] {logging_mixin.py:188} INFO - [2026-06-03T13:32:13.224+0000] {dag.py:3820} INFO - Setting next_dagrun for example_short_circuit_operator to 2026-06-02T00:00:00+00:00, run_after=2026-06-03T00:00:00+00:00
[2026-06-03T13:32:13.236+0000] {processor.py:183} INFO - Processing /home/airflow/.local/lib/python3.8/site-packages/airflow/example_dags/example_short_circuit_operator.py took 0.046 seconds
[2026-06-03T13:32:44.082+0000] {processor.py:161} INFO - Started process (PID=2086) to work on /home/airflow/.local/lib/python3.8/site-packages/airflow/example_dags/example_short_circuit_operator.py
[2026-06-03T13:32:44.084+0000] {processor.py:830} INFO - Processing file /home/airflow/.local/lib/python3.8/site-packages/airflow/example_dags/example_short_circuit_operator.py for tasks to queue
[2026-06-03T13:32:44.085+0000] {logging_mixin.py:188} INFO - [2026-06-03T13:32:44.085+0000] {dagbag.py:538} INFO - Filling up the DagBag from /home/airflow/.local/lib/python3.8/site-packages/airflow/example_dags/example_short_circuit_operator.py
[2026-06-03T13:32:44.088+0000] {processor.py:840} INFO - DAG(s) 'example_short_circuit_operator' retrieved from /home/airflow/.local/lib/python3.8/site-packages/airflow/example_dags/example_short_circuit_operator.py
[2026-06-03T13:32:44.100+0000] {logging_mixin.py:188} INFO - [2026-06-03T13:32:44.100+0000] {dag.py:3033} INFO - Sync 1 DAGs
[2026-06-03T13:32:44.119+0000] {logging_mixin.py:188} INFO - [2026-06-03T13:32:44.119+0000] {dag.py:3820} INFO - Setting next_dagrun for example_short_circuit_operator to 2026-06-02T00:00:00+00:00, run_after=2026-06-03T00:00:00+00:00
[2026-06-03T13:32:44.131+0000] {processor.py:183} INFO - Processing /home/airflow/.local/lib/python3.8/site-packages/airflow/example_dags/example_short_circuit_operator.py took 0.050 seconds
[2026-06-03T13:33:14.824+0000] {processor.py:161} INFO - Started process (PID=2142) to work on /home/airflow/.local/lib/python3.8/site-packages/airflow/example_dags/example_short_circuit_operator.py
[2026-06-03T13:33:14.825+0000] {processor.py:830} INFO - Processing file /home/airflow/.local/lib/python3.8/site-packages/airflow/example_dags/example_short_circuit_operator.py for tasks to queue
[2026-06-03T13:33:14.826+0000] {logging_mixin.py:188} INFO - [2026-06-03T13:33:14.826+0000] {dagbag.py:538} INFO - Filling up the DagBag from /home/airflow/.local/lib/python3.8/site-packages/airflow/example_dags/example_short_circuit_operator.py
[2026-06-03T13:33:14.830+0000] {processor.py:840} INFO - DAG(s) 'example_short_circuit_operator' retrieved from /home/airflow/.local/lib/python3.8/site-packages/airflow/example_dags/example_short_circuit_operator.py
[2026-06-03T13:33:14.842+0000] {logging_mixin.py:188} INFO - [2026-06-03T13:33:14.842+0000] {dag.py:3033} INFO - Sync 1 DAGs
[2026-06-03T13:33:14.853+0000] {logging_mixin.py:188} INFO - [2026-06-03T13:33:14.853+0000] {dag.py:3820} INFO - Setting next_dagrun for example_short_circuit_operator to 2026-06-02T00:00:00+00:00, run_after=2026-06-03T00:00:00+00:00
[2026-06-03T13:33:14.863+0000] {processor.py:183} INFO - Processing /home/airflow/.local/lib/python3.8/site-packages/airflow/example_dags/example_short_circuit_operator.py took 0.042 seconds
[2026-06-03T13:33:45.433+0000] {processor.py:161} INFO - Started process (PID=2197) to work on /home/airflow/.local/lib/python3.8/site-packages/airflow/example_dags/example_short_circuit_operator.py
[2026-06-03T13:33:45.439+0000] {processor.py:830} INFO - Processing file /home/airflow/.local/lib/python3.8/site-packages/airflow/example_dags/example_short_circuit_operator.py for tasks to queue
[2026-06-03T13:33:45.442+0000] {logging_mixin.py:188} INFO - [2026-06-03T13:33:45.441+0000] {dagbag.py:538} INFO - Filling up the DagBag from /home/airflow/.local/lib/python3.8/site-packages/airflow/example_dags/example_short_circuit_operator.py
[2026-06-03T13:33:45.452+0000] {processor.py:840} INFO - DAG(s) 'example_short_circuit_operator' retrieved from /home/airflow/.local/lib/python3.8/site-packages/airflow/example_dags/example_short_circuit_operator.py
[2026-06-03T13:33:45.510+0000] {logging_mixin.py:188} INFO - [2026-06-03T13:33:45.510+0000] {dag.py:3033} INFO - Sync 1 DAGs
[2026-06-03T13:33:45.552+0000] {logging_mixin.py:188} INFO - [2026-06-03T13:33:45.552+0000] {dag.py:3820} INFO - Setting next_dagrun for example_short_circuit_operator to 2026-06-02T00:00:00+00:00, run_after=2026-06-03T00:00:00+00:00
[2026-06-03T13:33:45.596+0000] {processor.py:183} INFO - Processing /home/airflow/.local/lib/python3.8/site-packages/airflow/example_dags/example_short_circuit_operator.py took 0.199 seconds
[2026-06-03T13:34:15.891+0000] {processor.py:161} INFO - Started process (PID=2253) to work on /home/airflow/.local/lib/python3.8/site-packages/airflow/example_dags/example_short_circuit_operator.py
[2026-06-03T13:34:15.893+0000] {processor.py:830} INFO - Processing file /home/airflow/.local/lib/python3.8/site-packages/airflow/example_dags/example_short_circuit_operator.py for tasks to queue
[2026-06-03T13:34:15.895+0000] {logging_mixin.py:188} INFO - [2026-06-03T13:34:15.895+0000] {dagbag.py:538} INFO - Filling up the DagBag from /home/airflow/.local/lib/python3.8/site-packages/airflow/example_dags/example_short_circuit_operator.py
[2026-06-03T13:34:15.898+0000] {processor.py:840} INFO - DAG(s) 'example_short_circuit_operator' retrieved from /home/airflow/.local/lib/python3.8/site-packages/airflow/example_dags/example_short_circuit_operator.py
[2026-06-03T13:34:15.911+0000] {logging_mixin.py:188} INFO - [2026-06-03T13:34:15.911+0000] {dag.py:3033} INFO - Sync 1 DAGs
[2026-06-03T13:34:15.920+0000] {logging_mixin.py:188} INFO - [2026-06-03T13:34:15.920+0000] {dag.py:3820} INFO - Setting next_dagrun for example_short_circuit_operator to 2026-06-02T00:00:00+00:00, run_after=2026-06-03T00:00:00+00:00
[2026-06-03T13:34:15.930+0000] {processor.py:183} INFO - Processing /home/airflow/.local/lib/python3.8/site-packages/airflow/example_dags/example_short_circuit_operator.py took 0.040 seconds
[2026-06-03T13:34:48.568+0000] {processor.py:161} INFO - Started process (PID=2310) to work on /home/airflow/.local/lib/python3.8/site-packages/airflow/example_dags/example_short_circuit_operator.py
[2026-06-03T13:34:48.570+0000] {processor.py:830} INFO - Processing file /home/airflow/.local/lib/python3.8/site-packages/airflow/example_dags/example_short_circuit_operator.py for tasks to queue
[2026-06-03T13:34:48.575+0000] {logging_mixin.py:188} INFO - [2026-06-03T13:34:48.575+0000] {dagbag.py:538} INFO - Filling up the DagBag from /home/airflow/.local/lib/python3.8/site-packages/airflow/example_dags/example_short_circuit_operator.py
[2026-06-03T13:34:48.599+0000] {processor.py:840} INFO - DAG(s) 'example_short_circuit_operator' retrieved from /home/airflow/.local/lib/python3.8/site-packages/airflow/example_dags/example_short_circuit_operator.py
[2026-06-03T13:34:48.656+0000] {logging_mixin.py:188} INFO - [2026-06-03T13:34:48.656+0000] {dag.py:3033} INFO - Sync 1 DAGs
[2026-06-03T13:34:48.734+0000] {logging_mixin.py:188} INFO - [2026-06-03T13:34:48.733+0000] {dag.py:3820} INFO - Setting next_dagrun for example_short_circuit_operator to 2026-06-02T00:00:00+00:00, run_after=2026-06-03T00:00:00+00:00
[2026-06-03T13:34:48.791+0000] {processor.py:183} INFO - Processing /home/airflow/.local/lib/python3.8/site-packages/airflow/example_dags/example_short_circuit_operator.py took 0.244 seconds
[2026-06-03T13:35:19.267+0000] {processor.py:161} INFO - Started process (PID=2366) to work on /home/airflow/.local/lib/python3.8/site-packages/airflow/example_dags/example_short_circuit_operator.py
[2026-06-03T13:35:19.269+0000] {processor.py:830} INFO - Processing file /home/airflow/.local/lib/python3.8/site-packages/airflow/example_dags/example_short_circuit_operator.py for tasks to queue
[2026-06-03T13:35:19.270+0000] {logging_mixin.py:188} INFO - [2026-06-03T13:35:19.270+0000] {dagbag.py:538} INFO - Filling up the DagBag from /home/airflow/.local/lib/python3.8/site-packages/airflow/example_dags/example_short_circuit_operator.py
[2026-06-03T13:35:19.274+0000] {processor.py:840} INFO - DAG(s) 'example_short_circuit_operator' retrieved from /home/airflow/.local/lib/python3.8/site-packages/airflow/example_dags/example_short_circuit_operator.py
[2026-06-03T13:35:19.284+0000] {logging_mixin.py:188} INFO - [2026-06-03T13:35:19.284+0000] {dag.py:3033} INFO - Sync 1 DAGs
[2026-06-03T13:35:19.293+0000] {logging_mixin.py:188} INFO - [2026-06-03T13:35:19.293+0000] {dag.py:3820} INFO - Setting next_dagrun for example_short_circuit_operator to 2026-06-02T00:00:00+00:00, run_after=2026-06-03T00:00:00+00:00
[2026-06-03T13:35:19.401+0000] {processor.py:183} INFO - Processing /home/airflow/.local/lib/python3.8/site-packages/airflow/example_dags/example_short_circuit_operator.py took 0.135 seconds
[2026-06-03T13:35:49.420+0000] {processor.py:161} INFO - Started process (PID=2422) to work on /home/airflow/.local/lib/python3.8/site-packages/airflow/example_dags/example_short_circuit_operator.py
[2026-06-03T13:35:49.422+0000] {processor.py:830} INFO - Processing file /home/airflow/.local/lib/python3.8/site-packages/airflow/example_dags/example_short_circuit_operator.py for tasks to queue
[2026-06-03T13:35:49.423+0000] {logging_mixin.py:188} INFO - [2026-06-03T13:35:49.423+0000] {dagbag.py:538} INFO - Filling up the DagBag from /home/airflow/.local/lib/python3.8/site-packages/airflow/example_dags/example_short_circuit_operator.py
[2026-06-03T13:35:49.429+0000] {processor.py:840} INFO - DAG(s) 'example_short_circuit_operator' retrieved from /home/airflow/.local/lib/python3.8/site-packages/airflow/example_dags/example_short_circuit_operator.py
[2026-06-03T13:35:49.443+0000] {logging_mixin.py:188} INFO - [2026-06-03T13:35:49.443+0000] {dag.py:3033} INFO - Sync 1 DAGs
[2026-06-03T13:35:49.458+0000] {logging_mixin.py:188} INFO - [2026-06-03T13:35:49.458+0000] {dag.py:3820} INFO - Setting next_dagrun for example_short_circuit_operator to 2026-06-02T00:00:00+00:00, run_after=2026-06-03T00:00:00+00:00
[2026-06-03T13:35:49.465+0000] {processor.py:183} INFO - Processing /home/airflow/.local/lib/python3.8/site-packages/airflow/example_dags/example_short_circuit_operator.py took 0.050 seconds
[2026-06-03T13:36:19.971+0000] {processor.py:161} INFO - Started process (PID=2478) to work on /home/airflow/.local/lib/python3.8/site-packages/airflow/example_dags/example_short_circuit_operator.py
[2026-06-03T13:36:19.974+0000] {processor.py:830} INFO - Processing file /home/airflow/.local/lib/python3.8/site-packages/airflow/example_dags/example_short_circuit_operator.py for tasks to queue
[2026-06-03T13:36:19.976+0000] {logging_mixin.py:188} INFO - [2026-06-03T13:36:19.975+0000] {dagbag.py:538} INFO - Filling up the DagBag from /home/airflow/.local/lib/python3.8/site-packages/airflow/example_dags/example_short_circuit_operator.py
[2026-06-03T13:36:19.979+0000] {processor.py:840} INFO - DAG(s) 'example_short_circuit_operator' retrieved from /home/airflow/.local/lib/python3.8/site-packages/airflow/example_dags/example_short_circuit_operator.py
[2026-06-03T13:36:19.994+0000] {logging_mixin.py:188} INFO - [2026-06-03T13:36:19.994+0000] {dag.py:3033} INFO - Sync 1 DAGs
[2026-06-03T13:36:20.010+0000] {logging_mixin.py:188} INFO - [2026-06-03T13:36:20.010+0000] {dag.py:3820} INFO - Setting next_dagrun for example_short_circuit_operator to 2026-06-02T00:00:00+00:00, run_after=2026-06-03T00:00:00+00:00
[2026-06-03T13:36:20.020+0000] {processor.py:183} INFO - Processing /home/airflow/.local/lib/python3.8/site-packages/airflow/example_dags/example_short_circuit_operator.py took 0.051 seconds
[2026-06-03T13:36:51.170+0000] {processor.py:161} INFO - Started process (PID=2534) to work on /home/airflow/.local/lib/python3.8/site-packages/airflow/example_dags/example_short_circuit_operator.py
[2026-06-03T13:36:51.171+0000] {processor.py:830} INFO - Processing file /home/airflow/.local/lib/python3.8/site-packages/airflow/example_dags/example_short_circuit_operator.py for tasks to queue
[2026-06-03T13:36:51.176+0000] {logging_mixin.py:188} INFO - [2026-06-03T13:36:51.175+0000] {dagbag.py:538} INFO - Filling up the DagBag from /home/airflow/.local/lib/python3.8/site-packages/airflow/example_dags/example_short_circuit_operator.py
[2026-06-03T13:36:51.192+0000] {processor.py:840} INFO - DAG(s) 'example_short_circuit_operator' retrieved from /home/airflow/.local/lib/python3.8/site-packages/airflow/example_dags/example_short_circuit_operator.py
[2026-06-03T13:36:51.215+0000] {logging_mixin.py:188} INFO - [2026-06-03T13:36:51.215+0000] {dag.py:3033} INFO - Sync 1 DAGs
[2026-06-03T13:36:51.229+0000] {logging_mixin.py:188} INFO - [2026-06-03T13:36:51.229+0000] {dag.py:3820} INFO - Setting next_dagrun for example_short_circuit_operator to 2026-06-02T00:00:00+00:00, run_after=2026-06-03T00:00:00+00:00
[2026-06-03T13:36:51.248+0000] {processor.py:183} INFO - Processing /home/airflow/.local/lib/python3.8/site-packages/airflow/example_dags/example_short_circuit_operator.py took 0.082 seconds
[2026-06-03T13:37:22.220+0000] {processor.py:161} INFO - Started process (PID=2590) to work on /home/airflow/.local/lib/python3.8/site-packages/airflow/example_dags/example_short_circuit_operator.py
[2026-06-03T13:37:22.221+0000] {processor.py:830} INFO - Processing file /home/airflow/.local/lib/python3.8/site-packages/airflow/example_dags/example_short_circuit_operator.py for tasks to queue
[2026-06-03T13:37:22.223+0000] {logging_mixin.py:188} INFO - [2026-06-03T13:37:22.223+0000] {dagbag.py:538} INFO - Filling up the DagBag from /home/airflow/.local/lib/python3.8/site-packages/airflow/example_dags/example_short_circuit_operator.py
[2026-06-03T13:37:22.227+0000] {processor.py:840} INFO - DAG(s) 'example_short_circuit_operator' retrieved from /home/airflow/.local/lib/python3.8/site-packages/airflow/example_dags/example_short_circuit_operator.py
[2026-06-03T13:37:22.239+0000] {logging_mixin.py:188} INFO - [2026-06-03T13:37:22.239+0000] {dag.py:3033} INFO - Sync 1 DAGs
[2026-06-03T13:37:22.356+0000] {logging_mixin.py:188} INFO - [2026-06-03T13:37:22.356+0000] {dag.py:3820} INFO - Setting next_dagrun for example_short_circuit_operator to 2026-06-02T00:00:00+00:00, run_after=2026-06-03T00:00:00+00:00
[2026-06-03T13:37:22.363+0000] {processor.py:183} INFO - Processing /home/airflow/.local/lib/python3.8/site-packages/airflow/example_dags/example_short_circuit_operator.py took 0.145 seconds
[2026-06-03T13:37:53.817+0000] {processor.py:161} INFO - Started process (PID=2646) to work on /home/airflow/.local/lib/python3.8/site-packages/airflow/example_dags/example_short_circuit_operator.py
[2026-06-03T13:37:53.819+0000] {processor.py:830} INFO - Processing file /home/airflow/.local/lib/python3.8/site-packages/airflow/example_dags/example_short_circuit_operator.py for tasks to queue
[2026-06-03T13:37:53.822+0000] {logging_mixin.py:188} INFO - [2026-06-03T13:37:53.822+0000] {dagbag.py:538} INFO - Filling up the DagBag from /home/airflow/.local/lib/python3.8/site-packages/airflow/example_dags/example_short_circuit_operator.py
[2026-06-03T13:37:53.827+0000] {processor.py:840} INFO - DAG(s) 'example_short_circuit_operator' retrieved from /home/airflow/.local/lib/python3.8/site-packages/airflow/example_dags/example_short_circuit_operator.py
[2026-06-03T13:37:53.843+0000] {logging_mixin.py:188} INFO - [2026-06-03T13:37:53.843+0000] {dag.py:3033} INFO - Sync 1 DAGs
[2026-06-03T13:37:53.857+0000] {logging_mixin.py:188} INFO - [2026-06-03T13:37:53.856+0000] {dag.py:3820} INFO - Setting next_dagrun for example_short_circuit_operator to 2026-06-02T00:00:00+00:00, run_after=2026-06-03T00:00:00+00:00
[2026-06-03T13:37:53.869+0000] {processor.py:183} INFO - Processing /home/airflow/.local/lib/python3.8/site-packages/airflow/example_dags/example_short_circuit_operator.py took 0.058 seconds
[2026-06-03T13:38:24.881+0000] {processor.py:161} INFO - Started process (PID=2703) to work on /home/airflow/.local/lib/python3.8/site-packages/airflow/example_dags/example_short_circuit_operator.py
[2026-06-03T13:38:24.882+0000] {processor.py:830} INFO - Processing file /home/airflow/.local/lib/python3.8/site-packages/airflow/example_dags/example_short_circuit_operator.py for tasks to queue
[2026-06-03T13:38:24.884+0000] {logging_mixin.py:188} INFO - [2026-06-03T13:38:24.884+0000] {dagbag.py:538} INFO - Filling up the DagBag from /home/airflow/.local/lib/python3.8/site-packages/airflow/example_dags/example_short_circuit_operator.py
[2026-06-03T13:38:24.888+0000] {processor.py:840} INFO - DAG(s) 'example_short_circuit_operator' retrieved from /home/airflow/.local/lib/python3.8/site-packages/airflow/example_dags/example_short_circuit_operator.py
[2026-06-03T13:38:24.900+0000] {logging_mixin.py:188} INFO - [2026-06-03T13:38:24.900+0000] {dag.py:3033} INFO - Sync 1 DAGs
[2026-06-03T13:38:24.910+0000] {logging_mixin.py:188} INFO - [2026-06-03T13:38:24.909+0000] {dag.py:3820} INFO - Setting next_dagrun for example_short_circuit_operator to 2026-06-02T00:00:00+00:00, run_after=2026-06-03T00:00:00+00:00
[2026-06-03T13:38:24.916+0000] {processor.py:183} INFO - Processing /home/airflow/.local/lib/python3.8/site-packages/airflow/example_dags/example_short_circuit_operator.py took 0.038 seconds
