[2026-06-03T11:48:43.141+0000] {processor.py:161} INFO - Started process (PID=80) to work on /home/airflow/.local/lib/python3.8/site-packages/airflow/example_dags/example_setup_teardown_taskflow.py
[2026-06-03T11:48:43.142+0000] {processor.py:830} INFO - Processing file /home/airflow/.local/lib/python3.8/site-packages/airflow/example_dags/example_setup_teardown_taskflow.py for tasks to queue
[2026-06-03T11:48:43.143+0000] {logging_mixin.py:188} INFO - [2026-06-03T11:48:43.143+0000] {dagbag.py:538} INFO - Filling up the DagBag from /home/airflow/.local/lib/python3.8/site-packages/airflow/example_dags/example_setup_teardown_taskflow.py
[2026-06-03T11:48:43.162+0000] {processor.py:840} INFO - DAG(s) 'example_setup_teardown_taskflow' retrieved from /home/airflow/.local/lib/python3.8/site-packages/airflow/example_dags/example_setup_teardown_taskflow.py
[2026-06-03T11:48:43.174+0000] {logging_mixin.py:188} INFO - [2026-06-03T11:48:43.174+0000] {dag.py:3033} INFO - Sync 1 DAGs
[2026-06-03T11:48:43.192+0000] {logging_mixin.py:188} INFO - [2026-06-03T11:48:43.192+0000] {dag.py:3820} INFO - Setting next_dagrun for example_setup_teardown_taskflow to 2026-06-02T00:00:00+00:00, run_after=2026-06-03T00:00:00+00:00
[2026-06-03T11:48:43.228+0000] {processor.py:183} INFO - Processing /home/airflow/.local/lib/python3.8/site-packages/airflow/example_dags/example_setup_teardown_taskflow.py took 0.089 seconds
[2026-06-03T11:49:13.635+0000] {processor.py:161} INFO - Started process (PID=135) to work on /home/airflow/.local/lib/python3.8/site-packages/airflow/example_dags/example_setup_teardown_taskflow.py
[2026-06-03T11:49:13.637+0000] {processor.py:830} INFO - Processing file /home/airflow/.local/lib/python3.8/site-packages/airflow/example_dags/example_setup_teardown_taskflow.py for tasks to queue
[2026-06-03T11:49:13.640+0000] {logging_mixin.py:188} INFO - [2026-06-03T11:49:13.639+0000] {dagbag.py:538} INFO - Filling up the DagBag from /home/airflow/.local/lib/python3.8/site-packages/airflow/example_dags/example_setup_teardown_taskflow.py
[2026-06-03T11:49:13.652+0000] {processor.py:840} INFO - DAG(s) 'example_setup_teardown_taskflow' retrieved from /home/airflow/.local/lib/python3.8/site-packages/airflow/example_dags/example_setup_teardown_taskflow.py
[2026-06-03T11:49:13.723+0000] {logging_mixin.py:188} INFO - [2026-06-03T11:49:13.723+0000] {dag.py:3033} INFO - Sync 1 DAGs
[2026-06-03T11:49:13.738+0000] {logging_mixin.py:188} INFO - [2026-06-03T11:49:13.738+0000] {dag.py:3820} INFO - Setting next_dagrun for example_setup_teardown_taskflow to 2026-06-02T00:00:00+00:00, run_after=2026-06-03T00:00:00+00:00
[2026-06-03T11:49:13.758+0000] {processor.py:183} INFO - Processing /home/airflow/.local/lib/python3.8/site-packages/airflow/example_dags/example_setup_teardown_taskflow.py took 0.125 seconds
[2026-06-03T11:49:44.397+0000] {processor.py:161} INFO - Started process (PID=190) to work on /home/airflow/.local/lib/python3.8/site-packages/airflow/example_dags/example_setup_teardown_taskflow.py
[2026-06-03T11:49:44.398+0000] {processor.py:830} INFO - Processing file /home/airflow/.local/lib/python3.8/site-packages/airflow/example_dags/example_setup_teardown_taskflow.py for tasks to queue
[2026-06-03T11:49:44.399+0000] {logging_mixin.py:188} INFO - [2026-06-03T11:49:44.399+0000] {dagbag.py:538} INFO - Filling up the DagBag from /home/airflow/.local/lib/python3.8/site-packages/airflow/example_dags/example_setup_teardown_taskflow.py
[2026-06-03T11:49:44.406+0000] {processor.py:840} INFO - DAG(s) 'example_setup_teardown_taskflow' retrieved from /home/airflow/.local/lib/python3.8/site-packages/airflow/example_dags/example_setup_teardown_taskflow.py
[2026-06-03T11:49:44.417+0000] {logging_mixin.py:188} INFO - [2026-06-03T11:49:44.417+0000] {dag.py:3033} INFO - Sync 1 DAGs
[2026-06-03T11:49:44.433+0000] {logging_mixin.py:188} INFO - [2026-06-03T11:49:44.432+0000] {dag.py:3820} INFO - Setting next_dagrun for example_setup_teardown_taskflow to 2026-06-02T00:00:00+00:00, run_after=2026-06-03T00:00:00+00:00
[2026-06-03T11:49:44.446+0000] {processor.py:183} INFO - Processing /home/airflow/.local/lib/python3.8/site-packages/airflow/example_dags/example_setup_teardown_taskflow.py took 0.050 seconds
[2026-06-03T11:50:15.449+0000] {processor.py:161} INFO - Started process (PID=245) to work on /home/airflow/.local/lib/python3.8/site-packages/airflow/example_dags/example_setup_teardown_taskflow.py
[2026-06-03T11:50:15.452+0000] {processor.py:830} INFO - Processing file /home/airflow/.local/lib/python3.8/site-packages/airflow/example_dags/example_setup_teardown_taskflow.py for tasks to queue
[2026-06-03T11:50:15.453+0000] {logging_mixin.py:188} INFO - [2026-06-03T11:50:15.452+0000] {dagbag.py:538} INFO - Filling up the DagBag from /home/airflow/.local/lib/python3.8/site-packages/airflow/example_dags/example_setup_teardown_taskflow.py
[2026-06-03T11:50:15.457+0000] {processor.py:840} INFO - DAG(s) 'example_setup_teardown_taskflow' retrieved from /home/airflow/.local/lib/python3.8/site-packages/airflow/example_dags/example_setup_teardown_taskflow.py
[2026-06-03T11:50:15.469+0000] {logging_mixin.py:188} INFO - [2026-06-03T11:50:15.469+0000] {dag.py:3033} INFO - Sync 1 DAGs
[2026-06-03T11:50:15.480+0000] {logging_mixin.py:188} INFO - [2026-06-03T11:50:15.480+0000] {dag.py:3820} INFO - Setting next_dagrun for example_setup_teardown_taskflow to 2026-06-02T00:00:00+00:00, run_after=2026-06-03T00:00:00+00:00
[2026-06-03T11:50:15.487+0000] {processor.py:183} INFO - Processing /home/airflow/.local/lib/python3.8/site-packages/airflow/example_dags/example_setup_teardown_taskflow.py took 0.040 seconds
[2026-06-03T11:50:45.757+0000] {processor.py:161} INFO - Started process (PID=300) to work on /home/airflow/.local/lib/python3.8/site-packages/airflow/example_dags/example_setup_teardown_taskflow.py
[2026-06-03T11:50:45.758+0000] {processor.py:830} INFO - Processing file /home/airflow/.local/lib/python3.8/site-packages/airflow/example_dags/example_setup_teardown_taskflow.py for tasks to queue
[2026-06-03T11:50:45.759+0000] {logging_mixin.py:188} INFO - [2026-06-03T11:50:45.759+0000] {dagbag.py:538} INFO - Filling up the DagBag from /home/airflow/.local/lib/python3.8/site-packages/airflow/example_dags/example_setup_teardown_taskflow.py
[2026-06-03T11:50:45.765+0000] {processor.py:840} INFO - DAG(s) 'example_setup_teardown_taskflow' retrieved from /home/airflow/.local/lib/python3.8/site-packages/airflow/example_dags/example_setup_teardown_taskflow.py
[2026-06-03T11:50:45.779+0000] {logging_mixin.py:188} INFO - [2026-06-03T11:50:45.779+0000] {dag.py:3033} INFO - Sync 1 DAGs
[2026-06-03T11:50:45.788+0000] {logging_mixin.py:188} INFO - [2026-06-03T11:50:45.788+0000] {dag.py:3820} INFO - Setting next_dagrun for example_setup_teardown_taskflow to 2026-06-02T00:00:00+00:00, run_after=2026-06-03T00:00:00+00:00
[2026-06-03T11:50:45.795+0000] {processor.py:183} INFO - Processing /home/airflow/.local/lib/python3.8/site-packages/airflow/example_dags/example_setup_teardown_taskflow.py took 0.039 seconds
[2026-06-03T11:51:16.077+0000] {processor.py:161} INFO - Started process (PID=355) to work on /home/airflow/.local/lib/python3.8/site-packages/airflow/example_dags/example_setup_teardown_taskflow.py
[2026-06-03T11:51:16.078+0000] {processor.py:830} INFO - Processing file /home/airflow/.local/lib/python3.8/site-packages/airflow/example_dags/example_setup_teardown_taskflow.py for tasks to queue
[2026-06-03T11:51:16.079+0000] {logging_mixin.py:188} INFO - [2026-06-03T11:51:16.079+0000] {dagbag.py:538} INFO - Filling up the DagBag from /home/airflow/.local/lib/python3.8/site-packages/airflow/example_dags/example_setup_teardown_taskflow.py
[2026-06-03T11:51:16.084+0000] {processor.py:840} INFO - DAG(s) 'example_setup_teardown_taskflow' retrieved from /home/airflow/.local/lib/python3.8/site-packages/airflow/example_dags/example_setup_teardown_taskflow.py
[2026-06-03T11:51:16.100+0000] {logging_mixin.py:188} INFO - [2026-06-03T11:51:16.100+0000] {dag.py:3033} INFO - Sync 1 DAGs
[2026-06-03T11:51:16.109+0000] {logging_mixin.py:188} INFO - [2026-06-03T11:51:16.109+0000] {dag.py:3820} INFO - Setting next_dagrun for example_setup_teardown_taskflow to 2026-06-02T00:00:00+00:00, run_after=2026-06-03T00:00:00+00:00
[2026-06-03T11:51:16.120+0000] {processor.py:183} INFO - Processing /home/airflow/.local/lib/python3.8/site-packages/airflow/example_dags/example_setup_teardown_taskflow.py took 0.044 seconds
[2026-06-03T11:51:46.593+0000] {processor.py:161} INFO - Started process (PID=410) to work on /home/airflow/.local/lib/python3.8/site-packages/airflow/example_dags/example_setup_teardown_taskflow.py
[2026-06-03T11:51:46.594+0000] {processor.py:830} INFO - Processing file /home/airflow/.local/lib/python3.8/site-packages/airflow/example_dags/example_setup_teardown_taskflow.py for tasks to queue
[2026-06-03T11:51:46.595+0000] {logging_mixin.py:188} INFO - [2026-06-03T11:51:46.594+0000] {dagbag.py:538} INFO - Filling up the DagBag from /home/airflow/.local/lib/python3.8/site-packages/airflow/example_dags/example_setup_teardown_taskflow.py
[2026-06-03T11:51:46.603+0000] {processor.py:840} INFO - DAG(s) 'example_setup_teardown_taskflow' retrieved from /home/airflow/.local/lib/python3.8/site-packages/airflow/example_dags/example_setup_teardown_taskflow.py
[2026-06-03T11:51:46.626+0000] {logging_mixin.py:188} INFO - [2026-06-03T11:51:46.626+0000] {dag.py:3033} INFO - Sync 1 DAGs
[2026-06-03T11:51:46.640+0000] {logging_mixin.py:188} INFO - [2026-06-03T11:51:46.640+0000] {dag.py:3820} INFO - Setting next_dagrun for example_setup_teardown_taskflow to 2026-06-02T00:00:00+00:00, run_after=2026-06-03T00:00:00+00:00
[2026-06-03T11:51:46.653+0000] {processor.py:183} INFO - Processing /home/airflow/.local/lib/python3.8/site-packages/airflow/example_dags/example_setup_teardown_taskflow.py took 0.062 seconds
[2026-06-03T11:52:16.903+0000] {processor.py:161} INFO - Started process (PID=465) to work on /home/airflow/.local/lib/python3.8/site-packages/airflow/example_dags/example_setup_teardown_taskflow.py
[2026-06-03T11:52:16.905+0000] {processor.py:830} INFO - Processing file /home/airflow/.local/lib/python3.8/site-packages/airflow/example_dags/example_setup_teardown_taskflow.py for tasks to queue
[2026-06-03T11:52:16.907+0000] {logging_mixin.py:188} INFO - [2026-06-03T11:52:16.906+0000] {dagbag.py:538} INFO - Filling up the DagBag from /home/airflow/.local/lib/python3.8/site-packages/airflow/example_dags/example_setup_teardown_taskflow.py
[2026-06-03T11:52:16.918+0000] {processor.py:840} INFO - DAG(s) 'example_setup_teardown_taskflow' retrieved from /home/airflow/.local/lib/python3.8/site-packages/airflow/example_dags/example_setup_teardown_taskflow.py
[2026-06-03T11:52:16.931+0000] {logging_mixin.py:188} INFO - [2026-06-03T11:52:16.931+0000] {dag.py:3033} INFO - Sync 1 DAGs
[2026-06-03T11:52:16.940+0000] {logging_mixin.py:188} INFO - [2026-06-03T11:52:16.940+0000] {dag.py:3820} INFO - Setting next_dagrun for example_setup_teardown_taskflow to 2026-06-02T00:00:00+00:00, run_after=2026-06-03T00:00:00+00:00
[2026-06-03T11:52:16.952+0000] {processor.py:183} INFO - Processing /home/airflow/.local/lib/python3.8/site-packages/airflow/example_dags/example_setup_teardown_taskflow.py took 0.051 seconds
[2026-06-03T11:52:47.443+0000] {processor.py:161} INFO - Started process (PID=520) to work on /home/airflow/.local/lib/python3.8/site-packages/airflow/example_dags/example_setup_teardown_taskflow.py
[2026-06-03T11:52:47.443+0000] {processor.py:830} INFO - Processing file /home/airflow/.local/lib/python3.8/site-packages/airflow/example_dags/example_setup_teardown_taskflow.py for tasks to queue
[2026-06-03T11:52:47.445+0000] {logging_mixin.py:188} INFO - [2026-06-03T11:52:47.445+0000] {dagbag.py:538} INFO - Filling up the DagBag from /home/airflow/.local/lib/python3.8/site-packages/airflow/example_dags/example_setup_teardown_taskflow.py
[2026-06-03T11:52:47.451+0000] {processor.py:840} INFO - DAG(s) 'example_setup_teardown_taskflow' retrieved from /home/airflow/.local/lib/python3.8/site-packages/airflow/example_dags/example_setup_teardown_taskflow.py
[2026-06-03T11:52:47.462+0000] {logging_mixin.py:188} INFO - [2026-06-03T11:52:47.462+0000] {dag.py:3033} INFO - Sync 1 DAGs
[2026-06-03T11:52:47.473+0000] {logging_mixin.py:188} INFO - [2026-06-03T11:52:47.472+0000] {dag.py:3820} INFO - Setting next_dagrun for example_setup_teardown_taskflow to 2026-06-02T00:00:00+00:00, run_after=2026-06-03T00:00:00+00:00
[2026-06-03T11:52:47.485+0000] {processor.py:183} INFO - Processing /home/airflow/.local/lib/python3.8/site-packages/airflow/example_dags/example_setup_teardown_taskflow.py took 0.045 seconds
[2026-06-03T11:53:17.849+0000] {processor.py:161} INFO - Started process (PID=575) to work on /home/airflow/.local/lib/python3.8/site-packages/airflow/example_dags/example_setup_teardown_taskflow.py
[2026-06-03T11:53:17.850+0000] {processor.py:830} INFO - Processing file /home/airflow/.local/lib/python3.8/site-packages/airflow/example_dags/example_setup_teardown_taskflow.py for tasks to queue
[2026-06-03T11:53:17.851+0000] {logging_mixin.py:188} INFO - [2026-06-03T11:53:17.850+0000] {dagbag.py:538} INFO - Filling up the DagBag from /home/airflow/.local/lib/python3.8/site-packages/airflow/example_dags/example_setup_teardown_taskflow.py
[2026-06-03T11:53:17.854+0000] {processor.py:840} INFO - DAG(s) 'example_setup_teardown_taskflow' retrieved from /home/airflow/.local/lib/python3.8/site-packages/airflow/example_dags/example_setup_teardown_taskflow.py
[2026-06-03T11:53:17.865+0000] {logging_mixin.py:188} INFO - [2026-06-03T11:53:17.865+0000] {dag.py:3033} INFO - Sync 1 DAGs
[2026-06-03T11:53:17.873+0000] {logging_mixin.py:188} INFO - [2026-06-03T11:53:17.873+0000] {dag.py:3820} INFO - Setting next_dagrun for example_setup_teardown_taskflow to 2026-06-02T00:00:00+00:00, run_after=2026-06-03T00:00:00+00:00
[2026-06-03T11:53:17.883+0000] {processor.py:183} INFO - Processing /home/airflow/.local/lib/python3.8/site-packages/airflow/example_dags/example_setup_teardown_taskflow.py took 0.035 seconds
[2026-06-03T11:53:48.546+0000] {processor.py:161} INFO - Started process (PID=630) to work on /home/airflow/.local/lib/python3.8/site-packages/airflow/example_dags/example_setup_teardown_taskflow.py
[2026-06-03T11:53:48.546+0000] {processor.py:830} INFO - Processing file /home/airflow/.local/lib/python3.8/site-packages/airflow/example_dags/example_setup_teardown_taskflow.py for tasks to queue
[2026-06-03T11:53:48.547+0000] {logging_mixin.py:188} INFO - [2026-06-03T11:53:48.547+0000] {dagbag.py:538} INFO - Filling up the DagBag from /home/airflow/.local/lib/python3.8/site-packages/airflow/example_dags/example_setup_teardown_taskflow.py
[2026-06-03T11:53:48.551+0000] {processor.py:840} INFO - DAG(s) 'example_setup_teardown_taskflow' retrieved from /home/airflow/.local/lib/python3.8/site-packages/airflow/example_dags/example_setup_teardown_taskflow.py
[2026-06-03T11:53:48.560+0000] {logging_mixin.py:188} INFO - [2026-06-03T11:53:48.560+0000] {dag.py:3033} INFO - Sync 1 DAGs
[2026-06-03T11:53:48.573+0000] {logging_mixin.py:188} INFO - [2026-06-03T11:53:48.573+0000] {dag.py:3820} INFO - Setting next_dagrun for example_setup_teardown_taskflow to 2026-06-02T00:00:00+00:00, run_after=2026-06-03T00:00:00+00:00
[2026-06-03T11:53:48.581+0000] {processor.py:183} INFO - Processing /home/airflow/.local/lib/python3.8/site-packages/airflow/example_dags/example_setup_teardown_taskflow.py took 0.037 seconds
[2026-06-03T11:54:19.719+0000] {processor.py:161} INFO - Started process (PID=685) to work on /home/airflow/.local/lib/python3.8/site-packages/airflow/example_dags/example_setup_teardown_taskflow.py
[2026-06-03T11:54:19.719+0000] {processor.py:830} INFO - Processing file /home/airflow/.local/lib/python3.8/site-packages/airflow/example_dags/example_setup_teardown_taskflow.py for tasks to queue
[2026-06-03T11:54:19.720+0000] {logging_mixin.py:188} INFO - [2026-06-03T11:54:19.720+0000] {dagbag.py:538} INFO - Filling up the DagBag from /home/airflow/.local/lib/python3.8/site-packages/airflow/example_dags/example_setup_teardown_taskflow.py
[2026-06-03T11:54:19.725+0000] {processor.py:840} INFO - DAG(s) 'example_setup_teardown_taskflow' retrieved from /home/airflow/.local/lib/python3.8/site-packages/airflow/example_dags/example_setup_teardown_taskflow.py
[2026-06-03T11:54:19.734+0000] {logging_mixin.py:188} INFO - [2026-06-03T11:54:19.734+0000] {dag.py:3033} INFO - Sync 1 DAGs
[2026-06-03T11:54:19.742+0000] {logging_mixin.py:188} INFO - [2026-06-03T11:54:19.742+0000] {dag.py:3820} INFO - Setting next_dagrun for example_setup_teardown_taskflow to 2026-06-02T00:00:00+00:00, run_after=2026-06-03T00:00:00+00:00
[2026-06-03T11:54:19.749+0000] {processor.py:183} INFO - Processing /home/airflow/.local/lib/python3.8/site-packages/airflow/example_dags/example_setup_teardown_taskflow.py took 0.032 seconds
[2026-06-03T11:54:50.745+0000] {processor.py:161} INFO - Started process (PID=740) to work on /home/airflow/.local/lib/python3.8/site-packages/airflow/example_dags/example_setup_teardown_taskflow.py
[2026-06-03T11:54:50.746+0000] {processor.py:830} INFO - Processing file /home/airflow/.local/lib/python3.8/site-packages/airflow/example_dags/example_setup_teardown_taskflow.py for tasks to queue
[2026-06-03T11:54:50.747+0000] {logging_mixin.py:188} INFO - [2026-06-03T11:54:50.746+0000] {dagbag.py:538} INFO - Filling up the DagBag from /home/airflow/.local/lib/python3.8/site-packages/airflow/example_dags/example_setup_teardown_taskflow.py
[2026-06-03T11:54:50.751+0000] {processor.py:840} INFO - DAG(s) 'example_setup_teardown_taskflow' retrieved from /home/airflow/.local/lib/python3.8/site-packages/airflow/example_dags/example_setup_teardown_taskflow.py
[2026-06-03T11:54:50.759+0000] {logging_mixin.py:188} INFO - [2026-06-03T11:54:50.759+0000] {dag.py:3033} INFO - Sync 1 DAGs
[2026-06-03T11:54:50.771+0000] {logging_mixin.py:188} INFO - [2026-06-03T11:54:50.771+0000] {dag.py:3820} INFO - Setting next_dagrun for example_setup_teardown_taskflow to 2026-06-02T00:00:00+00:00, run_after=2026-06-03T00:00:00+00:00
[2026-06-03T11:54:50.778+0000] {processor.py:183} INFO - Processing /home/airflow/.local/lib/python3.8/site-packages/airflow/example_dags/example_setup_teardown_taskflow.py took 0.034 seconds
[2026-06-03T11:55:21.038+0000] {processor.py:161} INFO - Started process (PID=795) to work on /home/airflow/.local/lib/python3.8/site-packages/airflow/example_dags/example_setup_teardown_taskflow.py
[2026-06-03T11:55:21.038+0000] {processor.py:830} INFO - Processing file /home/airflow/.local/lib/python3.8/site-packages/airflow/example_dags/example_setup_teardown_taskflow.py for tasks to queue
[2026-06-03T11:55:21.040+0000] {logging_mixin.py:188} INFO - [2026-06-03T11:55:21.039+0000] {dagbag.py:538} INFO - Filling up the DagBag from /home/airflow/.local/lib/python3.8/site-packages/airflow/example_dags/example_setup_teardown_taskflow.py
[2026-06-03T11:55:21.044+0000] {processor.py:840} INFO - DAG(s) 'example_setup_teardown_taskflow' retrieved from /home/airflow/.local/lib/python3.8/site-packages/airflow/example_dags/example_setup_teardown_taskflow.py
[2026-06-03T11:55:21.056+0000] {logging_mixin.py:188} INFO - [2026-06-03T11:55:21.056+0000] {dag.py:3033} INFO - Sync 1 DAGs
[2026-06-03T11:55:21.064+0000] {logging_mixin.py:188} INFO - [2026-06-03T11:55:21.064+0000] {dag.py:3820} INFO - Setting next_dagrun for example_setup_teardown_taskflow to 2026-06-02T00:00:00+00:00, run_after=2026-06-03T00:00:00+00:00
[2026-06-03T11:55:21.073+0000] {processor.py:183} INFO - Processing /home/airflow/.local/lib/python3.8/site-packages/airflow/example_dags/example_setup_teardown_taskflow.py took 0.038 seconds
[2026-06-03T11:55:52.045+0000] {processor.py:161} INFO - Started process (PID=850) to work on /home/airflow/.local/lib/python3.8/site-packages/airflow/example_dags/example_setup_teardown_taskflow.py
[2026-06-03T11:55:52.046+0000] {processor.py:830} INFO - Processing file /home/airflow/.local/lib/python3.8/site-packages/airflow/example_dags/example_setup_teardown_taskflow.py for tasks to queue
[2026-06-03T11:55:52.047+0000] {logging_mixin.py:188} INFO - [2026-06-03T11:55:52.047+0000] {dagbag.py:538} INFO - Filling up the DagBag from /home/airflow/.local/lib/python3.8/site-packages/airflow/example_dags/example_setup_teardown_taskflow.py
[2026-06-03T11:55:52.053+0000] {processor.py:840} INFO - DAG(s) 'example_setup_teardown_taskflow' retrieved from /home/airflow/.local/lib/python3.8/site-packages/airflow/example_dags/example_setup_teardown_taskflow.py
[2026-06-03T11:55:52.062+0000] {logging_mixin.py:188} INFO - [2026-06-03T11:55:52.062+0000] {dag.py:3033} INFO - Sync 1 DAGs
[2026-06-03T11:55:52.072+0000] {logging_mixin.py:188} INFO - [2026-06-03T11:55:52.072+0000] {dag.py:3820} INFO - Setting next_dagrun for example_setup_teardown_taskflow to 2026-06-02T00:00:00+00:00, run_after=2026-06-03T00:00:00+00:00
[2026-06-03T11:55:52.079+0000] {processor.py:183} INFO - Processing /home/airflow/.local/lib/python3.8/site-packages/airflow/example_dags/example_setup_teardown_taskflow.py took 0.035 seconds
[2026-06-03T11:56:22.100+0000] {processor.py:161} INFO - Started process (PID=904) to work on /home/airflow/.local/lib/python3.8/site-packages/airflow/example_dags/example_setup_teardown_taskflow.py
[2026-06-03T11:56:22.101+0000] {processor.py:830} INFO - Processing file /home/airflow/.local/lib/python3.8/site-packages/airflow/example_dags/example_setup_teardown_taskflow.py for tasks to queue
[2026-06-03T11:56:22.102+0000] {logging_mixin.py:188} INFO - [2026-06-03T11:56:22.102+0000] {dagbag.py:538} INFO - Filling up the DagBag from /home/airflow/.local/lib/python3.8/site-packages/airflow/example_dags/example_setup_teardown_taskflow.py
[2026-06-03T11:56:22.123+0000] {processor.py:840} INFO - DAG(s) 'example_setup_teardown_taskflow' retrieved from /home/airflow/.local/lib/python3.8/site-packages/airflow/example_dags/example_setup_teardown_taskflow.py
[2026-06-03T11:56:22.139+0000] {logging_mixin.py:188} INFO - [2026-06-03T11:56:22.139+0000] {dag.py:3033} INFO - Sync 1 DAGs
[2026-06-03T11:56:22.153+0000] {logging_mixin.py:188} INFO - [2026-06-03T11:56:22.153+0000] {dag.py:3820} INFO - Setting next_dagrun for example_setup_teardown_taskflow to 2026-06-02T00:00:00+00:00, run_after=2026-06-03T00:00:00+00:00
[2026-06-03T11:56:22.166+0000] {processor.py:183} INFO - Processing /home/airflow/.local/lib/python3.8/site-packages/airflow/example_dags/example_setup_teardown_taskflow.py took 0.068 seconds
[2026-06-03T11:56:52.390+0000] {processor.py:161} INFO - Started process (PID=959) to work on /home/airflow/.local/lib/python3.8/site-packages/airflow/example_dags/example_setup_teardown_taskflow.py
[2026-06-03T11:56:52.391+0000] {processor.py:830} INFO - Processing file /home/airflow/.local/lib/python3.8/site-packages/airflow/example_dags/example_setup_teardown_taskflow.py for tasks to queue
[2026-06-03T11:56:52.393+0000] {logging_mixin.py:188} INFO - [2026-06-03T11:56:52.392+0000] {dagbag.py:538} INFO - Filling up the DagBag from /home/airflow/.local/lib/python3.8/site-packages/airflow/example_dags/example_setup_teardown_taskflow.py
[2026-06-03T11:56:52.398+0000] {processor.py:840} INFO - DAG(s) 'example_setup_teardown_taskflow' retrieved from /home/airflow/.local/lib/python3.8/site-packages/airflow/example_dags/example_setup_teardown_taskflow.py
[2026-06-03T11:56:52.409+0000] {logging_mixin.py:188} INFO - [2026-06-03T11:56:52.409+0000] {dag.py:3033} INFO - Sync 1 DAGs
[2026-06-03T11:56:52.419+0000] {logging_mixin.py:188} INFO - [2026-06-03T11:56:52.419+0000] {dag.py:3820} INFO - Setting next_dagrun for example_setup_teardown_taskflow to 2026-06-02T00:00:00+00:00, run_after=2026-06-03T00:00:00+00:00
[2026-06-03T11:56:52.426+0000] {processor.py:183} INFO - Processing /home/airflow/.local/lib/python3.8/site-packages/airflow/example_dags/example_setup_teardown_taskflow.py took 0.040 seconds
[2026-06-03T11:57:22.579+0000] {processor.py:161} INFO - Started process (PID=1014) to work on /home/airflow/.local/lib/python3.8/site-packages/airflow/example_dags/example_setup_teardown_taskflow.py
[2026-06-03T11:57:22.579+0000] {processor.py:830} INFO - Processing file /home/airflow/.local/lib/python3.8/site-packages/airflow/example_dags/example_setup_teardown_taskflow.py for tasks to queue
[2026-06-03T11:57:22.580+0000] {logging_mixin.py:188} INFO - [2026-06-03T11:57:22.580+0000] {dagbag.py:538} INFO - Filling up the DagBag from /home/airflow/.local/lib/python3.8/site-packages/airflow/example_dags/example_setup_teardown_taskflow.py
[2026-06-03T11:57:22.585+0000] {processor.py:840} INFO - DAG(s) 'example_setup_teardown_taskflow' retrieved from /home/airflow/.local/lib/python3.8/site-packages/airflow/example_dags/example_setup_teardown_taskflow.py
[2026-06-03T11:57:22.594+0000] {logging_mixin.py:188} INFO - [2026-06-03T11:57:22.594+0000] {dag.py:3033} INFO - Sync 1 DAGs
[2026-06-03T11:57:22.602+0000] {logging_mixin.py:188} INFO - [2026-06-03T11:57:22.602+0000] {dag.py:3820} INFO - Setting next_dagrun for example_setup_teardown_taskflow to 2026-06-02T00:00:00+00:00, run_after=2026-06-03T00:00:00+00:00
[2026-06-03T11:57:22.609+0000] {processor.py:183} INFO - Processing /home/airflow/.local/lib/python3.8/site-packages/airflow/example_dags/example_setup_teardown_taskflow.py took 0.032 seconds
[2026-06-03T11:57:52.851+0000] {processor.py:161} INFO - Started process (PID=1069) to work on /home/airflow/.local/lib/python3.8/site-packages/airflow/example_dags/example_setup_teardown_taskflow.py
[2026-06-03T11:57:52.854+0000] {processor.py:830} INFO - Processing file /home/airflow/.local/lib/python3.8/site-packages/airflow/example_dags/example_setup_teardown_taskflow.py for tasks to queue
[2026-06-03T11:57:52.855+0000] {logging_mixin.py:188} INFO - [2026-06-03T11:57:52.855+0000] {dagbag.py:538} INFO - Filling up the DagBag from /home/airflow/.local/lib/python3.8/site-packages/airflow/example_dags/example_setup_teardown_taskflow.py
[2026-06-03T11:57:52.863+0000] {processor.py:840} INFO - DAG(s) 'example_setup_teardown_taskflow' retrieved from /home/airflow/.local/lib/python3.8/site-packages/airflow/example_dags/example_setup_teardown_taskflow.py
[2026-06-03T11:57:52.875+0000] {logging_mixin.py:188} INFO - [2026-06-03T11:57:52.875+0000] {dag.py:3033} INFO - Sync 1 DAGs
[2026-06-03T11:57:52.886+0000] {logging_mixin.py:188} INFO - [2026-06-03T11:57:52.886+0000] {dag.py:3820} INFO - Setting next_dagrun for example_setup_teardown_taskflow to 2026-06-02T00:00:00+00:00, run_after=2026-06-03T00:00:00+00:00
[2026-06-03T11:57:52.893+0000] {processor.py:183} INFO - Processing /home/airflow/.local/lib/python3.8/site-packages/airflow/example_dags/example_setup_teardown_taskflow.py took 0.044 seconds
[2026-06-03T11:58:23.844+0000] {processor.py:161} INFO - Started process (PID=1124) to work on /home/airflow/.local/lib/python3.8/site-packages/airflow/example_dags/example_setup_teardown_taskflow.py
[2026-06-03T11:58:23.845+0000] {processor.py:830} INFO - Processing file /home/airflow/.local/lib/python3.8/site-packages/airflow/example_dags/example_setup_teardown_taskflow.py for tasks to queue
[2026-06-03T11:58:23.846+0000] {logging_mixin.py:188} INFO - [2026-06-03T11:58:23.846+0000] {dagbag.py:538} INFO - Filling up the DagBag from /home/airflow/.local/lib/python3.8/site-packages/airflow/example_dags/example_setup_teardown_taskflow.py
[2026-06-03T11:58:23.851+0000] {processor.py:840} INFO - DAG(s) 'example_setup_teardown_taskflow' retrieved from /home/airflow/.local/lib/python3.8/site-packages/airflow/example_dags/example_setup_teardown_taskflow.py
[2026-06-03T11:58:23.862+0000] {logging_mixin.py:188} INFO - [2026-06-03T11:58:23.862+0000] {dag.py:3033} INFO - Sync 1 DAGs
[2026-06-03T11:58:23.871+0000] {logging_mixin.py:188} INFO - [2026-06-03T11:58:23.871+0000] {dag.py:3820} INFO - Setting next_dagrun for example_setup_teardown_taskflow to 2026-06-02T00:00:00+00:00, run_after=2026-06-03T00:00:00+00:00
[2026-06-03T11:58:23.877+0000] {processor.py:183} INFO - Processing /home/airflow/.local/lib/python3.8/site-packages/airflow/example_dags/example_setup_teardown_taskflow.py took 0.035 seconds
[2026-06-03T11:58:54.804+0000] {processor.py:161} INFO - Started process (PID=1180) to work on /home/airflow/.local/lib/python3.8/site-packages/airflow/example_dags/example_setup_teardown_taskflow.py
[2026-06-03T11:58:54.806+0000] {processor.py:830} INFO - Processing file /home/airflow/.local/lib/python3.8/site-packages/airflow/example_dags/example_setup_teardown_taskflow.py for tasks to queue
[2026-06-03T11:58:54.809+0000] {logging_mixin.py:188} INFO - [2026-06-03T11:58:54.808+0000] {dagbag.py:538} INFO - Filling up the DagBag from /home/airflow/.local/lib/python3.8/site-packages/airflow/example_dags/example_setup_teardown_taskflow.py
[2026-06-03T11:58:54.815+0000] {processor.py:840} INFO - DAG(s) 'example_setup_teardown_taskflow' retrieved from /home/airflow/.local/lib/python3.8/site-packages/airflow/example_dags/example_setup_teardown_taskflow.py
[2026-06-03T11:58:54.828+0000] {logging_mixin.py:188} INFO - [2026-06-03T11:58:54.828+0000] {dag.py:3033} INFO - Sync 1 DAGs
[2026-06-03T11:58:54.840+0000] {logging_mixin.py:188} INFO - [2026-06-03T11:58:54.840+0000] {dag.py:3820} INFO - Setting next_dagrun for example_setup_teardown_taskflow to 2026-06-02T00:00:00+00:00, run_after=2026-06-03T00:00:00+00:00
[2026-06-03T11:58:54.853+0000] {processor.py:183} INFO - Processing /home/airflow/.local/lib/python3.8/site-packages/airflow/example_dags/example_setup_teardown_taskflow.py took 0.052 seconds
[2026-06-03T11:59:25.108+0000] {processor.py:161} INFO - Started process (PID=1236) to work on /home/airflow/.local/lib/python3.8/site-packages/airflow/example_dags/example_setup_teardown_taskflow.py
[2026-06-03T11:59:25.108+0000] {processor.py:830} INFO - Processing file /home/airflow/.local/lib/python3.8/site-packages/airflow/example_dags/example_setup_teardown_taskflow.py for tasks to queue
[2026-06-03T11:59:25.110+0000] {logging_mixin.py:188} INFO - [2026-06-03T11:59:25.110+0000] {dagbag.py:538} INFO - Filling up the DagBag from /home/airflow/.local/lib/python3.8/site-packages/airflow/example_dags/example_setup_teardown_taskflow.py
[2026-06-03T11:59:25.114+0000] {processor.py:840} INFO - DAG(s) 'example_setup_teardown_taskflow' retrieved from /home/airflow/.local/lib/python3.8/site-packages/airflow/example_dags/example_setup_teardown_taskflow.py
[2026-06-03T11:59:25.130+0000] {logging_mixin.py:188} INFO - [2026-06-03T11:59:25.130+0000] {dag.py:3033} INFO - Sync 1 DAGs
[2026-06-03T11:59:25.143+0000] {logging_mixin.py:188} INFO - [2026-06-03T11:59:25.143+0000] {dag.py:3820} INFO - Setting next_dagrun for example_setup_teardown_taskflow to 2026-06-02T00:00:00+00:00, run_after=2026-06-03T00:00:00+00:00
[2026-06-03T11:59:25.153+0000] {processor.py:183} INFO - Processing /home/airflow/.local/lib/python3.8/site-packages/airflow/example_dags/example_setup_teardown_taskflow.py took 0.048 seconds
[2026-06-03T11:59:55.447+0000] {processor.py:161} INFO - Started process (PID=1292) to work on /home/airflow/.local/lib/python3.8/site-packages/airflow/example_dags/example_setup_teardown_taskflow.py
[2026-06-03T11:59:55.449+0000] {processor.py:830} INFO - Processing file /home/airflow/.local/lib/python3.8/site-packages/airflow/example_dags/example_setup_teardown_taskflow.py for tasks to queue
[2026-06-03T11:59:55.450+0000] {logging_mixin.py:188} INFO - [2026-06-03T11:59:55.449+0000] {dagbag.py:538} INFO - Filling up the DagBag from /home/airflow/.local/lib/python3.8/site-packages/airflow/example_dags/example_setup_teardown_taskflow.py
[2026-06-03T11:59:55.458+0000] {processor.py:840} INFO - DAG(s) 'example_setup_teardown_taskflow' retrieved from /home/airflow/.local/lib/python3.8/site-packages/airflow/example_dags/example_setup_teardown_taskflow.py
[2026-06-03T11:59:55.473+0000] {logging_mixin.py:188} INFO - [2026-06-03T11:59:55.473+0000] {dag.py:3033} INFO - Sync 1 DAGs
[2026-06-03T11:59:55.484+0000] {logging_mixin.py:188} INFO - [2026-06-03T11:59:55.484+0000] {dag.py:3820} INFO - Setting next_dagrun for example_setup_teardown_taskflow to 2026-06-02T00:00:00+00:00, run_after=2026-06-03T00:00:00+00:00
[2026-06-03T11:59:55.498+0000] {processor.py:183} INFO - Processing /home/airflow/.local/lib/python3.8/site-packages/airflow/example_dags/example_setup_teardown_taskflow.py took 0.053 seconds
[2026-06-03T12:00:25.650+0000] {processor.py:161} INFO - Started process (PID=1348) to work on /home/airflow/.local/lib/python3.8/site-packages/airflow/example_dags/example_setup_teardown_taskflow.py
[2026-06-03T12:00:25.651+0000] {processor.py:830} INFO - Processing file /home/airflow/.local/lib/python3.8/site-packages/airflow/example_dags/example_setup_teardown_taskflow.py for tasks to queue
[2026-06-03T12:00:25.652+0000] {logging_mixin.py:188} INFO - [2026-06-03T12:00:25.652+0000] {dagbag.py:538} INFO - Filling up the DagBag from /home/airflow/.local/lib/python3.8/site-packages/airflow/example_dags/example_setup_teardown_taskflow.py
[2026-06-03T12:00:25.658+0000] {processor.py:840} INFO - DAG(s) 'example_setup_teardown_taskflow' retrieved from /home/airflow/.local/lib/python3.8/site-packages/airflow/example_dags/example_setup_teardown_taskflow.py
[2026-06-03T12:00:25.672+0000] {logging_mixin.py:188} INFO - [2026-06-03T12:00:25.671+0000] {dag.py:3033} INFO - Sync 1 DAGs
[2026-06-03T12:00:25.685+0000] {logging_mixin.py:188} INFO - [2026-06-03T12:00:25.685+0000] {dag.py:3820} INFO - Setting next_dagrun for example_setup_teardown_taskflow to 2026-06-02T00:00:00+00:00, run_after=2026-06-03T00:00:00+00:00
[2026-06-03T12:00:25.697+0000] {processor.py:183} INFO - Processing /home/airflow/.local/lib/python3.8/site-packages/airflow/example_dags/example_setup_teardown_taskflow.py took 0.049 seconds
[2026-06-03T12:00:56.245+0000] {processor.py:161} INFO - Started process (PID=1404) to work on /home/airflow/.local/lib/python3.8/site-packages/airflow/example_dags/example_setup_teardown_taskflow.py
[2026-06-03T12:00:56.245+0000] {processor.py:830} INFO - Processing file /home/airflow/.local/lib/python3.8/site-packages/airflow/example_dags/example_setup_teardown_taskflow.py for tasks to queue
[2026-06-03T12:00:56.246+0000] {logging_mixin.py:188} INFO - [2026-06-03T12:00:56.246+0000] {dagbag.py:538} INFO - Filling up the DagBag from /home/airflow/.local/lib/python3.8/site-packages/airflow/example_dags/example_setup_teardown_taskflow.py
[2026-06-03T12:00:56.253+0000] {processor.py:840} INFO - DAG(s) 'example_setup_teardown_taskflow' retrieved from /home/airflow/.local/lib/python3.8/site-packages/airflow/example_dags/example_setup_teardown_taskflow.py
[2026-06-03T12:00:56.270+0000] {logging_mixin.py:188} INFO - [2026-06-03T12:00:56.270+0000] {dag.py:3033} INFO - Sync 1 DAGs
[2026-06-03T12:00:56.280+0000] {logging_mixin.py:188} INFO - [2026-06-03T12:00:56.280+0000] {dag.py:3820} INFO - Setting next_dagrun for example_setup_teardown_taskflow to 2026-06-02T00:00:00+00:00, run_after=2026-06-03T00:00:00+00:00
[2026-06-03T12:00:56.289+0000] {processor.py:183} INFO - Processing /home/airflow/.local/lib/python3.8/site-packages/airflow/example_dags/example_setup_teardown_taskflow.py took 0.046 seconds
[2026-06-03T12:01:27.285+0000] {processor.py:161} INFO - Started process (PID=1460) to work on /home/airflow/.local/lib/python3.8/site-packages/airflow/example_dags/example_setup_teardown_taskflow.py
[2026-06-03T12:01:27.286+0000] {processor.py:830} INFO - Processing file /home/airflow/.local/lib/python3.8/site-packages/airflow/example_dags/example_setup_teardown_taskflow.py for tasks to queue
[2026-06-03T12:01:27.288+0000] {logging_mixin.py:188} INFO - [2026-06-03T12:01:27.287+0000] {dagbag.py:538} INFO - Filling up the DagBag from /home/airflow/.local/lib/python3.8/site-packages/airflow/example_dags/example_setup_teardown_taskflow.py
[2026-06-03T12:01:27.293+0000] {processor.py:840} INFO - DAG(s) 'example_setup_teardown_taskflow' retrieved from /home/airflow/.local/lib/python3.8/site-packages/airflow/example_dags/example_setup_teardown_taskflow.py
[2026-06-03T12:01:27.305+0000] {logging_mixin.py:188} INFO - [2026-06-03T12:01:27.305+0000] {dag.py:3033} INFO - Sync 1 DAGs
[2026-06-03T12:01:27.319+0000] {logging_mixin.py:188} INFO - [2026-06-03T12:01:27.319+0000] {dag.py:3820} INFO - Setting next_dagrun for example_setup_teardown_taskflow to 2026-06-02T00:00:00+00:00, run_after=2026-06-03T00:00:00+00:00
[2026-06-03T12:01:27.329+0000] {processor.py:183} INFO - Processing /home/airflow/.local/lib/python3.8/site-packages/airflow/example_dags/example_setup_teardown_taskflow.py took 0.051 seconds
[2026-06-03T12:01:57.447+0000] {processor.py:161} INFO - Started process (PID=1516) to work on /home/airflow/.local/lib/python3.8/site-packages/airflow/example_dags/example_setup_teardown_taskflow.py
[2026-06-03T12:01:57.447+0000] {processor.py:830} INFO - Processing file /home/airflow/.local/lib/python3.8/site-packages/airflow/example_dags/example_setup_teardown_taskflow.py for tasks to queue
[2026-06-03T12:01:57.449+0000] {logging_mixin.py:188} INFO - [2026-06-03T12:01:57.449+0000] {dagbag.py:538} INFO - Filling up the DagBag from /home/airflow/.local/lib/python3.8/site-packages/airflow/example_dags/example_setup_teardown_taskflow.py
[2026-06-03T12:01:57.453+0000] {processor.py:840} INFO - DAG(s) 'example_setup_teardown_taskflow' retrieved from /home/airflow/.local/lib/python3.8/site-packages/airflow/example_dags/example_setup_teardown_taskflow.py
[2026-06-03T12:01:57.462+0000] {logging_mixin.py:188} INFO - [2026-06-03T12:01:57.462+0000] {dag.py:3033} INFO - Sync 1 DAGs
[2026-06-03T12:01:57.473+0000] {logging_mixin.py:188} INFO - [2026-06-03T12:01:57.473+0000] {dag.py:3820} INFO - Setting next_dagrun for example_setup_teardown_taskflow to 2026-06-02T00:00:00+00:00, run_after=2026-06-03T00:00:00+00:00
[2026-06-03T12:01:57.489+0000] {processor.py:183} INFO - Processing /home/airflow/.local/lib/python3.8/site-packages/airflow/example_dags/example_setup_teardown_taskflow.py took 0.043 seconds
[2026-06-03T12:02:28.499+0000] {processor.py:161} INFO - Started process (PID=1572) to work on /home/airflow/.local/lib/python3.8/site-packages/airflow/example_dags/example_setup_teardown_taskflow.py
[2026-06-03T12:02:28.500+0000] {processor.py:830} INFO - Processing file /home/airflow/.local/lib/python3.8/site-packages/airflow/example_dags/example_setup_teardown_taskflow.py for tasks to queue
[2026-06-03T12:02:28.501+0000] {logging_mixin.py:188} INFO - [2026-06-03T12:02:28.501+0000] {dagbag.py:538} INFO - Filling up the DagBag from /home/airflow/.local/lib/python3.8/site-packages/airflow/example_dags/example_setup_teardown_taskflow.py
[2026-06-03T12:02:28.505+0000] {processor.py:840} INFO - DAG(s) 'example_setup_teardown_taskflow' retrieved from /home/airflow/.local/lib/python3.8/site-packages/airflow/example_dags/example_setup_teardown_taskflow.py
[2026-06-03T12:02:28.517+0000] {logging_mixin.py:188} INFO - [2026-06-03T12:02:28.517+0000] {dag.py:3033} INFO - Sync 1 DAGs
[2026-06-03T12:02:28.526+0000] {logging_mixin.py:188} INFO - [2026-06-03T12:02:28.526+0000] {dag.py:3820} INFO - Setting next_dagrun for example_setup_teardown_taskflow to 2026-06-02T00:00:00+00:00, run_after=2026-06-03T00:00:00+00:00
[2026-06-03T12:02:28.537+0000] {processor.py:183} INFO - Processing /home/airflow/.local/lib/python3.8/site-packages/airflow/example_dags/example_setup_teardown_taskflow.py took 0.039 seconds
[2026-06-03T12:02:58.711+0000] {processor.py:161} INFO - Started process (PID=1628) to work on /home/airflow/.local/lib/python3.8/site-packages/airflow/example_dags/example_setup_teardown_taskflow.py
[2026-06-03T12:02:58.712+0000] {processor.py:830} INFO - Processing file /home/airflow/.local/lib/python3.8/site-packages/airflow/example_dags/example_setup_teardown_taskflow.py for tasks to queue
[2026-06-03T12:02:58.713+0000] {logging_mixin.py:188} INFO - [2026-06-03T12:02:58.713+0000] {dagbag.py:538} INFO - Filling up the DagBag from /home/airflow/.local/lib/python3.8/site-packages/airflow/example_dags/example_setup_teardown_taskflow.py
[2026-06-03T12:02:58.717+0000] {processor.py:840} INFO - DAG(s) 'example_setup_teardown_taskflow' retrieved from /home/airflow/.local/lib/python3.8/site-packages/airflow/example_dags/example_setup_teardown_taskflow.py
[2026-06-03T12:02:58.726+0000] {logging_mixin.py:188} INFO - [2026-06-03T12:02:58.725+0000] {dag.py:3033} INFO - Sync 1 DAGs
[2026-06-03T12:02:58.734+0000] {logging_mixin.py:188} INFO - [2026-06-03T12:02:58.734+0000] {dag.py:3820} INFO - Setting next_dagrun for example_setup_teardown_taskflow to 2026-06-02T00:00:00+00:00, run_after=2026-06-03T00:00:00+00:00
[2026-06-03T12:02:58.741+0000] {processor.py:183} INFO - Processing /home/airflow/.local/lib/python3.8/site-packages/airflow/example_dags/example_setup_teardown_taskflow.py took 0.031 seconds
[2026-06-03T12:03:29.027+0000] {processor.py:161} INFO - Started process (PID=1684) to work on /home/airflow/.local/lib/python3.8/site-packages/airflow/example_dags/example_setup_teardown_taskflow.py
[2026-06-03T12:03:29.028+0000] {processor.py:830} INFO - Processing file /home/airflow/.local/lib/python3.8/site-packages/airflow/example_dags/example_setup_teardown_taskflow.py for tasks to queue
[2026-06-03T12:03:29.028+0000] {logging_mixin.py:188} INFO - [2026-06-03T12:03:29.028+0000] {dagbag.py:538} INFO - Filling up the DagBag from /home/airflow/.local/lib/python3.8/site-packages/airflow/example_dags/example_setup_teardown_taskflow.py
[2026-06-03T12:03:29.033+0000] {processor.py:840} INFO - DAG(s) 'example_setup_teardown_taskflow' retrieved from /home/airflow/.local/lib/python3.8/site-packages/airflow/example_dags/example_setup_teardown_taskflow.py
[2026-06-03T12:03:29.042+0000] {logging_mixin.py:188} INFO - [2026-06-03T12:03:29.042+0000] {dag.py:3033} INFO - Sync 1 DAGs
[2026-06-03T12:03:29.052+0000] {logging_mixin.py:188} INFO - [2026-06-03T12:03:29.052+0000] {dag.py:3820} INFO - Setting next_dagrun for example_setup_teardown_taskflow to 2026-06-02T00:00:00+00:00, run_after=2026-06-03T00:00:00+00:00
[2026-06-03T12:03:29.063+0000] {processor.py:183} INFO - Processing /home/airflow/.local/lib/python3.8/site-packages/airflow/example_dags/example_setup_teardown_taskflow.py took 0.038 seconds
[2026-06-03T12:03:59.400+0000] {processor.py:161} INFO - Started process (PID=1740) to work on /home/airflow/.local/lib/python3.8/site-packages/airflow/example_dags/example_setup_teardown_taskflow.py
[2026-06-03T12:03:59.401+0000] {processor.py:830} INFO - Processing file /home/airflow/.local/lib/python3.8/site-packages/airflow/example_dags/example_setup_teardown_taskflow.py for tasks to queue
[2026-06-03T12:03:59.402+0000] {logging_mixin.py:188} INFO - [2026-06-03T12:03:59.402+0000] {dagbag.py:538} INFO - Filling up the DagBag from /home/airflow/.local/lib/python3.8/site-packages/airflow/example_dags/example_setup_teardown_taskflow.py
[2026-06-03T12:03:59.405+0000] {processor.py:840} INFO - DAG(s) 'example_setup_teardown_taskflow' retrieved from /home/airflow/.local/lib/python3.8/site-packages/airflow/example_dags/example_setup_teardown_taskflow.py
[2026-06-03T12:03:59.414+0000] {logging_mixin.py:188} INFO - [2026-06-03T12:03:59.413+0000] {dag.py:3033} INFO - Sync 1 DAGs
[2026-06-03T12:03:59.421+0000] {logging_mixin.py:188} INFO - [2026-06-03T12:03:59.421+0000] {dag.py:3820} INFO - Setting next_dagrun for example_setup_teardown_taskflow to 2026-06-02T00:00:00+00:00, run_after=2026-06-03T00:00:00+00:00
[2026-06-03T12:03:59.426+0000] {processor.py:183} INFO - Processing /home/airflow/.local/lib/python3.8/site-packages/airflow/example_dags/example_setup_teardown_taskflow.py took 0.027 seconds
[2026-06-03T12:04:29.783+0000] {processor.py:161} INFO - Started process (PID=1796) to work on /home/airflow/.local/lib/python3.8/site-packages/airflow/example_dags/example_setup_teardown_taskflow.py
[2026-06-03T12:04:29.784+0000] {processor.py:830} INFO - Processing file /home/airflow/.local/lib/python3.8/site-packages/airflow/example_dags/example_setup_teardown_taskflow.py for tasks to queue
[2026-06-03T12:04:29.785+0000] {logging_mixin.py:188} INFO - [2026-06-03T12:04:29.785+0000] {dagbag.py:538} INFO - Filling up the DagBag from /home/airflow/.local/lib/python3.8/site-packages/airflow/example_dags/example_setup_teardown_taskflow.py
[2026-06-03T12:04:29.790+0000] {processor.py:840} INFO - DAG(s) 'example_setup_teardown_taskflow' retrieved from /home/airflow/.local/lib/python3.8/site-packages/airflow/example_dags/example_setup_teardown_taskflow.py
[2026-06-03T12:04:29.803+0000] {logging_mixin.py:188} INFO - [2026-06-03T12:04:29.803+0000] {dag.py:3033} INFO - Sync 1 DAGs
[2026-06-03T12:04:29.811+0000] {logging_mixin.py:188} INFO - [2026-06-03T12:04:29.811+0000] {dag.py:3820} INFO - Setting next_dagrun for example_setup_teardown_taskflow to 2026-06-02T00:00:00+00:00, run_after=2026-06-03T00:00:00+00:00
[2026-06-03T12:04:29.819+0000] {processor.py:183} INFO - Processing /home/airflow/.local/lib/python3.8/site-packages/airflow/example_dags/example_setup_teardown_taskflow.py took 0.037 seconds
[2026-06-03T12:05:00.346+0000] {processor.py:161} INFO - Started process (PID=1852) to work on /home/airflow/.local/lib/python3.8/site-packages/airflow/example_dags/example_setup_teardown_taskflow.py
[2026-06-03T12:05:00.347+0000] {processor.py:830} INFO - Processing file /home/airflow/.local/lib/python3.8/site-packages/airflow/example_dags/example_setup_teardown_taskflow.py for tasks to queue
[2026-06-03T12:05:00.349+0000] {logging_mixin.py:188} INFO - [2026-06-03T12:05:00.349+0000] {dagbag.py:538} INFO - Filling up the DagBag from /home/airflow/.local/lib/python3.8/site-packages/airflow/example_dags/example_setup_teardown_taskflow.py
[2026-06-03T12:05:00.358+0000] {processor.py:840} INFO - DAG(s) 'example_setup_teardown_taskflow' retrieved from /home/airflow/.local/lib/python3.8/site-packages/airflow/example_dags/example_setup_teardown_taskflow.py
[2026-06-03T12:05:00.377+0000] {logging_mixin.py:188} INFO - [2026-06-03T12:05:00.377+0000] {dag.py:3033} INFO - Sync 1 DAGs
[2026-06-03T12:05:00.398+0000] {logging_mixin.py:188} INFO - [2026-06-03T12:05:00.398+0000] {dag.py:3820} INFO - Setting next_dagrun for example_setup_teardown_taskflow to 2026-06-02T00:00:00+00:00, run_after=2026-06-03T00:00:00+00:00
[2026-06-03T12:05:00.418+0000] {processor.py:183} INFO - Processing /home/airflow/.local/lib/python3.8/site-packages/airflow/example_dags/example_setup_teardown_taskflow.py took 0.074 seconds
[2026-06-03T12:05:30.973+0000] {processor.py:161} INFO - Started process (PID=1908) to work on /home/airflow/.local/lib/python3.8/site-packages/airflow/example_dags/example_setup_teardown_taskflow.py
[2026-06-03T12:05:30.973+0000] {processor.py:830} INFO - Processing file /home/airflow/.local/lib/python3.8/site-packages/airflow/example_dags/example_setup_teardown_taskflow.py for tasks to queue
[2026-06-03T12:05:30.974+0000] {logging_mixin.py:188} INFO - [2026-06-03T12:05:30.974+0000] {dagbag.py:538} INFO - Filling up the DagBag from /home/airflow/.local/lib/python3.8/site-packages/airflow/example_dags/example_setup_teardown_taskflow.py
[2026-06-03T12:05:30.979+0000] {processor.py:840} INFO - DAG(s) 'example_setup_teardown_taskflow' retrieved from /home/airflow/.local/lib/python3.8/site-packages/airflow/example_dags/example_setup_teardown_taskflow.py
[2026-06-03T12:05:30.999+0000] {logging_mixin.py:188} INFO - [2026-06-03T12:05:30.999+0000] {dag.py:3033} INFO - Sync 1 DAGs
[2026-06-03T12:05:31.011+0000] {logging_mixin.py:188} INFO - [2026-06-03T12:05:31.011+0000] {dag.py:3820} INFO - Setting next_dagrun for example_setup_teardown_taskflow to 2026-06-02T00:00:00+00:00, run_after=2026-06-03T00:00:00+00:00
[2026-06-03T12:05:31.024+0000] {processor.py:183} INFO - Processing /home/airflow/.local/lib/python3.8/site-packages/airflow/example_dags/example_setup_teardown_taskflow.py took 0.054 seconds
[2026-06-03T12:06:02.093+0000] {processor.py:161} INFO - Started process (PID=1964) to work on /home/airflow/.local/lib/python3.8/site-packages/airflow/example_dags/example_setup_teardown_taskflow.py
[2026-06-03T12:06:02.093+0000] {processor.py:830} INFO - Processing file /home/airflow/.local/lib/python3.8/site-packages/airflow/example_dags/example_setup_teardown_taskflow.py for tasks to queue
[2026-06-03T12:06:02.094+0000] {logging_mixin.py:188} INFO - [2026-06-03T12:06:02.094+0000] {dagbag.py:538} INFO - Filling up the DagBag from /home/airflow/.local/lib/python3.8/site-packages/airflow/example_dags/example_setup_teardown_taskflow.py
[2026-06-03T12:06:02.098+0000] {processor.py:840} INFO - DAG(s) 'example_setup_teardown_taskflow' retrieved from /home/airflow/.local/lib/python3.8/site-packages/airflow/example_dags/example_setup_teardown_taskflow.py
[2026-06-03T12:06:02.115+0000] {logging_mixin.py:188} INFO - [2026-06-03T12:06:02.115+0000] {dag.py:3033} INFO - Sync 1 DAGs
[2026-06-03T12:06:02.192+0000] {logging_mixin.py:188} INFO - [2026-06-03T12:06:02.192+0000] {dag.py:3820} INFO - Setting next_dagrun for example_setup_teardown_taskflow to 2026-06-02T00:00:00+00:00, run_after=2026-06-03T00:00:00+00:00
[2026-06-03T12:06:02.201+0000] {processor.py:183} INFO - Processing /home/airflow/.local/lib/python3.8/site-packages/airflow/example_dags/example_setup_teardown_taskflow.py took 0.110 seconds
[2026-06-03T12:06:33.077+0000] {processor.py:161} INFO - Started process (PID=2020) to work on /home/airflow/.local/lib/python3.8/site-packages/airflow/example_dags/example_setup_teardown_taskflow.py
[2026-06-03T12:06:33.078+0000] {processor.py:830} INFO - Processing file /home/airflow/.local/lib/python3.8/site-packages/airflow/example_dags/example_setup_teardown_taskflow.py for tasks to queue
[2026-06-03T12:06:33.080+0000] {logging_mixin.py:188} INFO - [2026-06-03T12:06:33.079+0000] {dagbag.py:538} INFO - Filling up the DagBag from /home/airflow/.local/lib/python3.8/site-packages/airflow/example_dags/example_setup_teardown_taskflow.py
[2026-06-03T12:06:33.086+0000] {processor.py:840} INFO - DAG(s) 'example_setup_teardown_taskflow' retrieved from /home/airflow/.local/lib/python3.8/site-packages/airflow/example_dags/example_setup_teardown_taskflow.py
[2026-06-03T12:06:33.097+0000] {logging_mixin.py:188} INFO - [2026-06-03T12:06:33.097+0000] {dag.py:3033} INFO - Sync 1 DAGs
[2026-06-03T12:06:33.174+0000] {logging_mixin.py:188} INFO - [2026-06-03T12:06:33.174+0000] {dag.py:3820} INFO - Setting next_dagrun for example_setup_teardown_taskflow to 2026-06-02T00:00:00+00:00, run_after=2026-06-03T00:00:00+00:00
[2026-06-03T12:06:33.183+0000] {processor.py:183} INFO - Processing /home/airflow/.local/lib/python3.8/site-packages/airflow/example_dags/example_setup_teardown_taskflow.py took 0.109 seconds
[2026-06-03T12:07:04.003+0000] {processor.py:161} INFO - Started process (PID=2076) to work on /home/airflow/.local/lib/python3.8/site-packages/airflow/example_dags/example_setup_teardown_taskflow.py
[2026-06-03T12:07:04.004+0000] {processor.py:830} INFO - Processing file /home/airflow/.local/lib/python3.8/site-packages/airflow/example_dags/example_setup_teardown_taskflow.py for tasks to queue
[2026-06-03T12:07:04.005+0000] {logging_mixin.py:188} INFO - [2026-06-03T12:07:04.005+0000] {dagbag.py:538} INFO - Filling up the DagBag from /home/airflow/.local/lib/python3.8/site-packages/airflow/example_dags/example_setup_teardown_taskflow.py
[2026-06-03T12:07:04.009+0000] {processor.py:840} INFO - DAG(s) 'example_setup_teardown_taskflow' retrieved from /home/airflow/.local/lib/python3.8/site-packages/airflow/example_dags/example_setup_teardown_taskflow.py
[2026-06-03T12:07:04.030+0000] {logging_mixin.py:188} INFO - [2026-06-03T12:07:04.030+0000] {dag.py:3033} INFO - Sync 1 DAGs
[2026-06-03T12:07:04.039+0000] {logging_mixin.py:188} INFO - [2026-06-03T12:07:04.039+0000] {dag.py:3820} INFO - Setting next_dagrun for example_setup_teardown_taskflow to 2026-06-02T00:00:00+00:00, run_after=2026-06-03T00:00:00+00:00
[2026-06-03T12:07:04.048+0000] {processor.py:183} INFO - Processing /home/airflow/.local/lib/python3.8/site-packages/airflow/example_dags/example_setup_teardown_taskflow.py took 0.046 seconds
[2026-06-03T12:07:34.153+0000] {processor.py:161} INFO - Started process (PID=2132) to work on /home/airflow/.local/lib/python3.8/site-packages/airflow/example_dags/example_setup_teardown_taskflow.py
[2026-06-03T12:07:34.154+0000] {processor.py:830} INFO - Processing file /home/airflow/.local/lib/python3.8/site-packages/airflow/example_dags/example_setup_teardown_taskflow.py for tasks to queue
[2026-06-03T12:07:34.155+0000] {logging_mixin.py:188} INFO - [2026-06-03T12:07:34.155+0000] {dagbag.py:538} INFO - Filling up the DagBag from /home/airflow/.local/lib/python3.8/site-packages/airflow/example_dags/example_setup_teardown_taskflow.py
[2026-06-03T12:07:34.159+0000] {processor.py:840} INFO - DAG(s) 'example_setup_teardown_taskflow' retrieved from /home/airflow/.local/lib/python3.8/site-packages/airflow/example_dags/example_setup_teardown_taskflow.py
[2026-06-03T12:07:34.171+0000] {logging_mixin.py:188} INFO - [2026-06-03T12:07:34.171+0000] {dag.py:3033} INFO - Sync 1 DAGs
[2026-06-03T12:07:34.181+0000] {logging_mixin.py:188} INFO - [2026-06-03T12:07:34.181+0000] {dag.py:3820} INFO - Setting next_dagrun for example_setup_teardown_taskflow to 2026-06-02T00:00:00+00:00, run_after=2026-06-03T00:00:00+00:00
[2026-06-03T12:07:34.195+0000] {processor.py:183} INFO - Processing /home/airflow/.local/lib/python3.8/site-packages/airflow/example_dags/example_setup_teardown_taskflow.py took 0.046 seconds
[2026-06-03T12:08:04.806+0000] {processor.py:161} INFO - Started process (PID=2188) to work on /home/airflow/.local/lib/python3.8/site-packages/airflow/example_dags/example_setup_teardown_taskflow.py
[2026-06-03T12:08:04.807+0000] {processor.py:830} INFO - Processing file /home/airflow/.local/lib/python3.8/site-packages/airflow/example_dags/example_setup_teardown_taskflow.py for tasks to queue
[2026-06-03T12:08:04.809+0000] {logging_mixin.py:188} INFO - [2026-06-03T12:08:04.809+0000] {dagbag.py:538} INFO - Filling up the DagBag from /home/airflow/.local/lib/python3.8/site-packages/airflow/example_dags/example_setup_teardown_taskflow.py
[2026-06-03T12:08:04.895+0000] {processor.py:840} INFO - DAG(s) 'example_setup_teardown_taskflow' retrieved from /home/airflow/.local/lib/python3.8/site-packages/airflow/example_dags/example_setup_teardown_taskflow.py
[2026-06-03T12:08:04.905+0000] {logging_mixin.py:188} INFO - [2026-06-03T12:08:04.905+0000] {dag.py:3033} INFO - Sync 1 DAGs
[2026-06-03T12:08:04.913+0000] {logging_mixin.py:188} INFO - [2026-06-03T12:08:04.913+0000] {dag.py:3820} INFO - Setting next_dagrun for example_setup_teardown_taskflow to 2026-06-02T00:00:00+00:00, run_after=2026-06-03T00:00:00+00:00
[2026-06-03T12:08:04.925+0000] {processor.py:183} INFO - Processing /home/airflow/.local/lib/python3.8/site-packages/airflow/example_dags/example_setup_teardown_taskflow.py took 0.121 seconds
[2026-06-03T12:08:35.473+0000] {processor.py:161} INFO - Started process (PID=2244) to work on /home/airflow/.local/lib/python3.8/site-packages/airflow/example_dags/example_setup_teardown_taskflow.py
[2026-06-03T12:08:35.474+0000] {processor.py:830} INFO - Processing file /home/airflow/.local/lib/python3.8/site-packages/airflow/example_dags/example_setup_teardown_taskflow.py for tasks to queue
[2026-06-03T12:08:35.475+0000] {logging_mixin.py:188} INFO - [2026-06-03T12:08:35.475+0000] {dagbag.py:538} INFO - Filling up the DagBag from /home/airflow/.local/lib/python3.8/site-packages/airflow/example_dags/example_setup_teardown_taskflow.py
[2026-06-03T12:08:35.480+0000] {processor.py:840} INFO - DAG(s) 'example_setup_teardown_taskflow' retrieved from /home/airflow/.local/lib/python3.8/site-packages/airflow/example_dags/example_setup_teardown_taskflow.py
[2026-06-03T12:08:35.493+0000] {logging_mixin.py:188} INFO - [2026-06-03T12:08:35.493+0000] {dag.py:3033} INFO - Sync 1 DAGs
[2026-06-03T12:08:35.504+0000] {logging_mixin.py:188} INFO - [2026-06-03T12:08:35.504+0000] {dag.py:3820} INFO - Setting next_dagrun for example_setup_teardown_taskflow to 2026-06-02T00:00:00+00:00, run_after=2026-06-03T00:00:00+00:00
[2026-06-03T12:08:35.515+0000] {processor.py:183} INFO - Processing /home/airflow/.local/lib/python3.8/site-packages/airflow/example_dags/example_setup_teardown_taskflow.py took 0.044 seconds
[2026-06-03T12:09:05.719+0000] {processor.py:161} INFO - Started process (PID=2300) to work on /home/airflow/.local/lib/python3.8/site-packages/airflow/example_dags/example_setup_teardown_taskflow.py
[2026-06-03T12:09:05.720+0000] {processor.py:830} INFO - Processing file /home/airflow/.local/lib/python3.8/site-packages/airflow/example_dags/example_setup_teardown_taskflow.py for tasks to queue
[2026-06-03T12:09:05.721+0000] {logging_mixin.py:188} INFO - [2026-06-03T12:09:05.721+0000] {dagbag.py:538} INFO - Filling up the DagBag from /home/airflow/.local/lib/python3.8/site-packages/airflow/example_dags/example_setup_teardown_taskflow.py
[2026-06-03T12:09:05.725+0000] {processor.py:840} INFO - DAG(s) 'example_setup_teardown_taskflow' retrieved from /home/airflow/.local/lib/python3.8/site-packages/airflow/example_dags/example_setup_teardown_taskflow.py
[2026-06-03T12:09:05.733+0000] {logging_mixin.py:188} INFO - [2026-06-03T12:09:05.733+0000] {dag.py:3033} INFO - Sync 1 DAGs
[2026-06-03T12:09:05.742+0000] {logging_mixin.py:188} INFO - [2026-06-03T12:09:05.742+0000] {dag.py:3820} INFO - Setting next_dagrun for example_setup_teardown_taskflow to 2026-06-02T00:00:00+00:00, run_after=2026-06-03T00:00:00+00:00
[2026-06-03T12:09:05.753+0000] {processor.py:183} INFO - Processing /home/airflow/.local/lib/python3.8/site-packages/airflow/example_dags/example_setup_teardown_taskflow.py took 0.035 seconds
[2026-06-03T12:09:35.890+0000] {processor.py:161} INFO - Started process (PID=2356) to work on /home/airflow/.local/lib/python3.8/site-packages/airflow/example_dags/example_setup_teardown_taskflow.py
[2026-06-03T12:09:35.891+0000] {processor.py:830} INFO - Processing file /home/airflow/.local/lib/python3.8/site-packages/airflow/example_dags/example_setup_teardown_taskflow.py for tasks to queue
[2026-06-03T12:09:35.893+0000] {logging_mixin.py:188} INFO - [2026-06-03T12:09:35.892+0000] {dagbag.py:538} INFO - Filling up the DagBag from /home/airflow/.local/lib/python3.8/site-packages/airflow/example_dags/example_setup_teardown_taskflow.py
[2026-06-03T12:09:35.898+0000] {processor.py:840} INFO - DAG(s) 'example_setup_teardown_taskflow' retrieved from /home/airflow/.local/lib/python3.8/site-packages/airflow/example_dags/example_setup_teardown_taskflow.py
[2026-06-03T12:09:35.909+0000] {logging_mixin.py:188} INFO - [2026-06-03T12:09:35.909+0000] {dag.py:3033} INFO - Sync 1 DAGs
[2026-06-03T12:09:35.921+0000] {logging_mixin.py:188} INFO - [2026-06-03T12:09:35.920+0000] {dag.py:3820} INFO - Setting next_dagrun for example_setup_teardown_taskflow to 2026-06-02T00:00:00+00:00, run_after=2026-06-03T00:00:00+00:00
[2026-06-03T12:09:35.935+0000] {processor.py:183} INFO - Processing /home/airflow/.local/lib/python3.8/site-packages/airflow/example_dags/example_setup_teardown_taskflow.py took 0.047 seconds
[2026-06-03T12:10:07.000+0000] {processor.py:161} INFO - Started process (PID=2412) to work on /home/airflow/.local/lib/python3.8/site-packages/airflow/example_dags/example_setup_teardown_taskflow.py
[2026-06-03T12:10:07.001+0000] {processor.py:830} INFO - Processing file /home/airflow/.local/lib/python3.8/site-packages/airflow/example_dags/example_setup_teardown_taskflow.py for tasks to queue
[2026-06-03T12:10:07.002+0000] {logging_mixin.py:188} INFO - [2026-06-03T12:10:07.002+0000] {dagbag.py:538} INFO - Filling up the DagBag from /home/airflow/.local/lib/python3.8/site-packages/airflow/example_dags/example_setup_teardown_taskflow.py
[2026-06-03T12:10:07.007+0000] {processor.py:840} INFO - DAG(s) 'example_setup_teardown_taskflow' retrieved from /home/airflow/.local/lib/python3.8/site-packages/airflow/example_dags/example_setup_teardown_taskflow.py
[2026-06-03T12:10:07.017+0000] {logging_mixin.py:188} INFO - [2026-06-03T12:10:07.017+0000] {dag.py:3033} INFO - Sync 1 DAGs
[2026-06-03T12:10:07.030+0000] {logging_mixin.py:188} INFO - [2026-06-03T12:10:07.029+0000] {dag.py:3820} INFO - Setting next_dagrun for example_setup_teardown_taskflow to 2026-06-02T00:00:00+00:00, run_after=2026-06-03T00:00:00+00:00
[2026-06-03T12:10:07.041+0000] {processor.py:183} INFO - Processing /home/airflow/.local/lib/python3.8/site-packages/airflow/example_dags/example_setup_teardown_taskflow.py took 0.042 seconds
[2026-06-03T12:10:37.153+0000] {processor.py:161} INFO - Started process (PID=2468) to work on /home/airflow/.local/lib/python3.8/site-packages/airflow/example_dags/example_setup_teardown_taskflow.py
[2026-06-03T12:10:37.153+0000] {processor.py:830} INFO - Processing file /home/airflow/.local/lib/python3.8/site-packages/airflow/example_dags/example_setup_teardown_taskflow.py for tasks to queue
[2026-06-03T12:10:37.154+0000] {logging_mixin.py:188} INFO - [2026-06-03T12:10:37.154+0000] {dagbag.py:538} INFO - Filling up the DagBag from /home/airflow/.local/lib/python3.8/site-packages/airflow/example_dags/example_setup_teardown_taskflow.py
[2026-06-03T12:10:37.159+0000] {processor.py:840} INFO - DAG(s) 'example_setup_teardown_taskflow' retrieved from /home/airflow/.local/lib/python3.8/site-packages/airflow/example_dags/example_setup_teardown_taskflow.py
[2026-06-03T12:10:37.170+0000] {logging_mixin.py:188} INFO - [2026-06-03T12:10:37.170+0000] {dag.py:3033} INFO - Sync 1 DAGs
[2026-06-03T12:10:37.179+0000] {logging_mixin.py:188} INFO - [2026-06-03T12:10:37.179+0000] {dag.py:3820} INFO - Setting next_dagrun for example_setup_teardown_taskflow to 2026-06-02T00:00:00+00:00, run_after=2026-06-03T00:00:00+00:00
[2026-06-03T12:10:37.193+0000] {processor.py:183} INFO - Processing /home/airflow/.local/lib/python3.8/site-packages/airflow/example_dags/example_setup_teardown_taskflow.py took 0.042 seconds
[2026-06-03T12:11:07.318+0000] {processor.py:161} INFO - Started process (PID=2524) to work on /home/airflow/.local/lib/python3.8/site-packages/airflow/example_dags/example_setup_teardown_taskflow.py
[2026-06-03T12:11:07.319+0000] {processor.py:830} INFO - Processing file /home/airflow/.local/lib/python3.8/site-packages/airflow/example_dags/example_setup_teardown_taskflow.py for tasks to queue
[2026-06-03T12:11:07.320+0000] {logging_mixin.py:188} INFO - [2026-06-03T12:11:07.320+0000] {dagbag.py:538} INFO - Filling up the DagBag from /home/airflow/.local/lib/python3.8/site-packages/airflow/example_dags/example_setup_teardown_taskflow.py
[2026-06-03T12:11:07.324+0000] {processor.py:840} INFO - DAG(s) 'example_setup_teardown_taskflow' retrieved from /home/airflow/.local/lib/python3.8/site-packages/airflow/example_dags/example_setup_teardown_taskflow.py
[2026-06-03T12:11:07.333+0000] {logging_mixin.py:188} INFO - [2026-06-03T12:11:07.332+0000] {dag.py:3033} INFO - Sync 1 DAGs
[2026-06-03T12:11:07.340+0000] {logging_mixin.py:188} INFO - [2026-06-03T12:11:07.340+0000] {dag.py:3820} INFO - Setting next_dagrun for example_setup_teardown_taskflow to 2026-06-02T00:00:00+00:00, run_after=2026-06-03T00:00:00+00:00
[2026-06-03T12:11:07.346+0000] {processor.py:183} INFO - Processing /home/airflow/.local/lib/python3.8/site-packages/airflow/example_dags/example_setup_teardown_taskflow.py took 0.030 seconds
[2026-06-03T12:11:38.382+0000] {processor.py:161} INFO - Started process (PID=2580) to work on /home/airflow/.local/lib/python3.8/site-packages/airflow/example_dags/example_setup_teardown_taskflow.py
[2026-06-03T12:11:38.383+0000] {processor.py:830} INFO - Processing file /home/airflow/.local/lib/python3.8/site-packages/airflow/example_dags/example_setup_teardown_taskflow.py for tasks to queue
[2026-06-03T12:11:38.384+0000] {logging_mixin.py:188} INFO - [2026-06-03T12:11:38.384+0000] {dagbag.py:538} INFO - Filling up the DagBag from /home/airflow/.local/lib/python3.8/site-packages/airflow/example_dags/example_setup_teardown_taskflow.py
[2026-06-03T12:11:38.388+0000] {processor.py:840} INFO - DAG(s) 'example_setup_teardown_taskflow' retrieved from /home/airflow/.local/lib/python3.8/site-packages/airflow/example_dags/example_setup_teardown_taskflow.py
[2026-06-03T12:11:38.400+0000] {logging_mixin.py:188} INFO - [2026-06-03T12:11:38.400+0000] {dag.py:3033} INFO - Sync 1 DAGs
[2026-06-03T12:11:38.409+0000] {logging_mixin.py:188} INFO - [2026-06-03T12:11:38.409+0000] {dag.py:3820} INFO - Setting next_dagrun for example_setup_teardown_taskflow to 2026-06-02T00:00:00+00:00, run_after=2026-06-03T00:00:00+00:00
[2026-06-03T12:11:38.421+0000] {processor.py:183} INFO - Processing /home/airflow/.local/lib/python3.8/site-packages/airflow/example_dags/example_setup_teardown_taskflow.py took 0.040 seconds
[2026-06-03T12:12:09.341+0000] {processor.py:161} INFO - Started process (PID=2636) to work on /home/airflow/.local/lib/python3.8/site-packages/airflow/example_dags/example_setup_teardown_taskflow.py
[2026-06-03T12:12:09.341+0000] {processor.py:830} INFO - Processing file /home/airflow/.local/lib/python3.8/site-packages/airflow/example_dags/example_setup_teardown_taskflow.py for tasks to queue
[2026-06-03T12:12:09.343+0000] {logging_mixin.py:188} INFO - [2026-06-03T12:12:09.343+0000] {dagbag.py:538} INFO - Filling up the DagBag from /home/airflow/.local/lib/python3.8/site-packages/airflow/example_dags/example_setup_teardown_taskflow.py
[2026-06-03T12:12:09.348+0000] {processor.py:840} INFO - DAG(s) 'example_setup_teardown_taskflow' retrieved from /home/airflow/.local/lib/python3.8/site-packages/airflow/example_dags/example_setup_teardown_taskflow.py
[2026-06-03T12:12:09.357+0000] {logging_mixin.py:188} INFO - [2026-06-03T12:12:09.357+0000] {dag.py:3033} INFO - Sync 1 DAGs
[2026-06-03T12:12:09.366+0000] {logging_mixin.py:188} INFO - [2026-06-03T12:12:09.366+0000] {dag.py:3820} INFO - Setting next_dagrun for example_setup_teardown_taskflow to 2026-06-02T00:00:00+00:00, run_after=2026-06-03T00:00:00+00:00
[2026-06-03T12:12:09.378+0000] {processor.py:183} INFO - Processing /home/airflow/.local/lib/python3.8/site-packages/airflow/example_dags/example_setup_teardown_taskflow.py took 0.039 seconds
[2026-06-03T12:12:40.413+0000] {processor.py:161} INFO - Started process (PID=2692) to work on /home/airflow/.local/lib/python3.8/site-packages/airflow/example_dags/example_setup_teardown_taskflow.py
[2026-06-03T12:12:40.413+0000] {processor.py:830} INFO - Processing file /home/airflow/.local/lib/python3.8/site-packages/airflow/example_dags/example_setup_teardown_taskflow.py for tasks to queue
[2026-06-03T12:12:40.414+0000] {logging_mixin.py:188} INFO - [2026-06-03T12:12:40.414+0000] {dagbag.py:538} INFO - Filling up the DagBag from /home/airflow/.local/lib/python3.8/site-packages/airflow/example_dags/example_setup_teardown_taskflow.py
[2026-06-03T12:12:40.418+0000] {processor.py:840} INFO - DAG(s) 'example_setup_teardown_taskflow' retrieved from /home/airflow/.local/lib/python3.8/site-packages/airflow/example_dags/example_setup_teardown_taskflow.py
[2026-06-03T12:12:40.432+0000] {logging_mixin.py:188} INFO - [2026-06-03T12:12:40.432+0000] {dag.py:3033} INFO - Sync 1 DAGs
[2026-06-03T12:12:40.443+0000] {logging_mixin.py:188} INFO - [2026-06-03T12:12:40.443+0000] {dag.py:3820} INFO - Setting next_dagrun for example_setup_teardown_taskflow to 2026-06-02T00:00:00+00:00, run_after=2026-06-03T00:00:00+00:00
[2026-06-03T12:12:40.451+0000] {processor.py:183} INFO - Processing /home/airflow/.local/lib/python3.8/site-packages/airflow/example_dags/example_setup_teardown_taskflow.py took 0.040 seconds
[2026-06-03T12:13:11.264+0000] {processor.py:161} INFO - Started process (PID=2747) to work on /home/airflow/.local/lib/python3.8/site-packages/airflow/example_dags/example_setup_teardown_taskflow.py
[2026-06-03T12:13:11.266+0000] {processor.py:830} INFO - Processing file /home/airflow/.local/lib/python3.8/site-packages/airflow/example_dags/example_setup_teardown_taskflow.py for tasks to queue
[2026-06-03T12:13:11.268+0000] {logging_mixin.py:188} INFO - [2026-06-03T12:13:11.268+0000] {dagbag.py:538} INFO - Filling up the DagBag from /home/airflow/.local/lib/python3.8/site-packages/airflow/example_dags/example_setup_teardown_taskflow.py
[2026-06-03T12:13:11.275+0000] {processor.py:840} INFO - DAG(s) 'example_setup_teardown_taskflow' retrieved from /home/airflow/.local/lib/python3.8/site-packages/airflow/example_dags/example_setup_teardown_taskflow.py
[2026-06-03T12:13:11.289+0000] {logging_mixin.py:188} INFO - [2026-06-03T12:13:11.289+0000] {dag.py:3033} INFO - Sync 1 DAGs
[2026-06-03T12:13:11.304+0000] {logging_mixin.py:188} INFO - [2026-06-03T12:13:11.304+0000] {dag.py:3820} INFO - Setting next_dagrun for example_setup_teardown_taskflow to 2026-06-02T00:00:00+00:00, run_after=2026-06-03T00:00:00+00:00
[2026-06-03T12:13:11.320+0000] {processor.py:183} INFO - Processing /home/airflow/.local/lib/python3.8/site-packages/airflow/example_dags/example_setup_teardown_taskflow.py took 0.059 seconds
[2026-06-03T12:13:41.974+0000] {processor.py:161} INFO - Started process (PID=2803) to work on /home/airflow/.local/lib/python3.8/site-packages/airflow/example_dags/example_setup_teardown_taskflow.py
[2026-06-03T12:13:41.975+0000] {processor.py:830} INFO - Processing file /home/airflow/.local/lib/python3.8/site-packages/airflow/example_dags/example_setup_teardown_taskflow.py for tasks to queue
[2026-06-03T12:13:41.976+0000] {logging_mixin.py:188} INFO - [2026-06-03T12:13:41.976+0000] {dagbag.py:538} INFO - Filling up the DagBag from /home/airflow/.local/lib/python3.8/site-packages/airflow/example_dags/example_setup_teardown_taskflow.py
[2026-06-03T12:13:41.980+0000] {processor.py:840} INFO - DAG(s) 'example_setup_teardown_taskflow' retrieved from /home/airflow/.local/lib/python3.8/site-packages/airflow/example_dags/example_setup_teardown_taskflow.py
[2026-06-03T12:13:41.998+0000] {logging_mixin.py:188} INFO - [2026-06-03T12:13:41.996+0000] {dag.py:3033} INFO - Sync 1 DAGs
[2026-06-03T12:13:42.014+0000] {logging_mixin.py:188} INFO - [2026-06-03T12:13:42.014+0000] {dag.py:3820} INFO - Setting next_dagrun for example_setup_teardown_taskflow to 2026-06-02T00:00:00+00:00, run_after=2026-06-03T00:00:00+00:00
[2026-06-03T12:13:42.024+0000] {processor.py:183} INFO - Processing /home/airflow/.local/lib/python3.8/site-packages/airflow/example_dags/example_setup_teardown_taskflow.py took 0.051 seconds
[2026-06-03T12:14:12.350+0000] {processor.py:161} INFO - Started process (PID=2859) to work on /home/airflow/.local/lib/python3.8/site-packages/airflow/example_dags/example_setup_teardown_taskflow.py
[2026-06-03T12:14:12.351+0000] {processor.py:830} INFO - Processing file /home/airflow/.local/lib/python3.8/site-packages/airflow/example_dags/example_setup_teardown_taskflow.py for tasks to queue
[2026-06-03T12:14:12.352+0000] {logging_mixin.py:188} INFO - [2026-06-03T12:14:12.352+0000] {dagbag.py:538} INFO - Filling up the DagBag from /home/airflow/.local/lib/python3.8/site-packages/airflow/example_dags/example_setup_teardown_taskflow.py
[2026-06-03T12:14:12.357+0000] {processor.py:840} INFO - DAG(s) 'example_setup_teardown_taskflow' retrieved from /home/airflow/.local/lib/python3.8/site-packages/airflow/example_dags/example_setup_teardown_taskflow.py
[2026-06-03T12:14:12.368+0000] {logging_mixin.py:188} INFO - [2026-06-03T12:14:12.368+0000] {dag.py:3033} INFO - Sync 1 DAGs
[2026-06-03T12:14:12.378+0000] {logging_mixin.py:188} INFO - [2026-06-03T12:14:12.378+0000] {dag.py:3820} INFO - Setting next_dagrun for example_setup_teardown_taskflow to 2026-06-02T00:00:00+00:00, run_after=2026-06-03T00:00:00+00:00
[2026-06-03T12:14:12.386+0000] {processor.py:183} INFO - Processing /home/airflow/.local/lib/python3.8/site-packages/airflow/example_dags/example_setup_teardown_taskflow.py took 0.038 seconds
[2026-06-03T12:14:42.669+0000] {processor.py:161} INFO - Started process (PID=2915) to work on /home/airflow/.local/lib/python3.8/site-packages/airflow/example_dags/example_setup_teardown_taskflow.py
[2026-06-03T12:14:42.670+0000] {processor.py:830} INFO - Processing file /home/airflow/.local/lib/python3.8/site-packages/airflow/example_dags/example_setup_teardown_taskflow.py for tasks to queue
[2026-06-03T12:14:42.672+0000] {logging_mixin.py:188} INFO - [2026-06-03T12:14:42.672+0000] {dagbag.py:538} INFO - Filling up the DagBag from /home/airflow/.local/lib/python3.8/site-packages/airflow/example_dags/example_setup_teardown_taskflow.py
[2026-06-03T12:14:42.677+0000] {processor.py:840} INFO - DAG(s) 'example_setup_teardown_taskflow' retrieved from /home/airflow/.local/lib/python3.8/site-packages/airflow/example_dags/example_setup_teardown_taskflow.py
[2026-06-03T12:14:42.686+0000] {logging_mixin.py:188} INFO - [2026-06-03T12:14:42.686+0000] {dag.py:3033} INFO - Sync 1 DAGs
[2026-06-03T12:14:42.696+0000] {logging_mixin.py:188} INFO - [2026-06-03T12:14:42.696+0000] {dag.py:3820} INFO - Setting next_dagrun for example_setup_teardown_taskflow to 2026-06-02T00:00:00+00:00, run_after=2026-06-03T00:00:00+00:00
[2026-06-03T12:14:42.703+0000] {processor.py:183} INFO - Processing /home/airflow/.local/lib/python3.8/site-packages/airflow/example_dags/example_setup_teardown_taskflow.py took 0.036 seconds
[2026-06-03T12:15:13.184+0000] {processor.py:161} INFO - Started process (PID=2971) to work on /home/airflow/.local/lib/python3.8/site-packages/airflow/example_dags/example_setup_teardown_taskflow.py
[2026-06-03T12:15:13.185+0000] {processor.py:830} INFO - Processing file /home/airflow/.local/lib/python3.8/site-packages/airflow/example_dags/example_setup_teardown_taskflow.py for tasks to queue
[2026-06-03T12:15:13.186+0000] {logging_mixin.py:188} INFO - [2026-06-03T12:15:13.186+0000] {dagbag.py:538} INFO - Filling up the DagBag from /home/airflow/.local/lib/python3.8/site-packages/airflow/example_dags/example_setup_teardown_taskflow.py
[2026-06-03T12:15:13.191+0000] {processor.py:840} INFO - DAG(s) 'example_setup_teardown_taskflow' retrieved from /home/airflow/.local/lib/python3.8/site-packages/airflow/example_dags/example_setup_teardown_taskflow.py
[2026-06-03T12:15:13.204+0000] {logging_mixin.py:188} INFO - [2026-06-03T12:15:13.204+0000] {dag.py:3033} INFO - Sync 1 DAGs
[2026-06-03T12:15:13.218+0000] {logging_mixin.py:188} INFO - [2026-06-03T12:15:13.218+0000] {dag.py:3820} INFO - Setting next_dagrun for example_setup_teardown_taskflow to 2026-06-02T00:00:00+00:00, run_after=2026-06-03T00:00:00+00:00
[2026-06-03T12:15:13.232+0000] {processor.py:183} INFO - Processing /home/airflow/.local/lib/python3.8/site-packages/airflow/example_dags/example_setup_teardown_taskflow.py took 0.050 seconds
[2026-06-03T12:15:43.623+0000] {processor.py:161} INFO - Started process (PID=3027) to work on /home/airflow/.local/lib/python3.8/site-packages/airflow/example_dags/example_setup_teardown_taskflow.py
[2026-06-03T12:15:43.625+0000] {processor.py:830} INFO - Processing file /home/airflow/.local/lib/python3.8/site-packages/airflow/example_dags/example_setup_teardown_taskflow.py for tasks to queue
[2026-06-03T12:15:43.626+0000] {logging_mixin.py:188} INFO - [2026-06-03T12:15:43.626+0000] {dagbag.py:538} INFO - Filling up the DagBag from /home/airflow/.local/lib/python3.8/site-packages/airflow/example_dags/example_setup_teardown_taskflow.py
[2026-06-03T12:15:43.631+0000] {processor.py:840} INFO - DAG(s) 'example_setup_teardown_taskflow' retrieved from /home/airflow/.local/lib/python3.8/site-packages/airflow/example_dags/example_setup_teardown_taskflow.py
[2026-06-03T12:15:43.640+0000] {logging_mixin.py:188} INFO - [2026-06-03T12:15:43.640+0000] {dag.py:3033} INFO - Sync 1 DAGs
[2026-06-03T12:15:43.653+0000] {logging_mixin.py:188} INFO - [2026-06-03T12:15:43.652+0000] {dag.py:3820} INFO - Setting next_dagrun for example_setup_teardown_taskflow to 2026-06-02T00:00:00+00:00, run_after=2026-06-03T00:00:00+00:00
[2026-06-03T12:15:43.674+0000] {processor.py:183} INFO - Processing /home/airflow/.local/lib/python3.8/site-packages/airflow/example_dags/example_setup_teardown_taskflow.py took 0.052 seconds
[2026-06-03T12:16:14.418+0000] {processor.py:161} INFO - Started process (PID=3083) to work on /home/airflow/.local/lib/python3.8/site-packages/airflow/example_dags/example_setup_teardown_taskflow.py
[2026-06-03T12:16:14.419+0000] {processor.py:830} INFO - Processing file /home/airflow/.local/lib/python3.8/site-packages/airflow/example_dags/example_setup_teardown_taskflow.py for tasks to queue
[2026-06-03T12:16:14.420+0000] {logging_mixin.py:188} INFO - [2026-06-03T12:16:14.420+0000] {dagbag.py:538} INFO - Filling up the DagBag from /home/airflow/.local/lib/python3.8/site-packages/airflow/example_dags/example_setup_teardown_taskflow.py
[2026-06-03T12:16:14.426+0000] {processor.py:840} INFO - DAG(s) 'example_setup_teardown_taskflow' retrieved from /home/airflow/.local/lib/python3.8/site-packages/airflow/example_dags/example_setup_teardown_taskflow.py
[2026-06-03T12:16:14.436+0000] {logging_mixin.py:188} INFO - [2026-06-03T12:16:14.436+0000] {dag.py:3033} INFO - Sync 1 DAGs
[2026-06-03T12:16:14.446+0000] {logging_mixin.py:188} INFO - [2026-06-03T12:16:14.446+0000] {dag.py:3820} INFO - Setting next_dagrun for example_setup_teardown_taskflow to 2026-06-02T00:00:00+00:00, run_after=2026-06-03T00:00:00+00:00
[2026-06-03T12:16:14.457+0000] {processor.py:183} INFO - Processing /home/airflow/.local/lib/python3.8/site-packages/airflow/example_dags/example_setup_teardown_taskflow.py took 0.041 seconds
[2026-06-03T12:16:44.817+0000] {processor.py:161} INFO - Started process (PID=3139) to work on /home/airflow/.local/lib/python3.8/site-packages/airflow/example_dags/example_setup_teardown_taskflow.py
[2026-06-03T12:16:44.818+0000] {processor.py:830} INFO - Processing file /home/airflow/.local/lib/python3.8/site-packages/airflow/example_dags/example_setup_teardown_taskflow.py for tasks to queue
[2026-06-03T12:16:44.819+0000] {logging_mixin.py:188} INFO - [2026-06-03T12:16:44.819+0000] {dagbag.py:538} INFO - Filling up the DagBag from /home/airflow/.local/lib/python3.8/site-packages/airflow/example_dags/example_setup_teardown_taskflow.py
[2026-06-03T12:16:44.823+0000] {processor.py:840} INFO - DAG(s) 'example_setup_teardown_taskflow' retrieved from /home/airflow/.local/lib/python3.8/site-packages/airflow/example_dags/example_setup_teardown_taskflow.py
[2026-06-03T12:16:44.835+0000] {logging_mixin.py:188} INFO - [2026-06-03T12:16:44.835+0000] {dag.py:3033} INFO - Sync 1 DAGs
[2026-06-03T12:16:44.851+0000] {logging_mixin.py:188} INFO - [2026-06-03T12:16:44.851+0000] {dag.py:3820} INFO - Setting next_dagrun for example_setup_teardown_taskflow to 2026-06-02T00:00:00+00:00, run_after=2026-06-03T00:00:00+00:00
[2026-06-03T12:16:44.865+0000] {processor.py:183} INFO - Processing /home/airflow/.local/lib/python3.8/site-packages/airflow/example_dags/example_setup_teardown_taskflow.py took 0.050 seconds
[2026-06-03T12:17:16.458+0000] {processor.py:161} INFO - Started process (PID=3195) to work on /home/airflow/.local/lib/python3.8/site-packages/airflow/example_dags/example_setup_teardown_taskflow.py
[2026-06-03T12:17:16.459+0000] {processor.py:830} INFO - Processing file /home/airflow/.local/lib/python3.8/site-packages/airflow/example_dags/example_setup_teardown_taskflow.py for tasks to queue
[2026-06-03T12:17:16.461+0000] {logging_mixin.py:188} INFO - [2026-06-03T12:17:16.461+0000] {dagbag.py:538} INFO - Filling up the DagBag from /home/airflow/.local/lib/python3.8/site-packages/airflow/example_dags/example_setup_teardown_taskflow.py
[2026-06-03T12:17:16.467+0000] {processor.py:840} INFO - DAG(s) 'example_setup_teardown_taskflow' retrieved from /home/airflow/.local/lib/python3.8/site-packages/airflow/example_dags/example_setup_teardown_taskflow.py
[2026-06-03T12:17:16.481+0000] {logging_mixin.py:188} INFO - [2026-06-03T12:17:16.481+0000] {dag.py:3033} INFO - Sync 1 DAGs
[2026-06-03T12:17:16.490+0000] {logging_mixin.py:188} INFO - [2026-06-03T12:17:16.490+0000] {dag.py:3820} INFO - Setting next_dagrun for example_setup_teardown_taskflow to 2026-06-02T00:00:00+00:00, run_after=2026-06-03T00:00:00+00:00
[2026-06-03T12:17:16.498+0000] {processor.py:183} INFO - Processing /home/airflow/.local/lib/python3.8/site-packages/airflow/example_dags/example_setup_teardown_taskflow.py took 0.041 seconds
[2026-06-03T12:17:47.470+0000] {processor.py:161} INFO - Started process (PID=3256) to work on /home/airflow/.local/lib/python3.8/site-packages/airflow/example_dags/example_setup_teardown_taskflow.py
[2026-06-03T12:17:47.471+0000] {processor.py:830} INFO - Processing file /home/airflow/.local/lib/python3.8/site-packages/airflow/example_dags/example_setup_teardown_taskflow.py for tasks to queue
[2026-06-03T12:17:47.473+0000] {logging_mixin.py:188} INFO - [2026-06-03T12:17:47.473+0000] {dagbag.py:538} INFO - Filling up the DagBag from /home/airflow/.local/lib/python3.8/site-packages/airflow/example_dags/example_setup_teardown_taskflow.py
[2026-06-03T12:17:47.479+0000] {processor.py:840} INFO - DAG(s) 'example_setup_teardown_taskflow' retrieved from /home/airflow/.local/lib/python3.8/site-packages/airflow/example_dags/example_setup_teardown_taskflow.py
[2026-06-03T12:17:47.495+0000] {logging_mixin.py:188} INFO - [2026-06-03T12:17:47.495+0000] {dag.py:3033} INFO - Sync 1 DAGs
[2026-06-03T12:17:47.513+0000] {logging_mixin.py:188} INFO - [2026-06-03T12:17:47.513+0000] {dag.py:3820} INFO - Setting next_dagrun for example_setup_teardown_taskflow to 2026-06-02T00:00:00+00:00, run_after=2026-06-03T00:00:00+00:00
[2026-06-03T12:17:47.525+0000] {processor.py:183} INFO - Processing /home/airflow/.local/lib/python3.8/site-packages/airflow/example_dags/example_setup_teardown_taskflow.py took 0.059 seconds
[2026-06-03T12:18:18.005+0000] {processor.py:161} INFO - Started process (PID=3312) to work on /home/airflow/.local/lib/python3.8/site-packages/airflow/example_dags/example_setup_teardown_taskflow.py
[2026-06-03T12:18:18.006+0000] {processor.py:830} INFO - Processing file /home/airflow/.local/lib/python3.8/site-packages/airflow/example_dags/example_setup_teardown_taskflow.py for tasks to queue
[2026-06-03T12:18:18.007+0000] {logging_mixin.py:188} INFO - [2026-06-03T12:18:18.007+0000] {dagbag.py:538} INFO - Filling up the DagBag from /home/airflow/.local/lib/python3.8/site-packages/airflow/example_dags/example_setup_teardown_taskflow.py
[2026-06-03T12:18:18.012+0000] {processor.py:840} INFO - DAG(s) 'example_setup_teardown_taskflow' retrieved from /home/airflow/.local/lib/python3.8/site-packages/airflow/example_dags/example_setup_teardown_taskflow.py
[2026-06-03T12:18:18.025+0000] {logging_mixin.py:188} INFO - [2026-06-03T12:18:18.025+0000] {dag.py:3033} INFO - Sync 1 DAGs
[2026-06-03T12:18:18.040+0000] {logging_mixin.py:188} INFO - [2026-06-03T12:18:18.040+0000] {dag.py:3820} INFO - Setting next_dagrun for example_setup_teardown_taskflow to 2026-06-02T00:00:00+00:00, run_after=2026-06-03T00:00:00+00:00
[2026-06-03T12:18:18.054+0000] {processor.py:183} INFO - Processing /home/airflow/.local/lib/python3.8/site-packages/airflow/example_dags/example_setup_teardown_taskflow.py took 0.051 seconds
[2026-06-03T12:18:49.242+0000] {processor.py:161} INFO - Started process (PID=3368) to work on /home/airflow/.local/lib/python3.8/site-packages/airflow/example_dags/example_setup_teardown_taskflow.py
[2026-06-03T12:18:49.243+0000] {processor.py:830} INFO - Processing file /home/airflow/.local/lib/python3.8/site-packages/airflow/example_dags/example_setup_teardown_taskflow.py for tasks to queue
[2026-06-03T12:18:49.245+0000] {logging_mixin.py:188} INFO - [2026-06-03T12:18:49.245+0000] {dagbag.py:538} INFO - Filling up the DagBag from /home/airflow/.local/lib/python3.8/site-packages/airflow/example_dags/example_setup_teardown_taskflow.py
[2026-06-03T12:18:49.250+0000] {processor.py:840} INFO - DAG(s) 'example_setup_teardown_taskflow' retrieved from /home/airflow/.local/lib/python3.8/site-packages/airflow/example_dags/example_setup_teardown_taskflow.py
[2026-06-03T12:18:49.269+0000] {logging_mixin.py:188} INFO - [2026-06-03T12:18:49.269+0000] {dag.py:3033} INFO - Sync 1 DAGs
[2026-06-03T12:18:49.278+0000] {logging_mixin.py:188} INFO - [2026-06-03T12:18:49.278+0000] {dag.py:3820} INFO - Setting next_dagrun for example_setup_teardown_taskflow to 2026-06-02T00:00:00+00:00, run_after=2026-06-03T00:00:00+00:00
[2026-06-03T12:18:49.285+0000] {processor.py:183} INFO - Processing /home/airflow/.local/lib/python3.8/site-packages/airflow/example_dags/example_setup_teardown_taskflow.py took 0.047 seconds
[2026-06-03T12:19:20.211+0000] {processor.py:161} INFO - Started process (PID=3424) to work on /home/airflow/.local/lib/python3.8/site-packages/airflow/example_dags/example_setup_teardown_taskflow.py
[2026-06-03T12:19:20.212+0000] {processor.py:830} INFO - Processing file /home/airflow/.local/lib/python3.8/site-packages/airflow/example_dags/example_setup_teardown_taskflow.py for tasks to queue
[2026-06-03T12:19:20.213+0000] {logging_mixin.py:188} INFO - [2026-06-03T12:19:20.213+0000] {dagbag.py:538} INFO - Filling up the DagBag from /home/airflow/.local/lib/python3.8/site-packages/airflow/example_dags/example_setup_teardown_taskflow.py
[2026-06-03T12:19:20.219+0000] {processor.py:840} INFO - DAG(s) 'example_setup_teardown_taskflow' retrieved from /home/airflow/.local/lib/python3.8/site-packages/airflow/example_dags/example_setup_teardown_taskflow.py
[2026-06-03T12:19:20.230+0000] {logging_mixin.py:188} INFO - [2026-06-03T12:19:20.230+0000] {dag.py:3033} INFO - Sync 1 DAGs
[2026-06-03T12:19:20.240+0000] {logging_mixin.py:188} INFO - [2026-06-03T12:19:20.240+0000] {dag.py:3820} INFO - Setting next_dagrun for example_setup_teardown_taskflow to 2026-06-02T00:00:00+00:00, run_after=2026-06-03T00:00:00+00:00
[2026-06-03T12:19:20.252+0000] {processor.py:183} INFO - Processing /home/airflow/.local/lib/python3.8/site-packages/airflow/example_dags/example_setup_teardown_taskflow.py took 0.042 seconds
[2026-06-03T12:19:51.218+0000] {processor.py:161} INFO - Started process (PID=3481) to work on /home/airflow/.local/lib/python3.8/site-packages/airflow/example_dags/example_setup_teardown_taskflow.py
[2026-06-03T12:19:51.218+0000] {processor.py:830} INFO - Processing file /home/airflow/.local/lib/python3.8/site-packages/airflow/example_dags/example_setup_teardown_taskflow.py for tasks to queue
[2026-06-03T12:19:51.219+0000] {logging_mixin.py:188} INFO - [2026-06-03T12:19:51.219+0000] {dagbag.py:538} INFO - Filling up the DagBag from /home/airflow/.local/lib/python3.8/site-packages/airflow/example_dags/example_setup_teardown_taskflow.py
[2026-06-03T12:19:51.225+0000] {processor.py:840} INFO - DAG(s) 'example_setup_teardown_taskflow' retrieved from /home/airflow/.local/lib/python3.8/site-packages/airflow/example_dags/example_setup_teardown_taskflow.py
[2026-06-03T12:19:51.240+0000] {logging_mixin.py:188} INFO - [2026-06-03T12:19:51.240+0000] {dag.py:3033} INFO - Sync 1 DAGs
[2026-06-03T12:19:51.258+0000] {logging_mixin.py:188} INFO - [2026-06-03T12:19:51.258+0000] {dag.py:3820} INFO - Setting next_dagrun for example_setup_teardown_taskflow to 2026-06-02T00:00:00+00:00, run_after=2026-06-03T00:00:00+00:00
[2026-06-03T12:19:51.275+0000] {processor.py:183} INFO - Processing /home/airflow/.local/lib/python3.8/site-packages/airflow/example_dags/example_setup_teardown_taskflow.py took 0.060 seconds
[2026-06-03T12:20:21.331+0000] {processor.py:161} INFO - Started process (PID=3537) to work on /home/airflow/.local/lib/python3.8/site-packages/airflow/example_dags/example_setup_teardown_taskflow.py
[2026-06-03T12:20:21.333+0000] {processor.py:830} INFO - Processing file /home/airflow/.local/lib/python3.8/site-packages/airflow/example_dags/example_setup_teardown_taskflow.py for tasks to queue
[2026-06-03T12:20:21.333+0000] {logging_mixin.py:188} INFO - [2026-06-03T12:20:21.333+0000] {dagbag.py:538} INFO - Filling up the DagBag from /home/airflow/.local/lib/python3.8/site-packages/airflow/example_dags/example_setup_teardown_taskflow.py
[2026-06-03T12:20:21.338+0000] {processor.py:840} INFO - DAG(s) 'example_setup_teardown_taskflow' retrieved from /home/airflow/.local/lib/python3.8/site-packages/airflow/example_dags/example_setup_teardown_taskflow.py
[2026-06-03T12:20:21.347+0000] {logging_mixin.py:188} INFO - [2026-06-03T12:20:21.347+0000] {dag.py:3033} INFO - Sync 1 DAGs
[2026-06-03T12:20:21.356+0000] {logging_mixin.py:188} INFO - [2026-06-03T12:20:21.356+0000] {dag.py:3820} INFO - Setting next_dagrun for example_setup_teardown_taskflow to 2026-06-02T00:00:00+00:00, run_after=2026-06-03T00:00:00+00:00
[2026-06-03T12:20:21.368+0000] {processor.py:183} INFO - Processing /home/airflow/.local/lib/python3.8/site-packages/airflow/example_dags/example_setup_teardown_taskflow.py took 0.038 seconds
[2026-06-03T12:20:52.315+0000] {processor.py:161} INFO - Started process (PID=3594) to work on /home/airflow/.local/lib/python3.8/site-packages/airflow/example_dags/example_setup_teardown_taskflow.py
[2026-06-03T12:20:52.316+0000] {processor.py:830} INFO - Processing file /home/airflow/.local/lib/python3.8/site-packages/airflow/example_dags/example_setup_teardown_taskflow.py for tasks to queue
[2026-06-03T12:20:52.317+0000] {logging_mixin.py:188} INFO - [2026-06-03T12:20:52.317+0000] {dagbag.py:538} INFO - Filling up the DagBag from /home/airflow/.local/lib/python3.8/site-packages/airflow/example_dags/example_setup_teardown_taskflow.py
[2026-06-03T12:20:52.322+0000] {processor.py:840} INFO - DAG(s) 'example_setup_teardown_taskflow' retrieved from /home/airflow/.local/lib/python3.8/site-packages/airflow/example_dags/example_setup_teardown_taskflow.py
[2026-06-03T12:20:52.333+0000] {logging_mixin.py:188} INFO - [2026-06-03T12:20:52.333+0000] {dag.py:3033} INFO - Sync 1 DAGs
[2026-06-03T12:20:52.345+0000] {logging_mixin.py:188} INFO - [2026-06-03T12:20:52.345+0000] {dag.py:3820} INFO - Setting next_dagrun for example_setup_teardown_taskflow to 2026-06-02T00:00:00+00:00, run_after=2026-06-03T00:00:00+00:00
[2026-06-03T12:20:52.357+0000] {processor.py:183} INFO - Processing /home/airflow/.local/lib/python3.8/site-packages/airflow/example_dags/example_setup_teardown_taskflow.py took 0.044 seconds
[2026-06-03T12:21:22.761+0000] {processor.py:161} INFO - Started process (PID=3650) to work on /home/airflow/.local/lib/python3.8/site-packages/airflow/example_dags/example_setup_teardown_taskflow.py
[2026-06-03T12:21:22.762+0000] {processor.py:830} INFO - Processing file /home/airflow/.local/lib/python3.8/site-packages/airflow/example_dags/example_setup_teardown_taskflow.py for tasks to queue
[2026-06-03T12:21:22.764+0000] {logging_mixin.py:188} INFO - [2026-06-03T12:21:22.764+0000] {dagbag.py:538} INFO - Filling up the DagBag from /home/airflow/.local/lib/python3.8/site-packages/airflow/example_dags/example_setup_teardown_taskflow.py
[2026-06-03T12:21:22.770+0000] {processor.py:840} INFO - DAG(s) 'example_setup_teardown_taskflow' retrieved from /home/airflow/.local/lib/python3.8/site-packages/airflow/example_dags/example_setup_teardown_taskflow.py
[2026-06-03T12:21:22.780+0000] {logging_mixin.py:188} INFO - [2026-06-03T12:21:22.780+0000] {dag.py:3033} INFO - Sync 1 DAGs
[2026-06-03T12:21:22.792+0000] {logging_mixin.py:188} INFO - [2026-06-03T12:21:22.792+0000] {dag.py:3820} INFO - Setting next_dagrun for example_setup_teardown_taskflow to 2026-06-02T00:00:00+00:00, run_after=2026-06-03T00:00:00+00:00
[2026-06-03T12:21:22.806+0000] {processor.py:183} INFO - Processing /home/airflow/.local/lib/python3.8/site-packages/airflow/example_dags/example_setup_teardown_taskflow.py took 0.046 seconds
[2026-06-03T12:21:53.498+0000] {processor.py:161} INFO - Started process (PID=3706) to work on /home/airflow/.local/lib/python3.8/site-packages/airflow/example_dags/example_setup_teardown_taskflow.py
[2026-06-03T12:21:53.499+0000] {processor.py:830} INFO - Processing file /home/airflow/.local/lib/python3.8/site-packages/airflow/example_dags/example_setup_teardown_taskflow.py for tasks to queue
[2026-06-03T12:21:53.501+0000] {logging_mixin.py:188} INFO - [2026-06-03T12:21:53.501+0000] {dagbag.py:538} INFO - Filling up the DagBag from /home/airflow/.local/lib/python3.8/site-packages/airflow/example_dags/example_setup_teardown_taskflow.py
[2026-06-03T12:21:53.509+0000] {processor.py:840} INFO - DAG(s) 'example_setup_teardown_taskflow' retrieved from /home/airflow/.local/lib/python3.8/site-packages/airflow/example_dags/example_setup_teardown_taskflow.py
[2026-06-03T12:21:53.528+0000] {logging_mixin.py:188} INFO - [2026-06-03T12:21:53.528+0000] {dag.py:3033} INFO - Sync 1 DAGs
[2026-06-03T12:21:53.549+0000] {logging_mixin.py:188} INFO - [2026-06-03T12:21:53.549+0000] {dag.py:3820} INFO - Setting next_dagrun for example_setup_teardown_taskflow to 2026-06-02T00:00:00+00:00, run_after=2026-06-03T00:00:00+00:00
[2026-06-03T12:21:53.564+0000] {processor.py:183} INFO - Processing /home/airflow/.local/lib/python3.8/site-packages/airflow/example_dags/example_setup_teardown_taskflow.py took 0.074 seconds
[2026-06-03T12:22:24.301+0000] {processor.py:161} INFO - Started process (PID=3762) to work on /home/airflow/.local/lib/python3.8/site-packages/airflow/example_dags/example_setup_teardown_taskflow.py
[2026-06-03T12:22:24.302+0000] {processor.py:830} INFO - Processing file /home/airflow/.local/lib/python3.8/site-packages/airflow/example_dags/example_setup_teardown_taskflow.py for tasks to queue
[2026-06-03T12:22:24.303+0000] {logging_mixin.py:188} INFO - [2026-06-03T12:22:24.303+0000] {dagbag.py:538} INFO - Filling up the DagBag from /home/airflow/.local/lib/python3.8/site-packages/airflow/example_dags/example_setup_teardown_taskflow.py
[2026-06-03T12:22:24.308+0000] {processor.py:840} INFO - DAG(s) 'example_setup_teardown_taskflow' retrieved from /home/airflow/.local/lib/python3.8/site-packages/airflow/example_dags/example_setup_teardown_taskflow.py
[2026-06-03T12:22:24.320+0000] {logging_mixin.py:188} INFO - [2026-06-03T12:22:24.320+0000] {dag.py:3033} INFO - Sync 1 DAGs
[2026-06-03T12:22:24.329+0000] {logging_mixin.py:188} INFO - [2026-06-03T12:22:24.329+0000] {dag.py:3820} INFO - Setting next_dagrun for example_setup_teardown_taskflow to 2026-06-02T00:00:00+00:00, run_after=2026-06-03T00:00:00+00:00
[2026-06-03T12:22:24.342+0000] {processor.py:183} INFO - Processing /home/airflow/.local/lib/python3.8/site-packages/airflow/example_dags/example_setup_teardown_taskflow.py took 0.043 seconds
[2026-06-03T12:22:55.209+0000] {processor.py:161} INFO - Started process (PID=3818) to work on /home/airflow/.local/lib/python3.8/site-packages/airflow/example_dags/example_setup_teardown_taskflow.py
[2026-06-03T12:22:55.209+0000] {processor.py:830} INFO - Processing file /home/airflow/.local/lib/python3.8/site-packages/airflow/example_dags/example_setup_teardown_taskflow.py for tasks to queue
[2026-06-03T12:22:55.211+0000] {logging_mixin.py:188} INFO - [2026-06-03T12:22:55.210+0000] {dagbag.py:538} INFO - Filling up the DagBag from /home/airflow/.local/lib/python3.8/site-packages/airflow/example_dags/example_setup_teardown_taskflow.py
[2026-06-03T12:22:55.215+0000] {processor.py:840} INFO - DAG(s) 'example_setup_teardown_taskflow' retrieved from /home/airflow/.local/lib/python3.8/site-packages/airflow/example_dags/example_setup_teardown_taskflow.py
[2026-06-03T12:22:55.224+0000] {logging_mixin.py:188} INFO - [2026-06-03T12:22:55.224+0000] {dag.py:3033} INFO - Sync 1 DAGs
[2026-06-03T12:22:55.235+0000] {logging_mixin.py:188} INFO - [2026-06-03T12:22:55.235+0000] {dag.py:3820} INFO - Setting next_dagrun for example_setup_teardown_taskflow to 2026-06-02T00:00:00+00:00, run_after=2026-06-03T00:00:00+00:00
[2026-06-03T12:22:55.245+0000] {processor.py:183} INFO - Processing /home/airflow/.local/lib/python3.8/site-packages/airflow/example_dags/example_setup_teardown_taskflow.py took 0.038 seconds
[2026-06-03T12:23:25.612+0000] {processor.py:161} INFO - Started process (PID=3874) to work on /home/airflow/.local/lib/python3.8/site-packages/airflow/example_dags/example_setup_teardown_taskflow.py
[2026-06-03T12:23:25.614+0000] {processor.py:830} INFO - Processing file /home/airflow/.local/lib/python3.8/site-packages/airflow/example_dags/example_setup_teardown_taskflow.py for tasks to queue
[2026-06-03T12:23:25.618+0000] {logging_mixin.py:188} INFO - [2026-06-03T12:23:25.617+0000] {dagbag.py:538} INFO - Filling up the DagBag from /home/airflow/.local/lib/python3.8/site-packages/airflow/example_dags/example_setup_teardown_taskflow.py
[2026-06-03T12:23:25.624+0000] {processor.py:840} INFO - DAG(s) 'example_setup_teardown_taskflow' retrieved from /home/airflow/.local/lib/python3.8/site-packages/airflow/example_dags/example_setup_teardown_taskflow.py
[2026-06-03T12:23:25.634+0000] {logging_mixin.py:188} INFO - [2026-06-03T12:23:25.634+0000] {dag.py:3033} INFO - Sync 1 DAGs
[2026-06-03T12:23:25.644+0000] {logging_mixin.py:188} INFO - [2026-06-03T12:23:25.644+0000] {dag.py:3820} INFO - Setting next_dagrun for example_setup_teardown_taskflow to 2026-06-02T00:00:00+00:00, run_after=2026-06-03T00:00:00+00:00
[2026-06-03T12:23:25.657+0000] {processor.py:183} INFO - Processing /home/airflow/.local/lib/python3.8/site-packages/airflow/example_dags/example_setup_teardown_taskflow.py took 0.047 seconds
[2026-06-03T12:23:56.051+0000] {processor.py:161} INFO - Started process (PID=3930) to work on /home/airflow/.local/lib/python3.8/site-packages/airflow/example_dags/example_setup_teardown_taskflow.py
[2026-06-03T12:23:56.052+0000] {processor.py:830} INFO - Processing file /home/airflow/.local/lib/python3.8/site-packages/airflow/example_dags/example_setup_teardown_taskflow.py for tasks to queue
[2026-06-03T12:23:56.053+0000] {logging_mixin.py:188} INFO - [2026-06-03T12:23:56.053+0000] {dagbag.py:538} INFO - Filling up the DagBag from /home/airflow/.local/lib/python3.8/site-packages/airflow/example_dags/example_setup_teardown_taskflow.py
[2026-06-03T12:23:56.061+0000] {processor.py:840} INFO - DAG(s) 'example_setup_teardown_taskflow' retrieved from /home/airflow/.local/lib/python3.8/site-packages/airflow/example_dags/example_setup_teardown_taskflow.py
[2026-06-03T12:23:56.088+0000] {logging_mixin.py:188} INFO - [2026-06-03T12:23:56.087+0000] {dag.py:3033} INFO - Sync 1 DAGs
[2026-06-03T12:23:56.105+0000] {logging_mixin.py:188} INFO - [2026-06-03T12:23:56.105+0000] {dag.py:3820} INFO - Setting next_dagrun for example_setup_teardown_taskflow to 2026-06-02T00:00:00+00:00, run_after=2026-06-03T00:00:00+00:00
[2026-06-03T12:23:56.124+0000] {processor.py:183} INFO - Processing /home/airflow/.local/lib/python3.8/site-packages/airflow/example_dags/example_setup_teardown_taskflow.py took 0.074 seconds
[2026-06-03T12:24:26.971+0000] {processor.py:161} INFO - Started process (PID=3986) to work on /home/airflow/.local/lib/python3.8/site-packages/airflow/example_dags/example_setup_teardown_taskflow.py
[2026-06-03T12:24:26.971+0000] {processor.py:830} INFO - Processing file /home/airflow/.local/lib/python3.8/site-packages/airflow/example_dags/example_setup_teardown_taskflow.py for tasks to queue
[2026-06-03T12:24:26.972+0000] {logging_mixin.py:188} INFO - [2026-06-03T12:24:26.972+0000] {dagbag.py:538} INFO - Filling up the DagBag from /home/airflow/.local/lib/python3.8/site-packages/airflow/example_dags/example_setup_teardown_taskflow.py
[2026-06-03T12:24:26.977+0000] {processor.py:840} INFO - DAG(s) 'example_setup_teardown_taskflow' retrieved from /home/airflow/.local/lib/python3.8/site-packages/airflow/example_dags/example_setup_teardown_taskflow.py
[2026-06-03T12:24:26.989+0000] {logging_mixin.py:188} INFO - [2026-06-03T12:24:26.989+0000] {dag.py:3033} INFO - Sync 1 DAGs
[2026-06-03T12:24:27.005+0000] {logging_mixin.py:188} INFO - [2026-06-03T12:24:27.005+0000] {dag.py:3820} INFO - Setting next_dagrun for example_setup_teardown_taskflow to 2026-06-02T00:00:00+00:00, run_after=2026-06-03T00:00:00+00:00
[2026-06-03T12:24:27.018+0000] {processor.py:183} INFO - Processing /home/airflow/.local/lib/python3.8/site-packages/airflow/example_dags/example_setup_teardown_taskflow.py took 0.049 seconds
[2026-06-03T12:24:57.441+0000] {processor.py:161} INFO - Started process (PID=4042) to work on /home/airflow/.local/lib/python3.8/site-packages/airflow/example_dags/example_setup_teardown_taskflow.py
[2026-06-03T12:24:57.441+0000] {processor.py:830} INFO - Processing file /home/airflow/.local/lib/python3.8/site-packages/airflow/example_dags/example_setup_teardown_taskflow.py for tasks to queue
[2026-06-03T12:24:57.442+0000] {logging_mixin.py:188} INFO - [2026-06-03T12:24:57.442+0000] {dagbag.py:538} INFO - Filling up the DagBag from /home/airflow/.local/lib/python3.8/site-packages/airflow/example_dags/example_setup_teardown_taskflow.py
[2026-06-03T12:24:57.446+0000] {processor.py:840} INFO - DAG(s) 'example_setup_teardown_taskflow' retrieved from /home/airflow/.local/lib/python3.8/site-packages/airflow/example_dags/example_setup_teardown_taskflow.py
[2026-06-03T12:24:57.455+0000] {logging_mixin.py:188} INFO - [2026-06-03T12:24:57.455+0000] {dag.py:3033} INFO - Sync 1 DAGs
[2026-06-03T12:24:57.462+0000] {logging_mixin.py:188} INFO - [2026-06-03T12:24:57.462+0000] {dag.py:3820} INFO - Setting next_dagrun for example_setup_teardown_taskflow to 2026-06-02T00:00:00+00:00, run_after=2026-06-03T00:00:00+00:00
[2026-06-03T12:24:57.468+0000] {processor.py:183} INFO - Processing /home/airflow/.local/lib/python3.8/site-packages/airflow/example_dags/example_setup_teardown_taskflow.py took 0.029 seconds
[2026-06-03T12:25:27.899+0000] {processor.py:161} INFO - Started process (PID=4098) to work on /home/airflow/.local/lib/python3.8/site-packages/airflow/example_dags/example_setup_teardown_taskflow.py
[2026-06-03T12:25:27.900+0000] {processor.py:830} INFO - Processing file /home/airflow/.local/lib/python3.8/site-packages/airflow/example_dags/example_setup_teardown_taskflow.py for tasks to queue
[2026-06-03T12:25:27.902+0000] {logging_mixin.py:188} INFO - [2026-06-03T12:25:27.902+0000] {dagbag.py:538} INFO - Filling up the DagBag from /home/airflow/.local/lib/python3.8/site-packages/airflow/example_dags/example_setup_teardown_taskflow.py
[2026-06-03T12:25:27.907+0000] {processor.py:840} INFO - DAG(s) 'example_setup_teardown_taskflow' retrieved from /home/airflow/.local/lib/python3.8/site-packages/airflow/example_dags/example_setup_teardown_taskflow.py
[2026-06-03T12:25:27.921+0000] {logging_mixin.py:188} INFO - [2026-06-03T12:25:27.921+0000] {dag.py:3033} INFO - Sync 1 DAGs
[2026-06-03T12:25:27.932+0000] {logging_mixin.py:188} INFO - [2026-06-03T12:25:27.932+0000] {dag.py:3820} INFO - Setting next_dagrun for example_setup_teardown_taskflow to 2026-06-02T00:00:00+00:00, run_after=2026-06-03T00:00:00+00:00
[2026-06-03T12:25:27.946+0000] {processor.py:183} INFO - Processing /home/airflow/.local/lib/python3.8/site-packages/airflow/example_dags/example_setup_teardown_taskflow.py took 0.049 seconds
[2026-06-03T12:25:58.095+0000] {processor.py:161} INFO - Started process (PID=4154) to work on /home/airflow/.local/lib/python3.8/site-packages/airflow/example_dags/example_setup_teardown_taskflow.py
[2026-06-03T12:25:58.095+0000] {processor.py:830} INFO - Processing file /home/airflow/.local/lib/python3.8/site-packages/airflow/example_dags/example_setup_teardown_taskflow.py for tasks to queue
[2026-06-03T12:25:58.096+0000] {logging_mixin.py:188} INFO - [2026-06-03T12:25:58.096+0000] {dagbag.py:538} INFO - Filling up the DagBag from /home/airflow/.local/lib/python3.8/site-packages/airflow/example_dags/example_setup_teardown_taskflow.py
[2026-06-03T12:25:58.101+0000] {processor.py:840} INFO - DAG(s) 'example_setup_teardown_taskflow' retrieved from /home/airflow/.local/lib/python3.8/site-packages/airflow/example_dags/example_setup_teardown_taskflow.py
[2026-06-03T12:25:58.110+0000] {logging_mixin.py:188} INFO - [2026-06-03T12:25:58.110+0000] {dag.py:3033} INFO - Sync 1 DAGs
[2026-06-03T12:25:58.119+0000] {logging_mixin.py:188} INFO - [2026-06-03T12:25:58.119+0000] {dag.py:3820} INFO - Setting next_dagrun for example_setup_teardown_taskflow to 2026-06-02T00:00:00+00:00, run_after=2026-06-03T00:00:00+00:00
[2026-06-03T12:25:58.133+0000] {processor.py:183} INFO - Processing /home/airflow/.local/lib/python3.8/site-packages/airflow/example_dags/example_setup_teardown_taskflow.py took 0.040 seconds
[2026-06-03T12:26:28.329+0000] {processor.py:161} INFO - Started process (PID=4210) to work on /home/airflow/.local/lib/python3.8/site-packages/airflow/example_dags/example_setup_teardown_taskflow.py
[2026-06-03T12:26:28.330+0000] {processor.py:830} INFO - Processing file /home/airflow/.local/lib/python3.8/site-packages/airflow/example_dags/example_setup_teardown_taskflow.py for tasks to queue
[2026-06-03T12:26:28.332+0000] {logging_mixin.py:188} INFO - [2026-06-03T12:26:28.332+0000] {dagbag.py:538} INFO - Filling up the DagBag from /home/airflow/.local/lib/python3.8/site-packages/airflow/example_dags/example_setup_teardown_taskflow.py
[2026-06-03T12:26:28.337+0000] {processor.py:840} INFO - DAG(s) 'example_setup_teardown_taskflow' retrieved from /home/airflow/.local/lib/python3.8/site-packages/airflow/example_dags/example_setup_teardown_taskflow.py
[2026-06-03T12:26:28.349+0000] {logging_mixin.py:188} INFO - [2026-06-03T12:26:28.348+0000] {dag.py:3033} INFO - Sync 1 DAGs
[2026-06-03T12:26:28.357+0000] {logging_mixin.py:188} INFO - [2026-06-03T12:26:28.357+0000] {dag.py:3820} INFO - Setting next_dagrun for example_setup_teardown_taskflow to 2026-06-02T00:00:00+00:00, run_after=2026-06-03T00:00:00+00:00
[2026-06-03T12:26:28.367+0000] {processor.py:183} INFO - Processing /home/airflow/.local/lib/python3.8/site-packages/airflow/example_dags/example_setup_teardown_taskflow.py took 0.041 seconds
[2026-06-03T12:26:58.584+0000] {processor.py:161} INFO - Started process (PID=4266) to work on /home/airflow/.local/lib/python3.8/site-packages/airflow/example_dags/example_setup_teardown_taskflow.py
[2026-06-03T12:26:58.584+0000] {processor.py:830} INFO - Processing file /home/airflow/.local/lib/python3.8/site-packages/airflow/example_dags/example_setup_teardown_taskflow.py for tasks to queue
[2026-06-03T12:26:58.585+0000] {logging_mixin.py:188} INFO - [2026-06-03T12:26:58.585+0000] {dagbag.py:538} INFO - Filling up the DagBag from /home/airflow/.local/lib/python3.8/site-packages/airflow/example_dags/example_setup_teardown_taskflow.py
[2026-06-03T12:26:58.590+0000] {processor.py:840} INFO - DAG(s) 'example_setup_teardown_taskflow' retrieved from /home/airflow/.local/lib/python3.8/site-packages/airflow/example_dags/example_setup_teardown_taskflow.py
[2026-06-03T12:26:58.604+0000] {logging_mixin.py:188} INFO - [2026-06-03T12:26:58.604+0000] {dag.py:3033} INFO - Sync 1 DAGs
[2026-06-03T12:26:58.614+0000] {logging_mixin.py:188} INFO - [2026-06-03T12:26:58.614+0000] {dag.py:3820} INFO - Setting next_dagrun for example_setup_teardown_taskflow to 2026-06-02T00:00:00+00:00, run_after=2026-06-03T00:00:00+00:00
[2026-06-03T12:26:58.626+0000] {processor.py:183} INFO - Processing /home/airflow/.local/lib/python3.8/site-packages/airflow/example_dags/example_setup_teardown_taskflow.py took 0.044 seconds
[2026-06-03T12:27:28.797+0000] {processor.py:161} INFO - Started process (PID=4322) to work on /home/airflow/.local/lib/python3.8/site-packages/airflow/example_dags/example_setup_teardown_taskflow.py
[2026-06-03T12:27:28.798+0000] {processor.py:830} INFO - Processing file /home/airflow/.local/lib/python3.8/site-packages/airflow/example_dags/example_setup_teardown_taskflow.py for tasks to queue
[2026-06-03T12:27:28.799+0000] {logging_mixin.py:188} INFO - [2026-06-03T12:27:28.799+0000] {dagbag.py:538} INFO - Filling up the DagBag from /home/airflow/.local/lib/python3.8/site-packages/airflow/example_dags/example_setup_teardown_taskflow.py
[2026-06-03T12:27:28.803+0000] {processor.py:840} INFO - DAG(s) 'example_setup_teardown_taskflow' retrieved from /home/airflow/.local/lib/python3.8/site-packages/airflow/example_dags/example_setup_teardown_taskflow.py
[2026-06-03T12:27:28.815+0000] {logging_mixin.py:188} INFO - [2026-06-03T12:27:28.815+0000] {dag.py:3033} INFO - Sync 1 DAGs
[2026-06-03T12:27:28.824+0000] {logging_mixin.py:188} INFO - [2026-06-03T12:27:28.823+0000] {dag.py:3820} INFO - Setting next_dagrun for example_setup_teardown_taskflow to 2026-06-02T00:00:00+00:00, run_after=2026-06-03T00:00:00+00:00
[2026-06-03T12:27:28.833+0000] {processor.py:183} INFO - Processing /home/airflow/.local/lib/python3.8/site-packages/airflow/example_dags/example_setup_teardown_taskflow.py took 0.038 seconds
[2026-06-03T12:27:59.019+0000] {processor.py:161} INFO - Started process (PID=4378) to work on /home/airflow/.local/lib/python3.8/site-packages/airflow/example_dags/example_setup_teardown_taskflow.py
[2026-06-03T12:27:59.020+0000] {processor.py:830} INFO - Processing file /home/airflow/.local/lib/python3.8/site-packages/airflow/example_dags/example_setup_teardown_taskflow.py for tasks to queue
[2026-06-03T12:27:59.021+0000] {logging_mixin.py:188} INFO - [2026-06-03T12:27:59.021+0000] {dagbag.py:538} INFO - Filling up the DagBag from /home/airflow/.local/lib/python3.8/site-packages/airflow/example_dags/example_setup_teardown_taskflow.py
[2026-06-03T12:27:59.025+0000] {processor.py:840} INFO - DAG(s) 'example_setup_teardown_taskflow' retrieved from /home/airflow/.local/lib/python3.8/site-packages/airflow/example_dags/example_setup_teardown_taskflow.py
[2026-06-03T12:27:59.037+0000] {logging_mixin.py:188} INFO - [2026-06-03T12:27:59.035+0000] {dag.py:3033} INFO - Sync 1 DAGs
[2026-06-03T12:27:59.046+0000] {logging_mixin.py:188} INFO - [2026-06-03T12:27:59.046+0000] {dag.py:3820} INFO - Setting next_dagrun for example_setup_teardown_taskflow to 2026-06-02T00:00:00+00:00, run_after=2026-06-03T00:00:00+00:00
[2026-06-03T12:27:59.055+0000] {processor.py:183} INFO - Processing /home/airflow/.local/lib/python3.8/site-packages/airflow/example_dags/example_setup_teardown_taskflow.py took 0.037 seconds
[2026-06-03T12:28:29.455+0000] {processor.py:161} INFO - Started process (PID=4434) to work on /home/airflow/.local/lib/python3.8/site-packages/airflow/example_dags/example_setup_teardown_taskflow.py
[2026-06-03T12:28:29.456+0000] {processor.py:830} INFO - Processing file /home/airflow/.local/lib/python3.8/site-packages/airflow/example_dags/example_setup_teardown_taskflow.py for tasks to queue
[2026-06-03T12:28:29.457+0000] {logging_mixin.py:188} INFO - [2026-06-03T12:28:29.457+0000] {dagbag.py:538} INFO - Filling up the DagBag from /home/airflow/.local/lib/python3.8/site-packages/airflow/example_dags/example_setup_teardown_taskflow.py
[2026-06-03T12:28:29.461+0000] {processor.py:840} INFO - DAG(s) 'example_setup_teardown_taskflow' retrieved from /home/airflow/.local/lib/python3.8/site-packages/airflow/example_dags/example_setup_teardown_taskflow.py
[2026-06-03T12:28:29.470+0000] {logging_mixin.py:188} INFO - [2026-06-03T12:28:29.470+0000] {dag.py:3033} INFO - Sync 1 DAGs
[2026-06-03T12:28:29.478+0000] {logging_mixin.py:188} INFO - [2026-06-03T12:28:29.478+0000] {dag.py:3820} INFO - Setting next_dagrun for example_setup_teardown_taskflow to 2026-06-02T00:00:00+00:00, run_after=2026-06-03T00:00:00+00:00
[2026-06-03T12:28:29.489+0000] {processor.py:183} INFO - Processing /home/airflow/.local/lib/python3.8/site-packages/airflow/example_dags/example_setup_teardown_taskflow.py took 0.036 seconds
[2026-06-03T12:28:59.761+0000] {processor.py:161} INFO - Started process (PID=4490) to work on /home/airflow/.local/lib/python3.8/site-packages/airflow/example_dags/example_setup_teardown_taskflow.py
[2026-06-03T12:28:59.762+0000] {processor.py:830} INFO - Processing file /home/airflow/.local/lib/python3.8/site-packages/airflow/example_dags/example_setup_teardown_taskflow.py for tasks to queue
[2026-06-03T12:28:59.763+0000] {logging_mixin.py:188} INFO - [2026-06-03T12:28:59.763+0000] {dagbag.py:538} INFO - Filling up the DagBag from /home/airflow/.local/lib/python3.8/site-packages/airflow/example_dags/example_setup_teardown_taskflow.py
[2026-06-03T12:28:59.769+0000] {processor.py:840} INFO - DAG(s) 'example_setup_teardown_taskflow' retrieved from /home/airflow/.local/lib/python3.8/site-packages/airflow/example_dags/example_setup_teardown_taskflow.py
[2026-06-03T12:28:59.788+0000] {logging_mixin.py:188} INFO - [2026-06-03T12:28:59.788+0000] {dag.py:3033} INFO - Sync 1 DAGs
[2026-06-03T12:28:59.803+0000] {logging_mixin.py:188} INFO - [2026-06-03T12:28:59.802+0000] {dag.py:3820} INFO - Setting next_dagrun for example_setup_teardown_taskflow to 2026-06-02T00:00:00+00:00, run_after=2026-06-03T00:00:00+00:00
[2026-06-03T12:28:59.817+0000] {processor.py:183} INFO - Processing /home/airflow/.local/lib/python3.8/site-packages/airflow/example_dags/example_setup_teardown_taskflow.py took 0.058 seconds
[2026-06-03T12:29:30.238+0000] {processor.py:161} INFO - Started process (PID=4546) to work on /home/airflow/.local/lib/python3.8/site-packages/airflow/example_dags/example_setup_teardown_taskflow.py
[2026-06-03T12:29:30.241+0000] {processor.py:830} INFO - Processing file /home/airflow/.local/lib/python3.8/site-packages/airflow/example_dags/example_setup_teardown_taskflow.py for tasks to queue
[2026-06-03T12:29:30.242+0000] {logging_mixin.py:188} INFO - [2026-06-03T12:29:30.242+0000] {dagbag.py:538} INFO - Filling up the DagBag from /home/airflow/.local/lib/python3.8/site-packages/airflow/example_dags/example_setup_teardown_taskflow.py
[2026-06-03T12:29:30.251+0000] {processor.py:840} INFO - DAG(s) 'example_setup_teardown_taskflow' retrieved from /home/airflow/.local/lib/python3.8/site-packages/airflow/example_dags/example_setup_teardown_taskflow.py
[2026-06-03T12:29:30.266+0000] {logging_mixin.py:188} INFO - [2026-06-03T12:29:30.266+0000] {dag.py:3033} INFO - Sync 1 DAGs
[2026-06-03T12:29:30.279+0000] {logging_mixin.py:188} INFO - [2026-06-03T12:29:30.279+0000] {dag.py:3820} INFO - Setting next_dagrun for example_setup_teardown_taskflow to 2026-06-02T00:00:00+00:00, run_after=2026-06-03T00:00:00+00:00
[2026-06-03T12:29:30.294+0000] {processor.py:183} INFO - Processing /home/airflow/.local/lib/python3.8/site-packages/airflow/example_dags/example_setup_teardown_taskflow.py took 0.059 seconds
[2026-06-03T12:30:00.767+0000] {processor.py:161} INFO - Started process (PID=4601) to work on /home/airflow/.local/lib/python3.8/site-packages/airflow/example_dags/example_setup_teardown_taskflow.py
[2026-06-03T12:30:00.767+0000] {processor.py:830} INFO - Processing file /home/airflow/.local/lib/python3.8/site-packages/airflow/example_dags/example_setup_teardown_taskflow.py for tasks to queue
[2026-06-03T12:30:00.770+0000] {logging_mixin.py:188} INFO - [2026-06-03T12:30:00.770+0000] {dagbag.py:538} INFO - Filling up the DagBag from /home/airflow/.local/lib/python3.8/site-packages/airflow/example_dags/example_setup_teardown_taskflow.py
[2026-06-03T12:30:00.776+0000] {processor.py:840} INFO - DAG(s) 'example_setup_teardown_taskflow' retrieved from /home/airflow/.local/lib/python3.8/site-packages/airflow/example_dags/example_setup_teardown_taskflow.py
[2026-06-03T12:30:00.789+0000] {logging_mixin.py:188} INFO - [2026-06-03T12:30:00.789+0000] {dag.py:3033} INFO - Sync 1 DAGs
[2026-06-03T12:30:00.803+0000] {logging_mixin.py:188} INFO - [2026-06-03T12:30:00.803+0000] {dag.py:3820} INFO - Setting next_dagrun for example_setup_teardown_taskflow to 2026-06-02T00:00:00+00:00, run_after=2026-06-03T00:00:00+00:00
[2026-06-03T12:30:00.816+0000] {processor.py:183} INFO - Processing /home/airflow/.local/lib/python3.8/site-packages/airflow/example_dags/example_setup_teardown_taskflow.py took 0.051 seconds
[2026-06-03T12:30:31.382+0000] {processor.py:161} INFO - Started process (PID=4657) to work on /home/airflow/.local/lib/python3.8/site-packages/airflow/example_dags/example_setup_teardown_taskflow.py
[2026-06-03T12:30:31.384+0000] {processor.py:830} INFO - Processing file /home/airflow/.local/lib/python3.8/site-packages/airflow/example_dags/example_setup_teardown_taskflow.py for tasks to queue
[2026-06-03T12:30:31.386+0000] {logging_mixin.py:188} INFO - [2026-06-03T12:30:31.385+0000] {dagbag.py:538} INFO - Filling up the DagBag from /home/airflow/.local/lib/python3.8/site-packages/airflow/example_dags/example_setup_teardown_taskflow.py
[2026-06-03T12:30:31.390+0000] {processor.py:840} INFO - DAG(s) 'example_setup_teardown_taskflow' retrieved from /home/airflow/.local/lib/python3.8/site-packages/airflow/example_dags/example_setup_teardown_taskflow.py
[2026-06-03T12:30:31.403+0000] {logging_mixin.py:188} INFO - [2026-06-03T12:30:31.403+0000] {dag.py:3033} INFO - Sync 1 DAGs
[2026-06-03T12:30:31.413+0000] {logging_mixin.py:188} INFO - [2026-06-03T12:30:31.413+0000] {dag.py:3820} INFO - Setting next_dagrun for example_setup_teardown_taskflow to 2026-06-02T00:00:00+00:00, run_after=2026-06-03T00:00:00+00:00
[2026-06-03T12:30:31.423+0000] {processor.py:183} INFO - Processing /home/airflow/.local/lib/python3.8/site-packages/airflow/example_dags/example_setup_teardown_taskflow.py took 0.042 seconds
[2026-06-03T12:31:01.888+0000] {processor.py:161} INFO - Started process (PID=4713) to work on /home/airflow/.local/lib/python3.8/site-packages/airflow/example_dags/example_setup_teardown_taskflow.py
[2026-06-03T12:31:01.891+0000] {processor.py:830} INFO - Processing file /home/airflow/.local/lib/python3.8/site-packages/airflow/example_dags/example_setup_teardown_taskflow.py for tasks to queue
[2026-06-03T12:31:01.893+0000] {logging_mixin.py:188} INFO - [2026-06-03T12:31:01.892+0000] {dagbag.py:538} INFO - Filling up the DagBag from /home/airflow/.local/lib/python3.8/site-packages/airflow/example_dags/example_setup_teardown_taskflow.py
[2026-06-03T12:31:01.898+0000] {processor.py:840} INFO - DAG(s) 'example_setup_teardown_taskflow' retrieved from /home/airflow/.local/lib/python3.8/site-packages/airflow/example_dags/example_setup_teardown_taskflow.py
[2026-06-03T12:31:01.910+0000] {logging_mixin.py:188} INFO - [2026-06-03T12:31:01.910+0000] {dag.py:3033} INFO - Sync 1 DAGs
[2026-06-03T12:31:01.921+0000] {logging_mixin.py:188} INFO - [2026-06-03T12:31:01.921+0000] {dag.py:3820} INFO - Setting next_dagrun for example_setup_teardown_taskflow to 2026-06-02T00:00:00+00:00, run_after=2026-06-03T00:00:00+00:00
[2026-06-03T12:31:01.931+0000] {processor.py:183} INFO - Processing /home/airflow/.local/lib/python3.8/site-packages/airflow/example_dags/example_setup_teardown_taskflow.py took 0.045 seconds
[2026-06-03T12:31:32.548+0000] {processor.py:161} INFO - Started process (PID=4769) to work on /home/airflow/.local/lib/python3.8/site-packages/airflow/example_dags/example_setup_teardown_taskflow.py
[2026-06-03T12:31:32.549+0000] {processor.py:830} INFO - Processing file /home/airflow/.local/lib/python3.8/site-packages/airflow/example_dags/example_setup_teardown_taskflow.py for tasks to queue
[2026-06-03T12:31:32.551+0000] {logging_mixin.py:188} INFO - [2026-06-03T12:31:32.551+0000] {dagbag.py:538} INFO - Filling up the DagBag from /home/airflow/.local/lib/python3.8/site-packages/airflow/example_dags/example_setup_teardown_taskflow.py
[2026-06-03T12:31:32.556+0000] {processor.py:840} INFO - DAG(s) 'example_setup_teardown_taskflow' retrieved from /home/airflow/.local/lib/python3.8/site-packages/airflow/example_dags/example_setup_teardown_taskflow.py
[2026-06-03T12:31:32.566+0000] {logging_mixin.py:188} INFO - [2026-06-03T12:31:32.566+0000] {dag.py:3033} INFO - Sync 1 DAGs
[2026-06-03T12:31:32.577+0000] {logging_mixin.py:188} INFO - [2026-06-03T12:31:32.577+0000] {dag.py:3820} INFO - Setting next_dagrun for example_setup_teardown_taskflow to 2026-06-02T00:00:00+00:00, run_after=2026-06-03T00:00:00+00:00
[2026-06-03T12:31:32.583+0000] {processor.py:183} INFO - Processing /home/airflow/.local/lib/python3.8/site-packages/airflow/example_dags/example_setup_teardown_taskflow.py took 0.037 seconds
[2026-06-03T12:32:03.507+0000] {processor.py:161} INFO - Started process (PID=4825) to work on /home/airflow/.local/lib/python3.8/site-packages/airflow/example_dags/example_setup_teardown_taskflow.py
[2026-06-03T12:32:03.509+0000] {processor.py:830} INFO - Processing file /home/airflow/.local/lib/python3.8/site-packages/airflow/example_dags/example_setup_teardown_taskflow.py for tasks to queue
[2026-06-03T12:32:03.510+0000] {logging_mixin.py:188} INFO - [2026-06-03T12:32:03.509+0000] {dagbag.py:538} INFO - Filling up the DagBag from /home/airflow/.local/lib/python3.8/site-packages/airflow/example_dags/example_setup_teardown_taskflow.py
[2026-06-03T12:32:03.516+0000] {processor.py:840} INFO - DAG(s) 'example_setup_teardown_taskflow' retrieved from /home/airflow/.local/lib/python3.8/site-packages/airflow/example_dags/example_setup_teardown_taskflow.py
[2026-06-03T12:32:03.525+0000] {logging_mixin.py:188} INFO - [2026-06-03T12:32:03.525+0000] {dag.py:3033} INFO - Sync 1 DAGs
[2026-06-03T12:32:03.537+0000] {logging_mixin.py:188} INFO - [2026-06-03T12:32:03.537+0000] {dag.py:3820} INFO - Setting next_dagrun for example_setup_teardown_taskflow to 2026-06-02T00:00:00+00:00, run_after=2026-06-03T00:00:00+00:00
[2026-06-03T12:32:03.553+0000] {processor.py:183} INFO - Processing /home/airflow/.local/lib/python3.8/site-packages/airflow/example_dags/example_setup_teardown_taskflow.py took 0.048 seconds
[2026-06-03T12:32:34.295+0000] {processor.py:161} INFO - Started process (PID=4881) to work on /home/airflow/.local/lib/python3.8/site-packages/airflow/example_dags/example_setup_teardown_taskflow.py
[2026-06-03T12:32:34.295+0000] {processor.py:830} INFO - Processing file /home/airflow/.local/lib/python3.8/site-packages/airflow/example_dags/example_setup_teardown_taskflow.py for tasks to queue
[2026-06-03T12:32:34.296+0000] {logging_mixin.py:188} INFO - [2026-06-03T12:32:34.296+0000] {dagbag.py:538} INFO - Filling up the DagBag from /home/airflow/.local/lib/python3.8/site-packages/airflow/example_dags/example_setup_teardown_taskflow.py
[2026-06-03T12:32:34.302+0000] {processor.py:840} INFO - DAG(s) 'example_setup_teardown_taskflow' retrieved from /home/airflow/.local/lib/python3.8/site-packages/airflow/example_dags/example_setup_teardown_taskflow.py
[2026-06-03T12:32:34.315+0000] {logging_mixin.py:188} INFO - [2026-06-03T12:32:34.315+0000] {dag.py:3033} INFO - Sync 1 DAGs
[2026-06-03T12:32:34.329+0000] {logging_mixin.py:188} INFO - [2026-06-03T12:32:34.329+0000] {dag.py:3820} INFO - Setting next_dagrun for example_setup_teardown_taskflow to 2026-06-02T00:00:00+00:00, run_after=2026-06-03T00:00:00+00:00
[2026-06-03T12:32:34.342+0000] {processor.py:183} INFO - Processing /home/airflow/.local/lib/python3.8/site-packages/airflow/example_dags/example_setup_teardown_taskflow.py took 0.049 seconds
[2026-06-03T12:33:04.571+0000] {processor.py:161} INFO - Started process (PID=4937) to work on /home/airflow/.local/lib/python3.8/site-packages/airflow/example_dags/example_setup_teardown_taskflow.py
[2026-06-03T12:33:04.571+0000] {processor.py:830} INFO - Processing file /home/airflow/.local/lib/python3.8/site-packages/airflow/example_dags/example_setup_teardown_taskflow.py for tasks to queue
[2026-06-03T12:33:04.572+0000] {logging_mixin.py:188} INFO - [2026-06-03T12:33:04.572+0000] {dagbag.py:538} INFO - Filling up the DagBag from /home/airflow/.local/lib/python3.8/site-packages/airflow/example_dags/example_setup_teardown_taskflow.py
[2026-06-03T12:33:04.576+0000] {processor.py:840} INFO - DAG(s) 'example_setup_teardown_taskflow' retrieved from /home/airflow/.local/lib/python3.8/site-packages/airflow/example_dags/example_setup_teardown_taskflow.py
[2026-06-03T12:33:04.591+0000] {logging_mixin.py:188} INFO - [2026-06-03T12:33:04.591+0000] {dag.py:3033} INFO - Sync 1 DAGs
[2026-06-03T12:33:04.600+0000] {logging_mixin.py:188} INFO - [2026-06-03T12:33:04.600+0000] {dag.py:3820} INFO - Setting next_dagrun for example_setup_teardown_taskflow to 2026-06-02T00:00:00+00:00, run_after=2026-06-03T00:00:00+00:00
[2026-06-03T12:33:04.612+0000] {processor.py:183} INFO - Processing /home/airflow/.local/lib/python3.8/site-packages/airflow/example_dags/example_setup_teardown_taskflow.py took 0.043 seconds
[2026-06-03T12:33:34.857+0000] {processor.py:161} INFO - Started process (PID=4993) to work on /home/airflow/.local/lib/python3.8/site-packages/airflow/example_dags/example_setup_teardown_taskflow.py
[2026-06-03T12:33:34.858+0000] {processor.py:830} INFO - Processing file /home/airflow/.local/lib/python3.8/site-packages/airflow/example_dags/example_setup_teardown_taskflow.py for tasks to queue
[2026-06-03T12:33:34.860+0000] {logging_mixin.py:188} INFO - [2026-06-03T12:33:34.860+0000] {dagbag.py:538} INFO - Filling up the DagBag from /home/airflow/.local/lib/python3.8/site-packages/airflow/example_dags/example_setup_teardown_taskflow.py
[2026-06-03T12:33:34.864+0000] {processor.py:840} INFO - DAG(s) 'example_setup_teardown_taskflow' retrieved from /home/airflow/.local/lib/python3.8/site-packages/airflow/example_dags/example_setup_teardown_taskflow.py
[2026-06-03T12:33:34.877+0000] {logging_mixin.py:188} INFO - [2026-06-03T12:33:34.877+0000] {dag.py:3033} INFO - Sync 1 DAGs
[2026-06-03T12:33:34.885+0000] {logging_mixin.py:188} INFO - [2026-06-03T12:33:34.885+0000] {dag.py:3820} INFO - Setting next_dagrun for example_setup_teardown_taskflow to 2026-06-02T00:00:00+00:00, run_after=2026-06-03T00:00:00+00:00
[2026-06-03T12:33:34.892+0000] {processor.py:183} INFO - Processing /home/airflow/.local/lib/python3.8/site-packages/airflow/example_dags/example_setup_teardown_taskflow.py took 0.036 seconds
[2026-06-03T12:34:05.293+0000] {processor.py:161} INFO - Started process (PID=5049) to work on /home/airflow/.local/lib/python3.8/site-packages/airflow/example_dags/example_setup_teardown_taskflow.py
[2026-06-03T12:34:05.294+0000] {processor.py:830} INFO - Processing file /home/airflow/.local/lib/python3.8/site-packages/airflow/example_dags/example_setup_teardown_taskflow.py for tasks to queue
[2026-06-03T12:34:05.297+0000] {logging_mixin.py:188} INFO - [2026-06-03T12:34:05.296+0000] {dagbag.py:538} INFO - Filling up the DagBag from /home/airflow/.local/lib/python3.8/site-packages/airflow/example_dags/example_setup_teardown_taskflow.py
[2026-06-03T12:34:05.303+0000] {processor.py:840} INFO - DAG(s) 'example_setup_teardown_taskflow' retrieved from /home/airflow/.local/lib/python3.8/site-packages/airflow/example_dags/example_setup_teardown_taskflow.py
[2026-06-03T12:34:05.316+0000] {logging_mixin.py:188} INFO - [2026-06-03T12:34:05.316+0000] {dag.py:3033} INFO - Sync 1 DAGs
[2026-06-03T12:34:05.329+0000] {logging_mixin.py:188} INFO - [2026-06-03T12:34:05.329+0000] {dag.py:3820} INFO - Setting next_dagrun for example_setup_teardown_taskflow to 2026-06-02T00:00:00+00:00, run_after=2026-06-03T00:00:00+00:00
[2026-06-03T12:34:05.345+0000] {processor.py:183} INFO - Processing /home/airflow/.local/lib/python3.8/site-packages/airflow/example_dags/example_setup_teardown_taskflow.py took 0.054 seconds
[2026-06-03T12:34:35.700+0000] {processor.py:161} INFO - Started process (PID=5105) to work on /home/airflow/.local/lib/python3.8/site-packages/airflow/example_dags/example_setup_teardown_taskflow.py
[2026-06-03T12:34:35.701+0000] {processor.py:830} INFO - Processing file /home/airflow/.local/lib/python3.8/site-packages/airflow/example_dags/example_setup_teardown_taskflow.py for tasks to queue
[2026-06-03T12:34:35.702+0000] {logging_mixin.py:188} INFO - [2026-06-03T12:34:35.702+0000] {dagbag.py:538} INFO - Filling up the DagBag from /home/airflow/.local/lib/python3.8/site-packages/airflow/example_dags/example_setup_teardown_taskflow.py
[2026-06-03T12:34:35.709+0000] {processor.py:840} INFO - DAG(s) 'example_setup_teardown_taskflow' retrieved from /home/airflow/.local/lib/python3.8/site-packages/airflow/example_dags/example_setup_teardown_taskflow.py
[2026-06-03T12:34:35.723+0000] {logging_mixin.py:188} INFO - [2026-06-03T12:34:35.723+0000] {dag.py:3033} INFO - Sync 1 DAGs
[2026-06-03T12:34:35.732+0000] {logging_mixin.py:188} INFO - [2026-06-03T12:34:35.732+0000] {dag.py:3820} INFO - Setting next_dagrun for example_setup_teardown_taskflow to 2026-06-02T00:00:00+00:00, run_after=2026-06-03T00:00:00+00:00
[2026-06-03T12:34:35.752+0000] {processor.py:183} INFO - Processing /home/airflow/.local/lib/python3.8/site-packages/airflow/example_dags/example_setup_teardown_taskflow.py took 0.054 seconds
[2026-06-03T12:35:05.931+0000] {processor.py:161} INFO - Started process (PID=5161) to work on /home/airflow/.local/lib/python3.8/site-packages/airflow/example_dags/example_setup_teardown_taskflow.py
[2026-06-03T12:35:05.932+0000] {processor.py:830} INFO - Processing file /home/airflow/.local/lib/python3.8/site-packages/airflow/example_dags/example_setup_teardown_taskflow.py for tasks to queue
[2026-06-03T12:35:05.933+0000] {logging_mixin.py:188} INFO - [2026-06-03T12:35:05.933+0000] {dagbag.py:538} INFO - Filling up the DagBag from /home/airflow/.local/lib/python3.8/site-packages/airflow/example_dags/example_setup_teardown_taskflow.py
[2026-06-03T12:35:05.937+0000] {processor.py:840} INFO - DAG(s) 'example_setup_teardown_taskflow' retrieved from /home/airflow/.local/lib/python3.8/site-packages/airflow/example_dags/example_setup_teardown_taskflow.py
[2026-06-03T12:35:05.947+0000] {logging_mixin.py:188} INFO - [2026-06-03T12:35:05.947+0000] {dag.py:3033} INFO - Sync 1 DAGs
[2026-06-03T12:35:05.958+0000] {logging_mixin.py:188} INFO - [2026-06-03T12:35:05.958+0000] {dag.py:3820} INFO - Setting next_dagrun for example_setup_teardown_taskflow to 2026-06-02T00:00:00+00:00, run_after=2026-06-03T00:00:00+00:00
[2026-06-03T12:35:05.968+0000] {processor.py:183} INFO - Processing /home/airflow/.local/lib/python3.8/site-packages/airflow/example_dags/example_setup_teardown_taskflow.py took 0.038 seconds
[2026-06-03T12:35:36.301+0000] {processor.py:161} INFO - Started process (PID=5217) to work on /home/airflow/.local/lib/python3.8/site-packages/airflow/example_dags/example_setup_teardown_taskflow.py
[2026-06-03T12:35:36.301+0000] {processor.py:830} INFO - Processing file /home/airflow/.local/lib/python3.8/site-packages/airflow/example_dags/example_setup_teardown_taskflow.py for tasks to queue
[2026-06-03T12:35:36.302+0000] {logging_mixin.py:188} INFO - [2026-06-03T12:35:36.302+0000] {dagbag.py:538} INFO - Filling up the DagBag from /home/airflow/.local/lib/python3.8/site-packages/airflow/example_dags/example_setup_teardown_taskflow.py
[2026-06-03T12:35:36.308+0000] {processor.py:840} INFO - DAG(s) 'example_setup_teardown_taskflow' retrieved from /home/airflow/.local/lib/python3.8/site-packages/airflow/example_dags/example_setup_teardown_taskflow.py
[2026-06-03T12:35:36.319+0000] {logging_mixin.py:188} INFO - [2026-06-03T12:35:36.319+0000] {dag.py:3033} INFO - Sync 1 DAGs
[2026-06-03T12:35:36.328+0000] {logging_mixin.py:188} INFO - [2026-06-03T12:35:36.328+0000] {dag.py:3820} INFO - Setting next_dagrun for example_setup_teardown_taskflow to 2026-06-02T00:00:00+00:00, run_after=2026-06-03T00:00:00+00:00
[2026-06-03T12:35:36.341+0000] {processor.py:183} INFO - Processing /home/airflow/.local/lib/python3.8/site-packages/airflow/example_dags/example_setup_teardown_taskflow.py took 0.041 seconds
[2026-06-03T12:36:06.554+0000] {processor.py:161} INFO - Started process (PID=5273) to work on /home/airflow/.local/lib/python3.8/site-packages/airflow/example_dags/example_setup_teardown_taskflow.py
[2026-06-03T12:36:06.555+0000] {processor.py:830} INFO - Processing file /home/airflow/.local/lib/python3.8/site-packages/airflow/example_dags/example_setup_teardown_taskflow.py for tasks to queue
[2026-06-03T12:36:06.557+0000] {logging_mixin.py:188} INFO - [2026-06-03T12:36:06.557+0000] {dagbag.py:538} INFO - Filling up the DagBag from /home/airflow/.local/lib/python3.8/site-packages/airflow/example_dags/example_setup_teardown_taskflow.py
[2026-06-03T12:36:06.564+0000] {processor.py:840} INFO - DAG(s) 'example_setup_teardown_taskflow' retrieved from /home/airflow/.local/lib/python3.8/site-packages/airflow/example_dags/example_setup_teardown_taskflow.py
[2026-06-03T12:36:06.578+0000] {logging_mixin.py:188} INFO - [2026-06-03T12:36:06.578+0000] {dag.py:3033} INFO - Sync 1 DAGs
[2026-06-03T12:36:06.588+0000] {logging_mixin.py:188} INFO - [2026-06-03T12:36:06.588+0000] {dag.py:3820} INFO - Setting next_dagrun for example_setup_teardown_taskflow to 2026-06-02T00:00:00+00:00, run_after=2026-06-03T00:00:00+00:00
[2026-06-03T12:36:06.597+0000] {processor.py:183} INFO - Processing /home/airflow/.local/lib/python3.8/site-packages/airflow/example_dags/example_setup_teardown_taskflow.py took 0.045 seconds
[2026-06-03T12:36:36.774+0000] {processor.py:161} INFO - Started process (PID=5329) to work on /home/airflow/.local/lib/python3.8/site-packages/airflow/example_dags/example_setup_teardown_taskflow.py
[2026-06-03T12:36:36.776+0000] {processor.py:830} INFO - Processing file /home/airflow/.local/lib/python3.8/site-packages/airflow/example_dags/example_setup_teardown_taskflow.py for tasks to queue
[2026-06-03T12:36:36.777+0000] {logging_mixin.py:188} INFO - [2026-06-03T12:36:36.777+0000] {dagbag.py:538} INFO - Filling up the DagBag from /home/airflow/.local/lib/python3.8/site-packages/airflow/example_dags/example_setup_teardown_taskflow.py
[2026-06-03T12:36:36.781+0000] {processor.py:840} INFO - DAG(s) 'example_setup_teardown_taskflow' retrieved from /home/airflow/.local/lib/python3.8/site-packages/airflow/example_dags/example_setup_teardown_taskflow.py
[2026-06-03T12:36:36.790+0000] {logging_mixin.py:188} INFO - [2026-06-03T12:36:36.790+0000] {dag.py:3033} INFO - Sync 1 DAGs
[2026-06-03T12:36:36.801+0000] {logging_mixin.py:188} INFO - [2026-06-03T12:36:36.801+0000] {dag.py:3820} INFO - Setting next_dagrun for example_setup_teardown_taskflow to 2026-06-02T00:00:00+00:00, run_after=2026-06-03T00:00:00+00:00
[2026-06-03T12:36:36.812+0000] {processor.py:183} INFO - Processing /home/airflow/.local/lib/python3.8/site-packages/airflow/example_dags/example_setup_teardown_taskflow.py took 0.039 seconds
[2026-06-03T12:37:06.993+0000] {processor.py:161} INFO - Started process (PID=5385) to work on /home/airflow/.local/lib/python3.8/site-packages/airflow/example_dags/example_setup_teardown_taskflow.py
[2026-06-03T12:37:06.993+0000] {processor.py:830} INFO - Processing file /home/airflow/.local/lib/python3.8/site-packages/airflow/example_dags/example_setup_teardown_taskflow.py for tasks to queue
[2026-06-03T12:37:06.995+0000] {logging_mixin.py:188} INFO - [2026-06-03T12:37:06.995+0000] {dagbag.py:538} INFO - Filling up the DagBag from /home/airflow/.local/lib/python3.8/site-packages/airflow/example_dags/example_setup_teardown_taskflow.py
[2026-06-03T12:37:06.998+0000] {processor.py:840} INFO - DAG(s) 'example_setup_teardown_taskflow' retrieved from /home/airflow/.local/lib/python3.8/site-packages/airflow/example_dags/example_setup_teardown_taskflow.py
[2026-06-03T12:37:07.007+0000] {logging_mixin.py:188} INFO - [2026-06-03T12:37:07.007+0000] {dag.py:3033} INFO - Sync 1 DAGs
[2026-06-03T12:37:07.015+0000] {logging_mixin.py:188} INFO - [2026-06-03T12:37:07.015+0000] {dag.py:3820} INFO - Setting next_dagrun for example_setup_teardown_taskflow to 2026-06-02T00:00:00+00:00, run_after=2026-06-03T00:00:00+00:00
[2026-06-03T12:37:07.021+0000] {processor.py:183} INFO - Processing /home/airflow/.local/lib/python3.8/site-packages/airflow/example_dags/example_setup_teardown_taskflow.py took 0.030 seconds
[2026-06-03T12:37:37.556+0000] {processor.py:161} INFO - Started process (PID=5441) to work on /home/airflow/.local/lib/python3.8/site-packages/airflow/example_dags/example_setup_teardown_taskflow.py
[2026-06-03T12:37:37.560+0000] {processor.py:830} INFO - Processing file /home/airflow/.local/lib/python3.8/site-packages/airflow/example_dags/example_setup_teardown_taskflow.py for tasks to queue
[2026-06-03T12:37:37.560+0000] {logging_mixin.py:188} INFO - [2026-06-03T12:37:37.560+0000] {dagbag.py:538} INFO - Filling up the DagBag from /home/airflow/.local/lib/python3.8/site-packages/airflow/example_dags/example_setup_teardown_taskflow.py
[2026-06-03T12:37:37.565+0000] {processor.py:840} INFO - DAG(s) 'example_setup_teardown_taskflow' retrieved from /home/airflow/.local/lib/python3.8/site-packages/airflow/example_dags/example_setup_teardown_taskflow.py
[2026-06-03T12:37:37.576+0000] {logging_mixin.py:188} INFO - [2026-06-03T12:37:37.576+0000] {dag.py:3033} INFO - Sync 1 DAGs
[2026-06-03T12:37:37.585+0000] {logging_mixin.py:188} INFO - [2026-06-03T12:37:37.585+0000] {dag.py:3820} INFO - Setting next_dagrun for example_setup_teardown_taskflow to 2026-06-02T00:00:00+00:00, run_after=2026-06-03T00:00:00+00:00
[2026-06-03T12:37:37.594+0000] {processor.py:183} INFO - Processing /home/airflow/.local/lib/python3.8/site-packages/airflow/example_dags/example_setup_teardown_taskflow.py took 0.039 seconds
[2026-06-03T12:38:07.801+0000] {processor.py:161} INFO - Started process (PID=5497) to work on /home/airflow/.local/lib/python3.8/site-packages/airflow/example_dags/example_setup_teardown_taskflow.py
[2026-06-03T12:38:07.801+0000] {processor.py:830} INFO - Processing file /home/airflow/.local/lib/python3.8/site-packages/airflow/example_dags/example_setup_teardown_taskflow.py for tasks to queue
[2026-06-03T12:38:07.802+0000] {logging_mixin.py:188} INFO - [2026-06-03T12:38:07.802+0000] {dagbag.py:538} INFO - Filling up the DagBag from /home/airflow/.local/lib/python3.8/site-packages/airflow/example_dags/example_setup_teardown_taskflow.py
[2026-06-03T12:38:07.807+0000] {processor.py:840} INFO - DAG(s) 'example_setup_teardown_taskflow' retrieved from /home/airflow/.local/lib/python3.8/site-packages/airflow/example_dags/example_setup_teardown_taskflow.py
[2026-06-03T12:38:07.817+0000] {logging_mixin.py:188} INFO - [2026-06-03T12:38:07.817+0000] {dag.py:3033} INFO - Sync 1 DAGs
[2026-06-03T12:38:07.827+0000] {logging_mixin.py:188} INFO - [2026-06-03T12:38:07.827+0000] {dag.py:3820} INFO - Setting next_dagrun for example_setup_teardown_taskflow to 2026-06-02T00:00:00+00:00, run_after=2026-06-03T00:00:00+00:00
[2026-06-03T12:38:07.839+0000] {processor.py:183} INFO - Processing /home/airflow/.local/lib/python3.8/site-packages/airflow/example_dags/example_setup_teardown_taskflow.py took 0.039 seconds
[2026-06-03T12:38:38.476+0000] {processor.py:161} INFO - Started process (PID=5553) to work on /home/airflow/.local/lib/python3.8/site-packages/airflow/example_dags/example_setup_teardown_taskflow.py
[2026-06-03T12:38:38.477+0000] {processor.py:830} INFO - Processing file /home/airflow/.local/lib/python3.8/site-packages/airflow/example_dags/example_setup_teardown_taskflow.py for tasks to queue
[2026-06-03T12:38:38.479+0000] {logging_mixin.py:188} INFO - [2026-06-03T12:38:38.479+0000] {dagbag.py:538} INFO - Filling up the DagBag from /home/airflow/.local/lib/python3.8/site-packages/airflow/example_dags/example_setup_teardown_taskflow.py
[2026-06-03T12:38:38.486+0000] {processor.py:840} INFO - DAG(s) 'example_setup_teardown_taskflow' retrieved from /home/airflow/.local/lib/python3.8/site-packages/airflow/example_dags/example_setup_teardown_taskflow.py
[2026-06-03T12:38:38.504+0000] {logging_mixin.py:188} INFO - [2026-06-03T12:38:38.504+0000] {dag.py:3033} INFO - Sync 1 DAGs
[2026-06-03T12:38:38.518+0000] {logging_mixin.py:188} INFO - [2026-06-03T12:38:38.518+0000] {dag.py:3820} INFO - Setting next_dagrun for example_setup_teardown_taskflow to 2026-06-02T00:00:00+00:00, run_after=2026-06-03T00:00:00+00:00
[2026-06-03T12:38:38.544+0000] {processor.py:183} INFO - Processing /home/airflow/.local/lib/python3.8/site-packages/airflow/example_dags/example_setup_teardown_taskflow.py took 0.070 seconds
[2026-06-03T12:39:09.513+0000] {processor.py:161} INFO - Started process (PID=5609) to work on /home/airflow/.local/lib/python3.8/site-packages/airflow/example_dags/example_setup_teardown_taskflow.py
[2026-06-03T12:39:09.515+0000] {processor.py:830} INFO - Processing file /home/airflow/.local/lib/python3.8/site-packages/airflow/example_dags/example_setup_teardown_taskflow.py for tasks to queue
[2026-06-03T12:39:09.516+0000] {logging_mixin.py:188} INFO - [2026-06-03T12:39:09.515+0000] {dagbag.py:538} INFO - Filling up the DagBag from /home/airflow/.local/lib/python3.8/site-packages/airflow/example_dags/example_setup_teardown_taskflow.py
[2026-06-03T12:39:09.520+0000] {processor.py:840} INFO - DAG(s) 'example_setup_teardown_taskflow' retrieved from /home/airflow/.local/lib/python3.8/site-packages/airflow/example_dags/example_setup_teardown_taskflow.py
[2026-06-03T12:39:09.528+0000] {logging_mixin.py:188} INFO - [2026-06-03T12:39:09.528+0000] {dag.py:3033} INFO - Sync 1 DAGs
[2026-06-03T12:39:09.538+0000] {logging_mixin.py:188} INFO - [2026-06-03T12:39:09.538+0000] {dag.py:3820} INFO - Setting next_dagrun for example_setup_teardown_taskflow to 2026-06-02T00:00:00+00:00, run_after=2026-06-03T00:00:00+00:00
[2026-06-03T12:39:09.551+0000] {processor.py:183} INFO - Processing /home/airflow/.local/lib/python3.8/site-packages/airflow/example_dags/example_setup_teardown_taskflow.py took 0.040 seconds
[2026-06-03T12:39:39.791+0000] {processor.py:161} INFO - Started process (PID=5665) to work on /home/airflow/.local/lib/python3.8/site-packages/airflow/example_dags/example_setup_teardown_taskflow.py
[2026-06-03T12:39:39.791+0000] {processor.py:830} INFO - Processing file /home/airflow/.local/lib/python3.8/site-packages/airflow/example_dags/example_setup_teardown_taskflow.py for tasks to queue
[2026-06-03T12:39:39.793+0000] {logging_mixin.py:188} INFO - [2026-06-03T12:39:39.793+0000] {dagbag.py:538} INFO - Filling up the DagBag from /home/airflow/.local/lib/python3.8/site-packages/airflow/example_dags/example_setup_teardown_taskflow.py
[2026-06-03T12:39:39.797+0000] {processor.py:840} INFO - DAG(s) 'example_setup_teardown_taskflow' retrieved from /home/airflow/.local/lib/python3.8/site-packages/airflow/example_dags/example_setup_teardown_taskflow.py
[2026-06-03T12:39:39.809+0000] {logging_mixin.py:188} INFO - [2026-06-03T12:39:39.809+0000] {dag.py:3033} INFO - Sync 1 DAGs
[2026-06-03T12:39:39.820+0000] {logging_mixin.py:188} INFO - [2026-06-03T12:39:39.819+0000] {dag.py:3820} INFO - Setting next_dagrun for example_setup_teardown_taskflow to 2026-06-02T00:00:00+00:00, run_after=2026-06-03T00:00:00+00:00
[2026-06-03T12:39:39.830+0000] {processor.py:183} INFO - Processing /home/airflow/.local/lib/python3.8/site-packages/airflow/example_dags/example_setup_teardown_taskflow.py took 0.040 seconds
[2026-06-03T12:40:09.968+0000] {processor.py:161} INFO - Started process (PID=5721) to work on /home/airflow/.local/lib/python3.8/site-packages/airflow/example_dags/example_setup_teardown_taskflow.py
[2026-06-03T12:40:09.970+0000] {processor.py:830} INFO - Processing file /home/airflow/.local/lib/python3.8/site-packages/airflow/example_dags/example_setup_teardown_taskflow.py for tasks to queue
[2026-06-03T12:40:09.971+0000] {logging_mixin.py:188} INFO - [2026-06-03T12:40:09.971+0000] {dagbag.py:538} INFO - Filling up the DagBag from /home/airflow/.local/lib/python3.8/site-packages/airflow/example_dags/example_setup_teardown_taskflow.py
[2026-06-03T12:40:09.977+0000] {processor.py:840} INFO - DAG(s) 'example_setup_teardown_taskflow' retrieved from /home/airflow/.local/lib/python3.8/site-packages/airflow/example_dags/example_setup_teardown_taskflow.py
[2026-06-03T12:40:09.997+0000] {logging_mixin.py:188} INFO - [2026-06-03T12:40:09.997+0000] {dag.py:3033} INFO - Sync 1 DAGs
[2026-06-03T12:40:10.010+0000] {logging_mixin.py:188} INFO - [2026-06-03T12:40:10.010+0000] {dag.py:3820} INFO - Setting next_dagrun for example_setup_teardown_taskflow to 2026-06-02T00:00:00+00:00, run_after=2026-06-03T00:00:00+00:00
[2026-06-03T12:40:10.024+0000] {processor.py:183} INFO - Processing /home/airflow/.local/lib/python3.8/site-packages/airflow/example_dags/example_setup_teardown_taskflow.py took 0.057 seconds
[2026-06-03T12:40:40.332+0000] {processor.py:161} INFO - Started process (PID=5777) to work on /home/airflow/.local/lib/python3.8/site-packages/airflow/example_dags/example_setup_teardown_taskflow.py
[2026-06-03T12:40:40.332+0000] {processor.py:830} INFO - Processing file /home/airflow/.local/lib/python3.8/site-packages/airflow/example_dags/example_setup_teardown_taskflow.py for tasks to queue
[2026-06-03T12:40:40.334+0000] {logging_mixin.py:188} INFO - [2026-06-03T12:40:40.334+0000] {dagbag.py:538} INFO - Filling up the DagBag from /home/airflow/.local/lib/python3.8/site-packages/airflow/example_dags/example_setup_teardown_taskflow.py
[2026-06-03T12:40:40.340+0000] {processor.py:840} INFO - DAG(s) 'example_setup_teardown_taskflow' retrieved from /home/airflow/.local/lib/python3.8/site-packages/airflow/example_dags/example_setup_teardown_taskflow.py
[2026-06-03T12:40:40.352+0000] {logging_mixin.py:188} INFO - [2026-06-03T12:40:40.352+0000] {dag.py:3033} INFO - Sync 1 DAGs
[2026-06-03T12:40:40.365+0000] {logging_mixin.py:188} INFO - [2026-06-03T12:40:40.365+0000] {dag.py:3820} INFO - Setting next_dagrun for example_setup_teardown_taskflow to 2026-06-02T00:00:00+00:00, run_after=2026-06-03T00:00:00+00:00
[2026-06-03T12:40:40.374+0000] {processor.py:183} INFO - Processing /home/airflow/.local/lib/python3.8/site-packages/airflow/example_dags/example_setup_teardown_taskflow.py took 0.043 seconds
[2026-06-03T12:41:10.569+0000] {processor.py:161} INFO - Started process (PID=5833) to work on /home/airflow/.local/lib/python3.8/site-packages/airflow/example_dags/example_setup_teardown_taskflow.py
[2026-06-03T12:41:10.570+0000] {processor.py:830} INFO - Processing file /home/airflow/.local/lib/python3.8/site-packages/airflow/example_dags/example_setup_teardown_taskflow.py for tasks to queue
[2026-06-03T12:41:10.571+0000] {logging_mixin.py:188} INFO - [2026-06-03T12:41:10.571+0000] {dagbag.py:538} INFO - Filling up the DagBag from /home/airflow/.local/lib/python3.8/site-packages/airflow/example_dags/example_setup_teardown_taskflow.py
[2026-06-03T12:41:10.575+0000] {processor.py:840} INFO - DAG(s) 'example_setup_teardown_taskflow' retrieved from /home/airflow/.local/lib/python3.8/site-packages/airflow/example_dags/example_setup_teardown_taskflow.py
[2026-06-03T12:41:10.585+0000] {logging_mixin.py:188} INFO - [2026-06-03T12:41:10.585+0000] {dag.py:3033} INFO - Sync 1 DAGs
[2026-06-03T12:41:10.594+0000] {logging_mixin.py:188} INFO - [2026-06-03T12:41:10.594+0000] {dag.py:3820} INFO - Setting next_dagrun for example_setup_teardown_taskflow to 2026-06-02T00:00:00+00:00, run_after=2026-06-03T00:00:00+00:00
[2026-06-03T12:41:10.611+0000] {processor.py:183} INFO - Processing /home/airflow/.local/lib/python3.8/site-packages/airflow/example_dags/example_setup_teardown_taskflow.py took 0.043 seconds
[2026-06-03T12:41:41.300+0000] {processor.py:161} INFO - Started process (PID=5889) to work on /home/airflow/.local/lib/python3.8/site-packages/airflow/example_dags/example_setup_teardown_taskflow.py
[2026-06-03T12:41:41.301+0000] {processor.py:830} INFO - Processing file /home/airflow/.local/lib/python3.8/site-packages/airflow/example_dags/example_setup_teardown_taskflow.py for tasks to queue
[2026-06-03T12:41:41.303+0000] {logging_mixin.py:188} INFO - [2026-06-03T12:41:41.303+0000] {dagbag.py:538} INFO - Filling up the DagBag from /home/airflow/.local/lib/python3.8/site-packages/airflow/example_dags/example_setup_teardown_taskflow.py
[2026-06-03T12:41:41.308+0000] {processor.py:840} INFO - DAG(s) 'example_setup_teardown_taskflow' retrieved from /home/airflow/.local/lib/python3.8/site-packages/airflow/example_dags/example_setup_teardown_taskflow.py
[2026-06-03T12:41:41.323+0000] {logging_mixin.py:188} INFO - [2026-06-03T12:41:41.323+0000] {dag.py:3033} INFO - Sync 1 DAGs
[2026-06-03T12:41:41.336+0000] {logging_mixin.py:188} INFO - [2026-06-03T12:41:41.336+0000] {dag.py:3820} INFO - Setting next_dagrun for example_setup_teardown_taskflow to 2026-06-02T00:00:00+00:00, run_after=2026-06-03T00:00:00+00:00
[2026-06-03T12:41:41.346+0000] {processor.py:183} INFO - Processing /home/airflow/.local/lib/python3.8/site-packages/airflow/example_dags/example_setup_teardown_taskflow.py took 0.048 seconds
[2026-06-03T12:42:11.653+0000] {processor.py:161} INFO - Started process (PID=5945) to work on /home/airflow/.local/lib/python3.8/site-packages/airflow/example_dags/example_setup_teardown_taskflow.py
[2026-06-03T12:42:11.654+0000] {processor.py:830} INFO - Processing file /home/airflow/.local/lib/python3.8/site-packages/airflow/example_dags/example_setup_teardown_taskflow.py for tasks to queue
[2026-06-03T12:42:11.655+0000] {logging_mixin.py:188} INFO - [2026-06-03T12:42:11.655+0000] {dagbag.py:538} INFO - Filling up the DagBag from /home/airflow/.local/lib/python3.8/site-packages/airflow/example_dags/example_setup_teardown_taskflow.py
[2026-06-03T12:42:11.661+0000] {processor.py:840} INFO - DAG(s) 'example_setup_teardown_taskflow' retrieved from /home/airflow/.local/lib/python3.8/site-packages/airflow/example_dags/example_setup_teardown_taskflow.py
[2026-06-03T12:42:11.670+0000] {logging_mixin.py:188} INFO - [2026-06-03T12:42:11.670+0000] {dag.py:3033} INFO - Sync 1 DAGs
[2026-06-03T12:42:11.683+0000] {logging_mixin.py:188} INFO - [2026-06-03T12:42:11.682+0000] {dag.py:3820} INFO - Setting next_dagrun for example_setup_teardown_taskflow to 2026-06-02T00:00:00+00:00, run_after=2026-06-03T00:00:00+00:00
[2026-06-03T12:42:11.699+0000] {processor.py:183} INFO - Processing /home/airflow/.local/lib/python3.8/site-packages/airflow/example_dags/example_setup_teardown_taskflow.py took 0.048 seconds
[2026-06-03T12:42:41.936+0000] {processor.py:161} INFO - Started process (PID=6001) to work on /home/airflow/.local/lib/python3.8/site-packages/airflow/example_dags/example_setup_teardown_taskflow.py
[2026-06-03T12:42:41.936+0000] {processor.py:830} INFO - Processing file /home/airflow/.local/lib/python3.8/site-packages/airflow/example_dags/example_setup_teardown_taskflow.py for tasks to queue
[2026-06-03T12:42:41.937+0000] {logging_mixin.py:188} INFO - [2026-06-03T12:42:41.937+0000] {dagbag.py:538} INFO - Filling up the DagBag from /home/airflow/.local/lib/python3.8/site-packages/airflow/example_dags/example_setup_teardown_taskflow.py
[2026-06-03T12:42:41.942+0000] {processor.py:840} INFO - DAG(s) 'example_setup_teardown_taskflow' retrieved from /home/airflow/.local/lib/python3.8/site-packages/airflow/example_dags/example_setup_teardown_taskflow.py
[2026-06-03T12:42:41.959+0000] {logging_mixin.py:188} INFO - [2026-06-03T12:42:41.959+0000] {dag.py:3033} INFO - Sync 1 DAGs
[2026-06-03T12:42:41.977+0000] {logging_mixin.py:188} INFO - [2026-06-03T12:42:41.977+0000] {dag.py:3820} INFO - Setting next_dagrun for example_setup_teardown_taskflow to 2026-06-02T00:00:00+00:00, run_after=2026-06-03T00:00:00+00:00
[2026-06-03T12:42:41.991+0000] {processor.py:183} INFO - Processing /home/airflow/.local/lib/python3.8/site-packages/airflow/example_dags/example_setup_teardown_taskflow.py took 0.058 seconds
[2026-06-03T12:43:12.573+0000] {processor.py:161} INFO - Started process (PID=6057) to work on /home/airflow/.local/lib/python3.8/site-packages/airflow/example_dags/example_setup_teardown_taskflow.py
[2026-06-03T12:43:12.575+0000] {processor.py:830} INFO - Processing file /home/airflow/.local/lib/python3.8/site-packages/airflow/example_dags/example_setup_teardown_taskflow.py for tasks to queue
[2026-06-03T12:43:12.576+0000] {logging_mixin.py:188} INFO - [2026-06-03T12:43:12.576+0000] {dagbag.py:538} INFO - Filling up the DagBag from /home/airflow/.local/lib/python3.8/site-packages/airflow/example_dags/example_setup_teardown_taskflow.py
[2026-06-03T12:43:12.580+0000] {processor.py:840} INFO - DAG(s) 'example_setup_teardown_taskflow' retrieved from /home/airflow/.local/lib/python3.8/site-packages/airflow/example_dags/example_setup_teardown_taskflow.py
[2026-06-03T12:43:12.591+0000] {logging_mixin.py:188} INFO - [2026-06-03T12:43:12.591+0000] {dag.py:3033} INFO - Sync 1 DAGs
[2026-06-03T12:43:12.603+0000] {logging_mixin.py:188} INFO - [2026-06-03T12:43:12.603+0000] {dag.py:3820} INFO - Setting next_dagrun for example_setup_teardown_taskflow to 2026-06-02T00:00:00+00:00, run_after=2026-06-03T00:00:00+00:00
[2026-06-03T12:43:12.613+0000] {processor.py:183} INFO - Processing /home/airflow/.local/lib/python3.8/site-packages/airflow/example_dags/example_setup_teardown_taskflow.py took 0.043 seconds
[2026-06-03T12:43:43.281+0000] {processor.py:161} INFO - Started process (PID=6113) to work on /home/airflow/.local/lib/python3.8/site-packages/airflow/example_dags/example_setup_teardown_taskflow.py
[2026-06-03T12:43:43.283+0000] {processor.py:830} INFO - Processing file /home/airflow/.local/lib/python3.8/site-packages/airflow/example_dags/example_setup_teardown_taskflow.py for tasks to queue
[2026-06-03T12:43:43.285+0000] {logging_mixin.py:188} INFO - [2026-06-03T12:43:43.285+0000] {dagbag.py:538} INFO - Filling up the DagBag from /home/airflow/.local/lib/python3.8/site-packages/airflow/example_dags/example_setup_teardown_taskflow.py
[2026-06-03T12:43:43.292+0000] {processor.py:840} INFO - DAG(s) 'example_setup_teardown_taskflow' retrieved from /home/airflow/.local/lib/python3.8/site-packages/airflow/example_dags/example_setup_teardown_taskflow.py
[2026-06-03T12:43:43.304+0000] {logging_mixin.py:188} INFO - [2026-06-03T12:43:43.304+0000] {dag.py:3033} INFO - Sync 1 DAGs
[2026-06-03T12:43:43.316+0000] {logging_mixin.py:188} INFO - [2026-06-03T12:43:43.316+0000] {dag.py:3820} INFO - Setting next_dagrun for example_setup_teardown_taskflow to 2026-06-02T00:00:00+00:00, run_after=2026-06-03T00:00:00+00:00
[2026-06-03T12:43:43.326+0000] {processor.py:183} INFO - Processing /home/airflow/.local/lib/python3.8/site-packages/airflow/example_dags/example_setup_teardown_taskflow.py took 0.046 seconds
[2026-06-03T12:44:13.894+0000] {processor.py:161} INFO - Started process (PID=6170) to work on /home/airflow/.local/lib/python3.8/site-packages/airflow/example_dags/example_setup_teardown_taskflow.py
[2026-06-03T12:44:13.896+0000] {processor.py:830} INFO - Processing file /home/airflow/.local/lib/python3.8/site-packages/airflow/example_dags/example_setup_teardown_taskflow.py for tasks to queue
[2026-06-03T12:44:13.898+0000] {logging_mixin.py:188} INFO - [2026-06-03T12:44:13.898+0000] {dagbag.py:538} INFO - Filling up the DagBag from /home/airflow/.local/lib/python3.8/site-packages/airflow/example_dags/example_setup_teardown_taskflow.py
[2026-06-03T12:44:13.908+0000] {processor.py:840} INFO - DAG(s) 'example_setup_teardown_taskflow' retrieved from /home/airflow/.local/lib/python3.8/site-packages/airflow/example_dags/example_setup_teardown_taskflow.py
[2026-06-03T12:44:13.990+0000] {logging_mixin.py:188} INFO - [2026-06-03T12:44:13.990+0000] {dag.py:3033} INFO - Sync 1 DAGs
[2026-06-03T12:44:14.017+0000] {logging_mixin.py:188} INFO - [2026-06-03T12:44:14.017+0000] {dag.py:3820} INFO - Setting next_dagrun for example_setup_teardown_taskflow to 2026-06-02T00:00:00+00:00, run_after=2026-06-03T00:00:00+00:00
[2026-06-03T12:44:14.041+0000] {processor.py:183} INFO - Processing /home/airflow/.local/lib/python3.8/site-packages/airflow/example_dags/example_setup_teardown_taskflow.py took 0.160 seconds
[2026-06-03T12:44:44.274+0000] {processor.py:161} INFO - Started process (PID=6239) to work on /home/airflow/.local/lib/python3.8/site-packages/airflow/example_dags/example_setup_teardown_taskflow.py
[2026-06-03T12:44:44.277+0000] {processor.py:830} INFO - Processing file /home/airflow/.local/lib/python3.8/site-packages/airflow/example_dags/example_setup_teardown_taskflow.py for tasks to queue
[2026-06-03T12:44:44.278+0000] {logging_mixin.py:188} INFO - [2026-06-03T12:44:44.278+0000] {dagbag.py:538} INFO - Filling up the DagBag from /home/airflow/.local/lib/python3.8/site-packages/airflow/example_dags/example_setup_teardown_taskflow.py
[2026-06-03T12:44:44.282+0000] {processor.py:840} INFO - DAG(s) 'example_setup_teardown_taskflow' retrieved from /home/airflow/.local/lib/python3.8/site-packages/airflow/example_dags/example_setup_teardown_taskflow.py
[2026-06-03T12:44:44.294+0000] {logging_mixin.py:188} INFO - [2026-06-03T12:44:44.294+0000] {dag.py:3033} INFO - Sync 1 DAGs
[2026-06-03T12:44:44.304+0000] {logging_mixin.py:188} INFO - [2026-06-03T12:44:44.304+0000] {dag.py:3820} INFO - Setting next_dagrun for example_setup_teardown_taskflow to 2026-06-02T00:00:00+00:00, run_after=2026-06-03T00:00:00+00:00
[2026-06-03T12:44:44.315+0000] {processor.py:183} INFO - Processing /home/airflow/.local/lib/python3.8/site-packages/airflow/example_dags/example_setup_teardown_taskflow.py took 0.043 seconds
[2026-06-03T12:45:14.749+0000] {processor.py:161} INFO - Started process (PID=6301) to work on /home/airflow/.local/lib/python3.8/site-packages/airflow/example_dags/example_setup_teardown_taskflow.py
[2026-06-03T12:45:14.750+0000] {processor.py:830} INFO - Processing file /home/airflow/.local/lib/python3.8/site-packages/airflow/example_dags/example_setup_teardown_taskflow.py for tasks to queue
[2026-06-03T12:45:14.752+0000] {logging_mixin.py:188} INFO - [2026-06-03T12:45:14.752+0000] {dagbag.py:538} INFO - Filling up the DagBag from /home/airflow/.local/lib/python3.8/site-packages/airflow/example_dags/example_setup_teardown_taskflow.py
[2026-06-03T12:45:14.758+0000] {processor.py:840} INFO - DAG(s) 'example_setup_teardown_taskflow' retrieved from /home/airflow/.local/lib/python3.8/site-packages/airflow/example_dags/example_setup_teardown_taskflow.py
[2026-06-03T12:45:14.774+0000] {logging_mixin.py:188} INFO - [2026-06-03T12:45:14.774+0000] {dag.py:3033} INFO - Sync 1 DAGs
[2026-06-03T12:45:14.795+0000] {logging_mixin.py:188} INFO - [2026-06-03T12:45:14.794+0000] {dag.py:3820} INFO - Setting next_dagrun for example_setup_teardown_taskflow to 2026-06-02T00:00:00+00:00, run_after=2026-06-03T00:00:00+00:00
[2026-06-03T12:45:14.813+0000] {processor.py:183} INFO - Processing /home/airflow/.local/lib/python3.8/site-packages/airflow/example_dags/example_setup_teardown_taskflow.py took 0.071 seconds
[2026-06-03T12:45:45.503+0000] {processor.py:161} INFO - Started process (PID=6361) to work on /home/airflow/.local/lib/python3.8/site-packages/airflow/example_dags/example_setup_teardown_taskflow.py
[2026-06-03T12:45:45.504+0000] {processor.py:830} INFO - Processing file /home/airflow/.local/lib/python3.8/site-packages/airflow/example_dags/example_setup_teardown_taskflow.py for tasks to queue
[2026-06-03T12:45:45.506+0000] {logging_mixin.py:188} INFO - [2026-06-03T12:45:45.505+0000] {dagbag.py:538} INFO - Filling up the DagBag from /home/airflow/.local/lib/python3.8/site-packages/airflow/example_dags/example_setup_teardown_taskflow.py
[2026-06-03T12:45:45.510+0000] {processor.py:840} INFO - DAG(s) 'example_setup_teardown_taskflow' retrieved from /home/airflow/.local/lib/python3.8/site-packages/airflow/example_dags/example_setup_teardown_taskflow.py
[2026-06-03T12:45:45.520+0000] {logging_mixin.py:188} INFO - [2026-06-03T12:45:45.520+0000] {dag.py:3033} INFO - Sync 1 DAGs
[2026-06-03T12:45:45.530+0000] {logging_mixin.py:188} INFO - [2026-06-03T12:45:45.530+0000] {dag.py:3820} INFO - Setting next_dagrun for example_setup_teardown_taskflow to 2026-06-02T00:00:00+00:00, run_after=2026-06-03T00:00:00+00:00
[2026-06-03T12:45:45.545+0000] {processor.py:183} INFO - Processing /home/airflow/.local/lib/python3.8/site-packages/airflow/example_dags/example_setup_teardown_taskflow.py took 0.044 seconds
[2026-06-03T12:46:16.105+0000] {processor.py:161} INFO - Started process (PID=6416) to work on /home/airflow/.local/lib/python3.8/site-packages/airflow/example_dags/example_setup_teardown_taskflow.py
[2026-06-03T12:46:16.106+0000] {processor.py:830} INFO - Processing file /home/airflow/.local/lib/python3.8/site-packages/airflow/example_dags/example_setup_teardown_taskflow.py for tasks to queue
[2026-06-03T12:46:16.107+0000] {logging_mixin.py:188} INFO - [2026-06-03T12:46:16.107+0000] {dagbag.py:538} INFO - Filling up the DagBag from /home/airflow/.local/lib/python3.8/site-packages/airflow/example_dags/example_setup_teardown_taskflow.py
[2026-06-03T12:46:16.113+0000] {processor.py:840} INFO - DAG(s) 'example_setup_teardown_taskflow' retrieved from /home/airflow/.local/lib/python3.8/site-packages/airflow/example_dags/example_setup_teardown_taskflow.py
[2026-06-03T12:46:16.125+0000] {logging_mixin.py:188} INFO - [2026-06-03T12:46:16.124+0000] {dag.py:3033} INFO - Sync 1 DAGs
[2026-06-03T12:46:16.137+0000] {logging_mixin.py:188} INFO - [2026-06-03T12:46:16.137+0000] {dag.py:3820} INFO - Setting next_dagrun for example_setup_teardown_taskflow to 2026-06-02T00:00:00+00:00, run_after=2026-06-03T00:00:00+00:00
[2026-06-03T12:46:16.149+0000] {processor.py:183} INFO - Processing /home/airflow/.local/lib/python3.8/site-packages/airflow/example_dags/example_setup_teardown_taskflow.py took 0.047 seconds
[2026-06-03T12:46:46.439+0000] {processor.py:161} INFO - Started process (PID=6472) to work on /home/airflow/.local/lib/python3.8/site-packages/airflow/example_dags/example_setup_teardown_taskflow.py
[2026-06-03T12:46:46.440+0000] {processor.py:830} INFO - Processing file /home/airflow/.local/lib/python3.8/site-packages/airflow/example_dags/example_setup_teardown_taskflow.py for tasks to queue
[2026-06-03T12:46:46.441+0000] {logging_mixin.py:188} INFO - [2026-06-03T12:46:46.441+0000] {dagbag.py:538} INFO - Filling up the DagBag from /home/airflow/.local/lib/python3.8/site-packages/airflow/example_dags/example_setup_teardown_taskflow.py
[2026-06-03T12:46:46.448+0000] {processor.py:840} INFO - DAG(s) 'example_setup_teardown_taskflow' retrieved from /home/airflow/.local/lib/python3.8/site-packages/airflow/example_dags/example_setup_teardown_taskflow.py
[2026-06-03T12:46:46.461+0000] {logging_mixin.py:188} INFO - [2026-06-03T12:46:46.461+0000] {dag.py:3033} INFO - Sync 1 DAGs
[2026-06-03T12:46:46.470+0000] {logging_mixin.py:188} INFO - [2026-06-03T12:46:46.470+0000] {dag.py:3820} INFO - Setting next_dagrun for example_setup_teardown_taskflow to 2026-06-02T00:00:00+00:00, run_after=2026-06-03T00:00:00+00:00
[2026-06-03T12:46:46.482+0000] {processor.py:183} INFO - Processing /home/airflow/.local/lib/python3.8/site-packages/airflow/example_dags/example_setup_teardown_taskflow.py took 0.045 seconds
[2026-06-03T12:47:17.064+0000] {processor.py:161} INFO - Started process (PID=6528) to work on /home/airflow/.local/lib/python3.8/site-packages/airflow/example_dags/example_setup_teardown_taskflow.py
[2026-06-03T12:47:17.065+0000] {processor.py:830} INFO - Processing file /home/airflow/.local/lib/python3.8/site-packages/airflow/example_dags/example_setup_teardown_taskflow.py for tasks to queue
[2026-06-03T12:47:17.067+0000] {logging_mixin.py:188} INFO - [2026-06-03T12:47:17.066+0000] {dagbag.py:538} INFO - Filling up the DagBag from /home/airflow/.local/lib/python3.8/site-packages/airflow/example_dags/example_setup_teardown_taskflow.py
[2026-06-03T12:47:17.071+0000] {processor.py:840} INFO - DAG(s) 'example_setup_teardown_taskflow' retrieved from /home/airflow/.local/lib/python3.8/site-packages/airflow/example_dags/example_setup_teardown_taskflow.py
[2026-06-03T12:47:17.083+0000] {logging_mixin.py:188} INFO - [2026-06-03T12:47:17.083+0000] {dag.py:3033} INFO - Sync 1 DAGs
[2026-06-03T12:47:17.091+0000] {logging_mixin.py:188} INFO - [2026-06-03T12:47:17.091+0000] {dag.py:3820} INFO - Setting next_dagrun for example_setup_teardown_taskflow to 2026-06-02T00:00:00+00:00, run_after=2026-06-03T00:00:00+00:00
[2026-06-03T12:47:17.102+0000] {processor.py:183} INFO - Processing /home/airflow/.local/lib/python3.8/site-packages/airflow/example_dags/example_setup_teardown_taskflow.py took 0.040 seconds
[2026-06-03T12:47:48.476+0000] {processor.py:161} INFO - Started process (PID=6584) to work on /home/airflow/.local/lib/python3.8/site-packages/airflow/example_dags/example_setup_teardown_taskflow.py
[2026-06-03T12:47:48.478+0000] {processor.py:830} INFO - Processing file /home/airflow/.local/lib/python3.8/site-packages/airflow/example_dags/example_setup_teardown_taskflow.py for tasks to queue
[2026-06-03T12:47:48.481+0000] {logging_mixin.py:188} INFO - [2026-06-03T12:47:48.480+0000] {dagbag.py:538} INFO - Filling up the DagBag from /home/airflow/.local/lib/python3.8/site-packages/airflow/example_dags/example_setup_teardown_taskflow.py
[2026-06-03T12:47:48.493+0000] {processor.py:840} INFO - DAG(s) 'example_setup_teardown_taskflow' retrieved from /home/airflow/.local/lib/python3.8/site-packages/airflow/example_dags/example_setup_teardown_taskflow.py
[2026-06-03T12:47:48.523+0000] {logging_mixin.py:188} INFO - [2026-06-03T12:47:48.523+0000] {dag.py:3033} INFO - Sync 1 DAGs
[2026-06-03T12:47:48.540+0000] {logging_mixin.py:188} INFO - [2026-06-03T12:47:48.540+0000] {dag.py:3820} INFO - Setting next_dagrun for example_setup_teardown_taskflow to 2026-06-02T00:00:00+00:00, run_after=2026-06-03T00:00:00+00:00
[2026-06-03T12:47:48.562+0000] {processor.py:183} INFO - Processing /home/airflow/.local/lib/python3.8/site-packages/airflow/example_dags/example_setup_teardown_taskflow.py took 0.097 seconds
[2026-06-03T12:48:18.756+0000] {processor.py:161} INFO - Started process (PID=6640) to work on /home/airflow/.local/lib/python3.8/site-packages/airflow/example_dags/example_setup_teardown_taskflow.py
[2026-06-03T12:48:18.758+0000] {processor.py:830} INFO - Processing file /home/airflow/.local/lib/python3.8/site-packages/airflow/example_dags/example_setup_teardown_taskflow.py for tasks to queue
[2026-06-03T12:48:18.760+0000] {logging_mixin.py:188} INFO - [2026-06-03T12:48:18.760+0000] {dagbag.py:538} INFO - Filling up the DagBag from /home/airflow/.local/lib/python3.8/site-packages/airflow/example_dags/example_setup_teardown_taskflow.py
[2026-06-03T12:48:18.767+0000] {processor.py:840} INFO - DAG(s) 'example_setup_teardown_taskflow' retrieved from /home/airflow/.local/lib/python3.8/site-packages/airflow/example_dags/example_setup_teardown_taskflow.py
[2026-06-03T12:48:18.782+0000] {logging_mixin.py:188} INFO - [2026-06-03T12:48:18.782+0000] {dag.py:3033} INFO - Sync 1 DAGs
[2026-06-03T12:48:18.791+0000] {logging_mixin.py:188} INFO - [2026-06-03T12:48:18.791+0000] {dag.py:3820} INFO - Setting next_dagrun for example_setup_teardown_taskflow to 2026-06-02T00:00:00+00:00, run_after=2026-06-03T00:00:00+00:00
[2026-06-03T12:48:18.800+0000] {processor.py:183} INFO - Processing /home/airflow/.local/lib/python3.8/site-packages/airflow/example_dags/example_setup_teardown_taskflow.py took 0.045 seconds
[2026-06-03T12:48:49.821+0000] {processor.py:161} INFO - Started process (PID=6696) to work on /home/airflow/.local/lib/python3.8/site-packages/airflow/example_dags/example_setup_teardown_taskflow.py
[2026-06-03T12:48:49.823+0000] {processor.py:830} INFO - Processing file /home/airflow/.local/lib/python3.8/site-packages/airflow/example_dags/example_setup_teardown_taskflow.py for tasks to queue
[2026-06-03T12:48:49.825+0000] {logging_mixin.py:188} INFO - [2026-06-03T12:48:49.824+0000] {dagbag.py:538} INFO - Filling up the DagBag from /home/airflow/.local/lib/python3.8/site-packages/airflow/example_dags/example_setup_teardown_taskflow.py
[2026-06-03T12:48:49.835+0000] {processor.py:840} INFO - DAG(s) 'example_setup_teardown_taskflow' retrieved from /home/airflow/.local/lib/python3.8/site-packages/airflow/example_dags/example_setup_teardown_taskflow.py
[2026-06-03T12:48:49.849+0000] {logging_mixin.py:188} INFO - [2026-06-03T12:48:49.849+0000] {dag.py:3033} INFO - Sync 1 DAGs
[2026-06-03T12:48:49.862+0000] {logging_mixin.py:188} INFO - [2026-06-03T12:48:49.861+0000] {dag.py:3820} INFO - Setting next_dagrun for example_setup_teardown_taskflow to 2026-06-02T00:00:00+00:00, run_after=2026-06-03T00:00:00+00:00
[2026-06-03T12:48:49.876+0000] {processor.py:183} INFO - Processing /home/airflow/.local/lib/python3.8/site-packages/airflow/example_dags/example_setup_teardown_taskflow.py took 0.058 seconds
[2026-06-03T12:49:20.212+0000] {processor.py:161} INFO - Started process (PID=6752) to work on /home/airflow/.local/lib/python3.8/site-packages/airflow/example_dags/example_setup_teardown_taskflow.py
[2026-06-03T12:49:20.212+0000] {processor.py:830} INFO - Processing file /home/airflow/.local/lib/python3.8/site-packages/airflow/example_dags/example_setup_teardown_taskflow.py for tasks to queue
[2026-06-03T12:49:20.215+0000] {logging_mixin.py:188} INFO - [2026-06-03T12:49:20.214+0000] {dagbag.py:538} INFO - Filling up the DagBag from /home/airflow/.local/lib/python3.8/site-packages/airflow/example_dags/example_setup_teardown_taskflow.py
[2026-06-03T12:49:20.219+0000] {processor.py:840} INFO - DAG(s) 'example_setup_teardown_taskflow' retrieved from /home/airflow/.local/lib/python3.8/site-packages/airflow/example_dags/example_setup_teardown_taskflow.py
[2026-06-03T12:49:20.235+0000] {logging_mixin.py:188} INFO - [2026-06-03T12:49:20.235+0000] {dag.py:3033} INFO - Sync 1 DAGs
[2026-06-03T12:49:20.247+0000] {logging_mixin.py:188} INFO - [2026-06-03T12:49:20.247+0000] {dag.py:3820} INFO - Setting next_dagrun for example_setup_teardown_taskflow to 2026-06-02T00:00:00+00:00, run_after=2026-06-03T00:00:00+00:00
[2026-06-03T12:49:20.262+0000] {processor.py:183} INFO - Processing /home/airflow/.local/lib/python3.8/site-packages/airflow/example_dags/example_setup_teardown_taskflow.py took 0.052 seconds
[2026-06-03T12:49:51.046+0000] {processor.py:161} INFO - Started process (PID=6808) to work on /home/airflow/.local/lib/python3.8/site-packages/airflow/example_dags/example_setup_teardown_taskflow.py
[2026-06-03T12:49:51.047+0000] {processor.py:830} INFO - Processing file /home/airflow/.local/lib/python3.8/site-packages/airflow/example_dags/example_setup_teardown_taskflow.py for tasks to queue
[2026-06-03T12:49:51.048+0000] {logging_mixin.py:188} INFO - [2026-06-03T12:49:51.048+0000] {dagbag.py:538} INFO - Filling up the DagBag from /home/airflow/.local/lib/python3.8/site-packages/airflow/example_dags/example_setup_teardown_taskflow.py
[2026-06-03T12:49:51.055+0000] {processor.py:840} INFO - DAG(s) 'example_setup_teardown_taskflow' retrieved from /home/airflow/.local/lib/python3.8/site-packages/airflow/example_dags/example_setup_teardown_taskflow.py
[2026-06-03T12:49:51.068+0000] {logging_mixin.py:188} INFO - [2026-06-03T12:49:51.067+0000] {dag.py:3033} INFO - Sync 1 DAGs
[2026-06-03T12:49:51.081+0000] {logging_mixin.py:188} INFO - [2026-06-03T12:49:51.081+0000] {dag.py:3820} INFO - Setting next_dagrun for example_setup_teardown_taskflow to 2026-06-02T00:00:00+00:00, run_after=2026-06-03T00:00:00+00:00
[2026-06-03T12:49:51.089+0000] {processor.py:183} INFO - Processing /home/airflow/.local/lib/python3.8/site-packages/airflow/example_dags/example_setup_teardown_taskflow.py took 0.046 seconds
[2026-06-03T12:50:21.805+0000] {processor.py:161} INFO - Started process (PID=6864) to work on /home/airflow/.local/lib/python3.8/site-packages/airflow/example_dags/example_setup_teardown_taskflow.py
[2026-06-03T12:50:21.805+0000] {processor.py:830} INFO - Processing file /home/airflow/.local/lib/python3.8/site-packages/airflow/example_dags/example_setup_teardown_taskflow.py for tasks to queue
[2026-06-03T12:50:21.806+0000] {logging_mixin.py:188} INFO - [2026-06-03T12:50:21.806+0000] {dagbag.py:538} INFO - Filling up the DagBag from /home/airflow/.local/lib/python3.8/site-packages/airflow/example_dags/example_setup_teardown_taskflow.py
[2026-06-03T12:50:21.811+0000] {processor.py:840} INFO - DAG(s) 'example_setup_teardown_taskflow' retrieved from /home/airflow/.local/lib/python3.8/site-packages/airflow/example_dags/example_setup_teardown_taskflow.py
[2026-06-03T12:50:21.821+0000] {logging_mixin.py:188} INFO - [2026-06-03T12:50:21.820+0000] {dag.py:3033} INFO - Sync 1 DAGs
[2026-06-03T12:50:21.832+0000] {logging_mixin.py:188} INFO - [2026-06-03T12:50:21.832+0000] {dag.py:3820} INFO - Setting next_dagrun for example_setup_teardown_taskflow to 2026-06-02T00:00:00+00:00, run_after=2026-06-03T00:00:00+00:00
[2026-06-03T12:50:21.840+0000] {processor.py:183} INFO - Processing /home/airflow/.local/lib/python3.8/site-packages/airflow/example_dags/example_setup_teardown_taskflow.py took 0.037 seconds
[2026-06-03T12:51:00.966+0000] {processor.py:161} INFO - Started process (PID=80) to work on /home/airflow/.local/lib/python3.8/site-packages/airflow/example_dags/example_setup_teardown_taskflow.py
[2026-06-03T12:51:00.976+0000] {processor.py:830} INFO - Processing file /home/airflow/.local/lib/python3.8/site-packages/airflow/example_dags/example_setup_teardown_taskflow.py for tasks to queue
[2026-06-03T12:51:01.002+0000] {logging_mixin.py:188} INFO - [2026-06-03T12:51:01.001+0000] {dagbag.py:538} INFO - Filling up the DagBag from /home/airflow/.local/lib/python3.8/site-packages/airflow/example_dags/example_setup_teardown_taskflow.py
[2026-06-03T12:51:01.059+0000] {processor.py:840} INFO - DAG(s) 'example_setup_teardown_taskflow' retrieved from /home/airflow/.local/lib/python3.8/site-packages/airflow/example_dags/example_setup_teardown_taskflow.py
[2026-06-03T12:51:01.112+0000] {logging_mixin.py:188} INFO - [2026-06-03T12:51:01.112+0000] {dag.py:3033} INFO - Sync 1 DAGs
[2026-06-03T12:51:01.160+0000] {logging_mixin.py:188} INFO - [2026-06-03T12:51:01.160+0000] {dag.py:3820} INFO - Setting next_dagrun for example_setup_teardown_taskflow to 2026-06-02T00:00:00+00:00, run_after=2026-06-03T00:00:00+00:00
[2026-06-03T12:51:01.259+0000] {processor.py:183} INFO - Processing /home/airflow/.local/lib/python3.8/site-packages/airflow/example_dags/example_setup_teardown_taskflow.py took 0.332 seconds
[2026-06-03T12:51:31.462+0000] {processor.py:161} INFO - Started process (PID=136) to work on /home/airflow/.local/lib/python3.8/site-packages/airflow/example_dags/example_setup_teardown_taskflow.py
[2026-06-03T12:51:31.464+0000] {processor.py:830} INFO - Processing file /home/airflow/.local/lib/python3.8/site-packages/airflow/example_dags/example_setup_teardown_taskflow.py for tasks to queue
[2026-06-03T12:51:31.464+0000] {logging_mixin.py:188} INFO - [2026-06-03T12:51:31.464+0000] {dagbag.py:538} INFO - Filling up the DagBag from /home/airflow/.local/lib/python3.8/site-packages/airflow/example_dags/example_setup_teardown_taskflow.py
[2026-06-03T12:51:31.472+0000] {processor.py:840} INFO - DAG(s) 'example_setup_teardown_taskflow' retrieved from /home/airflow/.local/lib/python3.8/site-packages/airflow/example_dags/example_setup_teardown_taskflow.py
[2026-06-03T12:51:31.535+0000] {logging_mixin.py:188} INFO - [2026-06-03T12:51:31.535+0000] {dag.py:3033} INFO - Sync 1 DAGs
[2026-06-03T12:51:31.543+0000] {logging_mixin.py:188} INFO - [2026-06-03T12:51:31.542+0000] {dag.py:3820} INFO - Setting next_dagrun for example_setup_teardown_taskflow to 2026-06-02T00:00:00+00:00, run_after=2026-06-03T00:00:00+00:00
[2026-06-03T12:51:31.557+0000] {processor.py:183} INFO - Processing /home/airflow/.local/lib/python3.8/site-packages/airflow/example_dags/example_setup_teardown_taskflow.py took 0.097 seconds
[2026-06-03T12:52:02.330+0000] {processor.py:161} INFO - Started process (PID=192) to work on /home/airflow/.local/lib/python3.8/site-packages/airflow/example_dags/example_setup_teardown_taskflow.py
[2026-06-03T12:52:02.330+0000] {processor.py:830} INFO - Processing file /home/airflow/.local/lib/python3.8/site-packages/airflow/example_dags/example_setup_teardown_taskflow.py for tasks to queue
[2026-06-03T12:52:02.331+0000] {logging_mixin.py:188} INFO - [2026-06-03T12:52:02.331+0000] {dagbag.py:538} INFO - Filling up the DagBag from /home/airflow/.local/lib/python3.8/site-packages/airflow/example_dags/example_setup_teardown_taskflow.py
[2026-06-03T12:52:02.338+0000] {processor.py:840} INFO - DAG(s) 'example_setup_teardown_taskflow' retrieved from /home/airflow/.local/lib/python3.8/site-packages/airflow/example_dags/example_setup_teardown_taskflow.py
[2026-06-03T12:52:02.360+0000] {logging_mixin.py:188} INFO - [2026-06-03T12:52:02.360+0000] {dag.py:3033} INFO - Sync 1 DAGs
[2026-06-03T12:52:02.381+0000] {logging_mixin.py:188} INFO - [2026-06-03T12:52:02.381+0000] {dag.py:3820} INFO - Setting next_dagrun for example_setup_teardown_taskflow to 2026-06-02T00:00:00+00:00, run_after=2026-06-03T00:00:00+00:00
[2026-06-03T12:52:02.403+0000] {processor.py:183} INFO - Processing /home/airflow/.local/lib/python3.8/site-packages/airflow/example_dags/example_setup_teardown_taskflow.py took 0.074 seconds
[2026-06-03T12:52:33.050+0000] {processor.py:161} INFO - Started process (PID=254) to work on /home/airflow/.local/lib/python3.8/site-packages/airflow/example_dags/example_setup_teardown_taskflow.py
[2026-06-03T12:52:33.050+0000] {processor.py:830} INFO - Processing file /home/airflow/.local/lib/python3.8/site-packages/airflow/example_dags/example_setup_teardown_taskflow.py for tasks to queue
[2026-06-03T12:52:33.051+0000] {logging_mixin.py:188} INFO - [2026-06-03T12:52:33.051+0000] {dagbag.py:538} INFO - Filling up the DagBag from /home/airflow/.local/lib/python3.8/site-packages/airflow/example_dags/example_setup_teardown_taskflow.py
[2026-06-03T12:52:33.055+0000] {processor.py:840} INFO - DAG(s) 'example_setup_teardown_taskflow' retrieved from /home/airflow/.local/lib/python3.8/site-packages/airflow/example_dags/example_setup_teardown_taskflow.py
[2026-06-03T12:52:33.069+0000] {logging_mixin.py:188} INFO - [2026-06-03T12:52:33.069+0000] {dag.py:3033} INFO - Sync 1 DAGs
[2026-06-03T12:52:33.080+0000] {logging_mixin.py:188} INFO - [2026-06-03T12:52:33.080+0000] {dag.py:3820} INFO - Setting next_dagrun for example_setup_teardown_taskflow to 2026-06-02T00:00:00+00:00, run_after=2026-06-03T00:00:00+00:00
[2026-06-03T12:52:33.094+0000] {processor.py:183} INFO - Processing /home/airflow/.local/lib/python3.8/site-packages/airflow/example_dags/example_setup_teardown_taskflow.py took 0.046 seconds
[2026-06-03T12:53:03.452+0000] {processor.py:161} INFO - Started process (PID=310) to work on /home/airflow/.local/lib/python3.8/site-packages/airflow/example_dags/example_setup_teardown_taskflow.py
[2026-06-03T12:53:03.453+0000] {processor.py:830} INFO - Processing file /home/airflow/.local/lib/python3.8/site-packages/airflow/example_dags/example_setup_teardown_taskflow.py for tasks to queue
[2026-06-03T12:53:03.454+0000] {logging_mixin.py:188} INFO - [2026-06-03T12:53:03.454+0000] {dagbag.py:538} INFO - Filling up the DagBag from /home/airflow/.local/lib/python3.8/site-packages/airflow/example_dags/example_setup_teardown_taskflow.py
[2026-06-03T12:53:03.459+0000] {processor.py:840} INFO - DAG(s) 'example_setup_teardown_taskflow' retrieved from /home/airflow/.local/lib/python3.8/site-packages/airflow/example_dags/example_setup_teardown_taskflow.py
[2026-06-03T12:53:03.469+0000] {logging_mixin.py:188} INFO - [2026-06-03T12:53:03.469+0000] {dag.py:3033} INFO - Sync 1 DAGs
[2026-06-03T12:53:03.479+0000] {logging_mixin.py:188} INFO - [2026-06-03T12:53:03.479+0000] {dag.py:3820} INFO - Setting next_dagrun for example_setup_teardown_taskflow to 2026-06-02T00:00:00+00:00, run_after=2026-06-03T00:00:00+00:00
[2026-06-03T12:53:03.489+0000] {processor.py:183} INFO - Processing /home/airflow/.local/lib/python3.8/site-packages/airflow/example_dags/example_setup_teardown_taskflow.py took 0.040 seconds
[2026-06-03T12:53:33.919+0000] {processor.py:161} INFO - Started process (PID=366) to work on /home/airflow/.local/lib/python3.8/site-packages/airflow/example_dags/example_setup_teardown_taskflow.py
[2026-06-03T12:53:33.921+0000] {processor.py:830} INFO - Processing file /home/airflow/.local/lib/python3.8/site-packages/airflow/example_dags/example_setup_teardown_taskflow.py for tasks to queue
[2026-06-03T12:53:33.922+0000] {logging_mixin.py:188} INFO - [2026-06-03T12:53:33.922+0000] {dagbag.py:538} INFO - Filling up the DagBag from /home/airflow/.local/lib/python3.8/site-packages/airflow/example_dags/example_setup_teardown_taskflow.py
[2026-06-03T12:53:33.929+0000] {processor.py:840} INFO - DAG(s) 'example_setup_teardown_taskflow' retrieved from /home/airflow/.local/lib/python3.8/site-packages/airflow/example_dags/example_setup_teardown_taskflow.py
[2026-06-03T12:53:33.946+0000] {logging_mixin.py:188} INFO - [2026-06-03T12:53:33.946+0000] {dag.py:3033} INFO - Sync 1 DAGs
[2026-06-03T12:53:33.960+0000] {logging_mixin.py:188} INFO - [2026-06-03T12:53:33.960+0000] {dag.py:3820} INFO - Setting next_dagrun for example_setup_teardown_taskflow to 2026-06-02T00:00:00+00:00, run_after=2026-06-03T00:00:00+00:00
[2026-06-03T12:53:33.970+0000] {processor.py:183} INFO - Processing /home/airflow/.local/lib/python3.8/site-packages/airflow/example_dags/example_setup_teardown_taskflow.py took 0.052 seconds
[2026-06-03T12:54:04.907+0000] {processor.py:161} INFO - Started process (PID=422) to work on /home/airflow/.local/lib/python3.8/site-packages/airflow/example_dags/example_setup_teardown_taskflow.py
[2026-06-03T12:54:04.908+0000] {processor.py:830} INFO - Processing file /home/airflow/.local/lib/python3.8/site-packages/airflow/example_dags/example_setup_teardown_taskflow.py for tasks to queue
[2026-06-03T12:54:04.909+0000] {logging_mixin.py:188} INFO - [2026-06-03T12:54:04.909+0000] {dagbag.py:538} INFO - Filling up the DagBag from /home/airflow/.local/lib/python3.8/site-packages/airflow/example_dags/example_setup_teardown_taskflow.py
[2026-06-03T12:54:04.914+0000] {processor.py:840} INFO - DAG(s) 'example_setup_teardown_taskflow' retrieved from /home/airflow/.local/lib/python3.8/site-packages/airflow/example_dags/example_setup_teardown_taskflow.py
[2026-06-03T12:54:04.940+0000] {logging_mixin.py:188} INFO - [2026-06-03T12:54:04.940+0000] {dag.py:3033} INFO - Sync 1 DAGs
[2026-06-03T12:54:04.963+0000] {logging_mixin.py:188} INFO - [2026-06-03T12:54:04.962+0000] {dag.py:3820} INFO - Setting next_dagrun for example_setup_teardown_taskflow to 2026-06-02T00:00:00+00:00, run_after=2026-06-03T00:00:00+00:00
[2026-06-03T12:54:04.980+0000] {processor.py:183} INFO - Processing /home/airflow/.local/lib/python3.8/site-packages/airflow/example_dags/example_setup_teardown_taskflow.py took 0.075 seconds
[2026-06-03T12:54:35.092+0000] {processor.py:161} INFO - Started process (PID=478) to work on /home/airflow/.local/lib/python3.8/site-packages/airflow/example_dags/example_setup_teardown_taskflow.py
[2026-06-03T12:54:35.093+0000] {processor.py:830} INFO - Processing file /home/airflow/.local/lib/python3.8/site-packages/airflow/example_dags/example_setup_teardown_taskflow.py for tasks to queue
[2026-06-03T12:54:35.094+0000] {logging_mixin.py:188} INFO - [2026-06-03T12:54:35.094+0000] {dagbag.py:538} INFO - Filling up the DagBag from /home/airflow/.local/lib/python3.8/site-packages/airflow/example_dags/example_setup_teardown_taskflow.py
[2026-06-03T12:54:35.098+0000] {processor.py:840} INFO - DAG(s) 'example_setup_teardown_taskflow' retrieved from /home/airflow/.local/lib/python3.8/site-packages/airflow/example_dags/example_setup_teardown_taskflow.py
[2026-06-03T12:54:35.112+0000] {logging_mixin.py:188} INFO - [2026-06-03T12:54:35.112+0000] {dag.py:3033} INFO - Sync 1 DAGs
[2026-06-03T12:54:35.121+0000] {logging_mixin.py:188} INFO - [2026-06-03T12:54:35.121+0000] {dag.py:3820} INFO - Setting next_dagrun for example_setup_teardown_taskflow to 2026-06-02T00:00:00+00:00, run_after=2026-06-03T00:00:00+00:00
[2026-06-03T12:54:35.129+0000] {processor.py:183} INFO - Processing /home/airflow/.local/lib/python3.8/site-packages/airflow/example_dags/example_setup_teardown_taskflow.py took 0.039 seconds
[2026-06-03T12:55:05.689+0000] {processor.py:161} INFO - Started process (PID=534) to work on /home/airflow/.local/lib/python3.8/site-packages/airflow/example_dags/example_setup_teardown_taskflow.py
[2026-06-03T12:55:05.689+0000] {processor.py:830} INFO - Processing file /home/airflow/.local/lib/python3.8/site-packages/airflow/example_dags/example_setup_teardown_taskflow.py for tasks to queue
[2026-06-03T12:55:05.690+0000] {logging_mixin.py:188} INFO - [2026-06-03T12:55:05.690+0000] {dagbag.py:538} INFO - Filling up the DagBag from /home/airflow/.local/lib/python3.8/site-packages/airflow/example_dags/example_setup_teardown_taskflow.py
[2026-06-03T12:55:05.694+0000] {processor.py:840} INFO - DAG(s) 'example_setup_teardown_taskflow' retrieved from /home/airflow/.local/lib/python3.8/site-packages/airflow/example_dags/example_setup_teardown_taskflow.py
[2026-06-03T12:55:05.704+0000] {logging_mixin.py:188} INFO - [2026-06-03T12:55:05.704+0000] {dag.py:3033} INFO - Sync 1 DAGs
[2026-06-03T12:55:05.713+0000] {logging_mixin.py:188} INFO - [2026-06-03T12:55:05.713+0000] {dag.py:3820} INFO - Setting next_dagrun for example_setup_teardown_taskflow to 2026-06-02T00:00:00+00:00, run_after=2026-06-03T00:00:00+00:00
[2026-06-03T12:55:05.720+0000] {processor.py:183} INFO - Processing /home/airflow/.local/lib/python3.8/site-packages/airflow/example_dags/example_setup_teardown_taskflow.py took 0.033 seconds
[2026-06-03T12:55:37.320+0000] {processor.py:161} INFO - Started process (PID=590) to work on /home/airflow/.local/lib/python3.8/site-packages/airflow/example_dags/example_setup_teardown_taskflow.py
[2026-06-03T12:55:37.321+0000] {processor.py:830} INFO - Processing file /home/airflow/.local/lib/python3.8/site-packages/airflow/example_dags/example_setup_teardown_taskflow.py for tasks to queue
[2026-06-03T12:55:37.322+0000] {logging_mixin.py:188} INFO - [2026-06-03T12:55:37.322+0000] {dagbag.py:538} INFO - Filling up the DagBag from /home/airflow/.local/lib/python3.8/site-packages/airflow/example_dags/example_setup_teardown_taskflow.py
[2026-06-03T12:55:37.328+0000] {processor.py:840} INFO - DAG(s) 'example_setup_teardown_taskflow' retrieved from /home/airflow/.local/lib/python3.8/site-packages/airflow/example_dags/example_setup_teardown_taskflow.py
[2026-06-03T12:55:37.340+0000] {logging_mixin.py:188} INFO - [2026-06-03T12:55:37.340+0000] {dag.py:3033} INFO - Sync 1 DAGs
[2026-06-03T12:55:37.354+0000] {logging_mixin.py:188} INFO - [2026-06-03T12:55:37.354+0000] {dag.py:3820} INFO - Setting next_dagrun for example_setup_teardown_taskflow to 2026-06-02T00:00:00+00:00, run_after=2026-06-03T00:00:00+00:00
[2026-06-03T12:55:37.367+0000] {processor.py:183} INFO - Processing /home/airflow/.local/lib/python3.8/site-packages/airflow/example_dags/example_setup_teardown_taskflow.py took 0.050 seconds
[2026-06-03T12:56:08.539+0000] {processor.py:161} INFO - Started process (PID=652) to work on /home/airflow/.local/lib/python3.8/site-packages/airflow/example_dags/example_setup_teardown_taskflow.py
[2026-06-03T12:56:08.541+0000] {processor.py:830} INFO - Processing file /home/airflow/.local/lib/python3.8/site-packages/airflow/example_dags/example_setup_teardown_taskflow.py for tasks to queue
[2026-06-03T12:56:08.544+0000] {logging_mixin.py:188} INFO - [2026-06-03T12:56:08.543+0000] {dagbag.py:538} INFO - Filling up the DagBag from /home/airflow/.local/lib/python3.8/site-packages/airflow/example_dags/example_setup_teardown_taskflow.py
[2026-06-03T12:56:08.553+0000] {processor.py:840} INFO - DAG(s) 'example_setup_teardown_taskflow' retrieved from /home/airflow/.local/lib/python3.8/site-packages/airflow/example_dags/example_setup_teardown_taskflow.py
[2026-06-03T12:56:08.590+0000] {logging_mixin.py:188} INFO - [2026-06-03T12:56:08.589+0000] {dag.py:3033} INFO - Sync 1 DAGs
[2026-06-03T12:56:08.608+0000] {logging_mixin.py:188} INFO - [2026-06-03T12:56:08.607+0000] {dag.py:3820} INFO - Setting next_dagrun for example_setup_teardown_taskflow to 2026-06-02T00:00:00+00:00, run_after=2026-06-03T00:00:00+00:00
[2026-06-03T12:56:08.622+0000] {processor.py:183} INFO - Processing /home/airflow/.local/lib/python3.8/site-packages/airflow/example_dags/example_setup_teardown_taskflow.py took 0.087 seconds
[2026-06-03T12:56:39.208+0000] {processor.py:161} INFO - Started process (PID=792) to work on /home/airflow/.local/lib/python3.8/site-packages/airflow/example_dags/example_setup_teardown_taskflow.py
[2026-06-03T12:56:39.209+0000] {processor.py:830} INFO - Processing file /home/airflow/.local/lib/python3.8/site-packages/airflow/example_dags/example_setup_teardown_taskflow.py for tasks to queue
[2026-06-03T12:56:39.211+0000] {logging_mixin.py:188} INFO - [2026-06-03T12:56:39.211+0000] {dagbag.py:538} INFO - Filling up the DagBag from /home/airflow/.local/lib/python3.8/site-packages/airflow/example_dags/example_setup_teardown_taskflow.py
[2026-06-03T12:56:39.219+0000] {processor.py:840} INFO - DAG(s) 'example_setup_teardown_taskflow' retrieved from /home/airflow/.local/lib/python3.8/site-packages/airflow/example_dags/example_setup_teardown_taskflow.py
[2026-06-03T12:56:39.230+0000] {logging_mixin.py:188} INFO - [2026-06-03T12:56:39.230+0000] {dag.py:3033} INFO - Sync 1 DAGs
[2026-06-03T12:56:39.241+0000] {logging_mixin.py:188} INFO - [2026-06-03T12:56:39.241+0000] {dag.py:3820} INFO - Setting next_dagrun for example_setup_teardown_taskflow to 2026-06-02T00:00:00+00:00, run_after=2026-06-03T00:00:00+00:00
[2026-06-03T12:56:39.251+0000] {processor.py:183} INFO - Processing /home/airflow/.local/lib/python3.8/site-packages/airflow/example_dags/example_setup_teardown_taskflow.py took 0.045 seconds
[2026-06-03T12:57:10.028+0000] {processor.py:161} INFO - Started process (PID=848) to work on /home/airflow/.local/lib/python3.8/site-packages/airflow/example_dags/example_setup_teardown_taskflow.py
[2026-06-03T12:57:10.029+0000] {processor.py:830} INFO - Processing file /home/airflow/.local/lib/python3.8/site-packages/airflow/example_dags/example_setup_teardown_taskflow.py for tasks to queue
[2026-06-03T12:57:10.030+0000] {logging_mixin.py:188} INFO - [2026-06-03T12:57:10.030+0000] {dagbag.py:538} INFO - Filling up the DagBag from /home/airflow/.local/lib/python3.8/site-packages/airflow/example_dags/example_setup_teardown_taskflow.py
[2026-06-03T12:57:10.037+0000] {processor.py:840} INFO - DAG(s) 'example_setup_teardown_taskflow' retrieved from /home/airflow/.local/lib/python3.8/site-packages/airflow/example_dags/example_setup_teardown_taskflow.py
[2026-06-03T12:57:10.050+0000] {logging_mixin.py:188} INFO - [2026-06-03T12:57:10.050+0000] {dag.py:3033} INFO - Sync 1 DAGs
[2026-06-03T12:57:10.061+0000] {logging_mixin.py:188} INFO - [2026-06-03T12:57:10.061+0000] {dag.py:3820} INFO - Setting next_dagrun for example_setup_teardown_taskflow to 2026-06-02T00:00:00+00:00, run_after=2026-06-03T00:00:00+00:00
[2026-06-03T12:57:10.069+0000] {processor.py:183} INFO - Processing /home/airflow/.local/lib/python3.8/site-packages/airflow/example_dags/example_setup_teardown_taskflow.py took 0.043 seconds
[2026-06-03T12:57:41.120+0000] {processor.py:161} INFO - Started process (PID=904) to work on /home/airflow/.local/lib/python3.8/site-packages/airflow/example_dags/example_setup_teardown_taskflow.py
[2026-06-03T12:57:41.124+0000] {processor.py:830} INFO - Processing file /home/airflow/.local/lib/python3.8/site-packages/airflow/example_dags/example_setup_teardown_taskflow.py for tasks to queue
[2026-06-03T12:57:41.128+0000] {logging_mixin.py:188} INFO - [2026-06-03T12:57:41.128+0000] {dagbag.py:538} INFO - Filling up the DagBag from /home/airflow/.local/lib/python3.8/site-packages/airflow/example_dags/example_setup_teardown_taskflow.py
[2026-06-03T12:57:41.150+0000] {processor.py:840} INFO - DAG(s) 'example_setup_teardown_taskflow' retrieved from /home/airflow/.local/lib/python3.8/site-packages/airflow/example_dags/example_setup_teardown_taskflow.py
[2026-06-03T12:57:41.215+0000] {logging_mixin.py:188} INFO - [2026-06-03T12:57:41.214+0000] {dag.py:3033} INFO - Sync 1 DAGs
[2026-06-03T12:57:41.250+0000] {logging_mixin.py:188} INFO - [2026-06-03T12:57:41.250+0000] {dag.py:3820} INFO - Setting next_dagrun for example_setup_teardown_taskflow to 2026-06-02T00:00:00+00:00, run_after=2026-06-03T00:00:00+00:00
[2026-06-03T12:57:41.321+0000] {processor.py:183} INFO - Processing /home/airflow/.local/lib/python3.8/site-packages/airflow/example_dags/example_setup_teardown_taskflow.py took 0.221 seconds
[2026-06-03T12:58:12.102+0000] {processor.py:161} INFO - Started process (PID=960) to work on /home/airflow/.local/lib/python3.8/site-packages/airflow/example_dags/example_setup_teardown_taskflow.py
[2026-06-03T12:58:12.102+0000] {processor.py:830} INFO - Processing file /home/airflow/.local/lib/python3.8/site-packages/airflow/example_dags/example_setup_teardown_taskflow.py for tasks to queue
[2026-06-03T12:58:12.103+0000] {logging_mixin.py:188} INFO - [2026-06-03T12:58:12.103+0000] {dagbag.py:538} INFO - Filling up the DagBag from /home/airflow/.local/lib/python3.8/site-packages/airflow/example_dags/example_setup_teardown_taskflow.py
[2026-06-03T12:58:12.108+0000] {processor.py:840} INFO - DAG(s) 'example_setup_teardown_taskflow' retrieved from /home/airflow/.local/lib/python3.8/site-packages/airflow/example_dags/example_setup_teardown_taskflow.py
[2026-06-03T12:58:12.116+0000] {logging_mixin.py:188} INFO - [2026-06-03T12:58:12.116+0000] {dag.py:3033} INFO - Sync 1 DAGs
[2026-06-03T12:58:12.126+0000] {logging_mixin.py:188} INFO - [2026-06-03T12:58:12.126+0000] {dag.py:3820} INFO - Setting next_dagrun for example_setup_teardown_taskflow to 2026-06-02T00:00:00+00:00, run_after=2026-06-03T00:00:00+00:00
[2026-06-03T12:58:12.133+0000] {processor.py:183} INFO - Processing /home/airflow/.local/lib/python3.8/site-packages/airflow/example_dags/example_setup_teardown_taskflow.py took 0.033 seconds
[2026-06-03T12:58:42.680+0000] {processor.py:161} INFO - Started process (PID=1016) to work on /home/airflow/.local/lib/python3.8/site-packages/airflow/example_dags/example_setup_teardown_taskflow.py
[2026-06-03T12:58:42.680+0000] {processor.py:830} INFO - Processing file /home/airflow/.local/lib/python3.8/site-packages/airflow/example_dags/example_setup_teardown_taskflow.py for tasks to queue
[2026-06-03T12:58:42.681+0000] {logging_mixin.py:188} INFO - [2026-06-03T12:58:42.681+0000] {dagbag.py:538} INFO - Filling up the DagBag from /home/airflow/.local/lib/python3.8/site-packages/airflow/example_dags/example_setup_teardown_taskflow.py
[2026-06-03T12:58:42.687+0000] {processor.py:840} INFO - DAG(s) 'example_setup_teardown_taskflow' retrieved from /home/airflow/.local/lib/python3.8/site-packages/airflow/example_dags/example_setup_teardown_taskflow.py
[2026-06-03T12:58:42.700+0000] {logging_mixin.py:188} INFO - [2026-06-03T12:58:42.700+0000] {dag.py:3033} INFO - Sync 1 DAGs
[2026-06-03T12:58:42.709+0000] {logging_mixin.py:188} INFO - [2026-06-03T12:58:42.709+0000] {dag.py:3820} INFO - Setting next_dagrun for example_setup_teardown_taskflow to 2026-06-02T00:00:00+00:00, run_after=2026-06-03T00:00:00+00:00
[2026-06-03T12:58:42.716+0000] {processor.py:183} INFO - Processing /home/airflow/.local/lib/python3.8/site-packages/airflow/example_dags/example_setup_teardown_taskflow.py took 0.038 seconds
[2026-06-03T12:59:13.595+0000] {processor.py:161} INFO - Started process (PID=1072) to work on /home/airflow/.local/lib/python3.8/site-packages/airflow/example_dags/example_setup_teardown_taskflow.py
[2026-06-03T12:59:13.597+0000] {processor.py:830} INFO - Processing file /home/airflow/.local/lib/python3.8/site-packages/airflow/example_dags/example_setup_teardown_taskflow.py for tasks to queue
[2026-06-03T12:59:13.598+0000] {logging_mixin.py:188} INFO - [2026-06-03T12:59:13.598+0000] {dagbag.py:538} INFO - Filling up the DagBag from /home/airflow/.local/lib/python3.8/site-packages/airflow/example_dags/example_setup_teardown_taskflow.py
[2026-06-03T12:59:13.603+0000] {processor.py:840} INFO - DAG(s) 'example_setup_teardown_taskflow' retrieved from /home/airflow/.local/lib/python3.8/site-packages/airflow/example_dags/example_setup_teardown_taskflow.py
[2026-06-03T12:59:13.616+0000] {logging_mixin.py:188} INFO - [2026-06-03T12:59:13.616+0000] {dag.py:3033} INFO - Sync 1 DAGs
[2026-06-03T12:59:13.630+0000] {logging_mixin.py:188} INFO - [2026-06-03T12:59:13.630+0000] {dag.py:3820} INFO - Setting next_dagrun for example_setup_teardown_taskflow to 2026-06-02T00:00:00+00:00, run_after=2026-06-03T00:00:00+00:00
[2026-06-03T12:59:13.640+0000] {processor.py:183} INFO - Processing /home/airflow/.local/lib/python3.8/site-packages/airflow/example_dags/example_setup_teardown_taskflow.py took 0.046 seconds
[2026-06-03T12:59:43.866+0000] {processor.py:161} INFO - Started process (PID=1128) to work on /home/airflow/.local/lib/python3.8/site-packages/airflow/example_dags/example_setup_teardown_taskflow.py
[2026-06-03T12:59:43.867+0000] {processor.py:830} INFO - Processing file /home/airflow/.local/lib/python3.8/site-packages/airflow/example_dags/example_setup_teardown_taskflow.py for tasks to queue
[2026-06-03T12:59:43.868+0000] {logging_mixin.py:188} INFO - [2026-06-03T12:59:43.868+0000] {dagbag.py:538} INFO - Filling up the DagBag from /home/airflow/.local/lib/python3.8/site-packages/airflow/example_dags/example_setup_teardown_taskflow.py
[2026-06-03T12:59:43.874+0000] {processor.py:840} INFO - DAG(s) 'example_setup_teardown_taskflow' retrieved from /home/airflow/.local/lib/python3.8/site-packages/airflow/example_dags/example_setup_teardown_taskflow.py
[2026-06-03T12:59:43.889+0000] {logging_mixin.py:188} INFO - [2026-06-03T12:59:43.889+0000] {dag.py:3033} INFO - Sync 1 DAGs
[2026-06-03T12:59:43.908+0000] {logging_mixin.py:188} INFO - [2026-06-03T12:59:43.907+0000] {dag.py:3820} INFO - Setting next_dagrun for example_setup_teardown_taskflow to 2026-06-02T00:00:00+00:00, run_after=2026-06-03T00:00:00+00:00
[2026-06-03T12:59:43.919+0000] {processor.py:183} INFO - Processing /home/airflow/.local/lib/python3.8/site-packages/airflow/example_dags/example_setup_teardown_taskflow.py took 0.055 seconds
[2026-06-03T13:00:14.554+0000] {processor.py:161} INFO - Started process (PID=1184) to work on /home/airflow/.local/lib/python3.8/site-packages/airflow/example_dags/example_setup_teardown_taskflow.py
[2026-06-03T13:00:14.555+0000] {processor.py:830} INFO - Processing file /home/airflow/.local/lib/python3.8/site-packages/airflow/example_dags/example_setup_teardown_taskflow.py for tasks to queue
[2026-06-03T13:00:14.556+0000] {logging_mixin.py:188} INFO - [2026-06-03T13:00:14.556+0000] {dagbag.py:538} INFO - Filling up the DagBag from /home/airflow/.local/lib/python3.8/site-packages/airflow/example_dags/example_setup_teardown_taskflow.py
[2026-06-03T13:00:14.560+0000] {processor.py:840} INFO - DAG(s) 'example_setup_teardown_taskflow' retrieved from /home/airflow/.local/lib/python3.8/site-packages/airflow/example_dags/example_setup_teardown_taskflow.py
[2026-06-03T13:00:14.575+0000] {logging_mixin.py:188} INFO - [2026-06-03T13:00:14.575+0000] {dag.py:3033} INFO - Sync 1 DAGs
[2026-06-03T13:00:14.584+0000] {logging_mixin.py:188} INFO - [2026-06-03T13:00:14.584+0000] {dag.py:3820} INFO - Setting next_dagrun for example_setup_teardown_taskflow to 2026-06-02T00:00:00+00:00, run_after=2026-06-03T00:00:00+00:00
[2026-06-03T13:00:14.595+0000] {processor.py:183} INFO - Processing /home/airflow/.local/lib/python3.8/site-packages/airflow/example_dags/example_setup_teardown_taskflow.py took 0.043 seconds
[2026-06-03T13:00:44.664+0000] {processor.py:161} INFO - Started process (PID=1240) to work on /home/airflow/.local/lib/python3.8/site-packages/airflow/example_dags/example_setup_teardown_taskflow.py
[2026-06-03T13:00:44.664+0000] {processor.py:830} INFO - Processing file /home/airflow/.local/lib/python3.8/site-packages/airflow/example_dags/example_setup_teardown_taskflow.py for tasks to queue
[2026-06-03T13:00:44.665+0000] {logging_mixin.py:188} INFO - [2026-06-03T13:00:44.665+0000] {dagbag.py:538} INFO - Filling up the DagBag from /home/airflow/.local/lib/python3.8/site-packages/airflow/example_dags/example_setup_teardown_taskflow.py
[2026-06-03T13:00:44.670+0000] {processor.py:840} INFO - DAG(s) 'example_setup_teardown_taskflow' retrieved from /home/airflow/.local/lib/python3.8/site-packages/airflow/example_dags/example_setup_teardown_taskflow.py
[2026-06-03T13:00:44.679+0000] {logging_mixin.py:188} INFO - [2026-06-03T13:00:44.679+0000] {dag.py:3033} INFO - Sync 1 DAGs
[2026-06-03T13:00:44.690+0000] {logging_mixin.py:188} INFO - [2026-06-03T13:00:44.690+0000] {dag.py:3820} INFO - Setting next_dagrun for example_setup_teardown_taskflow to 2026-06-02T00:00:00+00:00, run_after=2026-06-03T00:00:00+00:00
[2026-06-03T13:00:44.698+0000] {processor.py:183} INFO - Processing /home/airflow/.local/lib/python3.8/site-packages/airflow/example_dags/example_setup_teardown_taskflow.py took 0.035 seconds
[2026-06-03T13:01:14.753+0000] {processor.py:161} INFO - Started process (PID=1295) to work on /home/airflow/.local/lib/python3.8/site-packages/airflow/example_dags/example_setup_teardown_taskflow.py
[2026-06-03T13:01:14.753+0000] {processor.py:830} INFO - Processing file /home/airflow/.local/lib/python3.8/site-packages/airflow/example_dags/example_setup_teardown_taskflow.py for tasks to queue
[2026-06-03T13:01:14.754+0000] {logging_mixin.py:188} INFO - [2026-06-03T13:01:14.754+0000] {dagbag.py:538} INFO - Filling up the DagBag from /home/airflow/.local/lib/python3.8/site-packages/airflow/example_dags/example_setup_teardown_taskflow.py
[2026-06-03T13:01:14.761+0000] {processor.py:840} INFO - DAG(s) 'example_setup_teardown_taskflow' retrieved from /home/airflow/.local/lib/python3.8/site-packages/airflow/example_dags/example_setup_teardown_taskflow.py
[2026-06-03T13:01:14.776+0000] {logging_mixin.py:188} INFO - [2026-06-03T13:01:14.776+0000] {dag.py:3033} INFO - Sync 1 DAGs
[2026-06-03T13:01:14.787+0000] {logging_mixin.py:188} INFO - [2026-06-03T13:01:14.787+0000] {dag.py:3820} INFO - Setting next_dagrun for example_setup_teardown_taskflow to 2026-06-02T00:00:00+00:00, run_after=2026-06-03T00:00:00+00:00
[2026-06-03T13:01:14.795+0000] {processor.py:183} INFO - Processing /home/airflow/.local/lib/python3.8/site-packages/airflow/example_dags/example_setup_teardown_taskflow.py took 0.044 seconds
[2026-06-03T13:01:45.274+0000] {processor.py:161} INFO - Started process (PID=1351) to work on /home/airflow/.local/lib/python3.8/site-packages/airflow/example_dags/example_setup_teardown_taskflow.py
[2026-06-03T13:01:45.275+0000] {processor.py:830} INFO - Processing file /home/airflow/.local/lib/python3.8/site-packages/airflow/example_dags/example_setup_teardown_taskflow.py for tasks to queue
[2026-06-03T13:01:45.276+0000] {logging_mixin.py:188} INFO - [2026-06-03T13:01:45.276+0000] {dagbag.py:538} INFO - Filling up the DagBag from /home/airflow/.local/lib/python3.8/site-packages/airflow/example_dags/example_setup_teardown_taskflow.py
[2026-06-03T13:01:45.291+0000] {processor.py:840} INFO - DAG(s) 'example_setup_teardown_taskflow' retrieved from /home/airflow/.local/lib/python3.8/site-packages/airflow/example_dags/example_setup_teardown_taskflow.py
[2026-06-03T13:01:45.330+0000] {logging_mixin.py:188} INFO - [2026-06-03T13:01:45.330+0000] {dag.py:3033} INFO - Sync 1 DAGs
[2026-06-03T13:01:45.353+0000] {logging_mixin.py:188} INFO - [2026-06-03T13:01:45.353+0000] {dag.py:3820} INFO - Setting next_dagrun for example_setup_teardown_taskflow to 2026-06-02T00:00:00+00:00, run_after=2026-06-03T00:00:00+00:00
[2026-06-03T13:01:45.375+0000] {processor.py:183} INFO - Processing /home/airflow/.local/lib/python3.8/site-packages/airflow/example_dags/example_setup_teardown_taskflow.py took 0.103 seconds
[2026-06-03T13:02:16.390+0000] {processor.py:161} INFO - Started process (PID=1407) to work on /home/airflow/.local/lib/python3.8/site-packages/airflow/example_dags/example_setup_teardown_taskflow.py
[2026-06-03T13:02:16.393+0000] {processor.py:830} INFO - Processing file /home/airflow/.local/lib/python3.8/site-packages/airflow/example_dags/example_setup_teardown_taskflow.py for tasks to queue
[2026-06-03T13:02:16.396+0000] {logging_mixin.py:188} INFO - [2026-06-03T13:02:16.396+0000] {dagbag.py:538} INFO - Filling up the DagBag from /home/airflow/.local/lib/python3.8/site-packages/airflow/example_dags/example_setup_teardown_taskflow.py
[2026-06-03T13:02:16.408+0000] {processor.py:840} INFO - DAG(s) 'example_setup_teardown_taskflow' retrieved from /home/airflow/.local/lib/python3.8/site-packages/airflow/example_dags/example_setup_teardown_taskflow.py
[2026-06-03T13:02:16.427+0000] {logging_mixin.py:188} INFO - [2026-06-03T13:02:16.427+0000] {dag.py:3033} INFO - Sync 1 DAGs
[2026-06-03T13:02:16.438+0000] {logging_mixin.py:188} INFO - [2026-06-03T13:02:16.438+0000] {dag.py:3820} INFO - Setting next_dagrun for example_setup_teardown_taskflow to 2026-06-02T00:00:00+00:00, run_after=2026-06-03T00:00:00+00:00
[2026-06-03T13:02:16.460+0000] {processor.py:183} INFO - Processing /home/airflow/.local/lib/python3.8/site-packages/airflow/example_dags/example_setup_teardown_taskflow.py took 0.072 seconds
[2026-06-03T13:02:48.345+0000] {processor.py:161} INFO - Started process (PID=1463) to work on /home/airflow/.local/lib/python3.8/site-packages/airflow/example_dags/example_setup_teardown_taskflow.py
[2026-06-03T13:02:48.346+0000] {processor.py:830} INFO - Processing file /home/airflow/.local/lib/python3.8/site-packages/airflow/example_dags/example_setup_teardown_taskflow.py for tasks to queue
[2026-06-03T13:02:48.353+0000] {logging_mixin.py:188} INFO - [2026-06-03T13:02:48.352+0000] {dagbag.py:538} INFO - Filling up the DagBag from /home/airflow/.local/lib/python3.8/site-packages/airflow/example_dags/example_setup_teardown_taskflow.py
[2026-06-03T13:02:48.386+0000] {processor.py:840} INFO - DAG(s) 'example_setup_teardown_taskflow' retrieved from /home/airflow/.local/lib/python3.8/site-packages/airflow/example_dags/example_setup_teardown_taskflow.py
[2026-06-03T13:02:48.492+0000] {logging_mixin.py:188} INFO - [2026-06-03T13:02:48.491+0000] {dag.py:3033} INFO - Sync 1 DAGs
[2026-06-03T13:02:48.553+0000] {logging_mixin.py:188} INFO - [2026-06-03T13:02:48.553+0000] {dag.py:3820} INFO - Setting next_dagrun for example_setup_teardown_taskflow to 2026-06-02T00:00:00+00:00, run_after=2026-06-03T00:00:00+00:00
[2026-06-03T13:02:48.598+0000] {processor.py:183} INFO - Processing /home/airflow/.local/lib/python3.8/site-packages/airflow/example_dags/example_setup_teardown_taskflow.py took 0.262 seconds
[2026-06-03T13:03:19.515+0000] {processor.py:161} INFO - Started process (PID=1519) to work on /home/airflow/.local/lib/python3.8/site-packages/airflow/example_dags/example_setup_teardown_taskflow.py
[2026-06-03T13:03:19.517+0000] {processor.py:830} INFO - Processing file /home/airflow/.local/lib/python3.8/site-packages/airflow/example_dags/example_setup_teardown_taskflow.py for tasks to queue
[2026-06-03T13:03:19.530+0000] {logging_mixin.py:188} INFO - [2026-06-03T13:03:19.529+0000] {dagbag.py:538} INFO - Filling up the DagBag from /home/airflow/.local/lib/python3.8/site-packages/airflow/example_dags/example_setup_teardown_taskflow.py
[2026-06-03T13:03:19.557+0000] {processor.py:840} INFO - DAG(s) 'example_setup_teardown_taskflow' retrieved from /home/airflow/.local/lib/python3.8/site-packages/airflow/example_dags/example_setup_teardown_taskflow.py
[2026-06-03T13:03:19.605+0000] {logging_mixin.py:188} INFO - [2026-06-03T13:03:19.605+0000] {dag.py:3033} INFO - Sync 1 DAGs
[2026-06-03T13:03:19.637+0000] {logging_mixin.py:188} INFO - [2026-06-03T13:03:19.637+0000] {dag.py:3820} INFO - Setting next_dagrun for example_setup_teardown_taskflow to 2026-06-02T00:00:00+00:00, run_after=2026-06-03T00:00:00+00:00
[2026-06-03T13:03:19.659+0000] {processor.py:183} INFO - Processing /home/airflow/.local/lib/python3.8/site-packages/airflow/example_dags/example_setup_teardown_taskflow.py took 0.152 seconds
[2026-06-03T13:03:49.707+0000] {processor.py:161} INFO - Started process (PID=1575) to work on /home/airflow/.local/lib/python3.8/site-packages/airflow/example_dags/example_setup_teardown_taskflow.py
[2026-06-03T13:03:49.707+0000] {processor.py:830} INFO - Processing file /home/airflow/.local/lib/python3.8/site-packages/airflow/example_dags/example_setup_teardown_taskflow.py for tasks to queue
[2026-06-03T13:03:49.708+0000] {logging_mixin.py:188} INFO - [2026-06-03T13:03:49.708+0000] {dagbag.py:538} INFO - Filling up the DagBag from /home/airflow/.local/lib/python3.8/site-packages/airflow/example_dags/example_setup_teardown_taskflow.py
[2026-06-03T13:03:49.716+0000] {processor.py:840} INFO - DAG(s) 'example_setup_teardown_taskflow' retrieved from /home/airflow/.local/lib/python3.8/site-packages/airflow/example_dags/example_setup_teardown_taskflow.py
[2026-06-03T13:03:49.741+0000] {logging_mixin.py:188} INFO - [2026-06-03T13:03:49.740+0000] {dag.py:3033} INFO - Sync 1 DAGs
[2026-06-03T13:03:49.756+0000] {logging_mixin.py:188} INFO - [2026-06-03T13:03:49.756+0000] {dag.py:3820} INFO - Setting next_dagrun for example_setup_teardown_taskflow to 2026-06-02T00:00:00+00:00, run_after=2026-06-03T00:00:00+00:00
[2026-06-03T13:03:49.773+0000] {processor.py:183} INFO - Processing /home/airflow/.local/lib/python3.8/site-packages/airflow/example_dags/example_setup_teardown_taskflow.py took 0.068 seconds
[2026-06-03T13:04:20.443+0000] {processor.py:161} INFO - Started process (PID=1631) to work on /home/airflow/.local/lib/python3.8/site-packages/airflow/example_dags/example_setup_teardown_taskflow.py
[2026-06-03T13:04:20.444+0000] {processor.py:830} INFO - Processing file /home/airflow/.local/lib/python3.8/site-packages/airflow/example_dags/example_setup_teardown_taskflow.py for tasks to queue
[2026-06-03T13:04:20.448+0000] {logging_mixin.py:188} INFO - [2026-06-03T13:04:20.447+0000] {dagbag.py:538} INFO - Filling up the DagBag from /home/airflow/.local/lib/python3.8/site-packages/airflow/example_dags/example_setup_teardown_taskflow.py
[2026-06-03T13:04:20.456+0000] {processor.py:840} INFO - DAG(s) 'example_setup_teardown_taskflow' retrieved from /home/airflow/.local/lib/python3.8/site-packages/airflow/example_dags/example_setup_teardown_taskflow.py
[2026-06-03T13:04:20.475+0000] {logging_mixin.py:188} INFO - [2026-06-03T13:04:20.475+0000] {dag.py:3033} INFO - Sync 1 DAGs
[2026-06-03T13:04:20.507+0000] {logging_mixin.py:188} INFO - [2026-06-03T13:04:20.507+0000] {dag.py:3820} INFO - Setting next_dagrun for example_setup_teardown_taskflow to 2026-06-02T00:00:00+00:00, run_after=2026-06-03T00:00:00+00:00
[2026-06-03T13:04:20.525+0000] {processor.py:183} INFO - Processing /home/airflow/.local/lib/python3.8/site-packages/airflow/example_dags/example_setup_teardown_taskflow.py took 0.087 seconds
[2026-06-03T13:04:51.085+0000] {processor.py:161} INFO - Started process (PID=1687) to work on /home/airflow/.local/lib/python3.8/site-packages/airflow/example_dags/example_setup_teardown_taskflow.py
[2026-06-03T13:04:51.085+0000] {processor.py:830} INFO - Processing file /home/airflow/.local/lib/python3.8/site-packages/airflow/example_dags/example_setup_teardown_taskflow.py for tasks to queue
[2026-06-03T13:04:51.087+0000] {logging_mixin.py:188} INFO - [2026-06-03T13:04:51.087+0000] {dagbag.py:538} INFO - Filling up the DagBag from /home/airflow/.local/lib/python3.8/site-packages/airflow/example_dags/example_setup_teardown_taskflow.py
[2026-06-03T13:04:51.092+0000] {processor.py:840} INFO - DAG(s) 'example_setup_teardown_taskflow' retrieved from /home/airflow/.local/lib/python3.8/site-packages/airflow/example_dags/example_setup_teardown_taskflow.py
[2026-06-03T13:04:51.105+0000] {logging_mixin.py:188} INFO - [2026-06-03T13:04:51.105+0000] {dag.py:3033} INFO - Sync 1 DAGs
[2026-06-03T13:04:51.114+0000] {logging_mixin.py:188} INFO - [2026-06-03T13:04:51.114+0000] {dag.py:3820} INFO - Setting next_dagrun for example_setup_teardown_taskflow to 2026-06-02T00:00:00+00:00, run_after=2026-06-03T00:00:00+00:00
[2026-06-03T13:04:51.122+0000] {processor.py:183} INFO - Processing /home/airflow/.local/lib/python3.8/site-packages/airflow/example_dags/example_setup_teardown_taskflow.py took 0.038 seconds
[2026-06-03T13:05:22.044+0000] {processor.py:161} INFO - Started process (PID=1743) to work on /home/airflow/.local/lib/python3.8/site-packages/airflow/example_dags/example_setup_teardown_taskflow.py
[2026-06-03T13:05:22.045+0000] {processor.py:830} INFO - Processing file /home/airflow/.local/lib/python3.8/site-packages/airflow/example_dags/example_setup_teardown_taskflow.py for tasks to queue
[2026-06-03T13:05:22.048+0000] {logging_mixin.py:188} INFO - [2026-06-03T13:05:22.048+0000] {dagbag.py:538} INFO - Filling up the DagBag from /home/airflow/.local/lib/python3.8/site-packages/airflow/example_dags/example_setup_teardown_taskflow.py
[2026-06-03T13:05:22.052+0000] {processor.py:840} INFO - DAG(s) 'example_setup_teardown_taskflow' retrieved from /home/airflow/.local/lib/python3.8/site-packages/airflow/example_dags/example_setup_teardown_taskflow.py
[2026-06-03T13:05:22.067+0000] {logging_mixin.py:188} INFO - [2026-06-03T13:05:22.067+0000] {dag.py:3033} INFO - Sync 1 DAGs
[2026-06-03T13:05:22.079+0000] {logging_mixin.py:188} INFO - [2026-06-03T13:05:22.079+0000] {dag.py:3820} INFO - Setting next_dagrun for example_setup_teardown_taskflow to 2026-06-02T00:00:00+00:00, run_after=2026-06-03T00:00:00+00:00
[2026-06-03T13:05:22.088+0000] {processor.py:183} INFO - Processing /home/airflow/.local/lib/python3.8/site-packages/airflow/example_dags/example_setup_teardown_taskflow.py took 0.046 seconds
[2026-06-03T13:05:52.607+0000] {processor.py:161} INFO - Started process (PID=1799) to work on /home/airflow/.local/lib/python3.8/site-packages/airflow/example_dags/example_setup_teardown_taskflow.py
[2026-06-03T13:05:52.608+0000] {processor.py:830} INFO - Processing file /home/airflow/.local/lib/python3.8/site-packages/airflow/example_dags/example_setup_teardown_taskflow.py for tasks to queue
[2026-06-03T13:05:52.611+0000] {logging_mixin.py:188} INFO - [2026-06-03T13:05:52.611+0000] {dagbag.py:538} INFO - Filling up the DagBag from /home/airflow/.local/lib/python3.8/site-packages/airflow/example_dags/example_setup_teardown_taskflow.py
[2026-06-03T13:05:52.628+0000] {processor.py:840} INFO - DAG(s) 'example_setup_teardown_taskflow' retrieved from /home/airflow/.local/lib/python3.8/site-packages/airflow/example_dags/example_setup_teardown_taskflow.py
[2026-06-03T13:05:52.647+0000] {logging_mixin.py:188} INFO - [2026-06-03T13:05:52.647+0000] {dag.py:3033} INFO - Sync 1 DAGs
[2026-06-03T13:05:52.663+0000] {logging_mixin.py:188} INFO - [2026-06-03T13:05:52.662+0000] {dag.py:3820} INFO - Setting next_dagrun for example_setup_teardown_taskflow to 2026-06-02T00:00:00+00:00, run_after=2026-06-03T00:00:00+00:00
[2026-06-03T13:05:52.678+0000] {processor.py:183} INFO - Processing /home/airflow/.local/lib/python3.8/site-packages/airflow/example_dags/example_setup_teardown_taskflow.py took 0.073 seconds
[2026-06-03T13:06:23.707+0000] {processor.py:161} INFO - Started process (PID=1855) to work on /home/airflow/.local/lib/python3.8/site-packages/airflow/example_dags/example_setup_teardown_taskflow.py
[2026-06-03T13:06:23.707+0000] {processor.py:830} INFO - Processing file /home/airflow/.local/lib/python3.8/site-packages/airflow/example_dags/example_setup_teardown_taskflow.py for tasks to queue
[2026-06-03T13:06:23.708+0000] {logging_mixin.py:188} INFO - [2026-06-03T13:06:23.708+0000] {dagbag.py:538} INFO - Filling up the DagBag from /home/airflow/.local/lib/python3.8/site-packages/airflow/example_dags/example_setup_teardown_taskflow.py
[2026-06-03T13:06:23.715+0000] {processor.py:840} INFO - DAG(s) 'example_setup_teardown_taskflow' retrieved from /home/airflow/.local/lib/python3.8/site-packages/airflow/example_dags/example_setup_teardown_taskflow.py
[2026-06-03T13:06:23.726+0000] {logging_mixin.py:188} INFO - [2026-06-03T13:06:23.726+0000] {dag.py:3033} INFO - Sync 1 DAGs
[2026-06-03T13:06:23.738+0000] {logging_mixin.py:188} INFO - [2026-06-03T13:06:23.738+0000] {dag.py:3820} INFO - Setting next_dagrun for example_setup_teardown_taskflow to 2026-06-02T00:00:00+00:00, run_after=2026-06-03T00:00:00+00:00
[2026-06-03T13:06:23.746+0000] {processor.py:183} INFO - Processing /home/airflow/.local/lib/python3.8/site-packages/airflow/example_dags/example_setup_teardown_taskflow.py took 0.041 seconds
[2026-06-03T13:06:54.725+0000] {processor.py:161} INFO - Started process (PID=1911) to work on /home/airflow/.local/lib/python3.8/site-packages/airflow/example_dags/example_setup_teardown_taskflow.py
[2026-06-03T13:06:54.726+0000] {processor.py:830} INFO - Processing file /home/airflow/.local/lib/python3.8/site-packages/airflow/example_dags/example_setup_teardown_taskflow.py for tasks to queue
[2026-06-03T13:06:54.728+0000] {logging_mixin.py:188} INFO - [2026-06-03T13:06:54.728+0000] {dagbag.py:538} INFO - Filling up the DagBag from /home/airflow/.local/lib/python3.8/site-packages/airflow/example_dags/example_setup_teardown_taskflow.py
[2026-06-03T13:06:54.735+0000] {processor.py:840} INFO - DAG(s) 'example_setup_teardown_taskflow' retrieved from /home/airflow/.local/lib/python3.8/site-packages/airflow/example_dags/example_setup_teardown_taskflow.py
[2026-06-03T13:06:54.760+0000] {logging_mixin.py:188} INFO - [2026-06-03T13:06:54.760+0000] {dag.py:3033} INFO - Sync 1 DAGs
[2026-06-03T13:06:54.783+0000] {logging_mixin.py:188} INFO - [2026-06-03T13:06:54.783+0000] {dag.py:3820} INFO - Setting next_dagrun for example_setup_teardown_taskflow to 2026-06-02T00:00:00+00:00, run_after=2026-06-03T00:00:00+00:00
[2026-06-03T13:06:54.983+0000] {processor.py:183} INFO - Processing /home/airflow/.local/lib/python3.8/site-packages/airflow/example_dags/example_setup_teardown_taskflow.py took 0.260 seconds
[2026-06-03T13:07:25.295+0000] {processor.py:161} INFO - Started process (PID=1967) to work on /home/airflow/.local/lib/python3.8/site-packages/airflow/example_dags/example_setup_teardown_taskflow.py
[2026-06-03T13:07:25.297+0000] {processor.py:830} INFO - Processing file /home/airflow/.local/lib/python3.8/site-packages/airflow/example_dags/example_setup_teardown_taskflow.py for tasks to queue
[2026-06-03T13:07:25.302+0000] {logging_mixin.py:188} INFO - [2026-06-03T13:07:25.301+0000] {dagbag.py:538} INFO - Filling up the DagBag from /home/airflow/.local/lib/python3.8/site-packages/airflow/example_dags/example_setup_teardown_taskflow.py
[2026-06-03T13:07:25.318+0000] {processor.py:840} INFO - DAG(s) 'example_setup_teardown_taskflow' retrieved from /home/airflow/.local/lib/python3.8/site-packages/airflow/example_dags/example_setup_teardown_taskflow.py
[2026-06-03T13:07:25.344+0000] {logging_mixin.py:188} INFO - [2026-06-03T13:07:25.344+0000] {dag.py:3033} INFO - Sync 1 DAGs
[2026-06-03T13:07:25.359+0000] {logging_mixin.py:188} INFO - [2026-06-03T13:07:25.359+0000] {dag.py:3820} INFO - Setting next_dagrun for example_setup_teardown_taskflow to 2026-06-02T00:00:00+00:00, run_after=2026-06-03T00:00:00+00:00
[2026-06-03T13:07:25.371+0000] {processor.py:183} INFO - Processing /home/airflow/.local/lib/python3.8/site-packages/airflow/example_dags/example_setup_teardown_taskflow.py took 0.082 seconds
[2026-06-03T13:07:56.045+0000] {processor.py:161} INFO - Started process (PID=2030) to work on /home/airflow/.local/lib/python3.8/site-packages/airflow/example_dags/example_setup_teardown_taskflow.py
[2026-06-03T13:07:56.045+0000] {processor.py:830} INFO - Processing file /home/airflow/.local/lib/python3.8/site-packages/airflow/example_dags/example_setup_teardown_taskflow.py for tasks to queue
[2026-06-03T13:07:56.046+0000] {logging_mixin.py:188} INFO - [2026-06-03T13:07:56.046+0000] {dagbag.py:538} INFO - Filling up the DagBag from /home/airflow/.local/lib/python3.8/site-packages/airflow/example_dags/example_setup_teardown_taskflow.py
[2026-06-03T13:07:56.052+0000] {processor.py:840} INFO - DAG(s) 'example_setup_teardown_taskflow' retrieved from /home/airflow/.local/lib/python3.8/site-packages/airflow/example_dags/example_setup_teardown_taskflow.py
[2026-06-03T13:07:56.062+0000] {logging_mixin.py:188} INFO - [2026-06-03T13:07:56.062+0000] {dag.py:3033} INFO - Sync 1 DAGs
[2026-06-03T13:07:56.072+0000] {logging_mixin.py:188} INFO - [2026-06-03T13:07:56.072+0000] {dag.py:3820} INFO - Setting next_dagrun for example_setup_teardown_taskflow to 2026-06-02T00:00:00+00:00, run_after=2026-06-03T00:00:00+00:00
[2026-06-03T13:07:56.081+0000] {processor.py:183} INFO - Processing /home/airflow/.local/lib/python3.8/site-packages/airflow/example_dags/example_setup_teardown_taskflow.py took 0.038 seconds
[2026-06-03T13:08:26.738+0000] {processor.py:161} INFO - Started process (PID=2086) to work on /home/airflow/.local/lib/python3.8/site-packages/airflow/example_dags/example_setup_teardown_taskflow.py
[2026-06-03T13:08:26.739+0000] {processor.py:830} INFO - Processing file /home/airflow/.local/lib/python3.8/site-packages/airflow/example_dags/example_setup_teardown_taskflow.py for tasks to queue
[2026-06-03T13:08:26.742+0000] {logging_mixin.py:188} INFO - [2026-06-03T13:08:26.742+0000] {dagbag.py:538} INFO - Filling up the DagBag from /home/airflow/.local/lib/python3.8/site-packages/airflow/example_dags/example_setup_teardown_taskflow.py
[2026-06-03T13:08:26.751+0000] {processor.py:840} INFO - DAG(s) 'example_setup_teardown_taskflow' retrieved from /home/airflow/.local/lib/python3.8/site-packages/airflow/example_dags/example_setup_teardown_taskflow.py
[2026-06-03T13:08:26.777+0000] {logging_mixin.py:188} INFO - [2026-06-03T13:08:26.777+0000] {dag.py:3033} INFO - Sync 1 DAGs
[2026-06-03T13:08:26.790+0000] {logging_mixin.py:188} INFO - [2026-06-03T13:08:26.790+0000] {dag.py:3820} INFO - Setting next_dagrun for example_setup_teardown_taskflow to 2026-06-02T00:00:00+00:00, run_after=2026-06-03T00:00:00+00:00
[2026-06-03T13:08:26.807+0000] {processor.py:183} INFO - Processing /home/airflow/.local/lib/python3.8/site-packages/airflow/example_dags/example_setup_teardown_taskflow.py took 0.073 seconds
[2026-06-03T13:08:58.691+0000] {processor.py:161} INFO - Started process (PID=2142) to work on /home/airflow/.local/lib/python3.8/site-packages/airflow/example_dags/example_setup_teardown_taskflow.py
[2026-06-03T13:08:58.692+0000] {processor.py:830} INFO - Processing file /home/airflow/.local/lib/python3.8/site-packages/airflow/example_dags/example_setup_teardown_taskflow.py for tasks to queue
[2026-06-03T13:08:58.693+0000] {logging_mixin.py:188} INFO - [2026-06-03T13:08:58.693+0000] {dagbag.py:538} INFO - Filling up the DagBag from /home/airflow/.local/lib/python3.8/site-packages/airflow/example_dags/example_setup_teardown_taskflow.py
[2026-06-03T13:08:58.698+0000] {processor.py:840} INFO - DAG(s) 'example_setup_teardown_taskflow' retrieved from /home/airflow/.local/lib/python3.8/site-packages/airflow/example_dags/example_setup_teardown_taskflow.py
[2026-06-03T13:08:58.929+0000] {logging_mixin.py:188} INFO - [2026-06-03T13:08:58.928+0000] {dag.py:3033} INFO - Sync 1 DAGs
[2026-06-03T13:08:58.939+0000] {logging_mixin.py:188} INFO - [2026-06-03T13:08:58.939+0000] {dag.py:3820} INFO - Setting next_dagrun for example_setup_teardown_taskflow to 2026-06-02T00:00:00+00:00, run_after=2026-06-03T00:00:00+00:00
[2026-06-03T13:08:58.950+0000] {processor.py:183} INFO - Processing /home/airflow/.local/lib/python3.8/site-packages/airflow/example_dags/example_setup_teardown_taskflow.py took 0.261 seconds
[2026-06-03T13:09:28.986+0000] {processor.py:161} INFO - Started process (PID=2198) to work on /home/airflow/.local/lib/python3.8/site-packages/airflow/example_dags/example_setup_teardown_taskflow.py
[2026-06-03T13:09:28.989+0000] {processor.py:830} INFO - Processing file /home/airflow/.local/lib/python3.8/site-packages/airflow/example_dags/example_setup_teardown_taskflow.py for tasks to queue
[2026-06-03T13:09:28.993+0000] {logging_mixin.py:188} INFO - [2026-06-03T13:09:28.993+0000] {dagbag.py:538} INFO - Filling up the DagBag from /home/airflow/.local/lib/python3.8/site-packages/airflow/example_dags/example_setup_teardown_taskflow.py
[2026-06-03T13:09:28.999+0000] {processor.py:840} INFO - DAG(s) 'example_setup_teardown_taskflow' retrieved from /home/airflow/.local/lib/python3.8/site-packages/airflow/example_dags/example_setup_teardown_taskflow.py
[2026-06-03T13:09:29.017+0000] {logging_mixin.py:188} INFO - [2026-06-03T13:09:29.017+0000] {dag.py:3033} INFO - Sync 1 DAGs
[2026-06-03T13:09:29.314+0000] {logging_mixin.py:188} INFO - [2026-06-03T13:09:29.313+0000] {dag.py:3820} INFO - Setting next_dagrun for example_setup_teardown_taskflow to 2026-06-02T00:00:00+00:00, run_after=2026-06-03T00:00:00+00:00
[2026-06-03T13:09:29.335+0000] {processor.py:183} INFO - Processing /home/airflow/.local/lib/python3.8/site-packages/airflow/example_dags/example_setup_teardown_taskflow.py took 0.351 seconds
[2026-06-03T13:10:00.161+0000] {processor.py:161} INFO - Started process (PID=2254) to work on /home/airflow/.local/lib/python3.8/site-packages/airflow/example_dags/example_setup_teardown_taskflow.py
[2026-06-03T13:10:00.162+0000] {processor.py:830} INFO - Processing file /home/airflow/.local/lib/python3.8/site-packages/airflow/example_dags/example_setup_teardown_taskflow.py for tasks to queue
[2026-06-03T13:10:00.165+0000] {logging_mixin.py:188} INFO - [2026-06-03T13:10:00.165+0000] {dagbag.py:538} INFO - Filling up the DagBag from /home/airflow/.local/lib/python3.8/site-packages/airflow/example_dags/example_setup_teardown_taskflow.py
[2026-06-03T13:10:00.175+0000] {processor.py:840} INFO - DAG(s) 'example_setup_teardown_taskflow' retrieved from /home/airflow/.local/lib/python3.8/site-packages/airflow/example_dags/example_setup_teardown_taskflow.py
[2026-06-03T13:10:00.201+0000] {logging_mixin.py:188} INFO - [2026-06-03T13:10:00.201+0000] {dag.py:3033} INFO - Sync 1 DAGs
[2026-06-03T13:10:00.221+0000] {logging_mixin.py:188} INFO - [2026-06-03T13:10:00.221+0000] {dag.py:3820} INFO - Setting next_dagrun for example_setup_teardown_taskflow to 2026-06-02T00:00:00+00:00, run_after=2026-06-03T00:00:00+00:00
[2026-06-03T13:10:00.246+0000] {processor.py:183} INFO - Processing /home/airflow/.local/lib/python3.8/site-packages/airflow/example_dags/example_setup_teardown_taskflow.py took 0.088 seconds
[2026-06-03T13:10:30.795+0000] {processor.py:161} INFO - Started process (PID=2310) to work on /home/airflow/.local/lib/python3.8/site-packages/airflow/example_dags/example_setup_teardown_taskflow.py
[2026-06-03T13:10:30.796+0000] {processor.py:830} INFO - Processing file /home/airflow/.local/lib/python3.8/site-packages/airflow/example_dags/example_setup_teardown_taskflow.py for tasks to queue
[2026-06-03T13:10:30.798+0000] {logging_mixin.py:188} INFO - [2026-06-03T13:10:30.798+0000] {dagbag.py:538} INFO - Filling up the DagBag from /home/airflow/.local/lib/python3.8/site-packages/airflow/example_dags/example_setup_teardown_taskflow.py
[2026-06-03T13:10:30.809+0000] {processor.py:840} INFO - DAG(s) 'example_setup_teardown_taskflow' retrieved from /home/airflow/.local/lib/python3.8/site-packages/airflow/example_dags/example_setup_teardown_taskflow.py
[2026-06-03T13:10:30.860+0000] {logging_mixin.py:188} INFO - [2026-06-03T13:10:30.860+0000] {dag.py:3033} INFO - Sync 1 DAGs
[2026-06-03T13:10:30.894+0000] {logging_mixin.py:188} INFO - [2026-06-03T13:10:30.894+0000] {dag.py:3820} INFO - Setting next_dagrun for example_setup_teardown_taskflow to 2026-06-02T00:00:00+00:00, run_after=2026-06-03T00:00:00+00:00
[2026-06-03T13:10:30.911+0000] {processor.py:183} INFO - Processing /home/airflow/.local/lib/python3.8/site-packages/airflow/example_dags/example_setup_teardown_taskflow.py took 0.120 seconds
[2026-06-03T13:11:01.146+0000] {processor.py:161} INFO - Started process (PID=2373) to work on /home/airflow/.local/lib/python3.8/site-packages/airflow/example_dags/example_setup_teardown_taskflow.py
[2026-06-03T13:11:01.150+0000] {processor.py:830} INFO - Processing file /home/airflow/.local/lib/python3.8/site-packages/airflow/example_dags/example_setup_teardown_taskflow.py for tasks to queue
[2026-06-03T13:11:01.156+0000] {logging_mixin.py:188} INFO - [2026-06-03T13:11:01.156+0000] {dagbag.py:538} INFO - Filling up the DagBag from /home/airflow/.local/lib/python3.8/site-packages/airflow/example_dags/example_setup_teardown_taskflow.py
[2026-06-03T13:11:01.168+0000] {processor.py:840} INFO - DAG(s) 'example_setup_teardown_taskflow' retrieved from /home/airflow/.local/lib/python3.8/site-packages/airflow/example_dags/example_setup_teardown_taskflow.py
[2026-06-03T13:11:01.235+0000] {logging_mixin.py:188} INFO - [2026-06-03T13:11:01.235+0000] {dag.py:3033} INFO - Sync 1 DAGs
[2026-06-03T13:11:01.281+0000] {logging_mixin.py:188} INFO - [2026-06-03T13:11:01.281+0000] {dag.py:3820} INFO - Setting next_dagrun for example_setup_teardown_taskflow to 2026-06-02T00:00:00+00:00, run_after=2026-06-03T00:00:00+00:00
[2026-06-03T13:11:01.306+0000] {processor.py:183} INFO - Processing /home/airflow/.local/lib/python3.8/site-packages/airflow/example_dags/example_setup_teardown_taskflow.py took 0.165 seconds
[2026-06-03T13:11:31.840+0000] {processor.py:161} INFO - Started process (PID=2429) to work on /home/airflow/.local/lib/python3.8/site-packages/airflow/example_dags/example_setup_teardown_taskflow.py
[2026-06-03T13:11:31.841+0000] {processor.py:830} INFO - Processing file /home/airflow/.local/lib/python3.8/site-packages/airflow/example_dags/example_setup_teardown_taskflow.py for tasks to queue
[2026-06-03T13:11:31.843+0000] {logging_mixin.py:188} INFO - [2026-06-03T13:11:31.843+0000] {dagbag.py:538} INFO - Filling up the DagBag from /home/airflow/.local/lib/python3.8/site-packages/airflow/example_dags/example_setup_teardown_taskflow.py
[2026-06-03T13:11:31.852+0000] {processor.py:840} INFO - DAG(s) 'example_setup_teardown_taskflow' retrieved from /home/airflow/.local/lib/python3.8/site-packages/airflow/example_dags/example_setup_teardown_taskflow.py
[2026-06-03T13:11:31.888+0000] {logging_mixin.py:188} INFO - [2026-06-03T13:11:31.888+0000] {dag.py:3033} INFO - Sync 1 DAGs
[2026-06-03T13:11:31.933+0000] {logging_mixin.py:188} INFO - [2026-06-03T13:11:31.933+0000] {dag.py:3820} INFO - Setting next_dagrun for example_setup_teardown_taskflow to 2026-06-02T00:00:00+00:00, run_after=2026-06-03T00:00:00+00:00
[2026-06-03T13:11:31.950+0000] {processor.py:183} INFO - Processing /home/airflow/.local/lib/python3.8/site-packages/airflow/example_dags/example_setup_teardown_taskflow.py took 0.117 seconds
[2026-06-03T13:12:02.805+0000] {processor.py:161} INFO - Started process (PID=2492) to work on /home/airflow/.local/lib/python3.8/site-packages/airflow/example_dags/example_setup_teardown_taskflow.py
[2026-06-03T13:12:02.809+0000] {processor.py:830} INFO - Processing file /home/airflow/.local/lib/python3.8/site-packages/airflow/example_dags/example_setup_teardown_taskflow.py for tasks to queue
[2026-06-03T13:12:02.812+0000] {logging_mixin.py:188} INFO - [2026-06-03T13:12:02.812+0000] {dagbag.py:538} INFO - Filling up the DagBag from /home/airflow/.local/lib/python3.8/site-packages/airflow/example_dags/example_setup_teardown_taskflow.py
[2026-06-03T13:12:02.840+0000] {processor.py:840} INFO - DAG(s) 'example_setup_teardown_taskflow' retrieved from /home/airflow/.local/lib/python3.8/site-packages/airflow/example_dags/example_setup_teardown_taskflow.py
[2026-06-03T13:12:02.883+0000] {logging_mixin.py:188} INFO - [2026-06-03T13:12:02.882+0000] {dag.py:3033} INFO - Sync 1 DAGs
[2026-06-03T13:12:02.915+0000] {logging_mixin.py:188} INFO - [2026-06-03T13:12:02.915+0000] {dag.py:3820} INFO - Setting next_dagrun for example_setup_teardown_taskflow to 2026-06-02T00:00:00+00:00, run_after=2026-06-03T00:00:00+00:00
[2026-06-03T13:12:02.935+0000] {processor.py:183} INFO - Processing /home/airflow/.local/lib/python3.8/site-packages/airflow/example_dags/example_setup_teardown_taskflow.py took 0.134 seconds
[2026-06-03T13:12:33.045+0000] {processor.py:161} INFO - Started process (PID=2555) to work on /home/airflow/.local/lib/python3.8/site-packages/airflow/example_dags/example_setup_teardown_taskflow.py
[2026-06-03T13:12:33.046+0000] {processor.py:830} INFO - Processing file /home/airflow/.local/lib/python3.8/site-packages/airflow/example_dags/example_setup_teardown_taskflow.py for tasks to queue
[2026-06-03T13:12:33.048+0000] {logging_mixin.py:188} INFO - [2026-06-03T13:12:33.048+0000] {dagbag.py:538} INFO - Filling up the DagBag from /home/airflow/.local/lib/python3.8/site-packages/airflow/example_dags/example_setup_teardown_taskflow.py
[2026-06-03T13:12:33.053+0000] {processor.py:840} INFO - DAG(s) 'example_setup_teardown_taskflow' retrieved from /home/airflow/.local/lib/python3.8/site-packages/airflow/example_dags/example_setup_teardown_taskflow.py
[2026-06-03T13:12:33.087+0000] {logging_mixin.py:188} INFO - [2026-06-03T13:12:33.087+0000] {dag.py:3033} INFO - Sync 1 DAGs
[2026-06-03T13:12:33.108+0000] {logging_mixin.py:188} INFO - [2026-06-03T13:12:33.108+0000] {dag.py:3820} INFO - Setting next_dagrun for example_setup_teardown_taskflow to 2026-06-02T00:00:00+00:00, run_after=2026-06-03T00:00:00+00:00
[2026-06-03T13:12:33.122+0000] {processor.py:183} INFO - Processing /home/airflow/.local/lib/python3.8/site-packages/airflow/example_dags/example_setup_teardown_taskflow.py took 0.079 seconds
[2026-06-03T13:13:03.800+0000] {processor.py:161} INFO - Started process (PID=2611) to work on /home/airflow/.local/lib/python3.8/site-packages/airflow/example_dags/example_setup_teardown_taskflow.py
[2026-06-03T13:13:03.803+0000] {processor.py:830} INFO - Processing file /home/airflow/.local/lib/python3.8/site-packages/airflow/example_dags/example_setup_teardown_taskflow.py for tasks to queue
[2026-06-03T13:13:03.806+0000] {logging_mixin.py:188} INFO - [2026-06-03T13:13:03.806+0000] {dagbag.py:538} INFO - Filling up the DagBag from /home/airflow/.local/lib/python3.8/site-packages/airflow/example_dags/example_setup_teardown_taskflow.py
[2026-06-03T13:13:03.826+0000] {processor.py:840} INFO - DAG(s) 'example_setup_teardown_taskflow' retrieved from /home/airflow/.local/lib/python3.8/site-packages/airflow/example_dags/example_setup_teardown_taskflow.py
[2026-06-03T13:13:03.861+0000] {logging_mixin.py:188} INFO - [2026-06-03T13:13:03.861+0000] {dag.py:3033} INFO - Sync 1 DAGs
[2026-06-03T13:13:03.898+0000] {logging_mixin.py:188} INFO - [2026-06-03T13:13:03.898+0000] {dag.py:3820} INFO - Setting next_dagrun for example_setup_teardown_taskflow to 2026-06-02T00:00:00+00:00, run_after=2026-06-03T00:00:00+00:00
[2026-06-03T13:13:03.918+0000] {processor.py:183} INFO - Processing /home/airflow/.local/lib/python3.8/site-packages/airflow/example_dags/example_setup_teardown_taskflow.py took 0.122 seconds
[2026-06-03T13:13:34.753+0000] {processor.py:161} INFO - Started process (PID=2667) to work on /home/airflow/.local/lib/python3.8/site-packages/airflow/example_dags/example_setup_teardown_taskflow.py
[2026-06-03T13:13:34.754+0000] {processor.py:830} INFO - Processing file /home/airflow/.local/lib/python3.8/site-packages/airflow/example_dags/example_setup_teardown_taskflow.py for tasks to queue
[2026-06-03T13:13:34.757+0000] {logging_mixin.py:188} INFO - [2026-06-03T13:13:34.756+0000] {dagbag.py:538} INFO - Filling up the DagBag from /home/airflow/.local/lib/python3.8/site-packages/airflow/example_dags/example_setup_teardown_taskflow.py
[2026-06-03T13:13:34.777+0000] {processor.py:840} INFO - DAG(s) 'example_setup_teardown_taskflow' retrieved from /home/airflow/.local/lib/python3.8/site-packages/airflow/example_dags/example_setup_teardown_taskflow.py
[2026-06-03T13:13:34.801+0000] {logging_mixin.py:188} INFO - [2026-06-03T13:13:34.801+0000] {dag.py:3033} INFO - Sync 1 DAGs
[2026-06-03T13:13:34.828+0000] {logging_mixin.py:188} INFO - [2026-06-03T13:13:34.828+0000] {dag.py:3820} INFO - Setting next_dagrun for example_setup_teardown_taskflow to 2026-06-02T00:00:00+00:00, run_after=2026-06-03T00:00:00+00:00
[2026-06-03T13:13:34.845+0000] {processor.py:183} INFO - Processing /home/airflow/.local/lib/python3.8/site-packages/airflow/example_dags/example_setup_teardown_taskflow.py took 0.095 seconds
[2026-06-03T13:14:04.927+0000] {processor.py:161} INFO - Started process (PID=2723) to work on /home/airflow/.local/lib/python3.8/site-packages/airflow/example_dags/example_setup_teardown_taskflow.py
[2026-06-03T13:14:04.930+0000] {processor.py:830} INFO - Processing file /home/airflow/.local/lib/python3.8/site-packages/airflow/example_dags/example_setup_teardown_taskflow.py for tasks to queue
[2026-06-03T13:14:04.934+0000] {logging_mixin.py:188} INFO - [2026-06-03T13:14:04.933+0000] {dagbag.py:538} INFO - Filling up the DagBag from /home/airflow/.local/lib/python3.8/site-packages/airflow/example_dags/example_setup_teardown_taskflow.py
[2026-06-03T13:14:04.944+0000] {processor.py:840} INFO - DAG(s) 'example_setup_teardown_taskflow' retrieved from /home/airflow/.local/lib/python3.8/site-packages/airflow/example_dags/example_setup_teardown_taskflow.py
[2026-06-03T13:14:04.976+0000] {logging_mixin.py:188} INFO - [2026-06-03T13:14:04.976+0000] {dag.py:3033} INFO - Sync 1 DAGs
[2026-06-03T13:14:04.997+0000] {logging_mixin.py:188} INFO - [2026-06-03T13:14:04.996+0000] {dag.py:3820} INFO - Setting next_dagrun for example_setup_teardown_taskflow to 2026-06-02T00:00:00+00:00, run_after=2026-06-03T00:00:00+00:00
[2026-06-03T13:14:05.035+0000] {processor.py:183} INFO - Processing /home/airflow/.local/lib/python3.8/site-packages/airflow/example_dags/example_setup_teardown_taskflow.py took 0.111 seconds
[2026-06-03T13:14:22.278+0000] {processor.py:161} INFO - Started process (PID=75) to work on /home/airflow/.local/lib/python3.8/site-packages/airflow/example_dags/example_setup_teardown_taskflow.py
[2026-06-03T13:14:22.279+0000] {processor.py:830} INFO - Processing file /home/airflow/.local/lib/python3.8/site-packages/airflow/example_dags/example_setup_teardown_taskflow.py for tasks to queue
[2026-06-03T13:14:22.280+0000] {logging_mixin.py:188} INFO - [2026-06-03T13:14:22.280+0000] {dagbag.py:538} INFO - Filling up the DagBag from /home/airflow/.local/lib/python3.8/site-packages/airflow/example_dags/example_setup_teardown_taskflow.py
[2026-06-03T13:14:22.298+0000] {processor.py:840} INFO - DAG(s) 'example_setup_teardown_taskflow' retrieved from /home/airflow/.local/lib/python3.8/site-packages/airflow/example_dags/example_setup_teardown_taskflow.py
[2026-06-03T13:14:22.322+0000] {logging_mixin.py:188} INFO - [2026-06-03T13:14:22.322+0000] {dag.py:3033} INFO - Sync 1 DAGs
[2026-06-03T13:14:22.335+0000] {logging_mixin.py:188} INFO - [2026-06-03T13:14:22.335+0000] {dag.py:3820} INFO - Setting next_dagrun for example_setup_teardown_taskflow to 2026-06-02T00:00:00+00:00, run_after=2026-06-03T00:00:00+00:00
[2026-06-03T13:14:22.342+0000] {processor.py:183} INFO - Processing /home/airflow/.local/lib/python3.8/site-packages/airflow/example_dags/example_setup_teardown_taskflow.py took 0.068 seconds
[2026-06-03T13:14:53.159+0000] {processor.py:161} INFO - Started process (PID=137) to work on /home/airflow/.local/lib/python3.8/site-packages/airflow/example_dags/example_setup_teardown_taskflow.py
[2026-06-03T13:14:53.161+0000] {processor.py:830} INFO - Processing file /home/airflow/.local/lib/python3.8/site-packages/airflow/example_dags/example_setup_teardown_taskflow.py for tasks to queue
[2026-06-03T13:14:53.163+0000] {logging_mixin.py:188} INFO - [2026-06-03T13:14:53.163+0000] {dagbag.py:538} INFO - Filling up the DagBag from /home/airflow/.local/lib/python3.8/site-packages/airflow/example_dags/example_setup_teardown_taskflow.py
[2026-06-03T13:14:53.170+0000] {processor.py:840} INFO - DAG(s) 'example_setup_teardown_taskflow' retrieved from /home/airflow/.local/lib/python3.8/site-packages/airflow/example_dags/example_setup_teardown_taskflow.py
[2026-06-03T13:14:53.189+0000] {logging_mixin.py:188} INFO - [2026-06-03T13:14:53.189+0000] {dag.py:3033} INFO - Sync 1 DAGs
[2026-06-03T13:14:53.212+0000] {logging_mixin.py:188} INFO - [2026-06-03T13:14:53.211+0000] {dag.py:3820} INFO - Setting next_dagrun for example_setup_teardown_taskflow to 2026-06-02T00:00:00+00:00, run_after=2026-06-03T00:00:00+00:00
[2026-06-03T13:14:53.225+0000] {processor.py:183} INFO - Processing /home/airflow/.local/lib/python3.8/site-packages/airflow/example_dags/example_setup_teardown_taskflow.py took 0.069 seconds
[2026-06-03T13:15:23.456+0000] {processor.py:161} INFO - Started process (PID=194) to work on /home/airflow/.local/lib/python3.8/site-packages/airflow/example_dags/example_setup_teardown_taskflow.py
[2026-06-03T13:15:23.457+0000] {processor.py:830} INFO - Processing file /home/airflow/.local/lib/python3.8/site-packages/airflow/example_dags/example_setup_teardown_taskflow.py for tasks to queue
[2026-06-03T13:15:23.458+0000] {logging_mixin.py:188} INFO - [2026-06-03T13:15:23.458+0000] {dagbag.py:538} INFO - Filling up the DagBag from /home/airflow/.local/lib/python3.8/site-packages/airflow/example_dags/example_setup_teardown_taskflow.py
[2026-06-03T13:15:23.465+0000] {processor.py:840} INFO - DAG(s) 'example_setup_teardown_taskflow' retrieved from /home/airflow/.local/lib/python3.8/site-packages/airflow/example_dags/example_setup_teardown_taskflow.py
[2026-06-03T13:15:23.481+0000] {logging_mixin.py:188} INFO - [2026-06-03T13:15:23.481+0000] {dag.py:3033} INFO - Sync 1 DAGs
[2026-06-03T13:15:23.494+0000] {logging_mixin.py:188} INFO - [2026-06-03T13:15:23.494+0000] {dag.py:3820} INFO - Setting next_dagrun for example_setup_teardown_taskflow to 2026-06-02T00:00:00+00:00, run_after=2026-06-03T00:00:00+00:00
[2026-06-03T13:15:23.500+0000] {processor.py:183} INFO - Processing /home/airflow/.local/lib/python3.8/site-packages/airflow/example_dags/example_setup_teardown_taskflow.py took 0.047 seconds
[2026-06-03T13:15:53.962+0000] {processor.py:161} INFO - Started process (PID=250) to work on /home/airflow/.local/lib/python3.8/site-packages/airflow/example_dags/example_setup_teardown_taskflow.py
[2026-06-03T13:15:53.963+0000] {processor.py:830} INFO - Processing file /home/airflow/.local/lib/python3.8/site-packages/airflow/example_dags/example_setup_teardown_taskflow.py for tasks to queue
[2026-06-03T13:15:53.964+0000] {logging_mixin.py:188} INFO - [2026-06-03T13:15:53.964+0000] {dagbag.py:538} INFO - Filling up the DagBag from /home/airflow/.local/lib/python3.8/site-packages/airflow/example_dags/example_setup_teardown_taskflow.py
[2026-06-03T13:15:53.969+0000] {processor.py:840} INFO - DAG(s) 'example_setup_teardown_taskflow' retrieved from /home/airflow/.local/lib/python3.8/site-packages/airflow/example_dags/example_setup_teardown_taskflow.py
[2026-06-03T13:15:53.985+0000] {logging_mixin.py:188} INFO - [2026-06-03T13:15:53.984+0000] {dag.py:3033} INFO - Sync 1 DAGs
[2026-06-03T13:15:53.995+0000] {logging_mixin.py:188} INFO - [2026-06-03T13:15:53.995+0000] {dag.py:3820} INFO - Setting next_dagrun for example_setup_teardown_taskflow to 2026-06-02T00:00:00+00:00, run_after=2026-06-03T00:00:00+00:00
[2026-06-03T13:15:54.007+0000] {processor.py:183} INFO - Processing /home/airflow/.local/lib/python3.8/site-packages/airflow/example_dags/example_setup_teardown_taskflow.py took 0.046 seconds
[2026-06-03T13:16:24.234+0000] {processor.py:161} INFO - Started process (PID=306) to work on /home/airflow/.local/lib/python3.8/site-packages/airflow/example_dags/example_setup_teardown_taskflow.py
[2026-06-03T13:16:24.234+0000] {processor.py:830} INFO - Processing file /home/airflow/.local/lib/python3.8/site-packages/airflow/example_dags/example_setup_teardown_taskflow.py for tasks to queue
[2026-06-03T13:16:24.235+0000] {logging_mixin.py:188} INFO - [2026-06-03T13:16:24.235+0000] {dagbag.py:538} INFO - Filling up the DagBag from /home/airflow/.local/lib/python3.8/site-packages/airflow/example_dags/example_setup_teardown_taskflow.py
[2026-06-03T13:16:24.240+0000] {processor.py:840} INFO - DAG(s) 'example_setup_teardown_taskflow' retrieved from /home/airflow/.local/lib/python3.8/site-packages/airflow/example_dags/example_setup_teardown_taskflow.py
[2026-06-03T13:16:24.257+0000] {logging_mixin.py:188} INFO - [2026-06-03T13:16:24.257+0000] {dag.py:3033} INFO - Sync 1 DAGs
[2026-06-03T13:16:24.271+0000] {logging_mixin.py:188} INFO - [2026-06-03T13:16:24.271+0000] {dag.py:3820} INFO - Setting next_dagrun for example_setup_teardown_taskflow to 2026-06-02T00:00:00+00:00, run_after=2026-06-03T00:00:00+00:00
[2026-06-03T13:16:24.284+0000] {processor.py:183} INFO - Processing /home/airflow/.local/lib/python3.8/site-packages/airflow/example_dags/example_setup_teardown_taskflow.py took 0.052 seconds
[2026-06-03T13:16:54.844+0000] {processor.py:161} INFO - Started process (PID=362) to work on /home/airflow/.local/lib/python3.8/site-packages/airflow/example_dags/example_setup_teardown_taskflow.py
[2026-06-03T13:16:54.845+0000] {processor.py:830} INFO - Processing file /home/airflow/.local/lib/python3.8/site-packages/airflow/example_dags/example_setup_teardown_taskflow.py for tasks to queue
[2026-06-03T13:16:54.849+0000] {logging_mixin.py:188} INFO - [2026-06-03T13:16:54.848+0000] {dagbag.py:538} INFO - Filling up the DagBag from /home/airflow/.local/lib/python3.8/site-packages/airflow/example_dags/example_setup_teardown_taskflow.py
[2026-06-03T13:16:54.861+0000] {processor.py:840} INFO - DAG(s) 'example_setup_teardown_taskflow' retrieved from /home/airflow/.local/lib/python3.8/site-packages/airflow/example_dags/example_setup_teardown_taskflow.py
[2026-06-03T13:16:54.879+0000] {logging_mixin.py:188} INFO - [2026-06-03T13:16:54.879+0000] {dag.py:3033} INFO - Sync 1 DAGs
[2026-06-03T13:16:54.894+0000] {logging_mixin.py:188} INFO - [2026-06-03T13:16:54.894+0000] {dag.py:3820} INFO - Setting next_dagrun for example_setup_teardown_taskflow to 2026-06-02T00:00:00+00:00, run_after=2026-06-03T00:00:00+00:00
[2026-06-03T13:16:54.907+0000] {processor.py:183} INFO - Processing /home/airflow/.local/lib/python3.8/site-packages/airflow/example_dags/example_setup_teardown_taskflow.py took 0.064 seconds
[2026-06-03T13:17:25.579+0000] {processor.py:161} INFO - Started process (PID=418) to work on /home/airflow/.local/lib/python3.8/site-packages/airflow/example_dags/example_setup_teardown_taskflow.py
[2026-06-03T13:17:25.580+0000] {processor.py:830} INFO - Processing file /home/airflow/.local/lib/python3.8/site-packages/airflow/example_dags/example_setup_teardown_taskflow.py for tasks to queue
[2026-06-03T13:17:25.583+0000] {logging_mixin.py:188} INFO - [2026-06-03T13:17:25.582+0000] {dagbag.py:538} INFO - Filling up the DagBag from /home/airflow/.local/lib/python3.8/site-packages/airflow/example_dags/example_setup_teardown_taskflow.py
[2026-06-03T13:17:25.595+0000] {processor.py:840} INFO - DAG(s) 'example_setup_teardown_taskflow' retrieved from /home/airflow/.local/lib/python3.8/site-packages/airflow/example_dags/example_setup_teardown_taskflow.py
[2026-06-03T13:17:25.608+0000] {logging_mixin.py:188} INFO - [2026-06-03T13:17:25.608+0000] {dag.py:3033} INFO - Sync 1 DAGs
[2026-06-03T13:17:25.621+0000] {logging_mixin.py:188} INFO - [2026-06-03T13:17:25.621+0000] {dag.py:3820} INFO - Setting next_dagrun for example_setup_teardown_taskflow to 2026-06-02T00:00:00+00:00, run_after=2026-06-03T00:00:00+00:00
[2026-06-03T13:17:25.632+0000] {processor.py:183} INFO - Processing /home/airflow/.local/lib/python3.8/site-packages/airflow/example_dags/example_setup_teardown_taskflow.py took 0.058 seconds
[2026-06-03T13:17:55.922+0000] {processor.py:161} INFO - Started process (PID=474) to work on /home/airflow/.local/lib/python3.8/site-packages/airflow/example_dags/example_setup_teardown_taskflow.py
[2026-06-03T13:17:55.923+0000] {processor.py:830} INFO - Processing file /home/airflow/.local/lib/python3.8/site-packages/airflow/example_dags/example_setup_teardown_taskflow.py for tasks to queue
[2026-06-03T13:17:55.925+0000] {logging_mixin.py:188} INFO - [2026-06-03T13:17:55.925+0000] {dagbag.py:538} INFO - Filling up the DagBag from /home/airflow/.local/lib/python3.8/site-packages/airflow/example_dags/example_setup_teardown_taskflow.py
[2026-06-03T13:17:55.936+0000] {processor.py:840} INFO - DAG(s) 'example_setup_teardown_taskflow' retrieved from /home/airflow/.local/lib/python3.8/site-packages/airflow/example_dags/example_setup_teardown_taskflow.py
[2026-06-03T13:17:55.952+0000] {logging_mixin.py:188} INFO - [2026-06-03T13:17:55.952+0000] {dag.py:3033} INFO - Sync 1 DAGs
[2026-06-03T13:17:55.962+0000] {logging_mixin.py:188} INFO - [2026-06-03T13:17:55.962+0000] {dag.py:3820} INFO - Setting next_dagrun for example_setup_teardown_taskflow to 2026-06-02T00:00:00+00:00, run_after=2026-06-03T00:00:00+00:00
[2026-06-03T13:17:55.977+0000] {processor.py:183} INFO - Processing /home/airflow/.local/lib/python3.8/site-packages/airflow/example_dags/example_setup_teardown_taskflow.py took 0.057 seconds
[2026-06-03T13:18:26.884+0000] {processor.py:161} INFO - Started process (PID=530) to work on /home/airflow/.local/lib/python3.8/site-packages/airflow/example_dags/example_setup_teardown_taskflow.py
[2026-06-03T13:18:26.886+0000] {processor.py:830} INFO - Processing file /home/airflow/.local/lib/python3.8/site-packages/airflow/example_dags/example_setup_teardown_taskflow.py for tasks to queue
[2026-06-03T13:18:26.886+0000] {logging_mixin.py:188} INFO - [2026-06-03T13:18:26.886+0000] {dagbag.py:538} INFO - Filling up the DagBag from /home/airflow/.local/lib/python3.8/site-packages/airflow/example_dags/example_setup_teardown_taskflow.py
[2026-06-03T13:18:26.891+0000] {processor.py:840} INFO - DAG(s) 'example_setup_teardown_taskflow' retrieved from /home/airflow/.local/lib/python3.8/site-packages/airflow/example_dags/example_setup_teardown_taskflow.py
[2026-06-03T13:18:26.901+0000] {logging_mixin.py:188} INFO - [2026-06-03T13:18:26.901+0000] {dag.py:3033} INFO - Sync 1 DAGs
[2026-06-03T13:18:26.909+0000] {logging_mixin.py:188} INFO - [2026-06-03T13:18:26.909+0000] {dag.py:3820} INFO - Setting next_dagrun for example_setup_teardown_taskflow to 2026-06-02T00:00:00+00:00, run_after=2026-06-03T00:00:00+00:00
[2026-06-03T13:18:26.917+0000] {processor.py:183} INFO - Processing /home/airflow/.local/lib/python3.8/site-packages/airflow/example_dags/example_setup_teardown_taskflow.py took 0.034 seconds
[2026-06-03T13:18:57.886+0000] {processor.py:161} INFO - Started process (PID=586) to work on /home/airflow/.local/lib/python3.8/site-packages/airflow/example_dags/example_setup_teardown_taskflow.py
[2026-06-03T13:18:57.888+0000] {processor.py:830} INFO - Processing file /home/airflow/.local/lib/python3.8/site-packages/airflow/example_dags/example_setup_teardown_taskflow.py for tasks to queue
[2026-06-03T13:18:57.890+0000] {logging_mixin.py:188} INFO - [2026-06-03T13:18:57.890+0000] {dagbag.py:538} INFO - Filling up the DagBag from /home/airflow/.local/lib/python3.8/site-packages/airflow/example_dags/example_setup_teardown_taskflow.py
[2026-06-03T13:18:57.895+0000] {processor.py:840} INFO - DAG(s) 'example_setup_teardown_taskflow' retrieved from /home/airflow/.local/lib/python3.8/site-packages/airflow/example_dags/example_setup_teardown_taskflow.py
[2026-06-03T13:18:57.914+0000] {logging_mixin.py:188} INFO - [2026-06-03T13:18:57.914+0000] {dag.py:3033} INFO - Sync 1 DAGs
[2026-06-03T13:18:57.925+0000] {logging_mixin.py:188} INFO - [2026-06-03T13:18:57.925+0000] {dag.py:3820} INFO - Setting next_dagrun for example_setup_teardown_taskflow to 2026-06-02T00:00:00+00:00, run_after=2026-06-03T00:00:00+00:00
[2026-06-03T13:18:57.934+0000] {processor.py:183} INFO - Processing /home/airflow/.local/lib/python3.8/site-packages/airflow/example_dags/example_setup_teardown_taskflow.py took 0.058 seconds
[2026-06-03T13:19:28.717+0000] {processor.py:161} INFO - Started process (PID=642) to work on /home/airflow/.local/lib/python3.8/site-packages/airflow/example_dags/example_setup_teardown_taskflow.py
[2026-06-03T13:19:28.718+0000] {processor.py:830} INFO - Processing file /home/airflow/.local/lib/python3.8/site-packages/airflow/example_dags/example_setup_teardown_taskflow.py for tasks to queue
[2026-06-03T13:19:28.722+0000] {logging_mixin.py:188} INFO - [2026-06-03T13:19:28.722+0000] {dagbag.py:538} INFO - Filling up the DagBag from /home/airflow/.local/lib/python3.8/site-packages/airflow/example_dags/example_setup_teardown_taskflow.py
[2026-06-03T13:19:28.729+0000] {processor.py:840} INFO - DAG(s) 'example_setup_teardown_taskflow' retrieved from /home/airflow/.local/lib/python3.8/site-packages/airflow/example_dags/example_setup_teardown_taskflow.py
[2026-06-03T13:19:28.748+0000] {logging_mixin.py:188} INFO - [2026-06-03T13:19:28.748+0000] {dag.py:3033} INFO - Sync 1 DAGs
[2026-06-03T13:19:28.766+0000] {logging_mixin.py:188} INFO - [2026-06-03T13:19:28.766+0000] {dag.py:3820} INFO - Setting next_dagrun for example_setup_teardown_taskflow to 2026-06-02T00:00:00+00:00, run_after=2026-06-03T00:00:00+00:00
[2026-06-03T13:19:28.784+0000] {processor.py:183} INFO - Processing /home/airflow/.local/lib/python3.8/site-packages/airflow/example_dags/example_setup_teardown_taskflow.py took 0.069 seconds
[2026-06-03T13:19:59.272+0000] {processor.py:161} INFO - Started process (PID=698) to work on /home/airflow/.local/lib/python3.8/site-packages/airflow/example_dags/example_setup_teardown_taskflow.py
[2026-06-03T13:19:59.275+0000] {processor.py:830} INFO - Processing file /home/airflow/.local/lib/python3.8/site-packages/airflow/example_dags/example_setup_teardown_taskflow.py for tasks to queue
[2026-06-03T13:19:59.276+0000] {logging_mixin.py:188} INFO - [2026-06-03T13:19:59.275+0000] {dagbag.py:538} INFO - Filling up the DagBag from /home/airflow/.local/lib/python3.8/site-packages/airflow/example_dags/example_setup_teardown_taskflow.py
[2026-06-03T13:19:59.282+0000] {processor.py:840} INFO - DAG(s) 'example_setup_teardown_taskflow' retrieved from /home/airflow/.local/lib/python3.8/site-packages/airflow/example_dags/example_setup_teardown_taskflow.py
[2026-06-03T13:19:59.292+0000] {logging_mixin.py:188} INFO - [2026-06-03T13:19:59.292+0000] {dag.py:3033} INFO - Sync 1 DAGs
[2026-06-03T13:19:59.303+0000] {logging_mixin.py:188} INFO - [2026-06-03T13:19:59.302+0000] {dag.py:3820} INFO - Setting next_dagrun for example_setup_teardown_taskflow to 2026-06-02T00:00:00+00:00, run_after=2026-06-03T00:00:00+00:00
[2026-06-03T13:19:59.311+0000] {processor.py:183} INFO - Processing /home/airflow/.local/lib/python3.8/site-packages/airflow/example_dags/example_setup_teardown_taskflow.py took 0.040 seconds
[2026-06-03T13:20:29.552+0000] {processor.py:161} INFO - Started process (PID=754) to work on /home/airflow/.local/lib/python3.8/site-packages/airflow/example_dags/example_setup_teardown_taskflow.py
[2026-06-03T13:20:29.554+0000] {processor.py:830} INFO - Processing file /home/airflow/.local/lib/python3.8/site-packages/airflow/example_dags/example_setup_teardown_taskflow.py for tasks to queue
[2026-06-03T13:20:29.556+0000] {logging_mixin.py:188} INFO - [2026-06-03T13:20:29.556+0000] {dagbag.py:538} INFO - Filling up the DagBag from /home/airflow/.local/lib/python3.8/site-packages/airflow/example_dags/example_setup_teardown_taskflow.py
[2026-06-03T13:20:29.560+0000] {processor.py:840} INFO - DAG(s) 'example_setup_teardown_taskflow' retrieved from /home/airflow/.local/lib/python3.8/site-packages/airflow/example_dags/example_setup_teardown_taskflow.py
[2026-06-03T13:20:29.573+0000] {logging_mixin.py:188} INFO - [2026-06-03T13:20:29.573+0000] {dag.py:3033} INFO - Sync 1 DAGs
[2026-06-03T13:20:29.589+0000] {logging_mixin.py:188} INFO - [2026-06-03T13:20:29.589+0000] {dag.py:3820} INFO - Setting next_dagrun for example_setup_teardown_taskflow to 2026-06-02T00:00:00+00:00, run_after=2026-06-03T00:00:00+00:00
[2026-06-03T13:20:29.602+0000] {processor.py:183} INFO - Processing /home/airflow/.local/lib/python3.8/site-packages/airflow/example_dags/example_setup_teardown_taskflow.py took 0.052 seconds
[2026-06-03T13:21:00.681+0000] {processor.py:161} INFO - Started process (PID=810) to work on /home/airflow/.local/lib/python3.8/site-packages/airflow/example_dags/example_setup_teardown_taskflow.py
[2026-06-03T13:21:00.683+0000] {processor.py:830} INFO - Processing file /home/airflow/.local/lib/python3.8/site-packages/airflow/example_dags/example_setup_teardown_taskflow.py for tasks to queue
[2026-06-03T13:21:00.691+0000] {logging_mixin.py:188} INFO - [2026-06-03T13:21:00.689+0000] {dagbag.py:538} INFO - Filling up the DagBag from /home/airflow/.local/lib/python3.8/site-packages/airflow/example_dags/example_setup_teardown_taskflow.py
[2026-06-03T13:21:00.708+0000] {processor.py:840} INFO - DAG(s) 'example_setup_teardown_taskflow' retrieved from /home/airflow/.local/lib/python3.8/site-packages/airflow/example_dags/example_setup_teardown_taskflow.py
[2026-06-03T13:21:00.740+0000] {logging_mixin.py:188} INFO - [2026-06-03T13:21:00.740+0000] {dag.py:3033} INFO - Sync 1 DAGs
[2026-06-03T13:21:00.756+0000] {logging_mixin.py:188} INFO - [2026-06-03T13:21:00.756+0000] {dag.py:3820} INFO - Setting next_dagrun for example_setup_teardown_taskflow to 2026-06-02T00:00:00+00:00, run_after=2026-06-03T00:00:00+00:00
[2026-06-03T13:21:00.787+0000] {processor.py:183} INFO - Processing /home/airflow/.local/lib/python3.8/site-packages/airflow/example_dags/example_setup_teardown_taskflow.py took 0.108 seconds
[2026-06-03T13:21:31.784+0000] {processor.py:161} INFO - Started process (PID=866) to work on /home/airflow/.local/lib/python3.8/site-packages/airflow/example_dags/example_setup_teardown_taskflow.py
[2026-06-03T13:21:31.786+0000] {processor.py:830} INFO - Processing file /home/airflow/.local/lib/python3.8/site-packages/airflow/example_dags/example_setup_teardown_taskflow.py for tasks to queue
[2026-06-03T13:21:31.788+0000] {logging_mixin.py:188} INFO - [2026-06-03T13:21:31.788+0000] {dagbag.py:538} INFO - Filling up the DagBag from /home/airflow/.local/lib/python3.8/site-packages/airflow/example_dags/example_setup_teardown_taskflow.py
[2026-06-03T13:21:31.800+0000] {processor.py:840} INFO - DAG(s) 'example_setup_teardown_taskflow' retrieved from /home/airflow/.local/lib/python3.8/site-packages/airflow/example_dags/example_setup_teardown_taskflow.py
[2026-06-03T13:21:31.830+0000] {logging_mixin.py:188} INFO - [2026-06-03T13:21:31.830+0000] {dag.py:3033} INFO - Sync 1 DAGs
[2026-06-03T13:21:31.875+0000] {logging_mixin.py:188} INFO - [2026-06-03T13:21:31.874+0000] {dag.py:3820} INFO - Setting next_dagrun for example_setup_teardown_taskflow to 2026-06-02T00:00:00+00:00, run_after=2026-06-03T00:00:00+00:00
[2026-06-03T13:21:31.898+0000] {processor.py:183} INFO - Processing /home/airflow/.local/lib/python3.8/site-packages/airflow/example_dags/example_setup_teardown_taskflow.py took 0.118 seconds
[2026-06-03T13:22:02.379+0000] {processor.py:161} INFO - Started process (PID=922) to work on /home/airflow/.local/lib/python3.8/site-packages/airflow/example_dags/example_setup_teardown_taskflow.py
[2026-06-03T13:22:02.380+0000] {processor.py:830} INFO - Processing file /home/airflow/.local/lib/python3.8/site-packages/airflow/example_dags/example_setup_teardown_taskflow.py for tasks to queue
[2026-06-03T13:22:02.381+0000] {logging_mixin.py:188} INFO - [2026-06-03T13:22:02.381+0000] {dagbag.py:538} INFO - Filling up the DagBag from /home/airflow/.local/lib/python3.8/site-packages/airflow/example_dags/example_setup_teardown_taskflow.py
[2026-06-03T13:22:02.385+0000] {processor.py:840} INFO - DAG(s) 'example_setup_teardown_taskflow' retrieved from /home/airflow/.local/lib/python3.8/site-packages/airflow/example_dags/example_setup_teardown_taskflow.py
[2026-06-03T13:22:02.399+0000] {logging_mixin.py:188} INFO - [2026-06-03T13:22:02.399+0000] {dag.py:3033} INFO - Sync 1 DAGs
[2026-06-03T13:22:02.418+0000] {logging_mixin.py:188} INFO - [2026-06-03T13:22:02.418+0000] {dag.py:3820} INFO - Setting next_dagrun for example_setup_teardown_taskflow to 2026-06-02T00:00:00+00:00, run_after=2026-06-03T00:00:00+00:00
[2026-06-03T13:22:02.450+0000] {processor.py:183} INFO - Processing /home/airflow/.local/lib/python3.8/site-packages/airflow/example_dags/example_setup_teardown_taskflow.py took 0.073 seconds
[2026-06-03T13:22:33.702+0000] {processor.py:161} INFO - Started process (PID=978) to work on /home/airflow/.local/lib/python3.8/site-packages/airflow/example_dags/example_setup_teardown_taskflow.py
[2026-06-03T13:22:33.709+0000] {processor.py:830} INFO - Processing file /home/airflow/.local/lib/python3.8/site-packages/airflow/example_dags/example_setup_teardown_taskflow.py for tasks to queue
[2026-06-03T13:22:33.717+0000] {logging_mixin.py:188} INFO - [2026-06-03T13:22:33.716+0000] {dagbag.py:538} INFO - Filling up the DagBag from /home/airflow/.local/lib/python3.8/site-packages/airflow/example_dags/example_setup_teardown_taskflow.py
[2026-06-03T13:22:33.747+0000] {processor.py:840} INFO - DAG(s) 'example_setup_teardown_taskflow' retrieved from /home/airflow/.local/lib/python3.8/site-packages/airflow/example_dags/example_setup_teardown_taskflow.py
[2026-06-03T13:22:33.812+0000] {logging_mixin.py:188} INFO - [2026-06-03T13:22:33.812+0000] {dag.py:3033} INFO - Sync 1 DAGs
[2026-06-03T13:22:33.860+0000] {logging_mixin.py:188} INFO - [2026-06-03T13:22:33.860+0000] {dag.py:3820} INFO - Setting next_dagrun for example_setup_teardown_taskflow to 2026-06-02T00:00:00+00:00, run_after=2026-06-03T00:00:00+00:00
[2026-06-03T13:22:33.885+0000] {processor.py:183} INFO - Processing /home/airflow/.local/lib/python3.8/site-packages/airflow/example_dags/example_setup_teardown_taskflow.py took 0.202 seconds
[2026-06-03T13:23:04.081+0000] {processor.py:161} INFO - Started process (PID=1034) to work on /home/airflow/.local/lib/python3.8/site-packages/airflow/example_dags/example_setup_teardown_taskflow.py
[2026-06-03T13:23:04.082+0000] {processor.py:830} INFO - Processing file /home/airflow/.local/lib/python3.8/site-packages/airflow/example_dags/example_setup_teardown_taskflow.py for tasks to queue
[2026-06-03T13:23:04.083+0000] {logging_mixin.py:188} INFO - [2026-06-03T13:23:04.083+0000] {dagbag.py:538} INFO - Filling up the DagBag from /home/airflow/.local/lib/python3.8/site-packages/airflow/example_dags/example_setup_teardown_taskflow.py
[2026-06-03T13:23:04.088+0000] {processor.py:840} INFO - DAG(s) 'example_setup_teardown_taskflow' retrieved from /home/airflow/.local/lib/python3.8/site-packages/airflow/example_dags/example_setup_teardown_taskflow.py
[2026-06-03T13:23:04.099+0000] {logging_mixin.py:188} INFO - [2026-06-03T13:23:04.099+0000] {dag.py:3033} INFO - Sync 1 DAGs
[2026-06-03T13:23:04.110+0000] {logging_mixin.py:188} INFO - [2026-06-03T13:23:04.110+0000] {dag.py:3820} INFO - Setting next_dagrun for example_setup_teardown_taskflow to 2026-06-02T00:00:00+00:00, run_after=2026-06-03T00:00:00+00:00
[2026-06-03T13:23:04.120+0000] {processor.py:183} INFO - Processing /home/airflow/.local/lib/python3.8/site-packages/airflow/example_dags/example_setup_teardown_taskflow.py took 0.041 seconds
[2026-06-03T13:23:34.821+0000] {processor.py:161} INFO - Started process (PID=1089) to work on /home/airflow/.local/lib/python3.8/site-packages/airflow/example_dags/example_setup_teardown_taskflow.py
[2026-06-03T13:23:34.822+0000] {processor.py:830} INFO - Processing file /home/airflow/.local/lib/python3.8/site-packages/airflow/example_dags/example_setup_teardown_taskflow.py for tasks to queue
[2026-06-03T13:23:34.824+0000] {logging_mixin.py:188} INFO - [2026-06-03T13:23:34.824+0000] {dagbag.py:538} INFO - Filling up the DagBag from /home/airflow/.local/lib/python3.8/site-packages/airflow/example_dags/example_setup_teardown_taskflow.py
[2026-06-03T13:23:34.838+0000] {processor.py:840} INFO - DAG(s) 'example_setup_teardown_taskflow' retrieved from /home/airflow/.local/lib/python3.8/site-packages/airflow/example_dags/example_setup_teardown_taskflow.py
[2026-06-03T13:23:34.863+0000] {logging_mixin.py:188} INFO - [2026-06-03T13:23:34.863+0000] {dag.py:3033} INFO - Sync 1 DAGs
[2026-06-03T13:23:34.901+0000] {logging_mixin.py:188} INFO - [2026-06-03T13:23:34.901+0000] {dag.py:3820} INFO - Setting next_dagrun for example_setup_teardown_taskflow to 2026-06-02T00:00:00+00:00, run_after=2026-06-03T00:00:00+00:00
[2026-06-03T13:23:34.914+0000] {processor.py:183} INFO - Processing /home/airflow/.local/lib/python3.8/site-packages/airflow/example_dags/example_setup_teardown_taskflow.py took 0.096 seconds
[2026-06-03T13:24:05.783+0000] {processor.py:161} INFO - Started process (PID=1145) to work on /home/airflow/.local/lib/python3.8/site-packages/airflow/example_dags/example_setup_teardown_taskflow.py
[2026-06-03T13:24:05.785+0000] {processor.py:830} INFO - Processing file /home/airflow/.local/lib/python3.8/site-packages/airflow/example_dags/example_setup_teardown_taskflow.py for tasks to queue
[2026-06-03T13:24:05.788+0000] {logging_mixin.py:188} INFO - [2026-06-03T13:24:05.787+0000] {dagbag.py:538} INFO - Filling up the DagBag from /home/airflow/.local/lib/python3.8/site-packages/airflow/example_dags/example_setup_teardown_taskflow.py
[2026-06-03T13:24:05.794+0000] {processor.py:840} INFO - DAG(s) 'example_setup_teardown_taskflow' retrieved from /home/airflow/.local/lib/python3.8/site-packages/airflow/example_dags/example_setup_teardown_taskflow.py
[2026-06-03T13:24:05.823+0000] {logging_mixin.py:188} INFO - [2026-06-03T13:24:05.823+0000] {dag.py:3033} INFO - Sync 1 DAGs
[2026-06-03T13:24:05.842+0000] {logging_mixin.py:188} INFO - [2026-06-03T13:24:05.842+0000] {dag.py:3820} INFO - Setting next_dagrun for example_setup_teardown_taskflow to 2026-06-02T00:00:00+00:00, run_after=2026-06-03T00:00:00+00:00
[2026-06-03T13:24:05.857+0000] {processor.py:183} INFO - Processing /home/airflow/.local/lib/python3.8/site-packages/airflow/example_dags/example_setup_teardown_taskflow.py took 0.081 seconds
[2026-06-03T13:24:35.928+0000] {processor.py:161} INFO - Started process (PID=1201) to work on /home/airflow/.local/lib/python3.8/site-packages/airflow/example_dags/example_setup_teardown_taskflow.py
[2026-06-03T13:24:35.930+0000] {processor.py:830} INFO - Processing file /home/airflow/.local/lib/python3.8/site-packages/airflow/example_dags/example_setup_teardown_taskflow.py for tasks to queue
[2026-06-03T13:24:35.931+0000] {logging_mixin.py:188} INFO - [2026-06-03T13:24:35.931+0000] {dagbag.py:538} INFO - Filling up the DagBag from /home/airflow/.local/lib/python3.8/site-packages/airflow/example_dags/example_setup_teardown_taskflow.py
[2026-06-03T13:24:35.937+0000] {processor.py:840} INFO - DAG(s) 'example_setup_teardown_taskflow' retrieved from /home/airflow/.local/lib/python3.8/site-packages/airflow/example_dags/example_setup_teardown_taskflow.py
[2026-06-03T13:24:35.952+0000] {logging_mixin.py:188} INFO - [2026-06-03T13:24:35.952+0000] {dag.py:3033} INFO - Sync 1 DAGs
[2026-06-03T13:24:35.973+0000] {logging_mixin.py:188} INFO - [2026-06-03T13:24:35.973+0000] {dag.py:3820} INFO - Setting next_dagrun for example_setup_teardown_taskflow to 2026-06-02T00:00:00+00:00, run_after=2026-06-03T00:00:00+00:00
[2026-06-03T13:24:35.993+0000] {processor.py:183} INFO - Processing /home/airflow/.local/lib/python3.8/site-packages/airflow/example_dags/example_setup_teardown_taskflow.py took 0.068 seconds
[2026-06-03T13:25:06.331+0000] {processor.py:161} INFO - Started process (PID=1257) to work on /home/airflow/.local/lib/python3.8/site-packages/airflow/example_dags/example_setup_teardown_taskflow.py
[2026-06-03T13:25:06.332+0000] {processor.py:830} INFO - Processing file /home/airflow/.local/lib/python3.8/site-packages/airflow/example_dags/example_setup_teardown_taskflow.py for tasks to queue
[2026-06-03T13:25:06.334+0000] {logging_mixin.py:188} INFO - [2026-06-03T13:25:06.334+0000] {dagbag.py:538} INFO - Filling up the DagBag from /home/airflow/.local/lib/python3.8/site-packages/airflow/example_dags/example_setup_teardown_taskflow.py
[2026-06-03T13:25:06.341+0000] {processor.py:840} INFO - DAG(s) 'example_setup_teardown_taskflow' retrieved from /home/airflow/.local/lib/python3.8/site-packages/airflow/example_dags/example_setup_teardown_taskflow.py
[2026-06-03T13:25:06.361+0000] {logging_mixin.py:188} INFO - [2026-06-03T13:25:06.361+0000] {dag.py:3033} INFO - Sync 1 DAGs
[2026-06-03T13:25:06.374+0000] {logging_mixin.py:188} INFO - [2026-06-03T13:25:06.374+0000] {dag.py:3820} INFO - Setting next_dagrun for example_setup_teardown_taskflow to 2026-06-02T00:00:00+00:00, run_after=2026-06-03T00:00:00+00:00
[2026-06-03T13:25:06.393+0000] {processor.py:183} INFO - Processing /home/airflow/.local/lib/python3.8/site-packages/airflow/example_dags/example_setup_teardown_taskflow.py took 0.065 seconds
[2026-06-03T13:25:37.000+0000] {processor.py:161} INFO - Started process (PID=1314) to work on /home/airflow/.local/lib/python3.8/site-packages/airflow/example_dags/example_setup_teardown_taskflow.py
[2026-06-03T13:25:37.002+0000] {processor.py:830} INFO - Processing file /home/airflow/.local/lib/python3.8/site-packages/airflow/example_dags/example_setup_teardown_taskflow.py for tasks to queue
[2026-06-03T13:25:37.004+0000] {logging_mixin.py:188} INFO - [2026-06-03T13:25:37.004+0000] {dagbag.py:538} INFO - Filling up the DagBag from /home/airflow/.local/lib/python3.8/site-packages/airflow/example_dags/example_setup_teardown_taskflow.py
[2026-06-03T13:25:37.010+0000] {processor.py:840} INFO - DAG(s) 'example_setup_teardown_taskflow' retrieved from /home/airflow/.local/lib/python3.8/site-packages/airflow/example_dags/example_setup_teardown_taskflow.py
[2026-06-03T13:25:37.028+0000] {logging_mixin.py:188} INFO - [2026-06-03T13:25:37.028+0000] {dag.py:3033} INFO - Sync 1 DAGs
[2026-06-03T13:25:37.047+0000] {logging_mixin.py:188} INFO - [2026-06-03T13:25:37.046+0000] {dag.py:3820} INFO - Setting next_dagrun for example_setup_teardown_taskflow to 2026-06-02T00:00:00+00:00, run_after=2026-06-03T00:00:00+00:00
[2026-06-03T13:25:37.061+0000] {processor.py:183} INFO - Processing /home/airflow/.local/lib/python3.8/site-packages/airflow/example_dags/example_setup_teardown_taskflow.py took 0.064 seconds
[2026-06-03T13:26:07.468+0000] {processor.py:161} INFO - Started process (PID=1370) to work on /home/airflow/.local/lib/python3.8/site-packages/airflow/example_dags/example_setup_teardown_taskflow.py
[2026-06-03T13:26:07.469+0000] {processor.py:830} INFO - Processing file /home/airflow/.local/lib/python3.8/site-packages/airflow/example_dags/example_setup_teardown_taskflow.py for tasks to queue
[2026-06-03T13:26:07.471+0000] {logging_mixin.py:188} INFO - [2026-06-03T13:26:07.470+0000] {dagbag.py:538} INFO - Filling up the DagBag from /home/airflow/.local/lib/python3.8/site-packages/airflow/example_dags/example_setup_teardown_taskflow.py
[2026-06-03T13:26:07.489+0000] {processor.py:840} INFO - DAG(s) 'example_setup_teardown_taskflow' retrieved from /home/airflow/.local/lib/python3.8/site-packages/airflow/example_dags/example_setup_teardown_taskflow.py
[2026-06-03T13:26:07.527+0000] {logging_mixin.py:188} INFO - [2026-06-03T13:26:07.526+0000] {dag.py:3033} INFO - Sync 1 DAGs
[2026-06-03T13:26:07.558+0000] {logging_mixin.py:188} INFO - [2026-06-03T13:26:07.558+0000] {dag.py:3820} INFO - Setting next_dagrun for example_setup_teardown_taskflow to 2026-06-02T00:00:00+00:00, run_after=2026-06-03T00:00:00+00:00
[2026-06-03T13:26:07.579+0000] {processor.py:183} INFO - Processing /home/airflow/.local/lib/python3.8/site-packages/airflow/example_dags/example_setup_teardown_taskflow.py took 0.114 seconds
[2026-06-03T13:26:38.366+0000] {processor.py:161} INFO - Started process (PID=1427) to work on /home/airflow/.local/lib/python3.8/site-packages/airflow/example_dags/example_setup_teardown_taskflow.py
[2026-06-03T13:26:38.367+0000] {processor.py:830} INFO - Processing file /home/airflow/.local/lib/python3.8/site-packages/airflow/example_dags/example_setup_teardown_taskflow.py for tasks to queue
[2026-06-03T13:26:38.368+0000] {logging_mixin.py:188} INFO - [2026-06-03T13:26:38.368+0000] {dagbag.py:538} INFO - Filling up the DagBag from /home/airflow/.local/lib/python3.8/site-packages/airflow/example_dags/example_setup_teardown_taskflow.py
[2026-06-03T13:26:38.372+0000] {processor.py:840} INFO - DAG(s) 'example_setup_teardown_taskflow' retrieved from /home/airflow/.local/lib/python3.8/site-packages/airflow/example_dags/example_setup_teardown_taskflow.py
[2026-06-03T13:26:38.383+0000] {logging_mixin.py:188} INFO - [2026-06-03T13:26:38.383+0000] {dag.py:3033} INFO - Sync 1 DAGs
[2026-06-03T13:26:38.394+0000] {logging_mixin.py:188} INFO - [2026-06-03T13:26:38.394+0000] {dag.py:3820} INFO - Setting next_dagrun for example_setup_teardown_taskflow to 2026-06-02T00:00:00+00:00, run_after=2026-06-03T00:00:00+00:00
[2026-06-03T13:26:38.404+0000] {processor.py:183} INFO - Processing /home/airflow/.local/lib/python3.8/site-packages/airflow/example_dags/example_setup_teardown_taskflow.py took 0.040 seconds
[2026-06-03T13:27:08.511+0000] {processor.py:161} INFO - Started process (PID=1482) to work on /home/airflow/.local/lib/python3.8/site-packages/airflow/example_dags/example_setup_teardown_taskflow.py
[2026-06-03T13:27:08.512+0000] {processor.py:830} INFO - Processing file /home/airflow/.local/lib/python3.8/site-packages/airflow/example_dags/example_setup_teardown_taskflow.py for tasks to queue
[2026-06-03T13:27:08.514+0000] {logging_mixin.py:188} INFO - [2026-06-03T13:27:08.514+0000] {dagbag.py:538} INFO - Filling up the DagBag from /home/airflow/.local/lib/python3.8/site-packages/airflow/example_dags/example_setup_teardown_taskflow.py
[2026-06-03T13:27:08.523+0000] {processor.py:840} INFO - DAG(s) 'example_setup_teardown_taskflow' retrieved from /home/airflow/.local/lib/python3.8/site-packages/airflow/example_dags/example_setup_teardown_taskflow.py
[2026-06-03T13:27:08.536+0000] {logging_mixin.py:188} INFO - [2026-06-03T13:27:08.536+0000] {dag.py:3033} INFO - Sync 1 DAGs
[2026-06-03T13:27:08.549+0000] {logging_mixin.py:188} INFO - [2026-06-03T13:27:08.549+0000] {dag.py:3820} INFO - Setting next_dagrun for example_setup_teardown_taskflow to 2026-06-02T00:00:00+00:00, run_after=2026-06-03T00:00:00+00:00
[2026-06-03T13:27:08.557+0000] {processor.py:183} INFO - Processing /home/airflow/.local/lib/python3.8/site-packages/airflow/example_dags/example_setup_teardown_taskflow.py took 0.048 seconds
[2026-06-03T13:27:39.627+0000] {processor.py:161} INFO - Started process (PID=1539) to work on /home/airflow/.local/lib/python3.8/site-packages/airflow/example_dags/example_setup_teardown_taskflow.py
[2026-06-03T13:27:39.628+0000] {processor.py:830} INFO - Processing file /home/airflow/.local/lib/python3.8/site-packages/airflow/example_dags/example_setup_teardown_taskflow.py for tasks to queue
[2026-06-03T13:27:39.629+0000] {logging_mixin.py:188} INFO - [2026-06-03T13:27:39.629+0000] {dagbag.py:538} INFO - Filling up the DagBag from /home/airflow/.local/lib/python3.8/site-packages/airflow/example_dags/example_setup_teardown_taskflow.py
[2026-06-03T13:27:39.635+0000] {processor.py:840} INFO - DAG(s) 'example_setup_teardown_taskflow' retrieved from /home/airflow/.local/lib/python3.8/site-packages/airflow/example_dags/example_setup_teardown_taskflow.py
[2026-06-03T13:27:39.647+0000] {logging_mixin.py:188} INFO - [2026-06-03T13:27:39.647+0000] {dag.py:3033} INFO - Sync 1 DAGs
[2026-06-03T13:27:39.657+0000] {logging_mixin.py:188} INFO - [2026-06-03T13:27:39.657+0000] {dag.py:3820} INFO - Setting next_dagrun for example_setup_teardown_taskflow to 2026-06-02T00:00:00+00:00, run_after=2026-06-03T00:00:00+00:00
[2026-06-03T13:27:39.665+0000] {processor.py:183} INFO - Processing /home/airflow/.local/lib/python3.8/site-packages/airflow/example_dags/example_setup_teardown_taskflow.py took 0.040 seconds
[2026-06-03T13:28:10.091+0000] {processor.py:161} INFO - Started process (PID=1595) to work on /home/airflow/.local/lib/python3.8/site-packages/airflow/example_dags/example_setup_teardown_taskflow.py
[2026-06-03T13:28:10.092+0000] {processor.py:830} INFO - Processing file /home/airflow/.local/lib/python3.8/site-packages/airflow/example_dags/example_setup_teardown_taskflow.py for tasks to queue
[2026-06-03T13:28:10.094+0000] {logging_mixin.py:188} INFO - [2026-06-03T13:28:10.094+0000] {dagbag.py:538} INFO - Filling up the DagBag from /home/airflow/.local/lib/python3.8/site-packages/airflow/example_dags/example_setup_teardown_taskflow.py
[2026-06-03T13:28:10.099+0000] {processor.py:840} INFO - DAG(s) 'example_setup_teardown_taskflow' retrieved from /home/airflow/.local/lib/python3.8/site-packages/airflow/example_dags/example_setup_teardown_taskflow.py
[2026-06-03T13:28:10.112+0000] {logging_mixin.py:188} INFO - [2026-06-03T13:28:10.112+0000] {dag.py:3033} INFO - Sync 1 DAGs
[2026-06-03T13:28:10.124+0000] {logging_mixin.py:188} INFO - [2026-06-03T13:28:10.124+0000] {dag.py:3820} INFO - Setting next_dagrun for example_setup_teardown_taskflow to 2026-06-02T00:00:00+00:00, run_after=2026-06-03T00:00:00+00:00
[2026-06-03T13:28:10.132+0000] {processor.py:183} INFO - Processing /home/airflow/.local/lib/python3.8/site-packages/airflow/example_dags/example_setup_teardown_taskflow.py took 0.043 seconds
[2026-06-03T13:28:40.242+0000] {processor.py:161} INFO - Started process (PID=1650) to work on /home/airflow/.local/lib/python3.8/site-packages/airflow/example_dags/example_setup_teardown_taskflow.py
[2026-06-03T13:28:40.244+0000] {processor.py:830} INFO - Processing file /home/airflow/.local/lib/python3.8/site-packages/airflow/example_dags/example_setup_teardown_taskflow.py for tasks to queue
[2026-06-03T13:28:40.245+0000] {logging_mixin.py:188} INFO - [2026-06-03T13:28:40.245+0000] {dagbag.py:538} INFO - Filling up the DagBag from /home/airflow/.local/lib/python3.8/site-packages/airflow/example_dags/example_setup_teardown_taskflow.py
[2026-06-03T13:28:40.252+0000] {processor.py:840} INFO - DAG(s) 'example_setup_teardown_taskflow' retrieved from /home/airflow/.local/lib/python3.8/site-packages/airflow/example_dags/example_setup_teardown_taskflow.py
[2026-06-03T13:28:40.267+0000] {logging_mixin.py:188} INFO - [2026-06-03T13:28:40.267+0000] {dag.py:3033} INFO - Sync 1 DAGs
[2026-06-03T13:28:40.284+0000] {logging_mixin.py:188} INFO - [2026-06-03T13:28:40.284+0000] {dag.py:3820} INFO - Setting next_dagrun for example_setup_teardown_taskflow to 2026-06-02T00:00:00+00:00, run_after=2026-06-03T00:00:00+00:00
[2026-06-03T13:28:40.299+0000] {processor.py:183} INFO - Processing /home/airflow/.local/lib/python3.8/site-packages/airflow/example_dags/example_setup_teardown_taskflow.py took 0.059 seconds
[2026-06-03T13:29:10.358+0000] {processor.py:161} INFO - Started process (PID=1706) to work on /home/airflow/.local/lib/python3.8/site-packages/airflow/example_dags/example_setup_teardown_taskflow.py
[2026-06-03T13:29:10.360+0000] {processor.py:830} INFO - Processing file /home/airflow/.local/lib/python3.8/site-packages/airflow/example_dags/example_setup_teardown_taskflow.py for tasks to queue
[2026-06-03T13:29:10.361+0000] {logging_mixin.py:188} INFO - [2026-06-03T13:29:10.361+0000] {dagbag.py:538} INFO - Filling up the DagBag from /home/airflow/.local/lib/python3.8/site-packages/airflow/example_dags/example_setup_teardown_taskflow.py
[2026-06-03T13:29:10.368+0000] {processor.py:840} INFO - DAG(s) 'example_setup_teardown_taskflow' retrieved from /home/airflow/.local/lib/python3.8/site-packages/airflow/example_dags/example_setup_teardown_taskflow.py
[2026-06-03T13:29:10.383+0000] {logging_mixin.py:188} INFO - [2026-06-03T13:29:10.383+0000] {dag.py:3033} INFO - Sync 1 DAGs
[2026-06-03T13:29:10.397+0000] {logging_mixin.py:188} INFO - [2026-06-03T13:29:10.397+0000] {dag.py:3820} INFO - Setting next_dagrun for example_setup_teardown_taskflow to 2026-06-02T00:00:00+00:00, run_after=2026-06-03T00:00:00+00:00
[2026-06-03T13:29:10.404+0000] {processor.py:183} INFO - Processing /home/airflow/.local/lib/python3.8/site-packages/airflow/example_dags/example_setup_teardown_taskflow.py took 0.048 seconds
[2026-06-03T13:29:41.562+0000] {processor.py:161} INFO - Started process (PID=1763) to work on /home/airflow/.local/lib/python3.8/site-packages/airflow/example_dags/example_setup_teardown_taskflow.py
[2026-06-03T13:29:41.563+0000] {processor.py:830} INFO - Processing file /home/airflow/.local/lib/python3.8/site-packages/airflow/example_dags/example_setup_teardown_taskflow.py for tasks to queue
[2026-06-03T13:29:41.565+0000] {logging_mixin.py:188} INFO - [2026-06-03T13:29:41.565+0000] {dagbag.py:538} INFO - Filling up the DagBag from /home/airflow/.local/lib/python3.8/site-packages/airflow/example_dags/example_setup_teardown_taskflow.py
[2026-06-03T13:29:41.573+0000] {processor.py:840} INFO - DAG(s) 'example_setup_teardown_taskflow' retrieved from /home/airflow/.local/lib/python3.8/site-packages/airflow/example_dags/example_setup_teardown_taskflow.py
[2026-06-03T13:29:41.624+0000] {logging_mixin.py:188} INFO - [2026-06-03T13:29:41.623+0000] {dag.py:3033} INFO - Sync 1 DAGs
[2026-06-03T13:29:41.649+0000] {logging_mixin.py:188} INFO - [2026-06-03T13:29:41.648+0000] {dag.py:3820} INFO - Setting next_dagrun for example_setup_teardown_taskflow to 2026-06-02T00:00:00+00:00, run_after=2026-06-03T00:00:00+00:00
[2026-06-03T13:29:41.672+0000] {processor.py:183} INFO - Processing /home/airflow/.local/lib/python3.8/site-packages/airflow/example_dags/example_setup_teardown_taskflow.py took 0.113 seconds
[2026-06-03T13:30:12.358+0000] {processor.py:161} INFO - Started process (PID=1819) to work on /home/airflow/.local/lib/python3.8/site-packages/airflow/example_dags/example_setup_teardown_taskflow.py
[2026-06-03T13:30:12.359+0000] {processor.py:830} INFO - Processing file /home/airflow/.local/lib/python3.8/site-packages/airflow/example_dags/example_setup_teardown_taskflow.py for tasks to queue
[2026-06-03T13:30:12.364+0000] {logging_mixin.py:188} INFO - [2026-06-03T13:30:12.363+0000] {dagbag.py:538} INFO - Filling up the DagBag from /home/airflow/.local/lib/python3.8/site-packages/airflow/example_dags/example_setup_teardown_taskflow.py
[2026-06-03T13:30:12.374+0000] {processor.py:840} INFO - DAG(s) 'example_setup_teardown_taskflow' retrieved from /home/airflow/.local/lib/python3.8/site-packages/airflow/example_dags/example_setup_teardown_taskflow.py
[2026-06-03T13:30:12.410+0000] {logging_mixin.py:188} INFO - [2026-06-03T13:30:12.410+0000] {dag.py:3033} INFO - Sync 1 DAGs
[2026-06-03T13:30:12.455+0000] {logging_mixin.py:188} INFO - [2026-06-03T13:30:12.455+0000] {dag.py:3820} INFO - Setting next_dagrun for example_setup_teardown_taskflow to 2026-06-02T00:00:00+00:00, run_after=2026-06-03T00:00:00+00:00
[2026-06-03T13:30:12.476+0000] {processor.py:183} INFO - Processing /home/airflow/.local/lib/python3.8/site-packages/airflow/example_dags/example_setup_teardown_taskflow.py took 0.124 seconds
[2026-06-03T13:30:43.617+0000] {processor.py:161} INFO - Started process (PID=1874) to work on /home/airflow/.local/lib/python3.8/site-packages/airflow/example_dags/example_setup_teardown_taskflow.py
[2026-06-03T13:30:43.618+0000] {processor.py:830} INFO - Processing file /home/airflow/.local/lib/python3.8/site-packages/airflow/example_dags/example_setup_teardown_taskflow.py for tasks to queue
[2026-06-03T13:30:43.627+0000] {logging_mixin.py:188} INFO - [2026-06-03T13:30:43.626+0000] {dagbag.py:538} INFO - Filling up the DagBag from /home/airflow/.local/lib/python3.8/site-packages/airflow/example_dags/example_setup_teardown_taskflow.py
[2026-06-03T13:30:43.665+0000] {processor.py:840} INFO - DAG(s) 'example_setup_teardown_taskflow' retrieved from /home/airflow/.local/lib/python3.8/site-packages/airflow/example_dags/example_setup_teardown_taskflow.py
[2026-06-03T13:30:43.726+0000] {logging_mixin.py:188} INFO - [2026-06-03T13:30:43.726+0000] {dag.py:3033} INFO - Sync 1 DAGs
[2026-06-03T13:30:43.778+0000] {logging_mixin.py:188} INFO - [2026-06-03T13:30:43.776+0000] {dag.py:3820} INFO - Setting next_dagrun for example_setup_teardown_taskflow to 2026-06-02T00:00:00+00:00, run_after=2026-06-03T00:00:00+00:00
[2026-06-03T13:30:43.852+0000] {processor.py:183} INFO - Processing /home/airflow/.local/lib/python3.8/site-packages/airflow/example_dags/example_setup_teardown_taskflow.py took 0.249 seconds
[2026-06-03T13:31:14.639+0000] {processor.py:161} INFO - Started process (PID=1930) to work on /home/airflow/.local/lib/python3.8/site-packages/airflow/example_dags/example_setup_teardown_taskflow.py
[2026-06-03T13:31:14.641+0000] {processor.py:830} INFO - Processing file /home/airflow/.local/lib/python3.8/site-packages/airflow/example_dags/example_setup_teardown_taskflow.py for tasks to queue
[2026-06-03T13:31:14.644+0000] {logging_mixin.py:188} INFO - [2026-06-03T13:31:14.644+0000] {dagbag.py:538} INFO - Filling up the DagBag from /home/airflow/.local/lib/python3.8/site-packages/airflow/example_dags/example_setup_teardown_taskflow.py
[2026-06-03T13:31:14.651+0000] {processor.py:840} INFO - DAG(s) 'example_setup_teardown_taskflow' retrieved from /home/airflow/.local/lib/python3.8/site-packages/airflow/example_dags/example_setup_teardown_taskflow.py
[2026-06-03T13:31:14.671+0000] {logging_mixin.py:188} INFO - [2026-06-03T13:31:14.671+0000] {dag.py:3033} INFO - Sync 1 DAGs
[2026-06-03T13:31:14.685+0000] {logging_mixin.py:188} INFO - [2026-06-03T13:31:14.685+0000] {dag.py:3820} INFO - Setting next_dagrun for example_setup_teardown_taskflow to 2026-06-02T00:00:00+00:00, run_after=2026-06-03T00:00:00+00:00
[2026-06-03T13:31:14.709+0000] {processor.py:183} INFO - Processing /home/airflow/.local/lib/python3.8/site-packages/airflow/example_dags/example_setup_teardown_taskflow.py took 0.074 seconds
[2026-06-03T13:31:45.734+0000] {processor.py:161} INFO - Started process (PID=1986) to work on /home/airflow/.local/lib/python3.8/site-packages/airflow/example_dags/example_setup_teardown_taskflow.py
[2026-06-03T13:31:45.735+0000] {processor.py:830} INFO - Processing file /home/airflow/.local/lib/python3.8/site-packages/airflow/example_dags/example_setup_teardown_taskflow.py for tasks to queue
[2026-06-03T13:31:45.737+0000] {logging_mixin.py:188} INFO - [2026-06-03T13:31:45.737+0000] {dagbag.py:538} INFO - Filling up the DagBag from /home/airflow/.local/lib/python3.8/site-packages/airflow/example_dags/example_setup_teardown_taskflow.py
[2026-06-03T13:31:45.748+0000] {processor.py:840} INFO - DAG(s) 'example_setup_teardown_taskflow' retrieved from /home/airflow/.local/lib/python3.8/site-packages/airflow/example_dags/example_setup_teardown_taskflow.py
[2026-06-03T13:31:45.765+0000] {logging_mixin.py:188} INFO - [2026-06-03T13:31:45.765+0000] {dag.py:3033} INFO - Sync 1 DAGs
[2026-06-03T13:31:45.777+0000] {logging_mixin.py:188} INFO - [2026-06-03T13:31:45.777+0000] {dag.py:3820} INFO - Setting next_dagrun for example_setup_teardown_taskflow to 2026-06-02T00:00:00+00:00, run_after=2026-06-03T00:00:00+00:00
[2026-06-03T13:31:45.791+0000] {processor.py:183} INFO - Processing /home/airflow/.local/lib/python3.8/site-packages/airflow/example_dags/example_setup_teardown_taskflow.py took 0.060 seconds
[2026-06-03T13:32:16.199+0000] {processor.py:161} INFO - Started process (PID=2042) to work on /home/airflow/.local/lib/python3.8/site-packages/airflow/example_dags/example_setup_teardown_taskflow.py
[2026-06-03T13:32:16.207+0000] {processor.py:830} INFO - Processing file /home/airflow/.local/lib/python3.8/site-packages/airflow/example_dags/example_setup_teardown_taskflow.py for tasks to queue
[2026-06-03T13:32:16.212+0000] {logging_mixin.py:188} INFO - [2026-06-03T13:32:16.212+0000] {dagbag.py:538} INFO - Filling up the DagBag from /home/airflow/.local/lib/python3.8/site-packages/airflow/example_dags/example_setup_teardown_taskflow.py
[2026-06-03T13:32:16.223+0000] {processor.py:840} INFO - DAG(s) 'example_setup_teardown_taskflow' retrieved from /home/airflow/.local/lib/python3.8/site-packages/airflow/example_dags/example_setup_teardown_taskflow.py
[2026-06-03T13:32:16.309+0000] {logging_mixin.py:188} INFO - [2026-06-03T13:32:16.308+0000] {dag.py:3033} INFO - Sync 1 DAGs
[2026-06-03T13:32:16.331+0000] {logging_mixin.py:188} INFO - [2026-06-03T13:32:16.331+0000] {dag.py:3820} INFO - Setting next_dagrun for example_setup_teardown_taskflow to 2026-06-02T00:00:00+00:00, run_after=2026-06-03T00:00:00+00:00
[2026-06-03T13:32:16.347+0000] {processor.py:183} INFO - Processing /home/airflow/.local/lib/python3.8/site-packages/airflow/example_dags/example_setup_teardown_taskflow.py took 0.156 seconds
[2026-06-03T13:32:46.633+0000] {processor.py:161} INFO - Started process (PID=2098) to work on /home/airflow/.local/lib/python3.8/site-packages/airflow/example_dags/example_setup_teardown_taskflow.py
[2026-06-03T13:32:46.635+0000] {processor.py:830} INFO - Processing file /home/airflow/.local/lib/python3.8/site-packages/airflow/example_dags/example_setup_teardown_taskflow.py for tasks to queue
[2026-06-03T13:32:46.638+0000] {logging_mixin.py:188} INFO - [2026-06-03T13:32:46.637+0000] {dagbag.py:538} INFO - Filling up the DagBag from /home/airflow/.local/lib/python3.8/site-packages/airflow/example_dags/example_setup_teardown_taskflow.py
[2026-06-03T13:32:46.648+0000] {processor.py:840} INFO - DAG(s) 'example_setup_teardown_taskflow' retrieved from /home/airflow/.local/lib/python3.8/site-packages/airflow/example_dags/example_setup_teardown_taskflow.py
[2026-06-03T13:32:46.661+0000] {logging_mixin.py:188} INFO - [2026-06-03T13:32:46.661+0000] {dag.py:3033} INFO - Sync 1 DAGs
[2026-06-03T13:32:46.679+0000] {logging_mixin.py:188} INFO - [2026-06-03T13:32:46.679+0000] {dag.py:3820} INFO - Setting next_dagrun for example_setup_teardown_taskflow to 2026-06-02T00:00:00+00:00, run_after=2026-06-03T00:00:00+00:00
[2026-06-03T13:32:46.691+0000] {processor.py:183} INFO - Processing /home/airflow/.local/lib/python3.8/site-packages/airflow/example_dags/example_setup_teardown_taskflow.py took 0.062 seconds
[2026-06-03T13:33:17.621+0000] {processor.py:161} INFO - Started process (PID=2154) to work on /home/airflow/.local/lib/python3.8/site-packages/airflow/example_dags/example_setup_teardown_taskflow.py
[2026-06-03T13:33:17.623+0000] {processor.py:830} INFO - Processing file /home/airflow/.local/lib/python3.8/site-packages/airflow/example_dags/example_setup_teardown_taskflow.py for tasks to queue
[2026-06-03T13:33:17.626+0000] {logging_mixin.py:188} INFO - [2026-06-03T13:33:17.626+0000] {dagbag.py:538} INFO - Filling up the DagBag from /home/airflow/.local/lib/python3.8/site-packages/airflow/example_dags/example_setup_teardown_taskflow.py
[2026-06-03T13:33:17.646+0000] {processor.py:840} INFO - DAG(s) 'example_setup_teardown_taskflow' retrieved from /home/airflow/.local/lib/python3.8/site-packages/airflow/example_dags/example_setup_teardown_taskflow.py
[2026-06-03T13:33:17.677+0000] {logging_mixin.py:188} INFO - [2026-06-03T13:33:17.676+0000] {dag.py:3033} INFO - Sync 1 DAGs
[2026-06-03T13:33:17.710+0000] {logging_mixin.py:188} INFO - [2026-06-03T13:33:17.710+0000] {dag.py:3820} INFO - Setting next_dagrun for example_setup_teardown_taskflow to 2026-06-02T00:00:00+00:00, run_after=2026-06-03T00:00:00+00:00
[2026-06-03T13:33:18.294+0000] {processor.py:183} INFO - Processing /home/airflow/.local/lib/python3.8/site-packages/airflow/example_dags/example_setup_teardown_taskflow.py took 0.684 seconds
[2026-06-03T13:33:49.044+0000] {processor.py:161} INFO - Started process (PID=2210) to work on /home/airflow/.local/lib/python3.8/site-packages/airflow/example_dags/example_setup_teardown_taskflow.py
[2026-06-03T13:33:49.050+0000] {processor.py:830} INFO - Processing file /home/airflow/.local/lib/python3.8/site-packages/airflow/example_dags/example_setup_teardown_taskflow.py for tasks to queue
[2026-06-03T13:33:49.066+0000] {logging_mixin.py:188} INFO - [2026-06-03T13:33:49.066+0000] {dagbag.py:538} INFO - Filling up the DagBag from /home/airflow/.local/lib/python3.8/site-packages/airflow/example_dags/example_setup_teardown_taskflow.py
[2026-06-03T13:33:49.079+0000] {processor.py:840} INFO - DAG(s) 'example_setup_teardown_taskflow' retrieved from /home/airflow/.local/lib/python3.8/site-packages/airflow/example_dags/example_setup_teardown_taskflow.py
[2026-06-03T13:33:49.121+0000] {logging_mixin.py:188} INFO - [2026-06-03T13:33:49.121+0000] {dag.py:3033} INFO - Sync 1 DAGs
[2026-06-03T13:33:49.141+0000] {logging_mixin.py:188} INFO - [2026-06-03T13:33:49.140+0000] {dag.py:3820} INFO - Setting next_dagrun for example_setup_teardown_taskflow to 2026-06-02T00:00:00+00:00, run_after=2026-06-03T00:00:00+00:00
[2026-06-03T13:33:49.158+0000] {processor.py:183} INFO - Processing /home/airflow/.local/lib/python3.8/site-packages/airflow/example_dags/example_setup_teardown_taskflow.py took 0.128 seconds
[2026-06-03T13:34:19.580+0000] {processor.py:161} INFO - Started process (PID=2266) to work on /home/airflow/.local/lib/python3.8/site-packages/airflow/example_dags/example_setup_teardown_taskflow.py
[2026-06-03T13:34:19.587+0000] {processor.py:830} INFO - Processing file /home/airflow/.local/lib/python3.8/site-packages/airflow/example_dags/example_setup_teardown_taskflow.py for tasks to queue
[2026-06-03T13:34:19.600+0000] {logging_mixin.py:188} INFO - [2026-06-03T13:34:19.599+0000] {dagbag.py:538} INFO - Filling up the DagBag from /home/airflow/.local/lib/python3.8/site-packages/airflow/example_dags/example_setup_teardown_taskflow.py
[2026-06-03T13:34:19.619+0000] {processor.py:840} INFO - DAG(s) 'example_setup_teardown_taskflow' retrieved from /home/airflow/.local/lib/python3.8/site-packages/airflow/example_dags/example_setup_teardown_taskflow.py
[2026-06-03T13:34:19.658+0000] {logging_mixin.py:188} INFO - [2026-06-03T13:34:19.658+0000] {dag.py:3033} INFO - Sync 1 DAGs
[2026-06-03T13:34:19.679+0000] {logging_mixin.py:188} INFO - [2026-06-03T13:34:19.679+0000] {dag.py:3820} INFO - Setting next_dagrun for example_setup_teardown_taskflow to 2026-06-02T00:00:00+00:00, run_after=2026-06-03T00:00:00+00:00
[2026-06-03T13:34:19.698+0000] {processor.py:183} INFO - Processing /home/airflow/.local/lib/python3.8/site-packages/airflow/example_dags/example_setup_teardown_taskflow.py took 0.134 seconds
[2026-06-03T13:34:50.727+0000] {processor.py:161} INFO - Started process (PID=2322) to work on /home/airflow/.local/lib/python3.8/site-packages/airflow/example_dags/example_setup_teardown_taskflow.py
[2026-06-03T13:34:50.732+0000] {processor.py:830} INFO - Processing file /home/airflow/.local/lib/python3.8/site-packages/airflow/example_dags/example_setup_teardown_taskflow.py for tasks to queue
[2026-06-03T13:34:50.736+0000] {logging_mixin.py:188} INFO - [2026-06-03T13:34:50.736+0000] {dagbag.py:538} INFO - Filling up the DagBag from /home/airflow/.local/lib/python3.8/site-packages/airflow/example_dags/example_setup_teardown_taskflow.py
[2026-06-03T13:34:50.753+0000] {processor.py:840} INFO - DAG(s) 'example_setup_teardown_taskflow' retrieved from /home/airflow/.local/lib/python3.8/site-packages/airflow/example_dags/example_setup_teardown_taskflow.py
[2026-06-03T13:34:50.793+0000] {logging_mixin.py:188} INFO - [2026-06-03T13:34:50.793+0000] {dag.py:3033} INFO - Sync 1 DAGs
[2026-06-03T13:34:50.813+0000] {logging_mixin.py:188} INFO - [2026-06-03T13:34:50.813+0000] {dag.py:3820} INFO - Setting next_dagrun for example_setup_teardown_taskflow to 2026-06-02T00:00:00+00:00, run_after=2026-06-03T00:00:00+00:00
[2026-06-03T13:34:50.845+0000] {processor.py:183} INFO - Processing /home/airflow/.local/lib/python3.8/site-packages/airflow/example_dags/example_setup_teardown_taskflow.py took 0.136 seconds
[2026-06-03T13:35:21.545+0000] {processor.py:161} INFO - Started process (PID=2378) to work on /home/airflow/.local/lib/python3.8/site-packages/airflow/example_dags/example_setup_teardown_taskflow.py
[2026-06-03T13:35:21.546+0000] {processor.py:830} INFO - Processing file /home/airflow/.local/lib/python3.8/site-packages/airflow/example_dags/example_setup_teardown_taskflow.py for tasks to queue
[2026-06-03T13:35:21.548+0000] {logging_mixin.py:188} INFO - [2026-06-03T13:35:21.547+0000] {dagbag.py:538} INFO - Filling up the DagBag from /home/airflow/.local/lib/python3.8/site-packages/airflow/example_dags/example_setup_teardown_taskflow.py
[2026-06-03T13:35:21.552+0000] {processor.py:840} INFO - DAG(s) 'example_setup_teardown_taskflow' retrieved from /home/airflow/.local/lib/python3.8/site-packages/airflow/example_dags/example_setup_teardown_taskflow.py
[2026-06-03T13:35:21.561+0000] {logging_mixin.py:188} INFO - [2026-06-03T13:35:21.561+0000] {dag.py:3033} INFO - Sync 1 DAGs
[2026-06-03T13:35:21.763+0000] {logging_mixin.py:188} INFO - [2026-06-03T13:35:21.763+0000] {dag.py:3820} INFO - Setting next_dagrun for example_setup_teardown_taskflow to 2026-06-02T00:00:00+00:00, run_after=2026-06-03T00:00:00+00:00
[2026-06-03T13:35:21.784+0000] {processor.py:183} INFO - Processing /home/airflow/.local/lib/python3.8/site-packages/airflow/example_dags/example_setup_teardown_taskflow.py took 0.241 seconds
[2026-06-03T13:35:52.136+0000] {processor.py:161} INFO - Started process (PID=2434) to work on /home/airflow/.local/lib/python3.8/site-packages/airflow/example_dags/example_setup_teardown_taskflow.py
[2026-06-03T13:35:52.137+0000] {processor.py:830} INFO - Processing file /home/airflow/.local/lib/python3.8/site-packages/airflow/example_dags/example_setup_teardown_taskflow.py for tasks to queue
[2026-06-03T13:35:52.138+0000] {logging_mixin.py:188} INFO - [2026-06-03T13:35:52.137+0000] {dagbag.py:538} INFO - Filling up the DagBag from /home/airflow/.local/lib/python3.8/site-packages/airflow/example_dags/example_setup_teardown_taskflow.py
[2026-06-03T13:35:52.142+0000] {processor.py:840} INFO - DAG(s) 'example_setup_teardown_taskflow' retrieved from /home/airflow/.local/lib/python3.8/site-packages/airflow/example_dags/example_setup_teardown_taskflow.py
[2026-06-03T13:35:52.152+0000] {logging_mixin.py:188} INFO - [2026-06-03T13:35:52.152+0000] {dag.py:3033} INFO - Sync 1 DAGs
[2026-06-03T13:35:52.160+0000] {logging_mixin.py:188} INFO - [2026-06-03T13:35:52.160+0000] {dag.py:3820} INFO - Setting next_dagrun for example_setup_teardown_taskflow to 2026-06-02T00:00:00+00:00, run_after=2026-06-03T00:00:00+00:00
[2026-06-03T13:35:52.168+0000] {processor.py:183} INFO - Processing /home/airflow/.local/lib/python3.8/site-packages/airflow/example_dags/example_setup_teardown_taskflow.py took 0.034 seconds
[2026-06-03T13:36:22.642+0000] {processor.py:161} INFO - Started process (PID=2490) to work on /home/airflow/.local/lib/python3.8/site-packages/airflow/example_dags/example_setup_teardown_taskflow.py
[2026-06-03T13:36:22.642+0000] {processor.py:830} INFO - Processing file /home/airflow/.local/lib/python3.8/site-packages/airflow/example_dags/example_setup_teardown_taskflow.py for tasks to queue
[2026-06-03T13:36:22.644+0000] {logging_mixin.py:188} INFO - [2026-06-03T13:36:22.644+0000] {dagbag.py:538} INFO - Filling up the DagBag from /home/airflow/.local/lib/python3.8/site-packages/airflow/example_dags/example_setup_teardown_taskflow.py
[2026-06-03T13:36:22.649+0000] {processor.py:840} INFO - DAG(s) 'example_setup_teardown_taskflow' retrieved from /home/airflow/.local/lib/python3.8/site-packages/airflow/example_dags/example_setup_teardown_taskflow.py
[2026-06-03T13:36:22.668+0000] {logging_mixin.py:188} INFO - [2026-06-03T13:36:22.668+0000] {dag.py:3033} INFO - Sync 1 DAGs
[2026-06-03T13:36:22.691+0000] {logging_mixin.py:188} INFO - [2026-06-03T13:36:22.690+0000] {dag.py:3820} INFO - Setting next_dagrun for example_setup_teardown_taskflow to 2026-06-02T00:00:00+00:00, run_after=2026-06-03T00:00:00+00:00
[2026-06-03T13:36:22.708+0000] {processor.py:183} INFO - Processing /home/airflow/.local/lib/python3.8/site-packages/airflow/example_dags/example_setup_teardown_taskflow.py took 0.069 seconds
[2026-06-03T13:36:53.999+0000] {processor.py:161} INFO - Started process (PID=2546) to work on /home/airflow/.local/lib/python3.8/site-packages/airflow/example_dags/example_setup_teardown_taskflow.py
[2026-06-03T13:36:54.009+0000] {processor.py:830} INFO - Processing file /home/airflow/.local/lib/python3.8/site-packages/airflow/example_dags/example_setup_teardown_taskflow.py for tasks to queue
[2026-06-03T13:36:54.014+0000] {logging_mixin.py:188} INFO - [2026-06-03T13:36:54.014+0000] {dagbag.py:538} INFO - Filling up the DagBag from /home/airflow/.local/lib/python3.8/site-packages/airflow/example_dags/example_setup_teardown_taskflow.py
[2026-06-03T13:36:54.045+0000] {processor.py:840} INFO - DAG(s) 'example_setup_teardown_taskflow' retrieved from /home/airflow/.local/lib/python3.8/site-packages/airflow/example_dags/example_setup_teardown_taskflow.py
[2026-06-03T13:36:54.105+0000] {logging_mixin.py:188} INFO - [2026-06-03T13:36:54.105+0000] {dag.py:3033} INFO - Sync 1 DAGs
[2026-06-03T13:36:54.151+0000] {logging_mixin.py:188} INFO - [2026-06-03T13:36:54.151+0000] {dag.py:3820} INFO - Setting next_dagrun for example_setup_teardown_taskflow to 2026-06-02T00:00:00+00:00, run_after=2026-06-03T00:00:00+00:00
[2026-06-03T13:36:54.201+0000] {processor.py:183} INFO - Processing /home/airflow/.local/lib/python3.8/site-packages/airflow/example_dags/example_setup_teardown_taskflow.py took 0.214 seconds
[2026-06-03T13:37:24.358+0000] {processor.py:161} INFO - Started process (PID=2602) to work on /home/airflow/.local/lib/python3.8/site-packages/airflow/example_dags/example_setup_teardown_taskflow.py
[2026-06-03T13:37:24.359+0000] {processor.py:830} INFO - Processing file /home/airflow/.local/lib/python3.8/site-packages/airflow/example_dags/example_setup_teardown_taskflow.py for tasks to queue
[2026-06-03T13:37:24.361+0000] {logging_mixin.py:188} INFO - [2026-06-03T13:37:24.361+0000] {dagbag.py:538} INFO - Filling up the DagBag from /home/airflow/.local/lib/python3.8/site-packages/airflow/example_dags/example_setup_teardown_taskflow.py
[2026-06-03T13:37:24.366+0000] {processor.py:840} INFO - DAG(s) 'example_setup_teardown_taskflow' retrieved from /home/airflow/.local/lib/python3.8/site-packages/airflow/example_dags/example_setup_teardown_taskflow.py
[2026-06-03T13:37:24.382+0000] {logging_mixin.py:188} INFO - [2026-06-03T13:37:24.382+0000] {dag.py:3033} INFO - Sync 1 DAGs
[2026-06-03T13:37:24.464+0000] {logging_mixin.py:188} INFO - [2026-06-03T13:37:24.464+0000] {dag.py:3820} INFO - Setting next_dagrun for example_setup_teardown_taskflow to 2026-06-02T00:00:00+00:00, run_after=2026-06-03T00:00:00+00:00
[2026-06-03T13:37:24.475+0000] {processor.py:183} INFO - Processing /home/airflow/.local/lib/python3.8/site-packages/airflow/example_dags/example_setup_teardown_taskflow.py took 0.119 seconds
[2026-06-03T13:37:55.263+0000] {processor.py:161} INFO - Started process (PID=2658) to work on /home/airflow/.local/lib/python3.8/site-packages/airflow/example_dags/example_setup_teardown_taskflow.py
[2026-06-03T13:37:55.265+0000] {processor.py:830} INFO - Processing file /home/airflow/.local/lib/python3.8/site-packages/airflow/example_dags/example_setup_teardown_taskflow.py for tasks to queue
[2026-06-03T13:37:55.268+0000] {logging_mixin.py:188} INFO - [2026-06-03T13:37:55.268+0000] {dagbag.py:538} INFO - Filling up the DagBag from /home/airflow/.local/lib/python3.8/site-packages/airflow/example_dags/example_setup_teardown_taskflow.py
[2026-06-03T13:37:55.280+0000] {processor.py:840} INFO - DAG(s) 'example_setup_teardown_taskflow' retrieved from /home/airflow/.local/lib/python3.8/site-packages/airflow/example_dags/example_setup_teardown_taskflow.py
[2026-06-03T13:37:55.311+0000] {logging_mixin.py:188} INFO - [2026-06-03T13:37:55.310+0000] {dag.py:3033} INFO - Sync 1 DAGs
[2026-06-03T13:37:55.353+0000] {logging_mixin.py:188} INFO - [2026-06-03T13:37:55.352+0000] {dag.py:3820} INFO - Setting next_dagrun for example_setup_teardown_taskflow to 2026-06-02T00:00:00+00:00, run_after=2026-06-03T00:00:00+00:00
[2026-06-03T13:37:55.942+0000] {processor.py:183} INFO - Processing /home/airflow/.local/lib/python3.8/site-packages/airflow/example_dags/example_setup_teardown_taskflow.py took 0.684 seconds
[2026-06-03T13:38:26.334+0000] {processor.py:161} INFO - Started process (PID=2715) to work on /home/airflow/.local/lib/python3.8/site-packages/airflow/example_dags/example_setup_teardown_taskflow.py
[2026-06-03T13:38:26.334+0000] {processor.py:830} INFO - Processing file /home/airflow/.local/lib/python3.8/site-packages/airflow/example_dags/example_setup_teardown_taskflow.py for tasks to queue
[2026-06-03T13:38:26.335+0000] {logging_mixin.py:188} INFO - [2026-06-03T13:38:26.335+0000] {dagbag.py:538} INFO - Filling up the DagBag from /home/airflow/.local/lib/python3.8/site-packages/airflow/example_dags/example_setup_teardown_taskflow.py
[2026-06-03T13:38:26.340+0000] {processor.py:840} INFO - DAG(s) 'example_setup_teardown_taskflow' retrieved from /home/airflow/.local/lib/python3.8/site-packages/airflow/example_dags/example_setup_teardown_taskflow.py
[2026-06-03T13:38:26.356+0000] {logging_mixin.py:188} INFO - [2026-06-03T13:38:26.356+0000] {dag.py:3033} INFO - Sync 1 DAGs
[2026-06-03T13:38:26.366+0000] {logging_mixin.py:188} INFO - [2026-06-03T13:38:26.366+0000] {dag.py:3820} INFO - Setting next_dagrun for example_setup_teardown_taskflow to 2026-06-02T00:00:00+00:00, run_after=2026-06-03T00:00:00+00:00
[2026-06-03T13:38:26.374+0000] {processor.py:183} INFO - Processing /home/airflow/.local/lib/python3.8/site-packages/airflow/example_dags/example_setup_teardown_taskflow.py took 0.042 seconds
