[2026-06-03T11:48:39.995+0000] {processor.py:161} INFO - Started process (PID=41) to work on /home/airflow/.local/lib/python3.8/site-packages/airflow/example_dags/example_sensors.py
[2026-06-03T11:48:39.997+0000] {processor.py:830} INFO - Processing file /home/airflow/.local/lib/python3.8/site-packages/airflow/example_dags/example_sensors.py for tasks to queue
[2026-06-03T11:48:40.002+0000] {logging_mixin.py:188} INFO - [2026-06-03T11:48:40.001+0000] {dagbag.py:538} INFO - Filling up the DagBag from /home/airflow/.local/lib/python3.8/site-packages/airflow/example_dags/example_sensors.py
[2026-06-03T11:48:40.034+0000] {processor.py:840} INFO - DAG(s) 'example_sensors' retrieved from /home/airflow/.local/lib/python3.8/site-packages/airflow/example_dags/example_sensors.py
[2026-06-03T11:48:40.091+0000] {logging_mixin.py:188} INFO - [2026-06-03T11:48:40.091+0000] {dag.py:3033} INFO - Sync 1 DAGs
[2026-06-03T11:48:40.116+0000] {logging_mixin.py:188} INFO - [2026-06-03T11:48:40.116+0000] {dag.py:3820} INFO - Setting next_dagrun for example_sensors to None, run_after=None
[2026-06-03T11:48:40.141+0000] {processor.py:183} INFO - Processing /home/airflow/.local/lib/python3.8/site-packages/airflow/example_dags/example_sensors.py took 0.155 seconds
[2026-06-03T11:49:10.251+0000] {processor.py:161} INFO - Started process (PID=95) to work on /home/airflow/.local/lib/python3.8/site-packages/airflow/example_dags/example_sensors.py
[2026-06-03T11:49:10.254+0000] {processor.py:830} INFO - Processing file /home/airflow/.local/lib/python3.8/site-packages/airflow/example_dags/example_sensors.py for tasks to queue
[2026-06-03T11:49:10.262+0000] {logging_mixin.py:188} INFO - [2026-06-03T11:49:10.261+0000] {dagbag.py:538} INFO - Filling up the DagBag from /home/airflow/.local/lib/python3.8/site-packages/airflow/example_dags/example_sensors.py
[2026-06-03T11:49:10.288+0000] {processor.py:840} INFO - DAG(s) 'example_sensors' retrieved from /home/airflow/.local/lib/python3.8/site-packages/airflow/example_dags/example_sensors.py
[2026-06-03T11:49:10.640+0000] {logging_mixin.py:188} INFO - [2026-06-03T11:49:10.638+0000] {dag.py:3033} INFO - Sync 1 DAGs
[2026-06-03T11:49:10.670+0000] {logging_mixin.py:188} INFO - [2026-06-03T11:49:10.670+0000] {dag.py:3820} INFO - Setting next_dagrun for example_sensors to None, run_after=None
[2026-06-03T11:49:10.723+0000] {processor.py:183} INFO - Processing /home/airflow/.local/lib/python3.8/site-packages/airflow/example_dags/example_sensors.py took 0.483 seconds
[2026-06-03T11:49:40.882+0000] {processor.py:161} INFO - Started process (PID=150) to work on /home/airflow/.local/lib/python3.8/site-packages/airflow/example_dags/example_sensors.py
[2026-06-03T11:49:40.885+0000] {processor.py:830} INFO - Processing file /home/airflow/.local/lib/python3.8/site-packages/airflow/example_dags/example_sensors.py for tasks to queue
[2026-06-03T11:49:40.892+0000] {logging_mixin.py:188} INFO - [2026-06-03T11:49:40.891+0000] {dagbag.py:538} INFO - Filling up the DagBag from /home/airflow/.local/lib/python3.8/site-packages/airflow/example_dags/example_sensors.py
[2026-06-03T11:49:40.901+0000] {processor.py:840} INFO - DAG(s) 'example_sensors' retrieved from /home/airflow/.local/lib/python3.8/site-packages/airflow/example_dags/example_sensors.py
[2026-06-03T11:49:40.942+0000] {logging_mixin.py:188} INFO - [2026-06-03T11:49:40.941+0000] {dag.py:3033} INFO - Sync 1 DAGs
[2026-06-03T11:49:40.958+0000] {logging_mixin.py:188} INFO - [2026-06-03T11:49:40.958+0000] {dag.py:3820} INFO - Setting next_dagrun for example_sensors to None, run_after=None
[2026-06-03T11:49:40.975+0000] {processor.py:183} INFO - Processing /home/airflow/.local/lib/python3.8/site-packages/airflow/example_dags/example_sensors.py took 0.103 seconds
[2026-06-03T11:50:11.086+0000] {processor.py:161} INFO - Started process (PID=205) to work on /home/airflow/.local/lib/python3.8/site-packages/airflow/example_dags/example_sensors.py
[2026-06-03T11:50:11.087+0000] {processor.py:830} INFO - Processing file /home/airflow/.local/lib/python3.8/site-packages/airflow/example_dags/example_sensors.py for tasks to queue
[2026-06-03T11:50:11.094+0000] {logging_mixin.py:188} INFO - [2026-06-03T11:50:11.093+0000] {dagbag.py:538} INFO - Filling up the DagBag from /home/airflow/.local/lib/python3.8/site-packages/airflow/example_dags/example_sensors.py
[2026-06-03T11:50:11.116+0000] {processor.py:840} INFO - DAG(s) 'example_sensors' retrieved from /home/airflow/.local/lib/python3.8/site-packages/airflow/example_dags/example_sensors.py
[2026-06-03T11:50:11.140+0000] {logging_mixin.py:188} INFO - [2026-06-03T11:50:11.140+0000] {dag.py:3033} INFO - Sync 1 DAGs
[2026-06-03T11:50:11.151+0000] {logging_mixin.py:188} INFO - [2026-06-03T11:50:11.151+0000] {dag.py:3820} INFO - Setting next_dagrun for example_sensors to None, run_after=None
[2026-06-03T11:50:11.166+0000] {processor.py:183} INFO - Processing /home/airflow/.local/lib/python3.8/site-packages/airflow/example_dags/example_sensors.py took 0.086 seconds
[2026-06-03T11:50:41.464+0000] {processor.py:161} INFO - Started process (PID=260) to work on /home/airflow/.local/lib/python3.8/site-packages/airflow/example_dags/example_sensors.py
[2026-06-03T11:50:41.466+0000] {processor.py:830} INFO - Processing file /home/airflow/.local/lib/python3.8/site-packages/airflow/example_dags/example_sensors.py for tasks to queue
[2026-06-03T11:50:41.471+0000] {logging_mixin.py:188} INFO - [2026-06-03T11:50:41.471+0000] {dagbag.py:538} INFO - Filling up the DagBag from /home/airflow/.local/lib/python3.8/site-packages/airflow/example_dags/example_sensors.py
[2026-06-03T11:50:41.498+0000] {processor.py:840} INFO - DAG(s) 'example_sensors' retrieved from /home/airflow/.local/lib/python3.8/site-packages/airflow/example_dags/example_sensors.py
[2026-06-03T11:50:41.532+0000] {logging_mixin.py:188} INFO - [2026-06-03T11:50:41.532+0000] {dag.py:3033} INFO - Sync 1 DAGs
[2026-06-03T11:50:41.544+0000] {logging_mixin.py:188} INFO - [2026-06-03T11:50:41.544+0000] {dag.py:3820} INFO - Setting next_dagrun for example_sensors to None, run_after=None
[2026-06-03T11:50:41.563+0000] {processor.py:183} INFO - Processing /home/airflow/.local/lib/python3.8/site-packages/airflow/example_dags/example_sensors.py took 0.108 seconds
[2026-06-03T11:51:11.717+0000] {processor.py:161} INFO - Started process (PID=315) to work on /home/airflow/.local/lib/python3.8/site-packages/airflow/example_dags/example_sensors.py
[2026-06-03T11:51:11.718+0000] {processor.py:830} INFO - Processing file /home/airflow/.local/lib/python3.8/site-packages/airflow/example_dags/example_sensors.py for tasks to queue
[2026-06-03T11:51:11.724+0000] {logging_mixin.py:188} INFO - [2026-06-03T11:51:11.723+0000] {dagbag.py:538} INFO - Filling up the DagBag from /home/airflow/.local/lib/python3.8/site-packages/airflow/example_dags/example_sensors.py
[2026-06-03T11:51:11.743+0000] {processor.py:840} INFO - DAG(s) 'example_sensors' retrieved from /home/airflow/.local/lib/python3.8/site-packages/airflow/example_dags/example_sensors.py
[2026-06-03T11:51:11.774+0000] {logging_mixin.py:188} INFO - [2026-06-03T11:51:11.774+0000] {dag.py:3033} INFO - Sync 1 DAGs
[2026-06-03T11:51:11.793+0000] {logging_mixin.py:188} INFO - [2026-06-03T11:51:11.793+0000] {dag.py:3820} INFO - Setting next_dagrun for example_sensors to None, run_after=None
[2026-06-03T11:51:11.814+0000] {processor.py:183} INFO - Processing /home/airflow/.local/lib/python3.8/site-packages/airflow/example_dags/example_sensors.py took 0.102 seconds
[2026-06-03T11:51:42.065+0000] {processor.py:161} INFO - Started process (PID=370) to work on /home/airflow/.local/lib/python3.8/site-packages/airflow/example_dags/example_sensors.py
[2026-06-03T11:51:42.067+0000] {processor.py:830} INFO - Processing file /home/airflow/.local/lib/python3.8/site-packages/airflow/example_dags/example_sensors.py for tasks to queue
[2026-06-03T11:51:42.073+0000] {logging_mixin.py:188} INFO - [2026-06-03T11:51:42.073+0000] {dagbag.py:538} INFO - Filling up the DagBag from /home/airflow/.local/lib/python3.8/site-packages/airflow/example_dags/example_sensors.py
[2026-06-03T11:51:42.088+0000] {processor.py:840} INFO - DAG(s) 'example_sensors' retrieved from /home/airflow/.local/lib/python3.8/site-packages/airflow/example_dags/example_sensors.py
[2026-06-03T11:51:42.122+0000] {logging_mixin.py:188} INFO - [2026-06-03T11:51:42.122+0000] {dag.py:3033} INFO - Sync 1 DAGs
[2026-06-03T11:51:42.131+0000] {logging_mixin.py:188} INFO - [2026-06-03T11:51:42.131+0000] {dag.py:3820} INFO - Setting next_dagrun for example_sensors to None, run_after=None
[2026-06-03T11:51:42.165+0000] {processor.py:183} INFO - Processing /home/airflow/.local/lib/python3.8/site-packages/airflow/example_dags/example_sensors.py took 0.125 seconds
[2026-06-03T11:52:12.557+0000] {processor.py:161} INFO - Started process (PID=431) to work on /home/airflow/.local/lib/python3.8/site-packages/airflow/example_dags/example_sensors.py
[2026-06-03T11:52:12.559+0000] {processor.py:830} INFO - Processing file /home/airflow/.local/lib/python3.8/site-packages/airflow/example_dags/example_sensors.py for tasks to queue
[2026-06-03T11:52:12.572+0000] {logging_mixin.py:188} INFO - [2026-06-03T11:52:12.569+0000] {dagbag.py:538} INFO - Filling up the DagBag from /home/airflow/.local/lib/python3.8/site-packages/airflow/example_dags/example_sensors.py
[2026-06-03T11:52:12.583+0000] {processor.py:840} INFO - DAG(s) 'example_sensors' retrieved from /home/airflow/.local/lib/python3.8/site-packages/airflow/example_dags/example_sensors.py
[2026-06-03T11:52:12.610+0000] {logging_mixin.py:188} INFO - [2026-06-03T11:52:12.609+0000] {dag.py:3033} INFO - Sync 1 DAGs
[2026-06-03T11:52:12.625+0000] {logging_mixin.py:188} INFO - [2026-06-03T11:52:12.625+0000] {dag.py:3820} INFO - Setting next_dagrun for example_sensors to None, run_after=None
[2026-06-03T11:52:12.653+0000] {processor.py:183} INFO - Processing /home/airflow/.local/lib/python3.8/site-packages/airflow/example_dags/example_sensors.py took 0.103 seconds
[2026-06-03T11:52:43.125+0000] {processor.py:161} INFO - Started process (PID=486) to work on /home/airflow/.local/lib/python3.8/site-packages/airflow/example_dags/example_sensors.py
[2026-06-03T11:52:43.126+0000] {processor.py:830} INFO - Processing file /home/airflow/.local/lib/python3.8/site-packages/airflow/example_dags/example_sensors.py for tasks to queue
[2026-06-03T11:52:43.130+0000] {logging_mixin.py:188} INFO - [2026-06-03T11:52:43.130+0000] {dagbag.py:538} INFO - Filling up the DagBag from /home/airflow/.local/lib/python3.8/site-packages/airflow/example_dags/example_sensors.py
[2026-06-03T11:52:43.152+0000] {processor.py:840} INFO - DAG(s) 'example_sensors' retrieved from /home/airflow/.local/lib/python3.8/site-packages/airflow/example_dags/example_sensors.py
[2026-06-03T11:52:43.176+0000] {logging_mixin.py:188} INFO - [2026-06-03T11:52:43.176+0000] {dag.py:3033} INFO - Sync 1 DAGs
[2026-06-03T11:52:43.191+0000] {logging_mixin.py:188} INFO - [2026-06-03T11:52:43.191+0000] {dag.py:3820} INFO - Setting next_dagrun for example_sensors to None, run_after=None
[2026-06-03T11:52:43.207+0000] {processor.py:183} INFO - Processing /home/airflow/.local/lib/python3.8/site-packages/airflow/example_dags/example_sensors.py took 0.087 seconds
[2026-06-03T11:53:13.369+0000] {processor.py:161} INFO - Started process (PID=541) to work on /home/airflow/.local/lib/python3.8/site-packages/airflow/example_dags/example_sensors.py
[2026-06-03T11:53:13.370+0000] {processor.py:830} INFO - Processing file /home/airflow/.local/lib/python3.8/site-packages/airflow/example_dags/example_sensors.py for tasks to queue
[2026-06-03T11:53:13.373+0000] {logging_mixin.py:188} INFO - [2026-06-03T11:53:13.373+0000] {dagbag.py:538} INFO - Filling up the DagBag from /home/airflow/.local/lib/python3.8/site-packages/airflow/example_dags/example_sensors.py
[2026-06-03T11:53:13.384+0000] {processor.py:840} INFO - DAG(s) 'example_sensors' retrieved from /home/airflow/.local/lib/python3.8/site-packages/airflow/example_dags/example_sensors.py
[2026-06-03T11:53:13.422+0000] {logging_mixin.py:188} INFO - [2026-06-03T11:53:13.422+0000] {dag.py:3033} INFO - Sync 1 DAGs
[2026-06-03T11:53:13.436+0000] {logging_mixin.py:188} INFO - [2026-06-03T11:53:13.436+0000] {dag.py:3820} INFO - Setting next_dagrun for example_sensors to None, run_after=None
[2026-06-03T11:53:13.458+0000] {processor.py:183} INFO - Processing /home/airflow/.local/lib/python3.8/site-packages/airflow/example_dags/example_sensors.py took 0.098 seconds
[2026-06-03T11:53:43.537+0000] {processor.py:161} INFO - Started process (PID=596) to work on /home/airflow/.local/lib/python3.8/site-packages/airflow/example_dags/example_sensors.py
[2026-06-03T11:53:43.539+0000] {processor.py:830} INFO - Processing file /home/airflow/.local/lib/python3.8/site-packages/airflow/example_dags/example_sensors.py for tasks to queue
[2026-06-03T11:53:43.543+0000] {logging_mixin.py:188} INFO - [2026-06-03T11:53:43.542+0000] {dagbag.py:538} INFO - Filling up the DagBag from /home/airflow/.local/lib/python3.8/site-packages/airflow/example_dags/example_sensors.py
[2026-06-03T11:53:43.551+0000] {processor.py:840} INFO - DAG(s) 'example_sensors' retrieved from /home/airflow/.local/lib/python3.8/site-packages/airflow/example_dags/example_sensors.py
[2026-06-03T11:53:43.578+0000] {logging_mixin.py:188} INFO - [2026-06-03T11:53:43.578+0000] {dag.py:3033} INFO - Sync 1 DAGs
[2026-06-03T11:53:43.589+0000] {logging_mixin.py:188} INFO - [2026-06-03T11:53:43.589+0000] {dag.py:3820} INFO - Setting next_dagrun for example_sensors to None, run_after=None
[2026-06-03T11:53:43.601+0000] {processor.py:183} INFO - Processing /home/airflow/.local/lib/python3.8/site-packages/airflow/example_dags/example_sensors.py took 0.069 seconds
[2026-06-03T11:54:14.175+0000] {processor.py:161} INFO - Started process (PID=651) to work on /home/airflow/.local/lib/python3.8/site-packages/airflow/example_dags/example_sensors.py
[2026-06-03T11:54:14.177+0000] {processor.py:830} INFO - Processing file /home/airflow/.local/lib/python3.8/site-packages/airflow/example_dags/example_sensors.py for tasks to queue
[2026-06-03T11:54:14.182+0000] {logging_mixin.py:188} INFO - [2026-06-03T11:54:14.181+0000] {dagbag.py:538} INFO - Filling up the DagBag from /home/airflow/.local/lib/python3.8/site-packages/airflow/example_dags/example_sensors.py
[2026-06-03T11:54:14.198+0000] {processor.py:840} INFO - DAG(s) 'example_sensors' retrieved from /home/airflow/.local/lib/python3.8/site-packages/airflow/example_dags/example_sensors.py
[2026-06-03T11:54:14.253+0000] {logging_mixin.py:188} INFO - [2026-06-03T11:54:14.253+0000] {dag.py:3033} INFO - Sync 1 DAGs
[2026-06-03T11:54:14.285+0000] {logging_mixin.py:188} INFO - [2026-06-03T11:54:14.284+0000] {dag.py:3820} INFO - Setting next_dagrun for example_sensors to None, run_after=None
[2026-06-03T11:54:14.334+0000] {processor.py:183} INFO - Processing /home/airflow/.local/lib/python3.8/site-packages/airflow/example_dags/example_sensors.py took 0.165 seconds
[2026-06-03T11:54:44.485+0000] {processor.py:161} INFO - Started process (PID=706) to work on /home/airflow/.local/lib/python3.8/site-packages/airflow/example_dags/example_sensors.py
[2026-06-03T11:54:44.487+0000] {processor.py:830} INFO - Processing file /home/airflow/.local/lib/python3.8/site-packages/airflow/example_dags/example_sensors.py for tasks to queue
[2026-06-03T11:54:44.492+0000] {logging_mixin.py:188} INFO - [2026-06-03T11:54:44.491+0000] {dagbag.py:538} INFO - Filling up the DagBag from /home/airflow/.local/lib/python3.8/site-packages/airflow/example_dags/example_sensors.py
[2026-06-03T11:54:44.506+0000] {processor.py:840} INFO - DAG(s) 'example_sensors' retrieved from /home/airflow/.local/lib/python3.8/site-packages/airflow/example_dags/example_sensors.py
[2026-06-03T11:54:44.547+0000] {logging_mixin.py:188} INFO - [2026-06-03T11:54:44.547+0000] {dag.py:3033} INFO - Sync 1 DAGs
[2026-06-03T11:54:44.557+0000] {logging_mixin.py:188} INFO - [2026-06-03T11:54:44.557+0000] {dag.py:3820} INFO - Setting next_dagrun for example_sensors to None, run_after=None
[2026-06-03T11:54:44.569+0000] {processor.py:183} INFO - Processing /home/airflow/.local/lib/python3.8/site-packages/airflow/example_dags/example_sensors.py took 0.089 seconds
[2026-06-03T11:55:14.686+0000] {processor.py:161} INFO - Started process (PID=761) to work on /home/airflow/.local/lib/python3.8/site-packages/airflow/example_dags/example_sensors.py
[2026-06-03T11:55:14.687+0000] {processor.py:830} INFO - Processing file /home/airflow/.local/lib/python3.8/site-packages/airflow/example_dags/example_sensors.py for tasks to queue
[2026-06-03T11:55:14.690+0000] {logging_mixin.py:188} INFO - [2026-06-03T11:55:14.690+0000] {dagbag.py:538} INFO - Filling up the DagBag from /home/airflow/.local/lib/python3.8/site-packages/airflow/example_dags/example_sensors.py
[2026-06-03T11:55:14.715+0000] {processor.py:840} INFO - DAG(s) 'example_sensors' retrieved from /home/airflow/.local/lib/python3.8/site-packages/airflow/example_dags/example_sensors.py
[2026-06-03T11:55:14.756+0000] {logging_mixin.py:188} INFO - [2026-06-03T11:55:14.756+0000] {dag.py:3033} INFO - Sync 1 DAGs
[2026-06-03T11:55:14.768+0000] {logging_mixin.py:188} INFO - [2026-06-03T11:55:14.768+0000] {dag.py:3820} INFO - Setting next_dagrun for example_sensors to None, run_after=None
[2026-06-03T11:55:14.781+0000] {processor.py:183} INFO - Processing /home/airflow/.local/lib/python3.8/site-packages/airflow/example_dags/example_sensors.py took 0.099 seconds
[2026-06-03T11:55:45.021+0000] {processor.py:161} INFO - Started process (PID=816) to work on /home/airflow/.local/lib/python3.8/site-packages/airflow/example_dags/example_sensors.py
[2026-06-03T11:55:45.023+0000] {processor.py:830} INFO - Processing file /home/airflow/.local/lib/python3.8/site-packages/airflow/example_dags/example_sensors.py for tasks to queue
[2026-06-03T11:55:45.027+0000] {logging_mixin.py:188} INFO - [2026-06-03T11:55:45.026+0000] {dagbag.py:538} INFO - Filling up the DagBag from /home/airflow/.local/lib/python3.8/site-packages/airflow/example_dags/example_sensors.py
[2026-06-03T11:55:45.040+0000] {processor.py:840} INFO - DAG(s) 'example_sensors' retrieved from /home/airflow/.local/lib/python3.8/site-packages/airflow/example_dags/example_sensors.py
[2026-06-03T11:55:45.069+0000] {logging_mixin.py:188} INFO - [2026-06-03T11:55:45.068+0000] {dag.py:3033} INFO - Sync 1 DAGs
[2026-06-03T11:55:45.081+0000] {logging_mixin.py:188} INFO - [2026-06-03T11:55:45.081+0000] {dag.py:3820} INFO - Setting next_dagrun for example_sensors to None, run_after=None
[2026-06-03T11:55:45.093+0000] {processor.py:183} INFO - Processing /home/airflow/.local/lib/python3.8/site-packages/airflow/example_dags/example_sensors.py took 0.077 seconds
[2026-06-03T11:56:15.783+0000] {processor.py:161} INFO - Started process (PID=871) to work on /home/airflow/.local/lib/python3.8/site-packages/airflow/example_dags/example_sensors.py
[2026-06-03T11:56:15.787+0000] {processor.py:830} INFO - Processing file /home/airflow/.local/lib/python3.8/site-packages/airflow/example_dags/example_sensors.py for tasks to queue
[2026-06-03T11:56:15.796+0000] {logging_mixin.py:188} INFO - [2026-06-03T11:56:15.795+0000] {dagbag.py:538} INFO - Filling up the DagBag from /home/airflow/.local/lib/python3.8/site-packages/airflow/example_dags/example_sensors.py
[2026-06-03T11:56:15.808+0000] {processor.py:840} INFO - DAG(s) 'example_sensors' retrieved from /home/airflow/.local/lib/python3.8/site-packages/airflow/example_dags/example_sensors.py
[2026-06-03T11:56:15.845+0000] {logging_mixin.py:188} INFO - [2026-06-03T11:56:15.844+0000] {dag.py:3033} INFO - Sync 1 DAGs
[2026-06-03T11:56:15.862+0000] {logging_mixin.py:188} INFO - [2026-06-03T11:56:15.862+0000] {dag.py:3820} INFO - Setting next_dagrun for example_sensors to None, run_after=None
[2026-06-03T11:56:15.881+0000] {processor.py:183} INFO - Processing /home/airflow/.local/lib/python3.8/site-packages/airflow/example_dags/example_sensors.py took 0.120 seconds
[2026-06-03T11:56:46.073+0000] {processor.py:161} INFO - Started process (PID=926) to work on /home/airflow/.local/lib/python3.8/site-packages/airflow/example_dags/example_sensors.py
[2026-06-03T11:56:46.075+0000] {processor.py:830} INFO - Processing file /home/airflow/.local/lib/python3.8/site-packages/airflow/example_dags/example_sensors.py for tasks to queue
[2026-06-03T11:56:46.081+0000] {logging_mixin.py:188} INFO - [2026-06-03T11:56:46.081+0000] {dagbag.py:538} INFO - Filling up the DagBag from /home/airflow/.local/lib/python3.8/site-packages/airflow/example_dags/example_sensors.py
[2026-06-03T11:56:46.097+0000] {processor.py:840} INFO - DAG(s) 'example_sensors' retrieved from /home/airflow/.local/lib/python3.8/site-packages/airflow/example_dags/example_sensors.py
[2026-06-03T11:56:46.140+0000] {logging_mixin.py:188} INFO - [2026-06-03T11:56:46.140+0000] {dag.py:3033} INFO - Sync 1 DAGs
[2026-06-03T11:56:46.154+0000] {logging_mixin.py:188} INFO - [2026-06-03T11:56:46.153+0000] {dag.py:3820} INFO - Setting next_dagrun for example_sensors to None, run_after=None
[2026-06-03T11:56:46.168+0000] {processor.py:183} INFO - Processing /home/airflow/.local/lib/python3.8/site-packages/airflow/example_dags/example_sensors.py took 0.106 seconds
[2026-06-03T11:57:16.419+0000] {processor.py:161} INFO - Started process (PID=981) to work on /home/airflow/.local/lib/python3.8/site-packages/airflow/example_dags/example_sensors.py
[2026-06-03T11:57:16.422+0000] {processor.py:830} INFO - Processing file /home/airflow/.local/lib/python3.8/site-packages/airflow/example_dags/example_sensors.py for tasks to queue
[2026-06-03T11:57:16.433+0000] {logging_mixin.py:188} INFO - [2026-06-03T11:57:16.432+0000] {dagbag.py:538} INFO - Filling up the DagBag from /home/airflow/.local/lib/python3.8/site-packages/airflow/example_dags/example_sensors.py
[2026-06-03T11:57:16.454+0000] {processor.py:840} INFO - DAG(s) 'example_sensors' retrieved from /home/airflow/.local/lib/python3.8/site-packages/airflow/example_dags/example_sensors.py
[2026-06-03T11:57:16.490+0000] {logging_mixin.py:188} INFO - [2026-06-03T11:57:16.489+0000] {dag.py:3033} INFO - Sync 1 DAGs
[2026-06-03T11:57:16.500+0000] {logging_mixin.py:188} INFO - [2026-06-03T11:57:16.500+0000] {dag.py:3820} INFO - Setting next_dagrun for example_sensors to None, run_after=None
[2026-06-03T11:57:16.511+0000] {processor.py:183} INFO - Processing /home/airflow/.local/lib/python3.8/site-packages/airflow/example_dags/example_sensors.py took 0.100 seconds
[2026-06-03T11:57:46.567+0000] {processor.py:161} INFO - Started process (PID=1036) to work on /home/airflow/.local/lib/python3.8/site-packages/airflow/example_dags/example_sensors.py
[2026-06-03T11:57:46.569+0000] {processor.py:830} INFO - Processing file /home/airflow/.local/lib/python3.8/site-packages/airflow/example_dags/example_sensors.py for tasks to queue
[2026-06-03T11:57:46.572+0000] {logging_mixin.py:188} INFO - [2026-06-03T11:57:46.571+0000] {dagbag.py:538} INFO - Filling up the DagBag from /home/airflow/.local/lib/python3.8/site-packages/airflow/example_dags/example_sensors.py
[2026-06-03T11:57:46.588+0000] {processor.py:840} INFO - DAG(s) 'example_sensors' retrieved from /home/airflow/.local/lib/python3.8/site-packages/airflow/example_dags/example_sensors.py
[2026-06-03T11:57:46.611+0000] {logging_mixin.py:188} INFO - [2026-06-03T11:57:46.611+0000] {dag.py:3033} INFO - Sync 1 DAGs
[2026-06-03T11:57:46.621+0000] {logging_mixin.py:188} INFO - [2026-06-03T11:57:46.621+0000] {dag.py:3820} INFO - Setting next_dagrun for example_sensors to None, run_after=None
[2026-06-03T11:57:46.650+0000] {processor.py:183} INFO - Processing /home/airflow/.local/lib/python3.8/site-packages/airflow/example_dags/example_sensors.py took 0.087 seconds
[2026-06-03T11:58:16.755+0000] {processor.py:161} INFO - Started process (PID=1091) to work on /home/airflow/.local/lib/python3.8/site-packages/airflow/example_dags/example_sensors.py
[2026-06-03T11:58:16.757+0000] {processor.py:830} INFO - Processing file /home/airflow/.local/lib/python3.8/site-packages/airflow/example_dags/example_sensors.py for tasks to queue
[2026-06-03T11:58:16.761+0000] {logging_mixin.py:188} INFO - [2026-06-03T11:58:16.761+0000] {dagbag.py:538} INFO - Filling up the DagBag from /home/airflow/.local/lib/python3.8/site-packages/airflow/example_dags/example_sensors.py
[2026-06-03T11:58:16.771+0000] {processor.py:840} INFO - DAG(s) 'example_sensors' retrieved from /home/airflow/.local/lib/python3.8/site-packages/airflow/example_dags/example_sensors.py
[2026-06-03T11:58:16.790+0000] {logging_mixin.py:188} INFO - [2026-06-03T11:58:16.790+0000] {dag.py:3033} INFO - Sync 1 DAGs
[2026-06-03T11:58:16.806+0000] {logging_mixin.py:188} INFO - [2026-06-03T11:58:16.805+0000] {dag.py:3820} INFO - Setting next_dagrun for example_sensors to None, run_after=None
[2026-06-03T11:58:16.818+0000] {processor.py:183} INFO - Processing /home/airflow/.local/lib/python3.8/site-packages/airflow/example_dags/example_sensors.py took 0.069 seconds
[2026-06-03T11:58:47.684+0000] {processor.py:161} INFO - Started process (PID=1147) to work on /home/airflow/.local/lib/python3.8/site-packages/airflow/example_dags/example_sensors.py
[2026-06-03T11:58:47.686+0000] {processor.py:830} INFO - Processing file /home/airflow/.local/lib/python3.8/site-packages/airflow/example_dags/example_sensors.py for tasks to queue
[2026-06-03T11:58:47.692+0000] {logging_mixin.py:188} INFO - [2026-06-03T11:58:47.691+0000] {dagbag.py:538} INFO - Filling up the DagBag from /home/airflow/.local/lib/python3.8/site-packages/airflow/example_dags/example_sensors.py
[2026-06-03T11:58:47.704+0000] {processor.py:840} INFO - DAG(s) 'example_sensors' retrieved from /home/airflow/.local/lib/python3.8/site-packages/airflow/example_dags/example_sensors.py
[2026-06-03T11:58:47.737+0000] {logging_mixin.py:188} INFO - [2026-06-03T11:58:47.737+0000] {dag.py:3033} INFO - Sync 1 DAGs
[2026-06-03T11:58:47.752+0000] {logging_mixin.py:188} INFO - [2026-06-03T11:58:47.752+0000] {dag.py:3820} INFO - Setting next_dagrun for example_sensors to None, run_after=None
[2026-06-03T11:58:47.767+0000] {processor.py:183} INFO - Processing /home/airflow/.local/lib/python3.8/site-packages/airflow/example_dags/example_sensors.py took 0.090 seconds
[2026-06-03T11:59:17.947+0000] {processor.py:161} INFO - Started process (PID=1203) to work on /home/airflow/.local/lib/python3.8/site-packages/airflow/example_dags/example_sensors.py
[2026-06-03T11:59:17.949+0000] {processor.py:830} INFO - Processing file /home/airflow/.local/lib/python3.8/site-packages/airflow/example_dags/example_sensors.py for tasks to queue
[2026-06-03T11:59:17.953+0000] {logging_mixin.py:188} INFO - [2026-06-03T11:59:17.952+0000] {dagbag.py:538} INFO - Filling up the DagBag from /home/airflow/.local/lib/python3.8/site-packages/airflow/example_dags/example_sensors.py
[2026-06-03T11:59:17.966+0000] {processor.py:840} INFO - DAG(s) 'example_sensors' retrieved from /home/airflow/.local/lib/python3.8/site-packages/airflow/example_dags/example_sensors.py
[2026-06-03T11:59:17.996+0000] {logging_mixin.py:188} INFO - [2026-06-03T11:59:17.996+0000] {dag.py:3033} INFO - Sync 1 DAGs
[2026-06-03T11:59:18.014+0000] {logging_mixin.py:188} INFO - [2026-06-03T11:59:18.013+0000] {dag.py:3820} INFO - Setting next_dagrun for example_sensors to None, run_after=None
[2026-06-03T11:59:18.027+0000] {processor.py:183} INFO - Processing /home/airflow/.local/lib/python3.8/site-packages/airflow/example_dags/example_sensors.py took 0.090 seconds
[2026-06-03T11:59:48.307+0000] {processor.py:161} INFO - Started process (PID=1259) to work on /home/airflow/.local/lib/python3.8/site-packages/airflow/example_dags/example_sensors.py
[2026-06-03T11:59:48.309+0000] {processor.py:830} INFO - Processing file /home/airflow/.local/lib/python3.8/site-packages/airflow/example_dags/example_sensors.py for tasks to queue
[2026-06-03T11:59:48.312+0000] {logging_mixin.py:188} INFO - [2026-06-03T11:59:48.312+0000] {dagbag.py:538} INFO - Filling up the DagBag from /home/airflow/.local/lib/python3.8/site-packages/airflow/example_dags/example_sensors.py
[2026-06-03T11:59:48.321+0000] {processor.py:840} INFO - DAG(s) 'example_sensors' retrieved from /home/airflow/.local/lib/python3.8/site-packages/airflow/example_dags/example_sensors.py
[2026-06-03T11:59:48.360+0000] {logging_mixin.py:188} INFO - [2026-06-03T11:59:48.360+0000] {dag.py:3033} INFO - Sync 1 DAGs
[2026-06-03T11:59:48.372+0000] {logging_mixin.py:188} INFO - [2026-06-03T11:59:48.372+0000] {dag.py:3820} INFO - Setting next_dagrun for example_sensors to None, run_after=None
[2026-06-03T11:59:48.384+0000] {processor.py:183} INFO - Processing /home/airflow/.local/lib/python3.8/site-packages/airflow/example_dags/example_sensors.py took 0.082 seconds
[2026-06-03T12:00:18.494+0000] {processor.py:161} INFO - Started process (PID=1315) to work on /home/airflow/.local/lib/python3.8/site-packages/airflow/example_dags/example_sensors.py
[2026-06-03T12:00:18.496+0000] {processor.py:830} INFO - Processing file /home/airflow/.local/lib/python3.8/site-packages/airflow/example_dags/example_sensors.py for tasks to queue
[2026-06-03T12:00:18.500+0000] {logging_mixin.py:188} INFO - [2026-06-03T12:00:18.500+0000] {dagbag.py:538} INFO - Filling up the DagBag from /home/airflow/.local/lib/python3.8/site-packages/airflow/example_dags/example_sensors.py
[2026-06-03T12:00:18.510+0000] {processor.py:840} INFO - DAG(s) 'example_sensors' retrieved from /home/airflow/.local/lib/python3.8/site-packages/airflow/example_dags/example_sensors.py
[2026-06-03T12:00:18.529+0000] {logging_mixin.py:188} INFO - [2026-06-03T12:00:18.529+0000] {dag.py:3033} INFO - Sync 1 DAGs
[2026-06-03T12:00:18.546+0000] {logging_mixin.py:188} INFO - [2026-06-03T12:00:18.546+0000] {dag.py:3820} INFO - Setting next_dagrun for example_sensors to None, run_after=None
[2026-06-03T12:00:18.565+0000] {processor.py:183} INFO - Processing /home/airflow/.local/lib/python3.8/site-packages/airflow/example_dags/example_sensors.py took 0.077 seconds
[2026-06-03T12:00:48.764+0000] {processor.py:161} INFO - Started process (PID=1371) to work on /home/airflow/.local/lib/python3.8/site-packages/airflow/example_dags/example_sensors.py
[2026-06-03T12:00:48.766+0000] {processor.py:830} INFO - Processing file /home/airflow/.local/lib/python3.8/site-packages/airflow/example_dags/example_sensors.py for tasks to queue
[2026-06-03T12:00:48.770+0000] {logging_mixin.py:188} INFO - [2026-06-03T12:00:48.770+0000] {dagbag.py:538} INFO - Filling up the DagBag from /home/airflow/.local/lib/python3.8/site-packages/airflow/example_dags/example_sensors.py
[2026-06-03T12:00:48.782+0000] {processor.py:840} INFO - DAG(s) 'example_sensors' retrieved from /home/airflow/.local/lib/python3.8/site-packages/airflow/example_dags/example_sensors.py
[2026-06-03T12:00:48.808+0000] {logging_mixin.py:188} INFO - [2026-06-03T12:00:48.808+0000] {dag.py:3033} INFO - Sync 1 DAGs
[2026-06-03T12:00:48.818+0000] {logging_mixin.py:188} INFO - [2026-06-03T12:00:48.818+0000] {dag.py:3820} INFO - Setting next_dagrun for example_sensors to None, run_after=None
[2026-06-03T12:00:48.833+0000] {processor.py:183} INFO - Processing /home/airflow/.local/lib/python3.8/site-packages/airflow/example_dags/example_sensors.py took 0.076 seconds
[2026-06-03T12:01:19.103+0000] {processor.py:161} INFO - Started process (PID=1427) to work on /home/airflow/.local/lib/python3.8/site-packages/airflow/example_dags/example_sensors.py
[2026-06-03T12:01:19.105+0000] {processor.py:830} INFO - Processing file /home/airflow/.local/lib/python3.8/site-packages/airflow/example_dags/example_sensors.py for tasks to queue
[2026-06-03T12:01:19.107+0000] {logging_mixin.py:188} INFO - [2026-06-03T12:01:19.107+0000] {dagbag.py:538} INFO - Filling up the DagBag from /home/airflow/.local/lib/python3.8/site-packages/airflow/example_dags/example_sensors.py
[2026-06-03T12:01:19.118+0000] {processor.py:840} INFO - DAG(s) 'example_sensors' retrieved from /home/airflow/.local/lib/python3.8/site-packages/airflow/example_dags/example_sensors.py
[2026-06-03T12:01:19.153+0000] {logging_mixin.py:188} INFO - [2026-06-03T12:01:19.153+0000] {dag.py:3033} INFO - Sync 1 DAGs
[2026-06-03T12:01:19.161+0000] {logging_mixin.py:188} INFO - [2026-06-03T12:01:19.161+0000] {dag.py:3820} INFO - Setting next_dagrun for example_sensors to None, run_after=None
[2026-06-03T12:01:19.174+0000] {processor.py:183} INFO - Processing /home/airflow/.local/lib/python3.8/site-packages/airflow/example_dags/example_sensors.py took 0.078 seconds
[2026-06-03T12:01:49.258+0000] {processor.py:161} INFO - Started process (PID=1483) to work on /home/airflow/.local/lib/python3.8/site-packages/airflow/example_dags/example_sensors.py
[2026-06-03T12:01:49.261+0000] {processor.py:830} INFO - Processing file /home/airflow/.local/lib/python3.8/site-packages/airflow/example_dags/example_sensors.py for tasks to queue
[2026-06-03T12:01:49.264+0000] {logging_mixin.py:188} INFO - [2026-06-03T12:01:49.263+0000] {dagbag.py:538} INFO - Filling up the DagBag from /home/airflow/.local/lib/python3.8/site-packages/airflow/example_dags/example_sensors.py
[2026-06-03T12:01:49.273+0000] {processor.py:840} INFO - DAG(s) 'example_sensors' retrieved from /home/airflow/.local/lib/python3.8/site-packages/airflow/example_dags/example_sensors.py
[2026-06-03T12:01:49.294+0000] {logging_mixin.py:188} INFO - [2026-06-03T12:01:49.294+0000] {dag.py:3033} INFO - Sync 1 DAGs
[2026-06-03T12:01:49.309+0000] {logging_mixin.py:188} INFO - [2026-06-03T12:01:49.309+0000] {dag.py:3820} INFO - Setting next_dagrun for example_sensors to None, run_after=None
[2026-06-03T12:01:49.326+0000] {processor.py:183} INFO - Processing /home/airflow/.local/lib/python3.8/site-packages/airflow/example_dags/example_sensors.py took 0.075 seconds
[2026-06-03T12:02:20.324+0000] {processor.py:161} INFO - Started process (PID=1539) to work on /home/airflow/.local/lib/python3.8/site-packages/airflow/example_dags/example_sensors.py
[2026-06-03T12:02:20.325+0000] {processor.py:830} INFO - Processing file /home/airflow/.local/lib/python3.8/site-packages/airflow/example_dags/example_sensors.py for tasks to queue
[2026-06-03T12:02:20.327+0000] {logging_mixin.py:188} INFO - [2026-06-03T12:02:20.327+0000] {dagbag.py:538} INFO - Filling up the DagBag from /home/airflow/.local/lib/python3.8/site-packages/airflow/example_dags/example_sensors.py
[2026-06-03T12:02:20.341+0000] {processor.py:840} INFO - DAG(s) 'example_sensors' retrieved from /home/airflow/.local/lib/python3.8/site-packages/airflow/example_dags/example_sensors.py
[2026-06-03T12:02:20.363+0000] {logging_mixin.py:188} INFO - [2026-06-03T12:02:20.363+0000] {dag.py:3033} INFO - Sync 1 DAGs
[2026-06-03T12:02:20.371+0000] {logging_mixin.py:188} INFO - [2026-06-03T12:02:20.371+0000] {dag.py:3820} INFO - Setting next_dagrun for example_sensors to None, run_after=None
[2026-06-03T12:02:20.382+0000] {processor.py:183} INFO - Processing /home/airflow/.local/lib/python3.8/site-packages/airflow/example_dags/example_sensors.py took 0.061 seconds
[2026-06-03T12:02:50.451+0000] {processor.py:161} INFO - Started process (PID=1595) to work on /home/airflow/.local/lib/python3.8/site-packages/airflow/example_dags/example_sensors.py
[2026-06-03T12:02:50.454+0000] {processor.py:830} INFO - Processing file /home/airflow/.local/lib/python3.8/site-packages/airflow/example_dags/example_sensors.py for tasks to queue
[2026-06-03T12:02:50.465+0000] {logging_mixin.py:188} INFO - [2026-06-03T12:02:50.464+0000] {dagbag.py:538} INFO - Filling up the DagBag from /home/airflow/.local/lib/python3.8/site-packages/airflow/example_dags/example_sensors.py
[2026-06-03T12:02:50.476+0000] {processor.py:840} INFO - DAG(s) 'example_sensors' retrieved from /home/airflow/.local/lib/python3.8/site-packages/airflow/example_dags/example_sensors.py
[2026-06-03T12:02:50.496+0000] {logging_mixin.py:188} INFO - [2026-06-03T12:02:50.496+0000] {dag.py:3033} INFO - Sync 1 DAGs
[2026-06-03T12:02:50.503+0000] {logging_mixin.py:188} INFO - [2026-06-03T12:02:50.503+0000] {dag.py:3820} INFO - Setting next_dagrun for example_sensors to None, run_after=None
[2026-06-03T12:02:50.516+0000] {processor.py:183} INFO - Processing /home/airflow/.local/lib/python3.8/site-packages/airflow/example_dags/example_sensors.py took 0.075 seconds
[2026-06-03T12:03:20.736+0000] {processor.py:161} INFO - Started process (PID=1651) to work on /home/airflow/.local/lib/python3.8/site-packages/airflow/example_dags/example_sensors.py
[2026-06-03T12:03:20.738+0000] {processor.py:830} INFO - Processing file /home/airflow/.local/lib/python3.8/site-packages/airflow/example_dags/example_sensors.py for tasks to queue
[2026-06-03T12:03:20.744+0000] {logging_mixin.py:188} INFO - [2026-06-03T12:03:20.744+0000] {dagbag.py:538} INFO - Filling up the DagBag from /home/airflow/.local/lib/python3.8/site-packages/airflow/example_dags/example_sensors.py
[2026-06-03T12:03:20.754+0000] {processor.py:840} INFO - DAG(s) 'example_sensors' retrieved from /home/airflow/.local/lib/python3.8/site-packages/airflow/example_dags/example_sensors.py
[2026-06-03T12:03:20.777+0000] {logging_mixin.py:188} INFO - [2026-06-03T12:03:20.777+0000] {dag.py:3033} INFO - Sync 1 DAGs
[2026-06-03T12:03:20.783+0000] {logging_mixin.py:188} INFO - [2026-06-03T12:03:20.783+0000] {dag.py:3820} INFO - Setting next_dagrun for example_sensors to None, run_after=None
[2026-06-03T12:03:20.796+0000] {processor.py:183} INFO - Processing /home/airflow/.local/lib/python3.8/site-packages/airflow/example_dags/example_sensors.py took 0.066 seconds
[2026-06-03T12:03:51.044+0000] {processor.py:161} INFO - Started process (PID=1707) to work on /home/airflow/.local/lib/python3.8/site-packages/airflow/example_dags/example_sensors.py
[2026-06-03T12:03:51.052+0000] {processor.py:830} INFO - Processing file /home/airflow/.local/lib/python3.8/site-packages/airflow/example_dags/example_sensors.py for tasks to queue
[2026-06-03T12:03:51.060+0000] {logging_mixin.py:188} INFO - [2026-06-03T12:03:51.059+0000] {dagbag.py:538} INFO - Filling up the DagBag from /home/airflow/.local/lib/python3.8/site-packages/airflow/example_dags/example_sensors.py
[2026-06-03T12:03:51.074+0000] {processor.py:840} INFO - DAG(s) 'example_sensors' retrieved from /home/airflow/.local/lib/python3.8/site-packages/airflow/example_dags/example_sensors.py
[2026-06-03T12:03:51.125+0000] {logging_mixin.py:188} INFO - [2026-06-03T12:03:51.125+0000] {dag.py:3033} INFO - Sync 1 DAGs
[2026-06-03T12:03:51.137+0000] {logging_mixin.py:188} INFO - [2026-06-03T12:03:51.137+0000] {dag.py:3820} INFO - Setting next_dagrun for example_sensors to None, run_after=None
[2026-06-03T12:03:51.154+0000] {processor.py:183} INFO - Processing /home/airflow/.local/lib/python3.8/site-packages/airflow/example_dags/example_sensors.py took 0.120 seconds
[2026-06-03T12:04:21.448+0000] {processor.py:161} INFO - Started process (PID=1763) to work on /home/airflow/.local/lib/python3.8/site-packages/airflow/example_dags/example_sensors.py
[2026-06-03T12:04:21.450+0000] {processor.py:830} INFO - Processing file /home/airflow/.local/lib/python3.8/site-packages/airflow/example_dags/example_sensors.py for tasks to queue
[2026-06-03T12:04:21.454+0000] {logging_mixin.py:188} INFO - [2026-06-03T12:04:21.454+0000] {dagbag.py:538} INFO - Filling up the DagBag from /home/airflow/.local/lib/python3.8/site-packages/airflow/example_dags/example_sensors.py
[2026-06-03T12:04:21.468+0000] {processor.py:840} INFO - DAG(s) 'example_sensors' retrieved from /home/airflow/.local/lib/python3.8/site-packages/airflow/example_dags/example_sensors.py
[2026-06-03T12:04:21.493+0000] {logging_mixin.py:188} INFO - [2026-06-03T12:04:21.493+0000] {dag.py:3033} INFO - Sync 1 DAGs
[2026-06-03T12:04:21.502+0000] {logging_mixin.py:188} INFO - [2026-06-03T12:04:21.502+0000] {dag.py:3820} INFO - Setting next_dagrun for example_sensors to None, run_after=None
[2026-06-03T12:04:21.517+0000] {processor.py:183} INFO - Processing /home/airflow/.local/lib/python3.8/site-packages/airflow/example_dags/example_sensors.py took 0.075 seconds
[2026-06-03T12:04:51.885+0000] {processor.py:161} INFO - Started process (PID=1819) to work on /home/airflow/.local/lib/python3.8/site-packages/airflow/example_dags/example_sensors.py
[2026-06-03T12:04:51.888+0000] {processor.py:830} INFO - Processing file /home/airflow/.local/lib/python3.8/site-packages/airflow/example_dags/example_sensors.py for tasks to queue
[2026-06-03T12:04:51.903+0000] {logging_mixin.py:188} INFO - [2026-06-03T12:04:51.896+0000] {dagbag.py:538} INFO - Filling up the DagBag from /home/airflow/.local/lib/python3.8/site-packages/airflow/example_dags/example_sensors.py
[2026-06-03T12:04:51.932+0000] {processor.py:840} INFO - DAG(s) 'example_sensors' retrieved from /home/airflow/.local/lib/python3.8/site-packages/airflow/example_dags/example_sensors.py
[2026-06-03T12:04:51.992+0000] {logging_mixin.py:188} INFO - [2026-06-03T12:04:51.991+0000] {dag.py:3033} INFO - Sync 1 DAGs
[2026-06-03T12:04:52.008+0000] {logging_mixin.py:188} INFO - [2026-06-03T12:04:52.008+0000] {dag.py:3820} INFO - Setting next_dagrun for example_sensors to None, run_after=None
[2026-06-03T12:04:52.033+0000] {processor.py:183} INFO - Processing /home/airflow/.local/lib/python3.8/site-packages/airflow/example_dags/example_sensors.py took 0.170 seconds
[2026-06-03T12:05:22.312+0000] {processor.py:161} INFO - Started process (PID=1875) to work on /home/airflow/.local/lib/python3.8/site-packages/airflow/example_dags/example_sensors.py
[2026-06-03T12:05:22.313+0000] {processor.py:830} INFO - Processing file /home/airflow/.local/lib/python3.8/site-packages/airflow/example_dags/example_sensors.py for tasks to queue
[2026-06-03T12:05:22.319+0000] {logging_mixin.py:188} INFO - [2026-06-03T12:05:22.319+0000] {dagbag.py:538} INFO - Filling up the DagBag from /home/airflow/.local/lib/python3.8/site-packages/airflow/example_dags/example_sensors.py
[2026-06-03T12:05:22.333+0000] {processor.py:840} INFO - DAG(s) 'example_sensors' retrieved from /home/airflow/.local/lib/python3.8/site-packages/airflow/example_dags/example_sensors.py
[2026-06-03T12:05:22.363+0000] {logging_mixin.py:188} INFO - [2026-06-03T12:05:22.363+0000] {dag.py:3033} INFO - Sync 1 DAGs
[2026-06-03T12:05:22.374+0000] {logging_mixin.py:188} INFO - [2026-06-03T12:05:22.374+0000] {dag.py:3820} INFO - Setting next_dagrun for example_sensors to None, run_after=None
[2026-06-03T12:05:22.533+0000] {processor.py:183} INFO - Processing /home/airflow/.local/lib/python3.8/site-packages/airflow/example_dags/example_sensors.py took 0.230 seconds
[2026-06-03T12:05:52.630+0000] {processor.py:161} INFO - Started process (PID=1931) to work on /home/airflow/.local/lib/python3.8/site-packages/airflow/example_dags/example_sensors.py
[2026-06-03T12:05:52.632+0000] {processor.py:830} INFO - Processing file /home/airflow/.local/lib/python3.8/site-packages/airflow/example_dags/example_sensors.py for tasks to queue
[2026-06-03T12:05:52.638+0000] {logging_mixin.py:188} INFO - [2026-06-03T12:05:52.637+0000] {dagbag.py:538} INFO - Filling up the DagBag from /home/airflow/.local/lib/python3.8/site-packages/airflow/example_dags/example_sensors.py
[2026-06-03T12:05:52.649+0000] {processor.py:840} INFO - DAG(s) 'example_sensors' retrieved from /home/airflow/.local/lib/python3.8/site-packages/airflow/example_dags/example_sensors.py
[2026-06-03T12:05:52.677+0000] {logging_mixin.py:188} INFO - [2026-06-03T12:05:52.677+0000] {dag.py:3033} INFO - Sync 1 DAGs
[2026-06-03T12:05:52.687+0000] {logging_mixin.py:188} INFO - [2026-06-03T12:05:52.687+0000] {dag.py:3820} INFO - Setting next_dagrun for example_sensors to None, run_after=None
[2026-06-03T12:05:52.700+0000] {processor.py:183} INFO - Processing /home/airflow/.local/lib/python3.8/site-packages/airflow/example_dags/example_sensors.py took 0.075 seconds
[2026-06-03T12:06:23.136+0000] {processor.py:161} INFO - Started process (PID=1987) to work on /home/airflow/.local/lib/python3.8/site-packages/airflow/example_dags/example_sensors.py
[2026-06-03T12:06:23.138+0000] {processor.py:830} INFO - Processing file /home/airflow/.local/lib/python3.8/site-packages/airflow/example_dags/example_sensors.py for tasks to queue
[2026-06-03T12:06:23.144+0000] {logging_mixin.py:188} INFO - [2026-06-03T12:06:23.143+0000] {dagbag.py:538} INFO - Filling up the DagBag from /home/airflow/.local/lib/python3.8/site-packages/airflow/example_dags/example_sensors.py
[2026-06-03T12:06:23.154+0000] {processor.py:840} INFO - DAG(s) 'example_sensors' retrieved from /home/airflow/.local/lib/python3.8/site-packages/airflow/example_dags/example_sensors.py
[2026-06-03T12:06:23.183+0000] {logging_mixin.py:188} INFO - [2026-06-03T12:06:23.183+0000] {dag.py:3033} INFO - Sync 1 DAGs
[2026-06-03T12:06:23.197+0000] {logging_mixin.py:188} INFO - [2026-06-03T12:06:23.197+0000] {dag.py:3820} INFO - Setting next_dagrun for example_sensors to None, run_after=None
[2026-06-03T12:06:23.212+0000] {processor.py:183} INFO - Processing /home/airflow/.local/lib/python3.8/site-packages/airflow/example_dags/example_sensors.py took 0.083 seconds
[2026-06-03T12:06:53.379+0000] {processor.py:161} INFO - Started process (PID=2043) to work on /home/airflow/.local/lib/python3.8/site-packages/airflow/example_dags/example_sensors.py
[2026-06-03T12:06:53.381+0000] {processor.py:830} INFO - Processing file /home/airflow/.local/lib/python3.8/site-packages/airflow/example_dags/example_sensors.py for tasks to queue
[2026-06-03T12:06:53.385+0000] {logging_mixin.py:188} INFO - [2026-06-03T12:06:53.385+0000] {dagbag.py:538} INFO - Filling up the DagBag from /home/airflow/.local/lib/python3.8/site-packages/airflow/example_dags/example_sensors.py
[2026-06-03T12:06:53.398+0000] {processor.py:840} INFO - DAG(s) 'example_sensors' retrieved from /home/airflow/.local/lib/python3.8/site-packages/airflow/example_dags/example_sensors.py
[2026-06-03T12:06:53.435+0000] {logging_mixin.py:188} INFO - [2026-06-03T12:06:53.434+0000] {dag.py:3033} INFO - Sync 1 DAGs
[2026-06-03T12:06:53.445+0000] {logging_mixin.py:188} INFO - [2026-06-03T12:06:53.444+0000] {dag.py:3820} INFO - Setting next_dagrun for example_sensors to None, run_after=None
[2026-06-03T12:06:53.462+0000] {processor.py:183} INFO - Processing /home/airflow/.local/lib/python3.8/site-packages/airflow/example_dags/example_sensors.py took 0.089 seconds
[2026-06-03T12:07:23.846+0000] {processor.py:161} INFO - Started process (PID=2099) to work on /home/airflow/.local/lib/python3.8/site-packages/airflow/example_dags/example_sensors.py
[2026-06-03T12:07:23.849+0000] {processor.py:830} INFO - Processing file /home/airflow/.local/lib/python3.8/site-packages/airflow/example_dags/example_sensors.py for tasks to queue
[2026-06-03T12:07:23.854+0000] {logging_mixin.py:188} INFO - [2026-06-03T12:07:23.854+0000] {dagbag.py:538} INFO - Filling up the DagBag from /home/airflow/.local/lib/python3.8/site-packages/airflow/example_dags/example_sensors.py
[2026-06-03T12:07:23.859+0000] {processor.py:840} INFO - DAG(s) 'example_sensors' retrieved from /home/airflow/.local/lib/python3.8/site-packages/airflow/example_dags/example_sensors.py
[2026-06-03T12:07:24.120+0000] {logging_mixin.py:188} INFO - [2026-06-03T12:07:24.120+0000] {dag.py:3033} INFO - Sync 1 DAGs
[2026-06-03T12:07:24.127+0000] {logging_mixin.py:188} INFO - [2026-06-03T12:07:24.127+0000] {dag.py:3820} INFO - Setting next_dagrun for example_sensors to None, run_after=None
[2026-06-03T12:07:24.157+0000] {processor.py:183} INFO - Processing /home/airflow/.local/lib/python3.8/site-packages/airflow/example_dags/example_sensors.py took 0.314 seconds
[2026-06-03T12:07:54.533+0000] {processor.py:161} INFO - Started process (PID=2155) to work on /home/airflow/.local/lib/python3.8/site-packages/airflow/example_dags/example_sensors.py
[2026-06-03T12:07:54.535+0000] {processor.py:830} INFO - Processing file /home/airflow/.local/lib/python3.8/site-packages/airflow/example_dags/example_sensors.py for tasks to queue
[2026-06-03T12:07:54.549+0000] {logging_mixin.py:188} INFO - [2026-06-03T12:07:54.549+0000] {dagbag.py:538} INFO - Filling up the DagBag from /home/airflow/.local/lib/python3.8/site-packages/airflow/example_dags/example_sensors.py
[2026-06-03T12:07:54.568+0000] {processor.py:840} INFO - DAG(s) 'example_sensors' retrieved from /home/airflow/.local/lib/python3.8/site-packages/airflow/example_dags/example_sensors.py
[2026-06-03T12:07:54.619+0000] {logging_mixin.py:188} INFO - [2026-06-03T12:07:54.618+0000] {dag.py:3033} INFO - Sync 1 DAGs
[2026-06-03T12:07:54.865+0000] {logging_mixin.py:188} INFO - [2026-06-03T12:07:54.865+0000] {dag.py:3820} INFO - Setting next_dagrun for example_sensors to None, run_after=None
[2026-06-03T12:07:54.884+0000] {processor.py:183} INFO - Processing /home/airflow/.local/lib/python3.8/site-packages/airflow/example_dags/example_sensors.py took 0.359 seconds
[2026-06-03T12:08:25.180+0000] {processor.py:161} INFO - Started process (PID=2211) to work on /home/airflow/.local/lib/python3.8/site-packages/airflow/example_dags/example_sensors.py
[2026-06-03T12:08:25.186+0000] {processor.py:830} INFO - Processing file /home/airflow/.local/lib/python3.8/site-packages/airflow/example_dags/example_sensors.py for tasks to queue
[2026-06-03T12:08:25.189+0000] {logging_mixin.py:188} INFO - [2026-06-03T12:08:25.188+0000] {dagbag.py:538} INFO - Filling up the DagBag from /home/airflow/.local/lib/python3.8/site-packages/airflow/example_dags/example_sensors.py
[2026-06-03T12:08:25.200+0000] {processor.py:840} INFO - DAG(s) 'example_sensors' retrieved from /home/airflow/.local/lib/python3.8/site-packages/airflow/example_dags/example_sensors.py
[2026-06-03T12:08:25.232+0000] {logging_mixin.py:188} INFO - [2026-06-03T12:08:25.232+0000] {dag.py:3033} INFO - Sync 1 DAGs
[2026-06-03T12:08:25.242+0000] {logging_mixin.py:188} INFO - [2026-06-03T12:08:25.242+0000] {dag.py:3820} INFO - Setting next_dagrun for example_sensors to None, run_after=None
[2026-06-03T12:08:25.259+0000] {processor.py:183} INFO - Processing /home/airflow/.local/lib/python3.8/site-packages/airflow/example_dags/example_sensors.py took 0.098 seconds
[2026-06-03T12:08:55.469+0000] {processor.py:161} INFO - Started process (PID=2267) to work on /home/airflow/.local/lib/python3.8/site-packages/airflow/example_dags/example_sensors.py
[2026-06-03T12:08:55.471+0000] {processor.py:830} INFO - Processing file /home/airflow/.local/lib/python3.8/site-packages/airflow/example_dags/example_sensors.py for tasks to queue
[2026-06-03T12:08:55.475+0000] {logging_mixin.py:188} INFO - [2026-06-03T12:08:55.474+0000] {dagbag.py:538} INFO - Filling up the DagBag from /home/airflow/.local/lib/python3.8/site-packages/airflow/example_dags/example_sensors.py
[2026-06-03T12:08:55.485+0000] {processor.py:840} INFO - DAG(s) 'example_sensors' retrieved from /home/airflow/.local/lib/python3.8/site-packages/airflow/example_dags/example_sensors.py
[2026-06-03T12:08:55.508+0000] {logging_mixin.py:188} INFO - [2026-06-03T12:08:55.508+0000] {dag.py:3033} INFO - Sync 1 DAGs
[2026-06-03T12:08:55.522+0000] {logging_mixin.py:188} INFO - [2026-06-03T12:08:55.522+0000] {dag.py:3820} INFO - Setting next_dagrun for example_sensors to None, run_after=None
[2026-06-03T12:08:55.536+0000] {processor.py:183} INFO - Processing /home/airflow/.local/lib/python3.8/site-packages/airflow/example_dags/example_sensors.py took 0.074 seconds
[2026-06-03T12:09:25.608+0000] {processor.py:161} INFO - Started process (PID=2323) to work on /home/airflow/.local/lib/python3.8/site-packages/airflow/example_dags/example_sensors.py
[2026-06-03T12:09:25.609+0000] {processor.py:830} INFO - Processing file /home/airflow/.local/lib/python3.8/site-packages/airflow/example_dags/example_sensors.py for tasks to queue
[2026-06-03T12:09:25.611+0000] {logging_mixin.py:188} INFO - [2026-06-03T12:09:25.611+0000] {dagbag.py:538} INFO - Filling up the DagBag from /home/airflow/.local/lib/python3.8/site-packages/airflow/example_dags/example_sensors.py
[2026-06-03T12:09:25.620+0000] {processor.py:840} INFO - DAG(s) 'example_sensors' retrieved from /home/airflow/.local/lib/python3.8/site-packages/airflow/example_dags/example_sensors.py
[2026-06-03T12:09:25.654+0000] {logging_mixin.py:188} INFO - [2026-06-03T12:09:25.654+0000] {dag.py:3033} INFO - Sync 1 DAGs
[2026-06-03T12:09:25.664+0000] {logging_mixin.py:188} INFO - [2026-06-03T12:09:25.664+0000] {dag.py:3820} INFO - Setting next_dagrun for example_sensors to None, run_after=None
[2026-06-03T12:09:25.678+0000] {processor.py:183} INFO - Processing /home/airflow/.local/lib/python3.8/site-packages/airflow/example_dags/example_sensors.py took 0.075 seconds
[2026-06-03T12:09:55.743+0000] {processor.py:161} INFO - Started process (PID=2379) to work on /home/airflow/.local/lib/python3.8/site-packages/airflow/example_dags/example_sensors.py
[2026-06-03T12:09:55.745+0000] {processor.py:830} INFO - Processing file /home/airflow/.local/lib/python3.8/site-packages/airflow/example_dags/example_sensors.py for tasks to queue
[2026-06-03T12:09:55.749+0000] {logging_mixin.py:188} INFO - [2026-06-03T12:09:55.748+0000] {dagbag.py:538} INFO - Filling up the DagBag from /home/airflow/.local/lib/python3.8/site-packages/airflow/example_dags/example_sensors.py
[2026-06-03T12:09:55.775+0000] {processor.py:840} INFO - DAG(s) 'example_sensors' retrieved from /home/airflow/.local/lib/python3.8/site-packages/airflow/example_dags/example_sensors.py
[2026-06-03T12:09:55.792+0000] {logging_mixin.py:188} INFO - [2026-06-03T12:09:55.792+0000] {dag.py:3033} INFO - Sync 1 DAGs
[2026-06-03T12:09:55.803+0000] {logging_mixin.py:188} INFO - [2026-06-03T12:09:55.803+0000] {dag.py:3820} INFO - Setting next_dagrun for example_sensors to None, run_after=None
[2026-06-03T12:09:55.816+0000] {processor.py:183} INFO - Processing /home/airflow/.local/lib/python3.8/site-packages/airflow/example_dags/example_sensors.py took 0.077 seconds
[2026-06-03T12:10:25.995+0000] {processor.py:161} INFO - Started process (PID=2435) to work on /home/airflow/.local/lib/python3.8/site-packages/airflow/example_dags/example_sensors.py
[2026-06-03T12:10:25.996+0000] {processor.py:830} INFO - Processing file /home/airflow/.local/lib/python3.8/site-packages/airflow/example_dags/example_sensors.py for tasks to queue
[2026-06-03T12:10:25.997+0000] {logging_mixin.py:188} INFO - [2026-06-03T12:10:25.997+0000] {dagbag.py:538} INFO - Filling up the DagBag from /home/airflow/.local/lib/python3.8/site-packages/airflow/example_dags/example_sensors.py
[2026-06-03T12:10:26.004+0000] {processor.py:840} INFO - DAG(s) 'example_sensors' retrieved from /home/airflow/.local/lib/python3.8/site-packages/airflow/example_dags/example_sensors.py
[2026-06-03T12:10:26.017+0000] {logging_mixin.py:188} INFO - [2026-06-03T12:10:26.017+0000] {dag.py:3033} INFO - Sync 1 DAGs
[2026-06-03T12:10:26.025+0000] {logging_mixin.py:188} INFO - [2026-06-03T12:10:26.025+0000] {dag.py:3820} INFO - Setting next_dagrun for example_sensors to None, run_after=None
[2026-06-03T12:10:26.042+0000] {processor.py:183} INFO - Processing /home/airflow/.local/lib/python3.8/site-packages/airflow/example_dags/example_sensors.py took 0.049 seconds
[2026-06-03T12:10:56.949+0000] {processor.py:161} INFO - Started process (PID=2489) to work on /home/airflow/.local/lib/python3.8/site-packages/airflow/example_dags/example_sensors.py
[2026-06-03T12:10:56.952+0000] {processor.py:830} INFO - Processing file /home/airflow/.local/lib/python3.8/site-packages/airflow/example_dags/example_sensors.py for tasks to queue
[2026-06-03T12:10:56.956+0000] {logging_mixin.py:188} INFO - [2026-06-03T12:10:56.956+0000] {dagbag.py:538} INFO - Filling up the DagBag from /home/airflow/.local/lib/python3.8/site-packages/airflow/example_dags/example_sensors.py
[2026-06-03T12:10:56.969+0000] {processor.py:840} INFO - DAG(s) 'example_sensors' retrieved from /home/airflow/.local/lib/python3.8/site-packages/airflow/example_dags/example_sensors.py
[2026-06-03T12:10:57.005+0000] {logging_mixin.py:188} INFO - [2026-06-03T12:10:57.005+0000] {dag.py:3033} INFO - Sync 1 DAGs
[2026-06-03T12:10:57.014+0000] {logging_mixin.py:188} INFO - [2026-06-03T12:10:57.014+0000] {dag.py:3820} INFO - Setting next_dagrun for example_sensors to None, run_after=None
[2026-06-03T12:10:57.033+0000] {processor.py:183} INFO - Processing /home/airflow/.local/lib/python3.8/site-packages/airflow/example_dags/example_sensors.py took 0.104 seconds
[2026-06-03T12:11:27.090+0000] {processor.py:161} INFO - Started process (PID=2545) to work on /home/airflow/.local/lib/python3.8/site-packages/airflow/example_dags/example_sensors.py
[2026-06-03T12:11:27.092+0000] {processor.py:830} INFO - Processing file /home/airflow/.local/lib/python3.8/site-packages/airflow/example_dags/example_sensors.py for tasks to queue
[2026-06-03T12:11:27.096+0000] {logging_mixin.py:188} INFO - [2026-06-03T12:11:27.096+0000] {dagbag.py:538} INFO - Filling up the DagBag from /home/airflow/.local/lib/python3.8/site-packages/airflow/example_dags/example_sensors.py
[2026-06-03T12:11:27.110+0000] {processor.py:840} INFO - DAG(s) 'example_sensors' retrieved from /home/airflow/.local/lib/python3.8/site-packages/airflow/example_dags/example_sensors.py
[2026-06-03T12:11:27.137+0000] {logging_mixin.py:188} INFO - [2026-06-03T12:11:27.137+0000] {dag.py:3033} INFO - Sync 1 DAGs
[2026-06-03T12:11:27.147+0000] {logging_mixin.py:188} INFO - [2026-06-03T12:11:27.147+0000] {dag.py:3820} INFO - Setting next_dagrun for example_sensors to None, run_after=None
[2026-06-03T12:11:27.156+0000] {processor.py:183} INFO - Processing /home/airflow/.local/lib/python3.8/site-packages/airflow/example_dags/example_sensors.py took 0.083 seconds
[2026-06-03T12:11:58.130+0000] {processor.py:161} INFO - Started process (PID=2601) to work on /home/airflow/.local/lib/python3.8/site-packages/airflow/example_dags/example_sensors.py
[2026-06-03T12:11:58.136+0000] {processor.py:830} INFO - Processing file /home/airflow/.local/lib/python3.8/site-packages/airflow/example_dags/example_sensors.py for tasks to queue
[2026-06-03T12:11:58.148+0000] {logging_mixin.py:188} INFO - [2026-06-03T12:11:58.147+0000] {dagbag.py:538} INFO - Filling up the DagBag from /home/airflow/.local/lib/python3.8/site-packages/airflow/example_dags/example_sensors.py
[2026-06-03T12:11:58.168+0000] {processor.py:840} INFO - DAG(s) 'example_sensors' retrieved from /home/airflow/.local/lib/python3.8/site-packages/airflow/example_dags/example_sensors.py
[2026-06-03T12:11:58.190+0000] {logging_mixin.py:188} INFO - [2026-06-03T12:11:58.190+0000] {dag.py:3033} INFO - Sync 1 DAGs
[2026-06-03T12:11:58.199+0000] {logging_mixin.py:188} INFO - [2026-06-03T12:11:58.199+0000] {dag.py:3820} INFO - Setting next_dagrun for example_sensors to None, run_after=None
[2026-06-03T12:11:58.214+0000] {processor.py:183} INFO - Processing /home/airflow/.local/lib/python3.8/site-packages/airflow/example_dags/example_sensors.py took 0.092 seconds
[2026-06-03T12:12:28.928+0000] {processor.py:161} INFO - Started process (PID=2657) to work on /home/airflow/.local/lib/python3.8/site-packages/airflow/example_dags/example_sensors.py
[2026-06-03T12:12:28.930+0000] {processor.py:830} INFO - Processing file /home/airflow/.local/lib/python3.8/site-packages/airflow/example_dags/example_sensors.py for tasks to queue
[2026-06-03T12:12:28.940+0000] {logging_mixin.py:188} INFO - [2026-06-03T12:12:28.939+0000] {dagbag.py:538} INFO - Filling up the DagBag from /home/airflow/.local/lib/python3.8/site-packages/airflow/example_dags/example_sensors.py
[2026-06-03T12:12:28.956+0000] {processor.py:840} INFO - DAG(s) 'example_sensors' retrieved from /home/airflow/.local/lib/python3.8/site-packages/airflow/example_dags/example_sensors.py
[2026-06-03T12:12:28.978+0000] {logging_mixin.py:188} INFO - [2026-06-03T12:12:28.978+0000] {dag.py:3033} INFO - Sync 1 DAGs
[2026-06-03T12:12:28.988+0000] {logging_mixin.py:188} INFO - [2026-06-03T12:12:28.988+0000] {dag.py:3820} INFO - Setting next_dagrun for example_sensors to None, run_after=None
[2026-06-03T12:12:29.016+0000] {processor.py:183} INFO - Processing /home/airflow/.local/lib/python3.8/site-packages/airflow/example_dags/example_sensors.py took 0.095 seconds
[2026-06-03T12:12:59.399+0000] {processor.py:161} INFO - Started process (PID=2712) to work on /home/airflow/.local/lib/python3.8/site-packages/airflow/example_dags/example_sensors.py
[2026-06-03T12:12:59.406+0000] {processor.py:830} INFO - Processing file /home/airflow/.local/lib/python3.8/site-packages/airflow/example_dags/example_sensors.py for tasks to queue
[2026-06-03T12:12:59.414+0000] {logging_mixin.py:188} INFO - [2026-06-03T12:12:59.414+0000] {dagbag.py:538} INFO - Filling up the DagBag from /home/airflow/.local/lib/python3.8/site-packages/airflow/example_dags/example_sensors.py
[2026-06-03T12:12:59.431+0000] {processor.py:840} INFO - DAG(s) 'example_sensors' retrieved from /home/airflow/.local/lib/python3.8/site-packages/airflow/example_dags/example_sensors.py
[2026-06-03T12:12:59.477+0000] {logging_mixin.py:188} INFO - [2026-06-03T12:12:59.476+0000] {dag.py:3033} INFO - Sync 1 DAGs
[2026-06-03T12:12:59.490+0000] {logging_mixin.py:188} INFO - [2026-06-03T12:12:59.490+0000] {dag.py:3820} INFO - Setting next_dagrun for example_sensors to None, run_after=None
[2026-06-03T12:12:59.508+0000] {processor.py:183} INFO - Processing /home/airflow/.local/lib/python3.8/site-packages/airflow/example_dags/example_sensors.py took 0.118 seconds
[2026-06-03T12:13:30.087+0000] {processor.py:161} INFO - Started process (PID=2768) to work on /home/airflow/.local/lib/python3.8/site-packages/airflow/example_dags/example_sensors.py
[2026-06-03T12:13:30.089+0000] {processor.py:830} INFO - Processing file /home/airflow/.local/lib/python3.8/site-packages/airflow/example_dags/example_sensors.py for tasks to queue
[2026-06-03T12:13:30.095+0000] {logging_mixin.py:188} INFO - [2026-06-03T12:13:30.095+0000] {dagbag.py:538} INFO - Filling up the DagBag from /home/airflow/.local/lib/python3.8/site-packages/airflow/example_dags/example_sensors.py
[2026-06-03T12:13:30.117+0000] {processor.py:840} INFO - DAG(s) 'example_sensors' retrieved from /home/airflow/.local/lib/python3.8/site-packages/airflow/example_dags/example_sensors.py
[2026-06-03T12:13:30.158+0000] {logging_mixin.py:188} INFO - [2026-06-03T12:13:30.158+0000] {dag.py:3033} INFO - Sync 1 DAGs
[2026-06-03T12:13:30.170+0000] {logging_mixin.py:188} INFO - [2026-06-03T12:13:30.170+0000] {dag.py:3820} INFO - Setting next_dagrun for example_sensors to None, run_after=None
[2026-06-03T12:13:30.188+0000] {processor.py:183} INFO - Processing /home/airflow/.local/lib/python3.8/site-packages/airflow/example_dags/example_sensors.py took 0.109 seconds
[2026-06-03T12:14:00.899+0000] {processor.py:161} INFO - Started process (PID=2824) to work on /home/airflow/.local/lib/python3.8/site-packages/airflow/example_dags/example_sensors.py
[2026-06-03T12:14:00.901+0000] {processor.py:830} INFO - Processing file /home/airflow/.local/lib/python3.8/site-packages/airflow/example_dags/example_sensors.py for tasks to queue
[2026-06-03T12:14:00.915+0000] {logging_mixin.py:188} INFO - [2026-06-03T12:14:00.914+0000] {dagbag.py:538} INFO - Filling up the DagBag from /home/airflow/.local/lib/python3.8/site-packages/airflow/example_dags/example_sensors.py
[2026-06-03T12:14:00.945+0000] {processor.py:840} INFO - DAG(s) 'example_sensors' retrieved from /home/airflow/.local/lib/python3.8/site-packages/airflow/example_dags/example_sensors.py
[2026-06-03T12:14:00.982+0000] {logging_mixin.py:188} INFO - [2026-06-03T12:14:00.982+0000] {dag.py:3033} INFO - Sync 1 DAGs
[2026-06-03T12:14:00.992+0000] {logging_mixin.py:188} INFO - [2026-06-03T12:14:00.992+0000] {dag.py:3820} INFO - Setting next_dagrun for example_sensors to None, run_after=None
[2026-06-03T12:14:01.012+0000] {processor.py:183} INFO - Processing /home/airflow/.local/lib/python3.8/site-packages/airflow/example_dags/example_sensors.py took 0.153 seconds
[2026-06-03T12:14:31.125+0000] {processor.py:161} INFO - Started process (PID=2880) to work on /home/airflow/.local/lib/python3.8/site-packages/airflow/example_dags/example_sensors.py
[2026-06-03T12:14:31.132+0000] {processor.py:830} INFO - Processing file /home/airflow/.local/lib/python3.8/site-packages/airflow/example_dags/example_sensors.py for tasks to queue
[2026-06-03T12:14:31.146+0000] {logging_mixin.py:188} INFO - [2026-06-03T12:14:31.145+0000] {dagbag.py:538} INFO - Filling up the DagBag from /home/airflow/.local/lib/python3.8/site-packages/airflow/example_dags/example_sensors.py
[2026-06-03T12:14:31.158+0000] {processor.py:840} INFO - DAG(s) 'example_sensors' retrieved from /home/airflow/.local/lib/python3.8/site-packages/airflow/example_dags/example_sensors.py
[2026-06-03T12:14:31.201+0000] {logging_mixin.py:188} INFO - [2026-06-03T12:14:31.201+0000] {dag.py:3033} INFO - Sync 1 DAGs
[2026-06-03T12:14:31.220+0000] {logging_mixin.py:188} INFO - [2026-06-03T12:14:31.220+0000] {dag.py:3820} INFO - Setting next_dagrun for example_sensors to None, run_after=None
[2026-06-03T12:14:31.240+0000] {processor.py:183} INFO - Processing /home/airflow/.local/lib/python3.8/site-packages/airflow/example_dags/example_sensors.py took 0.123 seconds
[2026-06-03T12:15:01.496+0000] {processor.py:161} INFO - Started process (PID=2936) to work on /home/airflow/.local/lib/python3.8/site-packages/airflow/example_dags/example_sensors.py
[2026-06-03T12:15:01.499+0000] {processor.py:830} INFO - Processing file /home/airflow/.local/lib/python3.8/site-packages/airflow/example_dags/example_sensors.py for tasks to queue
[2026-06-03T12:15:01.507+0000] {logging_mixin.py:188} INFO - [2026-06-03T12:15:01.507+0000] {dagbag.py:538} INFO - Filling up the DagBag from /home/airflow/.local/lib/python3.8/site-packages/airflow/example_dags/example_sensors.py
[2026-06-03T12:15:01.519+0000] {processor.py:840} INFO - DAG(s) 'example_sensors' retrieved from /home/airflow/.local/lib/python3.8/site-packages/airflow/example_dags/example_sensors.py
[2026-06-03T12:15:01.545+0000] {logging_mixin.py:188} INFO - [2026-06-03T12:15:01.545+0000] {dag.py:3033} INFO - Sync 1 DAGs
[2026-06-03T12:15:01.554+0000] {logging_mixin.py:188} INFO - [2026-06-03T12:15:01.554+0000] {dag.py:3820} INFO - Setting next_dagrun for example_sensors to None, run_after=None
[2026-06-03T12:15:01.566+0000] {processor.py:183} INFO - Processing /home/airflow/.local/lib/python3.8/site-packages/airflow/example_dags/example_sensors.py took 0.077 seconds
[2026-06-03T12:15:32.022+0000] {processor.py:161} INFO - Started process (PID=2992) to work on /home/airflow/.local/lib/python3.8/site-packages/airflow/example_dags/example_sensors.py
[2026-06-03T12:15:32.025+0000] {processor.py:830} INFO - Processing file /home/airflow/.local/lib/python3.8/site-packages/airflow/example_dags/example_sensors.py for tasks to queue
[2026-06-03T12:15:32.031+0000] {logging_mixin.py:188} INFO - [2026-06-03T12:15:32.030+0000] {dagbag.py:538} INFO - Filling up the DagBag from /home/airflow/.local/lib/python3.8/site-packages/airflow/example_dags/example_sensors.py
[2026-06-03T12:15:32.042+0000] {processor.py:840} INFO - DAG(s) 'example_sensors' retrieved from /home/airflow/.local/lib/python3.8/site-packages/airflow/example_dags/example_sensors.py
[2026-06-03T12:15:32.082+0000] {logging_mixin.py:188} INFO - [2026-06-03T12:15:32.082+0000] {dag.py:3033} INFO - Sync 1 DAGs
[2026-06-03T12:15:32.092+0000] {logging_mixin.py:188} INFO - [2026-06-03T12:15:32.092+0000] {dag.py:3820} INFO - Setting next_dagrun for example_sensors to None, run_after=None
[2026-06-03T12:15:32.107+0000] {processor.py:183} INFO - Processing /home/airflow/.local/lib/python3.8/site-packages/airflow/example_dags/example_sensors.py took 0.105 seconds
[2026-06-03T12:16:02.639+0000] {processor.py:161} INFO - Started process (PID=3048) to work on /home/airflow/.local/lib/python3.8/site-packages/airflow/example_dags/example_sensors.py
[2026-06-03T12:16:02.642+0000] {processor.py:830} INFO - Processing file /home/airflow/.local/lib/python3.8/site-packages/airflow/example_dags/example_sensors.py for tasks to queue
[2026-06-03T12:16:02.648+0000] {logging_mixin.py:188} INFO - [2026-06-03T12:16:02.648+0000] {dagbag.py:538} INFO - Filling up the DagBag from /home/airflow/.local/lib/python3.8/site-packages/airflow/example_dags/example_sensors.py
[2026-06-03T12:16:02.675+0000] {processor.py:840} INFO - DAG(s) 'example_sensors' retrieved from /home/airflow/.local/lib/python3.8/site-packages/airflow/example_dags/example_sensors.py
[2026-06-03T12:16:02.708+0000] {logging_mixin.py:188} INFO - [2026-06-03T12:16:02.708+0000] {dag.py:3033} INFO - Sync 1 DAGs
[2026-06-03T12:16:02.719+0000] {logging_mixin.py:188} INFO - [2026-06-03T12:16:02.718+0000] {dag.py:3820} INFO - Setting next_dagrun for example_sensors to None, run_after=None
[2026-06-03T12:16:02.732+0000] {processor.py:183} INFO - Processing /home/airflow/.local/lib/python3.8/site-packages/airflow/example_dags/example_sensors.py took 0.105 seconds
[2026-06-03T12:16:33.148+0000] {processor.py:161} INFO - Started process (PID=3104) to work on /home/airflow/.local/lib/python3.8/site-packages/airflow/example_dags/example_sensors.py
[2026-06-03T12:16:33.149+0000] {processor.py:830} INFO - Processing file /home/airflow/.local/lib/python3.8/site-packages/airflow/example_dags/example_sensors.py for tasks to queue
[2026-06-03T12:16:33.153+0000] {logging_mixin.py:188} INFO - [2026-06-03T12:16:33.153+0000] {dagbag.py:538} INFO - Filling up the DagBag from /home/airflow/.local/lib/python3.8/site-packages/airflow/example_dags/example_sensors.py
[2026-06-03T12:16:33.174+0000] {processor.py:840} INFO - DAG(s) 'example_sensors' retrieved from /home/airflow/.local/lib/python3.8/site-packages/airflow/example_dags/example_sensors.py
[2026-06-03T12:16:33.200+0000] {logging_mixin.py:188} INFO - [2026-06-03T12:16:33.200+0000] {dag.py:3033} INFO - Sync 1 DAGs
[2026-06-03T12:16:33.212+0000] {logging_mixin.py:188} INFO - [2026-06-03T12:16:33.212+0000] {dag.py:3820} INFO - Setting next_dagrun for example_sensors to None, run_after=None
[2026-06-03T12:16:33.226+0000] {processor.py:183} INFO - Processing /home/airflow/.local/lib/python3.8/site-packages/airflow/example_dags/example_sensors.py took 0.083 seconds
[2026-06-03T12:17:03.688+0000] {processor.py:161} INFO - Started process (PID=3160) to work on /home/airflow/.local/lib/python3.8/site-packages/airflow/example_dags/example_sensors.py
[2026-06-03T12:17:03.689+0000] {processor.py:830} INFO - Processing file /home/airflow/.local/lib/python3.8/site-packages/airflow/example_dags/example_sensors.py for tasks to queue
[2026-06-03T12:17:03.694+0000] {logging_mixin.py:188} INFO - [2026-06-03T12:17:03.693+0000] {dagbag.py:538} INFO - Filling up the DagBag from /home/airflow/.local/lib/python3.8/site-packages/airflow/example_dags/example_sensors.py
[2026-06-03T12:17:03.720+0000] {processor.py:840} INFO - DAG(s) 'example_sensors' retrieved from /home/airflow/.local/lib/python3.8/site-packages/airflow/example_dags/example_sensors.py
[2026-06-03T12:17:03.748+0000] {logging_mixin.py:188} INFO - [2026-06-03T12:17:03.748+0000] {dag.py:3033} INFO - Sync 1 DAGs
[2026-06-03T12:17:03.762+0000] {logging_mixin.py:188} INFO - [2026-06-03T12:17:03.762+0000] {dag.py:3820} INFO - Setting next_dagrun for example_sensors to None, run_after=None
[2026-06-03T12:17:03.781+0000] {processor.py:183} INFO - Processing /home/airflow/.local/lib/python3.8/site-packages/airflow/example_dags/example_sensors.py took 0.098 seconds
[2026-06-03T12:17:34.465+0000] {processor.py:161} INFO - Started process (PID=3215) to work on /home/airflow/.local/lib/python3.8/site-packages/airflow/example_dags/example_sensors.py
[2026-06-03T12:17:34.468+0000] {processor.py:830} INFO - Processing file /home/airflow/.local/lib/python3.8/site-packages/airflow/example_dags/example_sensors.py for tasks to queue
[2026-06-03T12:17:34.481+0000] {logging_mixin.py:188} INFO - [2026-06-03T12:17:34.479+0000] {dagbag.py:538} INFO - Filling up the DagBag from /home/airflow/.local/lib/python3.8/site-packages/airflow/example_dags/example_sensors.py
[2026-06-03T12:17:34.499+0000] {processor.py:840} INFO - DAG(s) 'example_sensors' retrieved from /home/airflow/.local/lib/python3.8/site-packages/airflow/example_dags/example_sensors.py
[2026-06-03T12:17:34.543+0000] {logging_mixin.py:188} INFO - [2026-06-03T12:17:34.543+0000] {dag.py:3033} INFO - Sync 1 DAGs
[2026-06-03T12:17:34.560+0000] {logging_mixin.py:188} INFO - [2026-06-03T12:17:34.560+0000] {dag.py:3820} INFO - Setting next_dagrun for example_sensors to None, run_after=None
[2026-06-03T12:17:34.587+0000] {processor.py:183} INFO - Processing /home/airflow/.local/lib/python3.8/site-packages/airflow/example_dags/example_sensors.py took 0.129 seconds
[2026-06-03T12:18:05.507+0000] {processor.py:161} INFO - Started process (PID=3271) to work on /home/airflow/.local/lib/python3.8/site-packages/airflow/example_dags/example_sensors.py
[2026-06-03T12:18:05.518+0000] {processor.py:830} INFO - Processing file /home/airflow/.local/lib/python3.8/site-packages/airflow/example_dags/example_sensors.py for tasks to queue
[2026-06-03T12:18:05.528+0000] {logging_mixin.py:188} INFO - [2026-06-03T12:18:05.527+0000] {dagbag.py:538} INFO - Filling up the DagBag from /home/airflow/.local/lib/python3.8/site-packages/airflow/example_dags/example_sensors.py
[2026-06-03T12:18:05.553+0000] {processor.py:840} INFO - DAG(s) 'example_sensors' retrieved from /home/airflow/.local/lib/python3.8/site-packages/airflow/example_dags/example_sensors.py
[2026-06-03T12:18:05.598+0000] {logging_mixin.py:188} INFO - [2026-06-03T12:18:05.598+0000] {dag.py:3033} INFO - Sync 1 DAGs
[2026-06-03T12:18:05.609+0000] {logging_mixin.py:188} INFO - [2026-06-03T12:18:05.608+0000] {dag.py:3820} INFO - Setting next_dagrun for example_sensors to None, run_after=None
[2026-06-03T12:18:05.639+0000] {processor.py:183} INFO - Processing /home/airflow/.local/lib/python3.8/site-packages/airflow/example_dags/example_sensors.py took 0.147 seconds
[2026-06-03T12:18:35.915+0000] {processor.py:161} INFO - Started process (PID=3327) to work on /home/airflow/.local/lib/python3.8/site-packages/airflow/example_dags/example_sensors.py
[2026-06-03T12:18:35.920+0000] {processor.py:830} INFO - Processing file /home/airflow/.local/lib/python3.8/site-packages/airflow/example_dags/example_sensors.py for tasks to queue
[2026-06-03T12:18:35.930+0000] {logging_mixin.py:188} INFO - [2026-06-03T12:18:35.929+0000] {dagbag.py:538} INFO - Filling up the DagBag from /home/airflow/.local/lib/python3.8/site-packages/airflow/example_dags/example_sensors.py
[2026-06-03T12:18:35.944+0000] {processor.py:840} INFO - DAG(s) 'example_sensors' retrieved from /home/airflow/.local/lib/python3.8/site-packages/airflow/example_dags/example_sensors.py
[2026-06-03T12:18:35.991+0000] {logging_mixin.py:188} INFO - [2026-06-03T12:18:35.991+0000] {dag.py:3033} INFO - Sync 1 DAGs
[2026-06-03T12:18:36.008+0000] {logging_mixin.py:188} INFO - [2026-06-03T12:18:36.008+0000] {dag.py:3820} INFO - Setting next_dagrun for example_sensors to None, run_after=None
[2026-06-03T12:18:36.027+0000] {processor.py:183} INFO - Processing /home/airflow/.local/lib/python3.8/site-packages/airflow/example_dags/example_sensors.py took 0.125 seconds
[2026-06-03T12:19:06.379+0000] {processor.py:161} INFO - Started process (PID=3383) to work on /home/airflow/.local/lib/python3.8/site-packages/airflow/example_dags/example_sensors.py
[2026-06-03T12:19:06.380+0000] {processor.py:830} INFO - Processing file /home/airflow/.local/lib/python3.8/site-packages/airflow/example_dags/example_sensors.py for tasks to queue
[2026-06-03T12:19:06.386+0000] {logging_mixin.py:188} INFO - [2026-06-03T12:19:06.385+0000] {dagbag.py:538} INFO - Filling up the DagBag from /home/airflow/.local/lib/python3.8/site-packages/airflow/example_dags/example_sensors.py
[2026-06-03T12:19:06.409+0000] {processor.py:840} INFO - DAG(s) 'example_sensors' retrieved from /home/airflow/.local/lib/python3.8/site-packages/airflow/example_dags/example_sensors.py
[2026-06-03T12:19:06.461+0000] {logging_mixin.py:188} INFO - [2026-06-03T12:19:06.460+0000] {dag.py:3033} INFO - Sync 1 DAGs
[2026-06-03T12:19:06.482+0000] {logging_mixin.py:188} INFO - [2026-06-03T12:19:06.482+0000] {dag.py:3820} INFO - Setting next_dagrun for example_sensors to None, run_after=None
[2026-06-03T12:19:06.505+0000] {processor.py:183} INFO - Processing /home/airflow/.local/lib/python3.8/site-packages/airflow/example_dags/example_sensors.py took 0.134 seconds
[2026-06-03T12:19:37.101+0000] {processor.py:161} INFO - Started process (PID=3439) to work on /home/airflow/.local/lib/python3.8/site-packages/airflow/example_dags/example_sensors.py
[2026-06-03T12:19:37.108+0000] {processor.py:830} INFO - Processing file /home/airflow/.local/lib/python3.8/site-packages/airflow/example_dags/example_sensors.py for tasks to queue
[2026-06-03T12:19:37.118+0000] {logging_mixin.py:188} INFO - [2026-06-03T12:19:37.118+0000] {dagbag.py:538} INFO - Filling up the DagBag from /home/airflow/.local/lib/python3.8/site-packages/airflow/example_dags/example_sensors.py
[2026-06-03T12:19:37.143+0000] {processor.py:840} INFO - DAG(s) 'example_sensors' retrieved from /home/airflow/.local/lib/python3.8/site-packages/airflow/example_dags/example_sensors.py
[2026-06-03T12:19:37.171+0000] {logging_mixin.py:188} INFO - [2026-06-03T12:19:37.171+0000] {dag.py:3033} INFO - Sync 1 DAGs
[2026-06-03T12:19:37.181+0000] {logging_mixin.py:188} INFO - [2026-06-03T12:19:37.181+0000] {dag.py:3820} INFO - Setting next_dagrun for example_sensors to None, run_after=None
[2026-06-03T12:19:37.198+0000] {processor.py:183} INFO - Processing /home/airflow/.local/lib/python3.8/site-packages/airflow/example_dags/example_sensors.py took 0.104 seconds
[2026-06-03T12:20:07.284+0000] {processor.py:161} INFO - Started process (PID=3495) to work on /home/airflow/.local/lib/python3.8/site-packages/airflow/example_dags/example_sensors.py
[2026-06-03T12:20:07.287+0000] {processor.py:830} INFO - Processing file /home/airflow/.local/lib/python3.8/site-packages/airflow/example_dags/example_sensors.py for tasks to queue
[2026-06-03T12:20:07.294+0000] {logging_mixin.py:188} INFO - [2026-06-03T12:20:07.292+0000] {dagbag.py:538} INFO - Filling up the DagBag from /home/airflow/.local/lib/python3.8/site-packages/airflow/example_dags/example_sensors.py
[2026-06-03T12:20:07.312+0000] {processor.py:840} INFO - DAG(s) 'example_sensors' retrieved from /home/airflow/.local/lib/python3.8/site-packages/airflow/example_dags/example_sensors.py
[2026-06-03T12:20:07.355+0000] {logging_mixin.py:188} INFO - [2026-06-03T12:20:07.355+0000] {dag.py:3033} INFO - Sync 1 DAGs
[2026-06-03T12:20:07.375+0000] {logging_mixin.py:188} INFO - [2026-06-03T12:20:07.375+0000] {dag.py:3820} INFO - Setting next_dagrun for example_sensors to None, run_after=None
[2026-06-03T12:20:07.399+0000] {processor.py:183} INFO - Processing /home/airflow/.local/lib/python3.8/site-packages/airflow/example_dags/example_sensors.py took 0.126 seconds
[2026-06-03T12:20:37.466+0000] {processor.py:161} INFO - Started process (PID=3551) to work on /home/airflow/.local/lib/python3.8/site-packages/airflow/example_dags/example_sensors.py
[2026-06-03T12:20:37.468+0000] {processor.py:830} INFO - Processing file /home/airflow/.local/lib/python3.8/site-packages/airflow/example_dags/example_sensors.py for tasks to queue
[2026-06-03T12:20:37.474+0000] {logging_mixin.py:188} INFO - [2026-06-03T12:20:37.473+0000] {dagbag.py:538} INFO - Filling up the DagBag from /home/airflow/.local/lib/python3.8/site-packages/airflow/example_dags/example_sensors.py
[2026-06-03T12:20:37.504+0000] {processor.py:840} INFO - DAG(s) 'example_sensors' retrieved from /home/airflow/.local/lib/python3.8/site-packages/airflow/example_dags/example_sensors.py
[2026-06-03T12:20:37.550+0000] {logging_mixin.py:188} INFO - [2026-06-03T12:20:37.550+0000] {dag.py:3033} INFO - Sync 1 DAGs
[2026-06-03T12:20:37.564+0000] {logging_mixin.py:188} INFO - [2026-06-03T12:20:37.563+0000] {dag.py:3820} INFO - Setting next_dagrun for example_sensors to None, run_after=None
[2026-06-03T12:20:37.583+0000] {processor.py:183} INFO - Processing /home/airflow/.local/lib/python3.8/site-packages/airflow/example_dags/example_sensors.py took 0.124 seconds
[2026-06-03T12:21:08.267+0000] {processor.py:161} INFO - Started process (PID=3608) to work on /home/airflow/.local/lib/python3.8/site-packages/airflow/example_dags/example_sensors.py
[2026-06-03T12:21:08.269+0000] {processor.py:830} INFO - Processing file /home/airflow/.local/lib/python3.8/site-packages/airflow/example_dags/example_sensors.py for tasks to queue
[2026-06-03T12:21:08.274+0000] {logging_mixin.py:188} INFO - [2026-06-03T12:21:08.274+0000] {dagbag.py:538} INFO - Filling up the DagBag from /home/airflow/.local/lib/python3.8/site-packages/airflow/example_dags/example_sensors.py
[2026-06-03T12:21:08.289+0000] {processor.py:840} INFO - DAG(s) 'example_sensors' retrieved from /home/airflow/.local/lib/python3.8/site-packages/airflow/example_dags/example_sensors.py
[2026-06-03T12:21:08.330+0000] {logging_mixin.py:188} INFO - [2026-06-03T12:21:08.329+0000] {dag.py:3033} INFO - Sync 1 DAGs
[2026-06-03T12:21:08.343+0000] {logging_mixin.py:188} INFO - [2026-06-03T12:21:08.343+0000] {dag.py:3820} INFO - Setting next_dagrun for example_sensors to None, run_after=None
[2026-06-03T12:21:08.355+0000] {processor.py:183} INFO - Processing /home/airflow/.local/lib/python3.8/site-packages/airflow/example_dags/example_sensors.py took 0.097 seconds
[2026-06-03T12:21:38.605+0000] {processor.py:161} INFO - Started process (PID=3664) to work on /home/airflow/.local/lib/python3.8/site-packages/airflow/example_dags/example_sensors.py
[2026-06-03T12:21:38.616+0000] {processor.py:830} INFO - Processing file /home/airflow/.local/lib/python3.8/site-packages/airflow/example_dags/example_sensors.py for tasks to queue
[2026-06-03T12:21:38.637+0000] {logging_mixin.py:188} INFO - [2026-06-03T12:21:38.636+0000] {dagbag.py:538} INFO - Filling up the DagBag from /home/airflow/.local/lib/python3.8/site-packages/airflow/example_dags/example_sensors.py
[2026-06-03T12:21:38.656+0000] {processor.py:840} INFO - DAG(s) 'example_sensors' retrieved from /home/airflow/.local/lib/python3.8/site-packages/airflow/example_dags/example_sensors.py
[2026-06-03T12:21:38.699+0000] {logging_mixin.py:188} INFO - [2026-06-03T12:21:38.699+0000] {dag.py:3033} INFO - Sync 1 DAGs
[2026-06-03T12:21:38.709+0000] {logging_mixin.py:188} INFO - [2026-06-03T12:21:38.709+0000] {dag.py:3820} INFO - Setting next_dagrun for example_sensors to None, run_after=None
[2026-06-03T12:21:38.728+0000] {processor.py:183} INFO - Processing /home/airflow/.local/lib/python3.8/site-packages/airflow/example_dags/example_sensors.py took 0.135 seconds
[2026-06-03T12:22:09.448+0000] {processor.py:161} INFO - Started process (PID=3720) to work on /home/airflow/.local/lib/python3.8/site-packages/airflow/example_dags/example_sensors.py
[2026-06-03T12:22:09.454+0000] {processor.py:830} INFO - Processing file /home/airflow/.local/lib/python3.8/site-packages/airflow/example_dags/example_sensors.py for tasks to queue
[2026-06-03T12:22:09.468+0000] {logging_mixin.py:188} INFO - [2026-06-03T12:22:09.468+0000] {dagbag.py:538} INFO - Filling up the DagBag from /home/airflow/.local/lib/python3.8/site-packages/airflow/example_dags/example_sensors.py
[2026-06-03T12:22:09.481+0000] {processor.py:840} INFO - DAG(s) 'example_sensors' retrieved from /home/airflow/.local/lib/python3.8/site-packages/airflow/example_dags/example_sensors.py
[2026-06-03T12:22:09.515+0000] {logging_mixin.py:188} INFO - [2026-06-03T12:22:09.515+0000] {dag.py:3033} INFO - Sync 1 DAGs
[2026-06-03T12:22:09.527+0000] {logging_mixin.py:188} INFO - [2026-06-03T12:22:09.527+0000] {dag.py:3820} INFO - Setting next_dagrun for example_sensors to None, run_after=None
[2026-06-03T12:22:09.540+0000] {processor.py:183} INFO - Processing /home/airflow/.local/lib/python3.8/site-packages/airflow/example_dags/example_sensors.py took 0.100 seconds
[2026-06-03T12:22:40.304+0000] {processor.py:161} INFO - Started process (PID=3776) to work on /home/airflow/.local/lib/python3.8/site-packages/airflow/example_dags/example_sensors.py
[2026-06-03T12:22:40.306+0000] {processor.py:830} INFO - Processing file /home/airflow/.local/lib/python3.8/site-packages/airflow/example_dags/example_sensors.py for tasks to queue
[2026-06-03T12:22:40.313+0000] {logging_mixin.py:188} INFO - [2026-06-03T12:22:40.312+0000] {dagbag.py:538} INFO - Filling up the DagBag from /home/airflow/.local/lib/python3.8/site-packages/airflow/example_dags/example_sensors.py
[2026-06-03T12:22:40.347+0000] {processor.py:840} INFO - DAG(s) 'example_sensors' retrieved from /home/airflow/.local/lib/python3.8/site-packages/airflow/example_dags/example_sensors.py
[2026-06-03T12:22:40.388+0000] {logging_mixin.py:188} INFO - [2026-06-03T12:22:40.388+0000] {dag.py:3033} INFO - Sync 1 DAGs
[2026-06-03T12:22:40.403+0000] {logging_mixin.py:188} INFO - [2026-06-03T12:22:40.403+0000] {dag.py:3820} INFO - Setting next_dagrun for example_sensors to None, run_after=None
[2026-06-03T12:22:40.431+0000] {processor.py:183} INFO - Processing /home/airflow/.local/lib/python3.8/site-packages/airflow/example_dags/example_sensors.py took 0.136 seconds
[2026-06-03T12:23:10.809+0000] {processor.py:161} INFO - Started process (PID=3832) to work on /home/airflow/.local/lib/python3.8/site-packages/airflow/example_dags/example_sensors.py
[2026-06-03T12:23:10.811+0000] {processor.py:830} INFO - Processing file /home/airflow/.local/lib/python3.8/site-packages/airflow/example_dags/example_sensors.py for tasks to queue
[2026-06-03T12:23:10.820+0000] {logging_mixin.py:188} INFO - [2026-06-03T12:23:10.819+0000] {dagbag.py:538} INFO - Filling up the DagBag from /home/airflow/.local/lib/python3.8/site-packages/airflow/example_dags/example_sensors.py
[2026-06-03T12:23:10.835+0000] {processor.py:840} INFO - DAG(s) 'example_sensors' retrieved from /home/airflow/.local/lib/python3.8/site-packages/airflow/example_dags/example_sensors.py
[2026-06-03T12:23:10.859+0000] {logging_mixin.py:188} INFO - [2026-06-03T12:23:10.859+0000] {dag.py:3033} INFO - Sync 1 DAGs
[2026-06-03T12:23:10.872+0000] {logging_mixin.py:188} INFO - [2026-06-03T12:23:10.872+0000] {dag.py:3820} INFO - Setting next_dagrun for example_sensors to None, run_after=None
[2026-06-03T12:23:10.891+0000] {processor.py:183} INFO - Processing /home/airflow/.local/lib/python3.8/site-packages/airflow/example_dags/example_sensors.py took 0.095 seconds
[2026-06-03T12:23:41.275+0000] {processor.py:161} INFO - Started process (PID=3888) to work on /home/airflow/.local/lib/python3.8/site-packages/airflow/example_dags/example_sensors.py
[2026-06-03T12:23:41.276+0000] {processor.py:830} INFO - Processing file /home/airflow/.local/lib/python3.8/site-packages/airflow/example_dags/example_sensors.py for tasks to queue
[2026-06-03T12:23:41.280+0000] {logging_mixin.py:188} INFO - [2026-06-03T12:23:41.280+0000] {dagbag.py:538} INFO - Filling up the DagBag from /home/airflow/.local/lib/python3.8/site-packages/airflow/example_dags/example_sensors.py
[2026-06-03T12:23:41.314+0000] {processor.py:840} INFO - DAG(s) 'example_sensors' retrieved from /home/airflow/.local/lib/python3.8/site-packages/airflow/example_dags/example_sensors.py
[2026-06-03T12:23:41.342+0000] {logging_mixin.py:188} INFO - [2026-06-03T12:23:41.342+0000] {dag.py:3033} INFO - Sync 1 DAGs
[2026-06-03T12:23:41.363+0000] {logging_mixin.py:188} INFO - [2026-06-03T12:23:41.363+0000] {dag.py:3820} INFO - Setting next_dagrun for example_sensors to None, run_after=None
[2026-06-03T12:23:41.385+0000] {processor.py:183} INFO - Processing /home/airflow/.local/lib/python3.8/site-packages/airflow/example_dags/example_sensors.py took 0.115 seconds
[2026-06-03T12:24:11.989+0000] {processor.py:161} INFO - Started process (PID=3944) to work on /home/airflow/.local/lib/python3.8/site-packages/airflow/example_dags/example_sensors.py
[2026-06-03T12:24:11.995+0000] {processor.py:830} INFO - Processing file /home/airflow/.local/lib/python3.8/site-packages/airflow/example_dags/example_sensors.py for tasks to queue
[2026-06-03T12:24:12.005+0000] {logging_mixin.py:188} INFO - [2026-06-03T12:24:12.005+0000] {dagbag.py:538} INFO - Filling up the DagBag from /home/airflow/.local/lib/python3.8/site-packages/airflow/example_dags/example_sensors.py
[2026-06-03T12:24:12.020+0000] {processor.py:840} INFO - DAG(s) 'example_sensors' retrieved from /home/airflow/.local/lib/python3.8/site-packages/airflow/example_dags/example_sensors.py
[2026-06-03T12:24:12.063+0000] {logging_mixin.py:188} INFO - [2026-06-03T12:24:12.063+0000] {dag.py:3033} INFO - Sync 1 DAGs
[2026-06-03T12:24:12.079+0000] {logging_mixin.py:188} INFO - [2026-06-03T12:24:12.079+0000] {dag.py:3820} INFO - Setting next_dagrun for example_sensors to None, run_after=None
[2026-06-03T12:24:12.105+0000] {processor.py:183} INFO - Processing /home/airflow/.local/lib/python3.8/site-packages/airflow/example_dags/example_sensors.py took 0.122 seconds
[2026-06-03T12:24:42.723+0000] {processor.py:161} INFO - Started process (PID=4000) to work on /home/airflow/.local/lib/python3.8/site-packages/airflow/example_dags/example_sensors.py
[2026-06-03T12:24:42.726+0000] {processor.py:830} INFO - Processing file /home/airflow/.local/lib/python3.8/site-packages/airflow/example_dags/example_sensors.py for tasks to queue
[2026-06-03T12:24:42.738+0000] {logging_mixin.py:188} INFO - [2026-06-03T12:24:42.738+0000] {dagbag.py:538} INFO - Filling up the DagBag from /home/airflow/.local/lib/python3.8/site-packages/airflow/example_dags/example_sensors.py
[2026-06-03T12:24:42.758+0000] {processor.py:840} INFO - DAG(s) 'example_sensors' retrieved from /home/airflow/.local/lib/python3.8/site-packages/airflow/example_dags/example_sensors.py
[2026-06-03T12:24:42.798+0000] {logging_mixin.py:188} INFO - [2026-06-03T12:24:42.798+0000] {dag.py:3033} INFO - Sync 1 DAGs
[2026-06-03T12:24:42.819+0000] {logging_mixin.py:188} INFO - [2026-06-03T12:24:42.819+0000] {dag.py:3820} INFO - Setting next_dagrun for example_sensors to None, run_after=None
[2026-06-03T12:24:42.839+0000] {processor.py:183} INFO - Processing /home/airflow/.local/lib/python3.8/site-packages/airflow/example_dags/example_sensors.py took 0.127 seconds
[2026-06-03T12:25:13.132+0000] {processor.py:161} INFO - Started process (PID=4056) to work on /home/airflow/.local/lib/python3.8/site-packages/airflow/example_dags/example_sensors.py
[2026-06-03T12:25:13.137+0000] {processor.py:830} INFO - Processing file /home/airflow/.local/lib/python3.8/site-packages/airflow/example_dags/example_sensors.py for tasks to queue
[2026-06-03T12:25:13.140+0000] {logging_mixin.py:188} INFO - [2026-06-03T12:25:13.139+0000] {dagbag.py:538} INFO - Filling up the DagBag from /home/airflow/.local/lib/python3.8/site-packages/airflow/example_dags/example_sensors.py
[2026-06-03T12:25:13.152+0000] {processor.py:840} INFO - DAG(s) 'example_sensors' retrieved from /home/airflow/.local/lib/python3.8/site-packages/airflow/example_dags/example_sensors.py
[2026-06-03T12:25:13.216+0000] {logging_mixin.py:188} INFO - [2026-06-03T12:25:13.216+0000] {dag.py:3033} INFO - Sync 1 DAGs
[2026-06-03T12:25:13.227+0000] {logging_mixin.py:188} INFO - [2026-06-03T12:25:13.227+0000] {dag.py:3820} INFO - Setting next_dagrun for example_sensors to None, run_after=None
[2026-06-03T12:25:13.245+0000] {processor.py:183} INFO - Processing /home/airflow/.local/lib/python3.8/site-packages/airflow/example_dags/example_sensors.py took 0.130 seconds
[2026-06-03T12:25:43.508+0000] {processor.py:161} INFO - Started process (PID=4112) to work on /home/airflow/.local/lib/python3.8/site-packages/airflow/example_dags/example_sensors.py
[2026-06-03T12:25:43.513+0000] {processor.py:830} INFO - Processing file /home/airflow/.local/lib/python3.8/site-packages/airflow/example_dags/example_sensors.py for tasks to queue
[2026-06-03T12:25:43.525+0000] {logging_mixin.py:188} INFO - [2026-06-03T12:25:43.525+0000] {dagbag.py:538} INFO - Filling up the DagBag from /home/airflow/.local/lib/python3.8/site-packages/airflow/example_dags/example_sensors.py
[2026-06-03T12:25:43.540+0000] {processor.py:840} INFO - DAG(s) 'example_sensors' retrieved from /home/airflow/.local/lib/python3.8/site-packages/airflow/example_dags/example_sensors.py
[2026-06-03T12:25:43.582+0000] {logging_mixin.py:188} INFO - [2026-06-03T12:25:43.582+0000] {dag.py:3033} INFO - Sync 1 DAGs
[2026-06-03T12:25:43.598+0000] {logging_mixin.py:188} INFO - [2026-06-03T12:25:43.598+0000] {dag.py:3820} INFO - Setting next_dagrun for example_sensors to None, run_after=None
[2026-06-03T12:25:43.613+0000] {processor.py:183} INFO - Processing /home/airflow/.local/lib/python3.8/site-packages/airflow/example_dags/example_sensors.py took 0.119 seconds
[2026-06-03T12:26:13.691+0000] {processor.py:161} INFO - Started process (PID=4168) to work on /home/airflow/.local/lib/python3.8/site-packages/airflow/example_dags/example_sensors.py
[2026-06-03T12:26:13.693+0000] {processor.py:830} INFO - Processing file /home/airflow/.local/lib/python3.8/site-packages/airflow/example_dags/example_sensors.py for tasks to queue
[2026-06-03T12:26:13.699+0000] {logging_mixin.py:188} INFO - [2026-06-03T12:26:13.699+0000] {dagbag.py:538} INFO - Filling up the DagBag from /home/airflow/.local/lib/python3.8/site-packages/airflow/example_dags/example_sensors.py
[2026-06-03T12:26:13.711+0000] {processor.py:840} INFO - DAG(s) 'example_sensors' retrieved from /home/airflow/.local/lib/python3.8/site-packages/airflow/example_dags/example_sensors.py
[2026-06-03T12:26:13.742+0000] {logging_mixin.py:188} INFO - [2026-06-03T12:26:13.742+0000] {dag.py:3033} INFO - Sync 1 DAGs
[2026-06-03T12:26:13.755+0000] {logging_mixin.py:188} INFO - [2026-06-03T12:26:13.755+0000] {dag.py:3820} INFO - Setting next_dagrun for example_sensors to None, run_after=None
[2026-06-03T12:26:13.770+0000] {processor.py:183} INFO - Processing /home/airflow/.local/lib/python3.8/site-packages/airflow/example_dags/example_sensors.py took 0.096 seconds
[2026-06-03T12:26:44.051+0000] {processor.py:161} INFO - Started process (PID=4224) to work on /home/airflow/.local/lib/python3.8/site-packages/airflow/example_dags/example_sensors.py
[2026-06-03T12:26:44.053+0000] {processor.py:830} INFO - Processing file /home/airflow/.local/lib/python3.8/site-packages/airflow/example_dags/example_sensors.py for tasks to queue
[2026-06-03T12:26:44.058+0000] {logging_mixin.py:188} INFO - [2026-06-03T12:26:44.057+0000] {dagbag.py:538} INFO - Filling up the DagBag from /home/airflow/.local/lib/python3.8/site-packages/airflow/example_dags/example_sensors.py
[2026-06-03T12:26:44.069+0000] {processor.py:840} INFO - DAG(s) 'example_sensors' retrieved from /home/airflow/.local/lib/python3.8/site-packages/airflow/example_dags/example_sensors.py
[2026-06-03T12:26:44.106+0000] {logging_mixin.py:188} INFO - [2026-06-03T12:26:44.106+0000] {dag.py:3033} INFO - Sync 1 DAGs
[2026-06-03T12:26:44.117+0000] {logging_mixin.py:188} INFO - [2026-06-03T12:26:44.117+0000] {dag.py:3820} INFO - Setting next_dagrun for example_sensors to None, run_after=None
[2026-06-03T12:26:44.135+0000] {processor.py:183} INFO - Processing /home/airflow/.local/lib/python3.8/site-packages/airflow/example_dags/example_sensors.py took 0.097 seconds
[2026-06-03T12:27:14.351+0000] {processor.py:161} INFO - Started process (PID=4280) to work on /home/airflow/.local/lib/python3.8/site-packages/airflow/example_dags/example_sensors.py
[2026-06-03T12:27:14.354+0000] {processor.py:830} INFO - Processing file /home/airflow/.local/lib/python3.8/site-packages/airflow/example_dags/example_sensors.py for tasks to queue
[2026-06-03T12:27:14.359+0000] {logging_mixin.py:188} INFO - [2026-06-03T12:27:14.359+0000] {dagbag.py:538} INFO - Filling up the DagBag from /home/airflow/.local/lib/python3.8/site-packages/airflow/example_dags/example_sensors.py
[2026-06-03T12:27:14.392+0000] {processor.py:840} INFO - DAG(s) 'example_sensors' retrieved from /home/airflow/.local/lib/python3.8/site-packages/airflow/example_dags/example_sensors.py
[2026-06-03T12:27:14.422+0000] {logging_mixin.py:188} INFO - [2026-06-03T12:27:14.421+0000] {dag.py:3033} INFO - Sync 1 DAGs
[2026-06-03T12:27:14.439+0000] {logging_mixin.py:188} INFO - [2026-06-03T12:27:14.439+0000] {dag.py:3820} INFO - Setting next_dagrun for example_sensors to None, run_after=None
[2026-06-03T12:27:14.454+0000] {processor.py:183} INFO - Processing /home/airflow/.local/lib/python3.8/site-packages/airflow/example_dags/example_sensors.py took 0.111 seconds
[2026-06-03T12:27:44.581+0000] {processor.py:161} INFO - Started process (PID=4336) to work on /home/airflow/.local/lib/python3.8/site-packages/airflow/example_dags/example_sensors.py
[2026-06-03T12:27:44.588+0000] {processor.py:830} INFO - Processing file /home/airflow/.local/lib/python3.8/site-packages/airflow/example_dags/example_sensors.py for tasks to queue
[2026-06-03T12:27:44.600+0000] {logging_mixin.py:188} INFO - [2026-06-03T12:27:44.600+0000] {dagbag.py:538} INFO - Filling up the DagBag from /home/airflow/.local/lib/python3.8/site-packages/airflow/example_dags/example_sensors.py
[2026-06-03T12:27:44.614+0000] {processor.py:840} INFO - DAG(s) 'example_sensors' retrieved from /home/airflow/.local/lib/python3.8/site-packages/airflow/example_dags/example_sensors.py
[2026-06-03T12:27:44.640+0000] {logging_mixin.py:188} INFO - [2026-06-03T12:27:44.640+0000] {dag.py:3033} INFO - Sync 1 DAGs
[2026-06-03T12:27:44.662+0000] {logging_mixin.py:188} INFO - [2026-06-03T12:27:44.662+0000] {dag.py:3820} INFO - Setting next_dagrun for example_sensors to None, run_after=None
[2026-06-03T12:27:44.678+0000] {processor.py:183} INFO - Processing /home/airflow/.local/lib/python3.8/site-packages/airflow/example_dags/example_sensors.py took 0.112 seconds
[2026-06-03T12:28:14.816+0000] {processor.py:161} INFO - Started process (PID=4392) to work on /home/airflow/.local/lib/python3.8/site-packages/airflow/example_dags/example_sensors.py
[2026-06-03T12:28:14.821+0000] {processor.py:830} INFO - Processing file /home/airflow/.local/lib/python3.8/site-packages/airflow/example_dags/example_sensors.py for tasks to queue
[2026-06-03T12:28:14.833+0000] {logging_mixin.py:188} INFO - [2026-06-03T12:28:14.832+0000] {dagbag.py:538} INFO - Filling up the DagBag from /home/airflow/.local/lib/python3.8/site-packages/airflow/example_dags/example_sensors.py
[2026-06-03T12:28:14.848+0000] {processor.py:840} INFO - DAG(s) 'example_sensors' retrieved from /home/airflow/.local/lib/python3.8/site-packages/airflow/example_dags/example_sensors.py
[2026-06-03T12:28:14.884+0000] {logging_mixin.py:188} INFO - [2026-06-03T12:28:14.884+0000] {dag.py:3033} INFO - Sync 1 DAGs
[2026-06-03T12:28:14.899+0000] {logging_mixin.py:188} INFO - [2026-06-03T12:28:14.899+0000] {dag.py:3820} INFO - Setting next_dagrun for example_sensors to None, run_after=None
[2026-06-03T12:28:14.915+0000] {processor.py:183} INFO - Processing /home/airflow/.local/lib/python3.8/site-packages/airflow/example_dags/example_sensors.py took 0.117 seconds
[2026-06-03T12:28:45.267+0000] {processor.py:161} INFO - Started process (PID=4448) to work on /home/airflow/.local/lib/python3.8/site-packages/airflow/example_dags/example_sensors.py
[2026-06-03T12:28:45.269+0000] {processor.py:830} INFO - Processing file /home/airflow/.local/lib/python3.8/site-packages/airflow/example_dags/example_sensors.py for tasks to queue
[2026-06-03T12:28:45.275+0000] {logging_mixin.py:188} INFO - [2026-06-03T12:28:45.274+0000] {dagbag.py:538} INFO - Filling up the DagBag from /home/airflow/.local/lib/python3.8/site-packages/airflow/example_dags/example_sensors.py
[2026-06-03T12:28:45.301+0000] {processor.py:840} INFO - DAG(s) 'example_sensors' retrieved from /home/airflow/.local/lib/python3.8/site-packages/airflow/example_dags/example_sensors.py
[2026-06-03T12:28:45.327+0000] {logging_mixin.py:188} INFO - [2026-06-03T12:28:45.327+0000] {dag.py:3033} INFO - Sync 1 DAGs
[2026-06-03T12:28:45.341+0000] {logging_mixin.py:188} INFO - [2026-06-03T12:28:45.341+0000] {dag.py:3820} INFO - Setting next_dagrun for example_sensors to None, run_after=None
[2026-06-03T12:28:45.354+0000] {processor.py:183} INFO - Processing /home/airflow/.local/lib/python3.8/site-packages/airflow/example_dags/example_sensors.py took 0.094 seconds
[2026-06-03T12:29:15.617+0000] {processor.py:161} INFO - Started process (PID=4504) to work on /home/airflow/.local/lib/python3.8/site-packages/airflow/example_dags/example_sensors.py
[2026-06-03T12:29:15.625+0000] {processor.py:830} INFO - Processing file /home/airflow/.local/lib/python3.8/site-packages/airflow/example_dags/example_sensors.py for tasks to queue
[2026-06-03T12:29:15.630+0000] {logging_mixin.py:188} INFO - [2026-06-03T12:29:15.630+0000] {dagbag.py:538} INFO - Filling up the DagBag from /home/airflow/.local/lib/python3.8/site-packages/airflow/example_dags/example_sensors.py
[2026-06-03T12:29:15.647+0000] {processor.py:840} INFO - DAG(s) 'example_sensors' retrieved from /home/airflow/.local/lib/python3.8/site-packages/airflow/example_dags/example_sensors.py
[2026-06-03T12:29:15.686+0000] {logging_mixin.py:188} INFO - [2026-06-03T12:29:15.686+0000] {dag.py:3033} INFO - Sync 1 DAGs
[2026-06-03T12:29:15.702+0000] {logging_mixin.py:188} INFO - [2026-06-03T12:29:15.702+0000] {dag.py:3820} INFO - Setting next_dagrun for example_sensors to None, run_after=None
[2026-06-03T12:29:15.724+0000] {processor.py:183} INFO - Processing /home/airflow/.local/lib/python3.8/site-packages/airflow/example_dags/example_sensors.py took 0.129 seconds
[2026-06-03T12:29:46.063+0000] {processor.py:161} INFO - Started process (PID=4560) to work on /home/airflow/.local/lib/python3.8/site-packages/airflow/example_dags/example_sensors.py
[2026-06-03T12:29:46.066+0000] {processor.py:830} INFO - Processing file /home/airflow/.local/lib/python3.8/site-packages/airflow/example_dags/example_sensors.py for tasks to queue
[2026-06-03T12:29:46.082+0000] {logging_mixin.py:188} INFO - [2026-06-03T12:29:46.078+0000] {dagbag.py:538} INFO - Filling up the DagBag from /home/airflow/.local/lib/python3.8/site-packages/airflow/example_dags/example_sensors.py
[2026-06-03T12:29:46.105+0000] {processor.py:840} INFO - DAG(s) 'example_sensors' retrieved from /home/airflow/.local/lib/python3.8/site-packages/airflow/example_dags/example_sensors.py
[2026-06-03T12:29:46.147+0000] {logging_mixin.py:188} INFO - [2026-06-03T12:29:46.146+0000] {dag.py:3033} INFO - Sync 1 DAGs
[2026-06-03T12:29:46.156+0000] {logging_mixin.py:188} INFO - [2026-06-03T12:29:46.156+0000] {dag.py:3820} INFO - Setting next_dagrun for example_sensors to None, run_after=None
[2026-06-03T12:29:46.173+0000] {processor.py:183} INFO - Processing /home/airflow/.local/lib/python3.8/site-packages/airflow/example_dags/example_sensors.py took 0.118 seconds
[2026-06-03T12:30:16.499+0000] {processor.py:161} INFO - Started process (PID=4615) to work on /home/airflow/.local/lib/python3.8/site-packages/airflow/example_dags/example_sensors.py
[2026-06-03T12:30:16.502+0000] {processor.py:830} INFO - Processing file /home/airflow/.local/lib/python3.8/site-packages/airflow/example_dags/example_sensors.py for tasks to queue
[2026-06-03T12:30:16.508+0000] {logging_mixin.py:188} INFO - [2026-06-03T12:30:16.508+0000] {dagbag.py:538} INFO - Filling up the DagBag from /home/airflow/.local/lib/python3.8/site-packages/airflow/example_dags/example_sensors.py
[2026-06-03T12:30:16.537+0000] {processor.py:840} INFO - DAG(s) 'example_sensors' retrieved from /home/airflow/.local/lib/python3.8/site-packages/airflow/example_dags/example_sensors.py
[2026-06-03T12:30:16.573+0000] {logging_mixin.py:188} INFO - [2026-06-03T12:30:16.573+0000] {dag.py:3033} INFO - Sync 1 DAGs
[2026-06-03T12:30:16.583+0000] {logging_mixin.py:188} INFO - [2026-06-03T12:30:16.583+0000] {dag.py:3820} INFO - Setting next_dagrun for example_sensors to None, run_after=None
[2026-06-03T12:30:16.598+0000] {processor.py:183} INFO - Processing /home/airflow/.local/lib/python3.8/site-packages/airflow/example_dags/example_sensors.py took 0.108 seconds
[2026-06-03T12:30:47.129+0000] {processor.py:161} INFO - Started process (PID=4671) to work on /home/airflow/.local/lib/python3.8/site-packages/airflow/example_dags/example_sensors.py
[2026-06-03T12:30:47.132+0000] {processor.py:830} INFO - Processing file /home/airflow/.local/lib/python3.8/site-packages/airflow/example_dags/example_sensors.py for tasks to queue
[2026-06-03T12:30:47.152+0000] {logging_mixin.py:188} INFO - [2026-06-03T12:30:47.151+0000] {dagbag.py:538} INFO - Filling up the DagBag from /home/airflow/.local/lib/python3.8/site-packages/airflow/example_dags/example_sensors.py
[2026-06-03T12:30:47.180+0000] {processor.py:840} INFO - DAG(s) 'example_sensors' retrieved from /home/airflow/.local/lib/python3.8/site-packages/airflow/example_dags/example_sensors.py
[2026-06-03T12:30:47.206+0000] {logging_mixin.py:188} INFO - [2026-06-03T12:30:47.205+0000] {dag.py:3033} INFO - Sync 1 DAGs
[2026-06-03T12:30:47.231+0000] {logging_mixin.py:188} INFO - [2026-06-03T12:30:47.231+0000] {dag.py:3820} INFO - Setting next_dagrun for example_sensors to None, run_after=None
[2026-06-03T12:30:47.247+0000] {processor.py:183} INFO - Processing /home/airflow/.local/lib/python3.8/site-packages/airflow/example_dags/example_sensors.py took 0.129 seconds
[2026-06-03T12:31:17.744+0000] {processor.py:161} INFO - Started process (PID=4727) to work on /home/airflow/.local/lib/python3.8/site-packages/airflow/example_dags/example_sensors.py
[2026-06-03T12:31:17.748+0000] {processor.py:830} INFO - Processing file /home/airflow/.local/lib/python3.8/site-packages/airflow/example_dags/example_sensors.py for tasks to queue
[2026-06-03T12:31:17.754+0000] {logging_mixin.py:188} INFO - [2026-06-03T12:31:17.753+0000] {dagbag.py:538} INFO - Filling up the DagBag from /home/airflow/.local/lib/python3.8/site-packages/airflow/example_dags/example_sensors.py
[2026-06-03T12:31:17.784+0000] {processor.py:840} INFO - DAG(s) 'example_sensors' retrieved from /home/airflow/.local/lib/python3.8/site-packages/airflow/example_dags/example_sensors.py
[2026-06-03T12:31:17.816+0000] {logging_mixin.py:188} INFO - [2026-06-03T12:31:17.816+0000] {dag.py:3033} INFO - Sync 1 DAGs
[2026-06-03T12:31:17.836+0000] {logging_mixin.py:188} INFO - [2026-06-03T12:31:17.836+0000] {dag.py:3820} INFO - Setting next_dagrun for example_sensors to None, run_after=None
[2026-06-03T12:31:17.856+0000] {processor.py:183} INFO - Processing /home/airflow/.local/lib/python3.8/site-packages/airflow/example_dags/example_sensors.py took 0.124 seconds
[2026-06-03T12:31:48.379+0000] {processor.py:161} INFO - Started process (PID=4783) to work on /home/airflow/.local/lib/python3.8/site-packages/airflow/example_dags/example_sensors.py
[2026-06-03T12:31:48.383+0000] {processor.py:830} INFO - Processing file /home/airflow/.local/lib/python3.8/site-packages/airflow/example_dags/example_sensors.py for tasks to queue
[2026-06-03T12:31:48.396+0000] {logging_mixin.py:188} INFO - [2026-06-03T12:31:48.396+0000] {dagbag.py:538} INFO - Filling up the DagBag from /home/airflow/.local/lib/python3.8/site-packages/airflow/example_dags/example_sensors.py
[2026-06-03T12:31:48.409+0000] {processor.py:840} INFO - DAG(s) 'example_sensors' retrieved from /home/airflow/.local/lib/python3.8/site-packages/airflow/example_dags/example_sensors.py
[2026-06-03T12:31:48.438+0000] {logging_mixin.py:188} INFO - [2026-06-03T12:31:48.438+0000] {dag.py:3033} INFO - Sync 1 DAGs
[2026-06-03T12:31:48.451+0000] {logging_mixin.py:188} INFO - [2026-06-03T12:31:48.451+0000] {dag.py:3820} INFO - Setting next_dagrun for example_sensors to None, run_after=None
[2026-06-03T12:31:48.476+0000] {processor.py:183} INFO - Processing /home/airflow/.local/lib/python3.8/site-packages/airflow/example_dags/example_sensors.py took 0.112 seconds
[2026-06-03T12:32:18.562+0000] {processor.py:161} INFO - Started process (PID=4839) to work on /home/airflow/.local/lib/python3.8/site-packages/airflow/example_dags/example_sensors.py
[2026-06-03T12:32:18.565+0000] {processor.py:830} INFO - Processing file /home/airflow/.local/lib/python3.8/site-packages/airflow/example_dags/example_sensors.py for tasks to queue
[2026-06-03T12:32:18.575+0000] {logging_mixin.py:188} INFO - [2026-06-03T12:32:18.574+0000] {dagbag.py:538} INFO - Filling up the DagBag from /home/airflow/.local/lib/python3.8/site-packages/airflow/example_dags/example_sensors.py
[2026-06-03T12:32:18.605+0000] {processor.py:840} INFO - DAG(s) 'example_sensors' retrieved from /home/airflow/.local/lib/python3.8/site-packages/airflow/example_dags/example_sensors.py
[2026-06-03T12:32:18.649+0000] {logging_mixin.py:188} INFO - [2026-06-03T12:32:18.649+0000] {dag.py:3033} INFO - Sync 1 DAGs
[2026-06-03T12:32:18.664+0000] {logging_mixin.py:188} INFO - [2026-06-03T12:32:18.663+0000] {dag.py:3820} INFO - Setting next_dagrun for example_sensors to None, run_after=None
[2026-06-03T12:32:18.685+0000] {processor.py:183} INFO - Processing /home/airflow/.local/lib/python3.8/site-packages/airflow/example_dags/example_sensors.py took 0.140 seconds
[2026-06-03T12:32:49.079+0000] {processor.py:161} INFO - Started process (PID=4895) to work on /home/airflow/.local/lib/python3.8/site-packages/airflow/example_dags/example_sensors.py
[2026-06-03T12:32:49.081+0000] {processor.py:830} INFO - Processing file /home/airflow/.local/lib/python3.8/site-packages/airflow/example_dags/example_sensors.py for tasks to queue
[2026-06-03T12:32:49.093+0000] {logging_mixin.py:188} INFO - [2026-06-03T12:32:49.092+0000] {dagbag.py:538} INFO - Filling up the DagBag from /home/airflow/.local/lib/python3.8/site-packages/airflow/example_dags/example_sensors.py
[2026-06-03T12:32:49.112+0000] {processor.py:840} INFO - DAG(s) 'example_sensors' retrieved from /home/airflow/.local/lib/python3.8/site-packages/airflow/example_dags/example_sensors.py
[2026-06-03T12:32:49.152+0000] {logging_mixin.py:188} INFO - [2026-06-03T12:32:49.152+0000] {dag.py:3033} INFO - Sync 1 DAGs
[2026-06-03T12:32:49.161+0000] {logging_mixin.py:188} INFO - [2026-06-03T12:32:49.161+0000] {dag.py:3820} INFO - Setting next_dagrun for example_sensors to None, run_after=None
[2026-06-03T12:32:49.175+0000] {processor.py:183} INFO - Processing /home/airflow/.local/lib/python3.8/site-packages/airflow/example_dags/example_sensors.py took 0.114 seconds
[2026-06-03T12:33:19.255+0000] {processor.py:161} INFO - Started process (PID=4951) to work on /home/airflow/.local/lib/python3.8/site-packages/airflow/example_dags/example_sensors.py
[2026-06-03T12:33:19.257+0000] {processor.py:830} INFO - Processing file /home/airflow/.local/lib/python3.8/site-packages/airflow/example_dags/example_sensors.py for tasks to queue
[2026-06-03T12:33:19.265+0000] {logging_mixin.py:188} INFO - [2026-06-03T12:33:19.264+0000] {dagbag.py:538} INFO - Filling up the DagBag from /home/airflow/.local/lib/python3.8/site-packages/airflow/example_dags/example_sensors.py
[2026-06-03T12:33:19.291+0000] {processor.py:840} INFO - DAG(s) 'example_sensors' retrieved from /home/airflow/.local/lib/python3.8/site-packages/airflow/example_dags/example_sensors.py
[2026-06-03T12:33:19.320+0000] {logging_mixin.py:188} INFO - [2026-06-03T12:33:19.320+0000] {dag.py:3033} INFO - Sync 1 DAGs
[2026-06-03T12:33:19.332+0000] {logging_mixin.py:188} INFO - [2026-06-03T12:33:19.332+0000] {dag.py:3820} INFO - Setting next_dagrun for example_sensors to None, run_after=None
[2026-06-03T12:33:19.358+0000] {processor.py:183} INFO - Processing /home/airflow/.local/lib/python3.8/site-packages/airflow/example_dags/example_sensors.py took 0.109 seconds
[2026-06-03T12:33:49.636+0000] {processor.py:161} INFO - Started process (PID=5007) to work on /home/airflow/.local/lib/python3.8/site-packages/airflow/example_dags/example_sensors.py
[2026-06-03T12:33:49.643+0000] {processor.py:830} INFO - Processing file /home/airflow/.local/lib/python3.8/site-packages/airflow/example_dags/example_sensors.py for tasks to queue
[2026-06-03T12:33:49.659+0000] {logging_mixin.py:188} INFO - [2026-06-03T12:33:49.659+0000] {dagbag.py:538} INFO - Filling up the DagBag from /home/airflow/.local/lib/python3.8/site-packages/airflow/example_dags/example_sensors.py
[2026-06-03T12:33:49.671+0000] {processor.py:840} INFO - DAG(s) 'example_sensors' retrieved from /home/airflow/.local/lib/python3.8/site-packages/airflow/example_dags/example_sensors.py
[2026-06-03T12:33:49.705+0000] {logging_mixin.py:188} INFO - [2026-06-03T12:33:49.705+0000] {dag.py:3033} INFO - Sync 1 DAGs
[2026-06-03T12:33:49.715+0000] {logging_mixin.py:188} INFO - [2026-06-03T12:33:49.715+0000] {dag.py:3820} INFO - Setting next_dagrun for example_sensors to None, run_after=None
[2026-06-03T12:33:49.729+0000] {processor.py:183} INFO - Processing /home/airflow/.local/lib/python3.8/site-packages/airflow/example_dags/example_sensors.py took 0.101 seconds
[2026-06-03T12:34:19.973+0000] {processor.py:161} INFO - Started process (PID=5063) to work on /home/airflow/.local/lib/python3.8/site-packages/airflow/example_dags/example_sensors.py
[2026-06-03T12:34:19.975+0000] {processor.py:830} INFO - Processing file /home/airflow/.local/lib/python3.8/site-packages/airflow/example_dags/example_sensors.py for tasks to queue
[2026-06-03T12:34:19.980+0000] {logging_mixin.py:188} INFO - [2026-06-03T12:34:19.980+0000] {dagbag.py:538} INFO - Filling up the DagBag from /home/airflow/.local/lib/python3.8/site-packages/airflow/example_dags/example_sensors.py
[2026-06-03T12:34:19.998+0000] {processor.py:840} INFO - DAG(s) 'example_sensors' retrieved from /home/airflow/.local/lib/python3.8/site-packages/airflow/example_dags/example_sensors.py
[2026-06-03T12:34:20.030+0000] {logging_mixin.py:188} INFO - [2026-06-03T12:34:20.030+0000] {dag.py:3033} INFO - Sync 1 DAGs
[2026-06-03T12:34:20.038+0000] {logging_mixin.py:188} INFO - [2026-06-03T12:34:20.038+0000] {dag.py:3820} INFO - Setting next_dagrun for example_sensors to None, run_after=None
[2026-06-03T12:34:20.055+0000] {processor.py:183} INFO - Processing /home/airflow/.local/lib/python3.8/site-packages/airflow/example_dags/example_sensors.py took 0.090 seconds
[2026-06-03T12:34:50.445+0000] {processor.py:161} INFO - Started process (PID=5119) to work on /home/airflow/.local/lib/python3.8/site-packages/airflow/example_dags/example_sensors.py
[2026-06-03T12:34:50.451+0000] {processor.py:830} INFO - Processing file /home/airflow/.local/lib/python3.8/site-packages/airflow/example_dags/example_sensors.py for tasks to queue
[2026-06-03T12:34:50.463+0000] {logging_mixin.py:188} INFO - [2026-06-03T12:34:50.463+0000] {dagbag.py:538} INFO - Filling up the DagBag from /home/airflow/.local/lib/python3.8/site-packages/airflow/example_dags/example_sensors.py
[2026-06-03T12:34:50.476+0000] {processor.py:840} INFO - DAG(s) 'example_sensors' retrieved from /home/airflow/.local/lib/python3.8/site-packages/airflow/example_dags/example_sensors.py
[2026-06-03T12:34:50.509+0000] {logging_mixin.py:188} INFO - [2026-06-03T12:34:50.509+0000] {dag.py:3033} INFO - Sync 1 DAGs
[2026-06-03T12:34:50.519+0000] {logging_mixin.py:188} INFO - [2026-06-03T12:34:50.518+0000] {dag.py:3820} INFO - Setting next_dagrun for example_sensors to None, run_after=None
[2026-06-03T12:34:50.531+0000] {processor.py:183} INFO - Processing /home/airflow/.local/lib/python3.8/site-packages/airflow/example_dags/example_sensors.py took 0.105 seconds
[2026-06-03T12:35:20.767+0000] {processor.py:161} INFO - Started process (PID=5175) to work on /home/airflow/.local/lib/python3.8/site-packages/airflow/example_dags/example_sensors.py
[2026-06-03T12:35:20.772+0000] {processor.py:830} INFO - Processing file /home/airflow/.local/lib/python3.8/site-packages/airflow/example_dags/example_sensors.py for tasks to queue
[2026-06-03T12:35:20.789+0000] {logging_mixin.py:188} INFO - [2026-06-03T12:35:20.789+0000] {dagbag.py:538} INFO - Filling up the DagBag from /home/airflow/.local/lib/python3.8/site-packages/airflow/example_dags/example_sensors.py
[2026-06-03T12:35:20.808+0000] {processor.py:840} INFO - DAG(s) 'example_sensors' retrieved from /home/airflow/.local/lib/python3.8/site-packages/airflow/example_dags/example_sensors.py
[2026-06-03T12:35:20.843+0000] {logging_mixin.py:188} INFO - [2026-06-03T12:35:20.843+0000] {dag.py:3033} INFO - Sync 1 DAGs
[2026-06-03T12:35:20.853+0000] {logging_mixin.py:188} INFO - [2026-06-03T12:35:20.853+0000] {dag.py:3820} INFO - Setting next_dagrun for example_sensors to None, run_after=None
[2026-06-03T12:35:20.867+0000] {processor.py:183} INFO - Processing /home/airflow/.local/lib/python3.8/site-packages/airflow/example_dags/example_sensors.py took 0.107 seconds
[2026-06-03T12:35:50.975+0000] {processor.py:161} INFO - Started process (PID=5231) to work on /home/airflow/.local/lib/python3.8/site-packages/airflow/example_dags/example_sensors.py
[2026-06-03T12:35:50.976+0000] {processor.py:830} INFO - Processing file /home/airflow/.local/lib/python3.8/site-packages/airflow/example_dags/example_sensors.py for tasks to queue
[2026-06-03T12:35:50.981+0000] {logging_mixin.py:188} INFO - [2026-06-03T12:35:50.980+0000] {dagbag.py:538} INFO - Filling up the DagBag from /home/airflow/.local/lib/python3.8/site-packages/airflow/example_dags/example_sensors.py
[2026-06-03T12:35:50.992+0000] {processor.py:840} INFO - DAG(s) 'example_sensors' retrieved from /home/airflow/.local/lib/python3.8/site-packages/airflow/example_dags/example_sensors.py
[2026-06-03T12:35:51.024+0000] {logging_mixin.py:188} INFO - [2026-06-03T12:35:51.024+0000] {dag.py:3033} INFO - Sync 1 DAGs
[2026-06-03T12:35:51.032+0000] {logging_mixin.py:188} INFO - [2026-06-03T12:35:51.032+0000] {dag.py:3820} INFO - Setting next_dagrun for example_sensors to None, run_after=None
[2026-06-03T12:35:51.045+0000] {processor.py:183} INFO - Processing /home/airflow/.local/lib/python3.8/site-packages/airflow/example_dags/example_sensors.py took 0.076 seconds
[2026-06-03T12:36:21.199+0000] {processor.py:161} INFO - Started process (PID=5287) to work on /home/airflow/.local/lib/python3.8/site-packages/airflow/example_dags/example_sensors.py
[2026-06-03T12:36:21.203+0000] {processor.py:830} INFO - Processing file /home/airflow/.local/lib/python3.8/site-packages/airflow/example_dags/example_sensors.py for tasks to queue
[2026-06-03T12:36:21.212+0000] {logging_mixin.py:188} INFO - [2026-06-03T12:36:21.212+0000] {dagbag.py:538} INFO - Filling up the DagBag from /home/airflow/.local/lib/python3.8/site-packages/airflow/example_dags/example_sensors.py
[2026-06-03T12:36:21.228+0000] {processor.py:840} INFO - DAG(s) 'example_sensors' retrieved from /home/airflow/.local/lib/python3.8/site-packages/airflow/example_dags/example_sensors.py
[2026-06-03T12:36:21.287+0000] {logging_mixin.py:188} INFO - [2026-06-03T12:36:21.287+0000] {dag.py:3033} INFO - Sync 1 DAGs
[2026-06-03T12:36:21.298+0000] {logging_mixin.py:188} INFO - [2026-06-03T12:36:21.298+0000] {dag.py:3820} INFO - Setting next_dagrun for example_sensors to None, run_after=None
[2026-06-03T12:36:21.316+0000] {processor.py:183} INFO - Processing /home/airflow/.local/lib/python3.8/site-packages/airflow/example_dags/example_sensors.py took 0.130 seconds
[2026-06-03T12:36:51.520+0000] {processor.py:161} INFO - Started process (PID=5343) to work on /home/airflow/.local/lib/python3.8/site-packages/airflow/example_dags/example_sensors.py
[2026-06-03T12:36:51.522+0000] {processor.py:830} INFO - Processing file /home/airflow/.local/lib/python3.8/site-packages/airflow/example_dags/example_sensors.py for tasks to queue
[2026-06-03T12:36:51.526+0000] {logging_mixin.py:188} INFO - [2026-06-03T12:36:51.526+0000] {dagbag.py:538} INFO - Filling up the DagBag from /home/airflow/.local/lib/python3.8/site-packages/airflow/example_dags/example_sensors.py
[2026-06-03T12:36:51.537+0000] {processor.py:840} INFO - DAG(s) 'example_sensors' retrieved from /home/airflow/.local/lib/python3.8/site-packages/airflow/example_dags/example_sensors.py
[2026-06-03T12:36:51.562+0000] {logging_mixin.py:188} INFO - [2026-06-03T12:36:51.562+0000] {dag.py:3033} INFO - Sync 1 DAGs
[2026-06-03T12:36:51.586+0000] {logging_mixin.py:188} INFO - [2026-06-03T12:36:51.586+0000] {dag.py:3820} INFO - Setting next_dagrun for example_sensors to None, run_after=None
[2026-06-03T12:36:51.603+0000] {processor.py:183} INFO - Processing /home/airflow/.local/lib/python3.8/site-packages/airflow/example_dags/example_sensors.py took 0.091 seconds
[2026-06-03T12:37:21.739+0000] {processor.py:161} INFO - Started process (PID=5399) to work on /home/airflow/.local/lib/python3.8/site-packages/airflow/example_dags/example_sensors.py
[2026-06-03T12:37:21.741+0000] {processor.py:830} INFO - Processing file /home/airflow/.local/lib/python3.8/site-packages/airflow/example_dags/example_sensors.py for tasks to queue
[2026-06-03T12:37:21.744+0000] {logging_mixin.py:188} INFO - [2026-06-03T12:37:21.744+0000] {dagbag.py:538} INFO - Filling up the DagBag from /home/airflow/.local/lib/python3.8/site-packages/airflow/example_dags/example_sensors.py
[2026-06-03T12:37:21.753+0000] {processor.py:840} INFO - DAG(s) 'example_sensors' retrieved from /home/airflow/.local/lib/python3.8/site-packages/airflow/example_dags/example_sensors.py
[2026-06-03T12:37:21.781+0000] {logging_mixin.py:188} INFO - [2026-06-03T12:37:21.781+0000] {dag.py:3033} INFO - Sync 1 DAGs
[2026-06-03T12:37:21.795+0000] {logging_mixin.py:188} INFO - [2026-06-03T12:37:21.795+0000] {dag.py:3820} INFO - Setting next_dagrun for example_sensors to None, run_after=None
[2026-06-03T12:37:21.811+0000] {processor.py:183} INFO - Processing /home/airflow/.local/lib/python3.8/site-packages/airflow/example_dags/example_sensors.py took 0.079 seconds
[2026-06-03T12:37:52.158+0000] {processor.py:161} INFO - Started process (PID=5455) to work on /home/airflow/.local/lib/python3.8/site-packages/airflow/example_dags/example_sensors.py
[2026-06-03T12:37:52.159+0000] {processor.py:830} INFO - Processing file /home/airflow/.local/lib/python3.8/site-packages/airflow/example_dags/example_sensors.py for tasks to queue
[2026-06-03T12:37:52.162+0000] {logging_mixin.py:188} INFO - [2026-06-03T12:37:52.162+0000] {dagbag.py:538} INFO - Filling up the DagBag from /home/airflow/.local/lib/python3.8/site-packages/airflow/example_dags/example_sensors.py
[2026-06-03T12:37:52.172+0000] {processor.py:840} INFO - DAG(s) 'example_sensors' retrieved from /home/airflow/.local/lib/python3.8/site-packages/airflow/example_dags/example_sensors.py
[2026-06-03T12:37:52.201+0000] {logging_mixin.py:188} INFO - [2026-06-03T12:37:52.201+0000] {dag.py:3033} INFO - Sync 1 DAGs
[2026-06-03T12:37:52.217+0000] {logging_mixin.py:188} INFO - [2026-06-03T12:37:52.217+0000] {dag.py:3820} INFO - Setting next_dagrun for example_sensors to None, run_after=None
[2026-06-03T12:37:52.231+0000] {processor.py:183} INFO - Processing /home/airflow/.local/lib/python3.8/site-packages/airflow/example_dags/example_sensors.py took 0.084 seconds
[2026-06-03T12:38:22.491+0000] {processor.py:161} INFO - Started process (PID=5511) to work on /home/airflow/.local/lib/python3.8/site-packages/airflow/example_dags/example_sensors.py
[2026-06-03T12:38:22.493+0000] {processor.py:830} INFO - Processing file /home/airflow/.local/lib/python3.8/site-packages/airflow/example_dags/example_sensors.py for tasks to queue
[2026-06-03T12:38:22.499+0000] {logging_mixin.py:188} INFO - [2026-06-03T12:38:22.498+0000] {dagbag.py:538} INFO - Filling up the DagBag from /home/airflow/.local/lib/python3.8/site-packages/airflow/example_dags/example_sensors.py
[2026-06-03T12:38:22.511+0000] {processor.py:840} INFO - DAG(s) 'example_sensors' retrieved from /home/airflow/.local/lib/python3.8/site-packages/airflow/example_dags/example_sensors.py
[2026-06-03T12:38:22.561+0000] {logging_mixin.py:188} INFO - [2026-06-03T12:38:22.561+0000] {dag.py:3033} INFO - Sync 1 DAGs
[2026-06-03T12:38:22.572+0000] {logging_mixin.py:188} INFO - [2026-06-03T12:38:22.572+0000] {dag.py:3820} INFO - Setting next_dagrun for example_sensors to None, run_after=None
[2026-06-03T12:38:22.590+0000] {processor.py:183} INFO - Processing /home/airflow/.local/lib/python3.8/site-packages/airflow/example_dags/example_sensors.py took 0.114 seconds
[2026-06-03T12:38:52.896+0000] {processor.py:161} INFO - Started process (PID=5567) to work on /home/airflow/.local/lib/python3.8/site-packages/airflow/example_dags/example_sensors.py
[2026-06-03T12:38:52.898+0000] {processor.py:830} INFO - Processing file /home/airflow/.local/lib/python3.8/site-packages/airflow/example_dags/example_sensors.py for tasks to queue
[2026-06-03T12:38:52.929+0000] {logging_mixin.py:188} INFO - [2026-06-03T12:38:52.921+0000] {dagbag.py:538} INFO - Filling up the DagBag from /home/airflow/.local/lib/python3.8/site-packages/airflow/example_dags/example_sensors.py
[2026-06-03T12:38:53.057+0000] {processor.py:840} INFO - DAG(s) 'example_sensors' retrieved from /home/airflow/.local/lib/python3.8/site-packages/airflow/example_dags/example_sensors.py
[2026-06-03T12:38:53.176+0000] {logging_mixin.py:188} INFO - [2026-06-03T12:38:53.174+0000] {dag.py:3033} INFO - Sync 1 DAGs
[2026-06-03T12:38:53.208+0000] {logging_mixin.py:188} INFO - [2026-06-03T12:38:53.207+0000] {dag.py:3820} INFO - Setting next_dagrun for example_sensors to None, run_after=None
[2026-06-03T12:38:53.261+0000] {processor.py:183} INFO - Processing /home/airflow/.local/lib/python3.8/site-packages/airflow/example_dags/example_sensors.py took 0.380 seconds
[2026-06-03T12:39:23.458+0000] {processor.py:161} INFO - Started process (PID=5629) to work on /home/airflow/.local/lib/python3.8/site-packages/airflow/example_dags/example_sensors.py
[2026-06-03T12:39:23.462+0000] {processor.py:830} INFO - Processing file /home/airflow/.local/lib/python3.8/site-packages/airflow/example_dags/example_sensors.py for tasks to queue
[2026-06-03T12:39:23.476+0000] {logging_mixin.py:188} INFO - [2026-06-03T12:39:23.471+0000] {dagbag.py:538} INFO - Filling up the DagBag from /home/airflow/.local/lib/python3.8/site-packages/airflow/example_dags/example_sensors.py
[2026-06-03T12:39:23.498+0000] {processor.py:840} INFO - DAG(s) 'example_sensors' retrieved from /home/airflow/.local/lib/python3.8/site-packages/airflow/example_dags/example_sensors.py
[2026-06-03T12:39:23.522+0000] {logging_mixin.py:188} INFO - [2026-06-03T12:39:23.522+0000] {dag.py:3033} INFO - Sync 1 DAGs
[2026-06-03T12:39:23.530+0000] {logging_mixin.py:188} INFO - [2026-06-03T12:39:23.530+0000] {dag.py:3820} INFO - Setting next_dagrun for example_sensors to None, run_after=None
[2026-06-03T12:39:23.543+0000] {processor.py:183} INFO - Processing /home/airflow/.local/lib/python3.8/site-packages/airflow/example_dags/example_sensors.py took 0.092 seconds
[2026-06-03T12:39:53.881+0000] {processor.py:161} INFO - Started process (PID=5685) to work on /home/airflow/.local/lib/python3.8/site-packages/airflow/example_dags/example_sensors.py
[2026-06-03T12:39:53.885+0000] {processor.py:830} INFO - Processing file /home/airflow/.local/lib/python3.8/site-packages/airflow/example_dags/example_sensors.py for tasks to queue
[2026-06-03T12:39:53.891+0000] {logging_mixin.py:188} INFO - [2026-06-03T12:39:53.891+0000] {dagbag.py:538} INFO - Filling up the DagBag from /home/airflow/.local/lib/python3.8/site-packages/airflow/example_dags/example_sensors.py
[2026-06-03T12:39:53.904+0000] {processor.py:840} INFO - DAG(s) 'example_sensors' retrieved from /home/airflow/.local/lib/python3.8/site-packages/airflow/example_dags/example_sensors.py
[2026-06-03T12:39:53.939+0000] {logging_mixin.py:188} INFO - [2026-06-03T12:39:53.939+0000] {dag.py:3033} INFO - Sync 1 DAGs
[2026-06-03T12:39:53.962+0000] {logging_mixin.py:188} INFO - [2026-06-03T12:39:53.962+0000] {dag.py:3820} INFO - Setting next_dagrun for example_sensors to None, run_after=None
[2026-06-03T12:39:53.976+0000] {processor.py:183} INFO - Processing /home/airflow/.local/lib/python3.8/site-packages/airflow/example_dags/example_sensors.py took 0.122 seconds
[2026-06-03T12:40:24.037+0000] {processor.py:161} INFO - Started process (PID=5741) to work on /home/airflow/.local/lib/python3.8/site-packages/airflow/example_dags/example_sensors.py
[2026-06-03T12:40:24.039+0000] {processor.py:830} INFO - Processing file /home/airflow/.local/lib/python3.8/site-packages/airflow/example_dags/example_sensors.py for tasks to queue
[2026-06-03T12:40:24.043+0000] {logging_mixin.py:188} INFO - [2026-06-03T12:40:24.043+0000] {dagbag.py:538} INFO - Filling up the DagBag from /home/airflow/.local/lib/python3.8/site-packages/airflow/example_dags/example_sensors.py
[2026-06-03T12:40:24.072+0000] {processor.py:840} INFO - DAG(s) 'example_sensors' retrieved from /home/airflow/.local/lib/python3.8/site-packages/airflow/example_dags/example_sensors.py
[2026-06-03T12:40:24.106+0000] {logging_mixin.py:188} INFO - [2026-06-03T12:40:24.106+0000] {dag.py:3033} INFO - Sync 1 DAGs
[2026-06-03T12:40:24.116+0000] {logging_mixin.py:188} INFO - [2026-06-03T12:40:24.116+0000] {dag.py:3820} INFO - Setting next_dagrun for example_sensors to None, run_after=None
[2026-06-03T12:40:24.141+0000] {processor.py:183} INFO - Processing /home/airflow/.local/lib/python3.8/site-packages/airflow/example_dags/example_sensors.py took 0.110 seconds
[2026-06-03T12:40:54.403+0000] {processor.py:161} INFO - Started process (PID=5797) to work on /home/airflow/.local/lib/python3.8/site-packages/airflow/example_dags/example_sensors.py
[2026-06-03T12:40:54.407+0000] {processor.py:830} INFO - Processing file /home/airflow/.local/lib/python3.8/site-packages/airflow/example_dags/example_sensors.py for tasks to queue
[2026-06-03T12:40:54.415+0000] {logging_mixin.py:188} INFO - [2026-06-03T12:40:54.414+0000] {dagbag.py:538} INFO - Filling up the DagBag from /home/airflow/.local/lib/python3.8/site-packages/airflow/example_dags/example_sensors.py
[2026-06-03T12:40:54.438+0000] {processor.py:840} INFO - DAG(s) 'example_sensors' retrieved from /home/airflow/.local/lib/python3.8/site-packages/airflow/example_dags/example_sensors.py
[2026-06-03T12:40:54.477+0000] {logging_mixin.py:188} INFO - [2026-06-03T12:40:54.477+0000] {dag.py:3033} INFO - Sync 1 DAGs
[2026-06-03T12:40:54.492+0000] {logging_mixin.py:188} INFO - [2026-06-03T12:40:54.492+0000] {dag.py:3820} INFO - Setting next_dagrun for example_sensors to None, run_after=None
[2026-06-03T12:40:54.509+0000] {processor.py:183} INFO - Processing /home/airflow/.local/lib/python3.8/site-packages/airflow/example_dags/example_sensors.py took 0.127 seconds
[2026-06-03T12:41:24.691+0000] {processor.py:161} INFO - Started process (PID=5853) to work on /home/airflow/.local/lib/python3.8/site-packages/airflow/example_dags/example_sensors.py
[2026-06-03T12:41:24.693+0000] {processor.py:830} INFO - Processing file /home/airflow/.local/lib/python3.8/site-packages/airflow/example_dags/example_sensors.py for tasks to queue
[2026-06-03T12:41:24.695+0000] {logging_mixin.py:188} INFO - [2026-06-03T12:41:24.694+0000] {dagbag.py:538} INFO - Filling up the DagBag from /home/airflow/.local/lib/python3.8/site-packages/airflow/example_dags/example_sensors.py
[2026-06-03T12:41:24.702+0000] {processor.py:840} INFO - DAG(s) 'example_sensors' retrieved from /home/airflow/.local/lib/python3.8/site-packages/airflow/example_dags/example_sensors.py
[2026-06-03T12:41:24.721+0000] {logging_mixin.py:188} INFO - [2026-06-03T12:41:24.720+0000] {dag.py:3033} INFO - Sync 1 DAGs
[2026-06-03T12:41:24.734+0000] {logging_mixin.py:188} INFO - [2026-06-03T12:41:24.734+0000] {dag.py:3820} INFO - Setting next_dagrun for example_sensors to None, run_after=None
[2026-06-03T12:41:24.748+0000] {processor.py:183} INFO - Processing /home/airflow/.local/lib/python3.8/site-packages/airflow/example_dags/example_sensors.py took 0.070 seconds
[2026-06-03T12:41:55.565+0000] {processor.py:161} INFO - Started process (PID=5910) to work on /home/airflow/.local/lib/python3.8/site-packages/airflow/example_dags/example_sensors.py
[2026-06-03T12:41:55.566+0000] {processor.py:830} INFO - Processing file /home/airflow/.local/lib/python3.8/site-packages/airflow/example_dags/example_sensors.py for tasks to queue
[2026-06-03T12:41:55.581+0000] {logging_mixin.py:188} INFO - [2026-06-03T12:41:55.581+0000] {dagbag.py:538} INFO - Filling up the DagBag from /home/airflow/.local/lib/python3.8/site-packages/airflow/example_dags/example_sensors.py
[2026-06-03T12:41:55.599+0000] {processor.py:840} INFO - DAG(s) 'example_sensors' retrieved from /home/airflow/.local/lib/python3.8/site-packages/airflow/example_dags/example_sensors.py
[2026-06-03T12:41:55.647+0000] {logging_mixin.py:188} INFO - [2026-06-03T12:41:55.647+0000] {dag.py:3033} INFO - Sync 1 DAGs
[2026-06-03T12:41:55.660+0000] {logging_mixin.py:188} INFO - [2026-06-03T12:41:55.660+0000] {dag.py:3820} INFO - Setting next_dagrun for example_sensors to None, run_after=None
[2026-06-03T12:41:55.687+0000] {processor.py:183} INFO - Processing /home/airflow/.local/lib/python3.8/site-packages/airflow/example_dags/example_sensors.py took 0.130 seconds
[2026-06-03T12:42:26.369+0000] {processor.py:161} INFO - Started process (PID=5966) to work on /home/airflow/.local/lib/python3.8/site-packages/airflow/example_dags/example_sensors.py
[2026-06-03T12:42:26.370+0000] {processor.py:830} INFO - Processing file /home/airflow/.local/lib/python3.8/site-packages/airflow/example_dags/example_sensors.py for tasks to queue
[2026-06-03T12:42:26.371+0000] {logging_mixin.py:188} INFO - [2026-06-03T12:42:26.371+0000] {dagbag.py:538} INFO - Filling up the DagBag from /home/airflow/.local/lib/python3.8/site-packages/airflow/example_dags/example_sensors.py
[2026-06-03T12:42:26.378+0000] {processor.py:840} INFO - DAG(s) 'example_sensors' retrieved from /home/airflow/.local/lib/python3.8/site-packages/airflow/example_dags/example_sensors.py
[2026-06-03T12:42:26.428+0000] {logging_mixin.py:188} INFO - [2026-06-03T12:42:26.428+0000] {dag.py:3033} INFO - Sync 1 DAGs
[2026-06-03T12:42:26.455+0000] {logging_mixin.py:188} INFO - [2026-06-03T12:42:26.455+0000] {dag.py:3820} INFO - Setting next_dagrun for example_sensors to None, run_after=None
[2026-06-03T12:42:26.476+0000] {processor.py:183} INFO - Processing /home/airflow/.local/lib/python3.8/site-packages/airflow/example_dags/example_sensors.py took 0.110 seconds
[2026-06-03T12:42:56.861+0000] {processor.py:161} INFO - Started process (PID=6022) to work on /home/airflow/.local/lib/python3.8/site-packages/airflow/example_dags/example_sensors.py
[2026-06-03T12:42:56.864+0000] {processor.py:830} INFO - Processing file /home/airflow/.local/lib/python3.8/site-packages/airflow/example_dags/example_sensors.py for tasks to queue
[2026-06-03T12:42:56.867+0000] {logging_mixin.py:188} INFO - [2026-06-03T12:42:56.867+0000] {dagbag.py:538} INFO - Filling up the DagBag from /home/airflow/.local/lib/python3.8/site-packages/airflow/example_dags/example_sensors.py
[2026-06-03T12:42:56.878+0000] {processor.py:840} INFO - DAG(s) 'example_sensors' retrieved from /home/airflow/.local/lib/python3.8/site-packages/airflow/example_dags/example_sensors.py
[2026-06-03T12:42:56.907+0000] {logging_mixin.py:188} INFO - [2026-06-03T12:42:56.907+0000] {dag.py:3033} INFO - Sync 1 DAGs
[2026-06-03T12:42:56.916+0000] {logging_mixin.py:188} INFO - [2026-06-03T12:42:56.916+0000] {dag.py:3820} INFO - Setting next_dagrun for example_sensors to None, run_after=None
[2026-06-03T12:42:56.928+0000] {processor.py:183} INFO - Processing /home/airflow/.local/lib/python3.8/site-packages/airflow/example_dags/example_sensors.py took 0.073 seconds
[2026-06-03T12:43:27.785+0000] {processor.py:161} INFO - Started process (PID=6078) to work on /home/airflow/.local/lib/python3.8/site-packages/airflow/example_dags/example_sensors.py
[2026-06-03T12:43:27.790+0000] {processor.py:830} INFO - Processing file /home/airflow/.local/lib/python3.8/site-packages/airflow/example_dags/example_sensors.py for tasks to queue
[2026-06-03T12:43:27.821+0000] {logging_mixin.py:188} INFO - [2026-06-03T12:43:27.819+0000] {dagbag.py:538} INFO - Filling up the DagBag from /home/airflow/.local/lib/python3.8/site-packages/airflow/example_dags/example_sensors.py
[2026-06-03T12:43:27.843+0000] {processor.py:840} INFO - DAG(s) 'example_sensors' retrieved from /home/airflow/.local/lib/python3.8/site-packages/airflow/example_dags/example_sensors.py
[2026-06-03T12:43:27.891+0000] {logging_mixin.py:188} INFO - [2026-06-03T12:43:27.891+0000] {dag.py:3033} INFO - Sync 1 DAGs
[2026-06-03T12:43:27.954+0000] {logging_mixin.py:188} INFO - [2026-06-03T12:43:27.953+0000] {dag.py:3820} INFO - Setting next_dagrun for example_sensors to None, run_after=None
[2026-06-03T12:43:28.043+0000] {processor.py:183} INFO - Processing /home/airflow/.local/lib/python3.8/site-packages/airflow/example_dags/example_sensors.py took 0.271 seconds
[2026-06-03T12:43:58.306+0000] {processor.py:161} INFO - Started process (PID=6135) to work on /home/airflow/.local/lib/python3.8/site-packages/airflow/example_dags/example_sensors.py
[2026-06-03T12:43:58.309+0000] {processor.py:830} INFO - Processing file /home/airflow/.local/lib/python3.8/site-packages/airflow/example_dags/example_sensors.py for tasks to queue
[2026-06-03T12:43:58.315+0000] {logging_mixin.py:188} INFO - [2026-06-03T12:43:58.315+0000] {dagbag.py:538} INFO - Filling up the DagBag from /home/airflow/.local/lib/python3.8/site-packages/airflow/example_dags/example_sensors.py
[2026-06-03T12:43:58.354+0000] {processor.py:840} INFO - DAG(s) 'example_sensors' retrieved from /home/airflow/.local/lib/python3.8/site-packages/airflow/example_dags/example_sensors.py
[2026-06-03T12:43:58.396+0000] {logging_mixin.py:188} INFO - [2026-06-03T12:43:58.396+0000] {dag.py:3033} INFO - Sync 1 DAGs
[2026-06-03T12:43:58.419+0000] {logging_mixin.py:188} INFO - [2026-06-03T12:43:58.419+0000] {dag.py:3820} INFO - Setting next_dagrun for example_sensors to None, run_after=None
[2026-06-03T12:43:58.439+0000] {processor.py:183} INFO - Processing /home/airflow/.local/lib/python3.8/site-packages/airflow/example_dags/example_sensors.py took 0.151 seconds
[2026-06-03T12:44:29.075+0000] {processor.py:161} INFO - Started process (PID=6197) to work on /home/airflow/.local/lib/python3.8/site-packages/airflow/example_dags/example_sensors.py
[2026-06-03T12:44:29.077+0000] {processor.py:830} INFO - Processing file /home/airflow/.local/lib/python3.8/site-packages/airflow/example_dags/example_sensors.py for tasks to queue
[2026-06-03T12:44:29.082+0000] {logging_mixin.py:188} INFO - [2026-06-03T12:44:29.082+0000] {dagbag.py:538} INFO - Filling up the DagBag from /home/airflow/.local/lib/python3.8/site-packages/airflow/example_dags/example_sensors.py
[2026-06-03T12:44:29.101+0000] {processor.py:840} INFO - DAG(s) 'example_sensors' retrieved from /home/airflow/.local/lib/python3.8/site-packages/airflow/example_dags/example_sensors.py
[2026-06-03T12:44:29.128+0000] {logging_mixin.py:188} INFO - [2026-06-03T12:44:29.128+0000] {dag.py:3033} INFO - Sync 1 DAGs
[2026-06-03T12:44:29.140+0000] {logging_mixin.py:188} INFO - [2026-06-03T12:44:29.139+0000] {dag.py:3820} INFO - Setting next_dagrun for example_sensors to None, run_after=None
[2026-06-03T12:44:29.165+0000] {processor.py:183} INFO - Processing /home/airflow/.local/lib/python3.8/site-packages/airflow/example_dags/example_sensors.py took 0.095 seconds
[2026-06-03T12:44:59.489+0000] {processor.py:161} INFO - Started process (PID=6266) to work on /home/airflow/.local/lib/python3.8/site-packages/airflow/example_dags/example_sensors.py
[2026-06-03T12:44:59.491+0000] {processor.py:830} INFO - Processing file /home/airflow/.local/lib/python3.8/site-packages/airflow/example_dags/example_sensors.py for tasks to queue
[2026-06-03T12:44:59.493+0000] {logging_mixin.py:188} INFO - [2026-06-03T12:44:59.493+0000] {dagbag.py:538} INFO - Filling up the DagBag from /home/airflow/.local/lib/python3.8/site-packages/airflow/example_dags/example_sensors.py
[2026-06-03T12:44:59.507+0000] {processor.py:840} INFO - DAG(s) 'example_sensors' retrieved from /home/airflow/.local/lib/python3.8/site-packages/airflow/example_dags/example_sensors.py
[2026-06-03T12:44:59.549+0000] {logging_mixin.py:188} INFO - [2026-06-03T12:44:59.549+0000] {dag.py:3033} INFO - Sync 1 DAGs
[2026-06-03T12:44:59.562+0000] {logging_mixin.py:188} INFO - [2026-06-03T12:44:59.561+0000] {dag.py:3820} INFO - Setting next_dagrun for example_sensors to None, run_after=None
[2026-06-03T12:44:59.577+0000] {processor.py:183} INFO - Processing /home/airflow/.local/lib/python3.8/site-packages/airflow/example_dags/example_sensors.py took 0.092 seconds
[2026-06-03T12:45:29.628+0000] {processor.py:161} INFO - Started process (PID=6328) to work on /home/airflow/.local/lib/python3.8/site-packages/airflow/example_dags/example_sensors.py
[2026-06-03T12:45:29.629+0000] {processor.py:830} INFO - Processing file /home/airflow/.local/lib/python3.8/site-packages/airflow/example_dags/example_sensors.py for tasks to queue
[2026-06-03T12:45:29.634+0000] {logging_mixin.py:188} INFO - [2026-06-03T12:45:29.634+0000] {dagbag.py:538} INFO - Filling up the DagBag from /home/airflow/.local/lib/python3.8/site-packages/airflow/example_dags/example_sensors.py
[2026-06-03T12:45:29.661+0000] {processor.py:840} INFO - DAG(s) 'example_sensors' retrieved from /home/airflow/.local/lib/python3.8/site-packages/airflow/example_dags/example_sensors.py
[2026-06-03T12:45:29.701+0000] {logging_mixin.py:188} INFO - [2026-06-03T12:45:29.701+0000] {dag.py:3033} INFO - Sync 1 DAGs
[2026-06-03T12:45:29.721+0000] {logging_mixin.py:188} INFO - [2026-06-03T12:45:29.720+0000] {dag.py:3820} INFO - Setting next_dagrun for example_sensors to None, run_after=None
[2026-06-03T12:45:29.739+0000] {processor.py:183} INFO - Processing /home/airflow/.local/lib/python3.8/site-packages/airflow/example_dags/example_sensors.py took 0.115 seconds
[2026-06-03T12:46:00.385+0000] {processor.py:161} INFO - Started process (PID=6383) to work on /home/airflow/.local/lib/python3.8/site-packages/airflow/example_dags/example_sensors.py
[2026-06-03T12:46:00.389+0000] {processor.py:830} INFO - Processing file /home/airflow/.local/lib/python3.8/site-packages/airflow/example_dags/example_sensors.py for tasks to queue
[2026-06-03T12:46:00.401+0000] {logging_mixin.py:188} INFO - [2026-06-03T12:46:00.400+0000] {dagbag.py:538} INFO - Filling up the DagBag from /home/airflow/.local/lib/python3.8/site-packages/airflow/example_dags/example_sensors.py
[2026-06-03T12:46:00.416+0000] {processor.py:840} INFO - DAG(s) 'example_sensors' retrieved from /home/airflow/.local/lib/python3.8/site-packages/airflow/example_dags/example_sensors.py
[2026-06-03T12:46:00.455+0000] {logging_mixin.py:188} INFO - [2026-06-03T12:46:00.455+0000] {dag.py:3033} INFO - Sync 1 DAGs
[2026-06-03T12:46:00.471+0000] {logging_mixin.py:188} INFO - [2026-06-03T12:46:00.471+0000] {dag.py:3820} INFO - Setting next_dagrun for example_sensors to None, run_after=None
[2026-06-03T12:46:00.486+0000] {processor.py:183} INFO - Processing /home/airflow/.local/lib/python3.8/site-packages/airflow/example_dags/example_sensors.py took 0.110 seconds
[2026-06-03T12:46:31.161+0000] {processor.py:161} INFO - Started process (PID=6439) to work on /home/airflow/.local/lib/python3.8/site-packages/airflow/example_dags/example_sensors.py
[2026-06-03T12:46:31.166+0000] {processor.py:830} INFO - Processing file /home/airflow/.local/lib/python3.8/site-packages/airflow/example_dags/example_sensors.py for tasks to queue
[2026-06-03T12:46:31.176+0000] {logging_mixin.py:188} INFO - [2026-06-03T12:46:31.175+0000] {dagbag.py:538} INFO - Filling up the DagBag from /home/airflow/.local/lib/python3.8/site-packages/airflow/example_dags/example_sensors.py
[2026-06-03T12:46:31.204+0000] {processor.py:840} INFO - DAG(s) 'example_sensors' retrieved from /home/airflow/.local/lib/python3.8/site-packages/airflow/example_dags/example_sensors.py
[2026-06-03T12:46:31.257+0000] {logging_mixin.py:188} INFO - [2026-06-03T12:46:31.256+0000] {dag.py:3033} INFO - Sync 1 DAGs
[2026-06-03T12:46:31.272+0000] {logging_mixin.py:188} INFO - [2026-06-03T12:46:31.272+0000] {dag.py:3820} INFO - Setting next_dagrun for example_sensors to None, run_after=None
[2026-06-03T12:46:31.309+0000] {processor.py:183} INFO - Processing /home/airflow/.local/lib/python3.8/site-packages/airflow/example_dags/example_sensors.py took 0.174 seconds
[2026-06-03T12:47:01.563+0000] {processor.py:161} INFO - Started process (PID=6495) to work on /home/airflow/.local/lib/python3.8/site-packages/airflow/example_dags/example_sensors.py
[2026-06-03T12:47:01.565+0000] {processor.py:830} INFO - Processing file /home/airflow/.local/lib/python3.8/site-packages/airflow/example_dags/example_sensors.py for tasks to queue
[2026-06-03T12:47:01.577+0000] {logging_mixin.py:188} INFO - [2026-06-03T12:47:01.575+0000] {dagbag.py:538} INFO - Filling up the DagBag from /home/airflow/.local/lib/python3.8/site-packages/airflow/example_dags/example_sensors.py
[2026-06-03T12:47:01.596+0000] {processor.py:840} INFO - DAG(s) 'example_sensors' retrieved from /home/airflow/.local/lib/python3.8/site-packages/airflow/example_dags/example_sensors.py
[2026-06-03T12:47:01.660+0000] {logging_mixin.py:188} INFO - [2026-06-03T12:47:01.659+0000] {dag.py:3033} INFO - Sync 1 DAGs
[2026-06-03T12:47:01.674+0000] {logging_mixin.py:188} INFO - [2026-06-03T12:47:01.674+0000] {dag.py:3820} INFO - Setting next_dagrun for example_sensors to None, run_after=None
[2026-06-03T12:47:01.706+0000] {processor.py:183} INFO - Processing /home/airflow/.local/lib/python3.8/site-packages/airflow/example_dags/example_sensors.py took 0.160 seconds
[2026-06-03T12:47:32.599+0000] {processor.py:161} INFO - Started process (PID=6551) to work on /home/airflow/.local/lib/python3.8/site-packages/airflow/example_dags/example_sensors.py
[2026-06-03T12:47:32.600+0000] {processor.py:830} INFO - Processing file /home/airflow/.local/lib/python3.8/site-packages/airflow/example_dags/example_sensors.py for tasks to queue
[2026-06-03T12:47:32.605+0000] {logging_mixin.py:188} INFO - [2026-06-03T12:47:32.605+0000] {dagbag.py:538} INFO - Filling up the DagBag from /home/airflow/.local/lib/python3.8/site-packages/airflow/example_dags/example_sensors.py
[2026-06-03T12:47:32.630+0000] {processor.py:840} INFO - DAG(s) 'example_sensors' retrieved from /home/airflow/.local/lib/python3.8/site-packages/airflow/example_dags/example_sensors.py
[2026-06-03T12:47:32.670+0000] {logging_mixin.py:188} INFO - [2026-06-03T12:47:32.670+0000] {dag.py:3033} INFO - Sync 1 DAGs
[2026-06-03T12:47:32.681+0000] {logging_mixin.py:188} INFO - [2026-06-03T12:47:32.681+0000] {dag.py:3820} INFO - Setting next_dagrun for example_sensors to None, run_after=None
[2026-06-03T12:47:32.696+0000] {processor.py:183} INFO - Processing /home/airflow/.local/lib/python3.8/site-packages/airflow/example_dags/example_sensors.py took 0.104 seconds
[2026-06-03T12:48:03.226+0000] {processor.py:161} INFO - Started process (PID=6607) to work on /home/airflow/.local/lib/python3.8/site-packages/airflow/example_dags/example_sensors.py
[2026-06-03T12:48:03.227+0000] {processor.py:830} INFO - Processing file /home/airflow/.local/lib/python3.8/site-packages/airflow/example_dags/example_sensors.py for tasks to queue
[2026-06-03T12:48:03.230+0000] {logging_mixin.py:188} INFO - [2026-06-03T12:48:03.230+0000] {dagbag.py:538} INFO - Filling up the DagBag from /home/airflow/.local/lib/python3.8/site-packages/airflow/example_dags/example_sensors.py
[2026-06-03T12:48:03.237+0000] {processor.py:840} INFO - DAG(s) 'example_sensors' retrieved from /home/airflow/.local/lib/python3.8/site-packages/airflow/example_dags/example_sensors.py
[2026-06-03T12:48:03.267+0000] {logging_mixin.py:188} INFO - [2026-06-03T12:48:03.266+0000] {dag.py:3033} INFO - Sync 1 DAGs
[2026-06-03T12:48:03.283+0000] {logging_mixin.py:188} INFO - [2026-06-03T12:48:03.283+0000] {dag.py:3820} INFO - Setting next_dagrun for example_sensors to None, run_after=None
[2026-06-03T12:48:03.296+0000] {processor.py:183} INFO - Processing /home/airflow/.local/lib/python3.8/site-packages/airflow/example_dags/example_sensors.py took 0.076 seconds
[2026-06-03T12:48:33.431+0000] {processor.py:161} INFO - Started process (PID=6663) to work on /home/airflow/.local/lib/python3.8/site-packages/airflow/example_dags/example_sensors.py
[2026-06-03T12:48:33.432+0000] {processor.py:830} INFO - Processing file /home/airflow/.local/lib/python3.8/site-packages/airflow/example_dags/example_sensors.py for tasks to queue
[2026-06-03T12:48:33.433+0000] {logging_mixin.py:188} INFO - [2026-06-03T12:48:33.433+0000] {dagbag.py:538} INFO - Filling up the DagBag from /home/airflow/.local/lib/python3.8/site-packages/airflow/example_dags/example_sensors.py
[2026-06-03T12:48:33.442+0000] {processor.py:840} INFO - DAG(s) 'example_sensors' retrieved from /home/airflow/.local/lib/python3.8/site-packages/airflow/example_dags/example_sensors.py
[2026-06-03T12:48:33.467+0000] {logging_mixin.py:188} INFO - [2026-06-03T12:48:33.467+0000] {dag.py:3033} INFO - Sync 1 DAGs
[2026-06-03T12:48:33.479+0000] {logging_mixin.py:188} INFO - [2026-06-03T12:48:33.479+0000] {dag.py:3820} INFO - Setting next_dagrun for example_sensors to None, run_after=None
[2026-06-03T12:48:33.497+0000] {processor.py:183} INFO - Processing /home/airflow/.local/lib/python3.8/site-packages/airflow/example_dags/example_sensors.py took 0.067 seconds
[2026-06-03T12:49:04.200+0000] {processor.py:161} INFO - Started process (PID=6718) to work on /home/airflow/.local/lib/python3.8/site-packages/airflow/example_dags/example_sensors.py
[2026-06-03T12:49:04.201+0000] {processor.py:830} INFO - Processing file /home/airflow/.local/lib/python3.8/site-packages/airflow/example_dags/example_sensors.py for tasks to queue
[2026-06-03T12:49:04.209+0000] {logging_mixin.py:188} INFO - [2026-06-03T12:49:04.209+0000] {dagbag.py:538} INFO - Filling up the DagBag from /home/airflow/.local/lib/python3.8/site-packages/airflow/example_dags/example_sensors.py
[2026-06-03T12:49:04.230+0000] {processor.py:840} INFO - DAG(s) 'example_sensors' retrieved from /home/airflow/.local/lib/python3.8/site-packages/airflow/example_dags/example_sensors.py
[2026-06-03T12:49:04.276+0000] {logging_mixin.py:188} INFO - [2026-06-03T12:49:04.276+0000] {dag.py:3033} INFO - Sync 1 DAGs
[2026-06-03T12:49:04.289+0000] {logging_mixin.py:188} INFO - [2026-06-03T12:49:04.289+0000] {dag.py:3820} INFO - Setting next_dagrun for example_sensors to None, run_after=None
[2026-06-03T12:49:04.306+0000] {processor.py:183} INFO - Processing /home/airflow/.local/lib/python3.8/site-packages/airflow/example_dags/example_sensors.py took 0.113 seconds
[2026-06-03T12:49:34.392+0000] {processor.py:161} INFO - Started process (PID=6774) to work on /home/airflow/.local/lib/python3.8/site-packages/airflow/example_dags/example_sensors.py
[2026-06-03T12:49:34.394+0000] {processor.py:830} INFO - Processing file /home/airflow/.local/lib/python3.8/site-packages/airflow/example_dags/example_sensors.py for tasks to queue
[2026-06-03T12:49:34.408+0000] {logging_mixin.py:188} INFO - [2026-06-03T12:49:34.407+0000] {dagbag.py:538} INFO - Filling up the DagBag from /home/airflow/.local/lib/python3.8/site-packages/airflow/example_dags/example_sensors.py
[2026-06-03T12:49:34.431+0000] {processor.py:840} INFO - DAG(s) 'example_sensors' retrieved from /home/airflow/.local/lib/python3.8/site-packages/airflow/example_dags/example_sensors.py
[2026-06-03T12:49:34.479+0000] {logging_mixin.py:188} INFO - [2026-06-03T12:49:34.479+0000] {dag.py:3033} INFO - Sync 1 DAGs
[2026-06-03T12:49:34.495+0000] {logging_mixin.py:188} INFO - [2026-06-03T12:49:34.495+0000] {dag.py:3820} INFO - Setting next_dagrun for example_sensors to None, run_after=None
[2026-06-03T12:49:34.511+0000] {processor.py:183} INFO - Processing /home/airflow/.local/lib/python3.8/site-packages/airflow/example_dags/example_sensors.py took 0.126 seconds
[2026-06-03T12:50:04.721+0000] {processor.py:161} INFO - Started process (PID=6830) to work on /home/airflow/.local/lib/python3.8/site-packages/airflow/example_dags/example_sensors.py
[2026-06-03T12:50:04.723+0000] {processor.py:830} INFO - Processing file /home/airflow/.local/lib/python3.8/site-packages/airflow/example_dags/example_sensors.py for tasks to queue
[2026-06-03T12:50:04.729+0000] {logging_mixin.py:188} INFO - [2026-06-03T12:50:04.728+0000] {dagbag.py:538} INFO - Filling up the DagBag from /home/airflow/.local/lib/python3.8/site-packages/airflow/example_dags/example_sensors.py
[2026-06-03T12:50:04.760+0000] {processor.py:840} INFO - DAG(s) 'example_sensors' retrieved from /home/airflow/.local/lib/python3.8/site-packages/airflow/example_dags/example_sensors.py
[2026-06-03T12:50:04.811+0000] {logging_mixin.py:188} INFO - [2026-06-03T12:50:04.811+0000] {dag.py:3033} INFO - Sync 1 DAGs
[2026-06-03T12:50:04.825+0000] {logging_mixin.py:188} INFO - [2026-06-03T12:50:04.825+0000] {dag.py:3820} INFO - Setting next_dagrun for example_sensors to None, run_after=None
[2026-06-03T12:50:04.854+0000] {processor.py:183} INFO - Processing /home/airflow/.local/lib/python3.8/site-packages/airflow/example_dags/example_sensors.py took 0.139 seconds
[2026-06-03T12:50:57.767+0000] {processor.py:161} INFO - Started process (PID=46) to work on /home/airflow/.local/lib/python3.8/site-packages/airflow/example_dags/example_sensors.py
[2026-06-03T12:50:57.774+0000] {processor.py:830} INFO - Processing file /home/airflow/.local/lib/python3.8/site-packages/airflow/example_dags/example_sensors.py for tasks to queue
[2026-06-03T12:50:57.782+0000] {logging_mixin.py:188} INFO - [2026-06-03T12:50:57.782+0000] {dagbag.py:538} INFO - Filling up the DagBag from /home/airflow/.local/lib/python3.8/site-packages/airflow/example_dags/example_sensors.py
[2026-06-03T12:50:57.824+0000] {processor.py:840} INFO - DAG(s) 'example_sensors' retrieved from /home/airflow/.local/lib/python3.8/site-packages/airflow/example_dags/example_sensors.py
[2026-06-03T12:50:57.845+0000] {logging_mixin.py:188} INFO - [2026-06-03T12:50:57.845+0000] {dag.py:3033} INFO - Sync 1 DAGs
[2026-06-03T12:50:57.851+0000] {logging_mixin.py:188} INFO - [2026-06-03T12:50:57.851+0000] {dag.py:3820} INFO - Setting next_dagrun for example_sensors to None, run_after=None
[2026-06-03T12:50:57.865+0000] {processor.py:183} INFO - Processing /home/airflow/.local/lib/python3.8/site-packages/airflow/example_dags/example_sensors.py took 0.112 seconds
[2026-06-03T12:51:27.991+0000] {processor.py:161} INFO - Started process (PID=102) to work on /home/airflow/.local/lib/python3.8/site-packages/airflow/example_dags/example_sensors.py
[2026-06-03T12:51:27.993+0000] {processor.py:830} INFO - Processing file /home/airflow/.local/lib/python3.8/site-packages/airflow/example_dags/example_sensors.py for tasks to queue
[2026-06-03T12:51:28.002+0000] {logging_mixin.py:188} INFO - [2026-06-03T12:51:28.001+0000] {dagbag.py:538} INFO - Filling up the DagBag from /home/airflow/.local/lib/python3.8/site-packages/airflow/example_dags/example_sensors.py
[2026-06-03T12:51:28.054+0000] {processor.py:840} INFO - DAG(s) 'example_sensors' retrieved from /home/airflow/.local/lib/python3.8/site-packages/airflow/example_dags/example_sensors.py
[2026-06-03T12:51:28.350+0000] {logging_mixin.py:188} INFO - [2026-06-03T12:51:28.349+0000] {dag.py:3033} INFO - Sync 1 DAGs
[2026-06-03T12:51:28.360+0000] {logging_mixin.py:188} INFO - [2026-06-03T12:51:28.360+0000] {dag.py:3820} INFO - Setting next_dagrun for example_sensors to None, run_after=None
[2026-06-03T12:51:28.387+0000] {processor.py:183} INFO - Processing /home/airflow/.local/lib/python3.8/site-packages/airflow/example_dags/example_sensors.py took 0.406 seconds
[2026-06-03T12:51:59.245+0000] {processor.py:161} INFO - Started process (PID=158) to work on /home/airflow/.local/lib/python3.8/site-packages/airflow/example_dags/example_sensors.py
[2026-06-03T12:51:59.247+0000] {processor.py:830} INFO - Processing file /home/airflow/.local/lib/python3.8/site-packages/airflow/example_dags/example_sensors.py for tasks to queue
[2026-06-03T12:51:59.251+0000] {logging_mixin.py:188} INFO - [2026-06-03T12:51:59.249+0000] {dagbag.py:538} INFO - Filling up the DagBag from /home/airflow/.local/lib/python3.8/site-packages/airflow/example_dags/example_sensors.py
[2026-06-03T12:51:59.394+0000] {processor.py:840} INFO - DAG(s) 'example_sensors' retrieved from /home/airflow/.local/lib/python3.8/site-packages/airflow/example_dags/example_sensors.py
[2026-06-03T12:51:59.549+0000] {logging_mixin.py:188} INFO - [2026-06-03T12:51:59.548+0000] {dag.py:3033} INFO - Sync 1 DAGs
[2026-06-03T12:51:59.582+0000] {logging_mixin.py:188} INFO - [2026-06-03T12:51:59.580+0000] {dag.py:3820} INFO - Setting next_dagrun for example_sensors to None, run_after=None
[2026-06-03T12:51:59.614+0000] {processor.py:183} INFO - Processing /home/airflow/.local/lib/python3.8/site-packages/airflow/example_dags/example_sensors.py took 0.374 seconds
[2026-06-03T12:52:30.462+0000] {processor.py:161} INFO - Started process (PID=214) to work on /home/airflow/.local/lib/python3.8/site-packages/airflow/example_dags/example_sensors.py
[2026-06-03T12:52:30.466+0000] {processor.py:830} INFO - Processing file /home/airflow/.local/lib/python3.8/site-packages/airflow/example_dags/example_sensors.py for tasks to queue
[2026-06-03T12:52:30.473+0000] {logging_mixin.py:188} INFO - [2026-06-03T12:52:30.473+0000] {dagbag.py:538} INFO - Filling up the DagBag from /home/airflow/.local/lib/python3.8/site-packages/airflow/example_dags/example_sensors.py
[2026-06-03T12:52:30.505+0000] {processor.py:840} INFO - DAG(s) 'example_sensors' retrieved from /home/airflow/.local/lib/python3.8/site-packages/airflow/example_dags/example_sensors.py
[2026-06-03T12:52:30.547+0000] {logging_mixin.py:188} INFO - [2026-06-03T12:52:30.547+0000] {dag.py:3033} INFO - Sync 1 DAGs
[2026-06-03T12:52:30.565+0000] {logging_mixin.py:188} INFO - [2026-06-03T12:52:30.564+0000] {dag.py:3820} INFO - Setting next_dagrun for example_sensors to None, run_after=None
[2026-06-03T12:52:30.597+0000] {processor.py:183} INFO - Processing /home/airflow/.local/lib/python3.8/site-packages/airflow/example_dags/example_sensors.py took 0.163 seconds
[2026-06-03T12:53:01.217+0000] {processor.py:161} INFO - Started process (PID=270) to work on /home/airflow/.local/lib/python3.8/site-packages/airflow/example_dags/example_sensors.py
[2026-06-03T12:53:01.220+0000] {processor.py:830} INFO - Processing file /home/airflow/.local/lib/python3.8/site-packages/airflow/example_dags/example_sensors.py for tasks to queue
[2026-06-03T12:53:01.230+0000] {logging_mixin.py:188} INFO - [2026-06-03T12:53:01.227+0000] {dagbag.py:538} INFO - Filling up the DagBag from /home/airflow/.local/lib/python3.8/site-packages/airflow/example_dags/example_sensors.py
[2026-06-03T12:53:01.259+0000] {processor.py:840} INFO - DAG(s) 'example_sensors' retrieved from /home/airflow/.local/lib/python3.8/site-packages/airflow/example_dags/example_sensors.py
[2026-06-03T12:53:01.292+0000] {logging_mixin.py:188} INFO - [2026-06-03T12:53:01.291+0000] {dag.py:3033} INFO - Sync 1 DAGs
[2026-06-03T12:53:01.302+0000] {logging_mixin.py:188} INFO - [2026-06-03T12:53:01.302+0000] {dag.py:3820} INFO - Setting next_dagrun for example_sensors to None, run_after=None
[2026-06-03T12:53:01.319+0000] {processor.py:183} INFO - Processing /home/airflow/.local/lib/python3.8/site-packages/airflow/example_dags/example_sensors.py took 0.135 seconds
[2026-06-03T12:53:32.357+0000] {processor.py:161} INFO - Started process (PID=326) to work on /home/airflow/.local/lib/python3.8/site-packages/airflow/example_dags/example_sensors.py
[2026-06-03T12:53:32.363+0000] {processor.py:830} INFO - Processing file /home/airflow/.local/lib/python3.8/site-packages/airflow/example_dags/example_sensors.py for tasks to queue
[2026-06-03T12:53:32.370+0000] {logging_mixin.py:188} INFO - [2026-06-03T12:53:32.368+0000] {dagbag.py:538} INFO - Filling up the DagBag from /home/airflow/.local/lib/python3.8/site-packages/airflow/example_dags/example_sensors.py
[2026-06-03T12:53:32.385+0000] {processor.py:840} INFO - DAG(s) 'example_sensors' retrieved from /home/airflow/.local/lib/python3.8/site-packages/airflow/example_dags/example_sensors.py
[2026-06-03T12:53:32.417+0000] {logging_mixin.py:188} INFO - [2026-06-03T12:53:32.416+0000] {dag.py:3033} INFO - Sync 1 DAGs
[2026-06-03T12:53:32.442+0000] {logging_mixin.py:188} INFO - [2026-06-03T12:53:32.442+0000] {dag.py:3820} INFO - Setting next_dagrun for example_sensors to None, run_after=None
[2026-06-03T12:53:32.457+0000] {processor.py:183} INFO - Processing /home/airflow/.local/lib/python3.8/site-packages/airflow/example_dags/example_sensors.py took 0.114 seconds
[2026-06-03T12:54:03.247+0000] {processor.py:161} INFO - Started process (PID=388) to work on /home/airflow/.local/lib/python3.8/site-packages/airflow/example_dags/example_sensors.py
[2026-06-03T12:54:03.250+0000] {processor.py:830} INFO - Processing file /home/airflow/.local/lib/python3.8/site-packages/airflow/example_dags/example_sensors.py for tasks to queue
[2026-06-03T12:54:03.255+0000] {logging_mixin.py:188} INFO - [2026-06-03T12:54:03.254+0000] {dagbag.py:538} INFO - Filling up the DagBag from /home/airflow/.local/lib/python3.8/site-packages/airflow/example_dags/example_sensors.py
[2026-06-03T12:54:03.286+0000] {processor.py:840} INFO - DAG(s) 'example_sensors' retrieved from /home/airflow/.local/lib/python3.8/site-packages/airflow/example_dags/example_sensors.py
[2026-06-03T12:54:03.372+0000] {logging_mixin.py:188} INFO - [2026-06-03T12:54:03.372+0000] {dag.py:3033} INFO - Sync 1 DAGs
[2026-06-03T12:54:03.393+0000] {logging_mixin.py:188} INFO - [2026-06-03T12:54:03.392+0000] {dag.py:3820} INFO - Setting next_dagrun for example_sensors to None, run_after=None
[2026-06-03T12:54:03.425+0000] {processor.py:183} INFO - Processing /home/airflow/.local/lib/python3.8/site-packages/airflow/example_dags/example_sensors.py took 0.187 seconds
[2026-06-03T12:54:33.888+0000] {processor.py:161} INFO - Started process (PID=444) to work on /home/airflow/.local/lib/python3.8/site-packages/airflow/example_dags/example_sensors.py
[2026-06-03T12:54:33.891+0000] {processor.py:830} INFO - Processing file /home/airflow/.local/lib/python3.8/site-packages/airflow/example_dags/example_sensors.py for tasks to queue
[2026-06-03T12:54:33.898+0000] {logging_mixin.py:188} INFO - [2026-06-03T12:54:33.896+0000] {dagbag.py:538} INFO - Filling up the DagBag from /home/airflow/.local/lib/python3.8/site-packages/airflow/example_dags/example_sensors.py
[2026-06-03T12:54:33.919+0000] {processor.py:840} INFO - DAG(s) 'example_sensors' retrieved from /home/airflow/.local/lib/python3.8/site-packages/airflow/example_dags/example_sensors.py
[2026-06-03T12:54:33.950+0000] {logging_mixin.py:188} INFO - [2026-06-03T12:54:33.950+0000] {dag.py:3033} INFO - Sync 1 DAGs
[2026-06-03T12:54:33.969+0000] {logging_mixin.py:188} INFO - [2026-06-03T12:54:33.969+0000] {dag.py:3820} INFO - Setting next_dagrun for example_sensors to None, run_after=None
[2026-06-03T12:54:33.993+0000] {processor.py:183} INFO - Processing /home/airflow/.local/lib/python3.8/site-packages/airflow/example_dags/example_sensors.py took 0.126 seconds
[2026-06-03T12:55:04.318+0000] {processor.py:161} INFO - Started process (PID=500) to work on /home/airflow/.local/lib/python3.8/site-packages/airflow/example_dags/example_sensors.py
[2026-06-03T12:55:04.324+0000] {processor.py:830} INFO - Processing file /home/airflow/.local/lib/python3.8/site-packages/airflow/example_dags/example_sensors.py for tasks to queue
[2026-06-03T12:55:04.330+0000] {logging_mixin.py:188} INFO - [2026-06-03T12:55:04.329+0000] {dagbag.py:538} INFO - Filling up the DagBag from /home/airflow/.local/lib/python3.8/site-packages/airflow/example_dags/example_sensors.py
[2026-06-03T12:55:04.345+0000] {processor.py:840} INFO - DAG(s) 'example_sensors' retrieved from /home/airflow/.local/lib/python3.8/site-packages/airflow/example_dags/example_sensors.py
[2026-06-03T12:55:04.393+0000] {logging_mixin.py:188} INFO - [2026-06-03T12:55:04.393+0000] {dag.py:3033} INFO - Sync 1 DAGs
[2026-06-03T12:55:04.411+0000] {logging_mixin.py:188} INFO - [2026-06-03T12:55:04.410+0000] {dag.py:3820} INFO - Setting next_dagrun for example_sensors to None, run_after=None
[2026-06-03T12:55:04.426+0000] {processor.py:183} INFO - Processing /home/airflow/.local/lib/python3.8/site-packages/airflow/example_dags/example_sensors.py took 0.124 seconds
[2026-06-03T12:55:35.010+0000] {processor.py:161} INFO - Started process (PID=556) to work on /home/airflow/.local/lib/python3.8/site-packages/airflow/example_dags/example_sensors.py
[2026-06-03T12:55:35.019+0000] {processor.py:830} INFO - Processing file /home/airflow/.local/lib/python3.8/site-packages/airflow/example_dags/example_sensors.py for tasks to queue
[2026-06-03T12:55:35.040+0000] {logging_mixin.py:188} INFO - [2026-06-03T12:55:35.038+0000] {dagbag.py:538} INFO - Filling up the DagBag from /home/airflow/.local/lib/python3.8/site-packages/airflow/example_dags/example_sensors.py
[2026-06-03T12:55:35.113+0000] {processor.py:840} INFO - DAG(s) 'example_sensors' retrieved from /home/airflow/.local/lib/python3.8/site-packages/airflow/example_dags/example_sensors.py
[2026-06-03T12:55:35.286+0000] {logging_mixin.py:188} INFO - [2026-06-03T12:55:35.279+0000] {dag.py:3033} INFO - Sync 1 DAGs
[2026-06-03T12:55:35.304+0000] {logging_mixin.py:188} INFO - [2026-06-03T12:55:35.304+0000] {dag.py:3820} INFO - Setting next_dagrun for example_sensors to None, run_after=None
[2026-06-03T12:55:35.344+0000] {processor.py:183} INFO - Processing /home/airflow/.local/lib/python3.8/site-packages/airflow/example_dags/example_sensors.py took 0.409 seconds
[2026-06-03T12:56:05.614+0000] {processor.py:161} INFO - Started process (PID=618) to work on /home/airflow/.local/lib/python3.8/site-packages/airflow/example_dags/example_sensors.py
[2026-06-03T12:56:05.620+0000] {processor.py:830} INFO - Processing file /home/airflow/.local/lib/python3.8/site-packages/airflow/example_dags/example_sensors.py for tasks to queue
[2026-06-03T12:56:05.633+0000] {logging_mixin.py:188} INFO - [2026-06-03T12:56:05.633+0000] {dagbag.py:538} INFO - Filling up the DagBag from /home/airflow/.local/lib/python3.8/site-packages/airflow/example_dags/example_sensors.py
[2026-06-03T12:56:05.665+0000] {processor.py:840} INFO - DAG(s) 'example_sensors' retrieved from /home/airflow/.local/lib/python3.8/site-packages/airflow/example_dags/example_sensors.py
[2026-06-03T12:56:05.707+0000] {logging_mixin.py:188} INFO - [2026-06-03T12:56:05.707+0000] {dag.py:3033} INFO - Sync 1 DAGs
[2026-06-03T12:56:05.721+0000] {logging_mixin.py:188} INFO - [2026-06-03T12:56:05.720+0000] {dag.py:3820} INFO - Setting next_dagrun for example_sensors to None, run_after=None
[2026-06-03T12:56:05.736+0000] {processor.py:183} INFO - Processing /home/airflow/.local/lib/python3.8/site-packages/airflow/example_dags/example_sensors.py took 0.129 seconds
[2026-06-03T12:56:35.956+0000] {processor.py:161} INFO - Started process (PID=721) to work on /home/airflow/.local/lib/python3.8/site-packages/airflow/example_dags/example_sensors.py
[2026-06-03T12:56:35.958+0000] {processor.py:830} INFO - Processing file /home/airflow/.local/lib/python3.8/site-packages/airflow/example_dags/example_sensors.py for tasks to queue
[2026-06-03T12:56:35.962+0000] {logging_mixin.py:188} INFO - [2026-06-03T12:56:35.961+0000] {dagbag.py:538} INFO - Filling up the DagBag from /home/airflow/.local/lib/python3.8/site-packages/airflow/example_dags/example_sensors.py
[2026-06-03T12:56:35.982+0000] {processor.py:840} INFO - DAG(s) 'example_sensors' retrieved from /home/airflow/.local/lib/python3.8/site-packages/airflow/example_dags/example_sensors.py
[2026-06-03T12:56:36.019+0000] {logging_mixin.py:188} INFO - [2026-06-03T12:56:36.019+0000] {dag.py:3033} INFO - Sync 1 DAGs
[2026-06-03T12:56:36.043+0000] {logging_mixin.py:188} INFO - [2026-06-03T12:56:36.043+0000] {dag.py:3820} INFO - Setting next_dagrun for example_sensors to None, run_after=None
[2026-06-03T12:56:36.090+0000] {processor.py:183} INFO - Processing /home/airflow/.local/lib/python3.8/site-packages/airflow/example_dags/example_sensors.py took 0.137 seconds
[2026-06-03T12:57:06.577+0000] {processor.py:161} INFO - Started process (PID=814) to work on /home/airflow/.local/lib/python3.8/site-packages/airflow/example_dags/example_sensors.py
[2026-06-03T12:57:06.581+0000] {processor.py:830} INFO - Processing file /home/airflow/.local/lib/python3.8/site-packages/airflow/example_dags/example_sensors.py for tasks to queue
[2026-06-03T12:57:06.587+0000] {logging_mixin.py:188} INFO - [2026-06-03T12:57:06.587+0000] {dagbag.py:538} INFO - Filling up the DagBag from /home/airflow/.local/lib/python3.8/site-packages/airflow/example_dags/example_sensors.py
[2026-06-03T12:57:06.610+0000] {processor.py:840} INFO - DAG(s) 'example_sensors' retrieved from /home/airflow/.local/lib/python3.8/site-packages/airflow/example_dags/example_sensors.py
[2026-06-03T12:57:06.652+0000] {logging_mixin.py:188} INFO - [2026-06-03T12:57:06.652+0000] {dag.py:3033} INFO - Sync 1 DAGs
[2026-06-03T12:57:06.664+0000] {logging_mixin.py:188} INFO - [2026-06-03T12:57:06.664+0000] {dag.py:3820} INFO - Setting next_dagrun for example_sensors to None, run_after=None
[2026-06-03T12:57:06.691+0000] {processor.py:183} INFO - Processing /home/airflow/.local/lib/python3.8/site-packages/airflow/example_dags/example_sensors.py took 0.133 seconds
[2026-06-03T12:57:37.020+0000] {processor.py:161} INFO - Started process (PID=870) to work on /home/airflow/.local/lib/python3.8/site-packages/airflow/example_dags/example_sensors.py
[2026-06-03T12:57:37.023+0000] {processor.py:830} INFO - Processing file /home/airflow/.local/lib/python3.8/site-packages/airflow/example_dags/example_sensors.py for tasks to queue
[2026-06-03T12:57:37.027+0000] {logging_mixin.py:188} INFO - [2026-06-03T12:57:37.027+0000] {dagbag.py:538} INFO - Filling up the DagBag from /home/airflow/.local/lib/python3.8/site-packages/airflow/example_dags/example_sensors.py
[2026-06-03T12:57:37.041+0000] {processor.py:840} INFO - DAG(s) 'example_sensors' retrieved from /home/airflow/.local/lib/python3.8/site-packages/airflow/example_dags/example_sensors.py
[2026-06-03T12:57:37.090+0000] {logging_mixin.py:188} INFO - [2026-06-03T12:57:37.090+0000] {dag.py:3033} INFO - Sync 1 DAGs
[2026-06-03T12:57:37.112+0000] {logging_mixin.py:188} INFO - [2026-06-03T12:57:37.112+0000] {dag.py:3820} INFO - Setting next_dagrun for example_sensors to None, run_after=None
[2026-06-03T12:57:37.134+0000] {processor.py:183} INFO - Processing /home/airflow/.local/lib/python3.8/site-packages/airflow/example_dags/example_sensors.py took 0.132 seconds
[2026-06-03T12:58:07.703+0000] {processor.py:161} INFO - Started process (PID=926) to work on /home/airflow/.local/lib/python3.8/site-packages/airflow/example_dags/example_sensors.py
[2026-06-03T12:58:07.705+0000] {processor.py:830} INFO - Processing file /home/airflow/.local/lib/python3.8/site-packages/airflow/example_dags/example_sensors.py for tasks to queue
[2026-06-03T12:58:07.718+0000] {logging_mixin.py:188} INFO - [2026-06-03T12:58:07.718+0000] {dagbag.py:538} INFO - Filling up the DagBag from /home/airflow/.local/lib/python3.8/site-packages/airflow/example_dags/example_sensors.py
[2026-06-03T12:58:07.732+0000] {processor.py:840} INFO - DAG(s) 'example_sensors' retrieved from /home/airflow/.local/lib/python3.8/site-packages/airflow/example_dags/example_sensors.py
[2026-06-03T12:58:07.763+0000] {logging_mixin.py:188} INFO - [2026-06-03T12:58:07.763+0000] {dag.py:3033} INFO - Sync 1 DAGs
[2026-06-03T12:58:07.788+0000] {logging_mixin.py:188} INFO - [2026-06-03T12:58:07.788+0000] {dag.py:3820} INFO - Setting next_dagrun for example_sensors to None, run_after=None
[2026-06-03T12:58:07.804+0000] {processor.py:183} INFO - Processing /home/airflow/.local/lib/python3.8/site-packages/airflow/example_dags/example_sensors.py took 0.108 seconds
[2026-06-03T12:58:38.022+0000] {processor.py:161} INFO - Started process (PID=982) to work on /home/airflow/.local/lib/python3.8/site-packages/airflow/example_dags/example_sensors.py
[2026-06-03T12:58:38.026+0000] {processor.py:830} INFO - Processing file /home/airflow/.local/lib/python3.8/site-packages/airflow/example_dags/example_sensors.py for tasks to queue
[2026-06-03T12:58:38.032+0000] {logging_mixin.py:188} INFO - [2026-06-03T12:58:38.031+0000] {dagbag.py:538} INFO - Filling up the DagBag from /home/airflow/.local/lib/python3.8/site-packages/airflow/example_dags/example_sensors.py
[2026-06-03T12:58:38.051+0000] {processor.py:840} INFO - DAG(s) 'example_sensors' retrieved from /home/airflow/.local/lib/python3.8/site-packages/airflow/example_dags/example_sensors.py
[2026-06-03T12:58:38.105+0000] {logging_mixin.py:188} INFO - [2026-06-03T12:58:38.105+0000] {dag.py:3033} INFO - Sync 1 DAGs
[2026-06-03T12:58:38.122+0000] {logging_mixin.py:188} INFO - [2026-06-03T12:58:38.122+0000] {dag.py:3820} INFO - Setting next_dagrun for example_sensors to None, run_after=None
[2026-06-03T12:58:38.157+0000] {processor.py:183} INFO - Processing /home/airflow/.local/lib/python3.8/site-packages/airflow/example_dags/example_sensors.py took 0.150 seconds
[2026-06-03T12:59:08.218+0000] {processor.py:161} INFO - Started process (PID=1038) to work on /home/airflow/.local/lib/python3.8/site-packages/airflow/example_dags/example_sensors.py
[2026-06-03T12:59:08.220+0000] {processor.py:830} INFO - Processing file /home/airflow/.local/lib/python3.8/site-packages/airflow/example_dags/example_sensors.py for tasks to queue
[2026-06-03T12:59:08.223+0000] {logging_mixin.py:188} INFO - [2026-06-03T12:59:08.222+0000] {dagbag.py:538} INFO - Filling up the DagBag from /home/airflow/.local/lib/python3.8/site-packages/airflow/example_dags/example_sensors.py
[2026-06-03T12:59:08.236+0000] {processor.py:840} INFO - DAG(s) 'example_sensors' retrieved from /home/airflow/.local/lib/python3.8/site-packages/airflow/example_dags/example_sensors.py
[2026-06-03T12:59:08.260+0000] {logging_mixin.py:188} INFO - [2026-06-03T12:59:08.260+0000] {dag.py:3033} INFO - Sync 1 DAGs
[2026-06-03T12:59:08.272+0000] {logging_mixin.py:188} INFO - [2026-06-03T12:59:08.272+0000] {dag.py:3820} INFO - Setting next_dagrun for example_sensors to None, run_after=None
[2026-06-03T12:59:08.284+0000] {processor.py:183} INFO - Processing /home/airflow/.local/lib/python3.8/site-packages/airflow/example_dags/example_sensors.py took 0.072 seconds
[2026-06-03T12:59:38.472+0000] {processor.py:161} INFO - Started process (PID=1094) to work on /home/airflow/.local/lib/python3.8/site-packages/airflow/example_dags/example_sensors.py
[2026-06-03T12:59:38.479+0000] {processor.py:830} INFO - Processing file /home/airflow/.local/lib/python3.8/site-packages/airflow/example_dags/example_sensors.py for tasks to queue
[2026-06-03T12:59:38.486+0000] {logging_mixin.py:188} INFO - [2026-06-03T12:59:38.486+0000] {dagbag.py:538} INFO - Filling up the DagBag from /home/airflow/.local/lib/python3.8/site-packages/airflow/example_dags/example_sensors.py
[2026-06-03T12:59:38.498+0000] {processor.py:840} INFO - DAG(s) 'example_sensors' retrieved from /home/airflow/.local/lib/python3.8/site-packages/airflow/example_dags/example_sensors.py
[2026-06-03T12:59:38.549+0000] {logging_mixin.py:188} INFO - [2026-06-03T12:59:38.549+0000] {dag.py:3033} INFO - Sync 1 DAGs
[2026-06-03T12:59:38.586+0000] {logging_mixin.py:188} INFO - [2026-06-03T12:59:38.586+0000] {dag.py:3820} INFO - Setting next_dagrun for example_sensors to None, run_after=None
[2026-06-03T12:59:38.607+0000] {processor.py:183} INFO - Processing /home/airflow/.local/lib/python3.8/site-packages/airflow/example_dags/example_sensors.py took 0.163 seconds
[2026-06-03T13:00:08.955+0000] {processor.py:161} INFO - Started process (PID=1150) to work on /home/airflow/.local/lib/python3.8/site-packages/airflow/example_dags/example_sensors.py
[2026-06-03T13:00:08.957+0000] {processor.py:830} INFO - Processing file /home/airflow/.local/lib/python3.8/site-packages/airflow/example_dags/example_sensors.py for tasks to queue
[2026-06-03T13:00:08.962+0000] {logging_mixin.py:188} INFO - [2026-06-03T13:00:08.961+0000] {dagbag.py:538} INFO - Filling up the DagBag from /home/airflow/.local/lib/python3.8/site-packages/airflow/example_dags/example_sensors.py
[2026-06-03T13:00:08.987+0000] {processor.py:840} INFO - DAG(s) 'example_sensors' retrieved from /home/airflow/.local/lib/python3.8/site-packages/airflow/example_dags/example_sensors.py
[2026-06-03T13:00:09.020+0000] {logging_mixin.py:188} INFO - [2026-06-03T13:00:09.020+0000] {dag.py:3033} INFO - Sync 1 DAGs
[2026-06-03T13:00:09.046+0000] {logging_mixin.py:188} INFO - [2026-06-03T13:00:09.046+0000] {dag.py:3820} INFO - Setting next_dagrun for example_sensors to None, run_after=None
[2026-06-03T13:00:09.062+0000] {processor.py:183} INFO - Processing /home/airflow/.local/lib/python3.8/site-packages/airflow/example_dags/example_sensors.py took 0.115 seconds
[2026-06-03T13:00:39.413+0000] {processor.py:161} INFO - Started process (PID=1206) to work on /home/airflow/.local/lib/python3.8/site-packages/airflow/example_dags/example_sensors.py
[2026-06-03T13:00:39.415+0000] {processor.py:830} INFO - Processing file /home/airflow/.local/lib/python3.8/site-packages/airflow/example_dags/example_sensors.py for tasks to queue
[2026-06-03T13:00:39.422+0000] {logging_mixin.py:188} INFO - [2026-06-03T13:00:39.421+0000] {dagbag.py:538} INFO - Filling up the DagBag from /home/airflow/.local/lib/python3.8/site-packages/airflow/example_dags/example_sensors.py
[2026-06-03T13:00:39.434+0000] {processor.py:840} INFO - DAG(s) 'example_sensors' retrieved from /home/airflow/.local/lib/python3.8/site-packages/airflow/example_dags/example_sensors.py
[2026-06-03T13:00:39.479+0000] {logging_mixin.py:188} INFO - [2026-06-03T13:00:39.479+0000] {dag.py:3033} INFO - Sync 1 DAGs
[2026-06-03T13:00:39.500+0000] {logging_mixin.py:188} INFO - [2026-06-03T13:00:39.500+0000] {dag.py:3820} INFO - Setting next_dagrun for example_sensors to None, run_after=None
[2026-06-03T13:00:39.517+0000] {processor.py:183} INFO - Processing /home/airflow/.local/lib/python3.8/site-packages/airflow/example_dags/example_sensors.py took 0.124 seconds
[2026-06-03T13:01:09.680+0000] {processor.py:161} INFO - Started process (PID=1262) to work on /home/airflow/.local/lib/python3.8/site-packages/airflow/example_dags/example_sensors.py
[2026-06-03T13:01:09.686+0000] {processor.py:830} INFO - Processing file /home/airflow/.local/lib/python3.8/site-packages/airflow/example_dags/example_sensors.py for tasks to queue
[2026-06-03T13:01:09.693+0000] {logging_mixin.py:188} INFO - [2026-06-03T13:01:09.692+0000] {dagbag.py:538} INFO - Filling up the DagBag from /home/airflow/.local/lib/python3.8/site-packages/airflow/example_dags/example_sensors.py
[2026-06-03T13:01:09.711+0000] {processor.py:840} INFO - DAG(s) 'example_sensors' retrieved from /home/airflow/.local/lib/python3.8/site-packages/airflow/example_dags/example_sensors.py
[2026-06-03T13:01:09.749+0000] {logging_mixin.py:188} INFO - [2026-06-03T13:01:09.749+0000] {dag.py:3033} INFO - Sync 1 DAGs
[2026-06-03T13:01:09.768+0000] {logging_mixin.py:188} INFO - [2026-06-03T13:01:09.768+0000] {dag.py:3820} INFO - Setting next_dagrun for example_sensors to None, run_after=None
[2026-06-03T13:01:09.786+0000] {processor.py:183} INFO - Processing /home/airflow/.local/lib/python3.8/site-packages/airflow/example_dags/example_sensors.py took 0.115 seconds
[2026-06-03T13:01:40.278+0000] {processor.py:161} INFO - Started process (PID=1318) to work on /home/airflow/.local/lib/python3.8/site-packages/airflow/example_dags/example_sensors.py
[2026-06-03T13:01:40.282+0000] {processor.py:830} INFO - Processing file /home/airflow/.local/lib/python3.8/site-packages/airflow/example_dags/example_sensors.py for tasks to queue
[2026-06-03T13:01:40.288+0000] {logging_mixin.py:188} INFO - [2026-06-03T13:01:40.287+0000] {dagbag.py:538} INFO - Filling up the DagBag from /home/airflow/.local/lib/python3.8/site-packages/airflow/example_dags/example_sensors.py
[2026-06-03T13:01:40.318+0000] {processor.py:840} INFO - DAG(s) 'example_sensors' retrieved from /home/airflow/.local/lib/python3.8/site-packages/airflow/example_dags/example_sensors.py
[2026-06-03T13:01:40.364+0000] {logging_mixin.py:188} INFO - [2026-06-03T13:01:40.364+0000] {dag.py:3033} INFO - Sync 1 DAGs
[2026-06-03T13:01:40.382+0000] {logging_mixin.py:188} INFO - [2026-06-03T13:01:40.382+0000] {dag.py:3820} INFO - Setting next_dagrun for example_sensors to None, run_after=None
[2026-06-03T13:01:40.405+0000] {processor.py:183} INFO - Processing /home/airflow/.local/lib/python3.8/site-packages/airflow/example_dags/example_sensors.py took 0.144 seconds
[2026-06-03T13:02:10.533+0000] {processor.py:161} INFO - Started process (PID=1374) to work on /home/airflow/.local/lib/python3.8/site-packages/airflow/example_dags/example_sensors.py
[2026-06-03T13:02:10.536+0000] {processor.py:830} INFO - Processing file /home/airflow/.local/lib/python3.8/site-packages/airflow/example_dags/example_sensors.py for tasks to queue
[2026-06-03T13:02:10.541+0000] {logging_mixin.py:188} INFO - [2026-06-03T13:02:10.541+0000] {dagbag.py:538} INFO - Filling up the DagBag from /home/airflow/.local/lib/python3.8/site-packages/airflow/example_dags/example_sensors.py
[2026-06-03T13:02:10.580+0000] {processor.py:840} INFO - DAG(s) 'example_sensors' retrieved from /home/airflow/.local/lib/python3.8/site-packages/airflow/example_dags/example_sensors.py
[2026-06-03T13:02:10.663+0000] {logging_mixin.py:188} INFO - [2026-06-03T13:02:10.663+0000] {dag.py:3033} INFO - Sync 1 DAGs
[2026-06-03T13:02:10.702+0000] {logging_mixin.py:188} INFO - [2026-06-03T13:02:10.701+0000] {dag.py:3820} INFO - Setting next_dagrun for example_sensors to None, run_after=None
[2026-06-03T13:02:10.746+0000] {processor.py:183} INFO - Processing /home/airflow/.local/lib/python3.8/site-packages/airflow/example_dags/example_sensors.py took 0.228 seconds
[2026-06-03T13:02:41.711+0000] {processor.py:161} INFO - Started process (PID=1430) to work on /home/airflow/.local/lib/python3.8/site-packages/airflow/example_dags/example_sensors.py
[2026-06-03T13:02:41.713+0000] {processor.py:830} INFO - Processing file /home/airflow/.local/lib/python3.8/site-packages/airflow/example_dags/example_sensors.py for tasks to queue
[2026-06-03T13:02:41.726+0000] {logging_mixin.py:188} INFO - [2026-06-03T13:02:41.725+0000] {dagbag.py:538} INFO - Filling up the DagBag from /home/airflow/.local/lib/python3.8/site-packages/airflow/example_dags/example_sensors.py
[2026-06-03T13:02:41.738+0000] {processor.py:840} INFO - DAG(s) 'example_sensors' retrieved from /home/airflow/.local/lib/python3.8/site-packages/airflow/example_dags/example_sensors.py
[2026-06-03T13:02:41.765+0000] {logging_mixin.py:188} INFO - [2026-06-03T13:02:41.765+0000] {dag.py:3033} INFO - Sync 1 DAGs
[2026-06-03T13:02:41.777+0000] {logging_mixin.py:188} INFO - [2026-06-03T13:02:41.777+0000] {dag.py:3820} INFO - Setting next_dagrun for example_sensors to None, run_after=None
[2026-06-03T13:02:41.791+0000] {processor.py:183} INFO - Processing /home/airflow/.local/lib/python3.8/site-packages/airflow/example_dags/example_sensors.py took 0.086 seconds
[2026-06-03T13:03:12.401+0000] {processor.py:161} INFO - Started process (PID=1486) to work on /home/airflow/.local/lib/python3.8/site-packages/airflow/example_dags/example_sensors.py
[2026-06-03T13:03:12.411+0000] {processor.py:830} INFO - Processing file /home/airflow/.local/lib/python3.8/site-packages/airflow/example_dags/example_sensors.py for tasks to queue
[2026-06-03T13:03:12.417+0000] {logging_mixin.py:188} INFO - [2026-06-03T13:03:12.417+0000] {dagbag.py:538} INFO - Filling up the DagBag from /home/airflow/.local/lib/python3.8/site-packages/airflow/example_dags/example_sensors.py
[2026-06-03T13:03:12.453+0000] {processor.py:840} INFO - DAG(s) 'example_sensors' retrieved from /home/airflow/.local/lib/python3.8/site-packages/airflow/example_dags/example_sensors.py
[2026-06-03T13:03:12.502+0000] {logging_mixin.py:188} INFO - [2026-06-03T13:03:12.502+0000] {dag.py:3033} INFO - Sync 1 DAGs
[2026-06-03T13:03:12.526+0000] {logging_mixin.py:188} INFO - [2026-06-03T13:03:12.525+0000] {dag.py:3820} INFO - Setting next_dagrun for example_sensors to None, run_after=None
[2026-06-03T13:03:12.556+0000] {processor.py:183} INFO - Processing /home/airflow/.local/lib/python3.8/site-packages/airflow/example_dags/example_sensors.py took 0.164 seconds
[2026-06-03T13:03:42.680+0000] {processor.py:161} INFO - Started process (PID=1543) to work on /home/airflow/.local/lib/python3.8/site-packages/airflow/example_dags/example_sensors.py
[2026-06-03T13:03:42.685+0000] {processor.py:830} INFO - Processing file /home/airflow/.local/lib/python3.8/site-packages/airflow/example_dags/example_sensors.py for tasks to queue
[2026-06-03T13:03:42.701+0000] {logging_mixin.py:188} INFO - [2026-06-03T13:03:42.701+0000] {dagbag.py:538} INFO - Filling up the DagBag from /home/airflow/.local/lib/python3.8/site-packages/airflow/example_dags/example_sensors.py
[2026-06-03T13:03:42.736+0000] {processor.py:840} INFO - DAG(s) 'example_sensors' retrieved from /home/airflow/.local/lib/python3.8/site-packages/airflow/example_dags/example_sensors.py
[2026-06-03T13:03:42.818+0000] {logging_mixin.py:188} INFO - [2026-06-03T13:03:42.817+0000] {dag.py:3033} INFO - Sync 1 DAGs
[2026-06-03T13:03:42.852+0000] {logging_mixin.py:188} INFO - [2026-06-03T13:03:42.852+0000] {dag.py:3820} INFO - Setting next_dagrun for example_sensors to None, run_after=None
[2026-06-03T13:03:42.992+0000] {processor.py:183} INFO - Processing /home/airflow/.local/lib/python3.8/site-packages/airflow/example_dags/example_sensors.py took 0.319 seconds
[2026-06-03T13:04:13.557+0000] {processor.py:161} INFO - Started process (PID=1598) to work on /home/airflow/.local/lib/python3.8/site-packages/airflow/example_dags/example_sensors.py
[2026-06-03T13:04:13.560+0000] {processor.py:830} INFO - Processing file /home/airflow/.local/lib/python3.8/site-packages/airflow/example_dags/example_sensors.py for tasks to queue
[2026-06-03T13:04:13.565+0000] {logging_mixin.py:188} INFO - [2026-06-03T13:04:13.565+0000] {dagbag.py:538} INFO - Filling up the DagBag from /home/airflow/.local/lib/python3.8/site-packages/airflow/example_dags/example_sensors.py
[2026-06-03T13:04:13.586+0000] {processor.py:840} INFO - DAG(s) 'example_sensors' retrieved from /home/airflow/.local/lib/python3.8/site-packages/airflow/example_dags/example_sensors.py
[2026-06-03T13:04:13.616+0000] {logging_mixin.py:188} INFO - [2026-06-03T13:04:13.616+0000] {dag.py:3033} INFO - Sync 1 DAGs
[2026-06-03T13:04:13.628+0000] {logging_mixin.py:188} INFO - [2026-06-03T13:04:13.628+0000] {dag.py:3820} INFO - Setting next_dagrun for example_sensors to None, run_after=None
[2026-06-03T13:04:13.648+0000] {processor.py:183} INFO - Processing /home/airflow/.local/lib/python3.8/site-packages/airflow/example_dags/example_sensors.py took 0.099 seconds
[2026-06-03T13:04:43.845+0000] {processor.py:161} INFO - Started process (PID=1654) to work on /home/airflow/.local/lib/python3.8/site-packages/airflow/example_dags/example_sensors.py
[2026-06-03T13:04:43.847+0000] {processor.py:830} INFO - Processing file /home/airflow/.local/lib/python3.8/site-packages/airflow/example_dags/example_sensors.py for tasks to queue
[2026-06-03T13:04:43.852+0000] {logging_mixin.py:188} INFO - [2026-06-03T13:04:43.852+0000] {dagbag.py:538} INFO - Filling up the DagBag from /home/airflow/.local/lib/python3.8/site-packages/airflow/example_dags/example_sensors.py
[2026-06-03T13:04:43.874+0000] {processor.py:840} INFO - DAG(s) 'example_sensors' retrieved from /home/airflow/.local/lib/python3.8/site-packages/airflow/example_dags/example_sensors.py
[2026-06-03T13:04:43.907+0000] {logging_mixin.py:188} INFO - [2026-06-03T13:04:43.907+0000] {dag.py:3033} INFO - Sync 1 DAGs
[2026-06-03T13:04:43.919+0000] {logging_mixin.py:188} INFO - [2026-06-03T13:04:43.919+0000] {dag.py:3820} INFO - Setting next_dagrun for example_sensors to None, run_after=None
[2026-06-03T13:04:43.932+0000] {processor.py:183} INFO - Processing /home/airflow/.local/lib/python3.8/site-packages/airflow/example_dags/example_sensors.py took 0.095 seconds
[2026-06-03T13:05:14.402+0000] {processor.py:161} INFO - Started process (PID=1710) to work on /home/airflow/.local/lib/python3.8/site-packages/airflow/example_dags/example_sensors.py
[2026-06-03T13:05:14.404+0000] {processor.py:830} INFO - Processing file /home/airflow/.local/lib/python3.8/site-packages/airflow/example_dags/example_sensors.py for tasks to queue
[2026-06-03T13:05:14.409+0000] {logging_mixin.py:188} INFO - [2026-06-03T13:05:14.408+0000] {dagbag.py:538} INFO - Filling up the DagBag from /home/airflow/.local/lib/python3.8/site-packages/airflow/example_dags/example_sensors.py
[2026-06-03T13:05:14.424+0000] {processor.py:840} INFO - DAG(s) 'example_sensors' retrieved from /home/airflow/.local/lib/python3.8/site-packages/airflow/example_dags/example_sensors.py
[2026-06-03T13:05:14.473+0000] {logging_mixin.py:188} INFO - [2026-06-03T13:05:14.473+0000] {dag.py:3033} INFO - Sync 1 DAGs
[2026-06-03T13:05:14.498+0000] {logging_mixin.py:188} INFO - [2026-06-03T13:05:14.498+0000] {dag.py:3820} INFO - Setting next_dagrun for example_sensors to None, run_after=None
[2026-06-03T13:05:14.513+0000] {processor.py:183} INFO - Processing /home/airflow/.local/lib/python3.8/site-packages/airflow/example_dags/example_sensors.py took 0.131 seconds
[2026-06-03T13:05:45.352+0000] {processor.py:161} INFO - Started process (PID=1766) to work on /home/airflow/.local/lib/python3.8/site-packages/airflow/example_dags/example_sensors.py
[2026-06-03T13:05:45.355+0000] {processor.py:830} INFO - Processing file /home/airflow/.local/lib/python3.8/site-packages/airflow/example_dags/example_sensors.py for tasks to queue
[2026-06-03T13:05:45.364+0000] {logging_mixin.py:188} INFO - [2026-06-03T13:05:45.364+0000] {dagbag.py:538} INFO - Filling up the DagBag from /home/airflow/.local/lib/python3.8/site-packages/airflow/example_dags/example_sensors.py
[2026-06-03T13:05:45.379+0000] {processor.py:840} INFO - DAG(s) 'example_sensors' retrieved from /home/airflow/.local/lib/python3.8/site-packages/airflow/example_dags/example_sensors.py
[2026-06-03T13:05:45.418+0000] {logging_mixin.py:188} INFO - [2026-06-03T13:05:45.418+0000] {dag.py:3033} INFO - Sync 1 DAGs
[2026-06-03T13:05:45.438+0000] {logging_mixin.py:188} INFO - [2026-06-03T13:05:45.438+0000] {dag.py:3820} INFO - Setting next_dagrun for example_sensors to None, run_after=None
[2026-06-03T13:05:45.484+0000] {processor.py:183} INFO - Processing /home/airflow/.local/lib/python3.8/site-packages/airflow/example_dags/example_sensors.py took 0.141 seconds
[2026-06-03T13:06:16.181+0000] {processor.py:161} INFO - Started process (PID=1822) to work on /home/airflow/.local/lib/python3.8/site-packages/airflow/example_dags/example_sensors.py
[2026-06-03T13:06:16.183+0000] {processor.py:830} INFO - Processing file /home/airflow/.local/lib/python3.8/site-packages/airflow/example_dags/example_sensors.py for tasks to queue
[2026-06-03T13:06:16.198+0000] {logging_mixin.py:188} INFO - [2026-06-03T13:06:16.198+0000] {dagbag.py:538} INFO - Filling up the DagBag from /home/airflow/.local/lib/python3.8/site-packages/airflow/example_dags/example_sensors.py
[2026-06-03T13:06:16.209+0000] {processor.py:840} INFO - DAG(s) 'example_sensors' retrieved from /home/airflow/.local/lib/python3.8/site-packages/airflow/example_dags/example_sensors.py
[2026-06-03T13:06:16.245+0000] {logging_mixin.py:188} INFO - [2026-06-03T13:06:16.245+0000] {dag.py:3033} INFO - Sync 1 DAGs
[2026-06-03T13:06:16.254+0000] {logging_mixin.py:188} INFO - [2026-06-03T13:06:16.254+0000] {dag.py:3820} INFO - Setting next_dagrun for example_sensors to None, run_after=None
[2026-06-03T13:06:16.282+0000] {processor.py:183} INFO - Processing /home/airflow/.local/lib/python3.8/site-packages/airflow/example_dags/example_sensors.py took 0.108 seconds
[2026-06-03T13:06:47.056+0000] {processor.py:161} INFO - Started process (PID=1878) to work on /home/airflow/.local/lib/python3.8/site-packages/airflow/example_dags/example_sensors.py
[2026-06-03T13:06:47.059+0000] {processor.py:830} INFO - Processing file /home/airflow/.local/lib/python3.8/site-packages/airflow/example_dags/example_sensors.py for tasks to queue
[2026-06-03T13:06:47.067+0000] {logging_mixin.py:188} INFO - [2026-06-03T13:06:47.066+0000] {dagbag.py:538} INFO - Filling up the DagBag from /home/airflow/.local/lib/python3.8/site-packages/airflow/example_dags/example_sensors.py
[2026-06-03T13:06:47.088+0000] {processor.py:840} INFO - DAG(s) 'example_sensors' retrieved from /home/airflow/.local/lib/python3.8/site-packages/airflow/example_dags/example_sensors.py
[2026-06-03T13:06:47.136+0000] {logging_mixin.py:188} INFO - [2026-06-03T13:06:47.136+0000] {dag.py:3033} INFO - Sync 1 DAGs
[2026-06-03T13:06:47.149+0000] {logging_mixin.py:188} INFO - [2026-06-03T13:06:47.149+0000] {dag.py:3820} INFO - Setting next_dagrun for example_sensors to None, run_after=None
[2026-06-03T13:06:47.173+0000] {processor.py:183} INFO - Processing /home/airflow/.local/lib/python3.8/site-packages/airflow/example_dags/example_sensors.py took 0.129 seconds
[2026-06-03T13:07:17.510+0000] {processor.py:161} INFO - Started process (PID=1934) to work on /home/airflow/.local/lib/python3.8/site-packages/airflow/example_dags/example_sensors.py
[2026-06-03T13:07:17.513+0000] {processor.py:830} INFO - Processing file /home/airflow/.local/lib/python3.8/site-packages/airflow/example_dags/example_sensors.py for tasks to queue
[2026-06-03T13:07:17.519+0000] {logging_mixin.py:188} INFO - [2026-06-03T13:07:17.518+0000] {dagbag.py:538} INFO - Filling up the DagBag from /home/airflow/.local/lib/python3.8/site-packages/airflow/example_dags/example_sensors.py
[2026-06-03T13:07:17.539+0000] {processor.py:840} INFO - DAG(s) 'example_sensors' retrieved from /home/airflow/.local/lib/python3.8/site-packages/airflow/example_dags/example_sensors.py
[2026-06-03T13:07:17.574+0000] {logging_mixin.py:188} INFO - [2026-06-03T13:07:17.574+0000] {dag.py:3033} INFO - Sync 1 DAGs
[2026-06-03T13:07:17.592+0000] {logging_mixin.py:188} INFO - [2026-06-03T13:07:17.592+0000] {dag.py:3820} INFO - Setting next_dagrun for example_sensors to None, run_after=None
[2026-06-03T13:07:17.625+0000] {processor.py:183} INFO - Processing /home/airflow/.local/lib/python3.8/site-packages/airflow/example_dags/example_sensors.py took 0.126 seconds
[2026-06-03T13:07:48.378+0000] {processor.py:161} INFO - Started process (PID=1997) to work on /home/airflow/.local/lib/python3.8/site-packages/airflow/example_dags/example_sensors.py
[2026-06-03T13:07:48.386+0000] {processor.py:830} INFO - Processing file /home/airflow/.local/lib/python3.8/site-packages/airflow/example_dags/example_sensors.py for tasks to queue
[2026-06-03T13:07:48.392+0000] {logging_mixin.py:188} INFO - [2026-06-03T13:07:48.392+0000] {dagbag.py:538} INFO - Filling up the DagBag from /home/airflow/.local/lib/python3.8/site-packages/airflow/example_dags/example_sensors.py
[2026-06-03T13:07:48.403+0000] {processor.py:840} INFO - DAG(s) 'example_sensors' retrieved from /home/airflow/.local/lib/python3.8/site-packages/airflow/example_dags/example_sensors.py
[2026-06-03T13:07:48.430+0000] {logging_mixin.py:188} INFO - [2026-06-03T13:07:48.430+0000] {dag.py:3033} INFO - Sync 1 DAGs
[2026-06-03T13:07:48.663+0000] {logging_mixin.py:188} INFO - [2026-06-03T13:07:48.663+0000] {dag.py:3820} INFO - Setting next_dagrun for example_sensors to None, run_after=None
[2026-06-03T13:07:48.677+0000] {processor.py:183} INFO - Processing /home/airflow/.local/lib/python3.8/site-packages/airflow/example_dags/example_sensors.py took 0.316 seconds
[2026-06-03T13:08:19.434+0000] {processor.py:161} INFO - Started process (PID=2053) to work on /home/airflow/.local/lib/python3.8/site-packages/airflow/example_dags/example_sensors.py
[2026-06-03T13:08:19.436+0000] {processor.py:830} INFO - Processing file /home/airflow/.local/lib/python3.8/site-packages/airflow/example_dags/example_sensors.py for tasks to queue
[2026-06-03T13:08:19.442+0000] {logging_mixin.py:188} INFO - [2026-06-03T13:08:19.442+0000] {dagbag.py:538} INFO - Filling up the DagBag from /home/airflow/.local/lib/python3.8/site-packages/airflow/example_dags/example_sensors.py
[2026-06-03T13:08:19.455+0000] {processor.py:840} INFO - DAG(s) 'example_sensors' retrieved from /home/airflow/.local/lib/python3.8/site-packages/airflow/example_dags/example_sensors.py
[2026-06-03T13:08:19.492+0000] {logging_mixin.py:188} INFO - [2026-06-03T13:08:19.492+0000] {dag.py:3033} INFO - Sync 1 DAGs
[2026-06-03T13:08:19.511+0000] {logging_mixin.py:188} INFO - [2026-06-03T13:08:19.511+0000] {dag.py:3820} INFO - Setting next_dagrun for example_sensors to None, run_after=None
[2026-06-03T13:08:19.794+0000] {processor.py:183} INFO - Processing /home/airflow/.local/lib/python3.8/site-packages/airflow/example_dags/example_sensors.py took 0.376 seconds
[2026-06-03T13:08:50.248+0000] {processor.py:161} INFO - Started process (PID=2109) to work on /home/airflow/.local/lib/python3.8/site-packages/airflow/example_dags/example_sensors.py
[2026-06-03T13:08:50.250+0000] {processor.py:830} INFO - Processing file /home/airflow/.local/lib/python3.8/site-packages/airflow/example_dags/example_sensors.py for tasks to queue
[2026-06-03T13:08:50.268+0000] {logging_mixin.py:188} INFO - [2026-06-03T13:08:50.268+0000] {dagbag.py:538} INFO - Filling up the DagBag from /home/airflow/.local/lib/python3.8/site-packages/airflow/example_dags/example_sensors.py
[2026-06-03T13:08:50.290+0000] {processor.py:840} INFO - DAG(s) 'example_sensors' retrieved from /home/airflow/.local/lib/python3.8/site-packages/airflow/example_dags/example_sensors.py
[2026-06-03T13:08:50.331+0000] {logging_mixin.py:188} INFO - [2026-06-03T13:08:50.331+0000] {dag.py:3033} INFO - Sync 1 DAGs
[2026-06-03T13:08:50.357+0000] {logging_mixin.py:188} INFO - [2026-06-03T13:08:50.357+0000] {dag.py:3820} INFO - Setting next_dagrun for example_sensors to None, run_after=None
[2026-06-03T13:08:50.385+0000] {processor.py:183} INFO - Processing /home/airflow/.local/lib/python3.8/site-packages/airflow/example_dags/example_sensors.py took 0.146 seconds
[2026-06-03T13:09:20.510+0000] {processor.py:161} INFO - Started process (PID=2165) to work on /home/airflow/.local/lib/python3.8/site-packages/airflow/example_dags/example_sensors.py
[2026-06-03T13:09:20.511+0000] {processor.py:830} INFO - Processing file /home/airflow/.local/lib/python3.8/site-packages/airflow/example_dags/example_sensors.py for tasks to queue
[2026-06-03T13:09:20.515+0000] {logging_mixin.py:188} INFO - [2026-06-03T13:09:20.515+0000] {dagbag.py:538} INFO - Filling up the DagBag from /home/airflow/.local/lib/python3.8/site-packages/airflow/example_dags/example_sensors.py
[2026-06-03T13:09:20.529+0000] {processor.py:840} INFO - DAG(s) 'example_sensors' retrieved from /home/airflow/.local/lib/python3.8/site-packages/airflow/example_dags/example_sensors.py
[2026-06-03T13:09:20.569+0000] {logging_mixin.py:188} INFO - [2026-06-03T13:09:20.568+0000] {dag.py:3033} INFO - Sync 1 DAGs
[2026-06-03T13:09:20.585+0000] {logging_mixin.py:188} INFO - [2026-06-03T13:09:20.585+0000] {dag.py:3820} INFO - Setting next_dagrun for example_sensors to None, run_after=None
[2026-06-03T13:09:20.601+0000] {processor.py:183} INFO - Processing /home/airflow/.local/lib/python3.8/site-packages/airflow/example_dags/example_sensors.py took 0.098 seconds
[2026-06-03T13:09:51.341+0000] {processor.py:161} INFO - Started process (PID=2221) to work on /home/airflow/.local/lib/python3.8/site-packages/airflow/example_dags/example_sensors.py
[2026-06-03T13:09:51.343+0000] {processor.py:830} INFO - Processing file /home/airflow/.local/lib/python3.8/site-packages/airflow/example_dags/example_sensors.py for tasks to queue
[2026-06-03T13:09:51.346+0000] {logging_mixin.py:188} INFO - [2026-06-03T13:09:51.346+0000] {dagbag.py:538} INFO - Filling up the DagBag from /home/airflow/.local/lib/python3.8/site-packages/airflow/example_dags/example_sensors.py
[2026-06-03T13:09:51.363+0000] {processor.py:840} INFO - DAG(s) 'example_sensors' retrieved from /home/airflow/.local/lib/python3.8/site-packages/airflow/example_dags/example_sensors.py
[2026-06-03T13:09:51.541+0000] {logging_mixin.py:188} INFO - [2026-06-03T13:09:51.541+0000] {dag.py:3033} INFO - Sync 1 DAGs
[2026-06-03T13:09:51.546+0000] {logging_mixin.py:188} INFO - [2026-06-03T13:09:51.546+0000] {dag.py:3820} INFO - Setting next_dagrun for example_sensors to None, run_after=None
[2026-06-03T13:09:51.557+0000] {processor.py:183} INFO - Processing /home/airflow/.local/lib/python3.8/site-packages/airflow/example_dags/example_sensors.py took 0.221 seconds
[2026-06-03T13:10:22.132+0000] {processor.py:161} INFO - Started process (PID=2277) to work on /home/airflow/.local/lib/python3.8/site-packages/airflow/example_dags/example_sensors.py
[2026-06-03T13:10:22.134+0000] {processor.py:830} INFO - Processing file /home/airflow/.local/lib/python3.8/site-packages/airflow/example_dags/example_sensors.py for tasks to queue
[2026-06-03T13:10:22.138+0000] {logging_mixin.py:188} INFO - [2026-06-03T13:10:22.138+0000] {dagbag.py:538} INFO - Filling up the DagBag from /home/airflow/.local/lib/python3.8/site-packages/airflow/example_dags/example_sensors.py
[2026-06-03T13:10:22.149+0000] {processor.py:840} INFO - DAG(s) 'example_sensors' retrieved from /home/airflow/.local/lib/python3.8/site-packages/airflow/example_dags/example_sensors.py
[2026-06-03T13:10:22.203+0000] {logging_mixin.py:188} INFO - [2026-06-03T13:10:22.203+0000] {dag.py:3033} INFO - Sync 1 DAGs
[2026-06-03T13:10:22.216+0000] {logging_mixin.py:188} INFO - [2026-06-03T13:10:22.216+0000] {dag.py:3820} INFO - Setting next_dagrun for example_sensors to None, run_after=None
[2026-06-03T13:10:22.246+0000] {processor.py:183} INFO - Processing /home/airflow/.local/lib/python3.8/site-packages/airflow/example_dags/example_sensors.py took 0.119 seconds
[2026-06-03T13:10:52.383+0000] {processor.py:161} INFO - Started process (PID=2333) to work on /home/airflow/.local/lib/python3.8/site-packages/airflow/example_dags/example_sensors.py
[2026-06-03T13:10:52.386+0000] {processor.py:830} INFO - Processing file /home/airflow/.local/lib/python3.8/site-packages/airflow/example_dags/example_sensors.py for tasks to queue
[2026-06-03T13:10:52.390+0000] {logging_mixin.py:188} INFO - [2026-06-03T13:10:52.390+0000] {dagbag.py:538} INFO - Filling up the DagBag from /home/airflow/.local/lib/python3.8/site-packages/airflow/example_dags/example_sensors.py
[2026-06-03T13:10:52.405+0000] {processor.py:840} INFO - DAG(s) 'example_sensors' retrieved from /home/airflow/.local/lib/python3.8/site-packages/airflow/example_dags/example_sensors.py
[2026-06-03T13:10:52.466+0000] {logging_mixin.py:188} INFO - [2026-06-03T13:10:52.465+0000] {dag.py:3033} INFO - Sync 1 DAGs
[2026-06-03T13:10:52.492+0000] {logging_mixin.py:188} INFO - [2026-06-03T13:10:52.491+0000] {dag.py:3820} INFO - Setting next_dagrun for example_sensors to None, run_after=None
[2026-06-03T13:10:52.527+0000] {processor.py:183} INFO - Processing /home/airflow/.local/lib/python3.8/site-packages/airflow/example_dags/example_sensors.py took 0.151 seconds
[2026-06-03T13:11:22.758+0000] {processor.py:161} INFO - Started process (PID=2396) to work on /home/airflow/.local/lib/python3.8/site-packages/airflow/example_dags/example_sensors.py
[2026-06-03T13:11:22.760+0000] {processor.py:830} INFO - Processing file /home/airflow/.local/lib/python3.8/site-packages/airflow/example_dags/example_sensors.py for tasks to queue
[2026-06-03T13:11:22.765+0000] {logging_mixin.py:188} INFO - [2026-06-03T13:11:22.764+0000] {dagbag.py:538} INFO - Filling up the DagBag from /home/airflow/.local/lib/python3.8/site-packages/airflow/example_dags/example_sensors.py
[2026-06-03T13:11:22.787+0000] {processor.py:840} INFO - DAG(s) 'example_sensors' retrieved from /home/airflow/.local/lib/python3.8/site-packages/airflow/example_dags/example_sensors.py
[2026-06-03T13:11:22.814+0000] {logging_mixin.py:188} INFO - [2026-06-03T13:11:22.813+0000] {dag.py:3033} INFO - Sync 1 DAGs
[2026-06-03T13:11:22.837+0000] {logging_mixin.py:188} INFO - [2026-06-03T13:11:22.837+0000] {dag.py:3820} INFO - Setting next_dagrun for example_sensors to None, run_after=None
[2026-06-03T13:11:22.860+0000] {processor.py:183} INFO - Processing /home/airflow/.local/lib/python3.8/site-packages/airflow/example_dags/example_sensors.py took 0.109 seconds
[2026-06-03T13:11:53.322+0000] {processor.py:161} INFO - Started process (PID=2459) to work on /home/airflow/.local/lib/python3.8/site-packages/airflow/example_dags/example_sensors.py
[2026-06-03T13:11:53.324+0000] {processor.py:830} INFO - Processing file /home/airflow/.local/lib/python3.8/site-packages/airflow/example_dags/example_sensors.py for tasks to queue
[2026-06-03T13:11:53.330+0000] {logging_mixin.py:188} INFO - [2026-06-03T13:11:53.329+0000] {dagbag.py:538} INFO - Filling up the DagBag from /home/airflow/.local/lib/python3.8/site-packages/airflow/example_dags/example_sensors.py
[2026-06-03T13:11:53.346+0000] {processor.py:840} INFO - DAG(s) 'example_sensors' retrieved from /home/airflow/.local/lib/python3.8/site-packages/airflow/example_dags/example_sensors.py
[2026-06-03T13:11:53.390+0000] {logging_mixin.py:188} INFO - [2026-06-03T13:11:53.389+0000] {dag.py:3033} INFO - Sync 1 DAGs
[2026-06-03T13:11:53.408+0000] {logging_mixin.py:188} INFO - [2026-06-03T13:11:53.408+0000] {dag.py:3820} INFO - Setting next_dagrun for example_sensors to None, run_after=None
[2026-06-03T13:11:53.436+0000] {processor.py:183} INFO - Processing /home/airflow/.local/lib/python3.8/site-packages/airflow/example_dags/example_sensors.py took 0.134 seconds
[2026-06-03T13:12:23.686+0000] {processor.py:161} INFO - Started process (PID=2522) to work on /home/airflow/.local/lib/python3.8/site-packages/airflow/example_dags/example_sensors.py
[2026-06-03T13:12:23.688+0000] {processor.py:830} INFO - Processing file /home/airflow/.local/lib/python3.8/site-packages/airflow/example_dags/example_sensors.py for tasks to queue
[2026-06-03T13:12:23.693+0000] {logging_mixin.py:188} INFO - [2026-06-03T13:12:23.692+0000] {dagbag.py:538} INFO - Filling up the DagBag from /home/airflow/.local/lib/python3.8/site-packages/airflow/example_dags/example_sensors.py
[2026-06-03T13:12:23.704+0000] {processor.py:840} INFO - DAG(s) 'example_sensors' retrieved from /home/airflow/.local/lib/python3.8/site-packages/airflow/example_dags/example_sensors.py
[2026-06-03T13:12:23.723+0000] {logging_mixin.py:188} INFO - [2026-06-03T13:12:23.723+0000] {dag.py:3033} INFO - Sync 1 DAGs
[2026-06-03T13:12:23.751+0000] {logging_mixin.py:188} INFO - [2026-06-03T13:12:23.750+0000] {dag.py:3820} INFO - Setting next_dagrun for example_sensors to None, run_after=None
[2026-06-03T13:12:23.769+0000] {processor.py:183} INFO - Processing /home/airflow/.local/lib/python3.8/site-packages/airflow/example_dags/example_sensors.py took 0.089 seconds
[2026-06-03T13:12:53.973+0000] {processor.py:161} INFO - Started process (PID=2578) to work on /home/airflow/.local/lib/python3.8/site-packages/airflow/example_dags/example_sensors.py
[2026-06-03T13:12:53.974+0000] {processor.py:830} INFO - Processing file /home/airflow/.local/lib/python3.8/site-packages/airflow/example_dags/example_sensors.py for tasks to queue
[2026-06-03T13:12:53.979+0000] {logging_mixin.py:188} INFO - [2026-06-03T13:12:53.978+0000] {dagbag.py:538} INFO - Filling up the DagBag from /home/airflow/.local/lib/python3.8/site-packages/airflow/example_dags/example_sensors.py
[2026-06-03T13:12:53.991+0000] {processor.py:840} INFO - DAG(s) 'example_sensors' retrieved from /home/airflow/.local/lib/python3.8/site-packages/airflow/example_dags/example_sensors.py
[2026-06-03T13:12:54.013+0000] {logging_mixin.py:188} INFO - [2026-06-03T13:12:54.013+0000] {dag.py:3033} INFO - Sync 1 DAGs
[2026-06-03T13:12:54.028+0000] {logging_mixin.py:188} INFO - [2026-06-03T13:12:54.028+0000] {dag.py:3820} INFO - Setting next_dagrun for example_sensors to None, run_after=None
[2026-06-03T13:12:54.044+0000] {processor.py:183} INFO - Processing /home/airflow/.local/lib/python3.8/site-packages/airflow/example_dags/example_sensors.py took 0.078 seconds
[2026-06-03T13:13:24.504+0000] {processor.py:161} INFO - Started process (PID=2634) to work on /home/airflow/.local/lib/python3.8/site-packages/airflow/example_dags/example_sensors.py
[2026-06-03T13:13:24.508+0000] {processor.py:830} INFO - Processing file /home/airflow/.local/lib/python3.8/site-packages/airflow/example_dags/example_sensors.py for tasks to queue
[2026-06-03T13:13:24.512+0000] {logging_mixin.py:188} INFO - [2026-06-03T13:13:24.511+0000] {dagbag.py:538} INFO - Filling up the DagBag from /home/airflow/.local/lib/python3.8/site-packages/airflow/example_dags/example_sensors.py
[2026-06-03T13:13:24.524+0000] {processor.py:840} INFO - DAG(s) 'example_sensors' retrieved from /home/airflow/.local/lib/python3.8/site-packages/airflow/example_dags/example_sensors.py
[2026-06-03T13:13:24.602+0000] {logging_mixin.py:188} INFO - [2026-06-03T13:13:24.602+0000] {dag.py:3033} INFO - Sync 1 DAGs
[2026-06-03T13:13:24.618+0000] {logging_mixin.py:188} INFO - [2026-06-03T13:13:24.617+0000] {dag.py:3820} INFO - Setting next_dagrun for example_sensors to None, run_after=None
[2026-06-03T13:13:24.661+0000] {processor.py:183} INFO - Processing /home/airflow/.local/lib/python3.8/site-packages/airflow/example_dags/example_sensors.py took 0.173 seconds
[2026-06-03T13:13:54.837+0000] {processor.py:161} INFO - Started process (PID=2690) to work on /home/airflow/.local/lib/python3.8/site-packages/airflow/example_dags/example_sensors.py
[2026-06-03T13:13:54.839+0000] {processor.py:830} INFO - Processing file /home/airflow/.local/lib/python3.8/site-packages/airflow/example_dags/example_sensors.py for tasks to queue
[2026-06-03T13:13:54.843+0000] {logging_mixin.py:188} INFO - [2026-06-03T13:13:54.843+0000] {dagbag.py:538} INFO - Filling up the DagBag from /home/airflow/.local/lib/python3.8/site-packages/airflow/example_dags/example_sensors.py
[2026-06-03T13:13:54.853+0000] {processor.py:840} INFO - DAG(s) 'example_sensors' retrieved from /home/airflow/.local/lib/python3.8/site-packages/airflow/example_dags/example_sensors.py
[2026-06-03T13:13:54.898+0000] {logging_mixin.py:188} INFO - [2026-06-03T13:13:54.898+0000] {dag.py:3033} INFO - Sync 1 DAGs
[2026-06-03T13:13:54.913+0000] {logging_mixin.py:188} INFO - [2026-06-03T13:13:54.913+0000] {dag.py:3820} INFO - Setting next_dagrun for example_sensors to None, run_after=None
[2026-06-03T13:13:54.945+0000] {processor.py:183} INFO - Processing /home/airflow/.local/lib/python3.8/site-packages/airflow/example_dags/example_sensors.py took 0.116 seconds
[2026-06-03T13:14:19.282+0000] {processor.py:161} INFO - Started process (PID=41) to work on /home/airflow/.local/lib/python3.8/site-packages/airflow/example_dags/example_sensors.py
[2026-06-03T13:14:19.285+0000] {processor.py:830} INFO - Processing file /home/airflow/.local/lib/python3.8/site-packages/airflow/example_dags/example_sensors.py for tasks to queue
[2026-06-03T13:14:19.296+0000] {logging_mixin.py:188} INFO - [2026-06-03T13:14:19.295+0000] {dagbag.py:538} INFO - Filling up the DagBag from /home/airflow/.local/lib/python3.8/site-packages/airflow/example_dags/example_sensors.py
[2026-06-03T13:14:19.342+0000] {processor.py:840} INFO - DAG(s) 'example_sensors' retrieved from /home/airflow/.local/lib/python3.8/site-packages/airflow/example_dags/example_sensors.py
[2026-06-03T13:14:19.447+0000] {logging_mixin.py:188} INFO - [2026-06-03T13:14:19.446+0000] {dag.py:3033} INFO - Sync 1 DAGs
[2026-06-03T13:14:19.483+0000] {logging_mixin.py:188} INFO - [2026-06-03T13:14:19.483+0000] {dag.py:3820} INFO - Setting next_dagrun for example_sensors to None, run_after=None
[2026-06-03T13:14:19.512+0000] {processor.py:183} INFO - Processing /home/airflow/.local/lib/python3.8/site-packages/airflow/example_dags/example_sensors.py took 0.244 seconds
[2026-06-03T13:14:50.278+0000] {processor.py:161} INFO - Started process (PID=97) to work on /home/airflow/.local/lib/python3.8/site-packages/airflow/example_dags/example_sensors.py
[2026-06-03T13:14:50.282+0000] {processor.py:830} INFO - Processing file /home/airflow/.local/lib/python3.8/site-packages/airflow/example_dags/example_sensors.py for tasks to queue
[2026-06-03T13:14:50.305+0000] {logging_mixin.py:188} INFO - [2026-06-03T13:14:50.299+0000] {dagbag.py:538} INFO - Filling up the DagBag from /home/airflow/.local/lib/python3.8/site-packages/airflow/example_dags/example_sensors.py
[2026-06-03T13:14:50.362+0000] {processor.py:840} INFO - DAG(s) 'example_sensors' retrieved from /home/airflow/.local/lib/python3.8/site-packages/airflow/example_dags/example_sensors.py
[2026-06-03T13:14:50.453+0000] {logging_mixin.py:188} INFO - [2026-06-03T13:14:50.453+0000] {dag.py:3033} INFO - Sync 1 DAGs
[2026-06-03T13:14:50.482+0000] {logging_mixin.py:188} INFO - [2026-06-03T13:14:50.482+0000] {dag.py:3820} INFO - Setting next_dagrun for example_sensors to None, run_after=None
[2026-06-03T13:14:50.516+0000] {processor.py:183} INFO - Processing /home/airflow/.local/lib/python3.8/site-packages/airflow/example_dags/example_sensors.py took 0.258 seconds
[2026-06-03T13:15:21.079+0000] {processor.py:161} INFO - Started process (PID=153) to work on /home/airflow/.local/lib/python3.8/site-packages/airflow/example_dags/example_sensors.py
[2026-06-03T13:15:21.084+0000] {processor.py:830} INFO - Processing file /home/airflow/.local/lib/python3.8/site-packages/airflow/example_dags/example_sensors.py for tasks to queue
[2026-06-03T13:15:21.087+0000] {logging_mixin.py:188} INFO - [2026-06-03T13:15:21.087+0000] {dagbag.py:538} INFO - Filling up the DagBag from /home/airflow/.local/lib/python3.8/site-packages/airflow/example_dags/example_sensors.py
[2026-06-03T13:15:21.096+0000] {processor.py:840} INFO - DAG(s) 'example_sensors' retrieved from /home/airflow/.local/lib/python3.8/site-packages/airflow/example_dags/example_sensors.py
[2026-06-03T13:15:21.134+0000] {logging_mixin.py:188} INFO - [2026-06-03T13:15:21.134+0000] {dag.py:3033} INFO - Sync 1 DAGs
[2026-06-03T13:15:21.144+0000] {logging_mixin.py:188} INFO - [2026-06-03T13:15:21.144+0000] {dag.py:3820} INFO - Setting next_dagrun for example_sensors to None, run_after=None
[2026-06-03T13:15:21.157+0000] {processor.py:183} INFO - Processing /home/airflow/.local/lib/python3.8/site-packages/airflow/example_dags/example_sensors.py took 0.092 seconds
[2026-06-03T13:15:51.320+0000] {processor.py:161} INFO - Started process (PID=210) to work on /home/airflow/.local/lib/python3.8/site-packages/airflow/example_dags/example_sensors.py
[2026-06-03T13:15:51.322+0000] {processor.py:830} INFO - Processing file /home/airflow/.local/lib/python3.8/site-packages/airflow/example_dags/example_sensors.py for tasks to queue
[2026-06-03T13:15:51.331+0000] {logging_mixin.py:188} INFO - [2026-06-03T13:15:51.330+0000] {dagbag.py:538} INFO - Filling up the DagBag from /home/airflow/.local/lib/python3.8/site-packages/airflow/example_dags/example_sensors.py
[2026-06-03T13:15:51.353+0000] {processor.py:840} INFO - DAG(s) 'example_sensors' retrieved from /home/airflow/.local/lib/python3.8/site-packages/airflow/example_dags/example_sensors.py
[2026-06-03T13:15:51.388+0000] {logging_mixin.py:188} INFO - [2026-06-03T13:15:51.388+0000] {dag.py:3033} INFO - Sync 1 DAGs
[2026-06-03T13:15:51.399+0000] {logging_mixin.py:188} INFO - [2026-06-03T13:15:51.399+0000] {dag.py:3820} INFO - Setting next_dagrun for example_sensors to None, run_after=None
[2026-06-03T13:15:51.418+0000] {processor.py:183} INFO - Processing /home/airflow/.local/lib/python3.8/site-packages/airflow/example_dags/example_sensors.py took 0.102 seconds
[2026-06-03T13:16:21.892+0000] {processor.py:161} INFO - Started process (PID=266) to work on /home/airflow/.local/lib/python3.8/site-packages/airflow/example_dags/example_sensors.py
[2026-06-03T13:16:21.895+0000] {processor.py:830} INFO - Processing file /home/airflow/.local/lib/python3.8/site-packages/airflow/example_dags/example_sensors.py for tasks to queue
[2026-06-03T13:16:21.904+0000] {logging_mixin.py:188} INFO - [2026-06-03T13:16:21.903+0000] {dagbag.py:538} INFO - Filling up the DagBag from /home/airflow/.local/lib/python3.8/site-packages/airflow/example_dags/example_sensors.py
[2026-06-03T13:16:21.918+0000] {processor.py:840} INFO - DAG(s) 'example_sensors' retrieved from /home/airflow/.local/lib/python3.8/site-packages/airflow/example_dags/example_sensors.py
[2026-06-03T13:16:21.957+0000] {logging_mixin.py:188} INFO - [2026-06-03T13:16:21.957+0000] {dag.py:3033} INFO - Sync 1 DAGs
[2026-06-03T13:16:21.969+0000] {logging_mixin.py:188} INFO - [2026-06-03T13:16:21.969+0000] {dag.py:3820} INFO - Setting next_dagrun for example_sensors to None, run_after=None
[2026-06-03T13:16:21.983+0000] {processor.py:183} INFO - Processing /home/airflow/.local/lib/python3.8/site-packages/airflow/example_dags/example_sensors.py took 0.098 seconds
[2026-06-03T13:16:52.111+0000] {processor.py:161} INFO - Started process (PID=322) to work on /home/airflow/.local/lib/python3.8/site-packages/airflow/example_dags/example_sensors.py
[2026-06-03T13:16:52.113+0000] {processor.py:830} INFO - Processing file /home/airflow/.local/lib/python3.8/site-packages/airflow/example_dags/example_sensors.py for tasks to queue
[2026-06-03T13:16:52.118+0000] {logging_mixin.py:188} INFO - [2026-06-03T13:16:52.117+0000] {dagbag.py:538} INFO - Filling up the DagBag from /home/airflow/.local/lib/python3.8/site-packages/airflow/example_dags/example_sensors.py
[2026-06-03T13:16:52.153+0000] {processor.py:840} INFO - DAG(s) 'example_sensors' retrieved from /home/airflow/.local/lib/python3.8/site-packages/airflow/example_dags/example_sensors.py
[2026-06-03T13:16:52.224+0000] {logging_mixin.py:188} INFO - [2026-06-03T13:16:52.224+0000] {dag.py:3033} INFO - Sync 1 DAGs
[2026-06-03T13:16:52.246+0000] {logging_mixin.py:188} INFO - [2026-06-03T13:16:52.246+0000] {dag.py:3820} INFO - Setting next_dagrun for example_sensors to None, run_after=None
[2026-06-03T13:16:52.266+0000] {processor.py:183} INFO - Processing /home/airflow/.local/lib/python3.8/site-packages/airflow/example_dags/example_sensors.py took 0.164 seconds
[2026-06-03T13:17:22.965+0000] {processor.py:161} INFO - Started process (PID=378) to work on /home/airflow/.local/lib/python3.8/site-packages/airflow/example_dags/example_sensors.py
[2026-06-03T13:17:22.967+0000] {processor.py:830} INFO - Processing file /home/airflow/.local/lib/python3.8/site-packages/airflow/example_dags/example_sensors.py for tasks to queue
[2026-06-03T13:17:22.970+0000] {logging_mixin.py:188} INFO - [2026-06-03T13:17:22.969+0000] {dagbag.py:538} INFO - Filling up the DagBag from /home/airflow/.local/lib/python3.8/site-packages/airflow/example_dags/example_sensors.py
[2026-06-03T13:17:22.982+0000] {processor.py:840} INFO - DAG(s) 'example_sensors' retrieved from /home/airflow/.local/lib/python3.8/site-packages/airflow/example_dags/example_sensors.py
[2026-06-03T13:17:23.038+0000] {logging_mixin.py:188} INFO - [2026-06-03T13:17:23.038+0000] {dag.py:3033} INFO - Sync 1 DAGs
[2026-06-03T13:17:23.058+0000] {logging_mixin.py:188} INFO - [2026-06-03T13:17:23.058+0000] {dag.py:3820} INFO - Setting next_dagrun for example_sensors to None, run_after=None
[2026-06-03T13:17:23.080+0000] {processor.py:183} INFO - Processing /home/airflow/.local/lib/python3.8/site-packages/airflow/example_dags/example_sensors.py took 0.120 seconds
[2026-06-03T13:17:53.198+0000] {processor.py:161} INFO - Started process (PID=434) to work on /home/airflow/.local/lib/python3.8/site-packages/airflow/example_dags/example_sensors.py
[2026-06-03T13:17:53.200+0000] {processor.py:830} INFO - Processing file /home/airflow/.local/lib/python3.8/site-packages/airflow/example_dags/example_sensors.py for tasks to queue
[2026-06-03T13:17:53.204+0000] {logging_mixin.py:188} INFO - [2026-06-03T13:17:53.204+0000] {dagbag.py:538} INFO - Filling up the DagBag from /home/airflow/.local/lib/python3.8/site-packages/airflow/example_dags/example_sensors.py
[2026-06-03T13:17:53.219+0000] {processor.py:840} INFO - DAG(s) 'example_sensors' retrieved from /home/airflow/.local/lib/python3.8/site-packages/airflow/example_dags/example_sensors.py
[2026-06-03T13:17:53.309+0000] {logging_mixin.py:188} INFO - [2026-06-03T13:17:53.309+0000] {dag.py:3033} INFO - Sync 1 DAGs
[2026-06-03T13:17:53.333+0000] {logging_mixin.py:188} INFO - [2026-06-03T13:17:53.333+0000] {dag.py:3820} INFO - Setting next_dagrun for example_sensors to None, run_after=None
[2026-06-03T13:17:53.351+0000] {processor.py:183} INFO - Processing /home/airflow/.local/lib/python3.8/site-packages/airflow/example_dags/example_sensors.py took 0.156 seconds
[2026-06-03T13:18:23.524+0000] {processor.py:161} INFO - Started process (PID=490) to work on /home/airflow/.local/lib/python3.8/site-packages/airflow/example_dags/example_sensors.py
[2026-06-03T13:18:23.527+0000] {processor.py:830} INFO - Processing file /home/airflow/.local/lib/python3.8/site-packages/airflow/example_dags/example_sensors.py for tasks to queue
[2026-06-03T13:18:23.535+0000] {logging_mixin.py:188} INFO - [2026-06-03T13:18:23.535+0000] {dagbag.py:538} INFO - Filling up the DagBag from /home/airflow/.local/lib/python3.8/site-packages/airflow/example_dags/example_sensors.py
[2026-06-03T13:18:23.548+0000] {processor.py:840} INFO - DAG(s) 'example_sensors' retrieved from /home/airflow/.local/lib/python3.8/site-packages/airflow/example_dags/example_sensors.py
[2026-06-03T13:18:23.596+0000] {logging_mixin.py:188} INFO - [2026-06-03T13:18:23.596+0000] {dag.py:3033} INFO - Sync 1 DAGs
[2026-06-03T13:18:23.611+0000] {logging_mixin.py:188} INFO - [2026-06-03T13:18:23.611+0000] {dag.py:3820} INFO - Setting next_dagrun for example_sensors to None, run_after=None
[2026-06-03T13:18:23.626+0000] {processor.py:183} INFO - Processing /home/airflow/.local/lib/python3.8/site-packages/airflow/example_dags/example_sensors.py took 0.109 seconds
[2026-06-03T13:18:54.050+0000] {processor.py:161} INFO - Started process (PID=546) to work on /home/airflow/.local/lib/python3.8/site-packages/airflow/example_dags/example_sensors.py
[2026-06-03T13:18:54.053+0000] {processor.py:830} INFO - Processing file /home/airflow/.local/lib/python3.8/site-packages/airflow/example_dags/example_sensors.py for tasks to queue
[2026-06-03T13:18:54.061+0000] {logging_mixin.py:188} INFO - [2026-06-03T13:18:54.060+0000] {dagbag.py:538} INFO - Filling up the DagBag from /home/airflow/.local/lib/python3.8/site-packages/airflow/example_dags/example_sensors.py
[2026-06-03T13:18:54.086+0000] {processor.py:840} INFO - DAG(s) 'example_sensors' retrieved from /home/airflow/.local/lib/python3.8/site-packages/airflow/example_dags/example_sensors.py
[2026-06-03T13:18:54.133+0000] {logging_mixin.py:188} INFO - [2026-06-03T13:18:54.133+0000] {dag.py:3033} INFO - Sync 1 DAGs
[2026-06-03T13:18:54.145+0000] {logging_mixin.py:188} INFO - [2026-06-03T13:18:54.145+0000] {dag.py:3820} INFO - Setting next_dagrun for example_sensors to None, run_after=None
[2026-06-03T13:18:54.168+0000] {processor.py:183} INFO - Processing /home/airflow/.local/lib/python3.8/site-packages/airflow/example_dags/example_sensors.py took 0.133 seconds
[2026-06-03T13:19:24.570+0000] {processor.py:161} INFO - Started process (PID=608) to work on /home/airflow/.local/lib/python3.8/site-packages/airflow/example_dags/example_sensors.py
[2026-06-03T13:19:24.571+0000] {processor.py:830} INFO - Processing file /home/airflow/.local/lib/python3.8/site-packages/airflow/example_dags/example_sensors.py for tasks to queue
[2026-06-03T13:19:24.576+0000] {logging_mixin.py:188} INFO - [2026-06-03T13:19:24.576+0000] {dagbag.py:538} INFO - Filling up the DagBag from /home/airflow/.local/lib/python3.8/site-packages/airflow/example_dags/example_sensors.py
[2026-06-03T13:19:24.591+0000] {processor.py:840} INFO - DAG(s) 'example_sensors' retrieved from /home/airflow/.local/lib/python3.8/site-packages/airflow/example_dags/example_sensors.py
[2026-06-03T13:19:24.635+0000] {logging_mixin.py:188} INFO - [2026-06-03T13:19:24.635+0000] {dag.py:3033} INFO - Sync 1 DAGs
[2026-06-03T13:19:24.649+0000] {logging_mixin.py:188} INFO - [2026-06-03T13:19:24.649+0000] {dag.py:3820} INFO - Setting next_dagrun for example_sensors to None, run_after=None
[2026-06-03T13:19:24.676+0000] {processor.py:183} INFO - Processing /home/airflow/.local/lib/python3.8/site-packages/airflow/example_dags/example_sensors.py took 0.113 seconds
[2026-06-03T13:19:55.706+0000] {processor.py:161} INFO - Started process (PID=664) to work on /home/airflow/.local/lib/python3.8/site-packages/airflow/example_dags/example_sensors.py
[2026-06-03T13:19:55.707+0000] {processor.py:830} INFO - Processing file /home/airflow/.local/lib/python3.8/site-packages/airflow/example_dags/example_sensors.py for tasks to queue
[2026-06-03T13:19:55.714+0000] {logging_mixin.py:188} INFO - [2026-06-03T13:19:55.712+0000] {dagbag.py:538} INFO - Filling up the DagBag from /home/airflow/.local/lib/python3.8/site-packages/airflow/example_dags/example_sensors.py
[2026-06-03T13:19:55.744+0000] {processor.py:840} INFO - DAG(s) 'example_sensors' retrieved from /home/airflow/.local/lib/python3.8/site-packages/airflow/example_dags/example_sensors.py
[2026-06-03T13:19:55.788+0000] {logging_mixin.py:188} INFO - [2026-06-03T13:19:55.788+0000] {dag.py:3033} INFO - Sync 1 DAGs
[2026-06-03T13:19:55.809+0000] {logging_mixin.py:188} INFO - [2026-06-03T13:19:55.808+0000] {dag.py:3820} INFO - Setting next_dagrun for example_sensors to None, run_after=None
[2026-06-03T13:19:55.832+0000] {processor.py:183} INFO - Processing /home/airflow/.local/lib/python3.8/site-packages/airflow/example_dags/example_sensors.py took 0.138 seconds
[2026-06-03T13:20:26.295+0000] {processor.py:161} INFO - Started process (PID=720) to work on /home/airflow/.local/lib/python3.8/site-packages/airflow/example_dags/example_sensors.py
[2026-06-03T13:20:26.298+0000] {processor.py:830} INFO - Processing file /home/airflow/.local/lib/python3.8/site-packages/airflow/example_dags/example_sensors.py for tasks to queue
[2026-06-03T13:20:26.301+0000] {logging_mixin.py:188} INFO - [2026-06-03T13:20:26.300+0000] {dagbag.py:538} INFO - Filling up the DagBag from /home/airflow/.local/lib/python3.8/site-packages/airflow/example_dags/example_sensors.py
[2026-06-03T13:20:26.324+0000] {processor.py:840} INFO - DAG(s) 'example_sensors' retrieved from /home/airflow/.local/lib/python3.8/site-packages/airflow/example_dags/example_sensors.py
[2026-06-03T13:20:26.349+0000] {logging_mixin.py:188} INFO - [2026-06-03T13:20:26.349+0000] {dag.py:3033} INFO - Sync 1 DAGs
[2026-06-03T13:20:26.359+0000] {logging_mixin.py:188} INFO - [2026-06-03T13:20:26.359+0000] {dag.py:3820} INFO - Setting next_dagrun for example_sensors to None, run_after=None
[2026-06-03T13:20:26.373+0000] {processor.py:183} INFO - Processing /home/airflow/.local/lib/python3.8/site-packages/airflow/example_dags/example_sensors.py took 0.082 seconds
[2026-06-03T13:20:56.784+0000] {processor.py:161} INFO - Started process (PID=776) to work on /home/airflow/.local/lib/python3.8/site-packages/airflow/example_dags/example_sensors.py
[2026-06-03T13:20:56.787+0000] {processor.py:830} INFO - Processing file /home/airflow/.local/lib/python3.8/site-packages/airflow/example_dags/example_sensors.py for tasks to queue
[2026-06-03T13:20:56.799+0000] {logging_mixin.py:188} INFO - [2026-06-03T13:20:56.798+0000] {dagbag.py:538} INFO - Filling up the DagBag from /home/airflow/.local/lib/python3.8/site-packages/airflow/example_dags/example_sensors.py
[2026-06-03T13:20:56.874+0000] {processor.py:840} INFO - DAG(s) 'example_sensors' retrieved from /home/airflow/.local/lib/python3.8/site-packages/airflow/example_dags/example_sensors.py
[2026-06-03T13:20:57.196+0000] {logging_mixin.py:188} INFO - [2026-06-03T13:20:57.196+0000] {dag.py:3033} INFO - Sync 1 DAGs
[2026-06-03T13:20:57.245+0000] {logging_mixin.py:188} INFO - [2026-06-03T13:20:57.245+0000] {dag.py:3820} INFO - Setting next_dagrun for example_sensors to None, run_after=None
[2026-06-03T13:20:57.331+0000] {processor.py:183} INFO - Processing /home/airflow/.local/lib/python3.8/site-packages/airflow/example_dags/example_sensors.py took 0.595 seconds
[2026-06-03T13:21:28.347+0000] {processor.py:161} INFO - Started process (PID=832) to work on /home/airflow/.local/lib/python3.8/site-packages/airflow/example_dags/example_sensors.py
[2026-06-03T13:21:28.350+0000] {processor.py:830} INFO - Processing file /home/airflow/.local/lib/python3.8/site-packages/airflow/example_dags/example_sensors.py for tasks to queue
[2026-06-03T13:21:28.362+0000] {logging_mixin.py:188} INFO - [2026-06-03T13:21:28.361+0000] {dagbag.py:538} INFO - Filling up the DagBag from /home/airflow/.local/lib/python3.8/site-packages/airflow/example_dags/example_sensors.py
[2026-06-03T13:21:28.395+0000] {processor.py:840} INFO - DAG(s) 'example_sensors' retrieved from /home/airflow/.local/lib/python3.8/site-packages/airflow/example_dags/example_sensors.py
[2026-06-03T13:21:28.547+0000] {logging_mixin.py:188} INFO - [2026-06-03T13:21:28.546+0000] {dag.py:3033} INFO - Sync 1 DAGs
[2026-06-03T13:21:28.600+0000] {logging_mixin.py:188} INFO - [2026-06-03T13:21:28.599+0000] {dag.py:3820} INFO - Setting next_dagrun for example_sensors to None, run_after=None
[2026-06-03T13:21:28.640+0000] {processor.py:183} INFO - Processing /home/airflow/.local/lib/python3.8/site-packages/airflow/example_dags/example_sensors.py took 0.299 seconds
[2026-06-03T13:21:59.167+0000] {processor.py:161} INFO - Started process (PID=888) to work on /home/airflow/.local/lib/python3.8/site-packages/airflow/example_dags/example_sensors.py
[2026-06-03T13:21:59.171+0000] {processor.py:830} INFO - Processing file /home/airflow/.local/lib/python3.8/site-packages/airflow/example_dags/example_sensors.py for tasks to queue
[2026-06-03T13:21:59.184+0000] {logging_mixin.py:188} INFO - [2026-06-03T13:21:59.184+0000] {dagbag.py:538} INFO - Filling up the DagBag from /home/airflow/.local/lib/python3.8/site-packages/airflow/example_dags/example_sensors.py
[2026-06-03T13:21:59.201+0000] {processor.py:840} INFO - DAG(s) 'example_sensors' retrieved from /home/airflow/.local/lib/python3.8/site-packages/airflow/example_dags/example_sensors.py
[2026-06-03T13:21:59.249+0000] {logging_mixin.py:188} INFO - [2026-06-03T13:21:59.248+0000] {dag.py:3033} INFO - Sync 1 DAGs
[2026-06-03T13:21:59.263+0000] {logging_mixin.py:188} INFO - [2026-06-03T13:21:59.263+0000] {dag.py:3820} INFO - Setting next_dagrun for example_sensors to None, run_after=None
[2026-06-03T13:21:59.286+0000] {processor.py:183} INFO - Processing /home/airflow/.local/lib/python3.8/site-packages/airflow/example_dags/example_sensors.py took 0.127 seconds
[2026-06-03T13:22:29.589+0000] {processor.py:161} INFO - Started process (PID=944) to work on /home/airflow/.local/lib/python3.8/site-packages/airflow/example_dags/example_sensors.py
[2026-06-03T13:22:29.592+0000] {processor.py:830} INFO - Processing file /home/airflow/.local/lib/python3.8/site-packages/airflow/example_dags/example_sensors.py for tasks to queue
[2026-06-03T13:22:29.596+0000] {logging_mixin.py:188} INFO - [2026-06-03T13:22:29.595+0000] {dagbag.py:538} INFO - Filling up the DagBag from /home/airflow/.local/lib/python3.8/site-packages/airflow/example_dags/example_sensors.py
[2026-06-03T13:22:29.623+0000] {processor.py:840} INFO - DAG(s) 'example_sensors' retrieved from /home/airflow/.local/lib/python3.8/site-packages/airflow/example_dags/example_sensors.py
[2026-06-03T13:22:29.681+0000] {logging_mixin.py:188} INFO - [2026-06-03T13:22:29.681+0000] {dag.py:3033} INFO - Sync 1 DAGs
[2026-06-03T13:22:29.717+0000] {logging_mixin.py:188} INFO - [2026-06-03T13:22:29.717+0000] {dag.py:3820} INFO - Setting next_dagrun for example_sensors to None, run_after=None
[2026-06-03T13:22:29.738+0000] {processor.py:183} INFO - Processing /home/airflow/.local/lib/python3.8/site-packages/airflow/example_dags/example_sensors.py took 0.163 seconds
[2026-06-03T13:23:00.342+0000] {processor.py:161} INFO - Started process (PID=1000) to work on /home/airflow/.local/lib/python3.8/site-packages/airflow/example_dags/example_sensors.py
[2026-06-03T13:23:00.343+0000] {processor.py:830} INFO - Processing file /home/airflow/.local/lib/python3.8/site-packages/airflow/example_dags/example_sensors.py for tasks to queue
[2026-06-03T13:23:00.349+0000] {logging_mixin.py:188} INFO - [2026-06-03T13:23:00.348+0000] {dagbag.py:538} INFO - Filling up the DagBag from /home/airflow/.local/lib/python3.8/site-packages/airflow/example_dags/example_sensors.py
[2026-06-03T13:23:00.364+0000] {processor.py:840} INFO - DAG(s) 'example_sensors' retrieved from /home/airflow/.local/lib/python3.8/site-packages/airflow/example_dags/example_sensors.py
[2026-06-03T13:23:00.426+0000] {logging_mixin.py:188} INFO - [2026-06-03T13:23:00.425+0000] {dag.py:3033} INFO - Sync 1 DAGs
[2026-06-03T13:23:00.444+0000] {logging_mixin.py:188} INFO - [2026-06-03T13:23:00.443+0000] {dag.py:3820} INFO - Setting next_dagrun for example_sensors to None, run_after=None
[2026-06-03T13:23:00.462+0000] {processor.py:183} INFO - Processing /home/airflow/.local/lib/python3.8/site-packages/airflow/example_dags/example_sensors.py took 0.126 seconds
[2026-06-03T13:23:30.659+0000] {processor.py:161} INFO - Started process (PID=1056) to work on /home/airflow/.local/lib/python3.8/site-packages/airflow/example_dags/example_sensors.py
[2026-06-03T13:23:30.662+0000] {processor.py:830} INFO - Processing file /home/airflow/.local/lib/python3.8/site-packages/airflow/example_dags/example_sensors.py for tasks to queue
[2026-06-03T13:23:30.667+0000] {logging_mixin.py:188} INFO - [2026-06-03T13:23:30.666+0000] {dagbag.py:538} INFO - Filling up the DagBag from /home/airflow/.local/lib/python3.8/site-packages/airflow/example_dags/example_sensors.py
[2026-06-03T13:23:30.710+0000] {processor.py:840} INFO - DAG(s) 'example_sensors' retrieved from /home/airflow/.local/lib/python3.8/site-packages/airflow/example_dags/example_sensors.py
[2026-06-03T13:23:30.783+0000] {logging_mixin.py:188} INFO - [2026-06-03T13:23:30.783+0000] {dag.py:3033} INFO - Sync 1 DAGs
[2026-06-03T13:23:30.814+0000] {logging_mixin.py:188} INFO - [2026-06-03T13:23:30.814+0000] {dag.py:3820} INFO - Setting next_dagrun for example_sensors to None, run_after=None
[2026-06-03T13:23:30.879+0000] {processor.py:183} INFO - Processing /home/airflow/.local/lib/python3.8/site-packages/airflow/example_dags/example_sensors.py took 0.234 seconds
[2026-06-03T13:24:01.383+0000] {processor.py:161} INFO - Started process (PID=1112) to work on /home/airflow/.local/lib/python3.8/site-packages/airflow/example_dags/example_sensors.py
[2026-06-03T13:24:01.385+0000] {processor.py:830} INFO - Processing file /home/airflow/.local/lib/python3.8/site-packages/airflow/example_dags/example_sensors.py for tasks to queue
[2026-06-03T13:24:01.388+0000] {logging_mixin.py:188} INFO - [2026-06-03T13:24:01.388+0000] {dagbag.py:538} INFO - Filling up the DagBag from /home/airflow/.local/lib/python3.8/site-packages/airflow/example_dags/example_sensors.py
[2026-06-03T13:24:01.409+0000] {processor.py:840} INFO - DAG(s) 'example_sensors' retrieved from /home/airflow/.local/lib/python3.8/site-packages/airflow/example_dags/example_sensors.py
[2026-06-03T13:24:01.467+0000] {logging_mixin.py:188} INFO - [2026-06-03T13:24:01.467+0000] {dag.py:3033} INFO - Sync 1 DAGs
[2026-06-03T13:24:01.486+0000] {logging_mixin.py:188} INFO - [2026-06-03T13:24:01.485+0000] {dag.py:3820} INFO - Setting next_dagrun for example_sensors to None, run_after=None
[2026-06-03T13:24:01.517+0000] {processor.py:183} INFO - Processing /home/airflow/.local/lib/python3.8/site-packages/airflow/example_dags/example_sensors.py took 0.139 seconds
[2026-06-03T13:24:32.092+0000] {processor.py:161} INFO - Started process (PID=1168) to work on /home/airflow/.local/lib/python3.8/site-packages/airflow/example_dags/example_sensors.py
[2026-06-03T13:24:32.094+0000] {processor.py:830} INFO - Processing file /home/airflow/.local/lib/python3.8/site-packages/airflow/example_dags/example_sensors.py for tasks to queue
[2026-06-03T13:24:32.096+0000] {logging_mixin.py:188} INFO - [2026-06-03T13:24:32.096+0000] {dagbag.py:538} INFO - Filling up the DagBag from /home/airflow/.local/lib/python3.8/site-packages/airflow/example_dags/example_sensors.py
[2026-06-03T13:24:32.116+0000] {processor.py:840} INFO - DAG(s) 'example_sensors' retrieved from /home/airflow/.local/lib/python3.8/site-packages/airflow/example_dags/example_sensors.py
[2026-06-03T13:24:32.158+0000] {logging_mixin.py:188} INFO - [2026-06-03T13:24:32.158+0000] {dag.py:3033} INFO - Sync 1 DAGs
[2026-06-03T13:24:32.178+0000] {logging_mixin.py:188} INFO - [2026-06-03T13:24:32.178+0000] {dag.py:3820} INFO - Setting next_dagrun for example_sensors to None, run_after=None
[2026-06-03T13:24:32.198+0000] {processor.py:183} INFO - Processing /home/airflow/.local/lib/python3.8/site-packages/airflow/example_dags/example_sensors.py took 0.117 seconds
[2026-06-03T13:25:02.641+0000] {processor.py:161} INFO - Started process (PID=1224) to work on /home/airflow/.local/lib/python3.8/site-packages/airflow/example_dags/example_sensors.py
[2026-06-03T13:25:02.643+0000] {processor.py:830} INFO - Processing file /home/airflow/.local/lib/python3.8/site-packages/airflow/example_dags/example_sensors.py for tasks to queue
[2026-06-03T13:25:02.667+0000] {logging_mixin.py:188} INFO - [2026-06-03T13:25:02.667+0000] {dagbag.py:538} INFO - Filling up the DagBag from /home/airflow/.local/lib/python3.8/site-packages/airflow/example_dags/example_sensors.py
[2026-06-03T13:25:02.695+0000] {processor.py:840} INFO - DAG(s) 'example_sensors' retrieved from /home/airflow/.local/lib/python3.8/site-packages/airflow/example_dags/example_sensors.py
[2026-06-03T13:25:02.747+0000] {logging_mixin.py:188} INFO - [2026-06-03T13:25:02.747+0000] {dag.py:3033} INFO - Sync 1 DAGs
[2026-06-03T13:25:02.763+0000] {logging_mixin.py:188} INFO - [2026-06-03T13:25:02.763+0000] {dag.py:3820} INFO - Setting next_dagrun for example_sensors to None, run_after=None
[2026-06-03T13:25:02.787+0000] {processor.py:183} INFO - Processing /home/airflow/.local/lib/python3.8/site-packages/airflow/example_dags/example_sensors.py took 0.159 seconds
[2026-06-03T13:25:33.496+0000] {processor.py:161} INFO - Started process (PID=1281) to work on /home/airflow/.local/lib/python3.8/site-packages/airflow/example_dags/example_sensors.py
[2026-06-03T13:25:33.498+0000] {processor.py:830} INFO - Processing file /home/airflow/.local/lib/python3.8/site-packages/airflow/example_dags/example_sensors.py for tasks to queue
[2026-06-03T13:25:33.519+0000] {logging_mixin.py:188} INFO - [2026-06-03T13:25:33.517+0000] {dagbag.py:538} INFO - Filling up the DagBag from /home/airflow/.local/lib/python3.8/site-packages/airflow/example_dags/example_sensors.py
[2026-06-03T13:25:33.541+0000] {processor.py:840} INFO - DAG(s) 'example_sensors' retrieved from /home/airflow/.local/lib/python3.8/site-packages/airflow/example_dags/example_sensors.py
[2026-06-03T13:25:33.598+0000] {logging_mixin.py:188} INFO - [2026-06-03T13:25:33.598+0000] {dag.py:3033} INFO - Sync 1 DAGs
[2026-06-03T13:25:33.645+0000] {logging_mixin.py:188} INFO - [2026-06-03T13:25:33.644+0000] {dag.py:3820} INFO - Setting next_dagrun for example_sensors to None, run_after=None
[2026-06-03T13:25:33.665+0000] {processor.py:183} INFO - Processing /home/airflow/.local/lib/python3.8/site-packages/airflow/example_dags/example_sensors.py took 0.187 seconds
[2026-06-03T13:26:03.841+0000] {processor.py:161} INFO - Started process (PID=1337) to work on /home/airflow/.local/lib/python3.8/site-packages/airflow/example_dags/example_sensors.py
[2026-06-03T13:26:03.843+0000] {processor.py:830} INFO - Processing file /home/airflow/.local/lib/python3.8/site-packages/airflow/example_dags/example_sensors.py for tasks to queue
[2026-06-03T13:26:03.848+0000] {logging_mixin.py:188} INFO - [2026-06-03T13:26:03.848+0000] {dagbag.py:538} INFO - Filling up the DagBag from /home/airflow/.local/lib/python3.8/site-packages/airflow/example_dags/example_sensors.py
[2026-06-03T13:26:03.864+0000] {processor.py:840} INFO - DAG(s) 'example_sensors' retrieved from /home/airflow/.local/lib/python3.8/site-packages/airflow/example_dags/example_sensors.py
[2026-06-03T13:26:03.900+0000] {logging_mixin.py:188} INFO - [2026-06-03T13:26:03.900+0000] {dag.py:3033} INFO - Sync 1 DAGs
[2026-06-03T13:26:03.919+0000] {logging_mixin.py:188} INFO - [2026-06-03T13:26:03.919+0000] {dag.py:3820} INFO - Setting next_dagrun for example_sensors to None, run_after=None
[2026-06-03T13:26:03.940+0000] {processor.py:183} INFO - Processing /home/airflow/.local/lib/python3.8/site-packages/airflow/example_dags/example_sensors.py took 0.108 seconds
[2026-06-03T13:26:34.173+0000] {processor.py:161} INFO - Started process (PID=1393) to work on /home/airflow/.local/lib/python3.8/site-packages/airflow/example_dags/example_sensors.py
[2026-06-03T13:26:34.175+0000] {processor.py:830} INFO - Processing file /home/airflow/.local/lib/python3.8/site-packages/airflow/example_dags/example_sensors.py for tasks to queue
[2026-06-03T13:26:34.178+0000] {logging_mixin.py:188} INFO - [2026-06-03T13:26:34.178+0000] {dagbag.py:538} INFO - Filling up the DagBag from /home/airflow/.local/lib/python3.8/site-packages/airflow/example_dags/example_sensors.py
[2026-06-03T13:26:34.195+0000] {processor.py:840} INFO - DAG(s) 'example_sensors' retrieved from /home/airflow/.local/lib/python3.8/site-packages/airflow/example_dags/example_sensors.py
[2026-06-03T13:26:34.225+0000] {logging_mixin.py:188} INFO - [2026-06-03T13:26:34.225+0000] {dag.py:3033} INFO - Sync 1 DAGs
[2026-06-03T13:26:34.234+0000] {logging_mixin.py:188} INFO - [2026-06-03T13:26:34.233+0000] {dag.py:3820} INFO - Setting next_dagrun for example_sensors to None, run_after=None
[2026-06-03T13:26:34.256+0000] {processor.py:183} INFO - Processing /home/airflow/.local/lib/python3.8/site-packages/airflow/example_dags/example_sensors.py took 0.094 seconds
[2026-06-03T13:27:04.441+0000] {processor.py:161} INFO - Started process (PID=1449) to work on /home/airflow/.local/lib/python3.8/site-packages/airflow/example_dags/example_sensors.py
[2026-06-03T13:27:04.443+0000] {processor.py:830} INFO - Processing file /home/airflow/.local/lib/python3.8/site-packages/airflow/example_dags/example_sensors.py for tasks to queue
[2026-06-03T13:27:04.447+0000] {logging_mixin.py:188} INFO - [2026-06-03T13:27:04.447+0000] {dagbag.py:538} INFO - Filling up the DagBag from /home/airflow/.local/lib/python3.8/site-packages/airflow/example_dags/example_sensors.py
[2026-06-03T13:27:04.456+0000] {processor.py:840} INFO - DAG(s) 'example_sensors' retrieved from /home/airflow/.local/lib/python3.8/site-packages/airflow/example_dags/example_sensors.py
[2026-06-03T13:27:04.482+0000] {logging_mixin.py:188} INFO - [2026-06-03T13:27:04.482+0000] {dag.py:3033} INFO - Sync 1 DAGs
[2026-06-03T13:27:04.490+0000] {logging_mixin.py:188} INFO - [2026-06-03T13:27:04.490+0000] {dag.py:3820} INFO - Setting next_dagrun for example_sensors to None, run_after=None
[2026-06-03T13:27:04.501+0000] {processor.py:183} INFO - Processing /home/airflow/.local/lib/python3.8/site-packages/airflow/example_dags/example_sensors.py took 0.065 seconds
[2026-06-03T13:27:34.657+0000] {processor.py:161} INFO - Started process (PID=1505) to work on /home/airflow/.local/lib/python3.8/site-packages/airflow/example_dags/example_sensors.py
[2026-06-03T13:27:34.659+0000] {processor.py:830} INFO - Processing file /home/airflow/.local/lib/python3.8/site-packages/airflow/example_dags/example_sensors.py for tasks to queue
[2026-06-03T13:27:34.664+0000] {logging_mixin.py:188} INFO - [2026-06-03T13:27:34.664+0000] {dagbag.py:538} INFO - Filling up the DagBag from /home/airflow/.local/lib/python3.8/site-packages/airflow/example_dags/example_sensors.py
[2026-06-03T13:27:34.705+0000] {processor.py:840} INFO - DAG(s) 'example_sensors' retrieved from /home/airflow/.local/lib/python3.8/site-packages/airflow/example_dags/example_sensors.py
[2026-06-03T13:27:34.753+0000] {logging_mixin.py:188} INFO - [2026-06-03T13:27:34.753+0000] {dag.py:3033} INFO - Sync 1 DAGs
[2026-06-03T13:27:34.775+0000] {logging_mixin.py:188} INFO - [2026-06-03T13:27:34.774+0000] {dag.py:3820} INFO - Setting next_dagrun for example_sensors to None, run_after=None
[2026-06-03T13:27:34.795+0000] {processor.py:183} INFO - Processing /home/airflow/.local/lib/python3.8/site-packages/airflow/example_dags/example_sensors.py took 0.144 seconds
[2026-06-03T13:28:04.994+0000] {processor.py:161} INFO - Started process (PID=1561) to work on /home/airflow/.local/lib/python3.8/site-packages/airflow/example_dags/example_sensors.py
[2026-06-03T13:28:04.995+0000] {processor.py:830} INFO - Processing file /home/airflow/.local/lib/python3.8/site-packages/airflow/example_dags/example_sensors.py for tasks to queue
[2026-06-03T13:28:04.998+0000] {logging_mixin.py:188} INFO - [2026-06-03T13:28:04.998+0000] {dagbag.py:538} INFO - Filling up the DagBag from /home/airflow/.local/lib/python3.8/site-packages/airflow/example_dags/example_sensors.py
[2026-06-03T13:28:05.011+0000] {processor.py:840} INFO - DAG(s) 'example_sensors' retrieved from /home/airflow/.local/lib/python3.8/site-packages/airflow/example_dags/example_sensors.py
[2026-06-03T13:28:05.039+0000] {logging_mixin.py:188} INFO - [2026-06-03T13:28:05.039+0000] {dag.py:3033} INFO - Sync 1 DAGs
[2026-06-03T13:28:05.052+0000] {logging_mixin.py:188} INFO - [2026-06-03T13:28:05.052+0000] {dag.py:3820} INFO - Setting next_dagrun for example_sensors to None, run_after=None
[2026-06-03T13:28:05.071+0000] {processor.py:183} INFO - Processing /home/airflow/.local/lib/python3.8/site-packages/airflow/example_dags/example_sensors.py took 0.093 seconds
[2026-06-03T13:28:35.226+0000] {processor.py:161} INFO - Started process (PID=1617) to work on /home/airflow/.local/lib/python3.8/site-packages/airflow/example_dags/example_sensors.py
[2026-06-03T13:28:35.227+0000] {processor.py:830} INFO - Processing file /home/airflow/.local/lib/python3.8/site-packages/airflow/example_dags/example_sensors.py for tasks to queue
[2026-06-03T13:28:35.229+0000] {logging_mixin.py:188} INFO - [2026-06-03T13:28:35.229+0000] {dagbag.py:538} INFO - Filling up the DagBag from /home/airflow/.local/lib/python3.8/site-packages/airflow/example_dags/example_sensors.py
[2026-06-03T13:28:35.242+0000] {processor.py:840} INFO - DAG(s) 'example_sensors' retrieved from /home/airflow/.local/lib/python3.8/site-packages/airflow/example_dags/example_sensors.py
[2026-06-03T13:28:35.268+0000] {logging_mixin.py:188} INFO - [2026-06-03T13:28:35.268+0000] {dag.py:3033} INFO - Sync 1 DAGs
[2026-06-03T13:28:35.279+0000] {logging_mixin.py:188} INFO - [2026-06-03T13:28:35.279+0000] {dag.py:3820} INFO - Setting next_dagrun for example_sensors to None, run_after=None
[2026-06-03T13:28:35.292+0000] {processor.py:183} INFO - Processing /home/airflow/.local/lib/python3.8/site-packages/airflow/example_dags/example_sensors.py took 0.071 seconds
[2026-06-03T13:29:05.380+0000] {processor.py:161} INFO - Started process (PID=1673) to work on /home/airflow/.local/lib/python3.8/site-packages/airflow/example_dags/example_sensors.py
[2026-06-03T13:29:05.383+0000] {processor.py:830} INFO - Processing file /home/airflow/.local/lib/python3.8/site-packages/airflow/example_dags/example_sensors.py for tasks to queue
[2026-06-03T13:29:05.386+0000] {logging_mixin.py:188} INFO - [2026-06-03T13:29:05.386+0000] {dagbag.py:538} INFO - Filling up the DagBag from /home/airflow/.local/lib/python3.8/site-packages/airflow/example_dags/example_sensors.py
[2026-06-03T13:29:05.398+0000] {processor.py:840} INFO - DAG(s) 'example_sensors' retrieved from /home/airflow/.local/lib/python3.8/site-packages/airflow/example_dags/example_sensors.py
[2026-06-03T13:29:05.431+0000] {logging_mixin.py:188} INFO - [2026-06-03T13:29:05.431+0000] {dag.py:3033} INFO - Sync 1 DAGs
[2026-06-03T13:29:05.446+0000] {logging_mixin.py:188} INFO - [2026-06-03T13:29:05.446+0000] {dag.py:3820} INFO - Setting next_dagrun for example_sensors to None, run_after=None
[2026-06-03T13:29:05.458+0000] {processor.py:183} INFO - Processing /home/airflow/.local/lib/python3.8/site-packages/airflow/example_dags/example_sensors.py took 0.089 seconds
[2026-06-03T13:29:35.792+0000] {processor.py:161} INFO - Started process (PID=1729) to work on /home/airflow/.local/lib/python3.8/site-packages/airflow/example_dags/example_sensors.py
[2026-06-03T13:29:35.793+0000] {processor.py:830} INFO - Processing file /home/airflow/.local/lib/python3.8/site-packages/airflow/example_dags/example_sensors.py for tasks to queue
[2026-06-03T13:29:35.797+0000] {logging_mixin.py:188} INFO - [2026-06-03T13:29:35.797+0000] {dagbag.py:538} INFO - Filling up the DagBag from /home/airflow/.local/lib/python3.8/site-packages/airflow/example_dags/example_sensors.py
[2026-06-03T13:29:35.818+0000] {processor.py:840} INFO - DAG(s) 'example_sensors' retrieved from /home/airflow/.local/lib/python3.8/site-packages/airflow/example_dags/example_sensors.py
[2026-06-03T13:29:35.862+0000] {logging_mixin.py:188} INFO - [2026-06-03T13:29:35.861+0000] {dag.py:3033} INFO - Sync 1 DAGs
[2026-06-03T13:29:35.872+0000] {logging_mixin.py:188} INFO - [2026-06-03T13:29:35.872+0000] {dag.py:3820} INFO - Setting next_dagrun for example_sensors to None, run_after=None
[2026-06-03T13:29:35.897+0000] {processor.py:183} INFO - Processing /home/airflow/.local/lib/python3.8/site-packages/airflow/example_dags/example_sensors.py took 0.111 seconds
[2026-06-03T13:30:06.454+0000] {processor.py:161} INFO - Started process (PID=1785) to work on /home/airflow/.local/lib/python3.8/site-packages/airflow/example_dags/example_sensors.py
[2026-06-03T13:30:06.459+0000] {processor.py:830} INFO - Processing file /home/airflow/.local/lib/python3.8/site-packages/airflow/example_dags/example_sensors.py for tasks to queue
[2026-06-03T13:30:06.466+0000] {logging_mixin.py:188} INFO - [2026-06-03T13:30:06.465+0000] {dagbag.py:538} INFO - Filling up the DagBag from /home/airflow/.local/lib/python3.8/site-packages/airflow/example_dags/example_sensors.py
[2026-06-03T13:30:06.503+0000] {processor.py:840} INFO - DAG(s) 'example_sensors' retrieved from /home/airflow/.local/lib/python3.8/site-packages/airflow/example_dags/example_sensors.py
[2026-06-03T13:30:06.582+0000] {logging_mixin.py:188} INFO - [2026-06-03T13:30:06.582+0000] {dag.py:3033} INFO - Sync 1 DAGs
[2026-06-03T13:30:06.601+0000] {logging_mixin.py:188} INFO - [2026-06-03T13:30:06.600+0000] {dag.py:3820} INFO - Setting next_dagrun for example_sensors to None, run_after=None
[2026-06-03T13:30:06.619+0000] {processor.py:183} INFO - Processing /home/airflow/.local/lib/python3.8/site-packages/airflow/example_dags/example_sensors.py took 0.190 seconds
[2026-06-03T13:30:36.750+0000] {processor.py:161} INFO - Started process (PID=1841) to work on /home/airflow/.local/lib/python3.8/site-packages/airflow/example_dags/example_sensors.py
[2026-06-03T13:30:36.753+0000] {processor.py:830} INFO - Processing file /home/airflow/.local/lib/python3.8/site-packages/airflow/example_dags/example_sensors.py for tasks to queue
[2026-06-03T13:30:36.759+0000] {logging_mixin.py:188} INFO - [2026-06-03T13:30:36.759+0000] {dagbag.py:538} INFO - Filling up the DagBag from /home/airflow/.local/lib/python3.8/site-packages/airflow/example_dags/example_sensors.py
[2026-06-03T13:30:36.771+0000] {processor.py:840} INFO - DAG(s) 'example_sensors' retrieved from /home/airflow/.local/lib/python3.8/site-packages/airflow/example_dags/example_sensors.py
[2026-06-03T13:30:36.814+0000] {logging_mixin.py:188} INFO - [2026-06-03T13:30:36.813+0000] {dag.py:3033} INFO - Sync 1 DAGs
[2026-06-03T13:30:36.839+0000] {logging_mixin.py:188} INFO - [2026-06-03T13:30:36.839+0000] {dag.py:3820} INFO - Setting next_dagrun for example_sensors to None, run_after=None
[2026-06-03T13:30:36.862+0000] {processor.py:183} INFO - Processing /home/airflow/.local/lib/python3.8/site-packages/airflow/example_dags/example_sensors.py took 0.131 seconds
[2026-06-03T13:31:07.137+0000] {processor.py:161} INFO - Started process (PID=1897) to work on /home/airflow/.local/lib/python3.8/site-packages/airflow/example_dags/example_sensors.py
[2026-06-03T13:31:07.140+0000] {processor.py:830} INFO - Processing file /home/airflow/.local/lib/python3.8/site-packages/airflow/example_dags/example_sensors.py for tasks to queue
[2026-06-03T13:31:07.147+0000] {logging_mixin.py:188} INFO - [2026-06-03T13:31:07.146+0000] {dagbag.py:538} INFO - Filling up the DagBag from /home/airflow/.local/lib/python3.8/site-packages/airflow/example_dags/example_sensors.py
[2026-06-03T13:31:07.180+0000] {processor.py:840} INFO - DAG(s) 'example_sensors' retrieved from /home/airflow/.local/lib/python3.8/site-packages/airflow/example_dags/example_sensors.py
[2026-06-03T13:31:07.239+0000] {logging_mixin.py:188} INFO - [2026-06-03T13:31:07.239+0000] {dag.py:3033} INFO - Sync 1 DAGs
[2026-06-03T13:31:07.258+0000] {logging_mixin.py:188} INFO - [2026-06-03T13:31:07.258+0000] {dag.py:3820} INFO - Setting next_dagrun for example_sensors to None, run_after=None
[2026-06-03T13:31:07.280+0000] {processor.py:183} INFO - Processing /home/airflow/.local/lib/python3.8/site-packages/airflow/example_dags/example_sensors.py took 0.154 seconds
[2026-06-03T13:31:37.677+0000] {processor.py:161} INFO - Started process (PID=1953) to work on /home/airflow/.local/lib/python3.8/site-packages/airflow/example_dags/example_sensors.py
[2026-06-03T13:31:37.683+0000] {processor.py:830} INFO - Processing file /home/airflow/.local/lib/python3.8/site-packages/airflow/example_dags/example_sensors.py for tasks to queue
[2026-06-03T13:31:37.688+0000] {logging_mixin.py:188} INFO - [2026-06-03T13:31:37.687+0000] {dagbag.py:538} INFO - Filling up the DagBag from /home/airflow/.local/lib/python3.8/site-packages/airflow/example_dags/example_sensors.py
[2026-06-03T13:31:37.700+0000] {processor.py:840} INFO - DAG(s) 'example_sensors' retrieved from /home/airflow/.local/lib/python3.8/site-packages/airflow/example_dags/example_sensors.py
[2026-06-03T13:31:37.740+0000] {logging_mixin.py:188} INFO - [2026-06-03T13:31:37.740+0000] {dag.py:3033} INFO - Sync 1 DAGs
[2026-06-03T13:31:37.758+0000] {logging_mixin.py:188} INFO - [2026-06-03T13:31:37.758+0000] {dag.py:3820} INFO - Setting next_dagrun for example_sensors to None, run_after=None
[2026-06-03T13:31:37.775+0000] {processor.py:183} INFO - Processing /home/airflow/.local/lib/python3.8/site-packages/airflow/example_dags/example_sensors.py took 0.116 seconds
[2026-06-03T13:32:07.854+0000] {processor.py:161} INFO - Started process (PID=2009) to work on /home/airflow/.local/lib/python3.8/site-packages/airflow/example_dags/example_sensors.py
[2026-06-03T13:32:07.858+0000] {processor.py:830} INFO - Processing file /home/airflow/.local/lib/python3.8/site-packages/airflow/example_dags/example_sensors.py for tasks to queue
[2026-06-03T13:32:07.863+0000] {logging_mixin.py:188} INFO - [2026-06-03T13:32:07.863+0000] {dagbag.py:538} INFO - Filling up the DagBag from /home/airflow/.local/lib/python3.8/site-packages/airflow/example_dags/example_sensors.py
[2026-06-03T13:32:07.874+0000] {processor.py:840} INFO - DAG(s) 'example_sensors' retrieved from /home/airflow/.local/lib/python3.8/site-packages/airflow/example_dags/example_sensors.py
[2026-06-03T13:32:07.915+0000] {logging_mixin.py:188} INFO - [2026-06-03T13:32:07.915+0000] {dag.py:3033} INFO - Sync 1 DAGs
[2026-06-03T13:32:07.931+0000] {logging_mixin.py:188} INFO - [2026-06-03T13:32:07.931+0000] {dag.py:3820} INFO - Setting next_dagrun for example_sensors to None, run_after=None
[2026-06-03T13:32:07.957+0000] {processor.py:183} INFO - Processing /home/airflow/.local/lib/python3.8/site-packages/airflow/example_dags/example_sensors.py took 0.127 seconds
[2026-06-03T13:32:38.946+0000] {processor.py:161} INFO - Started process (PID=2065) to work on /home/airflow/.local/lib/python3.8/site-packages/airflow/example_dags/example_sensors.py
[2026-06-03T13:32:38.948+0000] {processor.py:830} INFO - Processing file /home/airflow/.local/lib/python3.8/site-packages/airflow/example_dags/example_sensors.py for tasks to queue
[2026-06-03T13:32:38.953+0000] {logging_mixin.py:188} INFO - [2026-06-03T13:32:38.953+0000] {dagbag.py:538} INFO - Filling up the DagBag from /home/airflow/.local/lib/python3.8/site-packages/airflow/example_dags/example_sensors.py
[2026-06-03T13:32:38.976+0000] {processor.py:840} INFO - DAG(s) 'example_sensors' retrieved from /home/airflow/.local/lib/python3.8/site-packages/airflow/example_dags/example_sensors.py
[2026-06-03T13:32:39.014+0000] {logging_mixin.py:188} INFO - [2026-06-03T13:32:39.014+0000] {dag.py:3033} INFO - Sync 1 DAGs
[2026-06-03T13:32:39.032+0000] {logging_mixin.py:188} INFO - [2026-06-03T13:32:39.032+0000] {dag.py:3820} INFO - Setting next_dagrun for example_sensors to None, run_after=None
[2026-06-03T13:32:39.051+0000] {processor.py:183} INFO - Processing /home/airflow/.local/lib/python3.8/site-packages/airflow/example_dags/example_sensors.py took 0.114 seconds
[2026-06-03T13:33:09.265+0000] {processor.py:161} INFO - Started process (PID=2121) to work on /home/airflow/.local/lib/python3.8/site-packages/airflow/example_dags/example_sensors.py
[2026-06-03T13:33:09.268+0000] {processor.py:830} INFO - Processing file /home/airflow/.local/lib/python3.8/site-packages/airflow/example_dags/example_sensors.py for tasks to queue
[2026-06-03T13:33:09.277+0000] {logging_mixin.py:188} INFO - [2026-06-03T13:33:09.274+0000] {dagbag.py:538} INFO - Filling up the DagBag from /home/airflow/.local/lib/python3.8/site-packages/airflow/example_dags/example_sensors.py
[2026-06-03T13:33:09.305+0000] {processor.py:840} INFO - DAG(s) 'example_sensors' retrieved from /home/airflow/.local/lib/python3.8/site-packages/airflow/example_dags/example_sensors.py
[2026-06-03T13:33:09.354+0000] {logging_mixin.py:188} INFO - [2026-06-03T13:33:09.354+0000] {dag.py:3033} INFO - Sync 1 DAGs
[2026-06-03T13:33:09.368+0000] {logging_mixin.py:188} INFO - [2026-06-03T13:33:09.368+0000] {dag.py:3820} INFO - Setting next_dagrun for example_sensors to None, run_after=None
[2026-06-03T13:33:09.385+0000] {processor.py:183} INFO - Processing /home/airflow/.local/lib/python3.8/site-packages/airflow/example_dags/example_sensors.py took 0.128 seconds
[2026-06-03T13:33:39.787+0000] {processor.py:161} INFO - Started process (PID=2177) to work on /home/airflow/.local/lib/python3.8/site-packages/airflow/example_dags/example_sensors.py
[2026-06-03T13:33:39.789+0000] {processor.py:830} INFO - Processing file /home/airflow/.local/lib/python3.8/site-packages/airflow/example_dags/example_sensors.py for tasks to queue
[2026-06-03T13:33:39.795+0000] {logging_mixin.py:188} INFO - [2026-06-03T13:33:39.795+0000] {dagbag.py:538} INFO - Filling up the DagBag from /home/airflow/.local/lib/python3.8/site-packages/airflow/example_dags/example_sensors.py
[2026-06-03T13:33:39.814+0000] {processor.py:840} INFO - DAG(s) 'example_sensors' retrieved from /home/airflow/.local/lib/python3.8/site-packages/airflow/example_dags/example_sensors.py
[2026-06-03T13:33:39.861+0000] {logging_mixin.py:188} INFO - [2026-06-03T13:33:39.861+0000] {dag.py:3033} INFO - Sync 1 DAGs
[2026-06-03T13:33:39.882+0000] {logging_mixin.py:188} INFO - [2026-06-03T13:33:39.882+0000] {dag.py:3820} INFO - Setting next_dagrun for example_sensors to None, run_after=None
[2026-06-03T13:33:39.906+0000] {processor.py:183} INFO - Processing /home/airflow/.local/lib/python3.8/site-packages/airflow/example_dags/example_sensors.py took 0.129 seconds
[2026-06-03T13:34:10.608+0000] {processor.py:161} INFO - Started process (PID=2233) to work on /home/airflow/.local/lib/python3.8/site-packages/airflow/example_dags/example_sensors.py
[2026-06-03T13:34:10.611+0000] {processor.py:830} INFO - Processing file /home/airflow/.local/lib/python3.8/site-packages/airflow/example_dags/example_sensors.py for tasks to queue
[2026-06-03T13:34:10.616+0000] {logging_mixin.py:188} INFO - [2026-06-03T13:34:10.616+0000] {dagbag.py:538} INFO - Filling up the DagBag from /home/airflow/.local/lib/python3.8/site-packages/airflow/example_dags/example_sensors.py
[2026-06-03T13:34:10.630+0000] {processor.py:840} INFO - DAG(s) 'example_sensors' retrieved from /home/airflow/.local/lib/python3.8/site-packages/airflow/example_dags/example_sensors.py
[2026-06-03T13:34:10.673+0000] {logging_mixin.py:188} INFO - [2026-06-03T13:34:10.673+0000] {dag.py:3033} INFO - Sync 1 DAGs
[2026-06-03T13:34:10.843+0000] {logging_mixin.py:188} INFO - [2026-06-03T13:34:10.843+0000] {dag.py:3820} INFO - Setting next_dagrun for example_sensors to None, run_after=None
[2026-06-03T13:34:10.858+0000] {processor.py:183} INFO - Processing /home/airflow/.local/lib/python3.8/site-packages/airflow/example_dags/example_sensors.py took 0.258 seconds
[2026-06-03T13:34:41.491+0000] {processor.py:161} INFO - Started process (PID=2289) to work on /home/airflow/.local/lib/python3.8/site-packages/airflow/example_dags/example_sensors.py
[2026-06-03T13:34:41.493+0000] {processor.py:830} INFO - Processing file /home/airflow/.local/lib/python3.8/site-packages/airflow/example_dags/example_sensors.py for tasks to queue
[2026-06-03T13:34:41.498+0000] {logging_mixin.py:188} INFO - [2026-06-03T13:34:41.497+0000] {dagbag.py:538} INFO - Filling up the DagBag from /home/airflow/.local/lib/python3.8/site-packages/airflow/example_dags/example_sensors.py
[2026-06-03T13:34:41.527+0000] {processor.py:840} INFO - DAG(s) 'example_sensors' retrieved from /home/airflow/.local/lib/python3.8/site-packages/airflow/example_dags/example_sensors.py
[2026-06-03T13:34:41.570+0000] {logging_mixin.py:188} INFO - [2026-06-03T13:34:41.570+0000] {dag.py:3033} INFO - Sync 1 DAGs
[2026-06-03T13:34:41.581+0000] {logging_mixin.py:188} INFO - [2026-06-03T13:34:41.581+0000] {dag.py:3820} INFO - Setting next_dagrun for example_sensors to None, run_after=None
[2026-06-03T13:34:41.606+0000] {processor.py:183} INFO - Processing /home/airflow/.local/lib/python3.8/site-packages/airflow/example_dags/example_sensors.py took 0.125 seconds
[2026-06-03T13:35:12.177+0000] {processor.py:161} INFO - Started process (PID=2345) to work on /home/airflow/.local/lib/python3.8/site-packages/airflow/example_dags/example_sensors.py
[2026-06-03T13:35:12.181+0000] {processor.py:830} INFO - Processing file /home/airflow/.local/lib/python3.8/site-packages/airflow/example_dags/example_sensors.py for tasks to queue
[2026-06-03T13:35:12.201+0000] {logging_mixin.py:188} INFO - [2026-06-03T13:35:12.200+0000] {dagbag.py:538} INFO - Filling up the DagBag from /home/airflow/.local/lib/python3.8/site-packages/airflow/example_dags/example_sensors.py
[2026-06-03T13:35:12.224+0000] {processor.py:840} INFO - DAG(s) 'example_sensors' retrieved from /home/airflow/.local/lib/python3.8/site-packages/airflow/example_dags/example_sensors.py
[2026-06-03T13:35:12.290+0000] {logging_mixin.py:188} INFO - [2026-06-03T13:35:12.290+0000] {dag.py:3033} INFO - Sync 1 DAGs
[2026-06-03T13:35:12.311+0000] {logging_mixin.py:188} INFO - [2026-06-03T13:35:12.310+0000] {dag.py:3820} INFO - Setting next_dagrun for example_sensors to None, run_after=None
[2026-06-03T13:35:12.342+0000] {processor.py:183} INFO - Processing /home/airflow/.local/lib/python3.8/site-packages/airflow/example_dags/example_sensors.py took 0.212 seconds
[2026-06-03T13:35:42.760+0000] {processor.py:161} INFO - Started process (PID=2401) to work on /home/airflow/.local/lib/python3.8/site-packages/airflow/example_dags/example_sensors.py
[2026-06-03T13:35:42.767+0000] {processor.py:830} INFO - Processing file /home/airflow/.local/lib/python3.8/site-packages/airflow/example_dags/example_sensors.py for tasks to queue
[2026-06-03T13:35:42.778+0000] {logging_mixin.py:188} INFO - [2026-06-03T13:35:42.777+0000] {dagbag.py:538} INFO - Filling up the DagBag from /home/airflow/.local/lib/python3.8/site-packages/airflow/example_dags/example_sensors.py
[2026-06-03T13:35:42.807+0000] {processor.py:840} INFO - DAG(s) 'example_sensors' retrieved from /home/airflow/.local/lib/python3.8/site-packages/airflow/example_dags/example_sensors.py
[2026-06-03T13:35:42.863+0000] {logging_mixin.py:188} INFO - [2026-06-03T13:35:42.863+0000] {dag.py:3033} INFO - Sync 1 DAGs
[2026-06-03T13:35:42.906+0000] {logging_mixin.py:188} INFO - [2026-06-03T13:35:42.905+0000] {dag.py:3820} INFO - Setting next_dagrun for example_sensors to None, run_after=None
[2026-06-03T13:35:42.928+0000] {processor.py:183} INFO - Processing /home/airflow/.local/lib/python3.8/site-packages/airflow/example_dags/example_sensors.py took 0.188 seconds
[2026-06-03T13:36:13.063+0000] {processor.py:161} INFO - Started process (PID=2457) to work on /home/airflow/.local/lib/python3.8/site-packages/airflow/example_dags/example_sensors.py
[2026-06-03T13:36:13.065+0000] {processor.py:830} INFO - Processing file /home/airflow/.local/lib/python3.8/site-packages/airflow/example_dags/example_sensors.py for tasks to queue
[2026-06-03T13:36:13.070+0000] {logging_mixin.py:188} INFO - [2026-06-03T13:36:13.069+0000] {dagbag.py:538} INFO - Filling up the DagBag from /home/airflow/.local/lib/python3.8/site-packages/airflow/example_dags/example_sensors.py
[2026-06-03T13:36:13.098+0000] {processor.py:840} INFO - DAG(s) 'example_sensors' retrieved from /home/airflow/.local/lib/python3.8/site-packages/airflow/example_dags/example_sensors.py
[2026-06-03T13:36:13.134+0000] {logging_mixin.py:188} INFO - [2026-06-03T13:36:13.134+0000] {dag.py:3033} INFO - Sync 1 DAGs
[2026-06-03T13:36:13.339+0000] {logging_mixin.py:188} INFO - [2026-06-03T13:36:13.339+0000] {dag.py:3820} INFO - Setting next_dagrun for example_sensors to None, run_after=None
[2026-06-03T13:36:13.351+0000] {processor.py:183} INFO - Processing /home/airflow/.local/lib/python3.8/site-packages/airflow/example_dags/example_sensors.py took 0.296 seconds
[2026-06-03T13:36:44.285+0000] {processor.py:161} INFO - Started process (PID=2513) to work on /home/airflow/.local/lib/python3.8/site-packages/airflow/example_dags/example_sensors.py
[2026-06-03T13:36:44.287+0000] {processor.py:830} INFO - Processing file /home/airflow/.local/lib/python3.8/site-packages/airflow/example_dags/example_sensors.py for tasks to queue
[2026-06-03T13:36:44.293+0000] {logging_mixin.py:188} INFO - [2026-06-03T13:36:44.293+0000] {dagbag.py:538} INFO - Filling up the DagBag from /home/airflow/.local/lib/python3.8/site-packages/airflow/example_dags/example_sensors.py
[2026-06-03T13:36:44.304+0000] {processor.py:840} INFO - DAG(s) 'example_sensors' retrieved from /home/airflow/.local/lib/python3.8/site-packages/airflow/example_dags/example_sensors.py
[2026-06-03T13:36:44.357+0000] {logging_mixin.py:188} INFO - [2026-06-03T13:36:44.356+0000] {dag.py:3033} INFO - Sync 1 DAGs
[2026-06-03T13:36:44.566+0000] {logging_mixin.py:188} INFO - [2026-06-03T13:36:44.565+0000] {dag.py:3820} INFO - Setting next_dagrun for example_sensors to None, run_after=None
[2026-06-03T13:36:44.579+0000] {processor.py:183} INFO - Processing /home/airflow/.local/lib/python3.8/site-packages/airflow/example_dags/example_sensors.py took 0.319 seconds
[2026-06-03T13:37:14.939+0000] {processor.py:161} INFO - Started process (PID=2569) to work on /home/airflow/.local/lib/python3.8/site-packages/airflow/example_dags/example_sensors.py
[2026-06-03T13:37:14.941+0000] {processor.py:830} INFO - Processing file /home/airflow/.local/lib/python3.8/site-packages/airflow/example_dags/example_sensors.py for tasks to queue
[2026-06-03T13:37:14.958+0000] {logging_mixin.py:188} INFO - [2026-06-03T13:37:14.958+0000] {dagbag.py:538} INFO - Filling up the DagBag from /home/airflow/.local/lib/python3.8/site-packages/airflow/example_dags/example_sensors.py
[2026-06-03T13:37:14.969+0000] {processor.py:840} INFO - DAG(s) 'example_sensors' retrieved from /home/airflow/.local/lib/python3.8/site-packages/airflow/example_dags/example_sensors.py
[2026-06-03T13:37:14.997+0000] {logging_mixin.py:188} INFO - [2026-06-03T13:37:14.997+0000] {dag.py:3033} INFO - Sync 1 DAGs
[2026-06-03T13:37:15.023+0000] {logging_mixin.py:188} INFO - [2026-06-03T13:37:15.022+0000] {dag.py:3820} INFO - Setting next_dagrun for example_sensors to None, run_after=None
[2026-06-03T13:37:15.071+0000] {processor.py:183} INFO - Processing /home/airflow/.local/lib/python3.8/site-packages/airflow/example_dags/example_sensors.py took 0.140 seconds
[2026-06-03T13:37:45.667+0000] {processor.py:161} INFO - Started process (PID=2625) to work on /home/airflow/.local/lib/python3.8/site-packages/airflow/example_dags/example_sensors.py
[2026-06-03T13:37:45.671+0000] {processor.py:830} INFO - Processing file /home/airflow/.local/lib/python3.8/site-packages/airflow/example_dags/example_sensors.py for tasks to queue
[2026-06-03T13:37:45.686+0000] {logging_mixin.py:188} INFO - [2026-06-03T13:37:45.686+0000] {dagbag.py:538} INFO - Filling up the DagBag from /home/airflow/.local/lib/python3.8/site-packages/airflow/example_dags/example_sensors.py
[2026-06-03T13:37:45.701+0000] {processor.py:840} INFO - DAG(s) 'example_sensors' retrieved from /home/airflow/.local/lib/python3.8/site-packages/airflow/example_dags/example_sensors.py
[2026-06-03T13:37:45.749+0000] {logging_mixin.py:188} INFO - [2026-06-03T13:37:45.749+0000] {dag.py:3033} INFO - Sync 1 DAGs
[2026-06-03T13:37:45.760+0000] {logging_mixin.py:188} INFO - [2026-06-03T13:37:45.760+0000] {dag.py:3820} INFO - Setting next_dagrun for example_sensors to None, run_after=None
[2026-06-03T13:37:45.796+0000] {processor.py:183} INFO - Processing /home/airflow/.local/lib/python3.8/site-packages/airflow/example_dags/example_sensors.py took 0.138 seconds
[2026-06-03T13:38:15.949+0000] {processor.py:161} INFO - Started process (PID=2682) to work on /home/airflow/.local/lib/python3.8/site-packages/airflow/example_dags/example_sensors.py
[2026-06-03T13:38:15.951+0000] {processor.py:830} INFO - Processing file /home/airflow/.local/lib/python3.8/site-packages/airflow/example_dags/example_sensors.py for tasks to queue
[2026-06-03T13:38:15.957+0000] {logging_mixin.py:188} INFO - [2026-06-03T13:38:15.956+0000] {dagbag.py:538} INFO - Filling up the DagBag from /home/airflow/.local/lib/python3.8/site-packages/airflow/example_dags/example_sensors.py
[2026-06-03T13:38:15.977+0000] {processor.py:840} INFO - DAG(s) 'example_sensors' retrieved from /home/airflow/.local/lib/python3.8/site-packages/airflow/example_dags/example_sensors.py
[2026-06-03T13:38:16.556+0000] {logging_mixin.py:188} INFO - [2026-06-03T13:38:16.556+0000] {dag.py:3033} INFO - Sync 1 DAGs
[2026-06-03T13:38:16.566+0000] {logging_mixin.py:188} INFO - [2026-06-03T13:38:16.566+0000] {dag.py:3820} INFO - Setting next_dagrun for example_sensors to None, run_after=None
[2026-06-03T13:38:16.584+0000] {processor.py:183} INFO - Processing /home/airflow/.local/lib/python3.8/site-packages/airflow/example_dags/example_sensors.py took 0.645 seconds
