[2026-06-03T11:48:41.768+0000] {processor.py:161} INFO - Started process (PID=62) to work on /home/airflow/.local/lib/python3.8/site-packages/airflow/example_dags/example_branch_operator_decorator.py
[2026-06-03T11:48:41.770+0000] {processor.py:830} INFO - Processing file /home/airflow/.local/lib/python3.8/site-packages/airflow/example_dags/example_branch_operator_decorator.py for tasks to queue
[2026-06-03T11:48:41.772+0000] {logging_mixin.py:188} INFO - [2026-06-03T11:48:41.772+0000] {dagbag.py:538} INFO - Filling up the DagBag from /home/airflow/.local/lib/python3.8/site-packages/airflow/example_dags/example_branch_operator_decorator.py
[2026-06-03T11:48:41.791+0000] {processor.py:840} INFO - DAG(s) 'example_branch_python_operator_decorator' retrieved from /home/airflow/.local/lib/python3.8/site-packages/airflow/example_dags/example_branch_operator_decorator.py
[2026-06-03T11:48:41.798+0000] {logging_mixin.py:188} INFO - [2026-06-03T11:48:41.798+0000] {dag.py:3033} INFO - Sync 1 DAGs
[2026-06-03T11:48:41.811+0000] {logging_mixin.py:188} INFO - [2026-06-03T11:48:41.810+0000] {dag.py:3820} INFO - Setting next_dagrun for example_branch_python_operator_decorator to 2026-06-02T00:00:00+00:00, run_after=2026-06-03T00:00:00+00:00
[2026-06-03T11:48:41.834+0000] {processor.py:183} INFO - Processing /home/airflow/.local/lib/python3.8/site-packages/airflow/example_dags/example_branch_operator_decorator.py took 0.068 seconds
[2026-06-03T11:49:12.671+0000] {processor.py:161} INFO - Started process (PID=117) to work on /home/airflow/.local/lib/python3.8/site-packages/airflow/example_dags/example_branch_operator_decorator.py
[2026-06-03T11:49:12.671+0000] {processor.py:830} INFO - Processing file /home/airflow/.local/lib/python3.8/site-packages/airflow/example_dags/example_branch_operator_decorator.py for tasks to queue
[2026-06-03T11:49:12.673+0000] {logging_mixin.py:188} INFO - [2026-06-03T11:49:12.672+0000] {dagbag.py:538} INFO - Filling up the DagBag from /home/airflow/.local/lib/python3.8/site-packages/airflow/example_dags/example_branch_operator_decorator.py
[2026-06-03T11:49:12.683+0000] {processor.py:840} INFO - DAG(s) 'example_branch_python_operator_decorator' retrieved from /home/airflow/.local/lib/python3.8/site-packages/airflow/example_dags/example_branch_operator_decorator.py
[2026-06-03T11:49:12.737+0000] {logging_mixin.py:188} INFO - [2026-06-03T11:49:12.737+0000] {dag.py:3033} INFO - Sync 1 DAGs
[2026-06-03T11:49:12.747+0000] {logging_mixin.py:188} INFO - [2026-06-03T11:49:12.747+0000] {dag.py:3820} INFO - Setting next_dagrun for example_branch_python_operator_decorator to 2026-06-02T00:00:00+00:00, run_after=2026-06-03T00:00:00+00:00
[2026-06-03T11:49:12.760+0000] {processor.py:183} INFO - Processing /home/airflow/.local/lib/python3.8/site-packages/airflow/example_dags/example_branch_operator_decorator.py took 0.091 seconds
[2026-06-03T11:49:43.780+0000] {processor.py:161} INFO - Started process (PID=172) to work on /home/airflow/.local/lib/python3.8/site-packages/airflow/example_dags/example_branch_operator_decorator.py
[2026-06-03T11:49:43.781+0000] {processor.py:830} INFO - Processing file /home/airflow/.local/lib/python3.8/site-packages/airflow/example_dags/example_branch_operator_decorator.py for tasks to queue
[2026-06-03T11:49:43.783+0000] {logging_mixin.py:188} INFO - [2026-06-03T11:49:43.782+0000] {dagbag.py:538} INFO - Filling up the DagBag from /home/airflow/.local/lib/python3.8/site-packages/airflow/example_dags/example_branch_operator_decorator.py
[2026-06-03T11:49:43.797+0000] {processor.py:840} INFO - DAG(s) 'example_branch_python_operator_decorator' retrieved from /home/airflow/.local/lib/python3.8/site-packages/airflow/example_dags/example_branch_operator_decorator.py
[2026-06-03T11:49:43.816+0000] {logging_mixin.py:188} INFO - [2026-06-03T11:49:43.816+0000] {dag.py:3033} INFO - Sync 1 DAGs
[2026-06-03T11:49:43.831+0000] {logging_mixin.py:188} INFO - [2026-06-03T11:49:43.831+0000] {dag.py:3820} INFO - Setting next_dagrun for example_branch_python_operator_decorator to 2026-06-02T00:00:00+00:00, run_after=2026-06-03T00:00:00+00:00
[2026-06-03T11:49:43.843+0000] {processor.py:183} INFO - Processing /home/airflow/.local/lib/python3.8/site-packages/airflow/example_dags/example_branch_operator_decorator.py took 0.065 seconds
[2026-06-03T11:50:13.904+0000] {processor.py:161} INFO - Started process (PID=227) to work on /home/airflow/.local/lib/python3.8/site-packages/airflow/example_dags/example_branch_operator_decorator.py
[2026-06-03T11:50:13.905+0000] {processor.py:830} INFO - Processing file /home/airflow/.local/lib/python3.8/site-packages/airflow/example_dags/example_branch_operator_decorator.py for tasks to queue
[2026-06-03T11:50:13.907+0000] {logging_mixin.py:188} INFO - [2026-06-03T11:50:13.906+0000] {dagbag.py:538} INFO - Filling up the DagBag from /home/airflow/.local/lib/python3.8/site-packages/airflow/example_dags/example_branch_operator_decorator.py
[2026-06-03T11:50:13.917+0000] {processor.py:840} INFO - DAG(s) 'example_branch_python_operator_decorator' retrieved from /home/airflow/.local/lib/python3.8/site-packages/airflow/example_dags/example_branch_operator_decorator.py
[2026-06-03T11:50:13.937+0000] {logging_mixin.py:188} INFO - [2026-06-03T11:50:13.937+0000] {dag.py:3033} INFO - Sync 1 DAGs
[2026-06-03T11:50:13.948+0000] {logging_mixin.py:188} INFO - [2026-06-03T11:50:13.948+0000] {dag.py:3820} INFO - Setting next_dagrun for example_branch_python_operator_decorator to 2026-06-02T00:00:00+00:00, run_after=2026-06-03T00:00:00+00:00
[2026-06-03T11:50:13.956+0000] {processor.py:183} INFO - Processing /home/airflow/.local/lib/python3.8/site-packages/airflow/example_dags/example_branch_operator_decorator.py took 0.054 seconds
[2026-06-03T11:50:44.125+0000] {processor.py:161} INFO - Started process (PID=282) to work on /home/airflow/.local/lib/python3.8/site-packages/airflow/example_dags/example_branch_operator_decorator.py
[2026-06-03T11:50:44.126+0000] {processor.py:830} INFO - Processing file /home/airflow/.local/lib/python3.8/site-packages/airflow/example_dags/example_branch_operator_decorator.py for tasks to queue
[2026-06-03T11:50:44.128+0000] {logging_mixin.py:188} INFO - [2026-06-03T11:50:44.127+0000] {dagbag.py:538} INFO - Filling up the DagBag from /home/airflow/.local/lib/python3.8/site-packages/airflow/example_dags/example_branch_operator_decorator.py
[2026-06-03T11:50:44.136+0000] {processor.py:840} INFO - DAG(s) 'example_branch_python_operator_decorator' retrieved from /home/airflow/.local/lib/python3.8/site-packages/airflow/example_dags/example_branch_operator_decorator.py
[2026-06-03T11:50:44.152+0000] {logging_mixin.py:188} INFO - [2026-06-03T11:50:44.152+0000] {dag.py:3033} INFO - Sync 1 DAGs
[2026-06-03T11:50:44.163+0000] {logging_mixin.py:188} INFO - [2026-06-03T11:50:44.163+0000] {dag.py:3820} INFO - Setting next_dagrun for example_branch_python_operator_decorator to 2026-06-02T00:00:00+00:00, run_after=2026-06-03T00:00:00+00:00
[2026-06-03T11:50:44.177+0000] {processor.py:183} INFO - Processing /home/airflow/.local/lib/python3.8/site-packages/airflow/example_dags/example_branch_operator_decorator.py took 0.054 seconds
[2026-06-03T11:51:14.309+0000] {processor.py:161} INFO - Started process (PID=337) to work on /home/airflow/.local/lib/python3.8/site-packages/airflow/example_dags/example_branch_operator_decorator.py
[2026-06-03T11:51:14.310+0000] {processor.py:830} INFO - Processing file /home/airflow/.local/lib/python3.8/site-packages/airflow/example_dags/example_branch_operator_decorator.py for tasks to queue
[2026-06-03T11:51:14.312+0000] {logging_mixin.py:188} INFO - [2026-06-03T11:51:14.312+0000] {dagbag.py:538} INFO - Filling up the DagBag from /home/airflow/.local/lib/python3.8/site-packages/airflow/example_dags/example_branch_operator_decorator.py
[2026-06-03T11:51:14.324+0000] {processor.py:840} INFO - DAG(s) 'example_branch_python_operator_decorator' retrieved from /home/airflow/.local/lib/python3.8/site-packages/airflow/example_dags/example_branch_operator_decorator.py
[2026-06-03T11:51:14.339+0000] {logging_mixin.py:188} INFO - [2026-06-03T11:51:14.339+0000] {dag.py:3033} INFO - Sync 1 DAGs
[2026-06-03T11:51:14.352+0000] {logging_mixin.py:188} INFO - [2026-06-03T11:51:14.352+0000] {dag.py:3820} INFO - Setting next_dagrun for example_branch_python_operator_decorator to 2026-06-02T00:00:00+00:00, run_after=2026-06-03T00:00:00+00:00
[2026-06-03T11:51:14.364+0000] {processor.py:183} INFO - Processing /home/airflow/.local/lib/python3.8/site-packages/airflow/example_dags/example_branch_operator_decorator.py took 0.057 seconds
[2026-06-03T11:51:44.875+0000] {processor.py:161} INFO - Started process (PID=392) to work on /home/airflow/.local/lib/python3.8/site-packages/airflow/example_dags/example_branch_operator_decorator.py
[2026-06-03T11:51:44.876+0000] {processor.py:830} INFO - Processing file /home/airflow/.local/lib/python3.8/site-packages/airflow/example_dags/example_branch_operator_decorator.py for tasks to queue
[2026-06-03T11:51:44.877+0000] {logging_mixin.py:188} INFO - [2026-06-03T11:51:44.877+0000] {dagbag.py:538} INFO - Filling up the DagBag from /home/airflow/.local/lib/python3.8/site-packages/airflow/example_dags/example_branch_operator_decorator.py
[2026-06-03T11:51:44.888+0000] {processor.py:840} INFO - DAG(s) 'example_branch_python_operator_decorator' retrieved from /home/airflow/.local/lib/python3.8/site-packages/airflow/example_dags/example_branch_operator_decorator.py
[2026-06-03T11:51:44.900+0000] {logging_mixin.py:188} INFO - [2026-06-03T11:51:44.900+0000] {dag.py:3033} INFO - Sync 1 DAGs
[2026-06-03T11:51:44.917+0000] {logging_mixin.py:188} INFO - [2026-06-03T11:51:44.917+0000] {dag.py:3820} INFO - Setting next_dagrun for example_branch_python_operator_decorator to 2026-06-02T00:00:00+00:00, run_after=2026-06-03T00:00:00+00:00
[2026-06-03T11:51:44.929+0000] {processor.py:183} INFO - Processing /home/airflow/.local/lib/python3.8/site-packages/airflow/example_dags/example_branch_operator_decorator.py took 0.055 seconds
[2026-06-03T11:52:15.175+0000] {processor.py:161} INFO - Started process (PID=447) to work on /home/airflow/.local/lib/python3.8/site-packages/airflow/example_dags/example_branch_operator_decorator.py
[2026-06-03T11:52:15.176+0000] {processor.py:830} INFO - Processing file /home/airflow/.local/lib/python3.8/site-packages/airflow/example_dags/example_branch_operator_decorator.py for tasks to queue
[2026-06-03T11:52:15.179+0000] {logging_mixin.py:188} INFO - [2026-06-03T11:52:15.178+0000] {dagbag.py:538} INFO - Filling up the DagBag from /home/airflow/.local/lib/python3.8/site-packages/airflow/example_dags/example_branch_operator_decorator.py
[2026-06-03T11:52:15.188+0000] {processor.py:840} INFO - DAG(s) 'example_branch_python_operator_decorator' retrieved from /home/airflow/.local/lib/python3.8/site-packages/airflow/example_dags/example_branch_operator_decorator.py
[2026-06-03T11:52:15.210+0000] {logging_mixin.py:188} INFO - [2026-06-03T11:52:15.210+0000] {dag.py:3033} INFO - Sync 1 DAGs
[2026-06-03T11:52:15.224+0000] {logging_mixin.py:188} INFO - [2026-06-03T11:52:15.224+0000] {dag.py:3820} INFO - Setting next_dagrun for example_branch_python_operator_decorator to 2026-06-02T00:00:00+00:00, run_after=2026-06-03T00:00:00+00:00
[2026-06-03T11:52:15.244+0000] {processor.py:183} INFO - Processing /home/airflow/.local/lib/python3.8/site-packages/airflow/example_dags/example_branch_operator_decorator.py took 0.070 seconds
[2026-06-03T11:52:45.760+0000] {processor.py:161} INFO - Started process (PID=502) to work on /home/airflow/.local/lib/python3.8/site-packages/airflow/example_dags/example_branch_operator_decorator.py
[2026-06-03T11:52:45.761+0000] {processor.py:830} INFO - Processing file /home/airflow/.local/lib/python3.8/site-packages/airflow/example_dags/example_branch_operator_decorator.py for tasks to queue
[2026-06-03T11:52:45.763+0000] {logging_mixin.py:188} INFO - [2026-06-03T11:52:45.762+0000] {dagbag.py:538} INFO - Filling up the DagBag from /home/airflow/.local/lib/python3.8/site-packages/airflow/example_dags/example_branch_operator_decorator.py
[2026-06-03T11:52:45.775+0000] {processor.py:840} INFO - DAG(s) 'example_branch_python_operator_decorator' retrieved from /home/airflow/.local/lib/python3.8/site-packages/airflow/example_dags/example_branch_operator_decorator.py
[2026-06-03T11:52:45.797+0000] {logging_mixin.py:188} INFO - [2026-06-03T11:52:45.797+0000] {dag.py:3033} INFO - Sync 1 DAGs
[2026-06-03T11:52:45.813+0000] {logging_mixin.py:188} INFO - [2026-06-03T11:52:45.813+0000] {dag.py:3820} INFO - Setting next_dagrun for example_branch_python_operator_decorator to 2026-06-02T00:00:00+00:00, run_after=2026-06-03T00:00:00+00:00
[2026-06-03T11:52:45.829+0000] {processor.py:183} INFO - Processing /home/airflow/.local/lib/python3.8/site-packages/airflow/example_dags/example_branch_operator_decorator.py took 0.071 seconds
[2026-06-03T11:53:16.184+0000] {processor.py:161} INFO - Started process (PID=557) to work on /home/airflow/.local/lib/python3.8/site-packages/airflow/example_dags/example_branch_operator_decorator.py
[2026-06-03T11:53:16.185+0000] {processor.py:830} INFO - Processing file /home/airflow/.local/lib/python3.8/site-packages/airflow/example_dags/example_branch_operator_decorator.py for tasks to queue
[2026-06-03T11:53:16.186+0000] {logging_mixin.py:188} INFO - [2026-06-03T11:53:16.186+0000] {dagbag.py:538} INFO - Filling up the DagBag from /home/airflow/.local/lib/python3.8/site-packages/airflow/example_dags/example_branch_operator_decorator.py
[2026-06-03T11:53:16.194+0000] {processor.py:840} INFO - DAG(s) 'example_branch_python_operator_decorator' retrieved from /home/airflow/.local/lib/python3.8/site-packages/airflow/example_dags/example_branch_operator_decorator.py
[2026-06-03T11:53:16.210+0000] {logging_mixin.py:188} INFO - [2026-06-03T11:53:16.210+0000] {dag.py:3033} INFO - Sync 1 DAGs
[2026-06-03T11:53:16.225+0000] {logging_mixin.py:188} INFO - [2026-06-03T11:53:16.225+0000] {dag.py:3820} INFO - Setting next_dagrun for example_branch_python_operator_decorator to 2026-06-02T00:00:00+00:00, run_after=2026-06-03T00:00:00+00:00
[2026-06-03T11:53:16.235+0000] {processor.py:183} INFO - Processing /home/airflow/.local/lib/python3.8/site-packages/airflow/example_dags/example_branch_operator_decorator.py took 0.052 seconds
[2026-06-03T11:53:47.069+0000] {processor.py:161} INFO - Started process (PID=612) to work on /home/airflow/.local/lib/python3.8/site-packages/airflow/example_dags/example_branch_operator_decorator.py
[2026-06-03T11:53:47.070+0000] {processor.py:830} INFO - Processing file /home/airflow/.local/lib/python3.8/site-packages/airflow/example_dags/example_branch_operator_decorator.py for tasks to queue
[2026-06-03T11:53:47.070+0000] {logging_mixin.py:188} INFO - [2026-06-03T11:53:47.070+0000] {dagbag.py:538} INFO - Filling up the DagBag from /home/airflow/.local/lib/python3.8/site-packages/airflow/example_dags/example_branch_operator_decorator.py
[2026-06-03T11:53:47.081+0000] {processor.py:840} INFO - DAG(s) 'example_branch_python_operator_decorator' retrieved from /home/airflow/.local/lib/python3.8/site-packages/airflow/example_dags/example_branch_operator_decorator.py
[2026-06-03T11:53:47.092+0000] {logging_mixin.py:188} INFO - [2026-06-03T11:53:47.092+0000] {dag.py:3033} INFO - Sync 1 DAGs
[2026-06-03T11:53:47.100+0000] {logging_mixin.py:188} INFO - [2026-06-03T11:53:47.100+0000] {dag.py:3820} INFO - Setting next_dagrun for example_branch_python_operator_decorator to 2026-06-02T00:00:00+00:00, run_after=2026-06-03T00:00:00+00:00
[2026-06-03T11:53:47.107+0000] {processor.py:183} INFO - Processing /home/airflow/.local/lib/python3.8/site-packages/airflow/example_dags/example_branch_operator_decorator.py took 0.039 seconds
[2026-06-03T11:54:18.037+0000] {processor.py:161} INFO - Started process (PID=667) to work on /home/airflow/.local/lib/python3.8/site-packages/airflow/example_dags/example_branch_operator_decorator.py
[2026-06-03T11:54:18.038+0000] {processor.py:830} INFO - Processing file /home/airflow/.local/lib/python3.8/site-packages/airflow/example_dags/example_branch_operator_decorator.py for tasks to queue
[2026-06-03T11:54:18.039+0000] {logging_mixin.py:188} INFO - [2026-06-03T11:54:18.039+0000] {dagbag.py:538} INFO - Filling up the DagBag from /home/airflow/.local/lib/python3.8/site-packages/airflow/example_dags/example_branch_operator_decorator.py
[2026-06-03T11:54:18.050+0000] {processor.py:840} INFO - DAG(s) 'example_branch_python_operator_decorator' retrieved from /home/airflow/.local/lib/python3.8/site-packages/airflow/example_dags/example_branch_operator_decorator.py
[2026-06-03T11:54:18.064+0000] {logging_mixin.py:188} INFO - [2026-06-03T11:54:18.064+0000] {dag.py:3033} INFO - Sync 1 DAGs
[2026-06-03T11:54:18.074+0000] {logging_mixin.py:188} INFO - [2026-06-03T11:54:18.074+0000] {dag.py:3820} INFO - Setting next_dagrun for example_branch_python_operator_decorator to 2026-06-02T00:00:00+00:00, run_after=2026-06-03T00:00:00+00:00
[2026-06-03T11:54:18.086+0000] {processor.py:183} INFO - Processing /home/airflow/.local/lib/python3.8/site-packages/airflow/example_dags/example_branch_operator_decorator.py took 0.050 seconds
[2026-06-03T11:54:48.122+0000] {processor.py:161} INFO - Started process (PID=722) to work on /home/airflow/.local/lib/python3.8/site-packages/airflow/example_dags/example_branch_operator_decorator.py
[2026-06-03T11:54:48.123+0000] {processor.py:830} INFO - Processing file /home/airflow/.local/lib/python3.8/site-packages/airflow/example_dags/example_branch_operator_decorator.py for tasks to queue
[2026-06-03T11:54:48.124+0000] {logging_mixin.py:188} INFO - [2026-06-03T11:54:48.124+0000] {dagbag.py:538} INFO - Filling up the DagBag from /home/airflow/.local/lib/python3.8/site-packages/airflow/example_dags/example_branch_operator_decorator.py
[2026-06-03T11:54:48.132+0000] {processor.py:840} INFO - DAG(s) 'example_branch_python_operator_decorator' retrieved from /home/airflow/.local/lib/python3.8/site-packages/airflow/example_dags/example_branch_operator_decorator.py
[2026-06-03T11:54:48.147+0000] {logging_mixin.py:188} INFO - [2026-06-03T11:54:48.147+0000] {dag.py:3033} INFO - Sync 1 DAGs
[2026-06-03T11:54:48.156+0000] {logging_mixin.py:188} INFO - [2026-06-03T11:54:48.156+0000] {dag.py:3820} INFO - Setting next_dagrun for example_branch_python_operator_decorator to 2026-06-02T00:00:00+00:00, run_after=2026-06-03T00:00:00+00:00
[2026-06-03T11:54:48.162+0000] {processor.py:183} INFO - Processing /home/airflow/.local/lib/python3.8/site-packages/airflow/example_dags/example_branch_operator_decorator.py took 0.042 seconds
[2026-06-03T11:55:18.396+0000] {processor.py:161} INFO - Started process (PID=777) to work on /home/airflow/.local/lib/python3.8/site-packages/airflow/example_dags/example_branch_operator_decorator.py
[2026-06-03T11:55:18.397+0000] {processor.py:830} INFO - Processing file /home/airflow/.local/lib/python3.8/site-packages/airflow/example_dags/example_branch_operator_decorator.py for tasks to queue
[2026-06-03T11:55:18.398+0000] {logging_mixin.py:188} INFO - [2026-06-03T11:55:18.398+0000] {dagbag.py:538} INFO - Filling up the DagBag from /home/airflow/.local/lib/python3.8/site-packages/airflow/example_dags/example_branch_operator_decorator.py
[2026-06-03T11:55:18.410+0000] {processor.py:840} INFO - DAG(s) 'example_branch_python_operator_decorator' retrieved from /home/airflow/.local/lib/python3.8/site-packages/airflow/example_dags/example_branch_operator_decorator.py
[2026-06-03T11:55:18.425+0000] {logging_mixin.py:188} INFO - [2026-06-03T11:55:18.425+0000] {dag.py:3033} INFO - Sync 1 DAGs
[2026-06-03T11:55:18.438+0000] {logging_mixin.py:188} INFO - [2026-06-03T11:55:18.438+0000] {dag.py:3820} INFO - Setting next_dagrun for example_branch_python_operator_decorator to 2026-06-02T00:00:00+00:00, run_after=2026-06-03T00:00:00+00:00
[2026-06-03T11:55:18.445+0000] {processor.py:183} INFO - Processing /home/airflow/.local/lib/python3.8/site-packages/airflow/example_dags/example_branch_operator_decorator.py took 0.051 seconds
[2026-06-03T11:55:48.535+0000] {processor.py:161} INFO - Started process (PID=832) to work on /home/airflow/.local/lib/python3.8/site-packages/airflow/example_dags/example_branch_operator_decorator.py
[2026-06-03T11:55:48.535+0000] {processor.py:830} INFO - Processing file /home/airflow/.local/lib/python3.8/site-packages/airflow/example_dags/example_branch_operator_decorator.py for tasks to queue
[2026-06-03T11:55:48.538+0000] {logging_mixin.py:188} INFO - [2026-06-03T11:55:48.538+0000] {dagbag.py:538} INFO - Filling up the DagBag from /home/airflow/.local/lib/python3.8/site-packages/airflow/example_dags/example_branch_operator_decorator.py
[2026-06-03T11:55:48.547+0000] {processor.py:840} INFO - DAG(s) 'example_branch_python_operator_decorator' retrieved from /home/airflow/.local/lib/python3.8/site-packages/airflow/example_dags/example_branch_operator_decorator.py
[2026-06-03T11:55:48.558+0000] {logging_mixin.py:188} INFO - [2026-06-03T11:55:48.558+0000] {dag.py:3033} INFO - Sync 1 DAGs
[2026-06-03T11:55:48.566+0000] {logging_mixin.py:188} INFO - [2026-06-03T11:55:48.566+0000] {dag.py:3820} INFO - Setting next_dagrun for example_branch_python_operator_decorator to 2026-06-02T00:00:00+00:00, run_after=2026-06-03T00:00:00+00:00
[2026-06-03T11:55:48.572+0000] {processor.py:183} INFO - Processing /home/airflow/.local/lib/python3.8/site-packages/airflow/example_dags/example_branch_operator_decorator.py took 0.039 seconds
[2026-06-03T11:56:19.506+0000] {processor.py:161} INFO - Started process (PID=887) to work on /home/airflow/.local/lib/python3.8/site-packages/airflow/example_dags/example_branch_operator_decorator.py
[2026-06-03T11:56:19.507+0000] {processor.py:830} INFO - Processing file /home/airflow/.local/lib/python3.8/site-packages/airflow/example_dags/example_branch_operator_decorator.py for tasks to queue
[2026-06-03T11:56:19.507+0000] {logging_mixin.py:188} INFO - [2026-06-03T11:56:19.507+0000] {dagbag.py:538} INFO - Filling up the DagBag from /home/airflow/.local/lib/python3.8/site-packages/airflow/example_dags/example_branch_operator_decorator.py
[2026-06-03T11:56:19.515+0000] {processor.py:840} INFO - DAG(s) 'example_branch_python_operator_decorator' retrieved from /home/airflow/.local/lib/python3.8/site-packages/airflow/example_dags/example_branch_operator_decorator.py
[2026-06-03T11:56:19.525+0000] {logging_mixin.py:188} INFO - [2026-06-03T11:56:19.525+0000] {dag.py:3033} INFO - Sync 1 DAGs
[2026-06-03T11:56:19.533+0000] {logging_mixin.py:188} INFO - [2026-06-03T11:56:19.533+0000] {dag.py:3820} INFO - Setting next_dagrun for example_branch_python_operator_decorator to 2026-06-02T00:00:00+00:00, run_after=2026-06-03T00:00:00+00:00
[2026-06-03T11:56:19.539+0000] {processor.py:183} INFO - Processing /home/airflow/.local/lib/python3.8/site-packages/airflow/example_dags/example_branch_operator_decorator.py took 0.034 seconds
[2026-06-03T11:56:49.750+0000] {processor.py:161} INFO - Started process (PID=942) to work on /home/airflow/.local/lib/python3.8/site-packages/airflow/example_dags/example_branch_operator_decorator.py
[2026-06-03T11:56:49.751+0000] {processor.py:830} INFO - Processing file /home/airflow/.local/lib/python3.8/site-packages/airflow/example_dags/example_branch_operator_decorator.py for tasks to queue
[2026-06-03T11:56:49.752+0000] {logging_mixin.py:188} INFO - [2026-06-03T11:56:49.752+0000] {dagbag.py:538} INFO - Filling up the DagBag from /home/airflow/.local/lib/python3.8/site-packages/airflow/example_dags/example_branch_operator_decorator.py
[2026-06-03T11:56:49.761+0000] {processor.py:840} INFO - DAG(s) 'example_branch_python_operator_decorator' retrieved from /home/airflow/.local/lib/python3.8/site-packages/airflow/example_dags/example_branch_operator_decorator.py
[2026-06-03T11:56:49.774+0000] {logging_mixin.py:188} INFO - [2026-06-03T11:56:49.774+0000] {dag.py:3033} INFO - Sync 1 DAGs
[2026-06-03T11:56:49.784+0000] {logging_mixin.py:188} INFO - [2026-06-03T11:56:49.784+0000] {dag.py:3820} INFO - Setting next_dagrun for example_branch_python_operator_decorator to 2026-06-02T00:00:00+00:00, run_after=2026-06-03T00:00:00+00:00
[2026-06-03T11:56:49.796+0000] {processor.py:183} INFO - Processing /home/airflow/.local/lib/python3.8/site-packages/airflow/example_dags/example_branch_operator_decorator.py took 0.047 seconds
[2026-06-03T11:57:20.034+0000] {processor.py:161} INFO - Started process (PID=997) to work on /home/airflow/.local/lib/python3.8/site-packages/airflow/example_dags/example_branch_operator_decorator.py
[2026-06-03T11:57:20.035+0000] {processor.py:830} INFO - Processing file /home/airflow/.local/lib/python3.8/site-packages/airflow/example_dags/example_branch_operator_decorator.py for tasks to queue
[2026-06-03T11:57:20.036+0000] {logging_mixin.py:188} INFO - [2026-06-03T11:57:20.036+0000] {dagbag.py:538} INFO - Filling up the DagBag from /home/airflow/.local/lib/python3.8/site-packages/airflow/example_dags/example_branch_operator_decorator.py
[2026-06-03T11:57:20.044+0000] {processor.py:840} INFO - DAG(s) 'example_branch_python_operator_decorator' retrieved from /home/airflow/.local/lib/python3.8/site-packages/airflow/example_dags/example_branch_operator_decorator.py
[2026-06-03T11:57:20.056+0000] {logging_mixin.py:188} INFO - [2026-06-03T11:57:20.056+0000] {dag.py:3033} INFO - Sync 1 DAGs
[2026-06-03T11:57:20.065+0000] {logging_mixin.py:188} INFO - [2026-06-03T11:57:20.065+0000] {dag.py:3820} INFO - Setting next_dagrun for example_branch_python_operator_decorator to 2026-06-02T00:00:00+00:00, run_after=2026-06-03T00:00:00+00:00
[2026-06-03T11:57:20.072+0000] {processor.py:183} INFO - Processing /home/airflow/.local/lib/python3.8/site-packages/airflow/example_dags/example_branch_operator_decorator.py took 0.040 seconds
[2026-06-03T11:57:50.288+0000] {processor.py:161} INFO - Started process (PID=1052) to work on /home/airflow/.local/lib/python3.8/site-packages/airflow/example_dags/example_branch_operator_decorator.py
[2026-06-03T11:57:50.289+0000] {processor.py:830} INFO - Processing file /home/airflow/.local/lib/python3.8/site-packages/airflow/example_dags/example_branch_operator_decorator.py for tasks to queue
[2026-06-03T11:57:50.290+0000] {logging_mixin.py:188} INFO - [2026-06-03T11:57:50.290+0000] {dagbag.py:538} INFO - Filling up the DagBag from /home/airflow/.local/lib/python3.8/site-packages/airflow/example_dags/example_branch_operator_decorator.py
[2026-06-03T11:57:50.299+0000] {processor.py:840} INFO - DAG(s) 'example_branch_python_operator_decorator' retrieved from /home/airflow/.local/lib/python3.8/site-packages/airflow/example_dags/example_branch_operator_decorator.py
[2026-06-03T11:57:50.315+0000] {logging_mixin.py:188} INFO - [2026-06-03T11:57:50.315+0000] {dag.py:3033} INFO - Sync 1 DAGs
[2026-06-03T11:57:50.326+0000] {logging_mixin.py:188} INFO - [2026-06-03T11:57:50.326+0000] {dag.py:3820} INFO - Setting next_dagrun for example_branch_python_operator_decorator to 2026-06-02T00:00:00+00:00, run_after=2026-06-03T00:00:00+00:00
[2026-06-03T11:57:50.334+0000] {processor.py:183} INFO - Processing /home/airflow/.local/lib/python3.8/site-packages/airflow/example_dags/example_branch_operator_decorator.py took 0.047 seconds
[2026-06-03T11:58:21.294+0000] {processor.py:161} INFO - Started process (PID=1107) to work on /home/airflow/.local/lib/python3.8/site-packages/airflow/example_dags/example_branch_operator_decorator.py
[2026-06-03T11:58:21.295+0000] {processor.py:830} INFO - Processing file /home/airflow/.local/lib/python3.8/site-packages/airflow/example_dags/example_branch_operator_decorator.py for tasks to queue
[2026-06-03T11:58:21.296+0000] {logging_mixin.py:188} INFO - [2026-06-03T11:58:21.296+0000] {dagbag.py:538} INFO - Filling up the DagBag from /home/airflow/.local/lib/python3.8/site-packages/airflow/example_dags/example_branch_operator_decorator.py
[2026-06-03T11:58:21.303+0000] {processor.py:840} INFO - DAG(s) 'example_branch_python_operator_decorator' retrieved from /home/airflow/.local/lib/python3.8/site-packages/airflow/example_dags/example_branch_operator_decorator.py
[2026-06-03T11:58:21.318+0000] {logging_mixin.py:188} INFO - [2026-06-03T11:58:21.318+0000] {dag.py:3033} INFO - Sync 1 DAGs
[2026-06-03T11:58:21.328+0000] {logging_mixin.py:188} INFO - [2026-06-03T11:58:21.328+0000] {dag.py:3820} INFO - Setting next_dagrun for example_branch_python_operator_decorator to 2026-06-02T00:00:00+00:00, run_after=2026-06-03T00:00:00+00:00
[2026-06-03T11:58:21.334+0000] {processor.py:183} INFO - Processing /home/airflow/.local/lib/python3.8/site-packages/airflow/example_dags/example_branch_operator_decorator.py took 0.041 seconds
[2026-06-03T11:58:52.241+0000] {processor.py:161} INFO - Started process (PID=1163) to work on /home/airflow/.local/lib/python3.8/site-packages/airflow/example_dags/example_branch_operator_decorator.py
[2026-06-03T11:58:52.241+0000] {processor.py:830} INFO - Processing file /home/airflow/.local/lib/python3.8/site-packages/airflow/example_dags/example_branch_operator_decorator.py for tasks to queue
[2026-06-03T11:58:52.242+0000] {logging_mixin.py:188} INFO - [2026-06-03T11:58:52.242+0000] {dagbag.py:538} INFO - Filling up the DagBag from /home/airflow/.local/lib/python3.8/site-packages/airflow/example_dags/example_branch_operator_decorator.py
[2026-06-03T11:58:52.251+0000] {processor.py:840} INFO - DAG(s) 'example_branch_python_operator_decorator' retrieved from /home/airflow/.local/lib/python3.8/site-packages/airflow/example_dags/example_branch_operator_decorator.py
[2026-06-03T11:58:52.265+0000] {logging_mixin.py:188} INFO - [2026-06-03T11:58:52.265+0000] {dag.py:3033} INFO - Sync 1 DAGs
[2026-06-03T11:58:52.276+0000] {logging_mixin.py:188} INFO - [2026-06-03T11:58:52.276+0000] {dag.py:3820} INFO - Setting next_dagrun for example_branch_python_operator_decorator to 2026-06-02T00:00:00+00:00, run_after=2026-06-03T00:00:00+00:00
[2026-06-03T11:58:52.285+0000] {processor.py:183} INFO - Processing /home/airflow/.local/lib/python3.8/site-packages/airflow/example_dags/example_branch_operator_decorator.py took 0.046 seconds
[2026-06-03T11:59:22.556+0000] {processor.py:161} INFO - Started process (PID=1219) to work on /home/airflow/.local/lib/python3.8/site-packages/airflow/example_dags/example_branch_operator_decorator.py
[2026-06-03T11:59:22.556+0000] {processor.py:830} INFO - Processing file /home/airflow/.local/lib/python3.8/site-packages/airflow/example_dags/example_branch_operator_decorator.py for tasks to queue
[2026-06-03T11:59:22.559+0000] {logging_mixin.py:188} INFO - [2026-06-03T11:59:22.559+0000] {dagbag.py:538} INFO - Filling up the DagBag from /home/airflow/.local/lib/python3.8/site-packages/airflow/example_dags/example_branch_operator_decorator.py
[2026-06-03T11:59:22.568+0000] {processor.py:840} INFO - DAG(s) 'example_branch_python_operator_decorator' retrieved from /home/airflow/.local/lib/python3.8/site-packages/airflow/example_dags/example_branch_operator_decorator.py
[2026-06-03T11:59:22.584+0000] {logging_mixin.py:188} INFO - [2026-06-03T11:59:22.584+0000] {dag.py:3033} INFO - Sync 1 DAGs
[2026-06-03T11:59:22.597+0000] {logging_mixin.py:188} INFO - [2026-06-03T11:59:22.597+0000] {dag.py:3820} INFO - Setting next_dagrun for example_branch_python_operator_decorator to 2026-06-02T00:00:00+00:00, run_after=2026-06-03T00:00:00+00:00
[2026-06-03T11:59:22.603+0000] {processor.py:183} INFO - Processing /home/airflow/.local/lib/python3.8/site-packages/airflow/example_dags/example_branch_operator_decorator.py took 0.050 seconds
[2026-06-03T11:59:52.871+0000] {processor.py:161} INFO - Started process (PID=1275) to work on /home/airflow/.local/lib/python3.8/site-packages/airflow/example_dags/example_branch_operator_decorator.py
[2026-06-03T11:59:52.872+0000] {processor.py:830} INFO - Processing file /home/airflow/.local/lib/python3.8/site-packages/airflow/example_dags/example_branch_operator_decorator.py for tasks to queue
[2026-06-03T11:59:52.874+0000] {logging_mixin.py:188} INFO - [2026-06-03T11:59:52.874+0000] {dagbag.py:538} INFO - Filling up the DagBag from /home/airflow/.local/lib/python3.8/site-packages/airflow/example_dags/example_branch_operator_decorator.py
[2026-06-03T11:59:52.887+0000] {processor.py:840} INFO - DAG(s) 'example_branch_python_operator_decorator' retrieved from /home/airflow/.local/lib/python3.8/site-packages/airflow/example_dags/example_branch_operator_decorator.py
[2026-06-03T11:59:52.902+0000] {logging_mixin.py:188} INFO - [2026-06-03T11:59:52.902+0000] {dag.py:3033} INFO - Sync 1 DAGs
[2026-06-03T11:59:52.911+0000] {logging_mixin.py:188} INFO - [2026-06-03T11:59:52.911+0000] {dag.py:3820} INFO - Setting next_dagrun for example_branch_python_operator_decorator to 2026-06-02T00:00:00+00:00, run_after=2026-06-03T00:00:00+00:00
[2026-06-03T11:59:52.920+0000] {processor.py:183} INFO - Processing /home/airflow/.local/lib/python3.8/site-packages/airflow/example_dags/example_branch_operator_decorator.py took 0.051 seconds
[2026-06-03T12:00:23.088+0000] {processor.py:161} INFO - Started process (PID=1331) to work on /home/airflow/.local/lib/python3.8/site-packages/airflow/example_dags/example_branch_operator_decorator.py
[2026-06-03T12:00:23.089+0000] {processor.py:830} INFO - Processing file /home/airflow/.local/lib/python3.8/site-packages/airflow/example_dags/example_branch_operator_decorator.py for tasks to queue
[2026-06-03T12:00:23.091+0000] {logging_mixin.py:188} INFO - [2026-06-03T12:00:23.091+0000] {dagbag.py:538} INFO - Filling up the DagBag from /home/airflow/.local/lib/python3.8/site-packages/airflow/example_dags/example_branch_operator_decorator.py
[2026-06-03T12:00:23.102+0000] {processor.py:840} INFO - DAG(s) 'example_branch_python_operator_decorator' retrieved from /home/airflow/.local/lib/python3.8/site-packages/airflow/example_dags/example_branch_operator_decorator.py
[2026-06-03T12:00:23.121+0000] {logging_mixin.py:188} INFO - [2026-06-03T12:00:23.120+0000] {dag.py:3033} INFO - Sync 1 DAGs
[2026-06-03T12:00:23.131+0000] {logging_mixin.py:188} INFO - [2026-06-03T12:00:23.131+0000] {dag.py:3820} INFO - Setting next_dagrun for example_branch_python_operator_decorator to 2026-06-02T00:00:00+00:00, run_after=2026-06-03T00:00:00+00:00
[2026-06-03T12:00:23.146+0000] {processor.py:183} INFO - Processing /home/airflow/.local/lib/python3.8/site-packages/airflow/example_dags/example_branch_operator_decorator.py took 0.061 seconds
[2026-06-03T12:00:53.469+0000] {processor.py:161} INFO - Started process (PID=1387) to work on /home/airflow/.local/lib/python3.8/site-packages/airflow/example_dags/example_branch_operator_decorator.py
[2026-06-03T12:00:53.469+0000] {processor.py:830} INFO - Processing file /home/airflow/.local/lib/python3.8/site-packages/airflow/example_dags/example_branch_operator_decorator.py for tasks to queue
[2026-06-03T12:00:53.470+0000] {logging_mixin.py:188} INFO - [2026-06-03T12:00:53.470+0000] {dagbag.py:538} INFO - Filling up the DagBag from /home/airflow/.local/lib/python3.8/site-packages/airflow/example_dags/example_branch_operator_decorator.py
[2026-06-03T12:00:53.477+0000] {processor.py:840} INFO - DAG(s) 'example_branch_python_operator_decorator' retrieved from /home/airflow/.local/lib/python3.8/site-packages/airflow/example_dags/example_branch_operator_decorator.py
[2026-06-03T12:00:53.488+0000] {logging_mixin.py:188} INFO - [2026-06-03T12:00:53.488+0000] {dag.py:3033} INFO - Sync 1 DAGs
[2026-06-03T12:00:53.498+0000] {logging_mixin.py:188} INFO - [2026-06-03T12:00:53.498+0000] {dag.py:3820} INFO - Setting next_dagrun for example_branch_python_operator_decorator to 2026-06-02T00:00:00+00:00, run_after=2026-06-03T00:00:00+00:00
[2026-06-03T12:00:53.505+0000] {processor.py:183} INFO - Processing /home/airflow/.local/lib/python3.8/site-packages/airflow/example_dags/example_branch_operator_decorator.py took 0.037 seconds
[2026-06-03T12:01:23.691+0000] {processor.py:161} INFO - Started process (PID=1443) to work on /home/airflow/.local/lib/python3.8/site-packages/airflow/example_dags/example_branch_operator_decorator.py
[2026-06-03T12:01:23.692+0000] {processor.py:830} INFO - Processing file /home/airflow/.local/lib/python3.8/site-packages/airflow/example_dags/example_branch_operator_decorator.py for tasks to queue
[2026-06-03T12:01:23.693+0000] {logging_mixin.py:188} INFO - [2026-06-03T12:01:23.693+0000] {dagbag.py:538} INFO - Filling up the DagBag from /home/airflow/.local/lib/python3.8/site-packages/airflow/example_dags/example_branch_operator_decorator.py
[2026-06-03T12:01:23.703+0000] {processor.py:840} INFO - DAG(s) 'example_branch_python_operator_decorator' retrieved from /home/airflow/.local/lib/python3.8/site-packages/airflow/example_dags/example_branch_operator_decorator.py
[2026-06-03T12:01:23.717+0000] {logging_mixin.py:188} INFO - [2026-06-03T12:01:23.717+0000] {dag.py:3033} INFO - Sync 1 DAGs
[2026-06-03T12:01:23.735+0000] {logging_mixin.py:188} INFO - [2026-06-03T12:01:23.735+0000] {dag.py:3820} INFO - Setting next_dagrun for example_branch_python_operator_decorator to 2026-06-02T00:00:00+00:00, run_after=2026-06-03T00:00:00+00:00
[2026-06-03T12:01:23.748+0000] {processor.py:183} INFO - Processing /home/airflow/.local/lib/python3.8/site-packages/airflow/example_dags/example_branch_operator_decorator.py took 0.060 seconds
[2026-06-03T12:01:53.856+0000] {processor.py:161} INFO - Started process (PID=1499) to work on /home/airflow/.local/lib/python3.8/site-packages/airflow/example_dags/example_branch_operator_decorator.py
[2026-06-03T12:01:53.857+0000] {processor.py:830} INFO - Processing file /home/airflow/.local/lib/python3.8/site-packages/airflow/example_dags/example_branch_operator_decorator.py for tasks to queue
[2026-06-03T12:01:53.858+0000] {logging_mixin.py:188} INFO - [2026-06-03T12:01:53.858+0000] {dagbag.py:538} INFO - Filling up the DagBag from /home/airflow/.local/lib/python3.8/site-packages/airflow/example_dags/example_branch_operator_decorator.py
[2026-06-03T12:01:53.865+0000] {processor.py:840} INFO - DAG(s) 'example_branch_python_operator_decorator' retrieved from /home/airflow/.local/lib/python3.8/site-packages/airflow/example_dags/example_branch_operator_decorator.py
[2026-06-03T12:01:53.875+0000] {logging_mixin.py:188} INFO - [2026-06-03T12:01:53.875+0000] {dag.py:3033} INFO - Sync 1 DAGs
[2026-06-03T12:01:53.883+0000] {logging_mixin.py:188} INFO - [2026-06-03T12:01:53.883+0000] {dag.py:3820} INFO - Setting next_dagrun for example_branch_python_operator_decorator to 2026-06-02T00:00:00+00:00, run_after=2026-06-03T00:00:00+00:00
[2026-06-03T12:01:53.888+0000] {processor.py:183} INFO - Processing /home/airflow/.local/lib/python3.8/site-packages/airflow/example_dags/example_branch_operator_decorator.py took 0.033 seconds
[2026-06-03T12:02:24.885+0000] {processor.py:161} INFO - Started process (PID=1555) to work on /home/airflow/.local/lib/python3.8/site-packages/airflow/example_dags/example_branch_operator_decorator.py
[2026-06-03T12:02:24.886+0000] {processor.py:830} INFO - Processing file /home/airflow/.local/lib/python3.8/site-packages/airflow/example_dags/example_branch_operator_decorator.py for tasks to queue
[2026-06-03T12:02:24.887+0000] {logging_mixin.py:188} INFO - [2026-06-03T12:02:24.887+0000] {dagbag.py:538} INFO - Filling up the DagBag from /home/airflow/.local/lib/python3.8/site-packages/airflow/example_dags/example_branch_operator_decorator.py
[2026-06-03T12:02:24.897+0000] {processor.py:840} INFO - DAG(s) 'example_branch_python_operator_decorator' retrieved from /home/airflow/.local/lib/python3.8/site-packages/airflow/example_dags/example_branch_operator_decorator.py
[2026-06-03T12:02:24.911+0000] {logging_mixin.py:188} INFO - [2026-06-03T12:02:24.911+0000] {dag.py:3033} INFO - Sync 1 DAGs
[2026-06-03T12:02:24.921+0000] {logging_mixin.py:188} INFO - [2026-06-03T12:02:24.920+0000] {dag.py:3820} INFO - Setting next_dagrun for example_branch_python_operator_decorator to 2026-06-02T00:00:00+00:00, run_after=2026-06-03T00:00:00+00:00
[2026-06-03T12:02:24.931+0000] {processor.py:183} INFO - Processing /home/airflow/.local/lib/python3.8/site-packages/airflow/example_dags/example_branch_operator_decorator.py took 0.047 seconds
[2026-06-03T12:02:55.144+0000] {processor.py:161} INFO - Started process (PID=1611) to work on /home/airflow/.local/lib/python3.8/site-packages/airflow/example_dags/example_branch_operator_decorator.py
[2026-06-03T12:02:55.145+0000] {processor.py:830} INFO - Processing file /home/airflow/.local/lib/python3.8/site-packages/airflow/example_dags/example_branch_operator_decorator.py for tasks to queue
[2026-06-03T12:02:55.145+0000] {logging_mixin.py:188} INFO - [2026-06-03T12:02:55.145+0000] {dagbag.py:538} INFO - Filling up the DagBag from /home/airflow/.local/lib/python3.8/site-packages/airflow/example_dags/example_branch_operator_decorator.py
[2026-06-03T12:02:55.154+0000] {processor.py:840} INFO - DAG(s) 'example_branch_python_operator_decorator' retrieved from /home/airflow/.local/lib/python3.8/site-packages/airflow/example_dags/example_branch_operator_decorator.py
[2026-06-03T12:02:55.170+0000] {logging_mixin.py:188} INFO - [2026-06-03T12:02:55.170+0000] {dag.py:3033} INFO - Sync 1 DAGs
[2026-06-03T12:02:55.180+0000] {logging_mixin.py:188} INFO - [2026-06-03T12:02:55.180+0000] {dag.py:3820} INFO - Setting next_dagrun for example_branch_python_operator_decorator to 2026-06-02T00:00:00+00:00, run_after=2026-06-03T00:00:00+00:00
[2026-06-03T12:02:55.190+0000] {processor.py:183} INFO - Processing /home/airflow/.local/lib/python3.8/site-packages/airflow/example_dags/example_branch_operator_decorator.py took 0.047 seconds
[2026-06-03T12:03:25.382+0000] {processor.py:161} INFO - Started process (PID=1667) to work on /home/airflow/.local/lib/python3.8/site-packages/airflow/example_dags/example_branch_operator_decorator.py
[2026-06-03T12:03:25.383+0000] {processor.py:830} INFO - Processing file /home/airflow/.local/lib/python3.8/site-packages/airflow/example_dags/example_branch_operator_decorator.py for tasks to queue
[2026-06-03T12:03:25.384+0000] {logging_mixin.py:188} INFO - [2026-06-03T12:03:25.384+0000] {dagbag.py:538} INFO - Filling up the DagBag from /home/airflow/.local/lib/python3.8/site-packages/airflow/example_dags/example_branch_operator_decorator.py
[2026-06-03T12:03:25.393+0000] {processor.py:840} INFO - DAG(s) 'example_branch_python_operator_decorator' retrieved from /home/airflow/.local/lib/python3.8/site-packages/airflow/example_dags/example_branch_operator_decorator.py
[2026-06-03T12:03:25.407+0000] {logging_mixin.py:188} INFO - [2026-06-03T12:03:25.407+0000] {dag.py:3033} INFO - Sync 1 DAGs
[2026-06-03T12:03:25.418+0000] {logging_mixin.py:188} INFO - [2026-06-03T12:03:25.418+0000] {dag.py:3820} INFO - Setting next_dagrun for example_branch_python_operator_decorator to 2026-06-02T00:00:00+00:00, run_after=2026-06-03T00:00:00+00:00
[2026-06-03T12:03:25.427+0000] {processor.py:183} INFO - Processing /home/airflow/.local/lib/python3.8/site-packages/airflow/example_dags/example_branch_operator_decorator.py took 0.046 seconds
[2026-06-03T12:03:56.591+0000] {processor.py:161} INFO - Started process (PID=1723) to work on /home/airflow/.local/lib/python3.8/site-packages/airflow/example_dags/example_branch_operator_decorator.py
[2026-06-03T12:03:56.593+0000] {processor.py:830} INFO - Processing file /home/airflow/.local/lib/python3.8/site-packages/airflow/example_dags/example_branch_operator_decorator.py for tasks to queue
[2026-06-03T12:03:56.594+0000] {logging_mixin.py:188} INFO - [2026-06-03T12:03:56.594+0000] {dagbag.py:538} INFO - Filling up the DagBag from /home/airflow/.local/lib/python3.8/site-packages/airflow/example_dags/example_branch_operator_decorator.py
[2026-06-03T12:03:56.604+0000] {processor.py:840} INFO - DAG(s) 'example_branch_python_operator_decorator' retrieved from /home/airflow/.local/lib/python3.8/site-packages/airflow/example_dags/example_branch_operator_decorator.py
[2026-06-03T12:03:56.635+0000] {logging_mixin.py:188} INFO - [2026-06-03T12:03:56.635+0000] {dag.py:3033} INFO - Sync 1 DAGs
[2026-06-03T12:03:56.656+0000] {logging_mixin.py:188} INFO - [2026-06-03T12:03:56.654+0000] {dag.py:3820} INFO - Setting next_dagrun for example_branch_python_operator_decorator to 2026-06-02T00:00:00+00:00, run_after=2026-06-03T00:00:00+00:00
[2026-06-03T12:03:56.677+0000] {processor.py:183} INFO - Processing /home/airflow/.local/lib/python3.8/site-packages/airflow/example_dags/example_branch_operator_decorator.py took 0.089 seconds
[2026-06-03T12:04:27.110+0000] {processor.py:161} INFO - Started process (PID=1779) to work on /home/airflow/.local/lib/python3.8/site-packages/airflow/example_dags/example_branch_operator_decorator.py
[2026-06-03T12:04:27.112+0000] {processor.py:830} INFO - Processing file /home/airflow/.local/lib/python3.8/site-packages/airflow/example_dags/example_branch_operator_decorator.py for tasks to queue
[2026-06-03T12:04:27.113+0000] {logging_mixin.py:188} INFO - [2026-06-03T12:04:27.113+0000] {dagbag.py:538} INFO - Filling up the DagBag from /home/airflow/.local/lib/python3.8/site-packages/airflow/example_dags/example_branch_operator_decorator.py
[2026-06-03T12:04:27.123+0000] {processor.py:840} INFO - DAG(s) 'example_branch_python_operator_decorator' retrieved from /home/airflow/.local/lib/python3.8/site-packages/airflow/example_dags/example_branch_operator_decorator.py
[2026-06-03T12:04:27.138+0000] {logging_mixin.py:188} INFO - [2026-06-03T12:04:27.138+0000] {dag.py:3033} INFO - Sync 1 DAGs
[2026-06-03T12:04:27.146+0000] {logging_mixin.py:188} INFO - [2026-06-03T12:04:27.146+0000] {dag.py:3820} INFO - Setting next_dagrun for example_branch_python_operator_decorator to 2026-06-02T00:00:00+00:00, run_after=2026-06-03T00:00:00+00:00
[2026-06-03T12:04:27.155+0000] {processor.py:183} INFO - Processing /home/airflow/.local/lib/python3.8/site-packages/airflow/example_dags/example_branch_operator_decorator.py took 0.047 seconds
[2026-06-03T12:04:57.691+0000] {processor.py:161} INFO - Started process (PID=1835) to work on /home/airflow/.local/lib/python3.8/site-packages/airflow/example_dags/example_branch_operator_decorator.py
[2026-06-03T12:04:57.692+0000] {processor.py:830} INFO - Processing file /home/airflow/.local/lib/python3.8/site-packages/airflow/example_dags/example_branch_operator_decorator.py for tasks to queue
[2026-06-03T12:04:57.693+0000] {logging_mixin.py:188} INFO - [2026-06-03T12:04:57.693+0000] {dagbag.py:538} INFO - Filling up the DagBag from /home/airflow/.local/lib/python3.8/site-packages/airflow/example_dags/example_branch_operator_decorator.py
[2026-06-03T12:04:57.704+0000] {processor.py:840} INFO - DAG(s) 'example_branch_python_operator_decorator' retrieved from /home/airflow/.local/lib/python3.8/site-packages/airflow/example_dags/example_branch_operator_decorator.py
[2026-06-03T12:04:57.719+0000] {logging_mixin.py:188} INFO - [2026-06-03T12:04:57.719+0000] {dag.py:3033} INFO - Sync 1 DAGs
[2026-06-03T12:04:57.733+0000] {logging_mixin.py:188} INFO - [2026-06-03T12:04:57.733+0000] {dag.py:3820} INFO - Setting next_dagrun for example_branch_python_operator_decorator to 2026-06-02T00:00:00+00:00, run_after=2026-06-03T00:00:00+00:00
[2026-06-03T12:04:57.742+0000] {processor.py:183} INFO - Processing /home/airflow/.local/lib/python3.8/site-packages/airflow/example_dags/example_branch_operator_decorator.py took 0.053 seconds
[2026-06-03T12:05:28.330+0000] {processor.py:161} INFO - Started process (PID=1891) to work on /home/airflow/.local/lib/python3.8/site-packages/airflow/example_dags/example_branch_operator_decorator.py
[2026-06-03T12:05:28.330+0000] {processor.py:830} INFO - Processing file /home/airflow/.local/lib/python3.8/site-packages/airflow/example_dags/example_branch_operator_decorator.py for tasks to queue
[2026-06-03T12:05:28.331+0000] {logging_mixin.py:188} INFO - [2026-06-03T12:05:28.331+0000] {dagbag.py:538} INFO - Filling up the DagBag from /home/airflow/.local/lib/python3.8/site-packages/airflow/example_dags/example_branch_operator_decorator.py
[2026-06-03T12:05:28.339+0000] {processor.py:840} INFO - DAG(s) 'example_branch_python_operator_decorator' retrieved from /home/airflow/.local/lib/python3.8/site-packages/airflow/example_dags/example_branch_operator_decorator.py
[2026-06-03T12:05:28.351+0000] {logging_mixin.py:188} INFO - [2026-06-03T12:05:28.350+0000] {dag.py:3033} INFO - Sync 1 DAGs
[2026-06-03T12:05:28.361+0000] {logging_mixin.py:188} INFO - [2026-06-03T12:05:28.361+0000] {dag.py:3820} INFO - Setting next_dagrun for example_branch_python_operator_decorator to 2026-06-02T00:00:00+00:00, run_after=2026-06-03T00:00:00+00:00
[2026-06-03T12:05:28.369+0000] {processor.py:183} INFO - Processing /home/airflow/.local/lib/python3.8/site-packages/airflow/example_dags/example_branch_operator_decorator.py took 0.041 seconds
[2026-06-03T12:05:58.677+0000] {processor.py:161} INFO - Started process (PID=1947) to work on /home/airflow/.local/lib/python3.8/site-packages/airflow/example_dags/example_branch_operator_decorator.py
[2026-06-03T12:05:58.678+0000] {processor.py:830} INFO - Processing file /home/airflow/.local/lib/python3.8/site-packages/airflow/example_dags/example_branch_operator_decorator.py for tasks to queue
[2026-06-03T12:05:58.679+0000] {logging_mixin.py:188} INFO - [2026-06-03T12:05:58.679+0000] {dagbag.py:538} INFO - Filling up the DagBag from /home/airflow/.local/lib/python3.8/site-packages/airflow/example_dags/example_branch_operator_decorator.py
[2026-06-03T12:05:58.687+0000] {processor.py:840} INFO - DAG(s) 'example_branch_python_operator_decorator' retrieved from /home/airflow/.local/lib/python3.8/site-packages/airflow/example_dags/example_branch_operator_decorator.py
[2026-06-03T12:05:58.698+0000] {logging_mixin.py:188} INFO - [2026-06-03T12:05:58.698+0000] {dag.py:3033} INFO - Sync 1 DAGs
[2026-06-03T12:05:58.781+0000] {logging_mixin.py:188} INFO - [2026-06-03T12:05:58.780+0000] {dag.py:3820} INFO - Setting next_dagrun for example_branch_python_operator_decorator to 2026-06-02T00:00:00+00:00, run_after=2026-06-03T00:00:00+00:00
[2026-06-03T12:05:58.789+0000] {processor.py:183} INFO - Processing /home/airflow/.local/lib/python3.8/site-packages/airflow/example_dags/example_branch_operator_decorator.py took 0.114 seconds
[2026-06-03T12:06:29.731+0000] {processor.py:161} INFO - Started process (PID=2003) to work on /home/airflow/.local/lib/python3.8/site-packages/airflow/example_dags/example_branch_operator_decorator.py
[2026-06-03T12:06:29.732+0000] {processor.py:830} INFO - Processing file /home/airflow/.local/lib/python3.8/site-packages/airflow/example_dags/example_branch_operator_decorator.py for tasks to queue
[2026-06-03T12:06:29.735+0000] {logging_mixin.py:188} INFO - [2026-06-03T12:06:29.735+0000] {dagbag.py:538} INFO - Filling up the DagBag from /home/airflow/.local/lib/python3.8/site-packages/airflow/example_dags/example_branch_operator_decorator.py
[2026-06-03T12:06:29.750+0000] {processor.py:840} INFO - DAG(s) 'example_branch_python_operator_decorator' retrieved from /home/airflow/.local/lib/python3.8/site-packages/airflow/example_dags/example_branch_operator_decorator.py
[2026-06-03T12:06:29.775+0000] {logging_mixin.py:188} INFO - [2026-06-03T12:06:29.775+0000] {dag.py:3033} INFO - Sync 1 DAGs
[2026-06-03T12:06:29.791+0000] {logging_mixin.py:188} INFO - [2026-06-03T12:06:29.791+0000] {dag.py:3820} INFO - Setting next_dagrun for example_branch_python_operator_decorator to 2026-06-02T00:00:00+00:00, run_after=2026-06-03T00:00:00+00:00
[2026-06-03T12:06:29.960+0000] {processor.py:183} INFO - Processing /home/airflow/.local/lib/python3.8/site-packages/airflow/example_dags/example_branch_operator_decorator.py took 0.232 seconds
[2026-06-03T12:07:00.012+0000] {processor.py:161} INFO - Started process (PID=2059) to work on /home/airflow/.local/lib/python3.8/site-packages/airflow/example_dags/example_branch_operator_decorator.py
[2026-06-03T12:07:00.014+0000] {processor.py:830} INFO - Processing file /home/airflow/.local/lib/python3.8/site-packages/airflow/example_dags/example_branch_operator_decorator.py for tasks to queue
[2026-06-03T12:07:00.022+0000] {logging_mixin.py:188} INFO - [2026-06-03T12:07:00.021+0000] {dagbag.py:538} INFO - Filling up the DagBag from /home/airflow/.local/lib/python3.8/site-packages/airflow/example_dags/example_branch_operator_decorator.py
[2026-06-03T12:07:00.052+0000] {processor.py:840} INFO - DAG(s) 'example_branch_python_operator_decorator' retrieved from /home/airflow/.local/lib/python3.8/site-packages/airflow/example_dags/example_branch_operator_decorator.py
[2026-06-03T12:07:00.098+0000] {logging_mixin.py:188} INFO - [2026-06-03T12:07:00.098+0000] {dag.py:3033} INFO - Sync 1 DAGs
[2026-06-03T12:07:00.118+0000] {logging_mixin.py:188} INFO - [2026-06-03T12:07:00.118+0000] {dag.py:3820} INFO - Setting next_dagrun for example_branch_python_operator_decorator to 2026-06-02T00:00:00+00:00, run_after=2026-06-03T00:00:00+00:00
[2026-06-03T12:07:00.163+0000] {processor.py:183} INFO - Processing /home/airflow/.local/lib/python3.8/site-packages/airflow/example_dags/example_branch_operator_decorator.py took 0.161 seconds
[2026-06-03T12:07:30.348+0000] {processor.py:161} INFO - Started process (PID=2115) to work on /home/airflow/.local/lib/python3.8/site-packages/airflow/example_dags/example_branch_operator_decorator.py
[2026-06-03T12:07:30.354+0000] {processor.py:830} INFO - Processing file /home/airflow/.local/lib/python3.8/site-packages/airflow/example_dags/example_branch_operator_decorator.py for tasks to queue
[2026-06-03T12:07:30.358+0000] {logging_mixin.py:188} INFO - [2026-06-03T12:07:30.358+0000] {dagbag.py:538} INFO - Filling up the DagBag from /home/airflow/.local/lib/python3.8/site-packages/airflow/example_dags/example_branch_operator_decorator.py
[2026-06-03T12:07:30.375+0000] {processor.py:840} INFO - DAG(s) 'example_branch_python_operator_decorator' retrieved from /home/airflow/.local/lib/python3.8/site-packages/airflow/example_dags/example_branch_operator_decorator.py
[2026-06-03T12:07:30.413+0000] {logging_mixin.py:188} INFO - [2026-06-03T12:07:30.413+0000] {dag.py:3033} INFO - Sync 1 DAGs
[2026-06-03T12:07:30.434+0000] {logging_mixin.py:188} INFO - [2026-06-03T12:07:30.433+0000] {dag.py:3820} INFO - Setting next_dagrun for example_branch_python_operator_decorator to 2026-06-02T00:00:00+00:00, run_after=2026-06-03T00:00:00+00:00
[2026-06-03T12:07:30.446+0000] {processor.py:183} INFO - Processing /home/airflow/.local/lib/python3.8/site-packages/airflow/example_dags/example_branch_operator_decorator.py took 0.113 seconds
[2026-06-03T12:08:01.102+0000] {processor.py:161} INFO - Started process (PID=2171) to work on /home/airflow/.local/lib/python3.8/site-packages/airflow/example_dags/example_branch_operator_decorator.py
[2026-06-03T12:08:01.104+0000] {processor.py:830} INFO - Processing file /home/airflow/.local/lib/python3.8/site-packages/airflow/example_dags/example_branch_operator_decorator.py for tasks to queue
[2026-06-03T12:08:01.111+0000] {logging_mixin.py:188} INFO - [2026-06-03T12:08:01.110+0000] {dagbag.py:538} INFO - Filling up the DagBag from /home/airflow/.local/lib/python3.8/site-packages/airflow/example_dags/example_branch_operator_decorator.py
[2026-06-03T12:08:01.149+0000] {processor.py:840} INFO - DAG(s) 'example_branch_python_operator_decorator' retrieved from /home/airflow/.local/lib/python3.8/site-packages/airflow/example_dags/example_branch_operator_decorator.py
[2026-06-03T12:08:01.362+0000] {logging_mixin.py:188} INFO - [2026-06-03T12:08:01.362+0000] {dag.py:3033} INFO - Sync 1 DAGs
[2026-06-03T12:08:01.374+0000] {logging_mixin.py:188} INFO - [2026-06-03T12:08:01.374+0000] {dag.py:3820} INFO - Setting next_dagrun for example_branch_python_operator_decorator to 2026-06-02T00:00:00+00:00, run_after=2026-06-03T00:00:00+00:00
[2026-06-03T12:08:01.385+0000] {processor.py:183} INFO - Processing /home/airflow/.local/lib/python3.8/site-packages/airflow/example_dags/example_branch_operator_decorator.py took 0.287 seconds
[2026-06-03T12:08:31.893+0000] {processor.py:161} INFO - Started process (PID=2227) to work on /home/airflow/.local/lib/python3.8/site-packages/airflow/example_dags/example_branch_operator_decorator.py
[2026-06-03T12:08:31.895+0000] {processor.py:830} INFO - Processing file /home/airflow/.local/lib/python3.8/site-packages/airflow/example_dags/example_branch_operator_decorator.py for tasks to queue
[2026-06-03T12:08:31.897+0000] {logging_mixin.py:188} INFO - [2026-06-03T12:08:31.897+0000] {dagbag.py:538} INFO - Filling up the DagBag from /home/airflow/.local/lib/python3.8/site-packages/airflow/example_dags/example_branch_operator_decorator.py
[2026-06-03T12:08:31.914+0000] {processor.py:840} INFO - DAG(s) 'example_branch_python_operator_decorator' retrieved from /home/airflow/.local/lib/python3.8/site-packages/airflow/example_dags/example_branch_operator_decorator.py
[2026-06-03T12:08:31.930+0000] {logging_mixin.py:188} INFO - [2026-06-03T12:08:31.930+0000] {dag.py:3033} INFO - Sync 1 DAGs
[2026-06-03T12:08:31.942+0000] {logging_mixin.py:188} INFO - [2026-06-03T12:08:31.942+0000] {dag.py:3820} INFO - Setting next_dagrun for example_branch_python_operator_decorator to 2026-06-02T00:00:00+00:00, run_after=2026-06-03T00:00:00+00:00
[2026-06-03T12:08:31.950+0000] {processor.py:183} INFO - Processing /home/airflow/.local/lib/python3.8/site-packages/airflow/example_dags/example_branch_operator_decorator.py took 0.059 seconds
[2026-06-03T12:09:02.132+0000] {processor.py:161} INFO - Started process (PID=2283) to work on /home/airflow/.local/lib/python3.8/site-packages/airflow/example_dags/example_branch_operator_decorator.py
[2026-06-03T12:09:02.132+0000] {processor.py:830} INFO - Processing file /home/airflow/.local/lib/python3.8/site-packages/airflow/example_dags/example_branch_operator_decorator.py for tasks to queue
[2026-06-03T12:09:02.134+0000] {logging_mixin.py:188} INFO - [2026-06-03T12:09:02.134+0000] {dagbag.py:538} INFO - Filling up the DagBag from /home/airflow/.local/lib/python3.8/site-packages/airflow/example_dags/example_branch_operator_decorator.py
[2026-06-03T12:09:02.148+0000] {processor.py:840} INFO - DAG(s) 'example_branch_python_operator_decorator' retrieved from /home/airflow/.local/lib/python3.8/site-packages/airflow/example_dags/example_branch_operator_decorator.py
[2026-06-03T12:09:02.167+0000] {logging_mixin.py:188} INFO - [2026-06-03T12:09:02.167+0000] {dag.py:3033} INFO - Sync 1 DAGs
[2026-06-03T12:09:02.180+0000] {logging_mixin.py:188} INFO - [2026-06-03T12:09:02.180+0000] {dag.py:3820} INFO - Setting next_dagrun for example_branch_python_operator_decorator to 2026-06-02T00:00:00+00:00, run_after=2026-06-03T00:00:00+00:00
[2026-06-03T12:09:02.187+0000] {processor.py:183} INFO - Processing /home/airflow/.local/lib/python3.8/site-packages/airflow/example_dags/example_branch_operator_decorator.py took 0.058 seconds
[2026-06-03T12:09:32.318+0000] {processor.py:161} INFO - Started process (PID=2339) to work on /home/airflow/.local/lib/python3.8/site-packages/airflow/example_dags/example_branch_operator_decorator.py
[2026-06-03T12:09:32.318+0000] {processor.py:830} INFO - Processing file /home/airflow/.local/lib/python3.8/site-packages/airflow/example_dags/example_branch_operator_decorator.py for tasks to queue
[2026-06-03T12:09:32.319+0000] {logging_mixin.py:188} INFO - [2026-06-03T12:09:32.319+0000] {dagbag.py:538} INFO - Filling up the DagBag from /home/airflow/.local/lib/python3.8/site-packages/airflow/example_dags/example_branch_operator_decorator.py
[2026-06-03T12:09:32.327+0000] {processor.py:840} INFO - DAG(s) 'example_branch_python_operator_decorator' retrieved from /home/airflow/.local/lib/python3.8/site-packages/airflow/example_dags/example_branch_operator_decorator.py
[2026-06-03T12:09:32.336+0000] {logging_mixin.py:188} INFO - [2026-06-03T12:09:32.336+0000] {dag.py:3033} INFO - Sync 1 DAGs
[2026-06-03T12:09:32.344+0000] {logging_mixin.py:188} INFO - [2026-06-03T12:09:32.344+0000] {dag.py:3820} INFO - Setting next_dagrun for example_branch_python_operator_decorator to 2026-06-02T00:00:00+00:00, run_after=2026-06-03T00:00:00+00:00
[2026-06-03T12:09:32.349+0000] {processor.py:183} INFO - Processing /home/airflow/.local/lib/python3.8/site-packages/airflow/example_dags/example_branch_operator_decorator.py took 0.033 seconds
[2026-06-03T12:10:03.371+0000] {processor.py:161} INFO - Started process (PID=2395) to work on /home/airflow/.local/lib/python3.8/site-packages/airflow/example_dags/example_branch_operator_decorator.py
[2026-06-03T12:10:03.371+0000] {processor.py:830} INFO - Processing file /home/airflow/.local/lib/python3.8/site-packages/airflow/example_dags/example_branch_operator_decorator.py for tasks to queue
[2026-06-03T12:10:03.372+0000] {logging_mixin.py:188} INFO - [2026-06-03T12:10:03.372+0000] {dagbag.py:538} INFO - Filling up the DagBag from /home/airflow/.local/lib/python3.8/site-packages/airflow/example_dags/example_branch_operator_decorator.py
[2026-06-03T12:10:03.384+0000] {processor.py:840} INFO - DAG(s) 'example_branch_python_operator_decorator' retrieved from /home/airflow/.local/lib/python3.8/site-packages/airflow/example_dags/example_branch_operator_decorator.py
[2026-06-03T12:10:03.401+0000] {logging_mixin.py:188} INFO - [2026-06-03T12:10:03.401+0000] {dag.py:3033} INFO - Sync 1 DAGs
[2026-06-03T12:10:03.417+0000] {logging_mixin.py:188} INFO - [2026-06-03T12:10:03.417+0000] {dag.py:3820} INFO - Setting next_dagrun for example_branch_python_operator_decorator to 2026-06-02T00:00:00+00:00, run_after=2026-06-03T00:00:00+00:00
[2026-06-03T12:10:03.430+0000] {processor.py:183} INFO - Processing /home/airflow/.local/lib/python3.8/site-packages/airflow/example_dags/example_branch_operator_decorator.py took 0.061 seconds
[2026-06-03T12:10:33.652+0000] {processor.py:161} INFO - Started process (PID=2451) to work on /home/airflow/.local/lib/python3.8/site-packages/airflow/example_dags/example_branch_operator_decorator.py
[2026-06-03T12:10:33.652+0000] {processor.py:830} INFO - Processing file /home/airflow/.local/lib/python3.8/site-packages/airflow/example_dags/example_branch_operator_decorator.py for tasks to queue
[2026-06-03T12:10:33.653+0000] {logging_mixin.py:188} INFO - [2026-06-03T12:10:33.653+0000] {dagbag.py:538} INFO - Filling up the DagBag from /home/airflow/.local/lib/python3.8/site-packages/airflow/example_dags/example_branch_operator_decorator.py
[2026-06-03T12:10:33.660+0000] {processor.py:840} INFO - DAG(s) 'example_branch_python_operator_decorator' retrieved from /home/airflow/.local/lib/python3.8/site-packages/airflow/example_dags/example_branch_operator_decorator.py
[2026-06-03T12:10:33.670+0000] {logging_mixin.py:188} INFO - [2026-06-03T12:10:33.670+0000] {dag.py:3033} INFO - Sync 1 DAGs
[2026-06-03T12:10:33.677+0000] {logging_mixin.py:188} INFO - [2026-06-03T12:10:33.677+0000] {dag.py:3820} INFO - Setting next_dagrun for example_branch_python_operator_decorator to 2026-06-02T00:00:00+00:00, run_after=2026-06-03T00:00:00+00:00
[2026-06-03T12:10:33.683+0000] {processor.py:183} INFO - Processing /home/airflow/.local/lib/python3.8/site-packages/airflow/example_dags/example_branch_operator_decorator.py took 0.032 seconds
[2026-06-03T12:11:03.849+0000] {processor.py:161} INFO - Started process (PID=2507) to work on /home/airflow/.local/lib/python3.8/site-packages/airflow/example_dags/example_branch_operator_decorator.py
[2026-06-03T12:11:03.850+0000] {processor.py:830} INFO - Processing file /home/airflow/.local/lib/python3.8/site-packages/airflow/example_dags/example_branch_operator_decorator.py for tasks to queue
[2026-06-03T12:11:03.851+0000] {logging_mixin.py:188} INFO - [2026-06-03T12:11:03.851+0000] {dagbag.py:538} INFO - Filling up the DagBag from /home/airflow/.local/lib/python3.8/site-packages/airflow/example_dags/example_branch_operator_decorator.py
[2026-06-03T12:11:03.859+0000] {processor.py:840} INFO - DAG(s) 'example_branch_python_operator_decorator' retrieved from /home/airflow/.local/lib/python3.8/site-packages/airflow/example_dags/example_branch_operator_decorator.py
[2026-06-03T12:11:03.875+0000] {logging_mixin.py:188} INFO - [2026-06-03T12:11:03.875+0000] {dag.py:3033} INFO - Sync 1 DAGs
[2026-06-03T12:11:03.885+0000] {logging_mixin.py:188} INFO - [2026-06-03T12:11:03.885+0000] {dag.py:3820} INFO - Setting next_dagrun for example_branch_python_operator_decorator to 2026-06-02T00:00:00+00:00, run_after=2026-06-03T00:00:00+00:00
[2026-06-03T12:11:03.891+0000] {processor.py:183} INFO - Processing /home/airflow/.local/lib/python3.8/site-packages/airflow/example_dags/example_branch_operator_decorator.py took 0.044 seconds
[2026-06-03T12:11:34.790+0000] {processor.py:161} INFO - Started process (PID=2563) to work on /home/airflow/.local/lib/python3.8/site-packages/airflow/example_dags/example_branch_operator_decorator.py
[2026-06-03T12:11:34.791+0000] {processor.py:830} INFO - Processing file /home/airflow/.local/lib/python3.8/site-packages/airflow/example_dags/example_branch_operator_decorator.py for tasks to queue
[2026-06-03T12:11:34.792+0000] {logging_mixin.py:188} INFO - [2026-06-03T12:11:34.792+0000] {dagbag.py:538} INFO - Filling up the DagBag from /home/airflow/.local/lib/python3.8/site-packages/airflow/example_dags/example_branch_operator_decorator.py
[2026-06-03T12:11:34.798+0000] {processor.py:840} INFO - DAG(s) 'example_branch_python_operator_decorator' retrieved from /home/airflow/.local/lib/python3.8/site-packages/airflow/example_dags/example_branch_operator_decorator.py
[2026-06-03T12:11:34.808+0000] {logging_mixin.py:188} INFO - [2026-06-03T12:11:34.808+0000] {dag.py:3033} INFO - Sync 1 DAGs
[2026-06-03T12:11:34.815+0000] {logging_mixin.py:188} INFO - [2026-06-03T12:11:34.815+0000] {dag.py:3820} INFO - Setting next_dagrun for example_branch_python_operator_decorator to 2026-06-02T00:00:00+00:00, run_after=2026-06-03T00:00:00+00:00
[2026-06-03T12:11:34.821+0000] {processor.py:183} INFO - Processing /home/airflow/.local/lib/python3.8/site-packages/airflow/example_dags/example_branch_operator_decorator.py took 0.032 seconds
[2026-06-03T12:12:05.819+0000] {processor.py:161} INFO - Started process (PID=2619) to work on /home/airflow/.local/lib/python3.8/site-packages/airflow/example_dags/example_branch_operator_decorator.py
[2026-06-03T12:12:05.819+0000] {processor.py:830} INFO - Processing file /home/airflow/.local/lib/python3.8/site-packages/airflow/example_dags/example_branch_operator_decorator.py for tasks to queue
[2026-06-03T12:12:05.820+0000] {logging_mixin.py:188} INFO - [2026-06-03T12:12:05.820+0000] {dagbag.py:538} INFO - Filling up the DagBag from /home/airflow/.local/lib/python3.8/site-packages/airflow/example_dags/example_branch_operator_decorator.py
[2026-06-03T12:12:05.829+0000] {processor.py:840} INFO - DAG(s) 'example_branch_python_operator_decorator' retrieved from /home/airflow/.local/lib/python3.8/site-packages/airflow/example_dags/example_branch_operator_decorator.py
[2026-06-03T12:12:05.841+0000] {logging_mixin.py:188} INFO - [2026-06-03T12:12:05.841+0000] {dag.py:3033} INFO - Sync 1 DAGs
[2026-06-03T12:12:05.852+0000] {logging_mixin.py:188} INFO - [2026-06-03T12:12:05.851+0000] {dag.py:3820} INFO - Setting next_dagrun for example_branch_python_operator_decorator to 2026-06-02T00:00:00+00:00, run_after=2026-06-03T00:00:00+00:00
[2026-06-03T12:12:05.862+0000] {processor.py:183} INFO - Processing /home/airflow/.local/lib/python3.8/site-packages/airflow/example_dags/example_branch_operator_decorator.py took 0.045 seconds
[2026-06-03T12:12:36.718+0000] {processor.py:161} INFO - Started process (PID=2675) to work on /home/airflow/.local/lib/python3.8/site-packages/airflow/example_dags/example_branch_operator_decorator.py
[2026-06-03T12:12:36.719+0000] {processor.py:830} INFO - Processing file /home/airflow/.local/lib/python3.8/site-packages/airflow/example_dags/example_branch_operator_decorator.py for tasks to queue
[2026-06-03T12:12:36.720+0000] {logging_mixin.py:188} INFO - [2026-06-03T12:12:36.720+0000] {dagbag.py:538} INFO - Filling up the DagBag from /home/airflow/.local/lib/python3.8/site-packages/airflow/example_dags/example_branch_operator_decorator.py
[2026-06-03T12:12:36.728+0000] {processor.py:840} INFO - DAG(s) 'example_branch_python_operator_decorator' retrieved from /home/airflow/.local/lib/python3.8/site-packages/airflow/example_dags/example_branch_operator_decorator.py
[2026-06-03T12:12:36.741+0000] {logging_mixin.py:188} INFO - [2026-06-03T12:12:36.741+0000] {dag.py:3033} INFO - Sync 1 DAGs
[2026-06-03T12:12:36.755+0000] {logging_mixin.py:188} INFO - [2026-06-03T12:12:36.755+0000] {dag.py:3820} INFO - Setting next_dagrun for example_branch_python_operator_decorator to 2026-06-02T00:00:00+00:00, run_after=2026-06-03T00:00:00+00:00
[2026-06-03T12:12:36.767+0000] {processor.py:183} INFO - Processing /home/airflow/.local/lib/python3.8/site-packages/airflow/example_dags/example_branch_operator_decorator.py took 0.051 seconds
[2026-06-03T12:13:07.411+0000] {processor.py:161} INFO - Started process (PID=2730) to work on /home/airflow/.local/lib/python3.8/site-packages/airflow/example_dags/example_branch_operator_decorator.py
[2026-06-03T12:13:07.412+0000] {processor.py:830} INFO - Processing file /home/airflow/.local/lib/python3.8/site-packages/airflow/example_dags/example_branch_operator_decorator.py for tasks to queue
[2026-06-03T12:13:07.413+0000] {logging_mixin.py:188} INFO - [2026-06-03T12:13:07.413+0000] {dagbag.py:538} INFO - Filling up the DagBag from /home/airflow/.local/lib/python3.8/site-packages/airflow/example_dags/example_branch_operator_decorator.py
[2026-06-03T12:13:07.426+0000] {processor.py:840} INFO - DAG(s) 'example_branch_python_operator_decorator' retrieved from /home/airflow/.local/lib/python3.8/site-packages/airflow/example_dags/example_branch_operator_decorator.py
[2026-06-03T12:13:07.446+0000] {logging_mixin.py:188} INFO - [2026-06-03T12:13:07.446+0000] {dag.py:3033} INFO - Sync 1 DAGs
[2026-06-03T12:13:07.459+0000] {logging_mixin.py:188} INFO - [2026-06-03T12:13:07.459+0000] {dag.py:3820} INFO - Setting next_dagrun for example_branch_python_operator_decorator to 2026-06-02T00:00:00+00:00, run_after=2026-06-03T00:00:00+00:00
[2026-06-03T12:13:07.466+0000] {processor.py:183} INFO - Processing /home/airflow/.local/lib/python3.8/site-packages/airflow/example_dags/example_branch_operator_decorator.py took 0.057 seconds
[2026-06-03T12:13:38.245+0000] {processor.py:161} INFO - Started process (PID=2786) to work on /home/airflow/.local/lib/python3.8/site-packages/airflow/example_dags/example_branch_operator_decorator.py
[2026-06-03T12:13:38.247+0000] {processor.py:830} INFO - Processing file /home/airflow/.local/lib/python3.8/site-packages/airflow/example_dags/example_branch_operator_decorator.py for tasks to queue
[2026-06-03T12:13:38.252+0000] {logging_mixin.py:188} INFO - [2026-06-03T12:13:38.252+0000] {dagbag.py:538} INFO - Filling up the DagBag from /home/airflow/.local/lib/python3.8/site-packages/airflow/example_dags/example_branch_operator_decorator.py
[2026-06-03T12:13:38.271+0000] {processor.py:840} INFO - DAG(s) 'example_branch_python_operator_decorator' retrieved from /home/airflow/.local/lib/python3.8/site-packages/airflow/example_dags/example_branch_operator_decorator.py
[2026-06-03T12:13:38.288+0000] {logging_mixin.py:188} INFO - [2026-06-03T12:13:38.288+0000] {dag.py:3033} INFO - Sync 1 DAGs
[2026-06-03T12:13:38.300+0000] {logging_mixin.py:188} INFO - [2026-06-03T12:13:38.300+0000] {dag.py:3820} INFO - Setting next_dagrun for example_branch_python_operator_decorator to 2026-06-02T00:00:00+00:00, run_after=2026-06-03T00:00:00+00:00
[2026-06-03T12:13:38.314+0000] {processor.py:183} INFO - Processing /home/airflow/.local/lib/python3.8/site-packages/airflow/example_dags/example_branch_operator_decorator.py took 0.082 seconds
[2026-06-03T12:14:08.756+0000] {processor.py:161} INFO - Started process (PID=2842) to work on /home/airflow/.local/lib/python3.8/site-packages/airflow/example_dags/example_branch_operator_decorator.py
[2026-06-03T12:14:08.758+0000] {processor.py:830} INFO - Processing file /home/airflow/.local/lib/python3.8/site-packages/airflow/example_dags/example_branch_operator_decorator.py for tasks to queue
[2026-06-03T12:14:08.759+0000] {logging_mixin.py:188} INFO - [2026-06-03T12:14:08.759+0000] {dagbag.py:538} INFO - Filling up the DagBag from /home/airflow/.local/lib/python3.8/site-packages/airflow/example_dags/example_branch_operator_decorator.py
[2026-06-03T12:14:08.771+0000] {processor.py:840} INFO - DAG(s) 'example_branch_python_operator_decorator' retrieved from /home/airflow/.local/lib/python3.8/site-packages/airflow/example_dags/example_branch_operator_decorator.py
[2026-06-03T12:14:08.798+0000] {logging_mixin.py:188} INFO - [2026-06-03T12:14:08.798+0000] {dag.py:3033} INFO - Sync 1 DAGs
[2026-06-03T12:14:08.810+0000] {logging_mixin.py:188} INFO - [2026-06-03T12:14:08.810+0000] {dag.py:3820} INFO - Setting next_dagrun for example_branch_python_operator_decorator to 2026-06-02T00:00:00+00:00, run_after=2026-06-03T00:00:00+00:00
[2026-06-03T12:14:08.820+0000] {processor.py:183} INFO - Processing /home/airflow/.local/lib/python3.8/site-packages/airflow/example_dags/example_branch_operator_decorator.py took 0.065 seconds
[2026-06-03T12:14:39.092+0000] {processor.py:161} INFO - Started process (PID=2898) to work on /home/airflow/.local/lib/python3.8/site-packages/airflow/example_dags/example_branch_operator_decorator.py
[2026-06-03T12:14:39.093+0000] {processor.py:830} INFO - Processing file /home/airflow/.local/lib/python3.8/site-packages/airflow/example_dags/example_branch_operator_decorator.py for tasks to queue
[2026-06-03T12:14:39.094+0000] {logging_mixin.py:188} INFO - [2026-06-03T12:14:39.094+0000] {dagbag.py:538} INFO - Filling up the DagBag from /home/airflow/.local/lib/python3.8/site-packages/airflow/example_dags/example_branch_operator_decorator.py
[2026-06-03T12:14:39.102+0000] {processor.py:840} INFO - DAG(s) 'example_branch_python_operator_decorator' retrieved from /home/airflow/.local/lib/python3.8/site-packages/airflow/example_dags/example_branch_operator_decorator.py
[2026-06-03T12:14:39.115+0000] {logging_mixin.py:188} INFO - [2026-06-03T12:14:39.115+0000] {dag.py:3033} INFO - Sync 1 DAGs
[2026-06-03T12:14:39.124+0000] {logging_mixin.py:188} INFO - [2026-06-03T12:14:39.123+0000] {dag.py:3820} INFO - Setting next_dagrun for example_branch_python_operator_decorator to 2026-06-02T00:00:00+00:00, run_after=2026-06-03T00:00:00+00:00
[2026-06-03T12:14:39.131+0000] {processor.py:183} INFO - Processing /home/airflow/.local/lib/python3.8/site-packages/airflow/example_dags/example_branch_operator_decorator.py took 0.040 seconds
[2026-06-03T12:15:09.374+0000] {processor.py:161} INFO - Started process (PID=2954) to work on /home/airflow/.local/lib/python3.8/site-packages/airflow/example_dags/example_branch_operator_decorator.py
[2026-06-03T12:15:09.374+0000] {processor.py:830} INFO - Processing file /home/airflow/.local/lib/python3.8/site-packages/airflow/example_dags/example_branch_operator_decorator.py for tasks to queue
[2026-06-03T12:15:09.375+0000] {logging_mixin.py:188} INFO - [2026-06-03T12:15:09.375+0000] {dagbag.py:538} INFO - Filling up the DagBag from /home/airflow/.local/lib/python3.8/site-packages/airflow/example_dags/example_branch_operator_decorator.py
[2026-06-03T12:15:09.382+0000] {processor.py:840} INFO - DAG(s) 'example_branch_python_operator_decorator' retrieved from /home/airflow/.local/lib/python3.8/site-packages/airflow/example_dags/example_branch_operator_decorator.py
[2026-06-03T12:15:09.392+0000] {logging_mixin.py:188} INFO - [2026-06-03T12:15:09.392+0000] {dag.py:3033} INFO - Sync 1 DAGs
[2026-06-03T12:15:09.400+0000] {logging_mixin.py:188} INFO - [2026-06-03T12:15:09.400+0000] {dag.py:3820} INFO - Setting next_dagrun for example_branch_python_operator_decorator to 2026-06-02T00:00:00+00:00, run_after=2026-06-03T00:00:00+00:00
[2026-06-03T12:15:09.406+0000] {processor.py:183} INFO - Processing /home/airflow/.local/lib/python3.8/site-packages/airflow/example_dags/example_branch_operator_decorator.py took 0.033 seconds
[2026-06-03T12:15:39.973+0000] {processor.py:161} INFO - Started process (PID=3010) to work on /home/airflow/.local/lib/python3.8/site-packages/airflow/example_dags/example_branch_operator_decorator.py
[2026-06-03T12:15:39.974+0000] {processor.py:830} INFO - Processing file /home/airflow/.local/lib/python3.8/site-packages/airflow/example_dags/example_branch_operator_decorator.py for tasks to queue
[2026-06-03T12:15:39.974+0000] {logging_mixin.py:188} INFO - [2026-06-03T12:15:39.974+0000] {dagbag.py:538} INFO - Filling up the DagBag from /home/airflow/.local/lib/python3.8/site-packages/airflow/example_dags/example_branch_operator_decorator.py
[2026-06-03T12:15:39.983+0000] {processor.py:840} INFO - DAG(s) 'example_branch_python_operator_decorator' retrieved from /home/airflow/.local/lib/python3.8/site-packages/airflow/example_dags/example_branch_operator_decorator.py
[2026-06-03T12:15:39.994+0000] {logging_mixin.py:188} INFO - [2026-06-03T12:15:39.994+0000] {dag.py:3033} INFO - Sync 1 DAGs
[2026-06-03T12:15:40.002+0000] {logging_mixin.py:188} INFO - [2026-06-03T12:15:40.002+0000] {dag.py:3820} INFO - Setting next_dagrun for example_branch_python_operator_decorator to 2026-06-02T00:00:00+00:00, run_after=2026-06-03T00:00:00+00:00
[2026-06-03T12:15:40.008+0000] {processor.py:183} INFO - Processing /home/airflow/.local/lib/python3.8/site-packages/airflow/example_dags/example_branch_operator_decorator.py took 0.037 seconds
[2026-06-03T12:16:10.787+0000] {processor.py:161} INFO - Started process (PID=3066) to work on /home/airflow/.local/lib/python3.8/site-packages/airflow/example_dags/example_branch_operator_decorator.py
[2026-06-03T12:16:10.787+0000] {processor.py:830} INFO - Processing file /home/airflow/.local/lib/python3.8/site-packages/airflow/example_dags/example_branch_operator_decorator.py for tasks to queue
[2026-06-03T12:16:10.788+0000] {logging_mixin.py:188} INFO - [2026-06-03T12:16:10.788+0000] {dagbag.py:538} INFO - Filling up the DagBag from /home/airflow/.local/lib/python3.8/site-packages/airflow/example_dags/example_branch_operator_decorator.py
[2026-06-03T12:16:10.799+0000] {processor.py:840} INFO - DAG(s) 'example_branch_python_operator_decorator' retrieved from /home/airflow/.local/lib/python3.8/site-packages/airflow/example_dags/example_branch_operator_decorator.py
[2026-06-03T12:16:10.816+0000] {logging_mixin.py:188} INFO - [2026-06-03T12:16:10.816+0000] {dag.py:3033} INFO - Sync 1 DAGs
[2026-06-03T12:16:10.826+0000] {logging_mixin.py:188} INFO - [2026-06-03T12:16:10.826+0000] {dag.py:3820} INFO - Setting next_dagrun for example_branch_python_operator_decorator to 2026-06-02T00:00:00+00:00, run_after=2026-06-03T00:00:00+00:00
[2026-06-03T12:16:10.837+0000] {processor.py:183} INFO - Processing /home/airflow/.local/lib/python3.8/site-packages/airflow/example_dags/example_branch_operator_decorator.py took 0.052 seconds
[2026-06-03T12:16:41.158+0000] {processor.py:161} INFO - Started process (PID=3122) to work on /home/airflow/.local/lib/python3.8/site-packages/airflow/example_dags/example_branch_operator_decorator.py
[2026-06-03T12:16:41.159+0000] {processor.py:830} INFO - Processing file /home/airflow/.local/lib/python3.8/site-packages/airflow/example_dags/example_branch_operator_decorator.py for tasks to queue
[2026-06-03T12:16:41.160+0000] {logging_mixin.py:188} INFO - [2026-06-03T12:16:41.160+0000] {dagbag.py:538} INFO - Filling up the DagBag from /home/airflow/.local/lib/python3.8/site-packages/airflow/example_dags/example_branch_operator_decorator.py
[2026-06-03T12:16:41.167+0000] {processor.py:840} INFO - DAG(s) 'example_branch_python_operator_decorator' retrieved from /home/airflow/.local/lib/python3.8/site-packages/airflow/example_dags/example_branch_operator_decorator.py
[2026-06-03T12:16:41.177+0000] {logging_mixin.py:188} INFO - [2026-06-03T12:16:41.177+0000] {dag.py:3033} INFO - Sync 1 DAGs
[2026-06-03T12:16:41.185+0000] {logging_mixin.py:188} INFO - [2026-06-03T12:16:41.184+0000] {dag.py:3820} INFO - Setting next_dagrun for example_branch_python_operator_decorator to 2026-06-02T00:00:00+00:00, run_after=2026-06-03T00:00:00+00:00
[2026-06-03T12:16:41.190+0000] {processor.py:183} INFO - Processing /home/airflow/.local/lib/python3.8/site-packages/airflow/example_dags/example_branch_operator_decorator.py took 0.033 seconds
[2026-06-03T12:17:11.752+0000] {processor.py:161} INFO - Started process (PID=3178) to work on /home/airflow/.local/lib/python3.8/site-packages/airflow/example_dags/example_branch_operator_decorator.py
[2026-06-03T12:17:11.754+0000] {processor.py:830} INFO - Processing file /home/airflow/.local/lib/python3.8/site-packages/airflow/example_dags/example_branch_operator_decorator.py for tasks to queue
[2026-06-03T12:17:11.758+0000] {logging_mixin.py:188} INFO - [2026-06-03T12:17:11.757+0000] {dagbag.py:538} INFO - Filling up the DagBag from /home/airflow/.local/lib/python3.8/site-packages/airflow/example_dags/example_branch_operator_decorator.py
[2026-06-03T12:17:11.771+0000] {processor.py:840} INFO - DAG(s) 'example_branch_python_operator_decorator' retrieved from /home/airflow/.local/lib/python3.8/site-packages/airflow/example_dags/example_branch_operator_decorator.py
[2026-06-03T12:17:11.787+0000] {logging_mixin.py:188} INFO - [2026-06-03T12:17:11.787+0000] {dag.py:3033} INFO - Sync 1 DAGs
[2026-06-03T12:17:11.806+0000] {logging_mixin.py:188} INFO - [2026-06-03T12:17:11.806+0000] {dag.py:3820} INFO - Setting next_dagrun for example_branch_python_operator_decorator to 2026-06-02T00:00:00+00:00, run_after=2026-06-03T00:00:00+00:00
[2026-06-03T12:17:11.819+0000] {processor.py:183} INFO - Processing /home/airflow/.local/lib/python3.8/site-packages/airflow/example_dags/example_branch_operator_decorator.py took 0.071 seconds
[2026-06-03T12:17:42.640+0000] {processor.py:161} INFO - Started process (PID=3233) to work on /home/airflow/.local/lib/python3.8/site-packages/airflow/example_dags/example_branch_operator_decorator.py
[2026-06-03T12:17:42.641+0000] {processor.py:830} INFO - Processing file /home/airflow/.local/lib/python3.8/site-packages/airflow/example_dags/example_branch_operator_decorator.py for tasks to queue
[2026-06-03T12:17:42.642+0000] {logging_mixin.py:188} INFO - [2026-06-03T12:17:42.642+0000] {dagbag.py:538} INFO - Filling up the DagBag from /home/airflow/.local/lib/python3.8/site-packages/airflow/example_dags/example_branch_operator_decorator.py
[2026-06-03T12:17:42.658+0000] {processor.py:840} INFO - DAG(s) 'example_branch_python_operator_decorator' retrieved from /home/airflow/.local/lib/python3.8/site-packages/airflow/example_dags/example_branch_operator_decorator.py
[2026-06-03T12:17:42.679+0000] {logging_mixin.py:188} INFO - [2026-06-03T12:17:42.678+0000] {dag.py:3033} INFO - Sync 1 DAGs
[2026-06-03T12:17:42.694+0000] {logging_mixin.py:188} INFO - [2026-06-03T12:17:42.694+0000] {dag.py:3820} INFO - Setting next_dagrun for example_branch_python_operator_decorator to 2026-06-02T00:00:00+00:00, run_after=2026-06-03T00:00:00+00:00
[2026-06-03T12:17:42.720+0000] {processor.py:183} INFO - Processing /home/airflow/.local/lib/python3.8/site-packages/airflow/example_dags/example_branch_operator_decorator.py took 0.082 seconds
[2026-06-03T12:18:13.079+0000] {processor.py:161} INFO - Started process (PID=3289) to work on /home/airflow/.local/lib/python3.8/site-packages/airflow/example_dags/example_branch_operator_decorator.py
[2026-06-03T12:18:13.079+0000] {processor.py:830} INFO - Processing file /home/airflow/.local/lib/python3.8/site-packages/airflow/example_dags/example_branch_operator_decorator.py for tasks to queue
[2026-06-03T12:18:13.081+0000] {logging_mixin.py:188} INFO - [2026-06-03T12:18:13.080+0000] {dagbag.py:538} INFO - Filling up the DagBag from /home/airflow/.local/lib/python3.8/site-packages/airflow/example_dags/example_branch_operator_decorator.py
[2026-06-03T12:18:13.089+0000] {processor.py:840} INFO - DAG(s) 'example_branch_python_operator_decorator' retrieved from /home/airflow/.local/lib/python3.8/site-packages/airflow/example_dags/example_branch_operator_decorator.py
[2026-06-03T12:18:13.101+0000] {logging_mixin.py:188} INFO - [2026-06-03T12:18:13.101+0000] {dag.py:3033} INFO - Sync 1 DAGs
[2026-06-03T12:18:13.110+0000] {logging_mixin.py:188} INFO - [2026-06-03T12:18:13.110+0000] {dag.py:3820} INFO - Setting next_dagrun for example_branch_python_operator_decorator to 2026-06-02T00:00:00+00:00, run_after=2026-06-03T00:00:00+00:00
[2026-06-03T12:18:13.116+0000] {processor.py:183} INFO - Processing /home/airflow/.local/lib/python3.8/site-packages/airflow/example_dags/example_branch_operator_decorator.py took 0.040 seconds
[2026-06-03T12:18:44.382+0000] {processor.py:161} INFO - Started process (PID=3345) to work on /home/airflow/.local/lib/python3.8/site-packages/airflow/example_dags/example_branch_operator_decorator.py
[2026-06-03T12:18:44.385+0000] {processor.py:830} INFO - Processing file /home/airflow/.local/lib/python3.8/site-packages/airflow/example_dags/example_branch_operator_decorator.py for tasks to queue
[2026-06-03T12:18:44.387+0000] {logging_mixin.py:188} INFO - [2026-06-03T12:18:44.387+0000] {dagbag.py:538} INFO - Filling up the DagBag from /home/airflow/.local/lib/python3.8/site-packages/airflow/example_dags/example_branch_operator_decorator.py
[2026-06-03T12:18:44.420+0000] {processor.py:840} INFO - DAG(s) 'example_branch_python_operator_decorator' retrieved from /home/airflow/.local/lib/python3.8/site-packages/airflow/example_dags/example_branch_operator_decorator.py
[2026-06-03T12:18:44.485+0000] {logging_mixin.py:188} INFO - [2026-06-03T12:18:44.484+0000] {dag.py:3033} INFO - Sync 1 DAGs
[2026-06-03T12:18:44.589+0000] {logging_mixin.py:188} INFO - [2026-06-03T12:18:44.588+0000] {dag.py:3820} INFO - Setting next_dagrun for example_branch_python_operator_decorator to 2026-06-02T00:00:00+00:00, run_after=2026-06-03T00:00:00+00:00
[2026-06-03T12:18:44.646+0000] {processor.py:183} INFO - Processing /home/airflow/.local/lib/python3.8/site-packages/airflow/example_dags/example_branch_operator_decorator.py took 0.268 seconds
[2026-06-03T12:19:15.281+0000] {processor.py:161} INFO - Started process (PID=3401) to work on /home/airflow/.local/lib/python3.8/site-packages/airflow/example_dags/example_branch_operator_decorator.py
[2026-06-03T12:19:15.282+0000] {processor.py:830} INFO - Processing file /home/airflow/.local/lib/python3.8/site-packages/airflow/example_dags/example_branch_operator_decorator.py for tasks to queue
[2026-06-03T12:19:15.283+0000] {logging_mixin.py:188} INFO - [2026-06-03T12:19:15.283+0000] {dagbag.py:538} INFO - Filling up the DagBag from /home/airflow/.local/lib/python3.8/site-packages/airflow/example_dags/example_branch_operator_decorator.py
[2026-06-03T12:19:15.291+0000] {processor.py:840} INFO - DAG(s) 'example_branch_python_operator_decorator' retrieved from /home/airflow/.local/lib/python3.8/site-packages/airflow/example_dags/example_branch_operator_decorator.py
[2026-06-03T12:19:15.306+0000] {logging_mixin.py:188} INFO - [2026-06-03T12:19:15.306+0000] {dag.py:3033} INFO - Sync 1 DAGs
[2026-06-03T12:19:15.320+0000] {logging_mixin.py:188} INFO - [2026-06-03T12:19:15.320+0000] {dag.py:3820} INFO - Setting next_dagrun for example_branch_python_operator_decorator to 2026-06-02T00:00:00+00:00, run_after=2026-06-03T00:00:00+00:00
[2026-06-03T12:19:15.356+0000] {processor.py:183} INFO - Processing /home/airflow/.local/lib/python3.8/site-packages/airflow/example_dags/example_branch_operator_decorator.py took 0.078 seconds
[2026-06-03T12:19:46.313+0000] {processor.py:161} INFO - Started process (PID=3458) to work on /home/airflow/.local/lib/python3.8/site-packages/airflow/example_dags/example_branch_operator_decorator.py
[2026-06-03T12:19:46.314+0000] {processor.py:830} INFO - Processing file /home/airflow/.local/lib/python3.8/site-packages/airflow/example_dags/example_branch_operator_decorator.py for tasks to queue
[2026-06-03T12:19:46.317+0000] {logging_mixin.py:188} INFO - [2026-06-03T12:19:46.317+0000] {dagbag.py:538} INFO - Filling up the DagBag from /home/airflow/.local/lib/python3.8/site-packages/airflow/example_dags/example_branch_operator_decorator.py
[2026-06-03T12:19:46.336+0000] {processor.py:840} INFO - DAG(s) 'example_branch_python_operator_decorator' retrieved from /home/airflow/.local/lib/python3.8/site-packages/airflow/example_dags/example_branch_operator_decorator.py
[2026-06-03T12:19:46.365+0000] {logging_mixin.py:188} INFO - [2026-06-03T12:19:46.365+0000] {dag.py:3033} INFO - Sync 1 DAGs
[2026-06-03T12:19:46.381+0000] {logging_mixin.py:188} INFO - [2026-06-03T12:19:46.381+0000] {dag.py:3820} INFO - Setting next_dagrun for example_branch_python_operator_decorator to 2026-06-02T00:00:00+00:00, run_after=2026-06-03T00:00:00+00:00
[2026-06-03T12:19:46.395+0000] {processor.py:183} INFO - Processing /home/airflow/.local/lib/python3.8/site-packages/airflow/example_dags/example_branch_operator_decorator.py took 0.085 seconds
[2026-06-03T12:20:16.446+0000] {processor.py:161} INFO - Started process (PID=3515) to work on /home/airflow/.local/lib/python3.8/site-packages/airflow/example_dags/example_branch_operator_decorator.py
[2026-06-03T12:20:16.447+0000] {processor.py:830} INFO - Processing file /home/airflow/.local/lib/python3.8/site-packages/airflow/example_dags/example_branch_operator_decorator.py for tasks to queue
[2026-06-03T12:20:16.448+0000] {logging_mixin.py:188} INFO - [2026-06-03T12:20:16.448+0000] {dagbag.py:538} INFO - Filling up the DagBag from /home/airflow/.local/lib/python3.8/site-packages/airflow/example_dags/example_branch_operator_decorator.py
[2026-06-03T12:20:16.461+0000] {processor.py:840} INFO - DAG(s) 'example_branch_python_operator_decorator' retrieved from /home/airflow/.local/lib/python3.8/site-packages/airflow/example_dags/example_branch_operator_decorator.py
[2026-06-03T12:20:16.474+0000] {logging_mixin.py:188} INFO - [2026-06-03T12:20:16.474+0000] {dag.py:3033} INFO - Sync 1 DAGs
[2026-06-03T12:20:16.486+0000] {logging_mixin.py:188} INFO - [2026-06-03T12:20:16.486+0000] {dag.py:3820} INFO - Setting next_dagrun for example_branch_python_operator_decorator to 2026-06-02T00:00:00+00:00, run_after=2026-06-03T00:00:00+00:00
[2026-06-03T12:20:16.494+0000] {processor.py:183} INFO - Processing /home/airflow/.local/lib/python3.8/site-packages/airflow/example_dags/example_branch_operator_decorator.py took 0.049 seconds
[2026-06-03T12:20:46.637+0000] {processor.py:161} INFO - Started process (PID=3571) to work on /home/airflow/.local/lib/python3.8/site-packages/airflow/example_dags/example_branch_operator_decorator.py
[2026-06-03T12:20:46.638+0000] {processor.py:830} INFO - Processing file /home/airflow/.local/lib/python3.8/site-packages/airflow/example_dags/example_branch_operator_decorator.py for tasks to queue
[2026-06-03T12:20:46.639+0000] {logging_mixin.py:188} INFO - [2026-06-03T12:20:46.639+0000] {dagbag.py:538} INFO - Filling up the DagBag from /home/airflow/.local/lib/python3.8/site-packages/airflow/example_dags/example_branch_operator_decorator.py
[2026-06-03T12:20:46.651+0000] {processor.py:840} INFO - DAG(s) 'example_branch_python_operator_decorator' retrieved from /home/airflow/.local/lib/python3.8/site-packages/airflow/example_dags/example_branch_operator_decorator.py
[2026-06-03T12:20:46.667+0000] {logging_mixin.py:188} INFO - [2026-06-03T12:20:46.667+0000] {dag.py:3033} INFO - Sync 1 DAGs
[2026-06-03T12:20:46.677+0000] {logging_mixin.py:188} INFO - [2026-06-03T12:20:46.677+0000] {dag.py:3820} INFO - Setting next_dagrun for example_branch_python_operator_decorator to 2026-06-02T00:00:00+00:00, run_after=2026-06-03T00:00:00+00:00
[2026-06-03T12:20:46.689+0000] {processor.py:183} INFO - Processing /home/airflow/.local/lib/python3.8/site-packages/airflow/example_dags/example_branch_operator_decorator.py took 0.054 seconds
[2026-06-03T12:21:17.091+0000] {processor.py:161} INFO - Started process (PID=3627) to work on /home/airflow/.local/lib/python3.8/site-packages/airflow/example_dags/example_branch_operator_decorator.py
[2026-06-03T12:21:17.092+0000] {processor.py:830} INFO - Processing file /home/airflow/.local/lib/python3.8/site-packages/airflow/example_dags/example_branch_operator_decorator.py for tasks to queue
[2026-06-03T12:21:17.093+0000] {logging_mixin.py:188} INFO - [2026-06-03T12:21:17.093+0000] {dagbag.py:538} INFO - Filling up the DagBag from /home/airflow/.local/lib/python3.8/site-packages/airflow/example_dags/example_branch_operator_decorator.py
[2026-06-03T12:21:17.102+0000] {processor.py:840} INFO - DAG(s) 'example_branch_python_operator_decorator' retrieved from /home/airflow/.local/lib/python3.8/site-packages/airflow/example_dags/example_branch_operator_decorator.py
[2026-06-03T12:21:17.117+0000] {logging_mixin.py:188} INFO - [2026-06-03T12:21:17.117+0000] {dag.py:3033} INFO - Sync 1 DAGs
[2026-06-03T12:21:17.131+0000] {logging_mixin.py:188} INFO - [2026-06-03T12:21:17.131+0000] {dag.py:3820} INFO - Setting next_dagrun for example_branch_python_operator_decorator to 2026-06-02T00:00:00+00:00, run_after=2026-06-03T00:00:00+00:00
[2026-06-03T12:21:17.143+0000] {processor.py:183} INFO - Processing /home/airflow/.local/lib/python3.8/site-packages/airflow/example_dags/example_branch_operator_decorator.py took 0.054 seconds
[2026-06-03T12:21:47.706+0000] {processor.py:161} INFO - Started process (PID=3683) to work on /home/airflow/.local/lib/python3.8/site-packages/airflow/example_dags/example_branch_operator_decorator.py
[2026-06-03T12:21:47.707+0000] {processor.py:830} INFO - Processing file /home/airflow/.local/lib/python3.8/site-packages/airflow/example_dags/example_branch_operator_decorator.py for tasks to queue
[2026-06-03T12:21:47.708+0000] {logging_mixin.py:188} INFO - [2026-06-03T12:21:47.707+0000] {dagbag.py:538} INFO - Filling up the DagBag from /home/airflow/.local/lib/python3.8/site-packages/airflow/example_dags/example_branch_operator_decorator.py
[2026-06-03T12:21:47.716+0000] {processor.py:840} INFO - DAG(s) 'example_branch_python_operator_decorator' retrieved from /home/airflow/.local/lib/python3.8/site-packages/airflow/example_dags/example_branch_operator_decorator.py
[2026-06-03T12:21:47.735+0000] {logging_mixin.py:188} INFO - [2026-06-03T12:21:47.735+0000] {dag.py:3033} INFO - Sync 1 DAGs
[2026-06-03T12:21:47.745+0000] {logging_mixin.py:188} INFO - [2026-06-03T12:21:47.745+0000] {dag.py:3820} INFO - Setting next_dagrun for example_branch_python_operator_decorator to 2026-06-02T00:00:00+00:00, run_after=2026-06-03T00:00:00+00:00
[2026-06-03T12:21:47.752+0000] {processor.py:183} INFO - Processing /home/airflow/.local/lib/python3.8/site-packages/airflow/example_dags/example_branch_operator_decorator.py took 0.047 seconds
[2026-06-03T12:22:18.438+0000] {processor.py:161} INFO - Started process (PID=3739) to work on /home/airflow/.local/lib/python3.8/site-packages/airflow/example_dags/example_branch_operator_decorator.py
[2026-06-03T12:22:18.441+0000] {processor.py:830} INFO - Processing file /home/airflow/.local/lib/python3.8/site-packages/airflow/example_dags/example_branch_operator_decorator.py for tasks to queue
[2026-06-03T12:22:18.443+0000] {logging_mixin.py:188} INFO - [2026-06-03T12:22:18.443+0000] {dagbag.py:538} INFO - Filling up the DagBag from /home/airflow/.local/lib/python3.8/site-packages/airflow/example_dags/example_branch_operator_decorator.py
[2026-06-03T12:22:18.461+0000] {processor.py:840} INFO - DAG(s) 'example_branch_python_operator_decorator' retrieved from /home/airflow/.local/lib/python3.8/site-packages/airflow/example_dags/example_branch_operator_decorator.py
[2026-06-03T12:22:18.494+0000] {logging_mixin.py:188} INFO - [2026-06-03T12:22:18.494+0000] {dag.py:3033} INFO - Sync 1 DAGs
[2026-06-03T12:22:18.517+0000] {logging_mixin.py:188} INFO - [2026-06-03T12:22:18.517+0000] {dag.py:3820} INFO - Setting next_dagrun for example_branch_python_operator_decorator to 2026-06-02T00:00:00+00:00, run_after=2026-06-03T00:00:00+00:00
[2026-06-03T12:22:18.534+0000] {processor.py:183} INFO - Processing /home/airflow/.local/lib/python3.8/site-packages/airflow/example_dags/example_branch_operator_decorator.py took 0.099 seconds
[2026-06-03T12:22:49.502+0000] {processor.py:161} INFO - Started process (PID=3801) to work on /home/airflow/.local/lib/python3.8/site-packages/airflow/example_dags/example_branch_operator_decorator.py
[2026-06-03T12:22:49.503+0000] {processor.py:830} INFO - Processing file /home/airflow/.local/lib/python3.8/site-packages/airflow/example_dags/example_branch_operator_decorator.py for tasks to queue
[2026-06-03T12:22:49.503+0000] {logging_mixin.py:188} INFO - [2026-06-03T12:22:49.503+0000] {dagbag.py:538} INFO - Filling up the DagBag from /home/airflow/.local/lib/python3.8/site-packages/airflow/example_dags/example_branch_operator_decorator.py
[2026-06-03T12:22:49.512+0000] {processor.py:840} INFO - DAG(s) 'example_branch_python_operator_decorator' retrieved from /home/airflow/.local/lib/python3.8/site-packages/airflow/example_dags/example_branch_operator_decorator.py
[2026-06-03T12:22:49.523+0000] {logging_mixin.py:188} INFO - [2026-06-03T12:22:49.523+0000] {dag.py:3033} INFO - Sync 1 DAGs
[2026-06-03T12:22:49.532+0000] {logging_mixin.py:188} INFO - [2026-06-03T12:22:49.532+0000] {dag.py:3820} INFO - Setting next_dagrun for example_branch_python_operator_decorator to 2026-06-02T00:00:00+00:00, run_after=2026-06-03T00:00:00+00:00
[2026-06-03T12:22:49.539+0000] {processor.py:183} INFO - Processing /home/airflow/.local/lib/python3.8/site-packages/airflow/example_dags/example_branch_operator_decorator.py took 0.039 seconds
[2026-06-03T12:23:19.892+0000] {processor.py:161} INFO - Started process (PID=3857) to work on /home/airflow/.local/lib/python3.8/site-packages/airflow/example_dags/example_branch_operator_decorator.py
[2026-06-03T12:23:19.893+0000] {processor.py:830} INFO - Processing file /home/airflow/.local/lib/python3.8/site-packages/airflow/example_dags/example_branch_operator_decorator.py for tasks to queue
[2026-06-03T12:23:19.894+0000] {logging_mixin.py:188} INFO - [2026-06-03T12:23:19.894+0000] {dagbag.py:538} INFO - Filling up the DagBag from /home/airflow/.local/lib/python3.8/site-packages/airflow/example_dags/example_branch_operator_decorator.py
[2026-06-03T12:23:19.903+0000] {processor.py:840} INFO - DAG(s) 'example_branch_python_operator_decorator' retrieved from /home/airflow/.local/lib/python3.8/site-packages/airflow/example_dags/example_branch_operator_decorator.py
[2026-06-03T12:23:19.914+0000] {logging_mixin.py:188} INFO - [2026-06-03T12:23:19.914+0000] {dag.py:3033} INFO - Sync 1 DAGs
[2026-06-03T12:23:19.923+0000] {logging_mixin.py:188} INFO - [2026-06-03T12:23:19.923+0000] {dag.py:3820} INFO - Setting next_dagrun for example_branch_python_operator_decorator to 2026-06-02T00:00:00+00:00, run_after=2026-06-03T00:00:00+00:00
[2026-06-03T12:23:19.929+0000] {processor.py:183} INFO - Processing /home/airflow/.local/lib/python3.8/site-packages/airflow/example_dags/example_branch_operator_decorator.py took 0.040 seconds
[2026-06-03T12:23:50.248+0000] {processor.py:161} INFO - Started process (PID=3913) to work on /home/airflow/.local/lib/python3.8/site-packages/airflow/example_dags/example_branch_operator_decorator.py
[2026-06-03T12:23:50.248+0000] {processor.py:830} INFO - Processing file /home/airflow/.local/lib/python3.8/site-packages/airflow/example_dags/example_branch_operator_decorator.py for tasks to queue
[2026-06-03T12:23:50.249+0000] {logging_mixin.py:188} INFO - [2026-06-03T12:23:50.249+0000] {dagbag.py:538} INFO - Filling up the DagBag from /home/airflow/.local/lib/python3.8/site-packages/airflow/example_dags/example_branch_operator_decorator.py
[2026-06-03T12:23:50.258+0000] {processor.py:840} INFO - DAG(s) 'example_branch_python_operator_decorator' retrieved from /home/airflow/.local/lib/python3.8/site-packages/airflow/example_dags/example_branch_operator_decorator.py
[2026-06-03T12:23:50.274+0000] {logging_mixin.py:188} INFO - [2026-06-03T12:23:50.274+0000] {dag.py:3033} INFO - Sync 1 DAGs
[2026-06-03T12:23:50.283+0000] {logging_mixin.py:188} INFO - [2026-06-03T12:23:50.283+0000] {dag.py:3820} INFO - Setting next_dagrun for example_branch_python_operator_decorator to 2026-06-02T00:00:00+00:00, run_after=2026-06-03T00:00:00+00:00
[2026-06-03T12:23:50.289+0000] {processor.py:183} INFO - Processing /home/airflow/.local/lib/python3.8/site-packages/airflow/example_dags/example_branch_operator_decorator.py took 0.043 seconds
[2026-06-03T12:24:21.095+0000] {processor.py:161} INFO - Started process (PID=3969) to work on /home/airflow/.local/lib/python3.8/site-packages/airflow/example_dags/example_branch_operator_decorator.py
[2026-06-03T12:24:21.096+0000] {processor.py:830} INFO - Processing file /home/airflow/.local/lib/python3.8/site-packages/airflow/example_dags/example_branch_operator_decorator.py for tasks to queue
[2026-06-03T12:24:21.098+0000] {logging_mixin.py:188} INFO - [2026-06-03T12:24:21.097+0000] {dagbag.py:538} INFO - Filling up the DagBag from /home/airflow/.local/lib/python3.8/site-packages/airflow/example_dags/example_branch_operator_decorator.py
[2026-06-03T12:24:21.109+0000] {processor.py:840} INFO - DAG(s) 'example_branch_python_operator_decorator' retrieved from /home/airflow/.local/lib/python3.8/site-packages/airflow/example_dags/example_branch_operator_decorator.py
[2026-06-03T12:24:21.126+0000] {logging_mixin.py:188} INFO - [2026-06-03T12:24:21.125+0000] {dag.py:3033} INFO - Sync 1 DAGs
[2026-06-03T12:24:21.140+0000] {logging_mixin.py:188} INFO - [2026-06-03T12:24:21.140+0000] {dag.py:3820} INFO - Setting next_dagrun for example_branch_python_operator_decorator to 2026-06-02T00:00:00+00:00, run_after=2026-06-03T00:00:00+00:00
[2026-06-03T12:24:21.153+0000] {processor.py:183} INFO - Processing /home/airflow/.local/lib/python3.8/site-packages/airflow/example_dags/example_branch_operator_decorator.py took 0.063 seconds
[2026-06-03T12:24:51.730+0000] {processor.py:161} INFO - Started process (PID=4025) to work on /home/airflow/.local/lib/python3.8/site-packages/airflow/example_dags/example_branch_operator_decorator.py
[2026-06-03T12:24:51.731+0000] {processor.py:830} INFO - Processing file /home/airflow/.local/lib/python3.8/site-packages/airflow/example_dags/example_branch_operator_decorator.py for tasks to queue
[2026-06-03T12:24:51.732+0000] {logging_mixin.py:188} INFO - [2026-06-03T12:24:51.732+0000] {dagbag.py:538} INFO - Filling up the DagBag from /home/airflow/.local/lib/python3.8/site-packages/airflow/example_dags/example_branch_operator_decorator.py
[2026-06-03T12:24:51.741+0000] {processor.py:840} INFO - DAG(s) 'example_branch_python_operator_decorator' retrieved from /home/airflow/.local/lib/python3.8/site-packages/airflow/example_dags/example_branch_operator_decorator.py
[2026-06-03T12:24:51.752+0000] {logging_mixin.py:188} INFO - [2026-06-03T12:24:51.752+0000] {dag.py:3033} INFO - Sync 1 DAGs
[2026-06-03T12:24:51.761+0000] {logging_mixin.py:188} INFO - [2026-06-03T12:24:51.760+0000] {dag.py:3820} INFO - Setting next_dagrun for example_branch_python_operator_decorator to 2026-06-02T00:00:00+00:00, run_after=2026-06-03T00:00:00+00:00
[2026-06-03T12:24:51.766+0000] {processor.py:183} INFO - Processing /home/airflow/.local/lib/python3.8/site-packages/airflow/example_dags/example_branch_operator_decorator.py took 0.039 seconds
[2026-06-03T12:25:22.170+0000] {processor.py:161} INFO - Started process (PID=4081) to work on /home/airflow/.local/lib/python3.8/site-packages/airflow/example_dags/example_branch_operator_decorator.py
[2026-06-03T12:25:22.171+0000] {processor.py:830} INFO - Processing file /home/airflow/.local/lib/python3.8/site-packages/airflow/example_dags/example_branch_operator_decorator.py for tasks to queue
[2026-06-03T12:25:22.172+0000] {logging_mixin.py:188} INFO - [2026-06-03T12:25:22.172+0000] {dagbag.py:538} INFO - Filling up the DagBag from /home/airflow/.local/lib/python3.8/site-packages/airflow/example_dags/example_branch_operator_decorator.py
[2026-06-03T12:25:22.181+0000] {processor.py:840} INFO - DAG(s) 'example_branch_python_operator_decorator' retrieved from /home/airflow/.local/lib/python3.8/site-packages/airflow/example_dags/example_branch_operator_decorator.py
[2026-06-03T12:25:22.192+0000] {logging_mixin.py:188} INFO - [2026-06-03T12:25:22.192+0000] {dag.py:3033} INFO - Sync 1 DAGs
[2026-06-03T12:25:22.200+0000] {logging_mixin.py:188} INFO - [2026-06-03T12:25:22.200+0000] {dag.py:3820} INFO - Setting next_dagrun for example_branch_python_operator_decorator to 2026-06-02T00:00:00+00:00, run_after=2026-06-03T00:00:00+00:00
[2026-06-03T12:25:22.206+0000] {processor.py:183} INFO - Processing /home/airflow/.local/lib/python3.8/site-packages/airflow/example_dags/example_branch_operator_decorator.py took 0.038 seconds
[2026-06-03T12:25:52.428+0000] {processor.py:161} INFO - Started process (PID=4137) to work on /home/airflow/.local/lib/python3.8/site-packages/airflow/example_dags/example_branch_operator_decorator.py
[2026-06-03T12:25:52.428+0000] {processor.py:830} INFO - Processing file /home/airflow/.local/lib/python3.8/site-packages/airflow/example_dags/example_branch_operator_decorator.py for tasks to queue
[2026-06-03T12:25:52.429+0000] {logging_mixin.py:188} INFO - [2026-06-03T12:25:52.429+0000] {dagbag.py:538} INFO - Filling up the DagBag from /home/airflow/.local/lib/python3.8/site-packages/airflow/example_dags/example_branch_operator_decorator.py
[2026-06-03T12:25:52.440+0000] {processor.py:840} INFO - DAG(s) 'example_branch_python_operator_decorator' retrieved from /home/airflow/.local/lib/python3.8/site-packages/airflow/example_dags/example_branch_operator_decorator.py
[2026-06-03T12:25:52.453+0000] {logging_mixin.py:188} INFO - [2026-06-03T12:25:52.453+0000] {dag.py:3033} INFO - Sync 1 DAGs
[2026-06-03T12:25:52.462+0000] {logging_mixin.py:188} INFO - [2026-06-03T12:25:52.461+0000] {dag.py:3820} INFO - Setting next_dagrun for example_branch_python_operator_decorator to 2026-06-02T00:00:00+00:00, run_after=2026-06-03T00:00:00+00:00
[2026-06-03T12:25:52.468+0000] {processor.py:183} INFO - Processing /home/airflow/.local/lib/python3.8/site-packages/airflow/example_dags/example_branch_operator_decorator.py took 0.042 seconds
[2026-06-03T12:26:22.583+0000] {processor.py:161} INFO - Started process (PID=4193) to work on /home/airflow/.local/lib/python3.8/site-packages/airflow/example_dags/example_branch_operator_decorator.py
[2026-06-03T12:26:22.584+0000] {processor.py:830} INFO - Processing file /home/airflow/.local/lib/python3.8/site-packages/airflow/example_dags/example_branch_operator_decorator.py for tasks to queue
[2026-06-03T12:26:22.585+0000] {logging_mixin.py:188} INFO - [2026-06-03T12:26:22.585+0000] {dagbag.py:538} INFO - Filling up the DagBag from /home/airflow/.local/lib/python3.8/site-packages/airflow/example_dags/example_branch_operator_decorator.py
[2026-06-03T12:26:22.593+0000] {processor.py:840} INFO - DAG(s) 'example_branch_python_operator_decorator' retrieved from /home/airflow/.local/lib/python3.8/site-packages/airflow/example_dags/example_branch_operator_decorator.py
[2026-06-03T12:26:22.604+0000] {logging_mixin.py:188} INFO - [2026-06-03T12:26:22.604+0000] {dag.py:3033} INFO - Sync 1 DAGs
[2026-06-03T12:26:22.613+0000] {logging_mixin.py:188} INFO - [2026-06-03T12:26:22.613+0000] {dag.py:3820} INFO - Setting next_dagrun for example_branch_python_operator_decorator to 2026-06-02T00:00:00+00:00, run_after=2026-06-03T00:00:00+00:00
[2026-06-03T12:26:22.620+0000] {processor.py:183} INFO - Processing /home/airflow/.local/lib/python3.8/site-packages/airflow/example_dags/example_branch_operator_decorator.py took 0.038 seconds
[2026-06-03T12:26:52.800+0000] {processor.py:161} INFO - Started process (PID=4247) to work on /home/airflow/.local/lib/python3.8/site-packages/airflow/example_dags/example_branch_operator_decorator.py
[2026-06-03T12:26:52.801+0000] {processor.py:830} INFO - Processing file /home/airflow/.local/lib/python3.8/site-packages/airflow/example_dags/example_branch_operator_decorator.py for tasks to queue
[2026-06-03T12:26:52.802+0000] {logging_mixin.py:188} INFO - [2026-06-03T12:26:52.802+0000] {dagbag.py:538} INFO - Filling up the DagBag from /home/airflow/.local/lib/python3.8/site-packages/airflow/example_dags/example_branch_operator_decorator.py
[2026-06-03T12:26:52.815+0000] {processor.py:840} INFO - DAG(s) 'example_branch_python_operator_decorator' retrieved from /home/airflow/.local/lib/python3.8/site-packages/airflow/example_dags/example_branch_operator_decorator.py
[2026-06-03T12:26:52.831+0000] {logging_mixin.py:188} INFO - [2026-06-03T12:26:52.831+0000] {dag.py:3033} INFO - Sync 1 DAGs
[2026-06-03T12:26:52.842+0000] {logging_mixin.py:188} INFO - [2026-06-03T12:26:52.842+0000] {dag.py:3820} INFO - Setting next_dagrun for example_branch_python_operator_decorator to 2026-06-02T00:00:00+00:00, run_after=2026-06-03T00:00:00+00:00
[2026-06-03T12:26:52.852+0000] {processor.py:183} INFO - Processing /home/airflow/.local/lib/python3.8/site-packages/airflow/example_dags/example_branch_operator_decorator.py took 0.054 seconds
[2026-06-03T12:27:23.141+0000] {processor.py:161} INFO - Started process (PID=4303) to work on /home/airflow/.local/lib/python3.8/site-packages/airflow/example_dags/example_branch_operator_decorator.py
[2026-06-03T12:27:23.142+0000] {processor.py:830} INFO - Processing file /home/airflow/.local/lib/python3.8/site-packages/airflow/example_dags/example_branch_operator_decorator.py for tasks to queue
[2026-06-03T12:27:23.144+0000] {logging_mixin.py:188} INFO - [2026-06-03T12:27:23.144+0000] {dagbag.py:538} INFO - Filling up the DagBag from /home/airflow/.local/lib/python3.8/site-packages/airflow/example_dags/example_branch_operator_decorator.py
[2026-06-03T12:27:23.155+0000] {processor.py:840} INFO - DAG(s) 'example_branch_python_operator_decorator' retrieved from /home/airflow/.local/lib/python3.8/site-packages/airflow/example_dags/example_branch_operator_decorator.py
[2026-06-03T12:27:23.174+0000] {logging_mixin.py:188} INFO - [2026-06-03T12:27:23.174+0000] {dag.py:3033} INFO - Sync 1 DAGs
[2026-06-03T12:27:23.187+0000] {logging_mixin.py:188} INFO - [2026-06-03T12:27:23.187+0000] {dag.py:3820} INFO - Setting next_dagrun for example_branch_python_operator_decorator to 2026-06-02T00:00:00+00:00, run_after=2026-06-03T00:00:00+00:00
[2026-06-03T12:27:23.198+0000] {processor.py:183} INFO - Processing /home/airflow/.local/lib/python3.8/site-packages/airflow/example_dags/example_branch_operator_decorator.py took 0.061 seconds
[2026-06-03T12:27:53.319+0000] {processor.py:161} INFO - Started process (PID=4359) to work on /home/airflow/.local/lib/python3.8/site-packages/airflow/example_dags/example_branch_operator_decorator.py
[2026-06-03T12:27:53.320+0000] {processor.py:830} INFO - Processing file /home/airflow/.local/lib/python3.8/site-packages/airflow/example_dags/example_branch_operator_decorator.py for tasks to queue
[2026-06-03T12:27:53.321+0000] {logging_mixin.py:188} INFO - [2026-06-03T12:27:53.321+0000] {dagbag.py:538} INFO - Filling up the DagBag from /home/airflow/.local/lib/python3.8/site-packages/airflow/example_dags/example_branch_operator_decorator.py
[2026-06-03T12:27:53.328+0000] {processor.py:840} INFO - DAG(s) 'example_branch_python_operator_decorator' retrieved from /home/airflow/.local/lib/python3.8/site-packages/airflow/example_dags/example_branch_operator_decorator.py
[2026-06-03T12:27:53.339+0000] {logging_mixin.py:188} INFO - [2026-06-03T12:27:53.339+0000] {dag.py:3033} INFO - Sync 1 DAGs
[2026-06-03T12:27:53.347+0000] {logging_mixin.py:188} INFO - [2026-06-03T12:27:53.347+0000] {dag.py:3820} INFO - Setting next_dagrun for example_branch_python_operator_decorator to 2026-06-02T00:00:00+00:00, run_after=2026-06-03T00:00:00+00:00
[2026-06-03T12:27:53.352+0000] {processor.py:183} INFO - Processing /home/airflow/.local/lib/python3.8/site-packages/airflow/example_dags/example_branch_operator_decorator.py took 0.035 seconds
[2026-06-03T12:28:23.731+0000] {processor.py:161} INFO - Started process (PID=4415) to work on /home/airflow/.local/lib/python3.8/site-packages/airflow/example_dags/example_branch_operator_decorator.py
[2026-06-03T12:28:23.732+0000] {processor.py:830} INFO - Processing file /home/airflow/.local/lib/python3.8/site-packages/airflow/example_dags/example_branch_operator_decorator.py for tasks to queue
[2026-06-03T12:28:23.732+0000] {logging_mixin.py:188} INFO - [2026-06-03T12:28:23.732+0000] {dagbag.py:538} INFO - Filling up the DagBag from /home/airflow/.local/lib/python3.8/site-packages/airflow/example_dags/example_branch_operator_decorator.py
[2026-06-03T12:28:23.743+0000] {processor.py:840} INFO - DAG(s) 'example_branch_python_operator_decorator' retrieved from /home/airflow/.local/lib/python3.8/site-packages/airflow/example_dags/example_branch_operator_decorator.py
[2026-06-03T12:28:23.755+0000] {logging_mixin.py:188} INFO - [2026-06-03T12:28:23.755+0000] {dag.py:3033} INFO - Sync 1 DAGs
[2026-06-03T12:28:23.763+0000] {logging_mixin.py:188} INFO - [2026-06-03T12:28:23.763+0000] {dag.py:3820} INFO - Setting next_dagrun for example_branch_python_operator_decorator to 2026-06-02T00:00:00+00:00, run_after=2026-06-03T00:00:00+00:00
[2026-06-03T12:28:23.769+0000] {processor.py:183} INFO - Processing /home/airflow/.local/lib/python3.8/site-packages/airflow/example_dags/example_branch_operator_decorator.py took 0.040 seconds
[2026-06-03T12:28:54.057+0000] {processor.py:161} INFO - Started process (PID=4471) to work on /home/airflow/.local/lib/python3.8/site-packages/airflow/example_dags/example_branch_operator_decorator.py
[2026-06-03T12:28:54.058+0000] {processor.py:830} INFO - Processing file /home/airflow/.local/lib/python3.8/site-packages/airflow/example_dags/example_branch_operator_decorator.py for tasks to queue
[2026-06-03T12:28:54.059+0000] {logging_mixin.py:188} INFO - [2026-06-03T12:28:54.059+0000] {dagbag.py:538} INFO - Filling up the DagBag from /home/airflow/.local/lib/python3.8/site-packages/airflow/example_dags/example_branch_operator_decorator.py
[2026-06-03T12:28:54.071+0000] {processor.py:840} INFO - DAG(s) 'example_branch_python_operator_decorator' retrieved from /home/airflow/.local/lib/python3.8/site-packages/airflow/example_dags/example_branch_operator_decorator.py
[2026-06-03T12:28:54.092+0000] {logging_mixin.py:188} INFO - [2026-06-03T12:28:54.091+0000] {dag.py:3033} INFO - Sync 1 DAGs
[2026-06-03T12:28:54.106+0000] {logging_mixin.py:188} INFO - [2026-06-03T12:28:54.106+0000] {dag.py:3820} INFO - Setting next_dagrun for example_branch_python_operator_decorator to 2026-06-02T00:00:00+00:00, run_after=2026-06-03T00:00:00+00:00
[2026-06-03T12:28:54.115+0000] {processor.py:183} INFO - Processing /home/airflow/.local/lib/python3.8/site-packages/airflow/example_dags/example_branch_operator_decorator.py took 0.059 seconds
[2026-06-03T12:29:24.425+0000] {processor.py:161} INFO - Started process (PID=4527) to work on /home/airflow/.local/lib/python3.8/site-packages/airflow/example_dags/example_branch_operator_decorator.py
[2026-06-03T12:29:24.426+0000] {processor.py:830} INFO - Processing file /home/airflow/.local/lib/python3.8/site-packages/airflow/example_dags/example_branch_operator_decorator.py for tasks to queue
[2026-06-03T12:29:24.427+0000] {logging_mixin.py:188} INFO - [2026-06-03T12:29:24.427+0000] {dagbag.py:538} INFO - Filling up the DagBag from /home/airflow/.local/lib/python3.8/site-packages/airflow/example_dags/example_branch_operator_decorator.py
[2026-06-03T12:29:24.436+0000] {processor.py:840} INFO - DAG(s) 'example_branch_python_operator_decorator' retrieved from /home/airflow/.local/lib/python3.8/site-packages/airflow/example_dags/example_branch_operator_decorator.py
[2026-06-03T12:29:24.447+0000] {logging_mixin.py:188} INFO - [2026-06-03T12:29:24.446+0000] {dag.py:3033} INFO - Sync 1 DAGs
[2026-06-03T12:29:24.455+0000] {logging_mixin.py:188} INFO - [2026-06-03T12:29:24.455+0000] {dag.py:3820} INFO - Setting next_dagrun for example_branch_python_operator_decorator to 2026-06-02T00:00:00+00:00, run_after=2026-06-03T00:00:00+00:00
[2026-06-03T12:29:24.461+0000] {processor.py:183} INFO - Processing /home/airflow/.local/lib/python3.8/site-packages/airflow/example_dags/example_branch_operator_decorator.py took 0.038 seconds
[2026-06-03T12:29:54.863+0000] {processor.py:161} INFO - Started process (PID=4582) to work on /home/airflow/.local/lib/python3.8/site-packages/airflow/example_dags/example_branch_operator_decorator.py
[2026-06-03T12:29:54.864+0000] {processor.py:830} INFO - Processing file /home/airflow/.local/lib/python3.8/site-packages/airflow/example_dags/example_branch_operator_decorator.py for tasks to queue
[2026-06-03T12:29:54.865+0000] {logging_mixin.py:188} INFO - [2026-06-03T12:29:54.865+0000] {dagbag.py:538} INFO - Filling up the DagBag from /home/airflow/.local/lib/python3.8/site-packages/airflow/example_dags/example_branch_operator_decorator.py
[2026-06-03T12:29:54.896+0000] {processor.py:840} INFO - DAG(s) 'example_branch_python_operator_decorator' retrieved from /home/airflow/.local/lib/python3.8/site-packages/airflow/example_dags/example_branch_operator_decorator.py
[2026-06-03T12:29:54.920+0000] {logging_mixin.py:188} INFO - [2026-06-03T12:29:54.919+0000] {dag.py:3033} INFO - Sync 1 DAGs
[2026-06-03T12:29:54.931+0000] {logging_mixin.py:188} INFO - [2026-06-03T12:29:54.931+0000] {dag.py:3820} INFO - Setting next_dagrun for example_branch_python_operator_decorator to 2026-06-02T00:00:00+00:00, run_after=2026-06-03T00:00:00+00:00
[2026-06-03T12:29:54.940+0000] {processor.py:183} INFO - Processing /home/airflow/.local/lib/python3.8/site-packages/airflow/example_dags/example_branch_operator_decorator.py took 0.079 seconds
[2026-06-03T12:30:25.488+0000] {processor.py:161} INFO - Started process (PID=4638) to work on /home/airflow/.local/lib/python3.8/site-packages/airflow/example_dags/example_branch_operator_decorator.py
[2026-06-03T12:30:25.489+0000] {processor.py:830} INFO - Processing file /home/airflow/.local/lib/python3.8/site-packages/airflow/example_dags/example_branch_operator_decorator.py for tasks to queue
[2026-06-03T12:30:25.491+0000] {logging_mixin.py:188} INFO - [2026-06-03T12:30:25.491+0000] {dagbag.py:538} INFO - Filling up the DagBag from /home/airflow/.local/lib/python3.8/site-packages/airflow/example_dags/example_branch_operator_decorator.py
[2026-06-03T12:30:25.501+0000] {processor.py:840} INFO - DAG(s) 'example_branch_python_operator_decorator' retrieved from /home/airflow/.local/lib/python3.8/site-packages/airflow/example_dags/example_branch_operator_decorator.py
[2026-06-03T12:30:25.513+0000] {logging_mixin.py:188} INFO - [2026-06-03T12:30:25.513+0000] {dag.py:3033} INFO - Sync 1 DAGs
[2026-06-03T12:30:25.522+0000] {logging_mixin.py:188} INFO - [2026-06-03T12:30:25.522+0000] {dag.py:3820} INFO - Setting next_dagrun for example_branch_python_operator_decorator to 2026-06-02T00:00:00+00:00, run_after=2026-06-03T00:00:00+00:00
[2026-06-03T12:30:25.533+0000] {processor.py:183} INFO - Processing /home/airflow/.local/lib/python3.8/site-packages/airflow/example_dags/example_branch_operator_decorator.py took 0.048 seconds
[2026-06-03T12:30:56.108+0000] {processor.py:161} INFO - Started process (PID=4694) to work on /home/airflow/.local/lib/python3.8/site-packages/airflow/example_dags/example_branch_operator_decorator.py
[2026-06-03T12:30:56.109+0000] {processor.py:830} INFO - Processing file /home/airflow/.local/lib/python3.8/site-packages/airflow/example_dags/example_branch_operator_decorator.py for tasks to queue
[2026-06-03T12:30:56.111+0000] {logging_mixin.py:188} INFO - [2026-06-03T12:30:56.110+0000] {dagbag.py:538} INFO - Filling up the DagBag from /home/airflow/.local/lib/python3.8/site-packages/airflow/example_dags/example_branch_operator_decorator.py
[2026-06-03T12:30:56.125+0000] {processor.py:840} INFO - DAG(s) 'example_branch_python_operator_decorator' retrieved from /home/airflow/.local/lib/python3.8/site-packages/airflow/example_dags/example_branch_operator_decorator.py
[2026-06-03T12:30:56.141+0000] {logging_mixin.py:188} INFO - [2026-06-03T12:30:56.141+0000] {dag.py:3033} INFO - Sync 1 DAGs
[2026-06-03T12:30:56.153+0000] {logging_mixin.py:188} INFO - [2026-06-03T12:30:56.153+0000] {dag.py:3820} INFO - Setting next_dagrun for example_branch_python_operator_decorator to 2026-06-02T00:00:00+00:00, run_after=2026-06-03T00:00:00+00:00
[2026-06-03T12:30:56.162+0000] {processor.py:183} INFO - Processing /home/airflow/.local/lib/python3.8/site-packages/airflow/example_dags/example_branch_operator_decorator.py took 0.059 seconds
[2026-06-03T12:31:26.664+0000] {processor.py:161} INFO - Started process (PID=4750) to work on /home/airflow/.local/lib/python3.8/site-packages/airflow/example_dags/example_branch_operator_decorator.py
[2026-06-03T12:31:26.665+0000] {processor.py:830} INFO - Processing file /home/airflow/.local/lib/python3.8/site-packages/airflow/example_dags/example_branch_operator_decorator.py for tasks to queue
[2026-06-03T12:31:26.667+0000] {logging_mixin.py:188} INFO - [2026-06-03T12:31:26.667+0000] {dagbag.py:538} INFO - Filling up the DagBag from /home/airflow/.local/lib/python3.8/site-packages/airflow/example_dags/example_branch_operator_decorator.py
[2026-06-03T12:31:26.681+0000] {processor.py:840} INFO - DAG(s) 'example_branch_python_operator_decorator' retrieved from /home/airflow/.local/lib/python3.8/site-packages/airflow/example_dags/example_branch_operator_decorator.py
[2026-06-03T12:31:26.698+0000] {logging_mixin.py:188} INFO - [2026-06-03T12:31:26.697+0000] {dag.py:3033} INFO - Sync 1 DAGs
[2026-06-03T12:31:26.711+0000] {logging_mixin.py:188} INFO - [2026-06-03T12:31:26.711+0000] {dag.py:3820} INFO - Setting next_dagrun for example_branch_python_operator_decorator to 2026-06-02T00:00:00+00:00, run_after=2026-06-03T00:00:00+00:00
[2026-06-03T12:31:26.720+0000] {processor.py:183} INFO - Processing /home/airflow/.local/lib/python3.8/site-packages/airflow/example_dags/example_branch_operator_decorator.py took 0.058 seconds
[2026-06-03T12:31:57.770+0000] {processor.py:161} INFO - Started process (PID=4806) to work on /home/airflow/.local/lib/python3.8/site-packages/airflow/example_dags/example_branch_operator_decorator.py
[2026-06-03T12:31:57.771+0000] {processor.py:830} INFO - Processing file /home/airflow/.local/lib/python3.8/site-packages/airflow/example_dags/example_branch_operator_decorator.py for tasks to queue
[2026-06-03T12:31:57.773+0000] {logging_mixin.py:188} INFO - [2026-06-03T12:31:57.773+0000] {dagbag.py:538} INFO - Filling up the DagBag from /home/airflow/.local/lib/python3.8/site-packages/airflow/example_dags/example_branch_operator_decorator.py
[2026-06-03T12:31:57.782+0000] {processor.py:840} INFO - DAG(s) 'example_branch_python_operator_decorator' retrieved from /home/airflow/.local/lib/python3.8/site-packages/airflow/example_dags/example_branch_operator_decorator.py
[2026-06-03T12:31:57.800+0000] {logging_mixin.py:188} INFO - [2026-06-03T12:31:57.800+0000] {dag.py:3033} INFO - Sync 1 DAGs
[2026-06-03T12:31:57.809+0000] {logging_mixin.py:188} INFO - [2026-06-03T12:31:57.809+0000] {dag.py:3820} INFO - Setting next_dagrun for example_branch_python_operator_decorator to 2026-06-02T00:00:00+00:00, run_after=2026-06-03T00:00:00+00:00
[2026-06-03T12:31:57.815+0000] {processor.py:183} INFO - Processing /home/airflow/.local/lib/python3.8/site-packages/airflow/example_dags/example_branch_operator_decorator.py took 0.047 seconds
[2026-06-03T12:32:28.408+0000] {processor.py:161} INFO - Started process (PID=4862) to work on /home/airflow/.local/lib/python3.8/site-packages/airflow/example_dags/example_branch_operator_decorator.py
[2026-06-03T12:32:28.409+0000] {processor.py:830} INFO - Processing file /home/airflow/.local/lib/python3.8/site-packages/airflow/example_dags/example_branch_operator_decorator.py for tasks to queue
[2026-06-03T12:32:28.410+0000] {logging_mixin.py:188} INFO - [2026-06-03T12:32:28.410+0000] {dagbag.py:538} INFO - Filling up the DagBag from /home/airflow/.local/lib/python3.8/site-packages/airflow/example_dags/example_branch_operator_decorator.py
[2026-06-03T12:32:28.425+0000] {processor.py:840} INFO - DAG(s) 'example_branch_python_operator_decorator' retrieved from /home/airflow/.local/lib/python3.8/site-packages/airflow/example_dags/example_branch_operator_decorator.py
[2026-06-03T12:32:28.440+0000] {logging_mixin.py:188} INFO - [2026-06-03T12:32:28.439+0000] {dag.py:3033} INFO - Sync 1 DAGs
[2026-06-03T12:32:28.453+0000] {logging_mixin.py:188} INFO - [2026-06-03T12:32:28.453+0000] {dag.py:3820} INFO - Setting next_dagrun for example_branch_python_operator_decorator to 2026-06-02T00:00:00+00:00, run_after=2026-06-03T00:00:00+00:00
[2026-06-03T12:32:28.466+0000] {processor.py:183} INFO - Processing /home/airflow/.local/lib/python3.8/site-packages/airflow/example_dags/example_branch_operator_decorator.py took 0.060 seconds
[2026-06-03T12:32:58.925+0000] {processor.py:161} INFO - Started process (PID=4918) to work on /home/airflow/.local/lib/python3.8/site-packages/airflow/example_dags/example_branch_operator_decorator.py
[2026-06-03T12:32:58.926+0000] {processor.py:830} INFO - Processing file /home/airflow/.local/lib/python3.8/site-packages/airflow/example_dags/example_branch_operator_decorator.py for tasks to queue
[2026-06-03T12:32:58.927+0000] {logging_mixin.py:188} INFO - [2026-06-03T12:32:58.927+0000] {dagbag.py:538} INFO - Filling up the DagBag from /home/airflow/.local/lib/python3.8/site-packages/airflow/example_dags/example_branch_operator_decorator.py
[2026-06-03T12:32:58.937+0000] {processor.py:840} INFO - DAG(s) 'example_branch_python_operator_decorator' retrieved from /home/airflow/.local/lib/python3.8/site-packages/airflow/example_dags/example_branch_operator_decorator.py
[2026-06-03T12:32:58.952+0000] {logging_mixin.py:188} INFO - [2026-06-03T12:32:58.952+0000] {dag.py:3033} INFO - Sync 1 DAGs
[2026-06-03T12:32:58.963+0000] {logging_mixin.py:188} INFO - [2026-06-03T12:32:58.963+0000] {dag.py:3820} INFO - Setting next_dagrun for example_branch_python_operator_decorator to 2026-06-02T00:00:00+00:00, run_after=2026-06-03T00:00:00+00:00
[2026-06-03T12:32:58.973+0000] {processor.py:183} INFO - Processing /home/airflow/.local/lib/python3.8/site-packages/airflow/example_dags/example_branch_operator_decorator.py took 0.050 seconds
[2026-06-03T12:33:29.166+0000] {processor.py:161} INFO - Started process (PID=4974) to work on /home/airflow/.local/lib/python3.8/site-packages/airflow/example_dags/example_branch_operator_decorator.py
[2026-06-03T12:33:29.167+0000] {processor.py:830} INFO - Processing file /home/airflow/.local/lib/python3.8/site-packages/airflow/example_dags/example_branch_operator_decorator.py for tasks to queue
[2026-06-03T12:33:29.168+0000] {logging_mixin.py:188} INFO - [2026-06-03T12:33:29.167+0000] {dagbag.py:538} INFO - Filling up the DagBag from /home/airflow/.local/lib/python3.8/site-packages/airflow/example_dags/example_branch_operator_decorator.py
[2026-06-03T12:33:29.178+0000] {processor.py:840} INFO - DAG(s) 'example_branch_python_operator_decorator' retrieved from /home/airflow/.local/lib/python3.8/site-packages/airflow/example_dags/example_branch_operator_decorator.py
[2026-06-03T12:33:29.195+0000] {logging_mixin.py:188} INFO - [2026-06-03T12:33:29.195+0000] {dag.py:3033} INFO - Sync 1 DAGs
[2026-06-03T12:33:29.205+0000] {logging_mixin.py:188} INFO - [2026-06-03T12:33:29.205+0000] {dag.py:3820} INFO - Setting next_dagrun for example_branch_python_operator_decorator to 2026-06-02T00:00:00+00:00, run_after=2026-06-03T00:00:00+00:00
[2026-06-03T12:33:29.215+0000] {processor.py:183} INFO - Processing /home/airflow/.local/lib/python3.8/site-packages/airflow/example_dags/example_branch_operator_decorator.py took 0.051 seconds
[2026-06-03T12:33:59.537+0000] {processor.py:161} INFO - Started process (PID=5030) to work on /home/airflow/.local/lib/python3.8/site-packages/airflow/example_dags/example_branch_operator_decorator.py
[2026-06-03T12:33:59.537+0000] {processor.py:830} INFO - Processing file /home/airflow/.local/lib/python3.8/site-packages/airflow/example_dags/example_branch_operator_decorator.py for tasks to queue
[2026-06-03T12:33:59.538+0000] {logging_mixin.py:188} INFO - [2026-06-03T12:33:59.538+0000] {dagbag.py:538} INFO - Filling up the DagBag from /home/airflow/.local/lib/python3.8/site-packages/airflow/example_dags/example_branch_operator_decorator.py
[2026-06-03T12:33:59.546+0000] {processor.py:840} INFO - DAG(s) 'example_branch_python_operator_decorator' retrieved from /home/airflow/.local/lib/python3.8/site-packages/airflow/example_dags/example_branch_operator_decorator.py
[2026-06-03T12:33:59.557+0000] {logging_mixin.py:188} INFO - [2026-06-03T12:33:59.557+0000] {dag.py:3033} INFO - Sync 1 DAGs
[2026-06-03T12:33:59.565+0000] {logging_mixin.py:188} INFO - [2026-06-03T12:33:59.565+0000] {dag.py:3820} INFO - Setting next_dagrun for example_branch_python_operator_decorator to 2026-06-02T00:00:00+00:00, run_after=2026-06-03T00:00:00+00:00
[2026-06-03T12:33:59.570+0000] {processor.py:183} INFO - Processing /home/airflow/.local/lib/python3.8/site-packages/airflow/example_dags/example_branch_operator_decorator.py took 0.035 seconds
[2026-06-03T12:34:29.840+0000] {processor.py:161} INFO - Started process (PID=5086) to work on /home/airflow/.local/lib/python3.8/site-packages/airflow/example_dags/example_branch_operator_decorator.py
[2026-06-03T12:34:29.841+0000] {processor.py:830} INFO - Processing file /home/airflow/.local/lib/python3.8/site-packages/airflow/example_dags/example_branch_operator_decorator.py for tasks to queue
[2026-06-03T12:34:29.843+0000] {logging_mixin.py:188} INFO - [2026-06-03T12:34:29.843+0000] {dagbag.py:538} INFO - Filling up the DagBag from /home/airflow/.local/lib/python3.8/site-packages/airflow/example_dags/example_branch_operator_decorator.py
[2026-06-03T12:34:29.855+0000] {processor.py:840} INFO - DAG(s) 'example_branch_python_operator_decorator' retrieved from /home/airflow/.local/lib/python3.8/site-packages/airflow/example_dags/example_branch_operator_decorator.py
[2026-06-03T12:34:29.872+0000] {logging_mixin.py:188} INFO - [2026-06-03T12:34:29.871+0000] {dag.py:3033} INFO - Sync 1 DAGs
[2026-06-03T12:34:29.890+0000] {logging_mixin.py:188} INFO - [2026-06-03T12:34:29.890+0000] {dag.py:3820} INFO - Setting next_dagrun for example_branch_python_operator_decorator to 2026-06-02T00:00:00+00:00, run_after=2026-06-03T00:00:00+00:00
[2026-06-03T12:34:29.904+0000] {processor.py:183} INFO - Processing /home/airflow/.local/lib/python3.8/site-packages/airflow/example_dags/example_branch_operator_decorator.py took 0.068 seconds
[2026-06-03T12:35:00.215+0000] {processor.py:161} INFO - Started process (PID=5142) to work on /home/airflow/.local/lib/python3.8/site-packages/airflow/example_dags/example_branch_operator_decorator.py
[2026-06-03T12:35:00.216+0000] {processor.py:830} INFO - Processing file /home/airflow/.local/lib/python3.8/site-packages/airflow/example_dags/example_branch_operator_decorator.py for tasks to queue
[2026-06-03T12:35:00.217+0000] {logging_mixin.py:188} INFO - [2026-06-03T12:35:00.217+0000] {dagbag.py:538} INFO - Filling up the DagBag from /home/airflow/.local/lib/python3.8/site-packages/airflow/example_dags/example_branch_operator_decorator.py
[2026-06-03T12:35:00.232+0000] {processor.py:840} INFO - DAG(s) 'example_branch_python_operator_decorator' retrieved from /home/airflow/.local/lib/python3.8/site-packages/airflow/example_dags/example_branch_operator_decorator.py
[2026-06-03T12:35:00.244+0000] {logging_mixin.py:188} INFO - [2026-06-03T12:35:00.244+0000] {dag.py:3033} INFO - Sync 1 DAGs
[2026-06-03T12:35:00.252+0000] {logging_mixin.py:188} INFO - [2026-06-03T12:35:00.252+0000] {dag.py:3820} INFO - Setting next_dagrun for example_branch_python_operator_decorator to 2026-06-02T00:00:00+00:00, run_after=2026-06-03T00:00:00+00:00
[2026-06-03T12:35:00.259+0000] {processor.py:183} INFO - Processing /home/airflow/.local/lib/python3.8/site-packages/airflow/example_dags/example_branch_operator_decorator.py took 0.047 seconds
[2026-06-03T12:35:30.608+0000] {processor.py:161} INFO - Started process (PID=5198) to work on /home/airflow/.local/lib/python3.8/site-packages/airflow/example_dags/example_branch_operator_decorator.py
[2026-06-03T12:35:30.609+0000] {processor.py:830} INFO - Processing file /home/airflow/.local/lib/python3.8/site-packages/airflow/example_dags/example_branch_operator_decorator.py for tasks to queue
[2026-06-03T12:35:30.611+0000] {logging_mixin.py:188} INFO - [2026-06-03T12:35:30.611+0000] {dagbag.py:538} INFO - Filling up the DagBag from /home/airflow/.local/lib/python3.8/site-packages/airflow/example_dags/example_branch_operator_decorator.py
[2026-06-03T12:35:30.630+0000] {processor.py:840} INFO - DAG(s) 'example_branch_python_operator_decorator' retrieved from /home/airflow/.local/lib/python3.8/site-packages/airflow/example_dags/example_branch_operator_decorator.py
[2026-06-03T12:35:30.644+0000] {logging_mixin.py:188} INFO - [2026-06-03T12:35:30.644+0000] {dag.py:3033} INFO - Sync 1 DAGs
[2026-06-03T12:35:30.653+0000] {logging_mixin.py:188} INFO - [2026-06-03T12:35:30.653+0000] {dag.py:3820} INFO - Setting next_dagrun for example_branch_python_operator_decorator to 2026-06-02T00:00:00+00:00, run_after=2026-06-03T00:00:00+00:00
[2026-06-03T12:35:30.659+0000] {processor.py:183} INFO - Processing /home/airflow/.local/lib/python3.8/site-packages/airflow/example_dags/example_branch_operator_decorator.py took 0.054 seconds
[2026-06-03T12:36:00.847+0000] {processor.py:161} INFO - Started process (PID=5254) to work on /home/airflow/.local/lib/python3.8/site-packages/airflow/example_dags/example_branch_operator_decorator.py
[2026-06-03T12:36:00.848+0000] {processor.py:830} INFO - Processing file /home/airflow/.local/lib/python3.8/site-packages/airflow/example_dags/example_branch_operator_decorator.py for tasks to queue
[2026-06-03T12:36:00.849+0000] {logging_mixin.py:188} INFO - [2026-06-03T12:36:00.848+0000] {dagbag.py:538} INFO - Filling up the DagBag from /home/airflow/.local/lib/python3.8/site-packages/airflow/example_dags/example_branch_operator_decorator.py
[2026-06-03T12:36:00.857+0000] {processor.py:840} INFO - DAG(s) 'example_branch_python_operator_decorator' retrieved from /home/airflow/.local/lib/python3.8/site-packages/airflow/example_dags/example_branch_operator_decorator.py
[2026-06-03T12:36:00.867+0000] {logging_mixin.py:188} INFO - [2026-06-03T12:36:00.867+0000] {dag.py:3033} INFO - Sync 1 DAGs
[2026-06-03T12:36:00.875+0000] {logging_mixin.py:188} INFO - [2026-06-03T12:36:00.875+0000] {dag.py:3820} INFO - Setting next_dagrun for example_branch_python_operator_decorator to 2026-06-02T00:00:00+00:00, run_after=2026-06-03T00:00:00+00:00
[2026-06-03T12:36:00.884+0000] {processor.py:183} INFO - Processing /home/airflow/.local/lib/python3.8/site-packages/airflow/example_dags/example_branch_operator_decorator.py took 0.038 seconds
[2026-06-03T12:36:31.044+0000] {processor.py:161} INFO - Started process (PID=5310) to work on /home/airflow/.local/lib/python3.8/site-packages/airflow/example_dags/example_branch_operator_decorator.py
[2026-06-03T12:36:31.045+0000] {processor.py:830} INFO - Processing file /home/airflow/.local/lib/python3.8/site-packages/airflow/example_dags/example_branch_operator_decorator.py for tasks to queue
[2026-06-03T12:36:31.047+0000] {logging_mixin.py:188} INFO - [2026-06-03T12:36:31.047+0000] {dagbag.py:538} INFO - Filling up the DagBag from /home/airflow/.local/lib/python3.8/site-packages/airflow/example_dags/example_branch_operator_decorator.py
[2026-06-03T12:36:31.066+0000] {processor.py:840} INFO - DAG(s) 'example_branch_python_operator_decorator' retrieved from /home/airflow/.local/lib/python3.8/site-packages/airflow/example_dags/example_branch_operator_decorator.py
[2026-06-03T12:36:31.080+0000] {logging_mixin.py:188} INFO - [2026-06-03T12:36:31.080+0000] {dag.py:3033} INFO - Sync 1 DAGs
[2026-06-03T12:36:31.089+0000] {logging_mixin.py:188} INFO - [2026-06-03T12:36:31.089+0000] {dag.py:3820} INFO - Setting next_dagrun for example_branch_python_operator_decorator to 2026-06-02T00:00:00+00:00, run_after=2026-06-03T00:00:00+00:00
[2026-06-03T12:36:31.095+0000] {processor.py:183} INFO - Processing /home/airflow/.local/lib/python3.8/site-packages/airflow/example_dags/example_branch_operator_decorator.py took 0.055 seconds
[2026-06-03T12:37:01.316+0000] {processor.py:161} INFO - Started process (PID=5366) to work on /home/airflow/.local/lib/python3.8/site-packages/airflow/example_dags/example_branch_operator_decorator.py
[2026-06-03T12:37:01.317+0000] {processor.py:830} INFO - Processing file /home/airflow/.local/lib/python3.8/site-packages/airflow/example_dags/example_branch_operator_decorator.py for tasks to queue
[2026-06-03T12:37:01.318+0000] {logging_mixin.py:188} INFO - [2026-06-03T12:37:01.318+0000] {dagbag.py:538} INFO - Filling up the DagBag from /home/airflow/.local/lib/python3.8/site-packages/airflow/example_dags/example_branch_operator_decorator.py
[2026-06-03T12:37:01.326+0000] {processor.py:840} INFO - DAG(s) 'example_branch_python_operator_decorator' retrieved from /home/airflow/.local/lib/python3.8/site-packages/airflow/example_dags/example_branch_operator_decorator.py
[2026-06-03T12:37:01.337+0000] {logging_mixin.py:188} INFO - [2026-06-03T12:37:01.337+0000] {dag.py:3033} INFO - Sync 1 DAGs
[2026-06-03T12:37:01.344+0000] {logging_mixin.py:188} INFO - [2026-06-03T12:37:01.344+0000] {dag.py:3820} INFO - Setting next_dagrun for example_branch_python_operator_decorator to 2026-06-02T00:00:00+00:00, run_after=2026-06-03T00:00:00+00:00
[2026-06-03T12:37:01.350+0000] {processor.py:183} INFO - Processing /home/airflow/.local/lib/python3.8/site-packages/airflow/example_dags/example_branch_operator_decorator.py took 0.036 seconds
[2026-06-03T12:37:31.763+0000] {processor.py:161} INFO - Started process (PID=5422) to work on /home/airflow/.local/lib/python3.8/site-packages/airflow/example_dags/example_branch_operator_decorator.py
[2026-06-03T12:37:31.764+0000] {processor.py:830} INFO - Processing file /home/airflow/.local/lib/python3.8/site-packages/airflow/example_dags/example_branch_operator_decorator.py for tasks to queue
[2026-06-03T12:37:31.764+0000] {logging_mixin.py:188} INFO - [2026-06-03T12:37:31.764+0000] {dagbag.py:538} INFO - Filling up the DagBag from /home/airflow/.local/lib/python3.8/site-packages/airflow/example_dags/example_branch_operator_decorator.py
[2026-06-03T12:37:31.780+0000] {processor.py:840} INFO - DAG(s) 'example_branch_python_operator_decorator' retrieved from /home/airflow/.local/lib/python3.8/site-packages/airflow/example_dags/example_branch_operator_decorator.py
[2026-06-03T12:37:31.791+0000] {logging_mixin.py:188} INFO - [2026-06-03T12:37:31.791+0000] {dag.py:3033} INFO - Sync 1 DAGs
[2026-06-03T12:37:31.799+0000] {logging_mixin.py:188} INFO - [2026-06-03T12:37:31.799+0000] {dag.py:3820} INFO - Setting next_dagrun for example_branch_python_operator_decorator to 2026-06-02T00:00:00+00:00, run_after=2026-06-03T00:00:00+00:00
[2026-06-03T12:37:31.805+0000] {processor.py:183} INFO - Processing /home/airflow/.local/lib/python3.8/site-packages/airflow/example_dags/example_branch_operator_decorator.py took 0.044 seconds
[2026-06-03T12:38:01.950+0000] {processor.py:161} INFO - Started process (PID=5478) to work on /home/airflow/.local/lib/python3.8/site-packages/airflow/example_dags/example_branch_operator_decorator.py
[2026-06-03T12:38:01.951+0000] {processor.py:830} INFO - Processing file /home/airflow/.local/lib/python3.8/site-packages/airflow/example_dags/example_branch_operator_decorator.py for tasks to queue
[2026-06-03T12:38:01.952+0000] {logging_mixin.py:188} INFO - [2026-06-03T12:38:01.952+0000] {dagbag.py:538} INFO - Filling up the DagBag from /home/airflow/.local/lib/python3.8/site-packages/airflow/example_dags/example_branch_operator_decorator.py
[2026-06-03T12:38:01.962+0000] {processor.py:840} INFO - DAG(s) 'example_branch_python_operator_decorator' retrieved from /home/airflow/.local/lib/python3.8/site-packages/airflow/example_dags/example_branch_operator_decorator.py
[2026-06-03T12:38:01.977+0000] {logging_mixin.py:188} INFO - [2026-06-03T12:38:01.977+0000] {dag.py:3033} INFO - Sync 1 DAGs
[2026-06-03T12:38:01.987+0000] {logging_mixin.py:188} INFO - [2026-06-03T12:38:01.987+0000] {dag.py:3820} INFO - Setting next_dagrun for example_branch_python_operator_decorator to 2026-06-02T00:00:00+00:00, run_after=2026-06-03T00:00:00+00:00
[2026-06-03T12:38:02.001+0000] {processor.py:183} INFO - Processing /home/airflow/.local/lib/python3.8/site-packages/airflow/example_dags/example_branch_operator_decorator.py took 0.052 seconds
[2026-06-03T12:38:32.101+0000] {processor.py:161} INFO - Started process (PID=5534) to work on /home/airflow/.local/lib/python3.8/site-packages/airflow/example_dags/example_branch_operator_decorator.py
[2026-06-03T12:38:32.102+0000] {processor.py:830} INFO - Processing file /home/airflow/.local/lib/python3.8/site-packages/airflow/example_dags/example_branch_operator_decorator.py for tasks to queue
[2026-06-03T12:38:32.103+0000] {logging_mixin.py:188} INFO - [2026-06-03T12:38:32.103+0000] {dagbag.py:538} INFO - Filling up the DagBag from /home/airflow/.local/lib/python3.8/site-packages/airflow/example_dags/example_branch_operator_decorator.py
[2026-06-03T12:38:32.113+0000] {processor.py:840} INFO - DAG(s) 'example_branch_python_operator_decorator' retrieved from /home/airflow/.local/lib/python3.8/site-packages/airflow/example_dags/example_branch_operator_decorator.py
[2026-06-03T12:38:32.128+0000] {logging_mixin.py:188} INFO - [2026-06-03T12:38:32.128+0000] {dag.py:3033} INFO - Sync 1 DAGs
[2026-06-03T12:38:32.139+0000] {logging_mixin.py:188} INFO - [2026-06-03T12:38:32.139+0000] {dag.py:3820} INFO - Setting next_dagrun for example_branch_python_operator_decorator to 2026-06-02T00:00:00+00:00, run_after=2026-06-03T00:00:00+00:00
[2026-06-03T12:38:32.146+0000] {processor.py:183} INFO - Processing /home/airflow/.local/lib/python3.8/site-packages/airflow/example_dags/example_branch_operator_decorator.py took 0.047 seconds
[2026-06-03T12:39:02.509+0000] {processor.py:161} INFO - Started process (PID=5590) to work on /home/airflow/.local/lib/python3.8/site-packages/airflow/example_dags/example_branch_operator_decorator.py
[2026-06-03T12:39:02.510+0000] {processor.py:830} INFO - Processing file /home/airflow/.local/lib/python3.8/site-packages/airflow/example_dags/example_branch_operator_decorator.py for tasks to queue
[2026-06-03T12:39:02.511+0000] {logging_mixin.py:188} INFO - [2026-06-03T12:39:02.511+0000] {dagbag.py:538} INFO - Filling up the DagBag from /home/airflow/.local/lib/python3.8/site-packages/airflow/example_dags/example_branch_operator_decorator.py
[2026-06-03T12:39:02.525+0000] {processor.py:840} INFO - DAG(s) 'example_branch_python_operator_decorator' retrieved from /home/airflow/.local/lib/python3.8/site-packages/airflow/example_dags/example_branch_operator_decorator.py
[2026-06-03T12:39:02.552+0000] {logging_mixin.py:188} INFO - [2026-06-03T12:39:02.552+0000] {dag.py:3033} INFO - Sync 1 DAGs
[2026-06-03T12:39:02.565+0000] {logging_mixin.py:188} INFO - [2026-06-03T12:39:02.565+0000] {dag.py:3820} INFO - Setting next_dagrun for example_branch_python_operator_decorator to 2026-06-02T00:00:00+00:00, run_after=2026-06-03T00:00:00+00:00
[2026-06-03T12:39:02.574+0000] {processor.py:183} INFO - Processing /home/airflow/.local/lib/python3.8/site-packages/airflow/example_dags/example_branch_operator_decorator.py took 0.069 seconds
[2026-06-03T12:39:33.516+0000] {processor.py:161} INFO - Started process (PID=5646) to work on /home/airflow/.local/lib/python3.8/site-packages/airflow/example_dags/example_branch_operator_decorator.py
[2026-06-03T12:39:33.517+0000] {processor.py:830} INFO - Processing file /home/airflow/.local/lib/python3.8/site-packages/airflow/example_dags/example_branch_operator_decorator.py for tasks to queue
[2026-06-03T12:39:33.519+0000] {logging_mixin.py:188} INFO - [2026-06-03T12:39:33.518+0000] {dagbag.py:538} INFO - Filling up the DagBag from /home/airflow/.local/lib/python3.8/site-packages/airflow/example_dags/example_branch_operator_decorator.py
[2026-06-03T12:39:33.532+0000] {processor.py:840} INFO - DAG(s) 'example_branch_python_operator_decorator' retrieved from /home/airflow/.local/lib/python3.8/site-packages/airflow/example_dags/example_branch_operator_decorator.py
[2026-06-03T12:39:33.561+0000] {logging_mixin.py:188} INFO - [2026-06-03T12:39:33.561+0000] {dag.py:3033} INFO - Sync 1 DAGs
[2026-06-03T12:39:33.578+0000] {logging_mixin.py:188} INFO - [2026-06-03T12:39:33.578+0000] {dag.py:3820} INFO - Setting next_dagrun for example_branch_python_operator_decorator to 2026-06-02T00:00:00+00:00, run_after=2026-06-03T00:00:00+00:00
[2026-06-03T12:39:33.593+0000] {processor.py:183} INFO - Processing /home/airflow/.local/lib/python3.8/site-packages/airflow/example_dags/example_branch_operator_decorator.py took 0.080 seconds
[2026-06-03T12:40:04.062+0000] {processor.py:161} INFO - Started process (PID=5702) to work on /home/airflow/.local/lib/python3.8/site-packages/airflow/example_dags/example_branch_operator_decorator.py
[2026-06-03T12:40:04.062+0000] {processor.py:830} INFO - Processing file /home/airflow/.local/lib/python3.8/site-packages/airflow/example_dags/example_branch_operator_decorator.py for tasks to queue
[2026-06-03T12:40:04.064+0000] {logging_mixin.py:188} INFO - [2026-06-03T12:40:04.063+0000] {dagbag.py:538} INFO - Filling up the DagBag from /home/airflow/.local/lib/python3.8/site-packages/airflow/example_dags/example_branch_operator_decorator.py
[2026-06-03T12:40:04.073+0000] {processor.py:840} INFO - DAG(s) 'example_branch_python_operator_decorator' retrieved from /home/airflow/.local/lib/python3.8/site-packages/airflow/example_dags/example_branch_operator_decorator.py
[2026-06-03T12:40:04.083+0000] {logging_mixin.py:188} INFO - [2026-06-03T12:40:04.083+0000] {dag.py:3033} INFO - Sync 1 DAGs
[2026-06-03T12:40:04.093+0000] {logging_mixin.py:188} INFO - [2026-06-03T12:40:04.093+0000] {dag.py:3820} INFO - Setting next_dagrun for example_branch_python_operator_decorator to 2026-06-02T00:00:00+00:00, run_after=2026-06-03T00:00:00+00:00
[2026-06-03T12:40:04.099+0000] {processor.py:183} INFO - Processing /home/airflow/.local/lib/python3.8/site-packages/airflow/example_dags/example_branch_operator_decorator.py took 0.039 seconds
[2026-06-03T12:40:35.060+0000] {processor.py:161} INFO - Started process (PID=5758) to work on /home/airflow/.local/lib/python3.8/site-packages/airflow/example_dags/example_branch_operator_decorator.py
[2026-06-03T12:40:35.061+0000] {processor.py:830} INFO - Processing file /home/airflow/.local/lib/python3.8/site-packages/airflow/example_dags/example_branch_operator_decorator.py for tasks to queue
[2026-06-03T12:40:35.062+0000] {logging_mixin.py:188} INFO - [2026-06-03T12:40:35.062+0000] {dagbag.py:538} INFO - Filling up the DagBag from /home/airflow/.local/lib/python3.8/site-packages/airflow/example_dags/example_branch_operator_decorator.py
[2026-06-03T12:40:35.072+0000] {processor.py:840} INFO - DAG(s) 'example_branch_python_operator_decorator' retrieved from /home/airflow/.local/lib/python3.8/site-packages/airflow/example_dags/example_branch_operator_decorator.py
[2026-06-03T12:40:35.094+0000] {logging_mixin.py:188} INFO - [2026-06-03T12:40:35.094+0000] {dag.py:3033} INFO - Sync 1 DAGs
[2026-06-03T12:40:35.105+0000] {logging_mixin.py:188} INFO - [2026-06-03T12:40:35.105+0000] {dag.py:3820} INFO - Setting next_dagrun for example_branch_python_operator_decorator to 2026-06-02T00:00:00+00:00, run_after=2026-06-03T00:00:00+00:00
[2026-06-03T12:40:35.114+0000] {processor.py:183} INFO - Processing /home/airflow/.local/lib/python3.8/site-packages/airflow/example_dags/example_branch_operator_decorator.py took 0.055 seconds
[2026-06-03T12:41:05.581+0000] {processor.py:161} INFO - Started process (PID=5814) to work on /home/airflow/.local/lib/python3.8/site-packages/airflow/example_dags/example_branch_operator_decorator.py
[2026-06-03T12:41:05.581+0000] {processor.py:830} INFO - Processing file /home/airflow/.local/lib/python3.8/site-packages/airflow/example_dags/example_branch_operator_decorator.py for tasks to queue
[2026-06-03T12:41:05.582+0000] {logging_mixin.py:188} INFO - [2026-06-03T12:41:05.582+0000] {dagbag.py:538} INFO - Filling up the DagBag from /home/airflow/.local/lib/python3.8/site-packages/airflow/example_dags/example_branch_operator_decorator.py
[2026-06-03T12:41:05.594+0000] {processor.py:840} INFO - DAG(s) 'example_branch_python_operator_decorator' retrieved from /home/airflow/.local/lib/python3.8/site-packages/airflow/example_dags/example_branch_operator_decorator.py
[2026-06-03T12:41:05.607+0000] {logging_mixin.py:188} INFO - [2026-06-03T12:41:05.607+0000] {dag.py:3033} INFO - Sync 1 DAGs
[2026-06-03T12:41:05.621+0000] {logging_mixin.py:188} INFO - [2026-06-03T12:41:05.621+0000] {dag.py:3820} INFO - Setting next_dagrun for example_branch_python_operator_decorator to 2026-06-02T00:00:00+00:00, run_after=2026-06-03T00:00:00+00:00
[2026-06-03T12:41:05.628+0000] {processor.py:183} INFO - Processing /home/airflow/.local/lib/python3.8/site-packages/airflow/example_dags/example_branch_operator_decorator.py took 0.053 seconds
[2026-06-03T12:41:36.157+0000] {processor.py:161} INFO - Started process (PID=5870) to work on /home/airflow/.local/lib/python3.8/site-packages/airflow/example_dags/example_branch_operator_decorator.py
[2026-06-03T12:41:36.157+0000] {processor.py:830} INFO - Processing file /home/airflow/.local/lib/python3.8/site-packages/airflow/example_dags/example_branch_operator_decorator.py for tasks to queue
[2026-06-03T12:41:36.159+0000] {logging_mixin.py:188} INFO - [2026-06-03T12:41:36.158+0000] {dagbag.py:538} INFO - Filling up the DagBag from /home/airflow/.local/lib/python3.8/site-packages/airflow/example_dags/example_branch_operator_decorator.py
[2026-06-03T12:41:36.174+0000] {processor.py:840} INFO - DAG(s) 'example_branch_python_operator_decorator' retrieved from /home/airflow/.local/lib/python3.8/site-packages/airflow/example_dags/example_branch_operator_decorator.py
[2026-06-03T12:41:36.199+0000] {logging_mixin.py:188} INFO - [2026-06-03T12:41:36.199+0000] {dag.py:3033} INFO - Sync 1 DAGs
[2026-06-03T12:41:36.215+0000] {logging_mixin.py:188} INFO - [2026-06-03T12:41:36.215+0000] {dag.py:3820} INFO - Setting next_dagrun for example_branch_python_operator_decorator to 2026-06-02T00:00:00+00:00, run_after=2026-06-03T00:00:00+00:00
[2026-06-03T12:41:36.228+0000] {processor.py:183} INFO - Processing /home/airflow/.local/lib/python3.8/site-packages/airflow/example_dags/example_branch_operator_decorator.py took 0.073 seconds
[2026-06-03T12:42:06.726+0000] {processor.py:161} INFO - Started process (PID=5926) to work on /home/airflow/.local/lib/python3.8/site-packages/airflow/example_dags/example_branch_operator_decorator.py
[2026-06-03T12:42:06.727+0000] {processor.py:830} INFO - Processing file /home/airflow/.local/lib/python3.8/site-packages/airflow/example_dags/example_branch_operator_decorator.py for tasks to queue
[2026-06-03T12:42:06.727+0000] {logging_mixin.py:188} INFO - [2026-06-03T12:42:06.727+0000] {dagbag.py:538} INFO - Filling up the DagBag from /home/airflow/.local/lib/python3.8/site-packages/airflow/example_dags/example_branch_operator_decorator.py
[2026-06-03T12:42:06.735+0000] {processor.py:840} INFO - DAG(s) 'example_branch_python_operator_decorator' retrieved from /home/airflow/.local/lib/python3.8/site-packages/airflow/example_dags/example_branch_operator_decorator.py
[2026-06-03T12:42:06.745+0000] {logging_mixin.py:188} INFO - [2026-06-03T12:42:06.745+0000] {dag.py:3033} INFO - Sync 1 DAGs
[2026-06-03T12:42:06.753+0000] {logging_mixin.py:188} INFO - [2026-06-03T12:42:06.753+0000] {dag.py:3820} INFO - Setting next_dagrun for example_branch_python_operator_decorator to 2026-06-02T00:00:00+00:00, run_after=2026-06-03T00:00:00+00:00
[2026-06-03T12:42:06.759+0000] {processor.py:183} INFO - Processing /home/airflow/.local/lib/python3.8/site-packages/airflow/example_dags/example_branch_operator_decorator.py took 0.034 seconds
[2026-06-03T12:42:37.888+0000] {processor.py:161} INFO - Started process (PID=5982) to work on /home/airflow/.local/lib/python3.8/site-packages/airflow/example_dags/example_branch_operator_decorator.py
[2026-06-03T12:42:37.889+0000] {processor.py:830} INFO - Processing file /home/airflow/.local/lib/python3.8/site-packages/airflow/example_dags/example_branch_operator_decorator.py for tasks to queue
[2026-06-03T12:42:37.891+0000] {logging_mixin.py:188} INFO - [2026-06-03T12:42:37.891+0000] {dagbag.py:538} INFO - Filling up the DagBag from /home/airflow/.local/lib/python3.8/site-packages/airflow/example_dags/example_branch_operator_decorator.py
[2026-06-03T12:42:37.906+0000] {processor.py:840} INFO - DAG(s) 'example_branch_python_operator_decorator' retrieved from /home/airflow/.local/lib/python3.8/site-packages/airflow/example_dags/example_branch_operator_decorator.py
[2026-06-03T12:42:37.926+0000] {logging_mixin.py:188} INFO - [2026-06-03T12:42:37.926+0000] {dag.py:3033} INFO - Sync 1 DAGs
[2026-06-03T12:42:37.943+0000] {logging_mixin.py:188} INFO - [2026-06-03T12:42:37.942+0000] {dag.py:3820} INFO - Setting next_dagrun for example_branch_python_operator_decorator to 2026-06-02T00:00:00+00:00, run_after=2026-06-03T00:00:00+00:00
[2026-06-03T12:42:37.951+0000] {processor.py:183} INFO - Processing /home/airflow/.local/lib/python3.8/site-packages/airflow/example_dags/example_branch_operator_decorator.py took 0.066 seconds
[2026-06-03T12:43:08.243+0000] {processor.py:161} INFO - Started process (PID=6038) to work on /home/airflow/.local/lib/python3.8/site-packages/airflow/example_dags/example_branch_operator_decorator.py
[2026-06-03T12:43:08.244+0000] {processor.py:830} INFO - Processing file /home/airflow/.local/lib/python3.8/site-packages/airflow/example_dags/example_branch_operator_decorator.py for tasks to queue
[2026-06-03T12:43:08.245+0000] {logging_mixin.py:188} INFO - [2026-06-03T12:43:08.245+0000] {dagbag.py:538} INFO - Filling up the DagBag from /home/airflow/.local/lib/python3.8/site-packages/airflow/example_dags/example_branch_operator_decorator.py
[2026-06-03T12:43:08.256+0000] {processor.py:840} INFO - DAG(s) 'example_branch_python_operator_decorator' retrieved from /home/airflow/.local/lib/python3.8/site-packages/airflow/example_dags/example_branch_operator_decorator.py
[2026-06-03T12:43:08.273+0000] {logging_mixin.py:188} INFO - [2026-06-03T12:43:08.273+0000] {dag.py:3033} INFO - Sync 1 DAGs
[2026-06-03T12:43:08.286+0000] {logging_mixin.py:188} INFO - [2026-06-03T12:43:08.286+0000] {dag.py:3820} INFO - Setting next_dagrun for example_branch_python_operator_decorator to 2026-06-02T00:00:00+00:00, run_after=2026-06-03T00:00:00+00:00
[2026-06-03T12:43:08.296+0000] {processor.py:183} INFO - Processing /home/airflow/.local/lib/python3.8/site-packages/airflow/example_dags/example_branch_operator_decorator.py took 0.054 seconds
[2026-06-03T12:43:39.441+0000] {processor.py:161} INFO - Started process (PID=6094) to work on /home/airflow/.local/lib/python3.8/site-packages/airflow/example_dags/example_branch_operator_decorator.py
[2026-06-03T12:43:39.443+0000] {processor.py:830} INFO - Processing file /home/airflow/.local/lib/python3.8/site-packages/airflow/example_dags/example_branch_operator_decorator.py for tasks to queue
[2026-06-03T12:43:39.446+0000] {logging_mixin.py:188} INFO - [2026-06-03T12:43:39.446+0000] {dagbag.py:538} INFO - Filling up the DagBag from /home/airflow/.local/lib/python3.8/site-packages/airflow/example_dags/example_branch_operator_decorator.py
[2026-06-03T12:43:39.459+0000] {processor.py:840} INFO - DAG(s) 'example_branch_python_operator_decorator' retrieved from /home/airflow/.local/lib/python3.8/site-packages/airflow/example_dags/example_branch_operator_decorator.py
[2026-06-03T12:43:39.475+0000] {logging_mixin.py:188} INFO - [2026-06-03T12:43:39.474+0000] {dag.py:3033} INFO - Sync 1 DAGs
[2026-06-03T12:43:39.484+0000] {logging_mixin.py:188} INFO - [2026-06-03T12:43:39.484+0000] {dag.py:3820} INFO - Setting next_dagrun for example_branch_python_operator_decorator to 2026-06-02T00:00:00+00:00, run_after=2026-06-03T00:00:00+00:00
[2026-06-03T12:43:39.494+0000] {processor.py:183} INFO - Processing /home/airflow/.local/lib/python3.8/site-packages/airflow/example_dags/example_branch_operator_decorator.py took 0.055 seconds
[2026-06-03T12:44:10.675+0000] {processor.py:161} INFO - Started process (PID=6151) to work on /home/airflow/.local/lib/python3.8/site-packages/airflow/example_dags/example_branch_operator_decorator.py
[2026-06-03T12:44:10.676+0000] {processor.py:830} INFO - Processing file /home/airflow/.local/lib/python3.8/site-packages/airflow/example_dags/example_branch_operator_decorator.py for tasks to queue
[2026-06-03T12:44:10.678+0000] {logging_mixin.py:188} INFO - [2026-06-03T12:44:10.678+0000] {dagbag.py:538} INFO - Filling up the DagBag from /home/airflow/.local/lib/python3.8/site-packages/airflow/example_dags/example_branch_operator_decorator.py
[2026-06-03T12:44:10.695+0000] {processor.py:840} INFO - DAG(s) 'example_branch_python_operator_decorator' retrieved from /home/airflow/.local/lib/python3.8/site-packages/airflow/example_dags/example_branch_operator_decorator.py
[2026-06-03T12:44:10.725+0000] {logging_mixin.py:188} INFO - [2026-06-03T12:44:10.724+0000] {dag.py:3033} INFO - Sync 1 DAGs
[2026-06-03T12:44:10.738+0000] {logging_mixin.py:188} INFO - [2026-06-03T12:44:10.738+0000] {dag.py:3820} INFO - Setting next_dagrun for example_branch_python_operator_decorator to 2026-06-02T00:00:00+00:00, run_after=2026-06-03T00:00:00+00:00
[2026-06-03T12:44:10.750+0000] {processor.py:183} INFO - Processing /home/airflow/.local/lib/python3.8/site-packages/airflow/example_dags/example_branch_operator_decorator.py took 0.077 seconds
[2026-06-03T12:44:41.122+0000] {processor.py:161} INFO - Started process (PID=6220) to work on /home/airflow/.local/lib/python3.8/site-packages/airflow/example_dags/example_branch_operator_decorator.py
[2026-06-03T12:44:41.123+0000] {processor.py:830} INFO - Processing file /home/airflow/.local/lib/python3.8/site-packages/airflow/example_dags/example_branch_operator_decorator.py for tasks to queue
[2026-06-03T12:44:41.123+0000] {logging_mixin.py:188} INFO - [2026-06-03T12:44:41.123+0000] {dagbag.py:538} INFO - Filling up the DagBag from /home/airflow/.local/lib/python3.8/site-packages/airflow/example_dags/example_branch_operator_decorator.py
[2026-06-03T12:44:41.132+0000] {processor.py:840} INFO - DAG(s) 'example_branch_python_operator_decorator' retrieved from /home/airflow/.local/lib/python3.8/site-packages/airflow/example_dags/example_branch_operator_decorator.py
[2026-06-03T12:44:41.142+0000] {logging_mixin.py:188} INFO - [2026-06-03T12:44:41.142+0000] {dag.py:3033} INFO - Sync 1 DAGs
[2026-06-03T12:44:41.151+0000] {logging_mixin.py:188} INFO - [2026-06-03T12:44:41.151+0000] {dag.py:3820} INFO - Setting next_dagrun for example_branch_python_operator_decorator to 2026-06-02T00:00:00+00:00, run_after=2026-06-03T00:00:00+00:00
[2026-06-03T12:44:41.156+0000] {processor.py:183} INFO - Processing /home/airflow/.local/lib/python3.8/site-packages/airflow/example_dags/example_branch_operator_decorator.py took 0.036 seconds
[2026-06-03T12:45:11.691+0000] {processor.py:161} INFO - Started process (PID=6282) to work on /home/airflow/.local/lib/python3.8/site-packages/airflow/example_dags/example_branch_operator_decorator.py
[2026-06-03T12:45:11.693+0000] {processor.py:830} INFO - Processing file /home/airflow/.local/lib/python3.8/site-packages/airflow/example_dags/example_branch_operator_decorator.py for tasks to queue
[2026-06-03T12:45:11.694+0000] {logging_mixin.py:188} INFO - [2026-06-03T12:45:11.694+0000] {dagbag.py:538} INFO - Filling up the DagBag from /home/airflow/.local/lib/python3.8/site-packages/airflow/example_dags/example_branch_operator_decorator.py
[2026-06-03T12:45:11.703+0000] {processor.py:840} INFO - DAG(s) 'example_branch_python_operator_decorator' retrieved from /home/airflow/.local/lib/python3.8/site-packages/airflow/example_dags/example_branch_operator_decorator.py
[2026-06-03T12:45:11.726+0000] {logging_mixin.py:188} INFO - [2026-06-03T12:45:11.725+0000] {dag.py:3033} INFO - Sync 1 DAGs
[2026-06-03T12:45:11.737+0000] {logging_mixin.py:188} INFO - [2026-06-03T12:45:11.737+0000] {dag.py:3820} INFO - Setting next_dagrun for example_branch_python_operator_decorator to 2026-06-02T00:00:00+00:00, run_after=2026-06-03T00:00:00+00:00
[2026-06-03T12:45:11.755+0000] {processor.py:183} INFO - Processing /home/airflow/.local/lib/python3.8/site-packages/airflow/example_dags/example_branch_operator_decorator.py took 0.067 seconds
[2026-06-03T12:45:42.723+0000] {processor.py:161} INFO - Started process (PID=6344) to work on /home/airflow/.local/lib/python3.8/site-packages/airflow/example_dags/example_branch_operator_decorator.py
[2026-06-03T12:45:42.724+0000] {processor.py:830} INFO - Processing file /home/airflow/.local/lib/python3.8/site-packages/airflow/example_dags/example_branch_operator_decorator.py for tasks to queue
[2026-06-03T12:45:42.726+0000] {logging_mixin.py:188} INFO - [2026-06-03T12:45:42.725+0000] {dagbag.py:538} INFO - Filling up the DagBag from /home/airflow/.local/lib/python3.8/site-packages/airflow/example_dags/example_branch_operator_decorator.py
[2026-06-03T12:45:42.740+0000] {processor.py:840} INFO - DAG(s) 'example_branch_python_operator_decorator' retrieved from /home/airflow/.local/lib/python3.8/site-packages/airflow/example_dags/example_branch_operator_decorator.py
[2026-06-03T12:45:42.754+0000] {logging_mixin.py:188} INFO - [2026-06-03T12:45:42.754+0000] {dag.py:3033} INFO - Sync 1 DAGs
[2026-06-03T12:45:42.766+0000] {logging_mixin.py:188} INFO - [2026-06-03T12:45:42.766+0000] {dag.py:3820} INFO - Setting next_dagrun for example_branch_python_operator_decorator to 2026-06-02T00:00:00+00:00, run_after=2026-06-03T00:00:00+00:00
[2026-06-03T12:45:42.777+0000] {processor.py:183} INFO - Processing /home/airflow/.local/lib/python3.8/site-packages/airflow/example_dags/example_branch_operator_decorator.py took 0.060 seconds
[2026-06-03T12:46:13.404+0000] {processor.py:161} INFO - Started process (PID=6399) to work on /home/airflow/.local/lib/python3.8/site-packages/airflow/example_dags/example_branch_operator_decorator.py
[2026-06-03T12:46:13.406+0000] {processor.py:830} INFO - Processing file /home/airflow/.local/lib/python3.8/site-packages/airflow/example_dags/example_branch_operator_decorator.py for tasks to queue
[2026-06-03T12:46:13.408+0000] {logging_mixin.py:188} INFO - [2026-06-03T12:46:13.408+0000] {dagbag.py:538} INFO - Filling up the DagBag from /home/airflow/.local/lib/python3.8/site-packages/airflow/example_dags/example_branch_operator_decorator.py
[2026-06-03T12:46:13.423+0000] {processor.py:840} INFO - DAG(s) 'example_branch_python_operator_decorator' retrieved from /home/airflow/.local/lib/python3.8/site-packages/airflow/example_dags/example_branch_operator_decorator.py
[2026-06-03T12:46:13.443+0000] {logging_mixin.py:188} INFO - [2026-06-03T12:46:13.443+0000] {dag.py:3033} INFO - Sync 1 DAGs
[2026-06-03T12:46:13.456+0000] {logging_mixin.py:188} INFO - [2026-06-03T12:46:13.456+0000] {dag.py:3820} INFO - Setting next_dagrun for example_branch_python_operator_decorator to 2026-06-02T00:00:00+00:00, run_after=2026-06-03T00:00:00+00:00
[2026-06-03T12:46:13.465+0000] {processor.py:183} INFO - Processing /home/airflow/.local/lib/python3.8/site-packages/airflow/example_dags/example_branch_operator_decorator.py took 0.064 seconds
[2026-06-03T12:46:43.609+0000] {processor.py:161} INFO - Started process (PID=6455) to work on /home/airflow/.local/lib/python3.8/site-packages/airflow/example_dags/example_branch_operator_decorator.py
[2026-06-03T12:46:43.609+0000] {processor.py:830} INFO - Processing file /home/airflow/.local/lib/python3.8/site-packages/airflow/example_dags/example_branch_operator_decorator.py for tasks to queue
[2026-06-03T12:46:43.610+0000] {logging_mixin.py:188} INFO - [2026-06-03T12:46:43.610+0000] {dagbag.py:538} INFO - Filling up the DagBag from /home/airflow/.local/lib/python3.8/site-packages/airflow/example_dags/example_branch_operator_decorator.py
[2026-06-03T12:46:43.623+0000] {processor.py:840} INFO - DAG(s) 'example_branch_python_operator_decorator' retrieved from /home/airflow/.local/lib/python3.8/site-packages/airflow/example_dags/example_branch_operator_decorator.py
[2026-06-03T12:46:43.642+0000] {logging_mixin.py:188} INFO - [2026-06-03T12:46:43.642+0000] {dag.py:3033} INFO - Sync 1 DAGs
[2026-06-03T12:46:43.658+0000] {logging_mixin.py:188} INFO - [2026-06-03T12:46:43.658+0000] {dag.py:3820} INFO - Setting next_dagrun for example_branch_python_operator_decorator to 2026-06-02T00:00:00+00:00, run_after=2026-06-03T00:00:00+00:00
[2026-06-03T12:46:43.669+0000] {processor.py:183} INFO - Processing /home/airflow/.local/lib/python3.8/site-packages/airflow/example_dags/example_branch_operator_decorator.py took 0.062 seconds
[2026-06-03T12:47:14.315+0000] {processor.py:161} INFO - Started process (PID=6511) to work on /home/airflow/.local/lib/python3.8/site-packages/airflow/example_dags/example_branch_operator_decorator.py
[2026-06-03T12:47:14.316+0000] {processor.py:830} INFO - Processing file /home/airflow/.local/lib/python3.8/site-packages/airflow/example_dags/example_branch_operator_decorator.py for tasks to queue
[2026-06-03T12:47:14.318+0000] {logging_mixin.py:188} INFO - [2026-06-03T12:47:14.318+0000] {dagbag.py:538} INFO - Filling up the DagBag from /home/airflow/.local/lib/python3.8/site-packages/airflow/example_dags/example_branch_operator_decorator.py
[2026-06-03T12:47:14.336+0000] {processor.py:840} INFO - DAG(s) 'example_branch_python_operator_decorator' retrieved from /home/airflow/.local/lib/python3.8/site-packages/airflow/example_dags/example_branch_operator_decorator.py
[2026-06-03T12:47:14.363+0000] {logging_mixin.py:188} INFO - [2026-06-03T12:47:14.363+0000] {dag.py:3033} INFO - Sync 1 DAGs
[2026-06-03T12:47:14.379+0000] {logging_mixin.py:188} INFO - [2026-06-03T12:47:14.378+0000] {dag.py:3820} INFO - Setting next_dagrun for example_branch_python_operator_decorator to 2026-06-02T00:00:00+00:00, run_after=2026-06-03T00:00:00+00:00
[2026-06-03T12:47:14.394+0000] {processor.py:183} INFO - Processing /home/airflow/.local/lib/python3.8/site-packages/airflow/example_dags/example_branch_operator_decorator.py took 0.082 seconds
[2026-06-03T12:47:45.077+0000] {processor.py:161} INFO - Started process (PID=6567) to work on /home/airflow/.local/lib/python3.8/site-packages/airflow/example_dags/example_branch_operator_decorator.py
[2026-06-03T12:47:45.077+0000] {processor.py:830} INFO - Processing file /home/airflow/.local/lib/python3.8/site-packages/airflow/example_dags/example_branch_operator_decorator.py for tasks to queue
[2026-06-03T12:47:45.078+0000] {logging_mixin.py:188} INFO - [2026-06-03T12:47:45.078+0000] {dagbag.py:538} INFO - Filling up the DagBag from /home/airflow/.local/lib/python3.8/site-packages/airflow/example_dags/example_branch_operator_decorator.py
[2026-06-03T12:47:45.086+0000] {processor.py:840} INFO - DAG(s) 'example_branch_python_operator_decorator' retrieved from /home/airflow/.local/lib/python3.8/site-packages/airflow/example_dags/example_branch_operator_decorator.py
[2026-06-03T12:47:45.097+0000] {logging_mixin.py:188} INFO - [2026-06-03T12:47:45.097+0000] {dag.py:3033} INFO - Sync 1 DAGs
[2026-06-03T12:47:45.106+0000] {logging_mixin.py:188} INFO - [2026-06-03T12:47:45.105+0000] {dag.py:3820} INFO - Setting next_dagrun for example_branch_python_operator_decorator to 2026-06-02T00:00:00+00:00, run_after=2026-06-03T00:00:00+00:00
[2026-06-03T12:47:45.112+0000] {processor.py:183} INFO - Processing /home/airflow/.local/lib/python3.8/site-packages/airflow/example_dags/example_branch_operator_decorator.py took 0.037 seconds
[2026-06-03T12:48:15.480+0000] {processor.py:161} INFO - Started process (PID=6623) to work on /home/airflow/.local/lib/python3.8/site-packages/airflow/example_dags/example_branch_operator_decorator.py
[2026-06-03T12:48:15.481+0000] {processor.py:830} INFO - Processing file /home/airflow/.local/lib/python3.8/site-packages/airflow/example_dags/example_branch_operator_decorator.py for tasks to queue
[2026-06-03T12:48:15.482+0000] {logging_mixin.py:188} INFO - [2026-06-03T12:48:15.482+0000] {dagbag.py:538} INFO - Filling up the DagBag from /home/airflow/.local/lib/python3.8/site-packages/airflow/example_dags/example_branch_operator_decorator.py
[2026-06-03T12:48:15.504+0000] {processor.py:840} INFO - DAG(s) 'example_branch_python_operator_decorator' retrieved from /home/airflow/.local/lib/python3.8/site-packages/airflow/example_dags/example_branch_operator_decorator.py
[2026-06-03T12:48:15.523+0000] {logging_mixin.py:188} INFO - [2026-06-03T12:48:15.523+0000] {dag.py:3033} INFO - Sync 1 DAGs
[2026-06-03T12:48:15.537+0000] {logging_mixin.py:188} INFO - [2026-06-03T12:48:15.537+0000] {dag.py:3820} INFO - Setting next_dagrun for example_branch_python_operator_decorator to 2026-06-02T00:00:00+00:00, run_after=2026-06-03T00:00:00+00:00
[2026-06-03T12:48:15.544+0000] {processor.py:183} INFO - Processing /home/airflow/.local/lib/python3.8/site-packages/airflow/example_dags/example_branch_operator_decorator.py took 0.066 seconds
[2026-06-03T12:48:45.565+0000] {processor.py:161} INFO - Started process (PID=6679) to work on /home/airflow/.local/lib/python3.8/site-packages/airflow/example_dags/example_branch_operator_decorator.py
[2026-06-03T12:48:45.566+0000] {processor.py:830} INFO - Processing file /home/airflow/.local/lib/python3.8/site-packages/airflow/example_dags/example_branch_operator_decorator.py for tasks to queue
[2026-06-03T12:48:45.567+0000] {logging_mixin.py:188} INFO - [2026-06-03T12:48:45.567+0000] {dagbag.py:538} INFO - Filling up the DagBag from /home/airflow/.local/lib/python3.8/site-packages/airflow/example_dags/example_branch_operator_decorator.py
[2026-06-03T12:48:45.576+0000] {processor.py:840} INFO - DAG(s) 'example_branch_python_operator_decorator' retrieved from /home/airflow/.local/lib/python3.8/site-packages/airflow/example_dags/example_branch_operator_decorator.py
[2026-06-03T12:48:45.597+0000] {logging_mixin.py:188} INFO - [2026-06-03T12:48:45.597+0000] {dag.py:3033} INFO - Sync 1 DAGs
[2026-06-03T12:48:45.613+0000] {logging_mixin.py:188} INFO - [2026-06-03T12:48:45.612+0000] {dag.py:3820} INFO - Setting next_dagrun for example_branch_python_operator_decorator to 2026-06-02T00:00:00+00:00, run_after=2026-06-03T00:00:00+00:00
[2026-06-03T12:48:45.620+0000] {processor.py:183} INFO - Processing /home/airflow/.local/lib/python3.8/site-packages/airflow/example_dags/example_branch_operator_decorator.py took 0.058 seconds
[2026-06-03T12:49:16.296+0000] {processor.py:161} INFO - Started process (PID=6735) to work on /home/airflow/.local/lib/python3.8/site-packages/airflow/example_dags/example_branch_operator_decorator.py
[2026-06-03T12:49:16.298+0000] {processor.py:830} INFO - Processing file /home/airflow/.local/lib/python3.8/site-packages/airflow/example_dags/example_branch_operator_decorator.py for tasks to queue
[2026-06-03T12:49:16.300+0000] {logging_mixin.py:188} INFO - [2026-06-03T12:49:16.300+0000] {dagbag.py:538} INFO - Filling up the DagBag from /home/airflow/.local/lib/python3.8/site-packages/airflow/example_dags/example_branch_operator_decorator.py
[2026-06-03T12:49:16.313+0000] {processor.py:840} INFO - DAG(s) 'example_branch_python_operator_decorator' retrieved from /home/airflow/.local/lib/python3.8/site-packages/airflow/example_dags/example_branch_operator_decorator.py
[2026-06-03T12:49:16.332+0000] {logging_mixin.py:188} INFO - [2026-06-03T12:49:16.332+0000] {dag.py:3033} INFO - Sync 1 DAGs
[2026-06-03T12:49:16.350+0000] {logging_mixin.py:188} INFO - [2026-06-03T12:49:16.350+0000] {dag.py:3820} INFO - Setting next_dagrun for example_branch_python_operator_decorator to 2026-06-02T00:00:00+00:00, run_after=2026-06-03T00:00:00+00:00
[2026-06-03T12:49:16.363+0000] {processor.py:183} INFO - Processing /home/airflow/.local/lib/python3.8/site-packages/airflow/example_dags/example_branch_operator_decorator.py took 0.069 seconds
[2026-06-03T12:49:46.744+0000] {processor.py:161} INFO - Started process (PID=6792) to work on /home/airflow/.local/lib/python3.8/site-packages/airflow/example_dags/example_branch_operator_decorator.py
[2026-06-03T12:49:46.745+0000] {processor.py:830} INFO - Processing file /home/airflow/.local/lib/python3.8/site-packages/airflow/example_dags/example_branch_operator_decorator.py for tasks to queue
[2026-06-03T12:49:46.746+0000] {logging_mixin.py:188} INFO - [2026-06-03T12:49:46.746+0000] {dagbag.py:538} INFO - Filling up the DagBag from /home/airflow/.local/lib/python3.8/site-packages/airflow/example_dags/example_branch_operator_decorator.py
[2026-06-03T12:49:46.773+0000] {processor.py:840} INFO - DAG(s) 'example_branch_python_operator_decorator' retrieved from /home/airflow/.local/lib/python3.8/site-packages/airflow/example_dags/example_branch_operator_decorator.py
[2026-06-03T12:49:46.912+0000] {logging_mixin.py:188} INFO - [2026-06-03T12:49:46.910+0000] {dag.py:3033} INFO - Sync 1 DAGs
[2026-06-03T12:49:46.973+0000] {logging_mixin.py:188} INFO - [2026-06-03T12:49:46.973+0000] {dag.py:3820} INFO - Setting next_dagrun for example_branch_python_operator_decorator to 2026-06-02T00:00:00+00:00, run_after=2026-06-03T00:00:00+00:00
[2026-06-03T12:49:47.004+0000] {processor.py:183} INFO - Processing /home/airflow/.local/lib/python3.8/site-packages/airflow/example_dags/example_branch_operator_decorator.py took 0.262 seconds
[2026-06-03T12:50:17.942+0000] {processor.py:161} INFO - Started process (PID=6848) to work on /home/airflow/.local/lib/python3.8/site-packages/airflow/example_dags/example_branch_operator_decorator.py
[2026-06-03T12:50:17.944+0000] {processor.py:830} INFO - Processing file /home/airflow/.local/lib/python3.8/site-packages/airflow/example_dags/example_branch_operator_decorator.py for tasks to queue
[2026-06-03T12:50:17.949+0000] {logging_mixin.py:188} INFO - [2026-06-03T12:50:17.949+0000] {dagbag.py:538} INFO - Filling up the DagBag from /home/airflow/.local/lib/python3.8/site-packages/airflow/example_dags/example_branch_operator_decorator.py
[2026-06-03T12:50:17.986+0000] {processor.py:840} INFO - DAG(s) 'example_branch_python_operator_decorator' retrieved from /home/airflow/.local/lib/python3.8/site-packages/airflow/example_dags/example_branch_operator_decorator.py
[2026-06-03T12:50:18.026+0000] {logging_mixin.py:188} INFO - [2026-06-03T12:50:18.026+0000] {dag.py:3033} INFO - Sync 1 DAGs
[2026-06-03T12:50:18.054+0000] {logging_mixin.py:188} INFO - [2026-06-03T12:50:18.054+0000] {dag.py:3820} INFO - Setting next_dagrun for example_branch_python_operator_decorator to 2026-06-02T00:00:00+00:00, run_after=2026-06-03T00:00:00+00:00
[2026-06-03T12:50:18.078+0000] {processor.py:183} INFO - Processing /home/airflow/.local/lib/python3.8/site-packages/airflow/example_dags/example_branch_operator_decorator.py took 0.154 seconds
[2026-06-03T12:50:58.893+0000] {processor.py:161} INFO - Started process (PID=62) to work on /home/airflow/.local/lib/python3.8/site-packages/airflow/example_dags/example_branch_operator_decorator.py
[2026-06-03T12:50:58.894+0000] {processor.py:830} INFO - Processing file /home/airflow/.local/lib/python3.8/site-packages/airflow/example_dags/example_branch_operator_decorator.py for tasks to queue
[2026-06-03T12:50:58.897+0000] {logging_mixin.py:188} INFO - [2026-06-03T12:50:58.897+0000] {dagbag.py:538} INFO - Filling up the DagBag from /home/airflow/.local/lib/python3.8/site-packages/airflow/example_dags/example_branch_operator_decorator.py
[2026-06-03T12:50:58.920+0000] {processor.py:840} INFO - DAG(s) 'example_branch_python_operator_decorator' retrieved from /home/airflow/.local/lib/python3.8/site-packages/airflow/example_dags/example_branch_operator_decorator.py
[2026-06-03T12:50:58.930+0000] {logging_mixin.py:188} INFO - [2026-06-03T12:50:58.930+0000] {dag.py:3033} INFO - Sync 1 DAGs
[2026-06-03T12:50:58.974+0000] {logging_mixin.py:188} INFO - [2026-06-03T12:50:58.973+0000] {dag.py:3820} INFO - Setting next_dagrun for example_branch_python_operator_decorator to 2026-06-02T00:00:00+00:00, run_after=2026-06-03T00:00:00+00:00
[2026-06-03T12:50:58.993+0000] {processor.py:183} INFO - Processing /home/airflow/.local/lib/python3.8/site-packages/airflow/example_dags/example_branch_operator_decorator.py took 0.103 seconds
[2026-06-03T12:51:29.190+0000] {processor.py:161} INFO - Started process (PID=118) to work on /home/airflow/.local/lib/python3.8/site-packages/airflow/example_dags/example_branch_operator_decorator.py
[2026-06-03T12:51:29.192+0000] {processor.py:830} INFO - Processing file /home/airflow/.local/lib/python3.8/site-packages/airflow/example_dags/example_branch_operator_decorator.py for tasks to queue
[2026-06-03T12:51:29.194+0000] {logging_mixin.py:188} INFO - [2026-06-03T12:51:29.194+0000] {dagbag.py:538} INFO - Filling up the DagBag from /home/airflow/.local/lib/python3.8/site-packages/airflow/example_dags/example_branch_operator_decorator.py
[2026-06-03T12:51:29.207+0000] {processor.py:840} INFO - DAG(s) 'example_branch_python_operator_decorator' retrieved from /home/airflow/.local/lib/python3.8/site-packages/airflow/example_dags/example_branch_operator_decorator.py
[2026-06-03T12:51:29.267+0000] {logging_mixin.py:188} INFO - [2026-06-03T12:51:29.267+0000] {dag.py:3033} INFO - Sync 1 DAGs
[2026-06-03T12:51:29.279+0000] {logging_mixin.py:188} INFO - [2026-06-03T12:51:29.278+0000] {dag.py:3820} INFO - Setting next_dagrun for example_branch_python_operator_decorator to 2026-06-02T00:00:00+00:00, run_after=2026-06-03T00:00:00+00:00
[2026-06-03T12:51:29.287+0000] {processor.py:183} INFO - Processing /home/airflow/.local/lib/python3.8/site-packages/airflow/example_dags/example_branch_operator_decorator.py took 0.099 seconds
[2026-06-03T12:52:00.313+0000] {processor.py:161} INFO - Started process (PID=174) to work on /home/airflow/.local/lib/python3.8/site-packages/airflow/example_dags/example_branch_operator_decorator.py
[2026-06-03T12:52:00.315+0000] {processor.py:830} INFO - Processing file /home/airflow/.local/lib/python3.8/site-packages/airflow/example_dags/example_branch_operator_decorator.py for tasks to queue
[2026-06-03T12:52:00.319+0000] {logging_mixin.py:188} INFO - [2026-06-03T12:52:00.319+0000] {dagbag.py:538} INFO - Filling up the DagBag from /home/airflow/.local/lib/python3.8/site-packages/airflow/example_dags/example_branch_operator_decorator.py
[2026-06-03T12:52:00.354+0000] {processor.py:840} INFO - DAG(s) 'example_branch_python_operator_decorator' retrieved from /home/airflow/.local/lib/python3.8/site-packages/airflow/example_dags/example_branch_operator_decorator.py
[2026-06-03T12:52:00.382+0000] {logging_mixin.py:188} INFO - [2026-06-03T12:52:00.382+0000] {dag.py:3033} INFO - Sync 1 DAGs
[2026-06-03T12:52:00.396+0000] {logging_mixin.py:188} INFO - [2026-06-03T12:52:00.396+0000] {dag.py:3820} INFO - Setting next_dagrun for example_branch_python_operator_decorator to 2026-06-02T00:00:00+00:00, run_after=2026-06-03T00:00:00+00:00
[2026-06-03T12:52:00.414+0000] {processor.py:183} INFO - Processing /home/airflow/.local/lib/python3.8/site-packages/airflow/example_dags/example_branch_operator_decorator.py took 0.109 seconds
[2026-06-03T12:52:31.157+0000] {processor.py:161} INFO - Started process (PID=230) to work on /home/airflow/.local/lib/python3.8/site-packages/airflow/example_dags/example_branch_operator_decorator.py
[2026-06-03T12:52:31.160+0000] {processor.py:830} INFO - Processing file /home/airflow/.local/lib/python3.8/site-packages/airflow/example_dags/example_branch_operator_decorator.py for tasks to queue
[2026-06-03T12:52:31.163+0000] {logging_mixin.py:188} INFO - [2026-06-03T12:52:31.163+0000] {dagbag.py:538} INFO - Filling up the DagBag from /home/airflow/.local/lib/python3.8/site-packages/airflow/example_dags/example_branch_operator_decorator.py
[2026-06-03T12:52:31.182+0000] {processor.py:840} INFO - DAG(s) 'example_branch_python_operator_decorator' retrieved from /home/airflow/.local/lib/python3.8/site-packages/airflow/example_dags/example_branch_operator_decorator.py
[2026-06-03T12:52:31.203+0000] {logging_mixin.py:188} INFO - [2026-06-03T12:52:31.203+0000] {dag.py:3033} INFO - Sync 1 DAGs
[2026-06-03T12:52:31.226+0000] {logging_mixin.py:188} INFO - [2026-06-03T12:52:31.226+0000] {dag.py:3820} INFO - Setting next_dagrun for example_branch_python_operator_decorator to 2026-06-02T00:00:00+00:00, run_after=2026-06-03T00:00:00+00:00
[2026-06-03T12:52:31.245+0000] {processor.py:183} INFO - Processing /home/airflow/.local/lib/python3.8/site-packages/airflow/example_dags/example_branch_operator_decorator.py took 0.090 seconds
[2026-06-03T12:53:01.795+0000] {processor.py:161} INFO - Started process (PID=286) to work on /home/airflow/.local/lib/python3.8/site-packages/airflow/example_dags/example_branch_operator_decorator.py
[2026-06-03T12:53:01.795+0000] {processor.py:830} INFO - Processing file /home/airflow/.local/lib/python3.8/site-packages/airflow/example_dags/example_branch_operator_decorator.py for tasks to queue
[2026-06-03T12:53:01.796+0000] {logging_mixin.py:188} INFO - [2026-06-03T12:53:01.796+0000] {dagbag.py:538} INFO - Filling up the DagBag from /home/airflow/.local/lib/python3.8/site-packages/airflow/example_dags/example_branch_operator_decorator.py
[2026-06-03T12:53:01.805+0000] {processor.py:840} INFO - DAG(s) 'example_branch_python_operator_decorator' retrieved from /home/airflow/.local/lib/python3.8/site-packages/airflow/example_dags/example_branch_operator_decorator.py
[2026-06-03T12:53:01.820+0000] {logging_mixin.py:188} INFO - [2026-06-03T12:53:01.820+0000] {dag.py:3033} INFO - Sync 1 DAGs
[2026-06-03T12:53:01.829+0000] {logging_mixin.py:188} INFO - [2026-06-03T12:53:01.829+0000] {dag.py:3820} INFO - Setting next_dagrun for example_branch_python_operator_decorator to 2026-06-02T00:00:00+00:00, run_after=2026-06-03T00:00:00+00:00
[2026-06-03T12:53:01.836+0000] {processor.py:183} INFO - Processing /home/airflow/.local/lib/python3.8/site-packages/airflow/example_dags/example_branch_operator_decorator.py took 0.043 seconds
[2026-06-03T12:53:32.973+0000] {processor.py:161} INFO - Started process (PID=342) to work on /home/airflow/.local/lib/python3.8/site-packages/airflow/example_dags/example_branch_operator_decorator.py
[2026-06-03T12:53:32.974+0000] {processor.py:830} INFO - Processing file /home/airflow/.local/lib/python3.8/site-packages/airflow/example_dags/example_branch_operator_decorator.py for tasks to queue
[2026-06-03T12:53:32.975+0000] {logging_mixin.py:188} INFO - [2026-06-03T12:53:32.975+0000] {dagbag.py:538} INFO - Filling up the DagBag from /home/airflow/.local/lib/python3.8/site-packages/airflow/example_dags/example_branch_operator_decorator.py
[2026-06-03T12:53:32.987+0000] {processor.py:840} INFO - DAG(s) 'example_branch_python_operator_decorator' retrieved from /home/airflow/.local/lib/python3.8/site-packages/airflow/example_dags/example_branch_operator_decorator.py
[2026-06-03T12:53:33.011+0000] {logging_mixin.py:188} INFO - [2026-06-03T12:53:33.011+0000] {dag.py:3033} INFO - Sync 1 DAGs
[2026-06-03T12:53:33.025+0000] {logging_mixin.py:188} INFO - [2026-06-03T12:53:33.025+0000] {dag.py:3820} INFO - Setting next_dagrun for example_branch_python_operator_decorator to 2026-06-02T00:00:00+00:00, run_after=2026-06-03T00:00:00+00:00
[2026-06-03T12:53:33.039+0000] {processor.py:183} INFO - Processing /home/airflow/.local/lib/python3.8/site-packages/airflow/example_dags/example_branch_operator_decorator.py took 0.067 seconds
[2026-06-03T12:54:04.122+0000] {processor.py:161} INFO - Started process (PID=404) to work on /home/airflow/.local/lib/python3.8/site-packages/airflow/example_dags/example_branch_operator_decorator.py
[2026-06-03T12:54:04.123+0000] {processor.py:830} INFO - Processing file /home/airflow/.local/lib/python3.8/site-packages/airflow/example_dags/example_branch_operator_decorator.py for tasks to queue
[2026-06-03T12:54:04.124+0000] {logging_mixin.py:188} INFO - [2026-06-03T12:54:04.123+0000] {dagbag.py:538} INFO - Filling up the DagBag from /home/airflow/.local/lib/python3.8/site-packages/airflow/example_dags/example_branch_operator_decorator.py
[2026-06-03T12:54:04.134+0000] {processor.py:840} INFO - DAG(s) 'example_branch_python_operator_decorator' retrieved from /home/airflow/.local/lib/python3.8/site-packages/airflow/example_dags/example_branch_operator_decorator.py
[2026-06-03T12:54:04.156+0000] {logging_mixin.py:188} INFO - [2026-06-03T12:54:04.156+0000] {dag.py:3033} INFO - Sync 1 DAGs
[2026-06-03T12:54:04.167+0000] {logging_mixin.py:188} INFO - [2026-06-03T12:54:04.167+0000] {dag.py:3820} INFO - Setting next_dagrun for example_branch_python_operator_decorator to 2026-06-02T00:00:00+00:00, run_after=2026-06-03T00:00:00+00:00
[2026-06-03T12:54:04.175+0000] {processor.py:183} INFO - Processing /home/airflow/.local/lib/python3.8/site-packages/airflow/example_dags/example_branch_operator_decorator.py took 0.055 seconds
[2026-06-03T12:54:34.515+0000] {processor.py:161} INFO - Started process (PID=460) to work on /home/airflow/.local/lib/python3.8/site-packages/airflow/example_dags/example_branch_operator_decorator.py
[2026-06-03T12:54:34.515+0000] {processor.py:830} INFO - Processing file /home/airflow/.local/lib/python3.8/site-packages/airflow/example_dags/example_branch_operator_decorator.py for tasks to queue
[2026-06-03T12:54:34.517+0000] {logging_mixin.py:188} INFO - [2026-06-03T12:54:34.517+0000] {dagbag.py:538} INFO - Filling up the DagBag from /home/airflow/.local/lib/python3.8/site-packages/airflow/example_dags/example_branch_operator_decorator.py
[2026-06-03T12:54:34.527+0000] {processor.py:840} INFO - DAG(s) 'example_branch_python_operator_decorator' retrieved from /home/airflow/.local/lib/python3.8/site-packages/airflow/example_dags/example_branch_operator_decorator.py
[2026-06-03T12:54:34.543+0000] {logging_mixin.py:188} INFO - [2026-06-03T12:54:34.543+0000] {dag.py:3033} INFO - Sync 1 DAGs
[2026-06-03T12:54:34.555+0000] {logging_mixin.py:188} INFO - [2026-06-03T12:54:34.555+0000] {dag.py:3820} INFO - Setting next_dagrun for example_branch_python_operator_decorator to 2026-06-02T00:00:00+00:00, run_after=2026-06-03T00:00:00+00:00
[2026-06-03T12:54:34.562+0000] {processor.py:183} INFO - Processing /home/airflow/.local/lib/python3.8/site-packages/airflow/example_dags/example_branch_operator_decorator.py took 0.050 seconds
[2026-06-03T12:55:04.964+0000] {processor.py:161} INFO - Started process (PID=516) to work on /home/airflow/.local/lib/python3.8/site-packages/airflow/example_dags/example_branch_operator_decorator.py
[2026-06-03T12:55:04.965+0000] {processor.py:830} INFO - Processing file /home/airflow/.local/lib/python3.8/site-packages/airflow/example_dags/example_branch_operator_decorator.py for tasks to queue
[2026-06-03T12:55:04.966+0000] {logging_mixin.py:188} INFO - [2026-06-03T12:55:04.966+0000] {dagbag.py:538} INFO - Filling up the DagBag from /home/airflow/.local/lib/python3.8/site-packages/airflow/example_dags/example_branch_operator_decorator.py
[2026-06-03T12:55:04.977+0000] {processor.py:840} INFO - DAG(s) 'example_branch_python_operator_decorator' retrieved from /home/airflow/.local/lib/python3.8/site-packages/airflow/example_dags/example_branch_operator_decorator.py
[2026-06-03T12:55:04.987+0000] {logging_mixin.py:188} INFO - [2026-06-03T12:55:04.987+0000] {dag.py:3033} INFO - Sync 1 DAGs
[2026-06-03T12:55:04.996+0000] {logging_mixin.py:188} INFO - [2026-06-03T12:55:04.996+0000] {dag.py:3820} INFO - Setting next_dagrun for example_branch_python_operator_decorator to 2026-06-02T00:00:00+00:00, run_after=2026-06-03T00:00:00+00:00
[2026-06-03T12:55:05.003+0000] {processor.py:183} INFO - Processing /home/airflow/.local/lib/python3.8/site-packages/airflow/example_dags/example_branch_operator_decorator.py took 0.040 seconds
[2026-06-03T12:55:36.183+0000] {processor.py:161} INFO - Started process (PID=572) to work on /home/airflow/.local/lib/python3.8/site-packages/airflow/example_dags/example_branch_operator_decorator.py
[2026-06-03T12:55:36.184+0000] {processor.py:830} INFO - Processing file /home/airflow/.local/lib/python3.8/site-packages/airflow/example_dags/example_branch_operator_decorator.py for tasks to queue
[2026-06-03T12:55:36.191+0000] {logging_mixin.py:188} INFO - [2026-06-03T12:55:36.190+0000] {dagbag.py:538} INFO - Filling up the DagBag from /home/airflow/.local/lib/python3.8/site-packages/airflow/example_dags/example_branch_operator_decorator.py
[2026-06-03T12:55:36.211+0000] {processor.py:840} INFO - DAG(s) 'example_branch_python_operator_decorator' retrieved from /home/airflow/.local/lib/python3.8/site-packages/airflow/example_dags/example_branch_operator_decorator.py
[2026-06-03T12:55:36.229+0000] {logging_mixin.py:188} INFO - [2026-06-03T12:55:36.229+0000] {dag.py:3033} INFO - Sync 1 DAGs
[2026-06-03T12:55:36.242+0000] {logging_mixin.py:188} INFO - [2026-06-03T12:55:36.242+0000] {dag.py:3820} INFO - Setting next_dagrun for example_branch_python_operator_decorator to 2026-06-02T00:00:00+00:00, run_after=2026-06-03T00:00:00+00:00
[2026-06-03T12:55:36.255+0000] {processor.py:183} INFO - Processing /home/airflow/.local/lib/python3.8/site-packages/airflow/example_dags/example_branch_operator_decorator.py took 0.074 seconds
[2026-06-03T12:56:06.305+0000] {processor.py:161} INFO - Started process (PID=634) to work on /home/airflow/.local/lib/python3.8/site-packages/airflow/example_dags/example_branch_operator_decorator.py
[2026-06-03T12:56:06.308+0000] {processor.py:830} INFO - Processing file /home/airflow/.local/lib/python3.8/site-packages/airflow/example_dags/example_branch_operator_decorator.py for tasks to queue
[2026-06-03T12:56:06.310+0000] {logging_mixin.py:188} INFO - [2026-06-03T12:56:06.310+0000] {dagbag.py:538} INFO - Filling up the DagBag from /home/airflow/.local/lib/python3.8/site-packages/airflow/example_dags/example_branch_operator_decorator.py
[2026-06-03T12:56:06.320+0000] {processor.py:840} INFO - DAG(s) 'example_branch_python_operator_decorator' retrieved from /home/airflow/.local/lib/python3.8/site-packages/airflow/example_dags/example_branch_operator_decorator.py
[2026-06-03T12:56:06.335+0000] {logging_mixin.py:188} INFO - [2026-06-03T12:56:06.335+0000] {dag.py:3033} INFO - Sync 1 DAGs
[2026-06-03T12:56:06.350+0000] {logging_mixin.py:188} INFO - [2026-06-03T12:56:06.350+0000] {dag.py:3820} INFO - Setting next_dagrun for example_branch_python_operator_decorator to 2026-06-02T00:00:00+00:00, run_after=2026-06-03T00:00:00+00:00
[2026-06-03T12:56:06.364+0000] {processor.py:183} INFO - Processing /home/airflow/.local/lib/python3.8/site-packages/airflow/example_dags/example_branch_operator_decorator.py took 0.063 seconds
[2026-06-03T12:56:37.385+0000] {processor.py:161} INFO - Started process (PID=749) to work on /home/airflow/.local/lib/python3.8/site-packages/airflow/example_dags/example_branch_operator_decorator.py
[2026-06-03T12:56:37.385+0000] {processor.py:830} INFO - Processing file /home/airflow/.local/lib/python3.8/site-packages/airflow/example_dags/example_branch_operator_decorator.py for tasks to queue
[2026-06-03T12:56:37.387+0000] {logging_mixin.py:188} INFO - [2026-06-03T12:56:37.387+0000] {dagbag.py:538} INFO - Filling up the DagBag from /home/airflow/.local/lib/python3.8/site-packages/airflow/example_dags/example_branch_operator_decorator.py
[2026-06-03T12:56:37.396+0000] {processor.py:840} INFO - DAG(s) 'example_branch_python_operator_decorator' retrieved from /home/airflow/.local/lib/python3.8/site-packages/airflow/example_dags/example_branch_operator_decorator.py
[2026-06-03T12:56:37.418+0000] {logging_mixin.py:188} INFO - [2026-06-03T12:56:37.418+0000] {dag.py:3033} INFO - Sync 1 DAGs
[2026-06-03T12:56:37.430+0000] {logging_mixin.py:188} INFO - [2026-06-03T12:56:37.430+0000] {dag.py:3820} INFO - Setting next_dagrun for example_branch_python_operator_decorator to 2026-06-02T00:00:00+00:00, run_after=2026-06-03T00:00:00+00:00
[2026-06-03T12:56:37.438+0000] {processor.py:183} INFO - Processing /home/airflow/.local/lib/python3.8/site-packages/airflow/example_dags/example_branch_operator_decorator.py took 0.055 seconds
[2026-06-03T12:57:08.323+0000] {processor.py:161} INFO - Started process (PID=830) to work on /home/airflow/.local/lib/python3.8/site-packages/airflow/example_dags/example_branch_operator_decorator.py
[2026-06-03T12:57:08.323+0000] {processor.py:830} INFO - Processing file /home/airflow/.local/lib/python3.8/site-packages/airflow/example_dags/example_branch_operator_decorator.py for tasks to queue
[2026-06-03T12:57:08.324+0000] {logging_mixin.py:188} INFO - [2026-06-03T12:57:08.324+0000] {dagbag.py:538} INFO - Filling up the DagBag from /home/airflow/.local/lib/python3.8/site-packages/airflow/example_dags/example_branch_operator_decorator.py
[2026-06-03T12:57:08.332+0000] {processor.py:840} INFO - DAG(s) 'example_branch_python_operator_decorator' retrieved from /home/airflow/.local/lib/python3.8/site-packages/airflow/example_dags/example_branch_operator_decorator.py
[2026-06-03T12:57:08.343+0000] {logging_mixin.py:188} INFO - [2026-06-03T12:57:08.342+0000] {dag.py:3033} INFO - Sync 1 DAGs
[2026-06-03T12:57:08.351+0000] {logging_mixin.py:188} INFO - [2026-06-03T12:57:08.350+0000] {dag.py:3820} INFO - Setting next_dagrun for example_branch_python_operator_decorator to 2026-06-02T00:00:00+00:00, run_after=2026-06-03T00:00:00+00:00
[2026-06-03T12:57:08.357+0000] {processor.py:183} INFO - Processing /home/airflow/.local/lib/python3.8/site-packages/airflow/example_dags/example_branch_operator_decorator.py took 0.035 seconds
[2026-06-03T12:57:38.973+0000] {processor.py:161} INFO - Started process (PID=886) to work on /home/airflow/.local/lib/python3.8/site-packages/airflow/example_dags/example_branch_operator_decorator.py
[2026-06-03T12:57:38.974+0000] {processor.py:830} INFO - Processing file /home/airflow/.local/lib/python3.8/site-packages/airflow/example_dags/example_branch_operator_decorator.py for tasks to queue
[2026-06-03T12:57:38.975+0000] {logging_mixin.py:188} INFO - [2026-06-03T12:57:38.975+0000] {dagbag.py:538} INFO - Filling up the DagBag from /home/airflow/.local/lib/python3.8/site-packages/airflow/example_dags/example_branch_operator_decorator.py
[2026-06-03T12:57:38.993+0000] {processor.py:840} INFO - DAG(s) 'example_branch_python_operator_decorator' retrieved from /home/airflow/.local/lib/python3.8/site-packages/airflow/example_dags/example_branch_operator_decorator.py
[2026-06-03T12:57:39.008+0000] {logging_mixin.py:188} INFO - [2026-06-03T12:57:39.008+0000] {dag.py:3033} INFO - Sync 1 DAGs
[2026-06-03T12:57:39.021+0000] {logging_mixin.py:188} INFO - [2026-06-03T12:57:39.021+0000] {dag.py:3820} INFO - Setting next_dagrun for example_branch_python_operator_decorator to 2026-06-02T00:00:00+00:00, run_after=2026-06-03T00:00:00+00:00
[2026-06-03T12:57:39.030+0000] {processor.py:183} INFO - Processing /home/airflow/.local/lib/python3.8/site-packages/airflow/example_dags/example_branch_operator_decorator.py took 0.060 seconds
[2026-06-03T12:58:09.269+0000] {processor.py:161} INFO - Started process (PID=942) to work on /home/airflow/.local/lib/python3.8/site-packages/airflow/example_dags/example_branch_operator_decorator.py
[2026-06-03T12:58:09.270+0000] {processor.py:830} INFO - Processing file /home/airflow/.local/lib/python3.8/site-packages/airflow/example_dags/example_branch_operator_decorator.py for tasks to queue
[2026-06-03T12:58:09.271+0000] {logging_mixin.py:188} INFO - [2026-06-03T12:58:09.270+0000] {dagbag.py:538} INFO - Filling up the DagBag from /home/airflow/.local/lib/python3.8/site-packages/airflow/example_dags/example_branch_operator_decorator.py
[2026-06-03T12:58:09.280+0000] {processor.py:840} INFO - DAG(s) 'example_branch_python_operator_decorator' retrieved from /home/airflow/.local/lib/python3.8/site-packages/airflow/example_dags/example_branch_operator_decorator.py
[2026-06-03T12:58:09.292+0000] {logging_mixin.py:188} INFO - [2026-06-03T12:58:09.292+0000] {dag.py:3033} INFO - Sync 1 DAGs
[2026-06-03T12:58:09.301+0000] {logging_mixin.py:188} INFO - [2026-06-03T12:58:09.300+0000] {dag.py:3820} INFO - Setting next_dagrun for example_branch_python_operator_decorator to 2026-06-02T00:00:00+00:00, run_after=2026-06-03T00:00:00+00:00
[2026-06-03T12:58:09.306+0000] {processor.py:183} INFO - Processing /home/airflow/.local/lib/python3.8/site-packages/airflow/example_dags/example_branch_operator_decorator.py took 0.038 seconds
[2026-06-03T12:58:39.832+0000] {processor.py:161} INFO - Started process (PID=998) to work on /home/airflow/.local/lib/python3.8/site-packages/airflow/example_dags/example_branch_operator_decorator.py
[2026-06-03T12:58:39.832+0000] {processor.py:830} INFO - Processing file /home/airflow/.local/lib/python3.8/site-packages/airflow/example_dags/example_branch_operator_decorator.py for tasks to queue
[2026-06-03T12:58:39.833+0000] {logging_mixin.py:188} INFO - [2026-06-03T12:58:39.833+0000] {dagbag.py:538} INFO - Filling up the DagBag from /home/airflow/.local/lib/python3.8/site-packages/airflow/example_dags/example_branch_operator_decorator.py
[2026-06-03T12:58:39.844+0000] {processor.py:840} INFO - DAG(s) 'example_branch_python_operator_decorator' retrieved from /home/airflow/.local/lib/python3.8/site-packages/airflow/example_dags/example_branch_operator_decorator.py
[2026-06-03T12:58:39.861+0000] {logging_mixin.py:188} INFO - [2026-06-03T12:58:39.861+0000] {dag.py:3033} INFO - Sync 1 DAGs
[2026-06-03T12:58:39.871+0000] {logging_mixin.py:188} INFO - [2026-06-03T12:58:39.871+0000] {dag.py:3820} INFO - Setting next_dagrun for example_branch_python_operator_decorator to 2026-06-02T00:00:00+00:00, run_after=2026-06-03T00:00:00+00:00
[2026-06-03T12:58:39.878+0000] {processor.py:183} INFO - Processing /home/airflow/.local/lib/python3.8/site-packages/airflow/example_dags/example_branch_operator_decorator.py took 0.048 seconds
[2026-06-03T12:59:10.898+0000] {processor.py:161} INFO - Started process (PID=1054) to work on /home/airflow/.local/lib/python3.8/site-packages/airflow/example_dags/example_branch_operator_decorator.py
[2026-06-03T12:59:10.898+0000] {processor.py:830} INFO - Processing file /home/airflow/.local/lib/python3.8/site-packages/airflow/example_dags/example_branch_operator_decorator.py for tasks to queue
[2026-06-03T12:59:10.899+0000] {logging_mixin.py:188} INFO - [2026-06-03T12:59:10.899+0000] {dagbag.py:538} INFO - Filling up the DagBag from /home/airflow/.local/lib/python3.8/site-packages/airflow/example_dags/example_branch_operator_decorator.py
[2026-06-03T12:59:10.911+0000] {processor.py:840} INFO - DAG(s) 'example_branch_python_operator_decorator' retrieved from /home/airflow/.local/lib/python3.8/site-packages/airflow/example_dags/example_branch_operator_decorator.py
[2026-06-03T12:59:10.928+0000] {logging_mixin.py:188} INFO - [2026-06-03T12:59:10.928+0000] {dag.py:3033} INFO - Sync 1 DAGs
[2026-06-03T12:59:10.940+0000] {logging_mixin.py:188} INFO - [2026-06-03T12:59:10.940+0000] {dag.py:3820} INFO - Setting next_dagrun for example_branch_python_operator_decorator to 2026-06-02T00:00:00+00:00, run_after=2026-06-03T00:00:00+00:00
[2026-06-03T12:59:10.951+0000] {processor.py:183} INFO - Processing /home/airflow/.local/lib/python3.8/site-packages/airflow/example_dags/example_branch_operator_decorator.py took 0.055 seconds
[2026-06-03T12:59:41.211+0000] {processor.py:161} INFO - Started process (PID=1110) to work on /home/airflow/.local/lib/python3.8/site-packages/airflow/example_dags/example_branch_operator_decorator.py
[2026-06-03T12:59:41.211+0000] {processor.py:830} INFO - Processing file /home/airflow/.local/lib/python3.8/site-packages/airflow/example_dags/example_branch_operator_decorator.py for tasks to queue
[2026-06-03T12:59:41.212+0000] {logging_mixin.py:188} INFO - [2026-06-03T12:59:41.212+0000] {dagbag.py:538} INFO - Filling up the DagBag from /home/airflow/.local/lib/python3.8/site-packages/airflow/example_dags/example_branch_operator_decorator.py
[2026-06-03T12:59:41.221+0000] {processor.py:840} INFO - DAG(s) 'example_branch_python_operator_decorator' retrieved from /home/airflow/.local/lib/python3.8/site-packages/airflow/example_dags/example_branch_operator_decorator.py
[2026-06-03T12:59:41.235+0000] {logging_mixin.py:188} INFO - [2026-06-03T12:59:41.235+0000] {dag.py:3033} INFO - Sync 1 DAGs
[2026-06-03T12:59:41.247+0000] {logging_mixin.py:188} INFO - [2026-06-03T12:59:41.247+0000] {dag.py:3820} INFO - Setting next_dagrun for example_branch_python_operator_decorator to 2026-06-02T00:00:00+00:00, run_after=2026-06-03T00:00:00+00:00
[2026-06-03T12:59:41.257+0000] {processor.py:183} INFO - Processing /home/airflow/.local/lib/python3.8/site-packages/airflow/example_dags/example_branch_operator_decorator.py took 0.048 seconds
[2026-06-03T13:00:11.614+0000] {processor.py:161} INFO - Started process (PID=1166) to work on /home/airflow/.local/lib/python3.8/site-packages/airflow/example_dags/example_branch_operator_decorator.py
[2026-06-03T13:00:11.615+0000] {processor.py:830} INFO - Processing file /home/airflow/.local/lib/python3.8/site-packages/airflow/example_dags/example_branch_operator_decorator.py for tasks to queue
[2026-06-03T13:00:11.616+0000] {logging_mixin.py:188} INFO - [2026-06-03T13:00:11.616+0000] {dagbag.py:538} INFO - Filling up the DagBag from /home/airflow/.local/lib/python3.8/site-packages/airflow/example_dags/example_branch_operator_decorator.py
[2026-06-03T13:00:11.626+0000] {processor.py:840} INFO - DAG(s) 'example_branch_python_operator_decorator' retrieved from /home/airflow/.local/lib/python3.8/site-packages/airflow/example_dags/example_branch_operator_decorator.py
[2026-06-03T13:00:11.642+0000] {logging_mixin.py:188} INFO - [2026-06-03T13:00:11.642+0000] {dag.py:3033} INFO - Sync 1 DAGs
[2026-06-03T13:00:11.653+0000] {logging_mixin.py:188} INFO - [2026-06-03T13:00:11.653+0000] {dag.py:3820} INFO - Setting next_dagrun for example_branch_python_operator_decorator to 2026-06-02T00:00:00+00:00, run_after=2026-06-03T00:00:00+00:00
[2026-06-03T13:00:11.697+0000] {processor.py:183} INFO - Processing /home/airflow/.local/lib/python3.8/site-packages/airflow/example_dags/example_branch_operator_decorator.py took 0.086 seconds
[2026-06-03T13:00:42.097+0000] {processor.py:161} INFO - Started process (PID=1222) to work on /home/airflow/.local/lib/python3.8/site-packages/airflow/example_dags/example_branch_operator_decorator.py
[2026-06-03T13:00:42.098+0000] {processor.py:830} INFO - Processing file /home/airflow/.local/lib/python3.8/site-packages/airflow/example_dags/example_branch_operator_decorator.py for tasks to queue
[2026-06-03T13:00:42.098+0000] {logging_mixin.py:188} INFO - [2026-06-03T13:00:42.098+0000] {dagbag.py:538} INFO - Filling up the DagBag from /home/airflow/.local/lib/python3.8/site-packages/airflow/example_dags/example_branch_operator_decorator.py
[2026-06-03T13:00:42.107+0000] {processor.py:840} INFO - DAG(s) 'example_branch_python_operator_decorator' retrieved from /home/airflow/.local/lib/python3.8/site-packages/airflow/example_dags/example_branch_operator_decorator.py
[2026-06-03T13:00:42.125+0000] {logging_mixin.py:188} INFO - [2026-06-03T13:00:42.125+0000] {dag.py:3033} INFO - Sync 1 DAGs
[2026-06-03T13:00:42.133+0000] {logging_mixin.py:188} INFO - [2026-06-03T13:00:42.133+0000] {dag.py:3820} INFO - Setting next_dagrun for example_branch_python_operator_decorator to 2026-06-02T00:00:00+00:00, run_after=2026-06-03T00:00:00+00:00
[2026-06-03T13:00:42.144+0000] {processor.py:183} INFO - Processing /home/airflow/.local/lib/python3.8/site-packages/airflow/example_dags/example_branch_operator_decorator.py took 0.048 seconds
[2026-06-03T13:01:12.514+0000] {processor.py:161} INFO - Started process (PID=1278) to work on /home/airflow/.local/lib/python3.8/site-packages/airflow/example_dags/example_branch_operator_decorator.py
[2026-06-03T13:01:12.515+0000] {processor.py:830} INFO - Processing file /home/airflow/.local/lib/python3.8/site-packages/airflow/example_dags/example_branch_operator_decorator.py for tasks to queue
[2026-06-03T13:01:12.516+0000] {logging_mixin.py:188} INFO - [2026-06-03T13:01:12.516+0000] {dagbag.py:538} INFO - Filling up the DagBag from /home/airflow/.local/lib/python3.8/site-packages/airflow/example_dags/example_branch_operator_decorator.py
[2026-06-03T13:01:12.529+0000] {processor.py:840} INFO - DAG(s) 'example_branch_python_operator_decorator' retrieved from /home/airflow/.local/lib/python3.8/site-packages/airflow/example_dags/example_branch_operator_decorator.py
[2026-06-03T13:01:12.544+0000] {logging_mixin.py:188} INFO - [2026-06-03T13:01:12.544+0000] {dag.py:3033} INFO - Sync 1 DAGs
[2026-06-03T13:01:12.642+0000] {logging_mixin.py:188} INFO - [2026-06-03T13:01:12.642+0000] {dag.py:3820} INFO - Setting next_dagrun for example_branch_python_operator_decorator to 2026-06-02T00:00:00+00:00, run_after=2026-06-03T00:00:00+00:00
[2026-06-03T13:01:12.684+0000] {processor.py:183} INFO - Processing /home/airflow/.local/lib/python3.8/site-packages/airflow/example_dags/example_branch_operator_decorator.py took 0.173 seconds
[2026-06-03T13:01:43.324+0000] {processor.py:161} INFO - Started process (PID=1334) to work on /home/airflow/.local/lib/python3.8/site-packages/airflow/example_dags/example_branch_operator_decorator.py
[2026-06-03T13:01:43.325+0000] {processor.py:830} INFO - Processing file /home/airflow/.local/lib/python3.8/site-packages/airflow/example_dags/example_branch_operator_decorator.py for tasks to queue
[2026-06-03T13:01:43.334+0000] {logging_mixin.py:188} INFO - [2026-06-03T13:01:43.333+0000] {dagbag.py:538} INFO - Filling up the DagBag from /home/airflow/.local/lib/python3.8/site-packages/airflow/example_dags/example_branch_operator_decorator.py
[2026-06-03T13:01:43.350+0000] {processor.py:840} INFO - DAG(s) 'example_branch_python_operator_decorator' retrieved from /home/airflow/.local/lib/python3.8/site-packages/airflow/example_dags/example_branch_operator_decorator.py
[2026-06-03T13:01:43.368+0000] {logging_mixin.py:188} INFO - [2026-06-03T13:01:43.368+0000] {dag.py:3033} INFO - Sync 1 DAGs
[2026-06-03T13:01:43.381+0000] {logging_mixin.py:188} INFO - [2026-06-03T13:01:43.381+0000] {dag.py:3820} INFO - Setting next_dagrun for example_branch_python_operator_decorator to 2026-06-02T00:00:00+00:00, run_after=2026-06-03T00:00:00+00:00
[2026-06-03T13:01:43.389+0000] {processor.py:183} INFO - Processing /home/airflow/.local/lib/python3.8/site-packages/airflow/example_dags/example_branch_operator_decorator.py took 0.068 seconds
[2026-06-03T13:02:15.379+0000] {processor.py:161} INFO - Started process (PID=1390) to work on /home/airflow/.local/lib/python3.8/site-packages/airflow/example_dags/example_branch_operator_decorator.py
[2026-06-03T13:02:15.380+0000] {processor.py:830} INFO - Processing file /home/airflow/.local/lib/python3.8/site-packages/airflow/example_dags/example_branch_operator_decorator.py for tasks to queue
[2026-06-03T13:02:15.384+0000] {logging_mixin.py:188} INFO - [2026-06-03T13:02:15.384+0000] {dagbag.py:538} INFO - Filling up the DagBag from /home/airflow/.local/lib/python3.8/site-packages/airflow/example_dags/example_branch_operator_decorator.py
[2026-06-03T13:02:15.401+0000] {processor.py:840} INFO - DAG(s) 'example_branch_python_operator_decorator' retrieved from /home/airflow/.local/lib/python3.8/site-packages/airflow/example_dags/example_branch_operator_decorator.py
[2026-06-03T13:02:15.439+0000] {logging_mixin.py:188} INFO - [2026-06-03T13:02:15.439+0000] {dag.py:3033} INFO - Sync 1 DAGs
[2026-06-03T13:02:15.471+0000] {logging_mixin.py:188} INFO - [2026-06-03T13:02:15.470+0000] {dag.py:3820} INFO - Setting next_dagrun for example_branch_python_operator_decorator to 2026-06-02T00:00:00+00:00, run_after=2026-06-03T00:00:00+00:00
[2026-06-03T13:02:15.492+0000] {processor.py:183} INFO - Processing /home/airflow/.local/lib/python3.8/site-packages/airflow/example_dags/example_branch_operator_decorator.py took 0.117 seconds
[2026-06-03T13:02:46.433+0000] {processor.py:161} INFO - Started process (PID=1446) to work on /home/airflow/.local/lib/python3.8/site-packages/airflow/example_dags/example_branch_operator_decorator.py
[2026-06-03T13:02:46.436+0000] {processor.py:830} INFO - Processing file /home/airflow/.local/lib/python3.8/site-packages/airflow/example_dags/example_branch_operator_decorator.py for tasks to queue
[2026-06-03T13:02:46.438+0000] {logging_mixin.py:188} INFO - [2026-06-03T13:02:46.438+0000] {dagbag.py:538} INFO - Filling up the DagBag from /home/airflow/.local/lib/python3.8/site-packages/airflow/example_dags/example_branch_operator_decorator.py
[2026-06-03T13:02:46.462+0000] {processor.py:840} INFO - DAG(s) 'example_branch_python_operator_decorator' retrieved from /home/airflow/.local/lib/python3.8/site-packages/airflow/example_dags/example_branch_operator_decorator.py
[2026-06-03T13:02:46.512+0000] {logging_mixin.py:188} INFO - [2026-06-03T13:02:46.512+0000] {dag.py:3033} INFO - Sync 1 DAGs
[2026-06-03T13:02:46.548+0000] {logging_mixin.py:188} INFO - [2026-06-03T13:02:46.548+0000] {dag.py:3820} INFO - Setting next_dagrun for example_branch_python_operator_decorator to 2026-06-02T00:00:00+00:00, run_after=2026-06-03T00:00:00+00:00
[2026-06-03T13:02:46.576+0000] {processor.py:183} INFO - Processing /home/airflow/.local/lib/python3.8/site-packages/airflow/example_dags/example_branch_operator_decorator.py took 0.146 seconds
[2026-06-03T13:03:17.699+0000] {processor.py:161} INFO - Started process (PID=1502) to work on /home/airflow/.local/lib/python3.8/site-packages/airflow/example_dags/example_branch_operator_decorator.py
[2026-06-03T13:03:17.706+0000] {processor.py:830} INFO - Processing file /home/airflow/.local/lib/python3.8/site-packages/airflow/example_dags/example_branch_operator_decorator.py for tasks to queue
[2026-06-03T13:03:17.710+0000] {logging_mixin.py:188} INFO - [2026-06-03T13:03:17.709+0000] {dagbag.py:538} INFO - Filling up the DagBag from /home/airflow/.local/lib/python3.8/site-packages/airflow/example_dags/example_branch_operator_decorator.py
[2026-06-03T13:03:17.744+0000] {processor.py:840} INFO - DAG(s) 'example_branch_python_operator_decorator' retrieved from /home/airflow/.local/lib/python3.8/site-packages/airflow/example_dags/example_branch_operator_decorator.py
[2026-06-03T13:03:17.785+0000] {logging_mixin.py:188} INFO - [2026-06-03T13:03:17.784+0000] {dag.py:3033} INFO - Sync 1 DAGs
[2026-06-03T13:03:17.826+0000] {logging_mixin.py:188} INFO - [2026-06-03T13:03:17.825+0000] {dag.py:3820} INFO - Setting next_dagrun for example_branch_python_operator_decorator to 2026-06-02T00:00:00+00:00, run_after=2026-06-03T00:00:00+00:00
[2026-06-03T13:03:17.865+0000] {processor.py:183} INFO - Processing /home/airflow/.local/lib/python3.8/site-packages/airflow/example_dags/example_branch_operator_decorator.py took 0.172 seconds
[2026-06-03T13:03:48.679+0000] {processor.py:161} INFO - Started process (PID=1558) to work on /home/airflow/.local/lib/python3.8/site-packages/airflow/example_dags/example_branch_operator_decorator.py
[2026-06-03T13:03:48.680+0000] {processor.py:830} INFO - Processing file /home/airflow/.local/lib/python3.8/site-packages/airflow/example_dags/example_branch_operator_decorator.py for tasks to queue
[2026-06-03T13:03:48.686+0000] {logging_mixin.py:188} INFO - [2026-06-03T13:03:48.685+0000] {dagbag.py:538} INFO - Filling up the DagBag from /home/airflow/.local/lib/python3.8/site-packages/airflow/example_dags/example_branch_operator_decorator.py
[2026-06-03T13:03:48.728+0000] {processor.py:840} INFO - DAG(s) 'example_branch_python_operator_decorator' retrieved from /home/airflow/.local/lib/python3.8/site-packages/airflow/example_dags/example_branch_operator_decorator.py
[2026-06-03T13:03:48.782+0000] {logging_mixin.py:188} INFO - [2026-06-03T13:03:48.782+0000] {dag.py:3033} INFO - Sync 1 DAGs
[2026-06-03T13:03:48.814+0000] {logging_mixin.py:188} INFO - [2026-06-03T13:03:48.814+0000] {dag.py:3820} INFO - Setting next_dagrun for example_branch_python_operator_decorator to 2026-06-02T00:00:00+00:00, run_after=2026-06-03T00:00:00+00:00
[2026-06-03T13:03:48.840+0000] {processor.py:183} INFO - Processing /home/airflow/.local/lib/python3.8/site-packages/airflow/example_dags/example_branch_operator_decorator.py took 0.166 seconds
[2026-06-03T13:04:19.797+0000] {processor.py:161} INFO - Started process (PID=1614) to work on /home/airflow/.local/lib/python3.8/site-packages/airflow/example_dags/example_branch_operator_decorator.py
[2026-06-03T13:04:19.800+0000] {processor.py:830} INFO - Processing file /home/airflow/.local/lib/python3.8/site-packages/airflow/example_dags/example_branch_operator_decorator.py for tasks to queue
[2026-06-03T13:04:19.803+0000] {logging_mixin.py:188} INFO - [2026-06-03T13:04:19.803+0000] {dagbag.py:538} INFO - Filling up the DagBag from /home/airflow/.local/lib/python3.8/site-packages/airflow/example_dags/example_branch_operator_decorator.py
[2026-06-03T13:04:19.821+0000] {processor.py:840} INFO - DAG(s) 'example_branch_python_operator_decorator' retrieved from /home/airflow/.local/lib/python3.8/site-packages/airflow/example_dags/example_branch_operator_decorator.py
[2026-06-03T13:04:19.855+0000] {logging_mixin.py:188} INFO - [2026-06-03T13:04:19.855+0000] {dag.py:3033} INFO - Sync 1 DAGs
[2026-06-03T13:04:19.875+0000] {logging_mixin.py:188} INFO - [2026-06-03T13:04:19.875+0000] {dag.py:3820} INFO - Setting next_dagrun for example_branch_python_operator_decorator to 2026-06-02T00:00:00+00:00, run_after=2026-06-03T00:00:00+00:00
[2026-06-03T13:04:19.890+0000] {processor.py:183} INFO - Processing /home/airflow/.local/lib/python3.8/site-packages/airflow/example_dags/example_branch_operator_decorator.py took 0.113 seconds
[2026-06-03T13:04:50.603+0000] {processor.py:161} INFO - Started process (PID=1670) to work on /home/airflow/.local/lib/python3.8/site-packages/airflow/example_dags/example_branch_operator_decorator.py
[2026-06-03T13:04:50.606+0000] {processor.py:830} INFO - Processing file /home/airflow/.local/lib/python3.8/site-packages/airflow/example_dags/example_branch_operator_decorator.py for tasks to queue
[2026-06-03T13:04:50.608+0000] {logging_mixin.py:188} INFO - [2026-06-03T13:04:50.608+0000] {dagbag.py:538} INFO - Filling up the DagBag from /home/airflow/.local/lib/python3.8/site-packages/airflow/example_dags/example_branch_operator_decorator.py
[2026-06-03T13:04:50.623+0000] {processor.py:840} INFO - DAG(s) 'example_branch_python_operator_decorator' retrieved from /home/airflow/.local/lib/python3.8/site-packages/airflow/example_dags/example_branch_operator_decorator.py
[2026-06-03T13:04:50.643+0000] {logging_mixin.py:188} INFO - [2026-06-03T13:04:50.643+0000] {dag.py:3033} INFO - Sync 1 DAGs
[2026-06-03T13:04:50.656+0000] {logging_mixin.py:188} INFO - [2026-06-03T13:04:50.656+0000] {dag.py:3820} INFO - Setting next_dagrun for example_branch_python_operator_decorator to 2026-06-02T00:00:00+00:00, run_after=2026-06-03T00:00:00+00:00
[2026-06-03T13:04:50.664+0000] {processor.py:183} INFO - Processing /home/airflow/.local/lib/python3.8/site-packages/airflow/example_dags/example_branch_operator_decorator.py took 0.064 seconds
[2026-06-03T13:05:21.495+0000] {processor.py:161} INFO - Started process (PID=1726) to work on /home/airflow/.local/lib/python3.8/site-packages/airflow/example_dags/example_branch_operator_decorator.py
[2026-06-03T13:05:21.498+0000] {processor.py:830} INFO - Processing file /home/airflow/.local/lib/python3.8/site-packages/airflow/example_dags/example_branch_operator_decorator.py for tasks to queue
[2026-06-03T13:05:21.501+0000] {logging_mixin.py:188} INFO - [2026-06-03T13:05:21.500+0000] {dagbag.py:538} INFO - Filling up the DagBag from /home/airflow/.local/lib/python3.8/site-packages/airflow/example_dags/example_branch_operator_decorator.py
[2026-06-03T13:05:21.517+0000] {processor.py:840} INFO - DAG(s) 'example_branch_python_operator_decorator' retrieved from /home/airflow/.local/lib/python3.8/site-packages/airflow/example_dags/example_branch_operator_decorator.py
[2026-06-03T13:05:21.537+0000] {logging_mixin.py:188} INFO - [2026-06-03T13:05:21.537+0000] {dag.py:3033} INFO - Sync 1 DAGs
[2026-06-03T13:05:21.554+0000] {logging_mixin.py:188} INFO - [2026-06-03T13:05:21.554+0000] {dag.py:3820} INFO - Setting next_dagrun for example_branch_python_operator_decorator to 2026-06-02T00:00:00+00:00, run_after=2026-06-03T00:00:00+00:00
[2026-06-03T13:05:21.573+0000] {processor.py:183} INFO - Processing /home/airflow/.local/lib/python3.8/site-packages/airflow/example_dags/example_branch_operator_decorator.py took 0.082 seconds
[2026-06-03T13:05:51.753+0000] {processor.py:161} INFO - Started process (PID=1782) to work on /home/airflow/.local/lib/python3.8/site-packages/airflow/example_dags/example_branch_operator_decorator.py
[2026-06-03T13:05:51.754+0000] {processor.py:830} INFO - Processing file /home/airflow/.local/lib/python3.8/site-packages/airflow/example_dags/example_branch_operator_decorator.py for tasks to queue
[2026-06-03T13:05:51.756+0000] {logging_mixin.py:188} INFO - [2026-06-03T13:05:51.756+0000] {dagbag.py:538} INFO - Filling up the DagBag from /home/airflow/.local/lib/python3.8/site-packages/airflow/example_dags/example_branch_operator_decorator.py
[2026-06-03T13:05:51.812+0000] {processor.py:840} INFO - DAG(s) 'example_branch_python_operator_decorator' retrieved from /home/airflow/.local/lib/python3.8/site-packages/airflow/example_dags/example_branch_operator_decorator.py
[2026-06-03T13:05:51.848+0000] {logging_mixin.py:188} INFO - [2026-06-03T13:05:51.848+0000] {dag.py:3033} INFO - Sync 1 DAGs
[2026-06-03T13:05:51.873+0000] {logging_mixin.py:188} INFO - [2026-06-03T13:05:51.873+0000] {dag.py:3820} INFO - Setting next_dagrun for example_branch_python_operator_decorator to 2026-06-02T00:00:00+00:00, run_after=2026-06-03T00:00:00+00:00
[2026-06-03T13:05:51.888+0000] {processor.py:183} INFO - Processing /home/airflow/.local/lib/python3.8/site-packages/airflow/example_dags/example_branch_operator_decorator.py took 0.148 seconds
[2026-06-03T13:06:22.065+0000] {processor.py:161} INFO - Started process (PID=1838) to work on /home/airflow/.local/lib/python3.8/site-packages/airflow/example_dags/example_branch_operator_decorator.py
[2026-06-03T13:06:22.070+0000] {processor.py:830} INFO - Processing file /home/airflow/.local/lib/python3.8/site-packages/airflow/example_dags/example_branch_operator_decorator.py for tasks to queue
[2026-06-03T13:06:22.072+0000] {logging_mixin.py:188} INFO - [2026-06-03T13:06:22.072+0000] {dagbag.py:538} INFO - Filling up the DagBag from /home/airflow/.local/lib/python3.8/site-packages/airflow/example_dags/example_branch_operator_decorator.py
[2026-06-03T13:06:22.091+0000] {processor.py:840} INFO - DAG(s) 'example_branch_python_operator_decorator' retrieved from /home/airflow/.local/lib/python3.8/site-packages/airflow/example_dags/example_branch_operator_decorator.py
[2026-06-03T13:06:22.122+0000] {logging_mixin.py:188} INFO - [2026-06-03T13:06:22.122+0000] {dag.py:3033} INFO - Sync 1 DAGs
[2026-06-03T13:06:22.380+0000] {logging_mixin.py:188} INFO - [2026-06-03T13:06:22.380+0000] {dag.py:3820} INFO - Setting next_dagrun for example_branch_python_operator_decorator to 2026-06-02T00:00:00+00:00, run_after=2026-06-03T00:00:00+00:00
[2026-06-03T13:06:22.391+0000] {processor.py:183} INFO - Processing /home/airflow/.local/lib/python3.8/site-packages/airflow/example_dags/example_branch_operator_decorator.py took 0.331 seconds
[2026-06-03T13:06:52.937+0000] {processor.py:161} INFO - Started process (PID=1894) to work on /home/airflow/.local/lib/python3.8/site-packages/airflow/example_dags/example_branch_operator_decorator.py
[2026-06-03T13:06:52.938+0000] {processor.py:830} INFO - Processing file /home/airflow/.local/lib/python3.8/site-packages/airflow/example_dags/example_branch_operator_decorator.py for tasks to queue
[2026-06-03T13:06:52.939+0000] {logging_mixin.py:188} INFO - [2026-06-03T13:06:52.939+0000] {dagbag.py:538} INFO - Filling up the DagBag from /home/airflow/.local/lib/python3.8/site-packages/airflow/example_dags/example_branch_operator_decorator.py
[2026-06-03T13:06:52.954+0000] {processor.py:840} INFO - DAG(s) 'example_branch_python_operator_decorator' retrieved from /home/airflow/.local/lib/python3.8/site-packages/airflow/example_dags/example_branch_operator_decorator.py
[2026-06-03T13:06:52.988+0000] {logging_mixin.py:188} INFO - [2026-06-03T13:06:52.988+0000] {dag.py:3033} INFO - Sync 1 DAGs
[2026-06-03T13:06:53.001+0000] {logging_mixin.py:188} INFO - [2026-06-03T13:06:53.001+0000] {dag.py:3820} INFO - Setting next_dagrun for example_branch_python_operator_decorator to 2026-06-02T00:00:00+00:00, run_after=2026-06-03T00:00:00+00:00
[2026-06-03T13:06:53.014+0000] {processor.py:183} INFO - Processing /home/airflow/.local/lib/python3.8/site-packages/airflow/example_dags/example_branch_operator_decorator.py took 0.080 seconds
[2026-06-03T13:07:23.978+0000] {processor.py:161} INFO - Started process (PID=1950) to work on /home/airflow/.local/lib/python3.8/site-packages/airflow/example_dags/example_branch_operator_decorator.py
[2026-06-03T13:07:23.980+0000] {processor.py:830} INFO - Processing file /home/airflow/.local/lib/python3.8/site-packages/airflow/example_dags/example_branch_operator_decorator.py for tasks to queue
[2026-06-03T13:07:23.985+0000] {logging_mixin.py:188} INFO - [2026-06-03T13:07:23.985+0000] {dagbag.py:538} INFO - Filling up the DagBag from /home/airflow/.local/lib/python3.8/site-packages/airflow/example_dags/example_branch_operator_decorator.py
[2026-06-03T13:07:24.016+0000] {processor.py:840} INFO - DAG(s) 'example_branch_python_operator_decorator' retrieved from /home/airflow/.local/lib/python3.8/site-packages/airflow/example_dags/example_branch_operator_decorator.py
[2026-06-03T13:07:24.050+0000] {logging_mixin.py:188} INFO - [2026-06-03T13:07:24.050+0000] {dag.py:3033} INFO - Sync 1 DAGs
[2026-06-03T13:07:24.077+0000] {logging_mixin.py:188} INFO - [2026-06-03T13:07:24.077+0000] {dag.py:3820} INFO - Setting next_dagrun for example_branch_python_operator_decorator to 2026-06-02T00:00:00+00:00, run_after=2026-06-03T00:00:00+00:00
[2026-06-03T13:07:24.100+0000] {processor.py:183} INFO - Processing /home/airflow/.local/lib/python3.8/site-packages/airflow/example_dags/example_branch_operator_decorator.py took 0.136 seconds
[2026-06-03T13:07:54.511+0000] {processor.py:161} INFO - Started process (PID=2013) to work on /home/airflow/.local/lib/python3.8/site-packages/airflow/example_dags/example_branch_operator_decorator.py
[2026-06-03T13:07:54.513+0000] {processor.py:830} INFO - Processing file /home/airflow/.local/lib/python3.8/site-packages/airflow/example_dags/example_branch_operator_decorator.py for tasks to queue
[2026-06-03T13:07:54.516+0000] {logging_mixin.py:188} INFO - [2026-06-03T13:07:54.516+0000] {dagbag.py:538} INFO - Filling up the DagBag from /home/airflow/.local/lib/python3.8/site-packages/airflow/example_dags/example_branch_operator_decorator.py
[2026-06-03T13:07:54.532+0000] {processor.py:840} INFO - DAG(s) 'example_branch_python_operator_decorator' retrieved from /home/airflow/.local/lib/python3.8/site-packages/airflow/example_dags/example_branch_operator_decorator.py
[2026-06-03T13:07:54.553+0000] {logging_mixin.py:188} INFO - [2026-06-03T13:07:54.553+0000] {dag.py:3033} INFO - Sync 1 DAGs
[2026-06-03T13:07:54.563+0000] {logging_mixin.py:188} INFO - [2026-06-03T13:07:54.563+0000] {dag.py:3820} INFO - Setting next_dagrun for example_branch_python_operator_decorator to 2026-06-02T00:00:00+00:00, run_after=2026-06-03T00:00:00+00:00
[2026-06-03T13:07:54.572+0000] {processor.py:183} INFO - Processing /home/airflow/.local/lib/python3.8/site-packages/airflow/example_dags/example_branch_operator_decorator.py took 0.064 seconds
[2026-06-03T13:08:25.685+0000] {processor.py:161} INFO - Started process (PID=2069) to work on /home/airflow/.local/lib/python3.8/site-packages/airflow/example_dags/example_branch_operator_decorator.py
[2026-06-03T13:08:25.686+0000] {processor.py:830} INFO - Processing file /home/airflow/.local/lib/python3.8/site-packages/airflow/example_dags/example_branch_operator_decorator.py for tasks to queue
[2026-06-03T13:08:25.690+0000] {logging_mixin.py:188} INFO - [2026-06-03T13:08:25.690+0000] {dagbag.py:538} INFO - Filling up the DagBag from /home/airflow/.local/lib/python3.8/site-packages/airflow/example_dags/example_branch_operator_decorator.py
[2026-06-03T13:08:25.708+0000] {processor.py:840} INFO - DAG(s) 'example_branch_python_operator_decorator' retrieved from /home/airflow/.local/lib/python3.8/site-packages/airflow/example_dags/example_branch_operator_decorator.py
[2026-06-03T13:08:25.742+0000] {logging_mixin.py:188} INFO - [2026-06-03T13:08:25.742+0000] {dag.py:3033} INFO - Sync 1 DAGs
[2026-06-03T13:08:25.756+0000] {logging_mixin.py:188} INFO - [2026-06-03T13:08:25.756+0000] {dag.py:3820} INFO - Setting next_dagrun for example_branch_python_operator_decorator to 2026-06-02T00:00:00+00:00, run_after=2026-06-03T00:00:00+00:00
[2026-06-03T13:08:25.767+0000] {processor.py:183} INFO - Processing /home/airflow/.local/lib/python3.8/site-packages/airflow/example_dags/example_branch_operator_decorator.py took 0.088 seconds
[2026-06-03T13:08:56.282+0000] {processor.py:161} INFO - Started process (PID=2125) to work on /home/airflow/.local/lib/python3.8/site-packages/airflow/example_dags/example_branch_operator_decorator.py
[2026-06-03T13:08:56.284+0000] {processor.py:830} INFO - Processing file /home/airflow/.local/lib/python3.8/site-packages/airflow/example_dags/example_branch_operator_decorator.py for tasks to queue
[2026-06-03T13:08:56.286+0000] {logging_mixin.py:188} INFO - [2026-06-03T13:08:56.286+0000] {dagbag.py:538} INFO - Filling up the DagBag from /home/airflow/.local/lib/python3.8/site-packages/airflow/example_dags/example_branch_operator_decorator.py
[2026-06-03T13:08:56.314+0000] {processor.py:840} INFO - DAG(s) 'example_branch_python_operator_decorator' retrieved from /home/airflow/.local/lib/python3.8/site-packages/airflow/example_dags/example_branch_operator_decorator.py
[2026-06-03T13:08:56.618+0000] {logging_mixin.py:188} INFO - [2026-06-03T13:08:56.618+0000] {dag.py:3033} INFO - Sync 1 DAGs
[2026-06-03T13:08:56.630+0000] {logging_mixin.py:188} INFO - [2026-06-03T13:08:56.630+0000] {dag.py:3820} INFO - Setting next_dagrun for example_branch_python_operator_decorator to 2026-06-02T00:00:00+00:00, run_after=2026-06-03T00:00:00+00:00
[2026-06-03T13:08:56.648+0000] {processor.py:183} INFO - Processing /home/airflow/.local/lib/python3.8/site-packages/airflow/example_dags/example_branch_operator_decorator.py took 0.371 seconds
[2026-06-03T13:09:26.806+0000] {processor.py:161} INFO - Started process (PID=2181) to work on /home/airflow/.local/lib/python3.8/site-packages/airflow/example_dags/example_branch_operator_decorator.py
[2026-06-03T13:09:26.807+0000] {processor.py:830} INFO - Processing file /home/airflow/.local/lib/python3.8/site-packages/airflow/example_dags/example_branch_operator_decorator.py for tasks to queue
[2026-06-03T13:09:26.810+0000] {logging_mixin.py:188} INFO - [2026-06-03T13:09:26.809+0000] {dagbag.py:538} INFO - Filling up the DagBag from /home/airflow/.local/lib/python3.8/site-packages/airflow/example_dags/example_branch_operator_decorator.py
[2026-06-03T13:09:26.830+0000] {processor.py:840} INFO - DAG(s) 'example_branch_python_operator_decorator' retrieved from /home/airflow/.local/lib/python3.8/site-packages/airflow/example_dags/example_branch_operator_decorator.py
[2026-06-03T13:09:26.864+0000] {logging_mixin.py:188} INFO - [2026-06-03T13:09:26.864+0000] {dag.py:3033} INFO - Sync 1 DAGs
[2026-06-03T13:09:27.135+0000] {logging_mixin.py:188} INFO - [2026-06-03T13:09:27.135+0000] {dag.py:3820} INFO - Setting next_dagrun for example_branch_python_operator_decorator to 2026-06-02T00:00:00+00:00, run_after=2026-06-03T00:00:00+00:00
[2026-06-03T13:09:27.143+0000] {processor.py:183} INFO - Processing /home/airflow/.local/lib/python3.8/site-packages/airflow/example_dags/example_branch_operator_decorator.py took 0.349 seconds
[2026-06-03T13:09:57.609+0000] {processor.py:161} INFO - Started process (PID=2237) to work on /home/airflow/.local/lib/python3.8/site-packages/airflow/example_dags/example_branch_operator_decorator.py
[2026-06-03T13:09:57.611+0000] {processor.py:830} INFO - Processing file /home/airflow/.local/lib/python3.8/site-packages/airflow/example_dags/example_branch_operator_decorator.py for tasks to queue
[2026-06-03T13:09:57.613+0000] {logging_mixin.py:188} INFO - [2026-06-03T13:09:57.613+0000] {dagbag.py:538} INFO - Filling up the DagBag from /home/airflow/.local/lib/python3.8/site-packages/airflow/example_dags/example_branch_operator_decorator.py
[2026-06-03T13:09:57.634+0000] {processor.py:840} INFO - DAG(s) 'example_branch_python_operator_decorator' retrieved from /home/airflow/.local/lib/python3.8/site-packages/airflow/example_dags/example_branch_operator_decorator.py
[2026-06-03T13:09:57.654+0000] {logging_mixin.py:188} INFO - [2026-06-03T13:09:57.654+0000] {dag.py:3033} INFO - Sync 1 DAGs
[2026-06-03T13:09:57.669+0000] {logging_mixin.py:188} INFO - [2026-06-03T13:09:57.669+0000] {dag.py:3820} INFO - Setting next_dagrun for example_branch_python_operator_decorator to 2026-06-02T00:00:00+00:00, run_after=2026-06-03T00:00:00+00:00
[2026-06-03T13:09:57.679+0000] {processor.py:183} INFO - Processing /home/airflow/.local/lib/python3.8/site-packages/airflow/example_dags/example_branch_operator_decorator.py took 0.073 seconds
[2026-06-03T13:10:27.984+0000] {processor.py:161} INFO - Started process (PID=2293) to work on /home/airflow/.local/lib/python3.8/site-packages/airflow/example_dags/example_branch_operator_decorator.py
[2026-06-03T13:10:27.986+0000] {processor.py:830} INFO - Processing file /home/airflow/.local/lib/python3.8/site-packages/airflow/example_dags/example_branch_operator_decorator.py for tasks to queue
[2026-06-03T13:10:27.991+0000] {logging_mixin.py:188} INFO - [2026-06-03T13:10:27.991+0000] {dagbag.py:538} INFO - Filling up the DagBag from /home/airflow/.local/lib/python3.8/site-packages/airflow/example_dags/example_branch_operator_decorator.py
[2026-06-03T13:10:28.035+0000] {processor.py:840} INFO - DAG(s) 'example_branch_python_operator_decorator' retrieved from /home/airflow/.local/lib/python3.8/site-packages/airflow/example_dags/example_branch_operator_decorator.py
[2026-06-03T13:10:28.084+0000] {logging_mixin.py:188} INFO - [2026-06-03T13:10:28.083+0000] {dag.py:3033} INFO - Sync 1 DAGs
[2026-06-03T13:10:28.112+0000] {logging_mixin.py:188} INFO - [2026-06-03T13:10:28.112+0000] {dag.py:3820} INFO - Setting next_dagrun for example_branch_python_operator_decorator to 2026-06-02T00:00:00+00:00, run_after=2026-06-03T00:00:00+00:00
[2026-06-03T13:10:28.133+0000] {processor.py:183} INFO - Processing /home/airflow/.local/lib/python3.8/site-packages/airflow/example_dags/example_branch_operator_decorator.py took 0.152 seconds
[2026-06-03T13:10:59.205+0000] {processor.py:161} INFO - Started process (PID=2349) to work on /home/airflow/.local/lib/python3.8/site-packages/airflow/example_dags/example_branch_operator_decorator.py
[2026-06-03T13:10:59.207+0000] {processor.py:830} INFO - Processing file /home/airflow/.local/lib/python3.8/site-packages/airflow/example_dags/example_branch_operator_decorator.py for tasks to queue
[2026-06-03T13:10:59.213+0000] {logging_mixin.py:188} INFO - [2026-06-03T13:10:59.211+0000] {dagbag.py:538} INFO - Filling up the DagBag from /home/airflow/.local/lib/python3.8/site-packages/airflow/example_dags/example_branch_operator_decorator.py
[2026-06-03T13:10:59.263+0000] {processor.py:840} INFO - DAG(s) 'example_branch_python_operator_decorator' retrieved from /home/airflow/.local/lib/python3.8/site-packages/airflow/example_dags/example_branch_operator_decorator.py
[2026-06-03T13:10:59.316+0000] {logging_mixin.py:188} INFO - [2026-06-03T13:10:59.315+0000] {dag.py:3033} INFO - Sync 1 DAGs
[2026-06-03T13:10:59.356+0000] {logging_mixin.py:188} INFO - [2026-06-03T13:10:59.356+0000] {dag.py:3820} INFO - Setting next_dagrun for example_branch_python_operator_decorator to 2026-06-02T00:00:00+00:00, run_after=2026-06-03T00:00:00+00:00
[2026-06-03T13:10:59.380+0000] {processor.py:183} INFO - Processing /home/airflow/.local/lib/python3.8/site-packages/airflow/example_dags/example_branch_operator_decorator.py took 0.179 seconds
[2026-06-03T13:11:29.799+0000] {processor.py:161} INFO - Started process (PID=2412) to work on /home/airflow/.local/lib/python3.8/site-packages/airflow/example_dags/example_branch_operator_decorator.py
[2026-06-03T13:11:29.800+0000] {processor.py:830} INFO - Processing file /home/airflow/.local/lib/python3.8/site-packages/airflow/example_dags/example_branch_operator_decorator.py for tasks to queue
[2026-06-03T13:11:29.803+0000] {logging_mixin.py:188} INFO - [2026-06-03T13:11:29.803+0000] {dagbag.py:538} INFO - Filling up the DagBag from /home/airflow/.local/lib/python3.8/site-packages/airflow/example_dags/example_branch_operator_decorator.py
[2026-06-03T13:11:29.863+0000] {processor.py:840} INFO - DAG(s) 'example_branch_python_operator_decorator' retrieved from /home/airflow/.local/lib/python3.8/site-packages/airflow/example_dags/example_branch_operator_decorator.py
[2026-06-03T13:11:29.988+0000] {logging_mixin.py:188} INFO - [2026-06-03T13:11:29.988+0000] {dag.py:3033} INFO - Sync 1 DAGs
[2026-06-03T13:11:30.015+0000] {logging_mixin.py:188} INFO - [2026-06-03T13:11:30.015+0000] {dag.py:3820} INFO - Setting next_dagrun for example_branch_python_operator_decorator to 2026-06-02T00:00:00+00:00, run_after=2026-06-03T00:00:00+00:00
[2026-06-03T13:11:30.032+0000] {processor.py:183} INFO - Processing /home/airflow/.local/lib/python3.8/site-packages/airflow/example_dags/example_branch_operator_decorator.py took 0.242 seconds
[2026-06-03T13:12:00.410+0000] {processor.py:161} INFO - Started process (PID=2475) to work on /home/airflow/.local/lib/python3.8/site-packages/airflow/example_dags/example_branch_operator_decorator.py
[2026-06-03T13:12:00.411+0000] {processor.py:830} INFO - Processing file /home/airflow/.local/lib/python3.8/site-packages/airflow/example_dags/example_branch_operator_decorator.py for tasks to queue
[2026-06-03T13:12:00.415+0000] {logging_mixin.py:188} INFO - [2026-06-03T13:12:00.414+0000] {dagbag.py:538} INFO - Filling up the DagBag from /home/airflow/.local/lib/python3.8/site-packages/airflow/example_dags/example_branch_operator_decorator.py
[2026-06-03T13:12:00.477+0000] {processor.py:840} INFO - DAG(s) 'example_branch_python_operator_decorator' retrieved from /home/airflow/.local/lib/python3.8/site-packages/airflow/example_dags/example_branch_operator_decorator.py
[2026-06-03T13:12:00.536+0000] {logging_mixin.py:188} INFO - [2026-06-03T13:12:00.535+0000] {dag.py:3033} INFO - Sync 1 DAGs
[2026-06-03T13:12:00.572+0000] {logging_mixin.py:188} INFO - [2026-06-03T13:12:00.572+0000] {dag.py:3820} INFO - Setting next_dagrun for example_branch_python_operator_decorator to 2026-06-02T00:00:00+00:00, run_after=2026-06-03T00:00:00+00:00
[2026-06-03T13:12:00.598+0000] {processor.py:183} INFO - Processing /home/airflow/.local/lib/python3.8/site-packages/airflow/example_dags/example_branch_operator_decorator.py took 0.192 seconds
[2026-06-03T13:12:31.516+0000] {processor.py:161} INFO - Started process (PID=2538) to work on /home/airflow/.local/lib/python3.8/site-packages/airflow/example_dags/example_branch_operator_decorator.py
[2026-06-03T13:12:31.518+0000] {processor.py:830} INFO - Processing file /home/airflow/.local/lib/python3.8/site-packages/airflow/example_dags/example_branch_operator_decorator.py for tasks to queue
[2026-06-03T13:12:31.520+0000] {logging_mixin.py:188} INFO - [2026-06-03T13:12:31.520+0000] {dagbag.py:538} INFO - Filling up the DagBag from /home/airflow/.local/lib/python3.8/site-packages/airflow/example_dags/example_branch_operator_decorator.py
[2026-06-03T13:12:31.549+0000] {processor.py:840} INFO - DAG(s) 'example_branch_python_operator_decorator' retrieved from /home/airflow/.local/lib/python3.8/site-packages/airflow/example_dags/example_branch_operator_decorator.py
[2026-06-03T13:12:31.572+0000] {logging_mixin.py:188} INFO - [2026-06-03T13:12:31.572+0000] {dag.py:3033} INFO - Sync 1 DAGs
[2026-06-03T13:12:31.597+0000] {logging_mixin.py:188} INFO - [2026-06-03T13:12:31.597+0000] {dag.py:3820} INFO - Setting next_dagrun for example_branch_python_operator_decorator to 2026-06-02T00:00:00+00:00, run_after=2026-06-03T00:00:00+00:00
[2026-06-03T13:12:31.608+0000] {processor.py:183} INFO - Processing /home/airflow/.local/lib/python3.8/site-packages/airflow/example_dags/example_branch_operator_decorator.py took 0.094 seconds
[2026-06-03T13:13:01.930+0000] {processor.py:161} INFO - Started process (PID=2594) to work on /home/airflow/.local/lib/python3.8/site-packages/airflow/example_dags/example_branch_operator_decorator.py
[2026-06-03T13:13:01.931+0000] {processor.py:830} INFO - Processing file /home/airflow/.local/lib/python3.8/site-packages/airflow/example_dags/example_branch_operator_decorator.py for tasks to queue
[2026-06-03T13:13:01.934+0000] {logging_mixin.py:188} INFO - [2026-06-03T13:13:01.933+0000] {dagbag.py:538} INFO - Filling up the DagBag from /home/airflow/.local/lib/python3.8/site-packages/airflow/example_dags/example_branch_operator_decorator.py
[2026-06-03T13:13:01.966+0000] {processor.py:840} INFO - DAG(s) 'example_branch_python_operator_decorator' retrieved from /home/airflow/.local/lib/python3.8/site-packages/airflow/example_dags/example_branch_operator_decorator.py
[2026-06-03T13:13:02.002+0000] {logging_mixin.py:188} INFO - [2026-06-03T13:13:02.002+0000] {dag.py:3033} INFO - Sync 1 DAGs
[2026-06-03T13:13:02.031+0000] {logging_mixin.py:188} INFO - [2026-06-03T13:13:02.031+0000] {dag.py:3820} INFO - Setting next_dagrun for example_branch_python_operator_decorator to 2026-06-02T00:00:00+00:00, run_after=2026-06-03T00:00:00+00:00
[2026-06-03T13:13:02.045+0000] {processor.py:183} INFO - Processing /home/airflow/.local/lib/python3.8/site-packages/airflow/example_dags/example_branch_operator_decorator.py took 0.118 seconds
[2026-06-03T13:13:32.555+0000] {processor.py:161} INFO - Started process (PID=2650) to work on /home/airflow/.local/lib/python3.8/site-packages/airflow/example_dags/example_branch_operator_decorator.py
[2026-06-03T13:13:32.558+0000] {processor.py:830} INFO - Processing file /home/airflow/.local/lib/python3.8/site-packages/airflow/example_dags/example_branch_operator_decorator.py for tasks to queue
[2026-06-03T13:13:32.562+0000] {logging_mixin.py:188} INFO - [2026-06-03T13:13:32.562+0000] {dagbag.py:538} INFO - Filling up the DagBag from /home/airflow/.local/lib/python3.8/site-packages/airflow/example_dags/example_branch_operator_decorator.py
[2026-06-03T13:13:32.588+0000] {processor.py:840} INFO - DAG(s) 'example_branch_python_operator_decorator' retrieved from /home/airflow/.local/lib/python3.8/site-packages/airflow/example_dags/example_branch_operator_decorator.py
[2026-06-03T13:13:32.608+0000] {logging_mixin.py:188} INFO - [2026-06-03T13:13:32.608+0000] {dag.py:3033} INFO - Sync 1 DAGs
[2026-06-03T13:13:32.638+0000] {logging_mixin.py:188} INFO - [2026-06-03T13:13:32.638+0000] {dag.py:3820} INFO - Setting next_dagrun for example_branch_python_operator_decorator to 2026-06-02T00:00:00+00:00, run_after=2026-06-03T00:00:00+00:00
[2026-06-03T13:13:32.653+0000] {processor.py:183} INFO - Processing /home/airflow/.local/lib/python3.8/site-packages/airflow/example_dags/example_branch_operator_decorator.py took 0.101 seconds
[2026-06-03T13:14:03.449+0000] {processor.py:161} INFO - Started process (PID=2706) to work on /home/airflow/.local/lib/python3.8/site-packages/airflow/example_dags/example_branch_operator_decorator.py
[2026-06-03T13:14:03.454+0000] {processor.py:830} INFO - Processing file /home/airflow/.local/lib/python3.8/site-packages/airflow/example_dags/example_branch_operator_decorator.py for tasks to queue
[2026-06-03T13:14:03.462+0000] {logging_mixin.py:188} INFO - [2026-06-03T13:14:03.461+0000] {dagbag.py:538} INFO - Filling up the DagBag from /home/airflow/.local/lib/python3.8/site-packages/airflow/example_dags/example_branch_operator_decorator.py
[2026-06-03T13:14:03.544+0000] {processor.py:840} INFO - DAG(s) 'example_branch_python_operator_decorator' retrieved from /home/airflow/.local/lib/python3.8/site-packages/airflow/example_dags/example_branch_operator_decorator.py
[2026-06-03T13:14:03.605+0000] {logging_mixin.py:188} INFO - [2026-06-03T13:14:03.605+0000] {dag.py:3033} INFO - Sync 1 DAGs
[2026-06-03T13:14:03.628+0000] {logging_mixin.py:188} INFO - [2026-06-03T13:14:03.628+0000] {dag.py:3820} INFO - Setting next_dagrun for example_branch_python_operator_decorator to 2026-06-02T00:00:00+00:00, run_after=2026-06-03T00:00:00+00:00
[2026-06-03T13:14:03.655+0000] {processor.py:183} INFO - Processing /home/airflow/.local/lib/python3.8/site-packages/airflow/example_dags/example_branch_operator_decorator.py took 0.212 seconds
[2026-06-03T13:14:20.793+0000] {processor.py:161} INFO - Started process (PID=57) to work on /home/airflow/.local/lib/python3.8/site-packages/airflow/example_dags/example_branch_operator_decorator.py
[2026-06-03T13:14:20.796+0000] {processor.py:830} INFO - Processing file /home/airflow/.local/lib/python3.8/site-packages/airflow/example_dags/example_branch_operator_decorator.py for tasks to queue
[2026-06-03T13:14:20.798+0000] {logging_mixin.py:188} INFO - [2026-06-03T13:14:20.798+0000] {dagbag.py:538} INFO - Filling up the DagBag from /home/airflow/.local/lib/python3.8/site-packages/airflow/example_dags/example_branch_operator_decorator.py
[2026-06-03T13:14:20.814+0000] {processor.py:840} INFO - DAG(s) 'example_branch_python_operator_decorator' retrieved from /home/airflow/.local/lib/python3.8/site-packages/airflow/example_dags/example_branch_operator_decorator.py
[2026-06-03T13:14:20.847+0000] {logging_mixin.py:188} INFO - [2026-06-03T13:14:20.847+0000] {dag.py:3033} INFO - Sync 1 DAGs
[2026-06-03T13:14:20.859+0000] {logging_mixin.py:188} INFO - [2026-06-03T13:14:20.859+0000] {dag.py:3820} INFO - Setting next_dagrun for example_branch_python_operator_decorator to 2026-06-02T00:00:00+00:00, run_after=2026-06-03T00:00:00+00:00
[2026-06-03T13:14:20.867+0000] {processor.py:183} INFO - Processing /home/airflow/.local/lib/python3.8/site-packages/airflow/example_dags/example_branch_operator_decorator.py took 0.079 seconds
[2026-06-03T13:14:51.016+0000] {processor.py:161} INFO - Started process (PID=113) to work on /home/airflow/.local/lib/python3.8/site-packages/airflow/example_dags/example_branch_operator_decorator.py
[2026-06-03T13:14:51.017+0000] {processor.py:830} INFO - Processing file /home/airflow/.local/lib/python3.8/site-packages/airflow/example_dags/example_branch_operator_decorator.py for tasks to queue
[2026-06-03T13:14:51.018+0000] {logging_mixin.py:188} INFO - [2026-06-03T13:14:51.018+0000] {dagbag.py:538} INFO - Filling up the DagBag from /home/airflow/.local/lib/python3.8/site-packages/airflow/example_dags/example_branch_operator_decorator.py
[2026-06-03T13:14:51.032+0000] {processor.py:840} INFO - DAG(s) 'example_branch_python_operator_decorator' retrieved from /home/airflow/.local/lib/python3.8/site-packages/airflow/example_dags/example_branch_operator_decorator.py
[2026-06-03T13:14:51.055+0000] {logging_mixin.py:188} INFO - [2026-06-03T13:14:51.054+0000] {dag.py:3033} INFO - Sync 1 DAGs
[2026-06-03T13:14:51.067+0000] {logging_mixin.py:188} INFO - [2026-06-03T13:14:51.067+0000] {dag.py:3820} INFO - Setting next_dagrun for example_branch_python_operator_decorator to 2026-06-02T00:00:00+00:00, run_after=2026-06-03T00:00:00+00:00
[2026-06-03T13:14:51.075+0000] {processor.py:183} INFO - Processing /home/airflow/.local/lib/python3.8/site-packages/airflow/example_dags/example_branch_operator_decorator.py took 0.062 seconds
[2026-06-03T13:15:21.701+0000] {processor.py:161} INFO - Started process (PID=169) to work on /home/airflow/.local/lib/python3.8/site-packages/airflow/example_dags/example_branch_operator_decorator.py
[2026-06-03T13:15:21.702+0000] {processor.py:830} INFO - Processing file /home/airflow/.local/lib/python3.8/site-packages/airflow/example_dags/example_branch_operator_decorator.py for tasks to queue
[2026-06-03T13:15:21.703+0000] {logging_mixin.py:188} INFO - [2026-06-03T13:15:21.703+0000] {dagbag.py:538} INFO - Filling up the DagBag from /home/airflow/.local/lib/python3.8/site-packages/airflow/example_dags/example_branch_operator_decorator.py
[2026-06-03T13:15:21.711+0000] {processor.py:840} INFO - DAG(s) 'example_branch_python_operator_decorator' retrieved from /home/airflow/.local/lib/python3.8/site-packages/airflow/example_dags/example_branch_operator_decorator.py
[2026-06-03T13:15:21.735+0000] {logging_mixin.py:188} INFO - [2026-06-03T13:15:21.735+0000] {dag.py:3033} INFO - Sync 1 DAGs
[2026-06-03T13:15:21.748+0000] {logging_mixin.py:188} INFO - [2026-06-03T13:15:21.748+0000] {dag.py:3820} INFO - Setting next_dagrun for example_branch_python_operator_decorator to 2026-06-02T00:00:00+00:00, run_after=2026-06-03T00:00:00+00:00
[2026-06-03T13:15:21.757+0000] {processor.py:183} INFO - Processing /home/airflow/.local/lib/python3.8/site-packages/airflow/example_dags/example_branch_operator_decorator.py took 0.058 seconds
[2026-06-03T13:15:51.898+0000] {processor.py:161} INFO - Started process (PID=226) to work on /home/airflow/.local/lib/python3.8/site-packages/airflow/example_dags/example_branch_operator_decorator.py
[2026-06-03T13:15:51.899+0000] {processor.py:830} INFO - Processing file /home/airflow/.local/lib/python3.8/site-packages/airflow/example_dags/example_branch_operator_decorator.py for tasks to queue
[2026-06-03T13:15:51.901+0000] {logging_mixin.py:188} INFO - [2026-06-03T13:15:51.900+0000] {dagbag.py:538} INFO - Filling up the DagBag from /home/airflow/.local/lib/python3.8/site-packages/airflow/example_dags/example_branch_operator_decorator.py
[2026-06-03T13:15:51.911+0000] {processor.py:840} INFO - DAG(s) 'example_branch_python_operator_decorator' retrieved from /home/airflow/.local/lib/python3.8/site-packages/airflow/example_dags/example_branch_operator_decorator.py
[2026-06-03T13:15:51.928+0000] {logging_mixin.py:188} INFO - [2026-06-03T13:15:51.928+0000] {dag.py:3033} INFO - Sync 1 DAGs
[2026-06-03T13:15:51.940+0000] {logging_mixin.py:188} INFO - [2026-06-03T13:15:51.940+0000] {dag.py:3820} INFO - Setting next_dagrun for example_branch_python_operator_decorator to 2026-06-02T00:00:00+00:00, run_after=2026-06-03T00:00:00+00:00
[2026-06-03T13:15:51.951+0000] {processor.py:183} INFO - Processing /home/airflow/.local/lib/python3.8/site-packages/airflow/example_dags/example_branch_operator_decorator.py took 0.055 seconds
[2026-06-03T13:16:22.437+0000] {processor.py:161} INFO - Started process (PID=282) to work on /home/airflow/.local/lib/python3.8/site-packages/airflow/example_dags/example_branch_operator_decorator.py
[2026-06-03T13:16:22.438+0000] {processor.py:830} INFO - Processing file /home/airflow/.local/lib/python3.8/site-packages/airflow/example_dags/example_branch_operator_decorator.py for tasks to queue
[2026-06-03T13:16:22.442+0000] {logging_mixin.py:188} INFO - [2026-06-03T13:16:22.440+0000] {dagbag.py:538} INFO - Filling up the DagBag from /home/airflow/.local/lib/python3.8/site-packages/airflow/example_dags/example_branch_operator_decorator.py
[2026-06-03T13:16:22.464+0000] {processor.py:840} INFO - DAG(s) 'example_branch_python_operator_decorator' retrieved from /home/airflow/.local/lib/python3.8/site-packages/airflow/example_dags/example_branch_operator_decorator.py
[2026-06-03T13:16:22.493+0000] {logging_mixin.py:188} INFO - [2026-06-03T13:16:22.493+0000] {dag.py:3033} INFO - Sync 1 DAGs
[2026-06-03T13:16:22.507+0000] {logging_mixin.py:188} INFO - [2026-06-03T13:16:22.507+0000] {dag.py:3820} INFO - Setting next_dagrun for example_branch_python_operator_decorator to 2026-06-02T00:00:00+00:00, run_after=2026-06-03T00:00:00+00:00
[2026-06-03T13:16:22.520+0000] {processor.py:183} INFO - Processing /home/airflow/.local/lib/python3.8/site-packages/airflow/example_dags/example_branch_operator_decorator.py took 0.086 seconds
[2026-06-03T13:16:52.942+0000] {processor.py:161} INFO - Started process (PID=338) to work on /home/airflow/.local/lib/python3.8/site-packages/airflow/example_dags/example_branch_operator_decorator.py
[2026-06-03T13:16:52.943+0000] {processor.py:830} INFO - Processing file /home/airflow/.local/lib/python3.8/site-packages/airflow/example_dags/example_branch_operator_decorator.py for tasks to queue
[2026-06-03T13:16:52.943+0000] {logging_mixin.py:188} INFO - [2026-06-03T13:16:52.943+0000] {dagbag.py:538} INFO - Filling up the DagBag from /home/airflow/.local/lib/python3.8/site-packages/airflow/example_dags/example_branch_operator_decorator.py
[2026-06-03T13:16:52.954+0000] {processor.py:840} INFO - DAG(s) 'example_branch_python_operator_decorator' retrieved from /home/airflow/.local/lib/python3.8/site-packages/airflow/example_dags/example_branch_operator_decorator.py
[2026-06-03T13:16:52.968+0000] {logging_mixin.py:188} INFO - [2026-06-03T13:16:52.968+0000] {dag.py:3033} INFO - Sync 1 DAGs
[2026-06-03T13:16:52.978+0000] {logging_mixin.py:188} INFO - [2026-06-03T13:16:52.978+0000] {dag.py:3820} INFO - Setting next_dagrun for example_branch_python_operator_decorator to 2026-06-02T00:00:00+00:00, run_after=2026-06-03T00:00:00+00:00
[2026-06-03T13:16:52.985+0000] {processor.py:183} INFO - Processing /home/airflow/.local/lib/python3.8/site-packages/airflow/example_dags/example_branch_operator_decorator.py took 0.044 seconds
[2026-06-03T13:17:23.681+0000] {processor.py:161} INFO - Started process (PID=394) to work on /home/airflow/.local/lib/python3.8/site-packages/airflow/example_dags/example_branch_operator_decorator.py
[2026-06-03T13:17:23.681+0000] {processor.py:830} INFO - Processing file /home/airflow/.local/lib/python3.8/site-packages/airflow/example_dags/example_branch_operator_decorator.py for tasks to queue
[2026-06-03T13:17:23.685+0000] {logging_mixin.py:188} INFO - [2026-06-03T13:17:23.684+0000] {dagbag.py:538} INFO - Filling up the DagBag from /home/airflow/.local/lib/python3.8/site-packages/airflow/example_dags/example_branch_operator_decorator.py
[2026-06-03T13:17:23.710+0000] {processor.py:840} INFO - DAG(s) 'example_branch_python_operator_decorator' retrieved from /home/airflow/.local/lib/python3.8/site-packages/airflow/example_dags/example_branch_operator_decorator.py
[2026-06-03T13:17:23.735+0000] {logging_mixin.py:188} INFO - [2026-06-03T13:17:23.735+0000] {dag.py:3033} INFO - Sync 1 DAGs
[2026-06-03T13:17:23.747+0000] {logging_mixin.py:188} INFO - [2026-06-03T13:17:23.747+0000] {dag.py:3820} INFO - Setting next_dagrun for example_branch_python_operator_decorator to 2026-06-02T00:00:00+00:00, run_after=2026-06-03T00:00:00+00:00
[2026-06-03T13:17:23.760+0000] {processor.py:183} INFO - Processing /home/airflow/.local/lib/python3.8/site-packages/airflow/example_dags/example_branch_operator_decorator.py took 0.081 seconds
[2026-06-03T13:17:53.932+0000] {processor.py:161} INFO - Started process (PID=456) to work on /home/airflow/.local/lib/python3.8/site-packages/airflow/example_dags/example_branch_operator_decorator.py
[2026-06-03T13:17:53.932+0000] {processor.py:830} INFO - Processing file /home/airflow/.local/lib/python3.8/site-packages/airflow/example_dags/example_branch_operator_decorator.py for tasks to queue
[2026-06-03T13:17:53.933+0000] {logging_mixin.py:188} INFO - [2026-06-03T13:17:53.933+0000] {dagbag.py:538} INFO - Filling up the DagBag from /home/airflow/.local/lib/python3.8/site-packages/airflow/example_dags/example_branch_operator_decorator.py
[2026-06-03T13:17:53.941+0000] {processor.py:840} INFO - DAG(s) 'example_branch_python_operator_decorator' retrieved from /home/airflow/.local/lib/python3.8/site-packages/airflow/example_dags/example_branch_operator_decorator.py
[2026-06-03T13:17:53.954+0000] {logging_mixin.py:188} INFO - [2026-06-03T13:17:53.953+0000] {dag.py:3033} INFO - Sync 1 DAGs
[2026-06-03T13:17:53.967+0000] {logging_mixin.py:188} INFO - [2026-06-03T13:17:53.967+0000] {dag.py:3820} INFO - Setting next_dagrun for example_branch_python_operator_decorator to 2026-06-02T00:00:00+00:00, run_after=2026-06-03T00:00:00+00:00
[2026-06-03T13:17:53.979+0000] {processor.py:183} INFO - Processing /home/airflow/.local/lib/python3.8/site-packages/airflow/example_dags/example_branch_operator_decorator.py took 0.049 seconds
[2026-06-03T13:18:24.260+0000] {processor.py:161} INFO - Started process (PID=512) to work on /home/airflow/.local/lib/python3.8/site-packages/airflow/example_dags/example_branch_operator_decorator.py
[2026-06-03T13:18:24.261+0000] {processor.py:830} INFO - Processing file /home/airflow/.local/lib/python3.8/site-packages/airflow/example_dags/example_branch_operator_decorator.py for tasks to queue
[2026-06-03T13:18:24.262+0000] {logging_mixin.py:188} INFO - [2026-06-03T13:18:24.262+0000] {dagbag.py:538} INFO - Filling up the DagBag from /home/airflow/.local/lib/python3.8/site-packages/airflow/example_dags/example_branch_operator_decorator.py
[2026-06-03T13:18:24.271+0000] {processor.py:840} INFO - DAG(s) 'example_branch_python_operator_decorator' retrieved from /home/airflow/.local/lib/python3.8/site-packages/airflow/example_dags/example_branch_operator_decorator.py
[2026-06-03T13:18:24.297+0000] {logging_mixin.py:188} INFO - [2026-06-03T13:18:24.297+0000] {dag.py:3033} INFO - Sync 1 DAGs
[2026-06-03T13:18:24.311+0000] {logging_mixin.py:188} INFO - [2026-06-03T13:18:24.311+0000] {dag.py:3820} INFO - Setting next_dagrun for example_branch_python_operator_decorator to 2026-06-02T00:00:00+00:00, run_after=2026-06-03T00:00:00+00:00
[2026-06-03T13:18:24.321+0000] {processor.py:183} INFO - Processing /home/airflow/.local/lib/python3.8/site-packages/airflow/example_dags/example_branch_operator_decorator.py took 0.062 seconds
[2026-06-03T13:18:54.917+0000] {processor.py:161} INFO - Started process (PID=568) to work on /home/airflow/.local/lib/python3.8/site-packages/airflow/example_dags/example_branch_operator_decorator.py
[2026-06-03T13:18:54.918+0000] {processor.py:830} INFO - Processing file /home/airflow/.local/lib/python3.8/site-packages/airflow/example_dags/example_branch_operator_decorator.py for tasks to queue
[2026-06-03T13:18:54.919+0000] {logging_mixin.py:188} INFO - [2026-06-03T13:18:54.919+0000] {dagbag.py:538} INFO - Filling up the DagBag from /home/airflow/.local/lib/python3.8/site-packages/airflow/example_dags/example_branch_operator_decorator.py
[2026-06-03T13:18:54.935+0000] {processor.py:840} INFO - DAG(s) 'example_branch_python_operator_decorator' retrieved from /home/airflow/.local/lib/python3.8/site-packages/airflow/example_dags/example_branch_operator_decorator.py
[2026-06-03T13:18:54.964+0000] {logging_mixin.py:188} INFO - [2026-06-03T13:18:54.964+0000] {dag.py:3033} INFO - Sync 1 DAGs
[2026-06-03T13:18:54.973+0000] {logging_mixin.py:188} INFO - [2026-06-03T13:18:54.973+0000] {dag.py:3820} INFO - Setting next_dagrun for example_branch_python_operator_decorator to 2026-06-02T00:00:00+00:00, run_after=2026-06-03T00:00:00+00:00
[2026-06-03T13:18:54.985+0000] {processor.py:183} INFO - Processing /home/airflow/.local/lib/python3.8/site-packages/airflow/example_dags/example_branch_operator_decorator.py took 0.075 seconds
[2026-06-03T13:19:25.581+0000] {processor.py:161} INFO - Started process (PID=624) to work on /home/airflow/.local/lib/python3.8/site-packages/airflow/example_dags/example_branch_operator_decorator.py
[2026-06-03T13:19:25.582+0000] {processor.py:830} INFO - Processing file /home/airflow/.local/lib/python3.8/site-packages/airflow/example_dags/example_branch_operator_decorator.py for tasks to queue
[2026-06-03T13:19:25.587+0000] {logging_mixin.py:188} INFO - [2026-06-03T13:19:25.586+0000] {dagbag.py:538} INFO - Filling up the DagBag from /home/airflow/.local/lib/python3.8/site-packages/airflow/example_dags/example_branch_operator_decorator.py
[2026-06-03T13:19:25.608+0000] {processor.py:840} INFO - DAG(s) 'example_branch_python_operator_decorator' retrieved from /home/airflow/.local/lib/python3.8/site-packages/airflow/example_dags/example_branch_operator_decorator.py
[2026-06-03T13:19:25.630+0000] {logging_mixin.py:188} INFO - [2026-06-03T13:19:25.630+0000] {dag.py:3033} INFO - Sync 1 DAGs
[2026-06-03T13:19:25.659+0000] {logging_mixin.py:188} INFO - [2026-06-03T13:19:25.659+0000] {dag.py:3820} INFO - Setting next_dagrun for example_branch_python_operator_decorator to 2026-06-02T00:00:00+00:00, run_after=2026-06-03T00:00:00+00:00
[2026-06-03T13:19:25.672+0000] {processor.py:183} INFO - Processing /home/airflow/.local/lib/python3.8/site-packages/airflow/example_dags/example_branch_operator_decorator.py took 0.099 seconds
[2026-06-03T13:19:56.407+0000] {processor.py:161} INFO - Started process (PID=680) to work on /home/airflow/.local/lib/python3.8/site-packages/airflow/example_dags/example_branch_operator_decorator.py
[2026-06-03T13:19:56.418+0000] {processor.py:830} INFO - Processing file /home/airflow/.local/lib/python3.8/site-packages/airflow/example_dags/example_branch_operator_decorator.py for tasks to queue
[2026-06-03T13:19:56.424+0000] {logging_mixin.py:188} INFO - [2026-06-03T13:19:56.423+0000] {dagbag.py:538} INFO - Filling up the DagBag from /home/airflow/.local/lib/python3.8/site-packages/airflow/example_dags/example_branch_operator_decorator.py
[2026-06-03T13:19:56.451+0000] {processor.py:840} INFO - DAG(s) 'example_branch_python_operator_decorator' retrieved from /home/airflow/.local/lib/python3.8/site-packages/airflow/example_dags/example_branch_operator_decorator.py
[2026-06-03T13:19:56.472+0000] {logging_mixin.py:188} INFO - [2026-06-03T13:19:56.472+0000] {dag.py:3033} INFO - Sync 1 DAGs
[2026-06-03T13:19:56.516+0000] {logging_mixin.py:188} INFO - [2026-06-03T13:19:56.515+0000] {dag.py:3820} INFO - Setting next_dagrun for example_branch_python_operator_decorator to 2026-06-02T00:00:00+00:00, run_after=2026-06-03T00:00:00+00:00
[2026-06-03T13:19:56.534+0000] {processor.py:183} INFO - Processing /home/airflow/.local/lib/python3.8/site-packages/airflow/example_dags/example_branch_operator_decorator.py took 0.166 seconds
[2026-06-03T13:20:26.868+0000] {processor.py:161} INFO - Started process (PID=736) to work on /home/airflow/.local/lib/python3.8/site-packages/airflow/example_dags/example_branch_operator_decorator.py
[2026-06-03T13:20:26.869+0000] {processor.py:830} INFO - Processing file /home/airflow/.local/lib/python3.8/site-packages/airflow/example_dags/example_branch_operator_decorator.py for tasks to queue
[2026-06-03T13:20:26.870+0000] {logging_mixin.py:188} INFO - [2026-06-03T13:20:26.870+0000] {dagbag.py:538} INFO - Filling up the DagBag from /home/airflow/.local/lib/python3.8/site-packages/airflow/example_dags/example_branch_operator_decorator.py
[2026-06-03T13:20:26.884+0000] {processor.py:840} INFO - DAG(s) 'example_branch_python_operator_decorator' retrieved from /home/airflow/.local/lib/python3.8/site-packages/airflow/example_dags/example_branch_operator_decorator.py
[2026-06-03T13:20:26.896+0000] {logging_mixin.py:188} INFO - [2026-06-03T13:20:26.896+0000] {dag.py:3033} INFO - Sync 1 DAGs
[2026-06-03T13:20:26.906+0000] {logging_mixin.py:188} INFO - [2026-06-03T13:20:26.906+0000] {dag.py:3820} INFO - Setting next_dagrun for example_branch_python_operator_decorator to 2026-06-02T00:00:00+00:00, run_after=2026-06-03T00:00:00+00:00
[2026-06-03T13:20:26.919+0000] {processor.py:183} INFO - Processing /home/airflow/.local/lib/python3.8/site-packages/airflow/example_dags/example_branch_operator_decorator.py took 0.053 seconds
[2026-06-03T13:20:58.603+0000] {processor.py:161} INFO - Started process (PID=792) to work on /home/airflow/.local/lib/python3.8/site-packages/airflow/example_dags/example_branch_operator_decorator.py
[2026-06-03T13:20:58.604+0000] {processor.py:830} INFO - Processing file /home/airflow/.local/lib/python3.8/site-packages/airflow/example_dags/example_branch_operator_decorator.py for tasks to queue
[2026-06-03T13:20:58.605+0000] {logging_mixin.py:188} INFO - [2026-06-03T13:20:58.605+0000] {dagbag.py:538} INFO - Filling up the DagBag from /home/airflow/.local/lib/python3.8/site-packages/airflow/example_dags/example_branch_operator_decorator.py
[2026-06-03T13:20:58.634+0000] {processor.py:840} INFO - DAG(s) 'example_branch_python_operator_decorator' retrieved from /home/airflow/.local/lib/python3.8/site-packages/airflow/example_dags/example_branch_operator_decorator.py
[2026-06-03T13:20:58.681+0000] {logging_mixin.py:188} INFO - [2026-06-03T13:20:58.681+0000] {dag.py:3033} INFO - Sync 1 DAGs
[2026-06-03T13:20:58.703+0000] {logging_mixin.py:188} INFO - [2026-06-03T13:20:58.703+0000] {dag.py:3820} INFO - Setting next_dagrun for example_branch_python_operator_decorator to 2026-06-02T00:00:00+00:00, run_after=2026-06-03T00:00:00+00:00
[2026-06-03T13:20:58.721+0000] {processor.py:183} INFO - Processing /home/airflow/.local/lib/python3.8/site-packages/airflow/example_dags/example_branch_operator_decorator.py took 0.121 seconds
[2026-06-03T13:21:29.537+0000] {processor.py:161} INFO - Started process (PID=848) to work on /home/airflow/.local/lib/python3.8/site-packages/airflow/example_dags/example_branch_operator_decorator.py
[2026-06-03T13:21:29.538+0000] {processor.py:830} INFO - Processing file /home/airflow/.local/lib/python3.8/site-packages/airflow/example_dags/example_branch_operator_decorator.py for tasks to queue
[2026-06-03T13:21:29.539+0000] {logging_mixin.py:188} INFO - [2026-06-03T13:21:29.539+0000] {dagbag.py:538} INFO - Filling up the DagBag from /home/airflow/.local/lib/python3.8/site-packages/airflow/example_dags/example_branch_operator_decorator.py
[2026-06-03T13:21:29.547+0000] {processor.py:840} INFO - DAG(s) 'example_branch_python_operator_decorator' retrieved from /home/airflow/.local/lib/python3.8/site-packages/airflow/example_dags/example_branch_operator_decorator.py
[2026-06-03T13:21:29.558+0000] {logging_mixin.py:188} INFO - [2026-06-03T13:21:29.558+0000] {dag.py:3033} INFO - Sync 1 DAGs
[2026-06-03T13:21:29.567+0000] {logging_mixin.py:188} INFO - [2026-06-03T13:21:29.567+0000] {dag.py:3820} INFO - Setting next_dagrun for example_branch_python_operator_decorator to 2026-06-02T00:00:00+00:00, run_after=2026-06-03T00:00:00+00:00
[2026-06-03T13:21:29.573+0000] {processor.py:183} INFO - Processing /home/airflow/.local/lib/python3.8/site-packages/airflow/example_dags/example_branch_operator_decorator.py took 0.038 seconds
[2026-06-03T13:21:59.916+0000] {processor.py:161} INFO - Started process (PID=904) to work on /home/airflow/.local/lib/python3.8/site-packages/airflow/example_dags/example_branch_operator_decorator.py
[2026-06-03T13:21:59.919+0000] {processor.py:830} INFO - Processing file /home/airflow/.local/lib/python3.8/site-packages/airflow/example_dags/example_branch_operator_decorator.py for tasks to queue
[2026-06-03T13:21:59.922+0000] {logging_mixin.py:188} INFO - [2026-06-03T13:21:59.921+0000] {dagbag.py:538} INFO - Filling up the DagBag from /home/airflow/.local/lib/python3.8/site-packages/airflow/example_dags/example_branch_operator_decorator.py
[2026-06-03T13:21:59.942+0000] {processor.py:840} INFO - DAG(s) 'example_branch_python_operator_decorator' retrieved from /home/airflow/.local/lib/python3.8/site-packages/airflow/example_dags/example_branch_operator_decorator.py
[2026-06-03T13:21:59.966+0000] {logging_mixin.py:188} INFO - [2026-06-03T13:21:59.966+0000] {dag.py:3033} INFO - Sync 1 DAGs
[2026-06-03T13:21:59.993+0000] {logging_mixin.py:188} INFO - [2026-06-03T13:21:59.993+0000] {dag.py:3820} INFO - Setting next_dagrun for example_branch_python_operator_decorator to 2026-06-02T00:00:00+00:00, run_after=2026-06-03T00:00:00+00:00
[2026-06-03T13:22:00.003+0000] {processor.py:183} INFO - Processing /home/airflow/.local/lib/python3.8/site-packages/airflow/example_dags/example_branch_operator_decorator.py took 0.090 seconds
[2026-06-03T13:22:30.511+0000] {processor.py:161} INFO - Started process (PID=960) to work on /home/airflow/.local/lib/python3.8/site-packages/airflow/example_dags/example_branch_operator_decorator.py
[2026-06-03T13:22:30.512+0000] {processor.py:830} INFO - Processing file /home/airflow/.local/lib/python3.8/site-packages/airflow/example_dags/example_branch_operator_decorator.py for tasks to queue
[2026-06-03T13:22:30.513+0000] {logging_mixin.py:188} INFO - [2026-06-03T13:22:30.513+0000] {dagbag.py:538} INFO - Filling up the DagBag from /home/airflow/.local/lib/python3.8/site-packages/airflow/example_dags/example_branch_operator_decorator.py
[2026-06-03T13:22:30.527+0000] {processor.py:840} INFO - DAG(s) 'example_branch_python_operator_decorator' retrieved from /home/airflow/.local/lib/python3.8/site-packages/airflow/example_dags/example_branch_operator_decorator.py
[2026-06-03T13:22:30.546+0000] {logging_mixin.py:188} INFO - [2026-06-03T13:22:30.546+0000] {dag.py:3033} INFO - Sync 1 DAGs
[2026-06-03T13:22:30.568+0000] {logging_mixin.py:188} INFO - [2026-06-03T13:22:30.568+0000] {dag.py:3820} INFO - Setting next_dagrun for example_branch_python_operator_decorator to 2026-06-02T00:00:00+00:00, run_after=2026-06-03T00:00:00+00:00
[2026-06-03T13:22:30.584+0000] {processor.py:183} INFO - Processing /home/airflow/.local/lib/python3.8/site-packages/airflow/example_dags/example_branch_operator_decorator.py took 0.076 seconds
[2026-06-03T13:23:01.122+0000] {processor.py:161} INFO - Started process (PID=1016) to work on /home/airflow/.local/lib/python3.8/site-packages/airflow/example_dags/example_branch_operator_decorator.py
[2026-06-03T13:23:01.124+0000] {processor.py:830} INFO - Processing file /home/airflow/.local/lib/python3.8/site-packages/airflow/example_dags/example_branch_operator_decorator.py for tasks to queue
[2026-06-03T13:23:01.129+0000] {logging_mixin.py:188} INFO - [2026-06-03T13:23:01.129+0000] {dagbag.py:538} INFO - Filling up the DagBag from /home/airflow/.local/lib/python3.8/site-packages/airflow/example_dags/example_branch_operator_decorator.py
[2026-06-03T13:23:01.142+0000] {processor.py:840} INFO - DAG(s) 'example_branch_python_operator_decorator' retrieved from /home/airflow/.local/lib/python3.8/site-packages/airflow/example_dags/example_branch_operator_decorator.py
[2026-06-03T13:23:01.163+0000] {logging_mixin.py:188} INFO - [2026-06-03T13:23:01.162+0000] {dag.py:3033} INFO - Sync 1 DAGs
[2026-06-03T13:23:01.176+0000] {logging_mixin.py:188} INFO - [2026-06-03T13:23:01.176+0000] {dag.py:3820} INFO - Setting next_dagrun for example_branch_python_operator_decorator to 2026-06-02T00:00:00+00:00, run_after=2026-06-03T00:00:00+00:00
[2026-06-03T13:23:01.192+0000] {processor.py:183} INFO - Processing /home/airflow/.local/lib/python3.8/site-packages/airflow/example_dags/example_branch_operator_decorator.py took 0.073 seconds
[2026-06-03T13:23:32.709+0000] {processor.py:161} INFO - Started process (PID=1072) to work on /home/airflow/.local/lib/python3.8/site-packages/airflow/example_dags/example_branch_operator_decorator.py
[2026-06-03T13:23:32.712+0000] {processor.py:830} INFO - Processing file /home/airflow/.local/lib/python3.8/site-packages/airflow/example_dags/example_branch_operator_decorator.py for tasks to queue
[2026-06-03T13:23:32.712+0000] {logging_mixin.py:188} INFO - [2026-06-03T13:23:32.712+0000] {dagbag.py:538} INFO - Filling up the DagBag from /home/airflow/.local/lib/python3.8/site-packages/airflow/example_dags/example_branch_operator_decorator.py
[2026-06-03T13:23:32.730+0000] {processor.py:840} INFO - DAG(s) 'example_branch_python_operator_decorator' retrieved from /home/airflow/.local/lib/python3.8/site-packages/airflow/example_dags/example_branch_operator_decorator.py
[2026-06-03T13:23:32.771+0000] {logging_mixin.py:188} INFO - [2026-06-03T13:23:32.770+0000] {dag.py:3033} INFO - Sync 1 DAGs
[2026-06-03T13:23:32.787+0000] {logging_mixin.py:188} INFO - [2026-06-03T13:23:32.787+0000] {dag.py:3820} INFO - Setting next_dagrun for example_branch_python_operator_decorator to 2026-06-02T00:00:00+00:00, run_after=2026-06-03T00:00:00+00:00
[2026-06-03T13:23:32.807+0000] {processor.py:183} INFO - Processing /home/airflow/.local/lib/python3.8/site-packages/airflow/example_dags/example_branch_operator_decorator.py took 0.102 seconds
[2026-06-03T13:24:02.943+0000] {processor.py:161} INFO - Started process (PID=1128) to work on /home/airflow/.local/lib/python3.8/site-packages/airflow/example_dags/example_branch_operator_decorator.py
[2026-06-03T13:24:02.944+0000] {processor.py:830} INFO - Processing file /home/airflow/.local/lib/python3.8/site-packages/airflow/example_dags/example_branch_operator_decorator.py for tasks to queue
[2026-06-03T13:24:02.945+0000] {logging_mixin.py:188} INFO - [2026-06-03T13:24:02.945+0000] {dagbag.py:538} INFO - Filling up the DagBag from /home/airflow/.local/lib/python3.8/site-packages/airflow/example_dags/example_branch_operator_decorator.py
[2026-06-03T13:24:02.962+0000] {processor.py:840} INFO - DAG(s) 'example_branch_python_operator_decorator' retrieved from /home/airflow/.local/lib/python3.8/site-packages/airflow/example_dags/example_branch_operator_decorator.py
[2026-06-03T13:24:02.989+0000] {logging_mixin.py:188} INFO - [2026-06-03T13:24:02.989+0000] {dag.py:3033} INFO - Sync 1 DAGs
[2026-06-03T13:24:03.002+0000] {logging_mixin.py:188} INFO - [2026-06-03T13:24:03.002+0000] {dag.py:3820} INFO - Setting next_dagrun for example_branch_python_operator_decorator to 2026-06-02T00:00:00+00:00, run_after=2026-06-03T00:00:00+00:00
[2026-06-03T13:24:03.044+0000] {processor.py:183} INFO - Processing /home/airflow/.local/lib/python3.8/site-packages/airflow/example_dags/example_branch_operator_decorator.py took 0.104 seconds
[2026-06-03T13:24:34.052+0000] {processor.py:161} INFO - Started process (PID=1184) to work on /home/airflow/.local/lib/python3.8/site-packages/airflow/example_dags/example_branch_operator_decorator.py
[2026-06-03T13:24:34.053+0000] {processor.py:830} INFO - Processing file /home/airflow/.local/lib/python3.8/site-packages/airflow/example_dags/example_branch_operator_decorator.py for tasks to queue
[2026-06-03T13:24:34.054+0000] {logging_mixin.py:188} INFO - [2026-06-03T13:24:34.054+0000] {dagbag.py:538} INFO - Filling up the DagBag from /home/airflow/.local/lib/python3.8/site-packages/airflow/example_dags/example_branch_operator_decorator.py
[2026-06-03T13:24:34.070+0000] {processor.py:840} INFO - DAG(s) 'example_branch_python_operator_decorator' retrieved from /home/airflow/.local/lib/python3.8/site-packages/airflow/example_dags/example_branch_operator_decorator.py
[2026-06-03T13:24:34.096+0000] {logging_mixin.py:188} INFO - [2026-06-03T13:24:34.096+0000] {dag.py:3033} INFO - Sync 1 DAGs
[2026-06-03T13:24:34.115+0000] {logging_mixin.py:188} INFO - [2026-06-03T13:24:34.115+0000] {dag.py:3820} INFO - Setting next_dagrun for example_branch_python_operator_decorator to 2026-06-02T00:00:00+00:00, run_after=2026-06-03T00:00:00+00:00
[2026-06-03T13:24:34.128+0000] {processor.py:183} INFO - Processing /home/airflow/.local/lib/python3.8/site-packages/airflow/example_dags/example_branch_operator_decorator.py took 0.078 seconds
[2026-06-03T13:25:04.675+0000] {processor.py:161} INFO - Started process (PID=1240) to work on /home/airflow/.local/lib/python3.8/site-packages/airflow/example_dags/example_branch_operator_decorator.py
[2026-06-03T13:25:04.676+0000] {processor.py:830} INFO - Processing file /home/airflow/.local/lib/python3.8/site-packages/airflow/example_dags/example_branch_operator_decorator.py for tasks to queue
[2026-06-03T13:25:04.678+0000] {logging_mixin.py:188} INFO - [2026-06-03T13:25:04.678+0000] {dagbag.py:538} INFO - Filling up the DagBag from /home/airflow/.local/lib/python3.8/site-packages/airflow/example_dags/example_branch_operator_decorator.py
[2026-06-03T13:25:04.694+0000] {processor.py:840} INFO - DAG(s) 'example_branch_python_operator_decorator' retrieved from /home/airflow/.local/lib/python3.8/site-packages/airflow/example_dags/example_branch_operator_decorator.py
[2026-06-03T13:25:04.708+0000] {logging_mixin.py:188} INFO - [2026-06-03T13:25:04.708+0000] {dag.py:3033} INFO - Sync 1 DAGs
[2026-06-03T13:25:04.719+0000] {logging_mixin.py:188} INFO - [2026-06-03T13:25:04.719+0000] {dag.py:3820} INFO - Setting next_dagrun for example_branch_python_operator_decorator to 2026-06-02T00:00:00+00:00, run_after=2026-06-03T00:00:00+00:00
[2026-06-03T13:25:04.728+0000] {processor.py:183} INFO - Processing /home/airflow/.local/lib/python3.8/site-packages/airflow/example_dags/example_branch_operator_decorator.py took 0.071 seconds
[2026-06-03T13:25:35.315+0000] {processor.py:161} INFO - Started process (PID=1297) to work on /home/airflow/.local/lib/python3.8/site-packages/airflow/example_dags/example_branch_operator_decorator.py
[2026-06-03T13:25:35.318+0000] {processor.py:830} INFO - Processing file /home/airflow/.local/lib/python3.8/site-packages/airflow/example_dags/example_branch_operator_decorator.py for tasks to queue
[2026-06-03T13:25:35.319+0000] {logging_mixin.py:188} INFO - [2026-06-03T13:25:35.319+0000] {dagbag.py:538} INFO - Filling up the DagBag from /home/airflow/.local/lib/python3.8/site-packages/airflow/example_dags/example_branch_operator_decorator.py
[2026-06-03T13:25:35.332+0000] {processor.py:840} INFO - DAG(s) 'example_branch_python_operator_decorator' retrieved from /home/airflow/.local/lib/python3.8/site-packages/airflow/example_dags/example_branch_operator_decorator.py
[2026-06-03T13:25:35.351+0000] {logging_mixin.py:188} INFO - [2026-06-03T13:25:35.351+0000] {dag.py:3033} INFO - Sync 1 DAGs
[2026-06-03T13:25:35.363+0000] {logging_mixin.py:188} INFO - [2026-06-03T13:25:35.363+0000] {dag.py:3820} INFO - Setting next_dagrun for example_branch_python_operator_decorator to 2026-06-02T00:00:00+00:00, run_after=2026-06-03T00:00:00+00:00
[2026-06-03T13:25:35.374+0000] {processor.py:183} INFO - Processing /home/airflow/.local/lib/python3.8/site-packages/airflow/example_dags/example_branch_operator_decorator.py took 0.062 seconds
[2026-06-03T13:26:05.771+0000] {processor.py:161} INFO - Started process (PID=1353) to work on /home/airflow/.local/lib/python3.8/site-packages/airflow/example_dags/example_branch_operator_decorator.py
[2026-06-03T13:26:05.772+0000] {processor.py:830} INFO - Processing file /home/airflow/.local/lib/python3.8/site-packages/airflow/example_dags/example_branch_operator_decorator.py for tasks to queue
[2026-06-03T13:26:05.773+0000] {logging_mixin.py:188} INFO - [2026-06-03T13:26:05.773+0000] {dagbag.py:538} INFO - Filling up the DagBag from /home/airflow/.local/lib/python3.8/site-packages/airflow/example_dags/example_branch_operator_decorator.py
[2026-06-03T13:26:05.787+0000] {processor.py:840} INFO - DAG(s) 'example_branch_python_operator_decorator' retrieved from /home/airflow/.local/lib/python3.8/site-packages/airflow/example_dags/example_branch_operator_decorator.py
[2026-06-03T13:26:05.803+0000] {logging_mixin.py:188} INFO - [2026-06-03T13:26:05.803+0000] {dag.py:3033} INFO - Sync 1 DAGs
[2026-06-03T13:26:05.811+0000] {logging_mixin.py:188} INFO - [2026-06-03T13:26:05.811+0000] {dag.py:3820} INFO - Setting next_dagrun for example_branch_python_operator_decorator to 2026-06-02T00:00:00+00:00, run_after=2026-06-03T00:00:00+00:00
[2026-06-03T13:26:05.818+0000] {processor.py:183} INFO - Processing /home/airflow/.local/lib/python3.8/site-packages/airflow/example_dags/example_branch_operator_decorator.py took 0.049 seconds
[2026-06-03T13:26:36.791+0000] {processor.py:161} INFO - Started process (PID=1409) to work on /home/airflow/.local/lib/python3.8/site-packages/airflow/example_dags/example_branch_operator_decorator.py
[2026-06-03T13:26:36.792+0000] {processor.py:830} INFO - Processing file /home/airflow/.local/lib/python3.8/site-packages/airflow/example_dags/example_branch_operator_decorator.py for tasks to queue
[2026-06-03T13:26:36.793+0000] {logging_mixin.py:188} INFO - [2026-06-03T13:26:36.793+0000] {dagbag.py:538} INFO - Filling up the DagBag from /home/airflow/.local/lib/python3.8/site-packages/airflow/example_dags/example_branch_operator_decorator.py
[2026-06-03T13:26:36.802+0000] {processor.py:840} INFO - DAG(s) 'example_branch_python_operator_decorator' retrieved from /home/airflow/.local/lib/python3.8/site-packages/airflow/example_dags/example_branch_operator_decorator.py
[2026-06-03T13:26:36.816+0000] {logging_mixin.py:188} INFO - [2026-06-03T13:26:36.815+0000] {dag.py:3033} INFO - Sync 1 DAGs
[2026-06-03T13:26:36.828+0000] {logging_mixin.py:188} INFO - [2026-06-03T13:26:36.828+0000] {dag.py:3820} INFO - Setting next_dagrun for example_branch_python_operator_decorator to 2026-06-02T00:00:00+00:00, run_after=2026-06-03T00:00:00+00:00
[2026-06-03T13:26:36.844+0000] {processor.py:183} INFO - Processing /home/airflow/.local/lib/python3.8/site-packages/airflow/example_dags/example_branch_operator_decorator.py took 0.054 seconds
[2026-06-03T13:27:07.016+0000] {processor.py:161} INFO - Started process (PID=1465) to work on /home/airflow/.local/lib/python3.8/site-packages/airflow/example_dags/example_branch_operator_decorator.py
[2026-06-03T13:27:07.016+0000] {processor.py:830} INFO - Processing file /home/airflow/.local/lib/python3.8/site-packages/airflow/example_dags/example_branch_operator_decorator.py for tasks to queue
[2026-06-03T13:27:07.017+0000] {logging_mixin.py:188} INFO - [2026-06-03T13:27:07.017+0000] {dagbag.py:538} INFO - Filling up the DagBag from /home/airflow/.local/lib/python3.8/site-packages/airflow/example_dags/example_branch_operator_decorator.py
[2026-06-03T13:27:07.028+0000] {processor.py:840} INFO - DAG(s) 'example_branch_python_operator_decorator' retrieved from /home/airflow/.local/lib/python3.8/site-packages/airflow/example_dags/example_branch_operator_decorator.py
[2026-06-03T13:27:07.042+0000] {logging_mixin.py:188} INFO - [2026-06-03T13:27:07.042+0000] {dag.py:3033} INFO - Sync 1 DAGs
[2026-06-03T13:27:07.053+0000] {logging_mixin.py:188} INFO - [2026-06-03T13:27:07.052+0000] {dag.py:3820} INFO - Setting next_dagrun for example_branch_python_operator_decorator to 2026-06-02T00:00:00+00:00, run_after=2026-06-03T00:00:00+00:00
[2026-06-03T13:27:07.064+0000] {processor.py:183} INFO - Processing /home/airflow/.local/lib/python3.8/site-packages/airflow/example_dags/example_branch_operator_decorator.py took 0.050 seconds
[2026-06-03T13:27:37.773+0000] {processor.py:161} INFO - Started process (PID=1521) to work on /home/airflow/.local/lib/python3.8/site-packages/airflow/example_dags/example_branch_operator_decorator.py
[2026-06-03T13:27:37.775+0000] {processor.py:830} INFO - Processing file /home/airflow/.local/lib/python3.8/site-packages/airflow/example_dags/example_branch_operator_decorator.py for tasks to queue
[2026-06-03T13:27:37.776+0000] {logging_mixin.py:188} INFO - [2026-06-03T13:27:37.776+0000] {dagbag.py:538} INFO - Filling up the DagBag from /home/airflow/.local/lib/python3.8/site-packages/airflow/example_dags/example_branch_operator_decorator.py
[2026-06-03T13:27:37.785+0000] {processor.py:840} INFO - DAG(s) 'example_branch_python_operator_decorator' retrieved from /home/airflow/.local/lib/python3.8/site-packages/airflow/example_dags/example_branch_operator_decorator.py
[2026-06-03T13:27:37.799+0000] {logging_mixin.py:188} INFO - [2026-06-03T13:27:37.799+0000] {dag.py:3033} INFO - Sync 1 DAGs
[2026-06-03T13:27:37.808+0000] {logging_mixin.py:188} INFO - [2026-06-03T13:27:37.808+0000] {dag.py:3820} INFO - Setting next_dagrun for example_branch_python_operator_decorator to 2026-06-02T00:00:00+00:00, run_after=2026-06-03T00:00:00+00:00
[2026-06-03T13:27:37.816+0000] {processor.py:183} INFO - Processing /home/airflow/.local/lib/python3.8/site-packages/airflow/example_dags/example_branch_operator_decorator.py took 0.051 seconds
[2026-06-03T13:28:08.524+0000] {processor.py:161} INFO - Started process (PID=1577) to work on /home/airflow/.local/lib/python3.8/site-packages/airflow/example_dags/example_branch_operator_decorator.py
[2026-06-03T13:28:08.525+0000] {processor.py:830} INFO - Processing file /home/airflow/.local/lib/python3.8/site-packages/airflow/example_dags/example_branch_operator_decorator.py for tasks to queue
[2026-06-03T13:28:08.526+0000] {logging_mixin.py:188} INFO - [2026-06-03T13:28:08.526+0000] {dagbag.py:538} INFO - Filling up the DagBag from /home/airflow/.local/lib/python3.8/site-packages/airflow/example_dags/example_branch_operator_decorator.py
[2026-06-03T13:28:08.533+0000] {processor.py:840} INFO - DAG(s) 'example_branch_python_operator_decorator' retrieved from /home/airflow/.local/lib/python3.8/site-packages/airflow/example_dags/example_branch_operator_decorator.py
[2026-06-03T13:28:08.544+0000] {logging_mixin.py:188} INFO - [2026-06-03T13:28:08.544+0000] {dag.py:3033} INFO - Sync 1 DAGs
[2026-06-03T13:28:08.551+0000] {logging_mixin.py:188} INFO - [2026-06-03T13:28:08.551+0000] {dag.py:3820} INFO - Setting next_dagrun for example_branch_python_operator_decorator to 2026-06-02T00:00:00+00:00, run_after=2026-06-03T00:00:00+00:00
[2026-06-03T13:28:08.557+0000] {processor.py:183} INFO - Processing /home/airflow/.local/lib/python3.8/site-packages/airflow/example_dags/example_branch_operator_decorator.py took 0.034 seconds
[2026-06-03T13:28:38.772+0000] {processor.py:161} INFO - Started process (PID=1633) to work on /home/airflow/.local/lib/python3.8/site-packages/airflow/example_dags/example_branch_operator_decorator.py
[2026-06-03T13:28:38.773+0000] {processor.py:830} INFO - Processing file /home/airflow/.local/lib/python3.8/site-packages/airflow/example_dags/example_branch_operator_decorator.py for tasks to queue
[2026-06-03T13:28:38.774+0000] {logging_mixin.py:188} INFO - [2026-06-03T13:28:38.774+0000] {dagbag.py:538} INFO - Filling up the DagBag from /home/airflow/.local/lib/python3.8/site-packages/airflow/example_dags/example_branch_operator_decorator.py
[2026-06-03T13:28:38.784+0000] {processor.py:840} INFO - DAG(s) 'example_branch_python_operator_decorator' retrieved from /home/airflow/.local/lib/python3.8/site-packages/airflow/example_dags/example_branch_operator_decorator.py
[2026-06-03T13:28:38.803+0000] {logging_mixin.py:188} INFO - [2026-06-03T13:28:38.803+0000] {dag.py:3033} INFO - Sync 1 DAGs
[2026-06-03T13:28:38.812+0000] {logging_mixin.py:188} INFO - [2026-06-03T13:28:38.812+0000] {dag.py:3820} INFO - Setting next_dagrun for example_branch_python_operator_decorator to 2026-06-02T00:00:00+00:00, run_after=2026-06-03T00:00:00+00:00
[2026-06-03T13:28:38.822+0000] {processor.py:183} INFO - Processing /home/airflow/.local/lib/python3.8/site-packages/airflow/example_dags/example_branch_operator_decorator.py took 0.051 seconds
[2026-06-03T13:29:08.922+0000] {processor.py:161} INFO - Started process (PID=1689) to work on /home/airflow/.local/lib/python3.8/site-packages/airflow/example_dags/example_branch_operator_decorator.py
[2026-06-03T13:29:08.923+0000] {processor.py:830} INFO - Processing file /home/airflow/.local/lib/python3.8/site-packages/airflow/example_dags/example_branch_operator_decorator.py for tasks to queue
[2026-06-03T13:29:08.924+0000] {logging_mixin.py:188} INFO - [2026-06-03T13:29:08.923+0000] {dagbag.py:538} INFO - Filling up the DagBag from /home/airflow/.local/lib/python3.8/site-packages/airflow/example_dags/example_branch_operator_decorator.py
[2026-06-03T13:29:08.933+0000] {processor.py:840} INFO - DAG(s) 'example_branch_python_operator_decorator' retrieved from /home/airflow/.local/lib/python3.8/site-packages/airflow/example_dags/example_branch_operator_decorator.py
[2026-06-03T13:29:08.950+0000] {logging_mixin.py:188} INFO - [2026-06-03T13:29:08.950+0000] {dag.py:3033} INFO - Sync 1 DAGs
[2026-06-03T13:29:08.963+0000] {logging_mixin.py:188} INFO - [2026-06-03T13:29:08.963+0000] {dag.py:3820} INFO - Setting next_dagrun for example_branch_python_operator_decorator to 2026-06-02T00:00:00+00:00, run_after=2026-06-03T00:00:00+00:00
[2026-06-03T13:29:08.974+0000] {processor.py:183} INFO - Processing /home/airflow/.local/lib/python3.8/site-packages/airflow/example_dags/example_branch_operator_decorator.py took 0.054 seconds
[2026-06-03T13:29:39.984+0000] {processor.py:161} INFO - Started process (PID=1745) to work on /home/airflow/.local/lib/python3.8/site-packages/airflow/example_dags/example_branch_operator_decorator.py
[2026-06-03T13:29:39.984+0000] {processor.py:830} INFO - Processing file /home/airflow/.local/lib/python3.8/site-packages/airflow/example_dags/example_branch_operator_decorator.py for tasks to queue
[2026-06-03T13:29:39.986+0000] {logging_mixin.py:188} INFO - [2026-06-03T13:29:39.986+0000] {dagbag.py:538} INFO - Filling up the DagBag from /home/airflow/.local/lib/python3.8/site-packages/airflow/example_dags/example_branch_operator_decorator.py
[2026-06-03T13:29:40.006+0000] {processor.py:840} INFO - DAG(s) 'example_branch_python_operator_decorator' retrieved from /home/airflow/.local/lib/python3.8/site-packages/airflow/example_dags/example_branch_operator_decorator.py
[2026-06-03T13:29:40.023+0000] {logging_mixin.py:188} INFO - [2026-06-03T13:29:40.023+0000] {dag.py:3033} INFO - Sync 1 DAGs
[2026-06-03T13:29:40.034+0000] {logging_mixin.py:188} INFO - [2026-06-03T13:29:40.034+0000] {dag.py:3820} INFO - Setting next_dagrun for example_branch_python_operator_decorator to 2026-06-02T00:00:00+00:00, run_after=2026-06-03T00:00:00+00:00
[2026-06-03T13:29:40.041+0000] {processor.py:183} INFO - Processing /home/airflow/.local/lib/python3.8/site-packages/airflow/example_dags/example_branch_operator_decorator.py took 0.060 seconds
[2026-06-03T13:30:10.518+0000] {processor.py:161} INFO - Started process (PID=1801) to work on /home/airflow/.local/lib/python3.8/site-packages/airflow/example_dags/example_branch_operator_decorator.py
[2026-06-03T13:30:10.519+0000] {processor.py:830} INFO - Processing file /home/airflow/.local/lib/python3.8/site-packages/airflow/example_dags/example_branch_operator_decorator.py for tasks to queue
[2026-06-03T13:30:10.521+0000] {logging_mixin.py:188} INFO - [2026-06-03T13:30:10.521+0000] {dagbag.py:538} INFO - Filling up the DagBag from /home/airflow/.local/lib/python3.8/site-packages/airflow/example_dags/example_branch_operator_decorator.py
[2026-06-03T13:30:10.531+0000] {processor.py:840} INFO - DAG(s) 'example_branch_python_operator_decorator' retrieved from /home/airflow/.local/lib/python3.8/site-packages/airflow/example_dags/example_branch_operator_decorator.py
[2026-06-03T13:30:10.544+0000] {logging_mixin.py:188} INFO - [2026-06-03T13:30:10.544+0000] {dag.py:3033} INFO - Sync 1 DAGs
[2026-06-03T13:30:10.554+0000] {logging_mixin.py:188} INFO - [2026-06-03T13:30:10.553+0000] {dag.py:3820} INFO - Setting next_dagrun for example_branch_python_operator_decorator to 2026-06-02T00:00:00+00:00, run_after=2026-06-03T00:00:00+00:00
[2026-06-03T13:30:10.561+0000] {processor.py:183} INFO - Processing /home/airflow/.local/lib/python3.8/site-packages/airflow/example_dags/example_branch_operator_decorator.py took 0.046 seconds
[2026-06-03T13:30:41.014+0000] {processor.py:161} INFO - Started process (PID=1857) to work on /home/airflow/.local/lib/python3.8/site-packages/airflow/example_dags/example_branch_operator_decorator.py
[2026-06-03T13:30:41.015+0000] {processor.py:830} INFO - Processing file /home/airflow/.local/lib/python3.8/site-packages/airflow/example_dags/example_branch_operator_decorator.py for tasks to queue
[2026-06-03T13:30:41.017+0000] {logging_mixin.py:188} INFO - [2026-06-03T13:30:41.016+0000] {dagbag.py:538} INFO - Filling up the DagBag from /home/airflow/.local/lib/python3.8/site-packages/airflow/example_dags/example_branch_operator_decorator.py
[2026-06-03T13:30:41.027+0000] {processor.py:840} INFO - DAG(s) 'example_branch_python_operator_decorator' retrieved from /home/airflow/.local/lib/python3.8/site-packages/airflow/example_dags/example_branch_operator_decorator.py
[2026-06-03T13:30:41.042+0000] {logging_mixin.py:188} INFO - [2026-06-03T13:30:41.042+0000] {dag.py:3033} INFO - Sync 1 DAGs
[2026-06-03T13:30:41.052+0000] {logging_mixin.py:188} INFO - [2026-06-03T13:30:41.052+0000] {dag.py:3820} INFO - Setting next_dagrun for example_branch_python_operator_decorator to 2026-06-02T00:00:00+00:00, run_after=2026-06-03T00:00:00+00:00
[2026-06-03T13:30:41.065+0000] {processor.py:183} INFO - Processing /home/airflow/.local/lib/python3.8/site-packages/airflow/example_dags/example_branch_operator_decorator.py took 0.054 seconds
[2026-06-03T13:31:12.230+0000] {processor.py:161} INFO - Started process (PID=1913) to work on /home/airflow/.local/lib/python3.8/site-packages/airflow/example_dags/example_branch_operator_decorator.py
[2026-06-03T13:31:12.232+0000] {processor.py:830} INFO - Processing file /home/airflow/.local/lib/python3.8/site-packages/airflow/example_dags/example_branch_operator_decorator.py for tasks to queue
[2026-06-03T13:31:12.233+0000] {logging_mixin.py:188} INFO - [2026-06-03T13:31:12.233+0000] {dagbag.py:538} INFO - Filling up the DagBag from /home/airflow/.local/lib/python3.8/site-packages/airflow/example_dags/example_branch_operator_decorator.py
[2026-06-03T13:31:12.243+0000] {processor.py:840} INFO - DAG(s) 'example_branch_python_operator_decorator' retrieved from /home/airflow/.local/lib/python3.8/site-packages/airflow/example_dags/example_branch_operator_decorator.py
[2026-06-03T13:31:12.269+0000] {logging_mixin.py:188} INFO - [2026-06-03T13:31:12.269+0000] {dag.py:3033} INFO - Sync 1 DAGs
[2026-06-03T13:31:12.281+0000] {logging_mixin.py:188} INFO - [2026-06-03T13:31:12.280+0000] {dag.py:3820} INFO - Setting next_dagrun for example_branch_python_operator_decorator to 2026-06-02T00:00:00+00:00, run_after=2026-06-03T00:00:00+00:00
[2026-06-03T13:31:12.293+0000] {processor.py:183} INFO - Processing /home/airflow/.local/lib/python3.8/site-packages/airflow/example_dags/example_branch_operator_decorator.py took 0.069 seconds
[2026-06-03T13:31:42.806+0000] {processor.py:161} INFO - Started process (PID=1969) to work on /home/airflow/.local/lib/python3.8/site-packages/airflow/example_dags/example_branch_operator_decorator.py
[2026-06-03T13:31:42.808+0000] {processor.py:830} INFO - Processing file /home/airflow/.local/lib/python3.8/site-packages/airflow/example_dags/example_branch_operator_decorator.py for tasks to queue
[2026-06-03T13:31:42.811+0000] {logging_mixin.py:188} INFO - [2026-06-03T13:31:42.811+0000] {dagbag.py:538} INFO - Filling up the DagBag from /home/airflow/.local/lib/python3.8/site-packages/airflow/example_dags/example_branch_operator_decorator.py
[2026-06-03T13:31:42.830+0000] {processor.py:840} INFO - DAG(s) 'example_branch_python_operator_decorator' retrieved from /home/airflow/.local/lib/python3.8/site-packages/airflow/example_dags/example_branch_operator_decorator.py
[2026-06-03T13:31:42.850+0000] {logging_mixin.py:188} INFO - [2026-06-03T13:31:42.849+0000] {dag.py:3033} INFO - Sync 1 DAGs
[2026-06-03T13:31:42.864+0000] {logging_mixin.py:188} INFO - [2026-06-03T13:31:42.864+0000] {dag.py:3820} INFO - Setting next_dagrun for example_branch_python_operator_decorator to 2026-06-02T00:00:00+00:00, run_after=2026-06-03T00:00:00+00:00
[2026-06-03T13:31:42.877+0000] {processor.py:183} INFO - Processing /home/airflow/.local/lib/python3.8/site-packages/airflow/example_dags/example_branch_operator_decorator.py took 0.085 seconds
[2026-06-03T13:32:12.995+0000] {processor.py:161} INFO - Started process (PID=2025) to work on /home/airflow/.local/lib/python3.8/site-packages/airflow/example_dags/example_branch_operator_decorator.py
[2026-06-03T13:32:12.996+0000] {processor.py:830} INFO - Processing file /home/airflow/.local/lib/python3.8/site-packages/airflow/example_dags/example_branch_operator_decorator.py for tasks to queue
[2026-06-03T13:32:12.997+0000] {logging_mixin.py:188} INFO - [2026-06-03T13:32:12.996+0000] {dagbag.py:538} INFO - Filling up the DagBag from /home/airflow/.local/lib/python3.8/site-packages/airflow/example_dags/example_branch_operator_decorator.py
[2026-06-03T13:32:13.006+0000] {processor.py:840} INFO - DAG(s) 'example_branch_python_operator_decorator' retrieved from /home/airflow/.local/lib/python3.8/site-packages/airflow/example_dags/example_branch_operator_decorator.py
[2026-06-03T13:32:13.035+0000] {logging_mixin.py:188} INFO - [2026-06-03T13:32:13.035+0000] {dag.py:3033} INFO - Sync 1 DAGs
[2026-06-03T13:32:13.048+0000] {logging_mixin.py:188} INFO - [2026-06-03T13:32:13.048+0000] {dag.py:3820} INFO - Setting next_dagrun for example_branch_python_operator_decorator to 2026-06-02T00:00:00+00:00, run_after=2026-06-03T00:00:00+00:00
[2026-06-03T13:32:13.055+0000] {processor.py:183} INFO - Processing /home/airflow/.local/lib/python3.8/site-packages/airflow/example_dags/example_branch_operator_decorator.py took 0.062 seconds
[2026-06-03T13:32:43.853+0000] {processor.py:161} INFO - Started process (PID=2081) to work on /home/airflow/.local/lib/python3.8/site-packages/airflow/example_dags/example_branch_operator_decorator.py
[2026-06-03T13:32:43.853+0000] {processor.py:830} INFO - Processing file /home/airflow/.local/lib/python3.8/site-packages/airflow/example_dags/example_branch_operator_decorator.py for tasks to queue
[2026-06-03T13:32:43.855+0000] {logging_mixin.py:188} INFO - [2026-06-03T13:32:43.854+0000] {dagbag.py:538} INFO - Filling up the DagBag from /home/airflow/.local/lib/python3.8/site-packages/airflow/example_dags/example_branch_operator_decorator.py
[2026-06-03T13:32:43.875+0000] {processor.py:840} INFO - DAG(s) 'example_branch_python_operator_decorator' retrieved from /home/airflow/.local/lib/python3.8/site-packages/airflow/example_dags/example_branch_operator_decorator.py
[2026-06-03T13:32:43.895+0000] {logging_mixin.py:188} INFO - [2026-06-03T13:32:43.895+0000] {dag.py:3033} INFO - Sync 1 DAGs
[2026-06-03T13:32:43.908+0000] {logging_mixin.py:188} INFO - [2026-06-03T13:32:43.908+0000] {dag.py:3820} INFO - Setting next_dagrun for example_branch_python_operator_decorator to 2026-06-02T00:00:00+00:00, run_after=2026-06-03T00:00:00+00:00
[2026-06-03T13:32:43.926+0000] {processor.py:183} INFO - Processing /home/airflow/.local/lib/python3.8/site-packages/airflow/example_dags/example_branch_operator_decorator.py took 0.075 seconds
[2026-06-03T13:33:14.412+0000] {processor.py:161} INFO - Started process (PID=2137) to work on /home/airflow/.local/lib/python3.8/site-packages/airflow/example_dags/example_branch_operator_decorator.py
[2026-06-03T13:33:14.413+0000] {processor.py:830} INFO - Processing file /home/airflow/.local/lib/python3.8/site-packages/airflow/example_dags/example_branch_operator_decorator.py for tasks to queue
[2026-06-03T13:33:14.415+0000] {logging_mixin.py:188} INFO - [2026-06-03T13:33:14.414+0000] {dagbag.py:538} INFO - Filling up the DagBag from /home/airflow/.local/lib/python3.8/site-packages/airflow/example_dags/example_branch_operator_decorator.py
[2026-06-03T13:33:14.427+0000] {processor.py:840} INFO - DAG(s) 'example_branch_python_operator_decorator' retrieved from /home/airflow/.local/lib/python3.8/site-packages/airflow/example_dags/example_branch_operator_decorator.py
[2026-06-03T13:33:14.443+0000] {logging_mixin.py:188} INFO - [2026-06-03T13:33:14.443+0000] {dag.py:3033} INFO - Sync 1 DAGs
[2026-06-03T13:33:14.452+0000] {logging_mixin.py:188} INFO - [2026-06-03T13:33:14.452+0000] {dag.py:3820} INFO - Setting next_dagrun for example_branch_python_operator_decorator to 2026-06-02T00:00:00+00:00, run_after=2026-06-03T00:00:00+00:00
[2026-06-03T13:33:14.631+0000] {processor.py:183} INFO - Processing /home/airflow/.local/lib/python3.8/site-packages/airflow/example_dags/example_branch_operator_decorator.py took 0.222 seconds
[2026-06-03T13:33:44.904+0000] {processor.py:161} INFO - Started process (PID=2193) to work on /home/airflow/.local/lib/python3.8/site-packages/airflow/example_dags/example_branch_operator_decorator.py
[2026-06-03T13:33:44.905+0000] {processor.py:830} INFO - Processing file /home/airflow/.local/lib/python3.8/site-packages/airflow/example_dags/example_branch_operator_decorator.py for tasks to queue
[2026-06-03T13:33:44.908+0000] {logging_mixin.py:188} INFO - [2026-06-03T13:33:44.908+0000] {dagbag.py:538} INFO - Filling up the DagBag from /home/airflow/.local/lib/python3.8/site-packages/airflow/example_dags/example_branch_operator_decorator.py
[2026-06-03T13:33:44.930+0000] {processor.py:840} INFO - DAG(s) 'example_branch_python_operator_decorator' retrieved from /home/airflow/.local/lib/python3.8/site-packages/airflow/example_dags/example_branch_operator_decorator.py
[2026-06-03T13:33:44.950+0000] {logging_mixin.py:188} INFO - [2026-06-03T13:33:44.950+0000] {dag.py:3033} INFO - Sync 1 DAGs
[2026-06-03T13:33:44.977+0000] {logging_mixin.py:188} INFO - [2026-06-03T13:33:44.977+0000] {dag.py:3820} INFO - Setting next_dagrun for example_branch_python_operator_decorator to 2026-06-02T00:00:00+00:00, run_after=2026-06-03T00:00:00+00:00
[2026-06-03T13:33:45.014+0000] {processor.py:183} INFO - Processing /home/airflow/.local/lib/python3.8/site-packages/airflow/example_dags/example_branch_operator_decorator.py took 0.114 seconds
[2026-06-03T13:34:15.791+0000] {processor.py:161} INFO - Started process (PID=2249) to work on /home/airflow/.local/lib/python3.8/site-packages/airflow/example_dags/example_branch_operator_decorator.py
[2026-06-03T13:34:15.792+0000] {processor.py:830} INFO - Processing file /home/airflow/.local/lib/python3.8/site-packages/airflow/example_dags/example_branch_operator_decorator.py for tasks to queue
[2026-06-03T13:34:15.795+0000] {logging_mixin.py:188} INFO - [2026-06-03T13:34:15.794+0000] {dagbag.py:538} INFO - Filling up the DagBag from /home/airflow/.local/lib/python3.8/site-packages/airflow/example_dags/example_branch_operator_decorator.py
[2026-06-03T13:34:15.807+0000] {processor.py:840} INFO - DAG(s) 'example_branch_python_operator_decorator' retrieved from /home/airflow/.local/lib/python3.8/site-packages/airflow/example_dags/example_branch_operator_decorator.py
[2026-06-03T13:34:15.824+0000] {logging_mixin.py:188} INFO - [2026-06-03T13:34:15.824+0000] {dag.py:3033} INFO - Sync 1 DAGs
[2026-06-03T13:34:15.836+0000] {logging_mixin.py:188} INFO - [2026-06-03T13:34:15.836+0000] {dag.py:3820} INFO - Setting next_dagrun for example_branch_python_operator_decorator to 2026-06-02T00:00:00+00:00, run_after=2026-06-03T00:00:00+00:00
[2026-06-03T13:34:15.847+0000] {processor.py:183} INFO - Processing /home/airflow/.local/lib/python3.8/site-packages/airflow/example_dags/example_branch_operator_decorator.py took 0.057 seconds
[2026-06-03T13:34:47.759+0000] {processor.py:161} INFO - Started process (PID=2305) to work on /home/airflow/.local/lib/python3.8/site-packages/airflow/example_dags/example_branch_operator_decorator.py
[2026-06-03T13:34:47.763+0000] {processor.py:830} INFO - Processing file /home/airflow/.local/lib/python3.8/site-packages/airflow/example_dags/example_branch_operator_decorator.py for tasks to queue
[2026-06-03T13:34:47.789+0000] {logging_mixin.py:188} INFO - [2026-06-03T13:34:47.786+0000] {dagbag.py:538} INFO - Filling up the DagBag from /home/airflow/.local/lib/python3.8/site-packages/airflow/example_dags/example_branch_operator_decorator.py
[2026-06-03T13:34:47.852+0000] {processor.py:840} INFO - DAG(s) 'example_branch_python_operator_decorator' retrieved from /home/airflow/.local/lib/python3.8/site-packages/airflow/example_dags/example_branch_operator_decorator.py
[2026-06-03T13:34:47.943+0000] {logging_mixin.py:188} INFO - [2026-06-03T13:34:47.942+0000] {dag.py:3033} INFO - Sync 1 DAGs
[2026-06-03T13:34:47.987+0000] {logging_mixin.py:188} INFO - [2026-06-03T13:34:47.986+0000] {dag.py:3820} INFO - Setting next_dagrun for example_branch_python_operator_decorator to 2026-06-02T00:00:00+00:00, run_after=2026-06-03T00:00:00+00:00
[2026-06-03T13:34:48.023+0000] {processor.py:183} INFO - Processing /home/airflow/.local/lib/python3.8/site-packages/airflow/example_dags/example_branch_operator_decorator.py took 0.274 seconds
[2026-06-03T13:35:18.857+0000] {processor.py:161} INFO - Started process (PID=2361) to work on /home/airflow/.local/lib/python3.8/site-packages/airflow/example_dags/example_branch_operator_decorator.py
[2026-06-03T13:35:18.859+0000] {processor.py:830} INFO - Processing file /home/airflow/.local/lib/python3.8/site-packages/airflow/example_dags/example_branch_operator_decorator.py for tasks to queue
[2026-06-03T13:35:18.860+0000] {logging_mixin.py:188} INFO - [2026-06-03T13:35:18.860+0000] {dagbag.py:538} INFO - Filling up the DagBag from /home/airflow/.local/lib/python3.8/site-packages/airflow/example_dags/example_branch_operator_decorator.py
[2026-06-03T13:35:18.872+0000] {processor.py:840} INFO - DAG(s) 'example_branch_python_operator_decorator' retrieved from /home/airflow/.local/lib/python3.8/site-packages/airflow/example_dags/example_branch_operator_decorator.py
[2026-06-03T13:35:18.883+0000] {logging_mixin.py:188} INFO - [2026-06-03T13:35:18.883+0000] {dag.py:3033} INFO - Sync 1 DAGs
[2026-06-03T13:35:19.035+0000] {logging_mixin.py:188} INFO - [2026-06-03T13:35:19.034+0000] {dag.py:3820} INFO - Setting next_dagrun for example_branch_python_operator_decorator to 2026-06-02T00:00:00+00:00, run_after=2026-06-03T00:00:00+00:00
[2026-06-03T13:35:19.041+0000] {processor.py:183} INFO - Processing /home/airflow/.local/lib/python3.8/site-packages/airflow/example_dags/example_branch_operator_decorator.py took 0.194 seconds
[2026-06-03T13:35:49.220+0000] {processor.py:161} INFO - Started process (PID=2417) to work on /home/airflow/.local/lib/python3.8/site-packages/airflow/example_dags/example_branch_operator_decorator.py
[2026-06-03T13:35:49.221+0000] {processor.py:830} INFO - Processing file /home/airflow/.local/lib/python3.8/site-packages/airflow/example_dags/example_branch_operator_decorator.py for tasks to queue
[2026-06-03T13:35:49.222+0000] {logging_mixin.py:188} INFO - [2026-06-03T13:35:49.222+0000] {dagbag.py:538} INFO - Filling up the DagBag from /home/airflow/.local/lib/python3.8/site-packages/airflow/example_dags/example_branch_operator_decorator.py
[2026-06-03T13:35:49.234+0000] {processor.py:840} INFO - DAG(s) 'example_branch_python_operator_decorator' retrieved from /home/airflow/.local/lib/python3.8/site-packages/airflow/example_dags/example_branch_operator_decorator.py
[2026-06-03T13:35:49.253+0000] {logging_mixin.py:188} INFO - [2026-06-03T13:35:49.253+0000] {dag.py:3033} INFO - Sync 1 DAGs
[2026-06-03T13:35:49.266+0000] {logging_mixin.py:188} INFO - [2026-06-03T13:35:49.266+0000] {dag.py:3820} INFO - Setting next_dagrun for example_branch_python_operator_decorator to 2026-06-02T00:00:00+00:00, run_after=2026-06-03T00:00:00+00:00
[2026-06-03T13:35:49.281+0000] {processor.py:183} INFO - Processing /home/airflow/.local/lib/python3.8/site-packages/airflow/example_dags/example_branch_operator_decorator.py took 0.064 seconds
[2026-06-03T13:36:19.741+0000] {processor.py:161} INFO - Started process (PID=2473) to work on /home/airflow/.local/lib/python3.8/site-packages/airflow/example_dags/example_branch_operator_decorator.py
[2026-06-03T13:36:19.742+0000] {processor.py:830} INFO - Processing file /home/airflow/.local/lib/python3.8/site-packages/airflow/example_dags/example_branch_operator_decorator.py for tasks to queue
[2026-06-03T13:36:19.744+0000] {logging_mixin.py:188} INFO - [2026-06-03T13:36:19.744+0000] {dagbag.py:538} INFO - Filling up the DagBag from /home/airflow/.local/lib/python3.8/site-packages/airflow/example_dags/example_branch_operator_decorator.py
[2026-06-03T13:36:19.755+0000] {processor.py:840} INFO - DAG(s) 'example_branch_python_operator_decorator' retrieved from /home/airflow/.local/lib/python3.8/site-packages/airflow/example_dags/example_branch_operator_decorator.py
[2026-06-03T13:36:19.781+0000] {logging_mixin.py:188} INFO - [2026-06-03T13:36:19.780+0000] {dag.py:3033} INFO - Sync 1 DAGs
[2026-06-03T13:36:19.795+0000] {logging_mixin.py:188} INFO - [2026-06-03T13:36:19.794+0000] {dag.py:3820} INFO - Setting next_dagrun for example_branch_python_operator_decorator to 2026-06-02T00:00:00+00:00, run_after=2026-06-03T00:00:00+00:00
[2026-06-03T13:36:19.805+0000] {processor.py:183} INFO - Processing /home/airflow/.local/lib/python3.8/site-packages/airflow/example_dags/example_branch_operator_decorator.py took 0.066 seconds
[2026-06-03T13:36:50.792+0000] {processor.py:161} INFO - Started process (PID=2529) to work on /home/airflow/.local/lib/python3.8/site-packages/airflow/example_dags/example_branch_operator_decorator.py
[2026-06-03T13:36:50.796+0000] {processor.py:830} INFO - Processing file /home/airflow/.local/lib/python3.8/site-packages/airflow/example_dags/example_branch_operator_decorator.py for tasks to queue
[2026-06-03T13:36:50.803+0000] {logging_mixin.py:188} INFO - [2026-06-03T13:36:50.802+0000] {dagbag.py:538} INFO - Filling up the DagBag from /home/airflow/.local/lib/python3.8/site-packages/airflow/example_dags/example_branch_operator_decorator.py
[2026-06-03T13:36:50.823+0000] {processor.py:840} INFO - DAG(s) 'example_branch_python_operator_decorator' retrieved from /home/airflow/.local/lib/python3.8/site-packages/airflow/example_dags/example_branch_operator_decorator.py
[2026-06-03T13:36:50.865+0000] {logging_mixin.py:188} INFO - [2026-06-03T13:36:50.865+0000] {dag.py:3033} INFO - Sync 1 DAGs
[2026-06-03T13:36:50.885+0000] {logging_mixin.py:188} INFO - [2026-06-03T13:36:50.884+0000] {dag.py:3820} INFO - Setting next_dagrun for example_branch_python_operator_decorator to 2026-06-02T00:00:00+00:00, run_after=2026-06-03T00:00:00+00:00
[2026-06-03T13:36:50.903+0000] {processor.py:183} INFO - Processing /home/airflow/.local/lib/python3.8/site-packages/airflow/example_dags/example_branch_operator_decorator.py took 0.124 seconds
[2026-06-03T13:37:21.836+0000] {processor.py:161} INFO - Started process (PID=2585) to work on /home/airflow/.local/lib/python3.8/site-packages/airflow/example_dags/example_branch_operator_decorator.py
[2026-06-03T13:37:21.838+0000] {processor.py:830} INFO - Processing file /home/airflow/.local/lib/python3.8/site-packages/airflow/example_dags/example_branch_operator_decorator.py for tasks to queue
[2026-06-03T13:37:21.840+0000] {logging_mixin.py:188} INFO - [2026-06-03T13:37:21.839+0000] {dagbag.py:538} INFO - Filling up the DagBag from /home/airflow/.local/lib/python3.8/site-packages/airflow/example_dags/example_branch_operator_decorator.py
[2026-06-03T13:37:21.851+0000] {processor.py:840} INFO - DAG(s) 'example_branch_python_operator_decorator' retrieved from /home/airflow/.local/lib/python3.8/site-packages/airflow/example_dags/example_branch_operator_decorator.py
[2026-06-03T13:37:21.868+0000] {logging_mixin.py:188} INFO - [2026-06-03T13:37:21.868+0000] {dag.py:3033} INFO - Sync 1 DAGs
[2026-06-03T13:37:21.956+0000] {logging_mixin.py:188} INFO - [2026-06-03T13:37:21.956+0000] {dag.py:3820} INFO - Setting next_dagrun for example_branch_python_operator_decorator to 2026-06-02T00:00:00+00:00, run_after=2026-06-03T00:00:00+00:00
[2026-06-03T13:37:21.966+0000] {processor.py:183} INFO - Processing /home/airflow/.local/lib/python3.8/site-packages/airflow/example_dags/example_branch_operator_decorator.py took 0.132 seconds
[2026-06-03T13:37:53.006+0000] {processor.py:161} INFO - Started process (PID=2641) to work on /home/airflow/.local/lib/python3.8/site-packages/airflow/example_dags/example_branch_operator_decorator.py
[2026-06-03T13:37:53.006+0000] {processor.py:830} INFO - Processing file /home/airflow/.local/lib/python3.8/site-packages/airflow/example_dags/example_branch_operator_decorator.py for tasks to queue
[2026-06-03T13:37:53.007+0000] {logging_mixin.py:188} INFO - [2026-06-03T13:37:53.007+0000] {dagbag.py:538} INFO - Filling up the DagBag from /home/airflow/.local/lib/python3.8/site-packages/airflow/example_dags/example_branch_operator_decorator.py
[2026-06-03T13:37:53.016+0000] {processor.py:840} INFO - DAG(s) 'example_branch_python_operator_decorator' retrieved from /home/airflow/.local/lib/python3.8/site-packages/airflow/example_dags/example_branch_operator_decorator.py
[2026-06-03T13:37:53.028+0000] {logging_mixin.py:188} INFO - [2026-06-03T13:37:53.028+0000] {dag.py:3033} INFO - Sync 1 DAGs
[2026-06-03T13:37:53.038+0000] {logging_mixin.py:188} INFO - [2026-06-03T13:37:53.038+0000] {dag.py:3820} INFO - Setting next_dagrun for example_branch_python_operator_decorator to 2026-06-02T00:00:00+00:00, run_after=2026-06-03T00:00:00+00:00
[2026-06-03T13:37:53.297+0000] {processor.py:183} INFO - Processing /home/airflow/.local/lib/python3.8/site-packages/airflow/example_dags/example_branch_operator_decorator.py took 0.295 seconds
[2026-06-03T13:38:23.632+0000] {processor.py:161} INFO - Started process (PID=2698) to work on /home/airflow/.local/lib/python3.8/site-packages/airflow/example_dags/example_branch_operator_decorator.py
[2026-06-03T13:38:23.632+0000] {processor.py:830} INFO - Processing file /home/airflow/.local/lib/python3.8/site-packages/airflow/example_dags/example_branch_operator_decorator.py for tasks to queue
[2026-06-03T13:38:23.633+0000] {logging_mixin.py:188} INFO - [2026-06-03T13:38:23.633+0000] {dagbag.py:538} INFO - Filling up the DagBag from /home/airflow/.local/lib/python3.8/site-packages/airflow/example_dags/example_branch_operator_decorator.py
[2026-06-03T13:38:23.642+0000] {processor.py:840} INFO - DAG(s) 'example_branch_python_operator_decorator' retrieved from /home/airflow/.local/lib/python3.8/site-packages/airflow/example_dags/example_branch_operator_decorator.py
[2026-06-03T13:38:23.653+0000] {logging_mixin.py:188} INFO - [2026-06-03T13:38:23.653+0000] {dag.py:3033} INFO - Sync 1 DAGs
[2026-06-03T13:38:23.661+0000] {logging_mixin.py:188} INFO - [2026-06-03T13:38:23.661+0000] {dag.py:3820} INFO - Setting next_dagrun for example_branch_python_operator_decorator to 2026-06-02T00:00:00+00:00, run_after=2026-06-03T00:00:00+00:00
[2026-06-03T13:38:23.667+0000] {processor.py:183} INFO - Processing /home/airflow/.local/lib/python3.8/site-packages/airflow/example_dags/example_branch_operator_decorator.py took 0.037 seconds
