[2026-06-03T11:48:42.527+0000] {processor.py:161} INFO - Started process (PID=73) to work on /home/airflow/.local/lib/python3.8/site-packages/airflow/example_dags/example_local_kubernetes_executor.py
[2026-06-03T11:48:42.529+0000] {processor.py:830} INFO - Processing file /home/airflow/.local/lib/python3.8/site-packages/airflow/example_dags/example_local_kubernetes_executor.py for tasks to queue
[2026-06-03T11:48:42.540+0000] {logging_mixin.py:188} INFO - [2026-06-03T11:48:42.538+0000] {dagbag.py:538} INFO - Filling up the DagBag from /home/airflow/.local/lib/python3.8/site-packages/airflow/example_dags/example_local_kubernetes_executor.py
[2026-06-03T11:48:42.590+0000] {processor.py:840} INFO - DAG(s) 'example_local_kubernetes_executor' retrieved from /home/airflow/.local/lib/python3.8/site-packages/airflow/example_dags/example_local_kubernetes_executor.py
[2026-06-03T11:48:42.629+0000] {logging_mixin.py:188} INFO - [2026-06-03T11:48:42.629+0000] {dag.py:3033} INFO - Sync 1 DAGs
[2026-06-03T11:48:42.667+0000] {logging_mixin.py:188} INFO - [2026-06-03T11:48:42.667+0000] {dag.py:3820} INFO - Setting next_dagrun for example_local_kubernetes_executor to None, run_after=None
[2026-06-03T11:48:42.685+0000] {processor.py:183} INFO - Processing /home/airflow/.local/lib/python3.8/site-packages/airflow/example_dags/example_local_kubernetes_executor.py took 0.163 seconds
[2026-06-03T11:49:13.167+0000] {processor.py:161} INFO - Started process (PID=128) to work on /home/airflow/.local/lib/python3.8/site-packages/airflow/example_dags/example_local_kubernetes_executor.py
[2026-06-03T11:49:13.167+0000] {processor.py:830} INFO - Processing file /home/airflow/.local/lib/python3.8/site-packages/airflow/example_dags/example_local_kubernetes_executor.py for tasks to queue
[2026-06-03T11:49:13.168+0000] {logging_mixin.py:188} INFO - [2026-06-03T11:49:13.168+0000] {dagbag.py:538} INFO - Filling up the DagBag from /home/airflow/.local/lib/python3.8/site-packages/airflow/example_dags/example_local_kubernetes_executor.py
[2026-06-03T11:49:13.172+0000] {processor.py:840} INFO - DAG(s) 'example_local_kubernetes_executor' retrieved from /home/airflow/.local/lib/python3.8/site-packages/airflow/example_dags/example_local_kubernetes_executor.py
[2026-06-03T11:49:13.223+0000] {logging_mixin.py:188} INFO - [2026-06-03T11:49:13.223+0000] {dag.py:3033} INFO - Sync 1 DAGs
[2026-06-03T11:49:13.230+0000] {logging_mixin.py:188} INFO - [2026-06-03T11:49:13.230+0000] {dag.py:3820} INFO - Setting next_dagrun for example_local_kubernetes_executor to None, run_after=None
[2026-06-03T11:49:13.245+0000] {processor.py:183} INFO - Processing /home/airflow/.local/lib/python3.8/site-packages/airflow/example_dags/example_local_kubernetes_executor.py took 0.079 seconds
[2026-06-03T11:49:44.138+0000] {processor.py:161} INFO - Started process (PID=183) to work on /home/airflow/.local/lib/python3.8/site-packages/airflow/example_dags/example_local_kubernetes_executor.py
[2026-06-03T11:49:44.142+0000] {processor.py:830} INFO - Processing file /home/airflow/.local/lib/python3.8/site-packages/airflow/example_dags/example_local_kubernetes_executor.py for tasks to queue
[2026-06-03T11:49:44.144+0000] {logging_mixin.py:188} INFO - [2026-06-03T11:49:44.143+0000] {dagbag.py:538} INFO - Filling up the DagBag from /home/airflow/.local/lib/python3.8/site-packages/airflow/example_dags/example_local_kubernetes_executor.py
[2026-06-03T11:49:44.148+0000] {processor.py:840} INFO - DAG(s) 'example_local_kubernetes_executor' retrieved from /home/airflow/.local/lib/python3.8/site-packages/airflow/example_dags/example_local_kubernetes_executor.py
[2026-06-03T11:49:44.175+0000] {logging_mixin.py:188} INFO - [2026-06-03T11:49:44.174+0000] {dag.py:3033} INFO - Sync 1 DAGs
[2026-06-03T11:49:44.191+0000] {logging_mixin.py:188} INFO - [2026-06-03T11:49:44.191+0000] {dag.py:3820} INFO - Setting next_dagrun for example_local_kubernetes_executor to None, run_after=None
[2026-06-03T11:49:44.210+0000] {processor.py:183} INFO - Processing /home/airflow/.local/lib/python3.8/site-packages/airflow/example_dags/example_local_kubernetes_executor.py took 0.074 seconds
[2026-06-03T11:50:15.209+0000] {processor.py:161} INFO - Started process (PID=238) to work on /home/airflow/.local/lib/python3.8/site-packages/airflow/example_dags/example_local_kubernetes_executor.py
[2026-06-03T11:50:15.211+0000] {processor.py:830} INFO - Processing file /home/airflow/.local/lib/python3.8/site-packages/airflow/example_dags/example_local_kubernetes_executor.py for tasks to queue
[2026-06-03T11:50:15.213+0000] {logging_mixin.py:188} INFO - [2026-06-03T11:50:15.213+0000] {dagbag.py:538} INFO - Filling up the DagBag from /home/airflow/.local/lib/python3.8/site-packages/airflow/example_dags/example_local_kubernetes_executor.py
[2026-06-03T11:50:15.219+0000] {processor.py:840} INFO - DAG(s) 'example_local_kubernetes_executor' retrieved from /home/airflow/.local/lib/python3.8/site-packages/airflow/example_dags/example_local_kubernetes_executor.py
[2026-06-03T11:50:15.241+0000] {logging_mixin.py:188} INFO - [2026-06-03T11:50:15.241+0000] {dag.py:3033} INFO - Sync 1 DAGs
[2026-06-03T11:50:15.248+0000] {logging_mixin.py:188} INFO - [2026-06-03T11:50:15.248+0000] {dag.py:3820} INFO - Setting next_dagrun for example_local_kubernetes_executor to None, run_after=None
[2026-06-03T11:50:15.257+0000] {processor.py:183} INFO - Processing /home/airflow/.local/lib/python3.8/site-packages/airflow/example_dags/example_local_kubernetes_executor.py took 0.051 seconds
[2026-06-03T11:50:45.423+0000] {processor.py:161} INFO - Started process (PID=293) to work on /home/airflow/.local/lib/python3.8/site-packages/airflow/example_dags/example_local_kubernetes_executor.py
[2026-06-03T11:50:45.429+0000] {processor.py:830} INFO - Processing file /home/airflow/.local/lib/python3.8/site-packages/airflow/example_dags/example_local_kubernetes_executor.py for tasks to queue
[2026-06-03T11:50:45.441+0000] {logging_mixin.py:188} INFO - [2026-06-03T11:50:45.439+0000] {dagbag.py:538} INFO - Filling up the DagBag from /home/airflow/.local/lib/python3.8/site-packages/airflow/example_dags/example_local_kubernetes_executor.py
[2026-06-03T11:50:45.462+0000] {processor.py:840} INFO - DAG(s) 'example_local_kubernetes_executor' retrieved from /home/airflow/.local/lib/python3.8/site-packages/airflow/example_dags/example_local_kubernetes_executor.py
[2026-06-03T11:50:45.496+0000] {logging_mixin.py:188} INFO - [2026-06-03T11:50:45.496+0000] {dag.py:3033} INFO - Sync 1 DAGs
[2026-06-03T11:50:45.530+0000] {logging_mixin.py:188} INFO - [2026-06-03T11:50:45.530+0000] {dag.py:3820} INFO - Setting next_dagrun for example_local_kubernetes_executor to None, run_after=None
[2026-06-03T11:50:45.544+0000] {processor.py:183} INFO - Processing /home/airflow/.local/lib/python3.8/site-packages/airflow/example_dags/example_local_kubernetes_executor.py took 0.126 seconds
[2026-06-03T11:51:15.670+0000] {processor.py:161} INFO - Started process (PID=347) to work on /home/airflow/.local/lib/python3.8/site-packages/airflow/example_dags/example_local_kubernetes_executor.py
[2026-06-03T11:51:15.672+0000] {processor.py:830} INFO - Processing file /home/airflow/.local/lib/python3.8/site-packages/airflow/example_dags/example_local_kubernetes_executor.py for tasks to queue
[2026-06-03T11:51:15.679+0000] {logging_mixin.py:188} INFO - [2026-06-03T11:51:15.678+0000] {dagbag.py:538} INFO - Filling up the DagBag from /home/airflow/.local/lib/python3.8/site-packages/airflow/example_dags/example_local_kubernetes_executor.py
[2026-06-03T11:51:15.691+0000] {processor.py:840} INFO - DAG(s) 'example_local_kubernetes_executor' retrieved from /home/airflow/.local/lib/python3.8/site-packages/airflow/example_dags/example_local_kubernetes_executor.py
[2026-06-03T11:51:15.743+0000] {logging_mixin.py:188} INFO - [2026-06-03T11:51:15.743+0000] {dag.py:3033} INFO - Sync 1 DAGs
[2026-06-03T11:51:15.753+0000] {logging_mixin.py:188} INFO - [2026-06-03T11:51:15.753+0000] {dag.py:3820} INFO - Setting next_dagrun for example_local_kubernetes_executor to None, run_after=None
[2026-06-03T11:51:15.769+0000] {processor.py:183} INFO - Processing /home/airflow/.local/lib/python3.8/site-packages/airflow/example_dags/example_local_kubernetes_executor.py took 0.108 seconds
[2026-06-03T11:51:46.201+0000] {processor.py:161} INFO - Started process (PID=403) to work on /home/airflow/.local/lib/python3.8/site-packages/airflow/example_dags/example_local_kubernetes_executor.py
[2026-06-03T11:51:46.203+0000] {processor.py:830} INFO - Processing file /home/airflow/.local/lib/python3.8/site-packages/airflow/example_dags/example_local_kubernetes_executor.py for tasks to queue
[2026-06-03T11:51:46.209+0000] {logging_mixin.py:188} INFO - [2026-06-03T11:51:46.209+0000] {dagbag.py:538} INFO - Filling up the DagBag from /home/airflow/.local/lib/python3.8/site-packages/airflow/example_dags/example_local_kubernetes_executor.py
[2026-06-03T11:51:46.226+0000] {processor.py:840} INFO - DAG(s) 'example_local_kubernetes_executor' retrieved from /home/airflow/.local/lib/python3.8/site-packages/airflow/example_dags/example_local_kubernetes_executor.py
[2026-06-03T11:51:46.266+0000] {logging_mixin.py:188} INFO - [2026-06-03T11:51:46.266+0000] {dag.py:3033} INFO - Sync 1 DAGs
[2026-06-03T11:51:46.283+0000] {logging_mixin.py:188} INFO - [2026-06-03T11:51:46.283+0000] {dag.py:3820} INFO - Setting next_dagrun for example_local_kubernetes_executor to None, run_after=None
[2026-06-03T11:51:46.296+0000] {processor.py:183} INFO - Processing /home/airflow/.local/lib/python3.8/site-packages/airflow/example_dags/example_local_kubernetes_executor.py took 0.104 seconds
[2026-06-03T11:52:16.530+0000] {processor.py:161} INFO - Started process (PID=458) to work on /home/airflow/.local/lib/python3.8/site-packages/airflow/example_dags/example_local_kubernetes_executor.py
[2026-06-03T11:52:16.532+0000] {processor.py:830} INFO - Processing file /home/airflow/.local/lib/python3.8/site-packages/airflow/example_dags/example_local_kubernetes_executor.py for tasks to queue
[2026-06-03T11:52:16.535+0000] {logging_mixin.py:188} INFO - [2026-06-03T11:52:16.534+0000] {dagbag.py:538} INFO - Filling up the DagBag from /home/airflow/.local/lib/python3.8/site-packages/airflow/example_dags/example_local_kubernetes_executor.py
[2026-06-03T11:52:16.543+0000] {processor.py:840} INFO - DAG(s) 'example_local_kubernetes_executor' retrieved from /home/airflow/.local/lib/python3.8/site-packages/airflow/example_dags/example_local_kubernetes_executor.py
[2026-06-03T11:52:16.582+0000] {logging_mixin.py:188} INFO - [2026-06-03T11:52:16.582+0000] {dag.py:3033} INFO - Sync 1 DAGs
[2026-06-03T11:52:16.593+0000] {logging_mixin.py:188} INFO - [2026-06-03T11:52:16.593+0000] {dag.py:3820} INFO - Setting next_dagrun for example_local_kubernetes_executor to None, run_after=None
[2026-06-03T11:52:16.611+0000] {processor.py:183} INFO - Processing /home/airflow/.local/lib/python3.8/site-packages/airflow/example_dags/example_local_kubernetes_executor.py took 0.085 seconds
[2026-06-03T11:52:47.100+0000] {processor.py:161} INFO - Started process (PID=513) to work on /home/airflow/.local/lib/python3.8/site-packages/airflow/example_dags/example_local_kubernetes_executor.py
[2026-06-03T11:52:47.101+0000] {processor.py:830} INFO - Processing file /home/airflow/.local/lib/python3.8/site-packages/airflow/example_dags/example_local_kubernetes_executor.py for tasks to queue
[2026-06-03T11:52:47.104+0000] {logging_mixin.py:188} INFO - [2026-06-03T11:52:47.104+0000] {dagbag.py:538} INFO - Filling up the DagBag from /home/airflow/.local/lib/python3.8/site-packages/airflow/example_dags/example_local_kubernetes_executor.py
[2026-06-03T11:52:47.111+0000] {processor.py:840} INFO - DAG(s) 'example_local_kubernetes_executor' retrieved from /home/airflow/.local/lib/python3.8/site-packages/airflow/example_dags/example_local_kubernetes_executor.py
[2026-06-03T11:52:47.144+0000] {logging_mixin.py:188} INFO - [2026-06-03T11:52:47.144+0000] {dag.py:3033} INFO - Sync 1 DAGs
[2026-06-03T11:52:47.151+0000] {logging_mixin.py:188} INFO - [2026-06-03T11:52:47.151+0000] {dag.py:3820} INFO - Setting next_dagrun for example_local_kubernetes_executor to None, run_after=None
[2026-06-03T11:52:47.161+0000] {processor.py:183} INFO - Processing /home/airflow/.local/lib/python3.8/site-packages/airflow/example_dags/example_local_kubernetes_executor.py took 0.064 seconds
[2026-06-03T11:53:17.500+0000] {processor.py:161} INFO - Started process (PID=568) to work on /home/airflow/.local/lib/python3.8/site-packages/airflow/example_dags/example_local_kubernetes_executor.py
[2026-06-03T11:53:17.501+0000] {processor.py:830} INFO - Processing file /home/airflow/.local/lib/python3.8/site-packages/airflow/example_dags/example_local_kubernetes_executor.py for tasks to queue
[2026-06-03T11:53:17.504+0000] {logging_mixin.py:188} INFO - [2026-06-03T11:53:17.504+0000] {dagbag.py:538} INFO - Filling up the DagBag from /home/airflow/.local/lib/python3.8/site-packages/airflow/example_dags/example_local_kubernetes_executor.py
[2026-06-03T11:53:17.529+0000] {processor.py:840} INFO - DAG(s) 'example_local_kubernetes_executor' retrieved from /home/airflow/.local/lib/python3.8/site-packages/airflow/example_dags/example_local_kubernetes_executor.py
[2026-06-03T11:53:17.596+0000] {logging_mixin.py:188} INFO - [2026-06-03T11:53:17.596+0000] {dag.py:3033} INFO - Sync 1 DAGs
[2026-06-03T11:53:17.606+0000] {logging_mixin.py:188} INFO - [2026-06-03T11:53:17.606+0000] {dag.py:3820} INFO - Setting next_dagrun for example_local_kubernetes_executor to None, run_after=None
[2026-06-03T11:53:17.623+0000] {processor.py:183} INFO - Processing /home/airflow/.local/lib/python3.8/site-packages/airflow/example_dags/example_local_kubernetes_executor.py took 0.126 seconds
[2026-06-03T11:53:48.346+0000] {processor.py:161} INFO - Started process (PID=623) to work on /home/airflow/.local/lib/python3.8/site-packages/airflow/example_dags/example_local_kubernetes_executor.py
[2026-06-03T11:53:48.347+0000] {processor.py:830} INFO - Processing file /home/airflow/.local/lib/python3.8/site-packages/airflow/example_dags/example_local_kubernetes_executor.py for tasks to queue
[2026-06-03T11:53:48.348+0000] {logging_mixin.py:188} INFO - [2026-06-03T11:53:48.348+0000] {dagbag.py:538} INFO - Filling up the DagBag from /home/airflow/.local/lib/python3.8/site-packages/airflow/example_dags/example_local_kubernetes_executor.py
[2026-06-03T11:53:48.354+0000] {processor.py:840} INFO - DAG(s) 'example_local_kubernetes_executor' retrieved from /home/airflow/.local/lib/python3.8/site-packages/airflow/example_dags/example_local_kubernetes_executor.py
[2026-06-03T11:53:48.372+0000] {logging_mixin.py:188} INFO - [2026-06-03T11:53:48.372+0000] {dag.py:3033} INFO - Sync 1 DAGs
[2026-06-03T11:53:48.378+0000] {logging_mixin.py:188} INFO - [2026-06-03T11:53:48.378+0000] {dag.py:3820} INFO - Setting next_dagrun for example_local_kubernetes_executor to None, run_after=None
[2026-06-03T11:53:48.386+0000] {processor.py:183} INFO - Processing /home/airflow/.local/lib/python3.8/site-packages/airflow/example_dags/example_local_kubernetes_executor.py took 0.045 seconds
[2026-06-03T11:54:19.346+0000] {processor.py:161} INFO - Started process (PID=678) to work on /home/airflow/.local/lib/python3.8/site-packages/airflow/example_dags/example_local_kubernetes_executor.py
[2026-06-03T11:54:19.347+0000] {processor.py:830} INFO - Processing file /home/airflow/.local/lib/python3.8/site-packages/airflow/example_dags/example_local_kubernetes_executor.py for tasks to queue
[2026-06-03T11:54:19.350+0000] {logging_mixin.py:188} INFO - [2026-06-03T11:54:19.350+0000] {dagbag.py:538} INFO - Filling up the DagBag from /home/airflow/.local/lib/python3.8/site-packages/airflow/example_dags/example_local_kubernetes_executor.py
[2026-06-03T11:54:19.360+0000] {processor.py:840} INFO - DAG(s) 'example_local_kubernetes_executor' retrieved from /home/airflow/.local/lib/python3.8/site-packages/airflow/example_dags/example_local_kubernetes_executor.py
[2026-06-03T11:54:19.401+0000] {logging_mixin.py:188} INFO - [2026-06-03T11:54:19.400+0000] {dag.py:3033} INFO - Sync 1 DAGs
[2026-06-03T11:54:19.412+0000] {logging_mixin.py:188} INFO - [2026-06-03T11:54:19.412+0000] {dag.py:3820} INFO - Setting next_dagrun for example_local_kubernetes_executor to None, run_after=None
[2026-06-03T11:54:19.439+0000] {processor.py:183} INFO - Processing /home/airflow/.local/lib/python3.8/site-packages/airflow/example_dags/example_local_kubernetes_executor.py took 0.097 seconds
[2026-06-03T11:54:50.382+0000] {processor.py:161} INFO - Started process (PID=733) to work on /home/airflow/.local/lib/python3.8/site-packages/airflow/example_dags/example_local_kubernetes_executor.py
[2026-06-03T11:54:50.383+0000] {processor.py:830} INFO - Processing file /home/airflow/.local/lib/python3.8/site-packages/airflow/example_dags/example_local_kubernetes_executor.py for tasks to queue
[2026-06-03T11:54:50.387+0000] {logging_mixin.py:188} INFO - [2026-06-03T11:54:50.387+0000] {dagbag.py:538} INFO - Filling up the DagBag from /home/airflow/.local/lib/python3.8/site-packages/airflow/example_dags/example_local_kubernetes_executor.py
[2026-06-03T11:54:50.404+0000] {processor.py:840} INFO - DAG(s) 'example_local_kubernetes_executor' retrieved from /home/airflow/.local/lib/python3.8/site-packages/airflow/example_dags/example_local_kubernetes_executor.py
[2026-06-03T11:54:50.436+0000] {logging_mixin.py:188} INFO - [2026-06-03T11:54:50.436+0000] {dag.py:3033} INFO - Sync 1 DAGs
[2026-06-03T11:54:50.449+0000] {logging_mixin.py:188} INFO - [2026-06-03T11:54:50.449+0000] {dag.py:3820} INFO - Setting next_dagrun for example_local_kubernetes_executor to None, run_after=None
[2026-06-03T11:54:50.462+0000] {processor.py:183} INFO - Processing /home/airflow/.local/lib/python3.8/site-packages/airflow/example_dags/example_local_kubernetes_executor.py took 0.083 seconds
[2026-06-03T11:55:20.690+0000] {processor.py:161} INFO - Started process (PID=787) to work on /home/airflow/.local/lib/python3.8/site-packages/airflow/example_dags/example_local_kubernetes_executor.py
[2026-06-03T11:55:20.694+0000] {processor.py:830} INFO - Processing file /home/airflow/.local/lib/python3.8/site-packages/airflow/example_dags/example_local_kubernetes_executor.py for tasks to queue
[2026-06-03T11:55:20.698+0000] {logging_mixin.py:188} INFO - [2026-06-03T11:55:20.698+0000] {dagbag.py:538} INFO - Filling up the DagBag from /home/airflow/.local/lib/python3.8/site-packages/airflow/example_dags/example_local_kubernetes_executor.py
[2026-06-03T11:55:20.709+0000] {processor.py:840} INFO - DAG(s) 'example_local_kubernetes_executor' retrieved from /home/airflow/.local/lib/python3.8/site-packages/airflow/example_dags/example_local_kubernetes_executor.py
[2026-06-03T11:55:20.741+0000] {logging_mixin.py:188} INFO - [2026-06-03T11:55:20.740+0000] {dag.py:3033} INFO - Sync 1 DAGs
[2026-06-03T11:55:20.747+0000] {logging_mixin.py:188} INFO - [2026-06-03T11:55:20.747+0000] {dag.py:3820} INFO - Setting next_dagrun for example_local_kubernetes_executor to None, run_after=None
[2026-06-03T11:55:20.762+0000] {processor.py:183} INFO - Processing /home/airflow/.local/lib/python3.8/site-packages/airflow/example_dags/example_local_kubernetes_executor.py took 0.085 seconds
[2026-06-03T11:55:50.788+0000] {processor.py:161} INFO - Started process (PID=842) to work on /home/airflow/.local/lib/python3.8/site-packages/airflow/example_dags/example_local_kubernetes_executor.py
[2026-06-03T11:55:50.790+0000] {processor.py:830} INFO - Processing file /home/airflow/.local/lib/python3.8/site-packages/airflow/example_dags/example_local_kubernetes_executor.py for tasks to queue
[2026-06-03T11:55:50.793+0000] {logging_mixin.py:188} INFO - [2026-06-03T11:55:50.793+0000] {dagbag.py:538} INFO - Filling up the DagBag from /home/airflow/.local/lib/python3.8/site-packages/airflow/example_dags/example_local_kubernetes_executor.py
[2026-06-03T11:55:50.802+0000] {processor.py:840} INFO - DAG(s) 'example_local_kubernetes_executor' retrieved from /home/airflow/.local/lib/python3.8/site-packages/airflow/example_dags/example_local_kubernetes_executor.py
[2026-06-03T11:55:50.851+0000] {logging_mixin.py:188} INFO - [2026-06-03T11:55:50.851+0000] {dag.py:3033} INFO - Sync 1 DAGs
[2026-06-03T11:55:50.858+0000] {logging_mixin.py:188} INFO - [2026-06-03T11:55:50.858+0000] {dag.py:3820} INFO - Setting next_dagrun for example_local_kubernetes_executor to None, run_after=None
[2026-06-03T11:55:50.867+0000] {processor.py:183} INFO - Processing /home/airflow/.local/lib/python3.8/site-packages/airflow/example_dags/example_local_kubernetes_executor.py took 0.083 seconds
[2026-06-03T11:56:21.792+0000] {processor.py:161} INFO - Started process (PID=897) to work on /home/airflow/.local/lib/python3.8/site-packages/airflow/example_dags/example_local_kubernetes_executor.py
[2026-06-03T11:56:21.794+0000] {processor.py:830} INFO - Processing file /home/airflow/.local/lib/python3.8/site-packages/airflow/example_dags/example_local_kubernetes_executor.py for tasks to queue
[2026-06-03T11:56:21.798+0000] {logging_mixin.py:188} INFO - [2026-06-03T11:56:21.797+0000] {dagbag.py:538} INFO - Filling up the DagBag from /home/airflow/.local/lib/python3.8/site-packages/airflow/example_dags/example_local_kubernetes_executor.py
[2026-06-03T11:56:21.809+0000] {processor.py:840} INFO - DAG(s) 'example_local_kubernetes_executor' retrieved from /home/airflow/.local/lib/python3.8/site-packages/airflow/example_dags/example_local_kubernetes_executor.py
[2026-06-03T11:56:21.865+0000] {logging_mixin.py:188} INFO - [2026-06-03T11:56:21.865+0000] {dag.py:3033} INFO - Sync 1 DAGs
[2026-06-03T11:56:21.873+0000] {logging_mixin.py:188} INFO - [2026-06-03T11:56:21.873+0000] {dag.py:3820} INFO - Setting next_dagrun for example_local_kubernetes_executor to None, run_after=None
[2026-06-03T11:56:21.895+0000] {processor.py:183} INFO - Processing /home/airflow/.local/lib/python3.8/site-packages/airflow/example_dags/example_local_kubernetes_executor.py took 0.106 seconds
[2026-06-03T11:56:52.133+0000] {processor.py:161} INFO - Started process (PID=952) to work on /home/airflow/.local/lib/python3.8/site-packages/airflow/example_dags/example_local_kubernetes_executor.py
[2026-06-03T11:56:52.142+0000] {processor.py:830} INFO - Processing file /home/airflow/.local/lib/python3.8/site-packages/airflow/example_dags/example_local_kubernetes_executor.py for tasks to queue
[2026-06-03T11:56:52.149+0000] {logging_mixin.py:188} INFO - [2026-06-03T11:56:52.149+0000] {dagbag.py:538} INFO - Filling up the DagBag from /home/airflow/.local/lib/python3.8/site-packages/airflow/example_dags/example_local_kubernetes_executor.py
[2026-06-03T11:56:52.172+0000] {processor.py:840} INFO - DAG(s) 'example_local_kubernetes_executor' retrieved from /home/airflow/.local/lib/python3.8/site-packages/airflow/example_dags/example_local_kubernetes_executor.py
[2026-06-03T11:56:52.241+0000] {logging_mixin.py:188} INFO - [2026-06-03T11:56:52.241+0000] {dag.py:3033} INFO - Sync 1 DAGs
[2026-06-03T11:56:52.247+0000] {logging_mixin.py:188} INFO - [2026-06-03T11:56:52.247+0000] {dag.py:3820} INFO - Setting next_dagrun for example_local_kubernetes_executor to None, run_after=None
[2026-06-03T11:56:52.256+0000] {processor.py:183} INFO - Processing /home/airflow/.local/lib/python3.8/site-packages/airflow/example_dags/example_local_kubernetes_executor.py took 0.138 seconds
[2026-06-03T11:57:22.336+0000] {processor.py:161} INFO - Started process (PID=1007) to work on /home/airflow/.local/lib/python3.8/site-packages/airflow/example_dags/example_local_kubernetes_executor.py
[2026-06-03T11:57:22.342+0000] {processor.py:830} INFO - Processing file /home/airflow/.local/lib/python3.8/site-packages/airflow/example_dags/example_local_kubernetes_executor.py for tasks to queue
[2026-06-03T11:57:22.348+0000] {logging_mixin.py:188} INFO - [2026-06-03T11:57:22.348+0000] {dagbag.py:538} INFO - Filling up the DagBag from /home/airflow/.local/lib/python3.8/site-packages/airflow/example_dags/example_local_kubernetes_executor.py
[2026-06-03T11:57:22.361+0000] {processor.py:840} INFO - DAG(s) 'example_local_kubernetes_executor' retrieved from /home/airflow/.local/lib/python3.8/site-packages/airflow/example_dags/example_local_kubernetes_executor.py
[2026-06-03T11:57:22.410+0000] {logging_mixin.py:188} INFO - [2026-06-03T11:57:22.410+0000] {dag.py:3033} INFO - Sync 1 DAGs
[2026-06-03T11:57:22.418+0000] {logging_mixin.py:188} INFO - [2026-06-03T11:57:22.418+0000] {dag.py:3820} INFO - Setting next_dagrun for example_local_kubernetes_executor to None, run_after=None
[2026-06-03T11:57:22.431+0000] {processor.py:183} INFO - Processing /home/airflow/.local/lib/python3.8/site-packages/airflow/example_dags/example_local_kubernetes_executor.py took 0.108 seconds
[2026-06-03T11:57:52.605+0000] {processor.py:161} INFO - Started process (PID=1062) to work on /home/airflow/.local/lib/python3.8/site-packages/airflow/example_dags/example_local_kubernetes_executor.py
[2026-06-03T11:57:52.606+0000] {processor.py:830} INFO - Processing file /home/airflow/.local/lib/python3.8/site-packages/airflow/example_dags/example_local_kubernetes_executor.py for tasks to queue
[2026-06-03T11:57:52.612+0000] {logging_mixin.py:188} INFO - [2026-06-03T11:57:52.611+0000] {dagbag.py:538} INFO - Filling up the DagBag from /home/airflow/.local/lib/python3.8/site-packages/airflow/example_dags/example_local_kubernetes_executor.py
[2026-06-03T11:57:52.636+0000] {processor.py:840} INFO - DAG(s) 'example_local_kubernetes_executor' retrieved from /home/airflow/.local/lib/python3.8/site-packages/airflow/example_dags/example_local_kubernetes_executor.py
[2026-06-03T11:57:52.692+0000] {logging_mixin.py:188} INFO - [2026-06-03T11:57:52.692+0000] {dag.py:3033} INFO - Sync 1 DAGs
[2026-06-03T11:57:52.702+0000] {logging_mixin.py:188} INFO - [2026-06-03T11:57:52.702+0000] {dag.py:3820} INFO - Setting next_dagrun for example_local_kubernetes_executor to None, run_after=None
[2026-06-03T11:57:52.713+0000] {processor.py:183} INFO - Processing /home/airflow/.local/lib/python3.8/site-packages/airflow/example_dags/example_local_kubernetes_executor.py took 0.115 seconds
[2026-06-03T11:58:23.619+0000] {processor.py:161} INFO - Started process (PID=1117) to work on /home/airflow/.local/lib/python3.8/site-packages/airflow/example_dags/example_local_kubernetes_executor.py
[2026-06-03T11:58:23.626+0000] {processor.py:830} INFO - Processing file /home/airflow/.local/lib/python3.8/site-packages/airflow/example_dags/example_local_kubernetes_executor.py for tasks to queue
[2026-06-03T11:58:23.640+0000] {logging_mixin.py:188} INFO - [2026-06-03T11:58:23.638+0000] {dagbag.py:538} INFO - Filling up the DagBag from /home/airflow/.local/lib/python3.8/site-packages/airflow/example_dags/example_local_kubernetes_executor.py
[2026-06-03T11:58:23.655+0000] {processor.py:840} INFO - DAG(s) 'example_local_kubernetes_executor' retrieved from /home/airflow/.local/lib/python3.8/site-packages/airflow/example_dags/example_local_kubernetes_executor.py
[2026-06-03T11:58:23.698+0000] {logging_mixin.py:188} INFO - [2026-06-03T11:58:23.697+0000] {dag.py:3033} INFO - Sync 1 DAGs
[2026-06-03T11:58:23.710+0000] {logging_mixin.py:188} INFO - [2026-06-03T11:58:23.710+0000] {dag.py:3820} INFO - Setting next_dagrun for example_local_kubernetes_executor to None, run_after=None
[2026-06-03T11:58:23.719+0000] {processor.py:183} INFO - Processing /home/airflow/.local/lib/python3.8/site-packages/airflow/example_dags/example_local_kubernetes_executor.py took 0.109 seconds
[2026-06-03T11:58:54.533+0000] {processor.py:161} INFO - Started process (PID=1173) to work on /home/airflow/.local/lib/python3.8/site-packages/airflow/example_dags/example_local_kubernetes_executor.py
[2026-06-03T11:58:54.535+0000] {processor.py:830} INFO - Processing file /home/airflow/.local/lib/python3.8/site-packages/airflow/example_dags/example_local_kubernetes_executor.py for tasks to queue
[2026-06-03T11:58:54.544+0000] {logging_mixin.py:188} INFO - [2026-06-03T11:58:54.543+0000] {dagbag.py:538} INFO - Filling up the DagBag from /home/airflow/.local/lib/python3.8/site-packages/airflow/example_dags/example_local_kubernetes_executor.py
[2026-06-03T11:58:54.566+0000] {processor.py:840} INFO - DAG(s) 'example_local_kubernetes_executor' retrieved from /home/airflow/.local/lib/python3.8/site-packages/airflow/example_dags/example_local_kubernetes_executor.py
[2026-06-03T11:58:54.604+0000] {logging_mixin.py:188} INFO - [2026-06-03T11:58:54.604+0000] {dag.py:3033} INFO - Sync 1 DAGs
[2026-06-03T11:58:54.613+0000] {logging_mixin.py:188} INFO - [2026-06-03T11:58:54.613+0000] {dag.py:3820} INFO - Setting next_dagrun for example_local_kubernetes_executor to None, run_after=None
[2026-06-03T11:58:54.630+0000] {processor.py:183} INFO - Processing /home/airflow/.local/lib/python3.8/site-packages/airflow/example_dags/example_local_kubernetes_executor.py took 0.101 seconds
[2026-06-03T11:59:24.856+0000] {processor.py:161} INFO - Started process (PID=1229) to work on /home/airflow/.local/lib/python3.8/site-packages/airflow/example_dags/example_local_kubernetes_executor.py
[2026-06-03T11:59:24.858+0000] {processor.py:830} INFO - Processing file /home/airflow/.local/lib/python3.8/site-packages/airflow/example_dags/example_local_kubernetes_executor.py for tasks to queue
[2026-06-03T11:59:24.864+0000] {logging_mixin.py:188} INFO - [2026-06-03T11:59:24.864+0000] {dagbag.py:538} INFO - Filling up the DagBag from /home/airflow/.local/lib/python3.8/site-packages/airflow/example_dags/example_local_kubernetes_executor.py
[2026-06-03T11:59:24.882+0000] {processor.py:840} INFO - DAG(s) 'example_local_kubernetes_executor' retrieved from /home/airflow/.local/lib/python3.8/site-packages/airflow/example_dags/example_local_kubernetes_executor.py
[2026-06-03T11:59:24.927+0000] {logging_mixin.py:188} INFO - [2026-06-03T11:59:24.927+0000] {dag.py:3033} INFO - Sync 1 DAGs
[2026-06-03T11:59:24.952+0000] {logging_mixin.py:188} INFO - [2026-06-03T11:59:24.951+0000] {dag.py:3820} INFO - Setting next_dagrun for example_local_kubernetes_executor to None, run_after=None
[2026-06-03T11:59:24.968+0000] {processor.py:183} INFO - Processing /home/airflow/.local/lib/python3.8/site-packages/airflow/example_dags/example_local_kubernetes_executor.py took 0.118 seconds
[2026-06-03T11:59:55.188+0000] {processor.py:161} INFO - Started process (PID=1285) to work on /home/airflow/.local/lib/python3.8/site-packages/airflow/example_dags/example_local_kubernetes_executor.py
[2026-06-03T11:59:55.192+0000] {processor.py:830} INFO - Processing file /home/airflow/.local/lib/python3.8/site-packages/airflow/example_dags/example_local_kubernetes_executor.py for tasks to queue
[2026-06-03T11:59:55.203+0000] {logging_mixin.py:188} INFO - [2026-06-03T11:59:55.202+0000] {dagbag.py:538} INFO - Filling up the DagBag from /home/airflow/.local/lib/python3.8/site-packages/airflow/example_dags/example_local_kubernetes_executor.py
[2026-06-03T11:59:55.225+0000] {processor.py:840} INFO - DAG(s) 'example_local_kubernetes_executor' retrieved from /home/airflow/.local/lib/python3.8/site-packages/airflow/example_dags/example_local_kubernetes_executor.py
[2026-06-03T11:59:55.263+0000] {logging_mixin.py:188} INFO - [2026-06-03T11:59:55.263+0000] {dag.py:3033} INFO - Sync 1 DAGs
[2026-06-03T11:59:55.279+0000] {logging_mixin.py:188} INFO - [2026-06-03T11:59:55.279+0000] {dag.py:3820} INFO - Setting next_dagrun for example_local_kubernetes_executor to None, run_after=None
[2026-06-03T11:59:55.292+0000] {processor.py:183} INFO - Processing /home/airflow/.local/lib/python3.8/site-packages/airflow/example_dags/example_local_kubernetes_executor.py took 0.114 seconds
[2026-06-03T12:00:25.416+0000] {processor.py:161} INFO - Started process (PID=1341) to work on /home/airflow/.local/lib/python3.8/site-packages/airflow/example_dags/example_local_kubernetes_executor.py
[2026-06-03T12:00:25.418+0000] {processor.py:830} INFO - Processing file /home/airflow/.local/lib/python3.8/site-packages/airflow/example_dags/example_local_kubernetes_executor.py for tasks to queue
[2026-06-03T12:00:25.421+0000] {logging_mixin.py:188} INFO - [2026-06-03T12:00:25.421+0000] {dagbag.py:538} INFO - Filling up the DagBag from /home/airflow/.local/lib/python3.8/site-packages/airflow/example_dags/example_local_kubernetes_executor.py
[2026-06-03T12:00:25.438+0000] {processor.py:840} INFO - DAG(s) 'example_local_kubernetes_executor' retrieved from /home/airflow/.local/lib/python3.8/site-packages/airflow/example_dags/example_local_kubernetes_executor.py
[2026-06-03T12:00:25.477+0000] {logging_mixin.py:188} INFO - [2026-06-03T12:00:25.477+0000] {dag.py:3033} INFO - Sync 1 DAGs
[2026-06-03T12:00:25.486+0000] {logging_mixin.py:188} INFO - [2026-06-03T12:00:25.486+0000] {dag.py:3820} INFO - Setting next_dagrun for example_local_kubernetes_executor to None, run_after=None
[2026-06-03T12:00:25.499+0000] {processor.py:183} INFO - Processing /home/airflow/.local/lib/python3.8/site-packages/airflow/example_dags/example_local_kubernetes_executor.py took 0.087 seconds
[2026-06-03T12:00:55.893+0000] {processor.py:161} INFO - Started process (PID=1397) to work on /home/airflow/.local/lib/python3.8/site-packages/airflow/example_dags/example_local_kubernetes_executor.py
[2026-06-03T12:00:55.896+0000] {processor.py:830} INFO - Processing file /home/airflow/.local/lib/python3.8/site-packages/airflow/example_dags/example_local_kubernetes_executor.py for tasks to queue
[2026-06-03T12:00:55.901+0000] {logging_mixin.py:188} INFO - [2026-06-03T12:00:55.901+0000] {dagbag.py:538} INFO - Filling up the DagBag from /home/airflow/.local/lib/python3.8/site-packages/airflow/example_dags/example_local_kubernetes_executor.py
[2026-06-03T12:00:55.932+0000] {processor.py:840} INFO - DAG(s) 'example_local_kubernetes_executor' retrieved from /home/airflow/.local/lib/python3.8/site-packages/airflow/example_dags/example_local_kubernetes_executor.py
[2026-06-03T12:00:56.023+0000] {logging_mixin.py:188} INFO - [2026-06-03T12:00:56.023+0000] {dag.py:3033} INFO - Sync 1 DAGs
[2026-06-03T12:00:56.042+0000] {logging_mixin.py:188} INFO - [2026-06-03T12:00:56.041+0000] {dag.py:3820} INFO - Setting next_dagrun for example_local_kubernetes_executor to None, run_after=None
[2026-06-03T12:00:56.096+0000] {processor.py:183} INFO - Processing /home/airflow/.local/lib/python3.8/site-packages/airflow/example_dags/example_local_kubernetes_executor.py took 0.230 seconds
[2026-06-03T12:01:27.026+0000] {processor.py:161} INFO - Started process (PID=1453) to work on /home/airflow/.local/lib/python3.8/site-packages/airflow/example_dags/example_local_kubernetes_executor.py
[2026-06-03T12:01:27.030+0000] {processor.py:830} INFO - Processing file /home/airflow/.local/lib/python3.8/site-packages/airflow/example_dags/example_local_kubernetes_executor.py for tasks to queue
[2026-06-03T12:01:27.040+0000] {logging_mixin.py:188} INFO - [2026-06-03T12:01:27.040+0000] {dagbag.py:538} INFO - Filling up the DagBag from /home/airflow/.local/lib/python3.8/site-packages/airflow/example_dags/example_local_kubernetes_executor.py
[2026-06-03T12:01:27.065+0000] {processor.py:840} INFO - DAG(s) 'example_local_kubernetes_executor' retrieved from /home/airflow/.local/lib/python3.8/site-packages/airflow/example_dags/example_local_kubernetes_executor.py
[2026-06-03T12:01:27.110+0000] {logging_mixin.py:188} INFO - [2026-06-03T12:01:27.110+0000] {dag.py:3033} INFO - Sync 1 DAGs
[2026-06-03T12:01:27.128+0000] {logging_mixin.py:188} INFO - [2026-06-03T12:01:27.128+0000] {dag.py:3820} INFO - Setting next_dagrun for example_local_kubernetes_executor to None, run_after=None
[2026-06-03T12:01:27.142+0000] {processor.py:183} INFO - Processing /home/airflow/.local/lib/python3.8/site-packages/airflow/example_dags/example_local_kubernetes_executor.py took 0.124 seconds
[2026-06-03T12:01:57.197+0000] {processor.py:161} INFO - Started process (PID=1510) to work on /home/airflow/.local/lib/python3.8/site-packages/airflow/example_dags/example_local_kubernetes_executor.py
[2026-06-03T12:01:57.199+0000] {processor.py:830} INFO - Processing file /home/airflow/.local/lib/python3.8/site-packages/airflow/example_dags/example_local_kubernetes_executor.py for tasks to queue
[2026-06-03T12:01:57.201+0000] {logging_mixin.py:188} INFO - [2026-06-03T12:01:57.201+0000] {dagbag.py:538} INFO - Filling up the DagBag from /home/airflow/.local/lib/python3.8/site-packages/airflow/example_dags/example_local_kubernetes_executor.py
[2026-06-03T12:01:57.210+0000] {processor.py:840} INFO - DAG(s) 'example_local_kubernetes_executor' retrieved from /home/airflow/.local/lib/python3.8/site-packages/airflow/example_dags/example_local_kubernetes_executor.py
[2026-06-03T12:01:57.260+0000] {logging_mixin.py:188} INFO - [2026-06-03T12:01:57.260+0000] {dag.py:3033} INFO - Sync 1 DAGs
[2026-06-03T12:01:57.271+0000] {logging_mixin.py:188} INFO - [2026-06-03T12:01:57.271+0000] {dag.py:3820} INFO - Setting next_dagrun for example_local_kubernetes_executor to None, run_after=None
[2026-06-03T12:01:57.289+0000] {processor.py:183} INFO - Processing /home/airflow/.local/lib/python3.8/site-packages/airflow/example_dags/example_local_kubernetes_executor.py took 0.096 seconds
[2026-06-03T12:02:28.245+0000] {processor.py:161} INFO - Started process (PID=1565) to work on /home/airflow/.local/lib/python3.8/site-packages/airflow/example_dags/example_local_kubernetes_executor.py
[2026-06-03T12:02:28.247+0000] {processor.py:830} INFO - Processing file /home/airflow/.local/lib/python3.8/site-packages/airflow/example_dags/example_local_kubernetes_executor.py for tasks to queue
[2026-06-03T12:02:28.251+0000] {logging_mixin.py:188} INFO - [2026-06-03T12:02:28.251+0000] {dagbag.py:538} INFO - Filling up the DagBag from /home/airflow/.local/lib/python3.8/site-packages/airflow/example_dags/example_local_kubernetes_executor.py
[2026-06-03T12:02:28.264+0000] {processor.py:840} INFO - DAG(s) 'example_local_kubernetes_executor' retrieved from /home/airflow/.local/lib/python3.8/site-packages/airflow/example_dags/example_local_kubernetes_executor.py
[2026-06-03T12:02:28.317+0000] {logging_mixin.py:188} INFO - [2026-06-03T12:02:28.316+0000] {dag.py:3033} INFO - Sync 1 DAGs
[2026-06-03T12:02:28.333+0000] {logging_mixin.py:188} INFO - [2026-06-03T12:02:28.333+0000] {dag.py:3820} INFO - Setting next_dagrun for example_local_kubernetes_executor to None, run_after=None
[2026-06-03T12:02:28.345+0000] {processor.py:183} INFO - Processing /home/airflow/.local/lib/python3.8/site-packages/airflow/example_dags/example_local_kubernetes_executor.py took 0.108 seconds
[2026-06-03T12:02:58.464+0000] {processor.py:161} INFO - Started process (PID=1621) to work on /home/airflow/.local/lib/python3.8/site-packages/airflow/example_dags/example_local_kubernetes_executor.py
[2026-06-03T12:02:58.470+0000] {processor.py:830} INFO - Processing file /home/airflow/.local/lib/python3.8/site-packages/airflow/example_dags/example_local_kubernetes_executor.py for tasks to queue
[2026-06-03T12:02:58.481+0000] {logging_mixin.py:188} INFO - [2026-06-03T12:02:58.481+0000] {dagbag.py:538} INFO - Filling up the DagBag from /home/airflow/.local/lib/python3.8/site-packages/airflow/example_dags/example_local_kubernetes_executor.py
[2026-06-03T12:02:58.496+0000] {processor.py:840} INFO - DAG(s) 'example_local_kubernetes_executor' retrieved from /home/airflow/.local/lib/python3.8/site-packages/airflow/example_dags/example_local_kubernetes_executor.py
[2026-06-03T12:02:58.550+0000] {logging_mixin.py:188} INFO - [2026-06-03T12:02:58.550+0000] {dag.py:3033} INFO - Sync 1 DAGs
[2026-06-03T12:02:58.562+0000] {logging_mixin.py:188} INFO - [2026-06-03T12:02:58.562+0000] {dag.py:3820} INFO - Setting next_dagrun for example_local_kubernetes_executor to None, run_after=None
[2026-06-03T12:02:58.574+0000] {processor.py:183} INFO - Processing /home/airflow/.local/lib/python3.8/site-packages/airflow/example_dags/example_local_kubernetes_executor.py took 0.121 seconds
[2026-06-03T12:03:28.756+0000] {processor.py:161} INFO - Started process (PID=1677) to work on /home/airflow/.local/lib/python3.8/site-packages/airflow/example_dags/example_local_kubernetes_executor.py
[2026-06-03T12:03:28.759+0000] {processor.py:830} INFO - Processing file /home/airflow/.local/lib/python3.8/site-packages/airflow/example_dags/example_local_kubernetes_executor.py for tasks to queue
[2026-06-03T12:03:28.764+0000] {logging_mixin.py:188} INFO - [2026-06-03T12:03:28.763+0000] {dagbag.py:538} INFO - Filling up the DagBag from /home/airflow/.local/lib/python3.8/site-packages/airflow/example_dags/example_local_kubernetes_executor.py
[2026-06-03T12:03:28.778+0000] {processor.py:840} INFO - DAG(s) 'example_local_kubernetes_executor' retrieved from /home/airflow/.local/lib/python3.8/site-packages/airflow/example_dags/example_local_kubernetes_executor.py
[2026-06-03T12:03:28.831+0000] {logging_mixin.py:188} INFO - [2026-06-03T12:03:28.831+0000] {dag.py:3033} INFO - Sync 1 DAGs
[2026-06-03T12:03:28.841+0000] {logging_mixin.py:188} INFO - [2026-06-03T12:03:28.841+0000] {dag.py:3820} INFO - Setting next_dagrun for example_local_kubernetes_executor to None, run_after=None
[2026-06-03T12:03:28.854+0000] {processor.py:183} INFO - Processing /home/airflow/.local/lib/python3.8/site-packages/airflow/example_dags/example_local_kubernetes_executor.py took 0.123 seconds
[2026-06-03T12:03:59.162+0000] {processor.py:161} INFO - Started process (PID=1733) to work on /home/airflow/.local/lib/python3.8/site-packages/airflow/example_dags/example_local_kubernetes_executor.py
[2026-06-03T12:03:59.164+0000] {processor.py:830} INFO - Processing file /home/airflow/.local/lib/python3.8/site-packages/airflow/example_dags/example_local_kubernetes_executor.py for tasks to queue
[2026-06-03T12:03:59.169+0000] {logging_mixin.py:188} INFO - [2026-06-03T12:03:59.168+0000] {dagbag.py:538} INFO - Filling up the DagBag from /home/airflow/.local/lib/python3.8/site-packages/airflow/example_dags/example_local_kubernetes_executor.py
[2026-06-03T12:03:59.187+0000] {processor.py:840} INFO - DAG(s) 'example_local_kubernetes_executor' retrieved from /home/airflow/.local/lib/python3.8/site-packages/airflow/example_dags/example_local_kubernetes_executor.py
[2026-06-03T12:03:59.234+0000] {logging_mixin.py:188} INFO - [2026-06-03T12:03:59.234+0000] {dag.py:3033} INFO - Sync 1 DAGs
[2026-06-03T12:03:59.241+0000] {logging_mixin.py:188} INFO - [2026-06-03T12:03:59.241+0000] {dag.py:3820} INFO - Setting next_dagrun for example_local_kubernetes_executor to None, run_after=None
[2026-06-03T12:03:59.254+0000] {processor.py:183} INFO - Processing /home/airflow/.local/lib/python3.8/site-packages/airflow/example_dags/example_local_kubernetes_executor.py took 0.100 seconds
[2026-06-03T12:04:29.473+0000] {processor.py:161} INFO - Started process (PID=1789) to work on /home/airflow/.local/lib/python3.8/site-packages/airflow/example_dags/example_local_kubernetes_executor.py
[2026-06-03T12:04:29.475+0000] {processor.py:830} INFO - Processing file /home/airflow/.local/lib/python3.8/site-packages/airflow/example_dags/example_local_kubernetes_executor.py for tasks to queue
[2026-06-03T12:04:29.482+0000] {logging_mixin.py:188} INFO - [2026-06-03T12:04:29.481+0000] {dagbag.py:538} INFO - Filling up the DagBag from /home/airflow/.local/lib/python3.8/site-packages/airflow/example_dags/example_local_kubernetes_executor.py
[2026-06-03T12:04:29.504+0000] {processor.py:840} INFO - DAG(s) 'example_local_kubernetes_executor' retrieved from /home/airflow/.local/lib/python3.8/site-packages/airflow/example_dags/example_local_kubernetes_executor.py
[2026-06-03T12:04:29.554+0000] {logging_mixin.py:188} INFO - [2026-06-03T12:04:29.554+0000] {dag.py:3033} INFO - Sync 1 DAGs
[2026-06-03T12:04:29.563+0000] {logging_mixin.py:188} INFO - [2026-06-03T12:04:29.563+0000] {dag.py:3820} INFO - Setting next_dagrun for example_local_kubernetes_executor to None, run_after=None
[2026-06-03T12:04:29.577+0000] {processor.py:183} INFO - Processing /home/airflow/.local/lib/python3.8/site-packages/airflow/example_dags/example_local_kubernetes_executor.py took 0.114 seconds
[2026-06-03T12:05:00.053+0000] {processor.py:161} INFO - Started process (PID=1845) to work on /home/airflow/.local/lib/python3.8/site-packages/airflow/example_dags/example_local_kubernetes_executor.py
[2026-06-03T12:05:00.055+0000] {processor.py:830} INFO - Processing file /home/airflow/.local/lib/python3.8/site-packages/airflow/example_dags/example_local_kubernetes_executor.py for tasks to queue
[2026-06-03T12:05:00.061+0000] {logging_mixin.py:188} INFO - [2026-06-03T12:05:00.060+0000] {dagbag.py:538} INFO - Filling up the DagBag from /home/airflow/.local/lib/python3.8/site-packages/airflow/example_dags/example_local_kubernetes_executor.py
[2026-06-03T12:05:00.076+0000] {processor.py:840} INFO - DAG(s) 'example_local_kubernetes_executor' retrieved from /home/airflow/.local/lib/python3.8/site-packages/airflow/example_dags/example_local_kubernetes_executor.py
[2026-06-03T12:05:00.127+0000] {logging_mixin.py:188} INFO - [2026-06-03T12:05:00.127+0000] {dag.py:3033} INFO - Sync 1 DAGs
[2026-06-03T12:05:00.136+0000] {logging_mixin.py:188} INFO - [2026-06-03T12:05:00.136+0000] {dag.py:3820} INFO - Setting next_dagrun for example_local_kubernetes_executor to None, run_after=None
[2026-06-03T12:05:00.157+0000] {processor.py:183} INFO - Processing /home/airflow/.local/lib/python3.8/site-packages/airflow/example_dags/example_local_kubernetes_executor.py took 0.115 seconds
[2026-06-03T12:05:30.684+0000] {processor.py:161} INFO - Started process (PID=1901) to work on /home/airflow/.local/lib/python3.8/site-packages/airflow/example_dags/example_local_kubernetes_executor.py
[2026-06-03T12:05:30.687+0000] {processor.py:830} INFO - Processing file /home/airflow/.local/lib/python3.8/site-packages/airflow/example_dags/example_local_kubernetes_executor.py for tasks to queue
[2026-06-03T12:05:30.693+0000] {logging_mixin.py:188} INFO - [2026-06-03T12:05:30.693+0000] {dagbag.py:538} INFO - Filling up the DagBag from /home/airflow/.local/lib/python3.8/site-packages/airflow/example_dags/example_local_kubernetes_executor.py
[2026-06-03T12:05:30.707+0000] {processor.py:840} INFO - DAG(s) 'example_local_kubernetes_executor' retrieved from /home/airflow/.local/lib/python3.8/site-packages/airflow/example_dags/example_local_kubernetes_executor.py
[2026-06-03T12:05:30.764+0000] {logging_mixin.py:188} INFO - [2026-06-03T12:05:30.764+0000] {dag.py:3033} INFO - Sync 1 DAGs
[2026-06-03T12:05:30.778+0000] {logging_mixin.py:188} INFO - [2026-06-03T12:05:30.778+0000] {dag.py:3820} INFO - Setting next_dagrun for example_local_kubernetes_executor to None, run_after=None
[2026-06-03T12:05:30.795+0000] {processor.py:183} INFO - Processing /home/airflow/.local/lib/python3.8/site-packages/airflow/example_dags/example_local_kubernetes_executor.py took 0.134 seconds
[2026-06-03T12:06:01.441+0000] {processor.py:161} INFO - Started process (PID=1957) to work on /home/airflow/.local/lib/python3.8/site-packages/airflow/example_dags/example_local_kubernetes_executor.py
[2026-06-03T12:06:01.444+0000] {processor.py:830} INFO - Processing file /home/airflow/.local/lib/python3.8/site-packages/airflow/example_dags/example_local_kubernetes_executor.py for tasks to queue
[2026-06-03T12:06:01.456+0000] {logging_mixin.py:188} INFO - [2026-06-03T12:06:01.455+0000] {dagbag.py:538} INFO - Filling up the DagBag from /home/airflow/.local/lib/python3.8/site-packages/airflow/example_dags/example_local_kubernetes_executor.py
[2026-06-03T12:06:01.474+0000] {processor.py:840} INFO - DAG(s) 'example_local_kubernetes_executor' retrieved from /home/airflow/.local/lib/python3.8/site-packages/airflow/example_dags/example_local_kubernetes_executor.py
[2026-06-03T12:06:01.549+0000] {logging_mixin.py:188} INFO - [2026-06-03T12:06:01.548+0000] {dag.py:3033} INFO - Sync 1 DAGs
[2026-06-03T12:06:01.718+0000] {logging_mixin.py:188} INFO - [2026-06-03T12:06:01.718+0000] {dag.py:3820} INFO - Setting next_dagrun for example_local_kubernetes_executor to None, run_after=None
[2026-06-03T12:06:01.731+0000] {processor.py:183} INFO - Processing /home/airflow/.local/lib/python3.8/site-packages/airflow/example_dags/example_local_kubernetes_executor.py took 0.297 seconds
[2026-06-03T12:06:32.600+0000] {processor.py:161} INFO - Started process (PID=2013) to work on /home/airflow/.local/lib/python3.8/site-packages/airflow/example_dags/example_local_kubernetes_executor.py
[2026-06-03T12:06:32.602+0000] {processor.py:830} INFO - Processing file /home/airflow/.local/lib/python3.8/site-packages/airflow/example_dags/example_local_kubernetes_executor.py for tasks to queue
[2026-06-03T12:06:32.608+0000] {logging_mixin.py:188} INFO - [2026-06-03T12:06:32.608+0000] {dagbag.py:538} INFO - Filling up the DagBag from /home/airflow/.local/lib/python3.8/site-packages/airflow/example_dags/example_local_kubernetes_executor.py
[2026-06-03T12:06:32.620+0000] {processor.py:840} INFO - DAG(s) 'example_local_kubernetes_executor' retrieved from /home/airflow/.local/lib/python3.8/site-packages/airflow/example_dags/example_local_kubernetes_executor.py
[2026-06-03T12:06:32.659+0000] {logging_mixin.py:188} INFO - [2026-06-03T12:06:32.659+0000] {dag.py:3033} INFO - Sync 1 DAGs
[2026-06-03T12:06:32.673+0000] {logging_mixin.py:188} INFO - [2026-06-03T12:06:32.673+0000] {dag.py:3820} INFO - Setting next_dagrun for example_local_kubernetes_executor to None, run_after=None
[2026-06-03T12:06:32.817+0000] {processor.py:183} INFO - Processing /home/airflow/.local/lib/python3.8/site-packages/airflow/example_dags/example_local_kubernetes_executor.py took 0.226 seconds
[2026-06-03T12:07:03.687+0000] {processor.py:161} INFO - Started process (PID=2069) to work on /home/airflow/.local/lib/python3.8/site-packages/airflow/example_dags/example_local_kubernetes_executor.py
[2026-06-03T12:07:03.689+0000] {processor.py:830} INFO - Processing file /home/airflow/.local/lib/python3.8/site-packages/airflow/example_dags/example_local_kubernetes_executor.py for tasks to queue
[2026-06-03T12:07:03.703+0000] {logging_mixin.py:188} INFO - [2026-06-03T12:07:03.702+0000] {dagbag.py:538} INFO - Filling up the DagBag from /home/airflow/.local/lib/python3.8/site-packages/airflow/example_dags/example_local_kubernetes_executor.py
[2026-06-03T12:07:03.721+0000] {processor.py:840} INFO - DAG(s) 'example_local_kubernetes_executor' retrieved from /home/airflow/.local/lib/python3.8/site-packages/airflow/example_dags/example_local_kubernetes_executor.py
[2026-06-03T12:07:03.765+0000] {logging_mixin.py:188} INFO - [2026-06-03T12:07:03.765+0000] {dag.py:3033} INFO - Sync 1 DAGs
[2026-06-03T12:07:03.774+0000] {logging_mixin.py:188} INFO - [2026-06-03T12:07:03.774+0000] {dag.py:3820} INFO - Setting next_dagrun for example_local_kubernetes_executor to None, run_after=None
[2026-06-03T12:07:03.788+0000] {processor.py:183} INFO - Processing /home/airflow/.local/lib/python3.8/site-packages/airflow/example_dags/example_local_kubernetes_executor.py took 0.109 seconds
[2026-06-03T12:07:33.885+0000] {processor.py:161} INFO - Started process (PID=2125) to work on /home/airflow/.local/lib/python3.8/site-packages/airflow/example_dags/example_local_kubernetes_executor.py
[2026-06-03T12:07:33.890+0000] {processor.py:830} INFO - Processing file /home/airflow/.local/lib/python3.8/site-packages/airflow/example_dags/example_local_kubernetes_executor.py for tasks to queue
[2026-06-03T12:07:33.898+0000] {logging_mixin.py:188} INFO - [2026-06-03T12:07:33.897+0000] {dagbag.py:538} INFO - Filling up the DagBag from /home/airflow/.local/lib/python3.8/site-packages/airflow/example_dags/example_local_kubernetes_executor.py
[2026-06-03T12:07:33.913+0000] {processor.py:840} INFO - DAG(s) 'example_local_kubernetes_executor' retrieved from /home/airflow/.local/lib/python3.8/site-packages/airflow/example_dags/example_local_kubernetes_executor.py
[2026-06-03T12:07:33.977+0000] {logging_mixin.py:188} INFO - [2026-06-03T12:07:33.976+0000] {dag.py:3033} INFO - Sync 1 DAGs
[2026-06-03T12:07:33.987+0000] {logging_mixin.py:188} INFO - [2026-06-03T12:07:33.987+0000] {dag.py:3820} INFO - Setting next_dagrun for example_local_kubernetes_executor to None, run_after=None
[2026-06-03T12:07:34.001+0000] {processor.py:183} INFO - Processing /home/airflow/.local/lib/python3.8/site-packages/airflow/example_dags/example_local_kubernetes_executor.py took 0.138 seconds
[2026-06-03T12:08:04.174+0000] {processor.py:161} INFO - Started process (PID=2181) to work on /home/airflow/.local/lib/python3.8/site-packages/airflow/example_dags/example_local_kubernetes_executor.py
[2026-06-03T12:08:04.175+0000] {processor.py:830} INFO - Processing file /home/airflow/.local/lib/python3.8/site-packages/airflow/example_dags/example_local_kubernetes_executor.py for tasks to queue
[2026-06-03T12:08:04.189+0000] {logging_mixin.py:188} INFO - [2026-06-03T12:08:04.188+0000] {dagbag.py:538} INFO - Filling up the DagBag from /home/airflow/.local/lib/python3.8/site-packages/airflow/example_dags/example_local_kubernetes_executor.py
[2026-06-03T12:08:04.203+0000] {processor.py:840} INFO - DAG(s) 'example_local_kubernetes_executor' retrieved from /home/airflow/.local/lib/python3.8/site-packages/airflow/example_dags/example_local_kubernetes_executor.py
[2026-06-03T12:08:04.380+0000] {logging_mixin.py:188} INFO - [2026-06-03T12:08:04.380+0000] {dag.py:3033} INFO - Sync 1 DAGs
[2026-06-03T12:08:04.385+0000] {logging_mixin.py:188} INFO - [2026-06-03T12:08:04.385+0000] {dag.py:3820} INFO - Setting next_dagrun for example_local_kubernetes_executor to None, run_after=None
[2026-06-03T12:08:04.395+0000] {processor.py:183} INFO - Processing /home/airflow/.local/lib/python3.8/site-packages/airflow/example_dags/example_local_kubernetes_executor.py took 0.226 seconds
[2026-06-03T12:08:35.242+0000] {processor.py:161} INFO - Started process (PID=2237) to work on /home/airflow/.local/lib/python3.8/site-packages/airflow/example_dags/example_local_kubernetes_executor.py
[2026-06-03T12:08:35.246+0000] {processor.py:830} INFO - Processing file /home/airflow/.local/lib/python3.8/site-packages/airflow/example_dags/example_local_kubernetes_executor.py for tasks to queue
[2026-06-03T12:08:35.249+0000] {logging_mixin.py:188} INFO - [2026-06-03T12:08:35.249+0000] {dagbag.py:538} INFO - Filling up the DagBag from /home/airflow/.local/lib/python3.8/site-packages/airflow/example_dags/example_local_kubernetes_executor.py
[2026-06-03T12:08:35.263+0000] {processor.py:840} INFO - DAG(s) 'example_local_kubernetes_executor' retrieved from /home/airflow/.local/lib/python3.8/site-packages/airflow/example_dags/example_local_kubernetes_executor.py
[2026-06-03T12:08:35.295+0000] {logging_mixin.py:188} INFO - [2026-06-03T12:08:35.295+0000] {dag.py:3033} INFO - Sync 1 DAGs
[2026-06-03T12:08:35.316+0000] {logging_mixin.py:188} INFO - [2026-06-03T12:08:35.316+0000] {dag.py:3820} INFO - Setting next_dagrun for example_local_kubernetes_executor to None, run_after=None
[2026-06-03T12:08:35.329+0000] {processor.py:183} INFO - Processing /home/airflow/.local/lib/python3.8/site-packages/airflow/example_dags/example_local_kubernetes_executor.py took 0.092 seconds
[2026-06-03T12:09:05.477+0000] {processor.py:161} INFO - Started process (PID=2293) to work on /home/airflow/.local/lib/python3.8/site-packages/airflow/example_dags/example_local_kubernetes_executor.py
[2026-06-03T12:09:05.479+0000] {processor.py:830} INFO - Processing file /home/airflow/.local/lib/python3.8/site-packages/airflow/example_dags/example_local_kubernetes_executor.py for tasks to queue
[2026-06-03T12:09:05.482+0000] {logging_mixin.py:188} INFO - [2026-06-03T12:09:05.481+0000] {dagbag.py:538} INFO - Filling up the DagBag from /home/airflow/.local/lib/python3.8/site-packages/airflow/example_dags/example_local_kubernetes_executor.py
[2026-06-03T12:09:05.496+0000] {processor.py:840} INFO - DAG(s) 'example_local_kubernetes_executor' retrieved from /home/airflow/.local/lib/python3.8/site-packages/airflow/example_dags/example_local_kubernetes_executor.py
[2026-06-03T12:09:05.542+0000] {logging_mixin.py:188} INFO - [2026-06-03T12:09:05.542+0000] {dag.py:3033} INFO - Sync 1 DAGs
[2026-06-03T12:09:05.549+0000] {logging_mixin.py:188} INFO - [2026-06-03T12:09:05.549+0000] {dag.py:3820} INFO - Setting next_dagrun for example_local_kubernetes_executor to None, run_after=None
[2026-06-03T12:09:05.563+0000] {processor.py:183} INFO - Processing /home/airflow/.local/lib/python3.8/site-packages/airflow/example_dags/example_local_kubernetes_executor.py took 0.091 seconds
[2026-06-03T12:09:35.663+0000] {processor.py:161} INFO - Started process (PID=2349) to work on /home/airflow/.local/lib/python3.8/site-packages/airflow/example_dags/example_local_kubernetes_executor.py
[2026-06-03T12:09:35.665+0000] {processor.py:830} INFO - Processing file /home/airflow/.local/lib/python3.8/site-packages/airflow/example_dags/example_local_kubernetes_executor.py for tasks to queue
[2026-06-03T12:09:35.669+0000] {logging_mixin.py:188} INFO - [2026-06-03T12:09:35.669+0000] {dagbag.py:538} INFO - Filling up the DagBag from /home/airflow/.local/lib/python3.8/site-packages/airflow/example_dags/example_local_kubernetes_executor.py
[2026-06-03T12:09:35.680+0000] {processor.py:840} INFO - DAG(s) 'example_local_kubernetes_executor' retrieved from /home/airflow/.local/lib/python3.8/site-packages/airflow/example_dags/example_local_kubernetes_executor.py
[2026-06-03T12:09:35.709+0000] {logging_mixin.py:188} INFO - [2026-06-03T12:09:35.709+0000] {dag.py:3033} INFO - Sync 1 DAGs
[2026-06-03T12:09:35.715+0000] {logging_mixin.py:188} INFO - [2026-06-03T12:09:35.715+0000] {dag.py:3820} INFO - Setting next_dagrun for example_local_kubernetes_executor to None, run_after=None
[2026-06-03T12:09:35.733+0000] {processor.py:183} INFO - Processing /home/airflow/.local/lib/python3.8/site-packages/airflow/example_dags/example_local_kubernetes_executor.py took 0.079 seconds
[2026-06-03T12:10:06.756+0000] {processor.py:161} INFO - Started process (PID=2405) to work on /home/airflow/.local/lib/python3.8/site-packages/airflow/example_dags/example_local_kubernetes_executor.py
[2026-06-03T12:10:06.758+0000] {processor.py:830} INFO - Processing file /home/airflow/.local/lib/python3.8/site-packages/airflow/example_dags/example_local_kubernetes_executor.py for tasks to queue
[2026-06-03T12:10:06.763+0000] {logging_mixin.py:188} INFO - [2026-06-03T12:10:06.762+0000] {dagbag.py:538} INFO - Filling up the DagBag from /home/airflow/.local/lib/python3.8/site-packages/airflow/example_dags/example_local_kubernetes_executor.py
[2026-06-03T12:10:06.776+0000] {processor.py:840} INFO - DAG(s) 'example_local_kubernetes_executor' retrieved from /home/airflow/.local/lib/python3.8/site-packages/airflow/example_dags/example_local_kubernetes_executor.py
[2026-06-03T12:10:06.812+0000] {logging_mixin.py:188} INFO - [2026-06-03T12:10:06.812+0000] {dag.py:3033} INFO - Sync 1 DAGs
[2026-06-03T12:10:06.823+0000] {logging_mixin.py:188} INFO - [2026-06-03T12:10:06.823+0000] {dag.py:3820} INFO - Setting next_dagrun for example_local_kubernetes_executor to None, run_after=None
[2026-06-03T12:10:06.834+0000] {processor.py:183} INFO - Processing /home/airflow/.local/lib/python3.8/site-packages/airflow/example_dags/example_local_kubernetes_executor.py took 0.085 seconds
[2026-06-03T12:10:36.955+0000] {processor.py:161} INFO - Started process (PID=2461) to work on /home/airflow/.local/lib/python3.8/site-packages/airflow/example_dags/example_local_kubernetes_executor.py
[2026-06-03T12:10:36.957+0000] {processor.py:830} INFO - Processing file /home/airflow/.local/lib/python3.8/site-packages/airflow/example_dags/example_local_kubernetes_executor.py for tasks to queue
[2026-06-03T12:10:36.960+0000] {logging_mixin.py:188} INFO - [2026-06-03T12:10:36.960+0000] {dagbag.py:538} INFO - Filling up the DagBag from /home/airflow/.local/lib/python3.8/site-packages/airflow/example_dags/example_local_kubernetes_executor.py
[2026-06-03T12:10:36.972+0000] {processor.py:840} INFO - DAG(s) 'example_local_kubernetes_executor' retrieved from /home/airflow/.local/lib/python3.8/site-packages/airflow/example_dags/example_local_kubernetes_executor.py
[2026-06-03T12:10:36.998+0000] {logging_mixin.py:188} INFO - [2026-06-03T12:10:36.998+0000] {dag.py:3033} INFO - Sync 1 DAGs
[2026-06-03T12:10:37.007+0000] {logging_mixin.py:188} INFO - [2026-06-03T12:10:37.007+0000] {dag.py:3820} INFO - Setting next_dagrun for example_local_kubernetes_executor to None, run_after=None
[2026-06-03T12:10:37.019+0000] {processor.py:183} INFO - Processing /home/airflow/.local/lib/python3.8/site-packages/airflow/example_dags/example_local_kubernetes_executor.py took 0.070 seconds
[2026-06-03T12:11:07.134+0000] {processor.py:161} INFO - Started process (PID=2517) to work on /home/airflow/.local/lib/python3.8/site-packages/airflow/example_dags/example_local_kubernetes_executor.py
[2026-06-03T12:11:07.135+0000] {processor.py:830} INFO - Processing file /home/airflow/.local/lib/python3.8/site-packages/airflow/example_dags/example_local_kubernetes_executor.py for tasks to queue
[2026-06-03T12:11:07.141+0000] {logging_mixin.py:188} INFO - [2026-06-03T12:11:07.140+0000] {dagbag.py:538} INFO - Filling up the DagBag from /home/airflow/.local/lib/python3.8/site-packages/airflow/example_dags/example_local_kubernetes_executor.py
[2026-06-03T12:11:07.158+0000] {processor.py:840} INFO - DAG(s) 'example_local_kubernetes_executor' retrieved from /home/airflow/.local/lib/python3.8/site-packages/airflow/example_dags/example_local_kubernetes_executor.py
[2026-06-03T12:11:07.190+0000] {logging_mixin.py:188} INFO - [2026-06-03T12:11:07.190+0000] {dag.py:3033} INFO - Sync 1 DAGs
[2026-06-03T12:11:07.197+0000] {logging_mixin.py:188} INFO - [2026-06-03T12:11:07.197+0000] {dag.py:3820} INFO - Setting next_dagrun for example_local_kubernetes_executor to None, run_after=None
[2026-06-03T12:11:07.207+0000] {processor.py:183} INFO - Processing /home/airflow/.local/lib/python3.8/site-packages/airflow/example_dags/example_local_kubernetes_executor.py took 0.079 seconds
[2026-06-03T12:11:38.113+0000] {processor.py:161} INFO - Started process (PID=2573) to work on /home/airflow/.local/lib/python3.8/site-packages/airflow/example_dags/example_local_kubernetes_executor.py
[2026-06-03T12:11:38.115+0000] {processor.py:830} INFO - Processing file /home/airflow/.local/lib/python3.8/site-packages/airflow/example_dags/example_local_kubernetes_executor.py for tasks to queue
[2026-06-03T12:11:38.123+0000] {logging_mixin.py:188} INFO - [2026-06-03T12:11:38.122+0000] {dagbag.py:538} INFO - Filling up the DagBag from /home/airflow/.local/lib/python3.8/site-packages/airflow/example_dags/example_local_kubernetes_executor.py
[2026-06-03T12:11:38.135+0000] {processor.py:840} INFO - DAG(s) 'example_local_kubernetes_executor' retrieved from /home/airflow/.local/lib/python3.8/site-packages/airflow/example_dags/example_local_kubernetes_executor.py
[2026-06-03T12:11:38.175+0000] {logging_mixin.py:188} INFO - [2026-06-03T12:11:38.174+0000] {dag.py:3033} INFO - Sync 1 DAGs
[2026-06-03T12:11:38.182+0000] {logging_mixin.py:188} INFO - [2026-06-03T12:11:38.182+0000] {dag.py:3820} INFO - Setting next_dagrun for example_local_kubernetes_executor to None, run_after=None
[2026-06-03T12:11:38.194+0000] {processor.py:183} INFO - Processing /home/airflow/.local/lib/python3.8/site-packages/airflow/example_dags/example_local_kubernetes_executor.py took 0.090 seconds
[2026-06-03T12:12:09.116+0000] {processor.py:161} INFO - Started process (PID=2629) to work on /home/airflow/.local/lib/python3.8/site-packages/airflow/example_dags/example_local_kubernetes_executor.py
[2026-06-03T12:12:09.122+0000] {processor.py:830} INFO - Processing file /home/airflow/.local/lib/python3.8/site-packages/airflow/example_dags/example_local_kubernetes_executor.py for tasks to queue
[2026-06-03T12:12:09.133+0000] {logging_mixin.py:188} INFO - [2026-06-03T12:12:09.133+0000] {dagbag.py:538} INFO - Filling up the DagBag from /home/airflow/.local/lib/python3.8/site-packages/airflow/example_dags/example_local_kubernetes_executor.py
[2026-06-03T12:12:09.146+0000] {processor.py:840} INFO - DAG(s) 'example_local_kubernetes_executor' retrieved from /home/airflow/.local/lib/python3.8/site-packages/airflow/example_dags/example_local_kubernetes_executor.py
[2026-06-03T12:12:09.179+0000] {logging_mixin.py:188} INFO - [2026-06-03T12:12:09.179+0000] {dag.py:3033} INFO - Sync 1 DAGs
[2026-06-03T12:12:09.188+0000] {logging_mixin.py:188} INFO - [2026-06-03T12:12:09.188+0000] {dag.py:3820} INFO - Setting next_dagrun for example_local_kubernetes_executor to None, run_after=None
[2026-06-03T12:12:09.200+0000] {processor.py:183} INFO - Processing /home/airflow/.local/lib/python3.8/site-packages/airflow/example_dags/example_local_kubernetes_executor.py took 0.095 seconds
[2026-06-03T12:12:40.147+0000] {processor.py:161} INFO - Started process (PID=2685) to work on /home/airflow/.local/lib/python3.8/site-packages/airflow/example_dags/example_local_kubernetes_executor.py
[2026-06-03T12:12:40.150+0000] {processor.py:830} INFO - Processing file /home/airflow/.local/lib/python3.8/site-packages/airflow/example_dags/example_local_kubernetes_executor.py for tasks to queue
[2026-06-03T12:12:40.155+0000] {logging_mixin.py:188} INFO - [2026-06-03T12:12:40.155+0000] {dagbag.py:538} INFO - Filling up the DagBag from /home/airflow/.local/lib/python3.8/site-packages/airflow/example_dags/example_local_kubernetes_executor.py
[2026-06-03T12:12:40.180+0000] {processor.py:840} INFO - DAG(s) 'example_local_kubernetes_executor' retrieved from /home/airflow/.local/lib/python3.8/site-packages/airflow/example_dags/example_local_kubernetes_executor.py
[2026-06-03T12:12:40.228+0000] {logging_mixin.py:188} INFO - [2026-06-03T12:12:40.228+0000] {dag.py:3033} INFO - Sync 1 DAGs
[2026-06-03T12:12:40.242+0000] {logging_mixin.py:188} INFO - [2026-06-03T12:12:40.242+0000] {dag.py:3820} INFO - Setting next_dagrun for example_local_kubernetes_executor to None, run_after=None
[2026-06-03T12:12:40.256+0000] {processor.py:183} INFO - Processing /home/airflow/.local/lib/python3.8/site-packages/airflow/example_dags/example_local_kubernetes_executor.py took 0.117 seconds
[2026-06-03T12:13:10.864+0000] {processor.py:161} INFO - Started process (PID=2740) to work on /home/airflow/.local/lib/python3.8/site-packages/airflow/example_dags/example_local_kubernetes_executor.py
[2026-06-03T12:13:10.871+0000] {processor.py:830} INFO - Processing file /home/airflow/.local/lib/python3.8/site-packages/airflow/example_dags/example_local_kubernetes_executor.py for tasks to queue
[2026-06-03T12:13:10.886+0000] {logging_mixin.py:188} INFO - [2026-06-03T12:13:10.884+0000] {dagbag.py:538} INFO - Filling up the DagBag from /home/airflow/.local/lib/python3.8/site-packages/airflow/example_dags/example_local_kubernetes_executor.py
[2026-06-03T12:13:10.907+0000] {processor.py:840} INFO - DAG(s) 'example_local_kubernetes_executor' retrieved from /home/airflow/.local/lib/python3.8/site-packages/airflow/example_dags/example_local_kubernetes_executor.py
[2026-06-03T12:13:10.985+0000] {logging_mixin.py:188} INFO - [2026-06-03T12:13:10.985+0000] {dag.py:3033} INFO - Sync 1 DAGs
[2026-06-03T12:13:10.996+0000] {logging_mixin.py:188} INFO - [2026-06-03T12:13:10.996+0000] {dag.py:3820} INFO - Setting next_dagrun for example_local_kubernetes_executor to None, run_after=None
[2026-06-03T12:13:11.022+0000] {processor.py:183} INFO - Processing /home/airflow/.local/lib/python3.8/site-packages/airflow/example_dags/example_local_kubernetes_executor.py took 0.168 seconds
[2026-06-03T12:13:41.707+0000] {processor.py:161} INFO - Started process (PID=2796) to work on /home/airflow/.local/lib/python3.8/site-packages/airflow/example_dags/example_local_kubernetes_executor.py
[2026-06-03T12:13:41.713+0000] {processor.py:830} INFO - Processing file /home/airflow/.local/lib/python3.8/site-packages/airflow/example_dags/example_local_kubernetes_executor.py for tasks to queue
[2026-06-03T12:13:41.728+0000] {logging_mixin.py:188} INFO - [2026-06-03T12:13:41.727+0000] {dagbag.py:538} INFO - Filling up the DagBag from /home/airflow/.local/lib/python3.8/site-packages/airflow/example_dags/example_local_kubernetes_executor.py
[2026-06-03T12:13:41.740+0000] {processor.py:840} INFO - DAG(s) 'example_local_kubernetes_executor' retrieved from /home/airflow/.local/lib/python3.8/site-packages/airflow/example_dags/example_local_kubernetes_executor.py
[2026-06-03T12:13:41.784+0000] {logging_mixin.py:188} INFO - [2026-06-03T12:13:41.784+0000] {dag.py:3033} INFO - Sync 1 DAGs
[2026-06-03T12:13:41.792+0000] {logging_mixin.py:188} INFO - [2026-06-03T12:13:41.792+0000] {dag.py:3820} INFO - Setting next_dagrun for example_local_kubernetes_executor to None, run_after=None
[2026-06-03T12:13:41.805+0000] {processor.py:183} INFO - Processing /home/airflow/.local/lib/python3.8/site-packages/airflow/example_dags/example_local_kubernetes_executor.py took 0.103 seconds
[2026-06-03T12:14:12.113+0000] {processor.py:161} INFO - Started process (PID=2852) to work on /home/airflow/.local/lib/python3.8/site-packages/airflow/example_dags/example_local_kubernetes_executor.py
[2026-06-03T12:14:12.114+0000] {processor.py:830} INFO - Processing file /home/airflow/.local/lib/python3.8/site-packages/airflow/example_dags/example_local_kubernetes_executor.py for tasks to queue
[2026-06-03T12:14:12.119+0000] {logging_mixin.py:188} INFO - [2026-06-03T12:14:12.119+0000] {dagbag.py:538} INFO - Filling up the DagBag from /home/airflow/.local/lib/python3.8/site-packages/airflow/example_dags/example_local_kubernetes_executor.py
[2026-06-03T12:14:12.148+0000] {processor.py:840} INFO - DAG(s) 'example_local_kubernetes_executor' retrieved from /home/airflow/.local/lib/python3.8/site-packages/airflow/example_dags/example_local_kubernetes_executor.py
[2026-06-03T12:14:12.182+0000] {logging_mixin.py:188} INFO - [2026-06-03T12:14:12.182+0000] {dag.py:3033} INFO - Sync 1 DAGs
[2026-06-03T12:14:12.188+0000] {logging_mixin.py:188} INFO - [2026-06-03T12:14:12.188+0000] {dag.py:3820} INFO - Setting next_dagrun for example_local_kubernetes_executor to None, run_after=None
[2026-06-03T12:14:12.200+0000] {processor.py:183} INFO - Processing /home/airflow/.local/lib/python3.8/site-packages/airflow/example_dags/example_local_kubernetes_executor.py took 0.093 seconds
[2026-06-03T12:14:42.410+0000] {processor.py:161} INFO - Started process (PID=2908) to work on /home/airflow/.local/lib/python3.8/site-packages/airflow/example_dags/example_local_kubernetes_executor.py
[2026-06-03T12:14:42.412+0000] {processor.py:830} INFO - Processing file /home/airflow/.local/lib/python3.8/site-packages/airflow/example_dags/example_local_kubernetes_executor.py for tasks to queue
[2026-06-03T12:14:42.416+0000] {logging_mixin.py:188} INFO - [2026-06-03T12:14:42.416+0000] {dagbag.py:538} INFO - Filling up the DagBag from /home/airflow/.local/lib/python3.8/site-packages/airflow/example_dags/example_local_kubernetes_executor.py
[2026-06-03T12:14:42.444+0000] {processor.py:840} INFO - DAG(s) 'example_local_kubernetes_executor' retrieved from /home/airflow/.local/lib/python3.8/site-packages/airflow/example_dags/example_local_kubernetes_executor.py
[2026-06-03T12:14:42.485+0000] {logging_mixin.py:188} INFO - [2026-06-03T12:14:42.484+0000] {dag.py:3033} INFO - Sync 1 DAGs
[2026-06-03T12:14:42.492+0000] {logging_mixin.py:188} INFO - [2026-06-03T12:14:42.492+0000] {dag.py:3820} INFO - Setting next_dagrun for example_local_kubernetes_executor to None, run_after=None
[2026-06-03T12:14:42.507+0000] {processor.py:183} INFO - Processing /home/airflow/.local/lib/python3.8/site-packages/airflow/example_dags/example_local_kubernetes_executor.py took 0.102 seconds
[2026-06-03T12:15:12.866+0000] {processor.py:161} INFO - Started process (PID=2964) to work on /home/airflow/.local/lib/python3.8/site-packages/airflow/example_dags/example_local_kubernetes_executor.py
[2026-06-03T12:15:12.868+0000] {processor.py:830} INFO - Processing file /home/airflow/.local/lib/python3.8/site-packages/airflow/example_dags/example_local_kubernetes_executor.py for tasks to queue
[2026-06-03T12:15:12.874+0000] {logging_mixin.py:188} INFO - [2026-06-03T12:15:12.873+0000] {dagbag.py:538} INFO - Filling up the DagBag from /home/airflow/.local/lib/python3.8/site-packages/airflow/example_dags/example_local_kubernetes_executor.py
[2026-06-03T12:15:12.886+0000] {processor.py:840} INFO - DAG(s) 'example_local_kubernetes_executor' retrieved from /home/airflow/.local/lib/python3.8/site-packages/airflow/example_dags/example_local_kubernetes_executor.py
[2026-06-03T12:15:12.936+0000] {logging_mixin.py:188} INFO - [2026-06-03T12:15:12.936+0000] {dag.py:3033} INFO - Sync 1 DAGs
[2026-06-03T12:15:12.946+0000] {logging_mixin.py:188} INFO - [2026-06-03T12:15:12.946+0000] {dag.py:3820} INFO - Setting next_dagrun for example_local_kubernetes_executor to None, run_after=None
[2026-06-03T12:15:12.992+0000] {processor.py:183} INFO - Processing /home/airflow/.local/lib/python3.8/site-packages/airflow/example_dags/example_local_kubernetes_executor.py took 0.131 seconds
[2026-06-03T12:15:43.351+0000] {processor.py:161} INFO - Started process (PID=3020) to work on /home/airflow/.local/lib/python3.8/site-packages/airflow/example_dags/example_local_kubernetes_executor.py
[2026-06-03T12:15:43.354+0000] {processor.py:830} INFO - Processing file /home/airflow/.local/lib/python3.8/site-packages/airflow/example_dags/example_local_kubernetes_executor.py for tasks to queue
[2026-06-03T12:15:43.358+0000] {logging_mixin.py:188} INFO - [2026-06-03T12:15:43.358+0000] {dagbag.py:538} INFO - Filling up the DagBag from /home/airflow/.local/lib/python3.8/site-packages/airflow/example_dags/example_local_kubernetes_executor.py
[2026-06-03T12:15:43.373+0000] {processor.py:840} INFO - DAG(s) 'example_local_kubernetes_executor' retrieved from /home/airflow/.local/lib/python3.8/site-packages/airflow/example_dags/example_local_kubernetes_executor.py
[2026-06-03T12:15:43.414+0000] {logging_mixin.py:188} INFO - [2026-06-03T12:15:43.414+0000] {dag.py:3033} INFO - Sync 1 DAGs
[2026-06-03T12:15:43.422+0000] {logging_mixin.py:188} INFO - [2026-06-03T12:15:43.422+0000] {dag.py:3820} INFO - Setting next_dagrun for example_local_kubernetes_executor to None, run_after=None
[2026-06-03T12:15:43.436+0000] {processor.py:183} INFO - Processing /home/airflow/.local/lib/python3.8/site-packages/airflow/example_dags/example_local_kubernetes_executor.py took 0.092 seconds
[2026-06-03T12:16:14.122+0000] {processor.py:161} INFO - Started process (PID=3076) to work on /home/airflow/.local/lib/python3.8/site-packages/airflow/example_dags/example_local_kubernetes_executor.py
[2026-06-03T12:16:14.124+0000] {processor.py:830} INFO - Processing file /home/airflow/.local/lib/python3.8/site-packages/airflow/example_dags/example_local_kubernetes_executor.py for tasks to queue
[2026-06-03T12:16:14.137+0000] {logging_mixin.py:188} INFO - [2026-06-03T12:16:14.133+0000] {dagbag.py:538} INFO - Filling up the DagBag from /home/airflow/.local/lib/python3.8/site-packages/airflow/example_dags/example_local_kubernetes_executor.py
[2026-06-03T12:16:14.171+0000] {processor.py:840} INFO - DAG(s) 'example_local_kubernetes_executor' retrieved from /home/airflow/.local/lib/python3.8/site-packages/airflow/example_dags/example_local_kubernetes_executor.py
[2026-06-03T12:16:14.213+0000] {logging_mixin.py:188} INFO - [2026-06-03T12:16:14.212+0000] {dag.py:3033} INFO - Sync 1 DAGs
[2026-06-03T12:16:14.222+0000] {logging_mixin.py:188} INFO - [2026-06-03T12:16:14.221+0000] {dag.py:3820} INFO - Setting next_dagrun for example_local_kubernetes_executor to None, run_after=None
[2026-06-03T12:16:14.234+0000] {processor.py:183} INFO - Processing /home/airflow/.local/lib/python3.8/site-packages/airflow/example_dags/example_local_kubernetes_executor.py took 0.120 seconds
[2026-06-03T12:16:44.530+0000] {processor.py:161} INFO - Started process (PID=3132) to work on /home/airflow/.local/lib/python3.8/site-packages/airflow/example_dags/example_local_kubernetes_executor.py
[2026-06-03T12:16:44.534+0000] {processor.py:830} INFO - Processing file /home/airflow/.local/lib/python3.8/site-packages/airflow/example_dags/example_local_kubernetes_executor.py for tasks to queue
[2026-06-03T12:16:44.544+0000] {logging_mixin.py:188} INFO - [2026-06-03T12:16:44.544+0000] {dagbag.py:538} INFO - Filling up the DagBag from /home/airflow/.local/lib/python3.8/site-packages/airflow/example_dags/example_local_kubernetes_executor.py
[2026-06-03T12:16:44.571+0000] {processor.py:840} INFO - DAG(s) 'example_local_kubernetes_executor' retrieved from /home/airflow/.local/lib/python3.8/site-packages/airflow/example_dags/example_local_kubernetes_executor.py
[2026-06-03T12:16:44.628+0000] {logging_mixin.py:188} INFO - [2026-06-03T12:16:44.628+0000] {dag.py:3033} INFO - Sync 1 DAGs
[2026-06-03T12:16:44.639+0000] {logging_mixin.py:188} INFO - [2026-06-03T12:16:44.639+0000] {dag.py:3820} INFO - Setting next_dagrun for example_local_kubernetes_executor to None, run_after=None
[2026-06-03T12:16:44.658+0000] {processor.py:183} INFO - Processing /home/airflow/.local/lib/python3.8/site-packages/airflow/example_dags/example_local_kubernetes_executor.py took 0.155 seconds
[2026-06-03T12:17:15.699+0000] {processor.py:161} INFO - Started process (PID=3188) to work on /home/airflow/.local/lib/python3.8/site-packages/airflow/example_dags/example_local_kubernetes_executor.py
[2026-06-03T12:17:15.709+0000] {processor.py:830} INFO - Processing file /home/airflow/.local/lib/python3.8/site-packages/airflow/example_dags/example_local_kubernetes_executor.py for tasks to queue
[2026-06-03T12:17:15.724+0000] {logging_mixin.py:188} INFO - [2026-06-03T12:17:15.723+0000] {dagbag.py:538} INFO - Filling up the DagBag from /home/airflow/.local/lib/python3.8/site-packages/airflow/example_dags/example_local_kubernetes_executor.py
[2026-06-03T12:17:15.790+0000] {processor.py:840} INFO - DAG(s) 'example_local_kubernetes_executor' retrieved from /home/airflow/.local/lib/python3.8/site-packages/airflow/example_dags/example_local_kubernetes_executor.py
[2026-06-03T12:17:16.064+0000] {logging_mixin.py:188} INFO - [2026-06-03T12:17:16.063+0000] {dag.py:3033} INFO - Sync 1 DAGs
[2026-06-03T12:17:16.093+0000] {logging_mixin.py:188} INFO - [2026-06-03T12:17:16.093+0000] {dag.py:3820} INFO - Setting next_dagrun for example_local_kubernetes_executor to None, run_after=None
[2026-06-03T12:17:16.147+0000] {processor.py:183} INFO - Processing /home/airflow/.local/lib/python3.8/site-packages/airflow/example_dags/example_local_kubernetes_executor.py took 0.478 seconds
[2026-06-03T12:17:47.160+0000] {processor.py:161} INFO - Started process (PID=3243) to work on /home/airflow/.local/lib/python3.8/site-packages/airflow/example_dags/example_local_kubernetes_executor.py
[2026-06-03T12:17:47.164+0000] {processor.py:830} INFO - Processing file /home/airflow/.local/lib/python3.8/site-packages/airflow/example_dags/example_local_kubernetes_executor.py for tasks to queue
[2026-06-03T12:17:47.173+0000] {logging_mixin.py:188} INFO - [2026-06-03T12:17:47.173+0000] {dagbag.py:538} INFO - Filling up the DagBag from /home/airflow/.local/lib/python3.8/site-packages/airflow/example_dags/example_local_kubernetes_executor.py
[2026-06-03T12:17:47.203+0000] {processor.py:840} INFO - DAG(s) 'example_local_kubernetes_executor' retrieved from /home/airflow/.local/lib/python3.8/site-packages/airflow/example_dags/example_local_kubernetes_executor.py
[2026-06-03T12:17:47.253+0000] {logging_mixin.py:188} INFO - [2026-06-03T12:17:47.253+0000] {dag.py:3033} INFO - Sync 1 DAGs
[2026-06-03T12:17:47.267+0000] {logging_mixin.py:188} INFO - [2026-06-03T12:17:47.267+0000] {dag.py:3820} INFO - Setting next_dagrun for example_local_kubernetes_executor to None, run_after=None
[2026-06-03T12:17:47.282+0000] {processor.py:183} INFO - Processing /home/airflow/.local/lib/python3.8/site-packages/airflow/example_dags/example_local_kubernetes_executor.py took 0.137 seconds
[2026-06-03T12:18:17.668+0000] {processor.py:161} INFO - Started process (PID=3305) to work on /home/airflow/.local/lib/python3.8/site-packages/airflow/example_dags/example_local_kubernetes_executor.py
[2026-06-03T12:18:17.670+0000] {processor.py:830} INFO - Processing file /home/airflow/.local/lib/python3.8/site-packages/airflow/example_dags/example_local_kubernetes_executor.py for tasks to queue
[2026-06-03T12:18:17.689+0000] {logging_mixin.py:188} INFO - [2026-06-03T12:18:17.688+0000] {dagbag.py:538} INFO - Filling up the DagBag from /home/airflow/.local/lib/python3.8/site-packages/airflow/example_dags/example_local_kubernetes_executor.py
[2026-06-03T12:18:17.718+0000] {processor.py:840} INFO - DAG(s) 'example_local_kubernetes_executor' retrieved from /home/airflow/.local/lib/python3.8/site-packages/airflow/example_dags/example_local_kubernetes_executor.py
[2026-06-03T12:18:17.789+0000] {logging_mixin.py:188} INFO - [2026-06-03T12:18:17.789+0000] {dag.py:3033} INFO - Sync 1 DAGs
[2026-06-03T12:18:17.800+0000] {logging_mixin.py:188} INFO - [2026-06-03T12:18:17.800+0000] {dag.py:3820} INFO - Setting next_dagrun for example_local_kubernetes_executor to None, run_after=None
[2026-06-03T12:18:17.814+0000] {processor.py:183} INFO - Processing /home/airflow/.local/lib/python3.8/site-packages/airflow/example_dags/example_local_kubernetes_executor.py took 0.156 seconds
[2026-06-03T12:18:48.875+0000] {processor.py:161} INFO - Started process (PID=3361) to work on /home/airflow/.local/lib/python3.8/site-packages/airflow/example_dags/example_local_kubernetes_executor.py
[2026-06-03T12:18:48.882+0000] {processor.py:830} INFO - Processing file /home/airflow/.local/lib/python3.8/site-packages/airflow/example_dags/example_local_kubernetes_executor.py for tasks to queue
[2026-06-03T12:18:48.893+0000] {logging_mixin.py:188} INFO - [2026-06-03T12:18:48.893+0000] {dagbag.py:538} INFO - Filling up the DagBag from /home/airflow/.local/lib/python3.8/site-packages/airflow/example_dags/example_local_kubernetes_executor.py
[2026-06-03T12:18:48.916+0000] {processor.py:840} INFO - DAG(s) 'example_local_kubernetes_executor' retrieved from /home/airflow/.local/lib/python3.8/site-packages/airflow/example_dags/example_local_kubernetes_executor.py
[2026-06-03T12:18:49.029+0000] {logging_mixin.py:188} INFO - [2026-06-03T12:18:49.029+0000] {dag.py:3033} INFO - Sync 1 DAGs
[2026-06-03T12:18:49.038+0000] {logging_mixin.py:188} INFO - [2026-06-03T12:18:49.038+0000] {dag.py:3820} INFO - Setting next_dagrun for example_local_kubernetes_executor to None, run_after=None
[2026-06-03T12:18:49.054+0000] {processor.py:183} INFO - Processing /home/airflow/.local/lib/python3.8/site-packages/airflow/example_dags/example_local_kubernetes_executor.py took 0.185 seconds
[2026-06-03T12:19:19.912+0000] {processor.py:161} INFO - Started process (PID=3417) to work on /home/airflow/.local/lib/python3.8/site-packages/airflow/example_dags/example_local_kubernetes_executor.py
[2026-06-03T12:19:19.923+0000] {processor.py:830} INFO - Processing file /home/airflow/.local/lib/python3.8/site-packages/airflow/example_dags/example_local_kubernetes_executor.py for tasks to queue
[2026-06-03T12:19:19.930+0000] {logging_mixin.py:188} INFO - [2026-06-03T12:19:19.929+0000] {dagbag.py:538} INFO - Filling up the DagBag from /home/airflow/.local/lib/python3.8/site-packages/airflow/example_dags/example_local_kubernetes_executor.py
[2026-06-03T12:19:19.953+0000] {processor.py:840} INFO - DAG(s) 'example_local_kubernetes_executor' retrieved from /home/airflow/.local/lib/python3.8/site-packages/airflow/example_dags/example_local_kubernetes_executor.py
[2026-06-03T12:19:20.016+0000] {logging_mixin.py:188} INFO - [2026-06-03T12:19:20.015+0000] {dag.py:3033} INFO - Sync 1 DAGs
[2026-06-03T12:19:20.027+0000] {logging_mixin.py:188} INFO - [2026-06-03T12:19:20.027+0000] {dag.py:3820} INFO - Setting next_dagrun for example_local_kubernetes_executor to None, run_after=None
[2026-06-03T12:19:20.041+0000] {processor.py:183} INFO - Processing /home/airflow/.local/lib/python3.8/site-packages/airflow/example_dags/example_local_kubernetes_executor.py took 0.147 seconds
[2026-06-03T12:19:50.799+0000] {processor.py:161} INFO - Started process (PID=3474) to work on /home/airflow/.local/lib/python3.8/site-packages/airflow/example_dags/example_local_kubernetes_executor.py
[2026-06-03T12:19:50.811+0000] {processor.py:830} INFO - Processing file /home/airflow/.local/lib/python3.8/site-packages/airflow/example_dags/example_local_kubernetes_executor.py for tasks to queue
[2026-06-03T12:19:50.822+0000] {logging_mixin.py:188} INFO - [2026-06-03T12:19:50.821+0000] {dagbag.py:538} INFO - Filling up the DagBag from /home/airflow/.local/lib/python3.8/site-packages/airflow/example_dags/example_local_kubernetes_executor.py
[2026-06-03T12:19:50.851+0000] {processor.py:840} INFO - DAG(s) 'example_local_kubernetes_executor' retrieved from /home/airflow/.local/lib/python3.8/site-packages/airflow/example_dags/example_local_kubernetes_executor.py
[2026-06-03T12:19:50.918+0000] {logging_mixin.py:188} INFO - [2026-06-03T12:19:50.918+0000] {dag.py:3033} INFO - Sync 1 DAGs
[2026-06-03T12:19:50.929+0000] {logging_mixin.py:188} INFO - [2026-06-03T12:19:50.929+0000] {dag.py:3820} INFO - Setting next_dagrun for example_local_kubernetes_executor to None, run_after=None
[2026-06-03T12:19:50.945+0000] {processor.py:183} INFO - Processing /home/airflow/.local/lib/python3.8/site-packages/airflow/example_dags/example_local_kubernetes_executor.py took 0.165 seconds
[2026-06-03T12:20:21.076+0000] {processor.py:161} INFO - Started process (PID=3530) to work on /home/airflow/.local/lib/python3.8/site-packages/airflow/example_dags/example_local_kubernetes_executor.py
[2026-06-03T12:20:21.079+0000] {processor.py:830} INFO - Processing file /home/airflow/.local/lib/python3.8/site-packages/airflow/example_dags/example_local_kubernetes_executor.py for tasks to queue
[2026-06-03T12:20:21.086+0000] {logging_mixin.py:188} INFO - [2026-06-03T12:20:21.086+0000] {dagbag.py:538} INFO - Filling up the DagBag from /home/airflow/.local/lib/python3.8/site-packages/airflow/example_dags/example_local_kubernetes_executor.py
[2026-06-03T12:20:21.100+0000] {processor.py:840} INFO - DAG(s) 'example_local_kubernetes_executor' retrieved from /home/airflow/.local/lib/python3.8/site-packages/airflow/example_dags/example_local_kubernetes_executor.py
[2026-06-03T12:20:21.153+0000] {logging_mixin.py:188} INFO - [2026-06-03T12:20:21.153+0000] {dag.py:3033} INFO - Sync 1 DAGs
[2026-06-03T12:20:21.161+0000] {logging_mixin.py:188} INFO - [2026-06-03T12:20:21.161+0000] {dag.py:3820} INFO - Setting next_dagrun for example_local_kubernetes_executor to None, run_after=None
[2026-06-03T12:20:21.174+0000] {processor.py:183} INFO - Processing /home/airflow/.local/lib/python3.8/site-packages/airflow/example_dags/example_local_kubernetes_executor.py took 0.107 seconds
[2026-06-03T12:20:52.065+0000] {processor.py:161} INFO - Started process (PID=3587) to work on /home/airflow/.local/lib/python3.8/site-packages/airflow/example_dags/example_local_kubernetes_executor.py
[2026-06-03T12:20:52.074+0000] {processor.py:830} INFO - Processing file /home/airflow/.local/lib/python3.8/site-packages/airflow/example_dags/example_local_kubernetes_executor.py for tasks to queue
[2026-06-03T12:20:52.085+0000] {logging_mixin.py:188} INFO - [2026-06-03T12:20:52.085+0000] {dagbag.py:538} INFO - Filling up the DagBag from /home/airflow/.local/lib/python3.8/site-packages/airflow/example_dags/example_local_kubernetes_executor.py
[2026-06-03T12:20:52.099+0000] {processor.py:840} INFO - DAG(s) 'example_local_kubernetes_executor' retrieved from /home/airflow/.local/lib/python3.8/site-packages/airflow/example_dags/example_local_kubernetes_executor.py
[2026-06-03T12:20:52.147+0000] {logging_mixin.py:188} INFO - [2026-06-03T12:20:52.147+0000] {dag.py:3033} INFO - Sync 1 DAGs
[2026-06-03T12:20:52.156+0000] {logging_mixin.py:188} INFO - [2026-06-03T12:20:52.155+0000] {dag.py:3820} INFO - Setting next_dagrun for example_local_kubernetes_executor to None, run_after=None
[2026-06-03T12:20:52.167+0000] {processor.py:183} INFO - Processing /home/airflow/.local/lib/python3.8/site-packages/airflow/example_dags/example_local_kubernetes_executor.py took 0.111 seconds
[2026-06-03T12:21:22.520+0000] {processor.py:161} INFO - Started process (PID=3643) to work on /home/airflow/.local/lib/python3.8/site-packages/airflow/example_dags/example_local_kubernetes_executor.py
[2026-06-03T12:21:22.523+0000] {processor.py:830} INFO - Processing file /home/airflow/.local/lib/python3.8/site-packages/airflow/example_dags/example_local_kubernetes_executor.py for tasks to queue
[2026-06-03T12:21:22.530+0000] {logging_mixin.py:188} INFO - [2026-06-03T12:21:22.530+0000] {dagbag.py:538} INFO - Filling up the DagBag from /home/airflow/.local/lib/python3.8/site-packages/airflow/example_dags/example_local_kubernetes_executor.py
[2026-06-03T12:21:22.547+0000] {processor.py:840} INFO - DAG(s) 'example_local_kubernetes_executor' retrieved from /home/airflow/.local/lib/python3.8/site-packages/airflow/example_dags/example_local_kubernetes_executor.py
[2026-06-03T12:21:22.587+0000] {logging_mixin.py:188} INFO - [2026-06-03T12:21:22.586+0000] {dag.py:3033} INFO - Sync 1 DAGs
[2026-06-03T12:21:22.594+0000] {logging_mixin.py:188} INFO - [2026-06-03T12:21:22.594+0000] {dag.py:3820} INFO - Setting next_dagrun for example_local_kubernetes_executor to None, run_after=None
[2026-06-03T12:21:22.607+0000] {processor.py:183} INFO - Processing /home/airflow/.local/lib/python3.8/site-packages/airflow/example_dags/example_local_kubernetes_executor.py took 0.103 seconds
[2026-06-03T12:21:53.148+0000] {processor.py:161} INFO - Started process (PID=3699) to work on /home/airflow/.local/lib/python3.8/site-packages/airflow/example_dags/example_local_kubernetes_executor.py
[2026-06-03T12:21:53.150+0000] {processor.py:830} INFO - Processing file /home/airflow/.local/lib/python3.8/site-packages/airflow/example_dags/example_local_kubernetes_executor.py for tasks to queue
[2026-06-03T12:21:53.168+0000] {logging_mixin.py:188} INFO - [2026-06-03T12:21:53.166+0000] {dagbag.py:538} INFO - Filling up the DagBag from /home/airflow/.local/lib/python3.8/site-packages/airflow/example_dags/example_local_kubernetes_executor.py
[2026-06-03T12:21:53.185+0000] {processor.py:840} INFO - DAG(s) 'example_local_kubernetes_executor' retrieved from /home/airflow/.local/lib/python3.8/site-packages/airflow/example_dags/example_local_kubernetes_executor.py
[2026-06-03T12:21:53.235+0000] {logging_mixin.py:188} INFO - [2026-06-03T12:21:53.235+0000] {dag.py:3033} INFO - Sync 1 DAGs
[2026-06-03T12:21:53.244+0000] {logging_mixin.py:188} INFO - [2026-06-03T12:21:53.244+0000] {dag.py:3820} INFO - Setting next_dagrun for example_local_kubernetes_executor to None, run_after=None
[2026-06-03T12:21:53.260+0000] {processor.py:183} INFO - Processing /home/airflow/.local/lib/python3.8/site-packages/airflow/example_dags/example_local_kubernetes_executor.py took 0.118 seconds
[2026-06-03T12:22:24.038+0000] {processor.py:161} INFO - Started process (PID=3755) to work on /home/airflow/.local/lib/python3.8/site-packages/airflow/example_dags/example_local_kubernetes_executor.py
[2026-06-03T12:22:24.041+0000] {processor.py:830} INFO - Processing file /home/airflow/.local/lib/python3.8/site-packages/airflow/example_dags/example_local_kubernetes_executor.py for tasks to queue
[2026-06-03T12:22:24.047+0000] {logging_mixin.py:188} INFO - [2026-06-03T12:22:24.047+0000] {dagbag.py:538} INFO - Filling up the DagBag from /home/airflow/.local/lib/python3.8/site-packages/airflow/example_dags/example_local_kubernetes_executor.py
[2026-06-03T12:22:24.070+0000] {processor.py:840} INFO - DAG(s) 'example_local_kubernetes_executor' retrieved from /home/airflow/.local/lib/python3.8/site-packages/airflow/example_dags/example_local_kubernetes_executor.py
[2026-06-03T12:22:24.114+0000] {logging_mixin.py:188} INFO - [2026-06-03T12:22:24.114+0000] {dag.py:3033} INFO - Sync 1 DAGs
[2026-06-03T12:22:24.126+0000] {logging_mixin.py:188} INFO - [2026-06-03T12:22:24.126+0000] {dag.py:3820} INFO - Setting next_dagrun for example_local_kubernetes_executor to None, run_after=None
[2026-06-03T12:22:24.146+0000] {processor.py:183} INFO - Processing /home/airflow/.local/lib/python3.8/site-packages/airflow/example_dags/example_local_kubernetes_executor.py took 0.122 seconds
[2026-06-03T12:22:54.967+0000] {processor.py:161} INFO - Started process (PID=3811) to work on /home/airflow/.local/lib/python3.8/site-packages/airflow/example_dags/example_local_kubernetes_executor.py
[2026-06-03T12:22:54.970+0000] {processor.py:830} INFO - Processing file /home/airflow/.local/lib/python3.8/site-packages/airflow/example_dags/example_local_kubernetes_executor.py for tasks to queue
[2026-06-03T12:22:54.976+0000] {logging_mixin.py:188} INFO - [2026-06-03T12:22:54.975+0000] {dagbag.py:538} INFO - Filling up the DagBag from /home/airflow/.local/lib/python3.8/site-packages/airflow/example_dags/example_local_kubernetes_executor.py
[2026-06-03T12:22:54.988+0000] {processor.py:840} INFO - DAG(s) 'example_local_kubernetes_executor' retrieved from /home/airflow/.local/lib/python3.8/site-packages/airflow/example_dags/example_local_kubernetes_executor.py
[2026-06-03T12:22:55.036+0000] {logging_mixin.py:188} INFO - [2026-06-03T12:22:55.036+0000] {dag.py:3033} INFO - Sync 1 DAGs
[2026-06-03T12:22:55.054+0000] {logging_mixin.py:188} INFO - [2026-06-03T12:22:55.054+0000] {dag.py:3820} INFO - Setting next_dagrun for example_local_kubernetes_executor to None, run_after=None
[2026-06-03T12:22:55.064+0000] {processor.py:183} INFO - Processing /home/airflow/.local/lib/python3.8/site-packages/airflow/example_dags/example_local_kubernetes_executor.py took 0.116 seconds
[2026-06-03T12:23:25.361+0000] {processor.py:161} INFO - Started process (PID=3867) to work on /home/airflow/.local/lib/python3.8/site-packages/airflow/example_dags/example_local_kubernetes_executor.py
[2026-06-03T12:23:25.364+0000] {processor.py:830} INFO - Processing file /home/airflow/.local/lib/python3.8/site-packages/airflow/example_dags/example_local_kubernetes_executor.py for tasks to queue
[2026-06-03T12:23:25.376+0000] {logging_mixin.py:188} INFO - [2026-06-03T12:23:25.375+0000] {dagbag.py:538} INFO - Filling up the DagBag from /home/airflow/.local/lib/python3.8/site-packages/airflow/example_dags/example_local_kubernetes_executor.py
[2026-06-03T12:23:25.387+0000] {processor.py:840} INFO - DAG(s) 'example_local_kubernetes_executor' retrieved from /home/airflow/.local/lib/python3.8/site-packages/airflow/example_dags/example_local_kubernetes_executor.py
[2026-06-03T12:23:25.423+0000] {logging_mixin.py:188} INFO - [2026-06-03T12:23:25.423+0000] {dag.py:3033} INFO - Sync 1 DAGs
[2026-06-03T12:23:25.442+0000] {logging_mixin.py:188} INFO - [2026-06-03T12:23:25.442+0000] {dag.py:3820} INFO - Setting next_dagrun for example_local_kubernetes_executor to None, run_after=None
[2026-06-03T12:23:25.455+0000] {processor.py:183} INFO - Processing /home/airflow/.local/lib/python3.8/site-packages/airflow/example_dags/example_local_kubernetes_executor.py took 0.105 seconds
[2026-06-03T12:23:55.650+0000] {processor.py:161} INFO - Started process (PID=3923) to work on /home/airflow/.local/lib/python3.8/site-packages/airflow/example_dags/example_local_kubernetes_executor.py
[2026-06-03T12:23:55.661+0000] {processor.py:830} INFO - Processing file /home/airflow/.local/lib/python3.8/site-packages/airflow/example_dags/example_local_kubernetes_executor.py for tasks to queue
[2026-06-03T12:23:55.672+0000] {logging_mixin.py:188} INFO - [2026-06-03T12:23:55.672+0000] {dagbag.py:538} INFO - Filling up the DagBag from /home/airflow/.local/lib/python3.8/site-packages/airflow/example_dags/example_local_kubernetes_executor.py
[2026-06-03T12:23:55.698+0000] {processor.py:840} INFO - DAG(s) 'example_local_kubernetes_executor' retrieved from /home/airflow/.local/lib/python3.8/site-packages/airflow/example_dags/example_local_kubernetes_executor.py
[2026-06-03T12:23:55.783+0000] {logging_mixin.py:188} INFO - [2026-06-03T12:23:55.783+0000] {dag.py:3033} INFO - Sync 1 DAGs
[2026-06-03T12:23:55.798+0000] {logging_mixin.py:188} INFO - [2026-06-03T12:23:55.798+0000] {dag.py:3820} INFO - Setting next_dagrun for example_local_kubernetes_executor to None, run_after=None
[2026-06-03T12:23:55.823+0000] {processor.py:183} INFO - Processing /home/airflow/.local/lib/python3.8/site-packages/airflow/example_dags/example_local_kubernetes_executor.py took 0.185 seconds
[2026-06-03T12:24:26.706+0000] {processor.py:161} INFO - Started process (PID=3979) to work on /home/airflow/.local/lib/python3.8/site-packages/airflow/example_dags/example_local_kubernetes_executor.py
[2026-06-03T12:24:26.715+0000] {processor.py:830} INFO - Processing file /home/airflow/.local/lib/python3.8/site-packages/airflow/example_dags/example_local_kubernetes_executor.py for tasks to queue
[2026-06-03T12:24:26.721+0000] {logging_mixin.py:188} INFO - [2026-06-03T12:24:26.720+0000] {dagbag.py:538} INFO - Filling up the DagBag from /home/airflow/.local/lib/python3.8/site-packages/airflow/example_dags/example_local_kubernetes_executor.py
[2026-06-03T12:24:26.733+0000] {processor.py:840} INFO - DAG(s) 'example_local_kubernetes_executor' retrieved from /home/airflow/.local/lib/python3.8/site-packages/airflow/example_dags/example_local_kubernetes_executor.py
[2026-06-03T12:24:26.785+0000] {logging_mixin.py:188} INFO - [2026-06-03T12:24:26.785+0000] {dag.py:3033} INFO - Sync 1 DAGs
[2026-06-03T12:24:26.791+0000] {logging_mixin.py:188} INFO - [2026-06-03T12:24:26.791+0000] {dag.py:3820} INFO - Setting next_dagrun for example_local_kubernetes_executor to None, run_after=None
[2026-06-03T12:24:26.801+0000] {processor.py:183} INFO - Processing /home/airflow/.local/lib/python3.8/site-packages/airflow/example_dags/example_local_kubernetes_executor.py took 0.109 seconds
[2026-06-03T12:24:57.168+0000] {processor.py:161} INFO - Started process (PID=4035) to work on /home/airflow/.local/lib/python3.8/site-packages/airflow/example_dags/example_local_kubernetes_executor.py
[2026-06-03T12:24:57.172+0000] {processor.py:830} INFO - Processing file /home/airflow/.local/lib/python3.8/site-packages/airflow/example_dags/example_local_kubernetes_executor.py for tasks to queue
[2026-06-03T12:24:57.176+0000] {logging_mixin.py:188} INFO - [2026-06-03T12:24:57.176+0000] {dagbag.py:538} INFO - Filling up the DagBag from /home/airflow/.local/lib/python3.8/site-packages/airflow/example_dags/example_local_kubernetes_executor.py
[2026-06-03T12:24:57.192+0000] {processor.py:840} INFO - DAG(s) 'example_local_kubernetes_executor' retrieved from /home/airflow/.local/lib/python3.8/site-packages/airflow/example_dags/example_local_kubernetes_executor.py
[2026-06-03T12:24:57.244+0000] {logging_mixin.py:188} INFO - [2026-06-03T12:24:57.244+0000] {dag.py:3033} INFO - Sync 1 DAGs
[2026-06-03T12:24:57.254+0000] {logging_mixin.py:188} INFO - [2026-06-03T12:24:57.254+0000] {dag.py:3820} INFO - Setting next_dagrun for example_local_kubernetes_executor to None, run_after=None
[2026-06-03T12:24:57.275+0000] {processor.py:183} INFO - Processing /home/airflow/.local/lib/python3.8/site-packages/airflow/example_dags/example_local_kubernetes_executor.py took 0.129 seconds
[2026-06-03T12:25:27.638+0000] {processor.py:161} INFO - Started process (PID=4091) to work on /home/airflow/.local/lib/python3.8/site-packages/airflow/example_dags/example_local_kubernetes_executor.py
[2026-06-03T12:25:27.640+0000] {processor.py:830} INFO - Processing file /home/airflow/.local/lib/python3.8/site-packages/airflow/example_dags/example_local_kubernetes_executor.py for tasks to queue
[2026-06-03T12:25:27.646+0000] {logging_mixin.py:188} INFO - [2026-06-03T12:25:27.645+0000] {dagbag.py:538} INFO - Filling up the DagBag from /home/airflow/.local/lib/python3.8/site-packages/airflow/example_dags/example_local_kubernetes_executor.py
[2026-06-03T12:25:27.671+0000] {processor.py:840} INFO - DAG(s) 'example_local_kubernetes_executor' retrieved from /home/airflow/.local/lib/python3.8/site-packages/airflow/example_dags/example_local_kubernetes_executor.py
[2026-06-03T12:25:27.721+0000] {logging_mixin.py:188} INFO - [2026-06-03T12:25:27.721+0000] {dag.py:3033} INFO - Sync 1 DAGs
[2026-06-03T12:25:27.731+0000] {logging_mixin.py:188} INFO - [2026-06-03T12:25:27.731+0000] {dag.py:3820} INFO - Setting next_dagrun for example_local_kubernetes_executor to None, run_after=None
[2026-06-03T12:25:27.741+0000] {processor.py:183} INFO - Processing /home/airflow/.local/lib/python3.8/site-packages/airflow/example_dags/example_local_kubernetes_executor.py took 0.121 seconds
[2026-06-03T12:25:57.813+0000] {processor.py:161} INFO - Started process (PID=4147) to work on /home/airflow/.local/lib/python3.8/site-packages/airflow/example_dags/example_local_kubernetes_executor.py
[2026-06-03T12:25:57.816+0000] {processor.py:830} INFO - Processing file /home/airflow/.local/lib/python3.8/site-packages/airflow/example_dags/example_local_kubernetes_executor.py for tasks to queue
[2026-06-03T12:25:57.832+0000] {logging_mixin.py:188} INFO - [2026-06-03T12:25:57.827+0000] {dagbag.py:538} INFO - Filling up the DagBag from /home/airflow/.local/lib/python3.8/site-packages/airflow/example_dags/example_local_kubernetes_executor.py
[2026-06-03T12:25:57.852+0000] {processor.py:840} INFO - DAG(s) 'example_local_kubernetes_executor' retrieved from /home/airflow/.local/lib/python3.8/site-packages/airflow/example_dags/example_local_kubernetes_executor.py
[2026-06-03T12:25:57.918+0000] {logging_mixin.py:188} INFO - [2026-06-03T12:25:57.918+0000] {dag.py:3033} INFO - Sync 1 DAGs
[2026-06-03T12:25:57.927+0000] {logging_mixin.py:188} INFO - [2026-06-03T12:25:57.927+0000] {dag.py:3820} INFO - Setting next_dagrun for example_local_kubernetes_executor to None, run_after=None
[2026-06-03T12:25:57.939+0000] {processor.py:183} INFO - Processing /home/airflow/.local/lib/python3.8/site-packages/airflow/example_dags/example_local_kubernetes_executor.py took 0.136 seconds
[2026-06-03T12:26:28.124+0000] {processor.py:161} INFO - Started process (PID=4204) to work on /home/airflow/.local/lib/python3.8/site-packages/airflow/example_dags/example_local_kubernetes_executor.py
[2026-06-03T12:26:28.126+0000] {processor.py:830} INFO - Processing file /home/airflow/.local/lib/python3.8/site-packages/airflow/example_dags/example_local_kubernetes_executor.py for tasks to queue
[2026-06-03T12:26:28.127+0000] {logging_mixin.py:188} INFO - [2026-06-03T12:26:28.127+0000] {dagbag.py:538} INFO - Filling up the DagBag from /home/airflow/.local/lib/python3.8/site-packages/airflow/example_dags/example_local_kubernetes_executor.py
[2026-06-03T12:26:28.137+0000] {processor.py:840} INFO - DAG(s) 'example_local_kubernetes_executor' retrieved from /home/airflow/.local/lib/python3.8/site-packages/airflow/example_dags/example_local_kubernetes_executor.py
[2026-06-03T12:26:28.172+0000] {logging_mixin.py:188} INFO - [2026-06-03T12:26:28.171+0000] {dag.py:3033} INFO - Sync 1 DAGs
[2026-06-03T12:26:28.179+0000] {logging_mixin.py:188} INFO - [2026-06-03T12:26:28.179+0000] {dag.py:3820} INFO - Setting next_dagrun for example_local_kubernetes_executor to None, run_after=None
[2026-06-03T12:26:28.200+0000] {processor.py:183} INFO - Processing /home/airflow/.local/lib/python3.8/site-packages/airflow/example_dags/example_local_kubernetes_executor.py took 0.078 seconds
[2026-06-03T12:26:58.328+0000] {processor.py:161} INFO - Started process (PID=4259) to work on /home/airflow/.local/lib/python3.8/site-packages/airflow/example_dags/example_local_kubernetes_executor.py
[2026-06-03T12:26:58.330+0000] {processor.py:830} INFO - Processing file /home/airflow/.local/lib/python3.8/site-packages/airflow/example_dags/example_local_kubernetes_executor.py for tasks to queue
[2026-06-03T12:26:58.337+0000] {logging_mixin.py:188} INFO - [2026-06-03T12:26:58.337+0000] {dagbag.py:538} INFO - Filling up the DagBag from /home/airflow/.local/lib/python3.8/site-packages/airflow/example_dags/example_local_kubernetes_executor.py
[2026-06-03T12:26:58.359+0000] {processor.py:840} INFO - DAG(s) 'example_local_kubernetes_executor' retrieved from /home/airflow/.local/lib/python3.8/site-packages/airflow/example_dags/example_local_kubernetes_executor.py
[2026-06-03T12:26:58.409+0000] {logging_mixin.py:188} INFO - [2026-06-03T12:26:58.409+0000] {dag.py:3033} INFO - Sync 1 DAGs
[2026-06-03T12:26:58.423+0000] {logging_mixin.py:188} INFO - [2026-06-03T12:26:58.423+0000] {dag.py:3820} INFO - Setting next_dagrun for example_local_kubernetes_executor to None, run_after=None
[2026-06-03T12:26:58.436+0000] {processor.py:183} INFO - Processing /home/airflow/.local/lib/python3.8/site-packages/airflow/example_dags/example_local_kubernetes_executor.py took 0.125 seconds
[2026-06-03T12:27:28.550+0000] {processor.py:161} INFO - Started process (PID=4315) to work on /home/airflow/.local/lib/python3.8/site-packages/airflow/example_dags/example_local_kubernetes_executor.py
[2026-06-03T12:27:28.552+0000] {processor.py:830} INFO - Processing file /home/airflow/.local/lib/python3.8/site-packages/airflow/example_dags/example_local_kubernetes_executor.py for tasks to queue
[2026-06-03T12:27:28.562+0000] {logging_mixin.py:188} INFO - [2026-06-03T12:27:28.561+0000] {dagbag.py:538} INFO - Filling up the DagBag from /home/airflow/.local/lib/python3.8/site-packages/airflow/example_dags/example_local_kubernetes_executor.py
[2026-06-03T12:27:28.576+0000] {processor.py:840} INFO - DAG(s) 'example_local_kubernetes_executor' retrieved from /home/airflow/.local/lib/python3.8/site-packages/airflow/example_dags/example_local_kubernetes_executor.py
[2026-06-03T12:27:28.626+0000] {logging_mixin.py:188} INFO - [2026-06-03T12:27:28.626+0000] {dag.py:3033} INFO - Sync 1 DAGs
[2026-06-03T12:27:28.633+0000] {logging_mixin.py:188} INFO - [2026-06-03T12:27:28.633+0000] {dag.py:3820} INFO - Setting next_dagrun for example_local_kubernetes_executor to None, run_after=None
[2026-06-03T12:27:28.645+0000] {processor.py:183} INFO - Processing /home/airflow/.local/lib/python3.8/site-packages/airflow/example_dags/example_local_kubernetes_executor.py took 0.103 seconds
[2026-06-03T12:27:58.757+0000] {processor.py:161} INFO - Started process (PID=4371) to work on /home/airflow/.local/lib/python3.8/site-packages/airflow/example_dags/example_local_kubernetes_executor.py
[2026-06-03T12:27:58.762+0000] {processor.py:830} INFO - Processing file /home/airflow/.local/lib/python3.8/site-packages/airflow/example_dags/example_local_kubernetes_executor.py for tasks to queue
[2026-06-03T12:27:58.767+0000] {logging_mixin.py:188} INFO - [2026-06-03T12:27:58.766+0000] {dagbag.py:538} INFO - Filling up the DagBag from /home/airflow/.local/lib/python3.8/site-packages/airflow/example_dags/example_local_kubernetes_executor.py
[2026-06-03T12:27:58.781+0000] {processor.py:840} INFO - DAG(s) 'example_local_kubernetes_executor' retrieved from /home/airflow/.local/lib/python3.8/site-packages/airflow/example_dags/example_local_kubernetes_executor.py
[2026-06-03T12:27:58.831+0000] {logging_mixin.py:188} INFO - [2026-06-03T12:27:58.831+0000] {dag.py:3033} INFO - Sync 1 DAGs
[2026-06-03T12:27:58.838+0000] {logging_mixin.py:188} INFO - [2026-06-03T12:27:58.838+0000] {dag.py:3820} INFO - Setting next_dagrun for example_local_kubernetes_executor to None, run_after=None
[2026-06-03T12:27:58.851+0000] {processor.py:183} INFO - Processing /home/airflow/.local/lib/python3.8/site-packages/airflow/example_dags/example_local_kubernetes_executor.py took 0.111 seconds
[2026-06-03T12:28:29.194+0000] {processor.py:161} INFO - Started process (PID=4427) to work on /home/airflow/.local/lib/python3.8/site-packages/airflow/example_dags/example_local_kubernetes_executor.py
[2026-06-03T12:28:29.196+0000] {processor.py:830} INFO - Processing file /home/airflow/.local/lib/python3.8/site-packages/airflow/example_dags/example_local_kubernetes_executor.py for tasks to queue
[2026-06-03T12:28:29.201+0000] {logging_mixin.py:188} INFO - [2026-06-03T12:28:29.200+0000] {dagbag.py:538} INFO - Filling up the DagBag from /home/airflow/.local/lib/python3.8/site-packages/airflow/example_dags/example_local_kubernetes_executor.py
[2026-06-03T12:28:29.228+0000] {processor.py:840} INFO - DAG(s) 'example_local_kubernetes_executor' retrieved from /home/airflow/.local/lib/python3.8/site-packages/airflow/example_dags/example_local_kubernetes_executor.py
[2026-06-03T12:28:29.284+0000] {logging_mixin.py:188} INFO - [2026-06-03T12:28:29.283+0000] {dag.py:3033} INFO - Sync 1 DAGs
[2026-06-03T12:28:29.292+0000] {logging_mixin.py:188} INFO - [2026-06-03T12:28:29.292+0000] {dag.py:3820} INFO - Setting next_dagrun for example_local_kubernetes_executor to None, run_after=None
[2026-06-03T12:28:29.306+0000] {processor.py:183} INFO - Processing /home/airflow/.local/lib/python3.8/site-packages/airflow/example_dags/example_local_kubernetes_executor.py took 0.139 seconds
[2026-06-03T12:28:59.501+0000] {processor.py:161} INFO - Started process (PID=4483) to work on /home/airflow/.local/lib/python3.8/site-packages/airflow/example_dags/example_local_kubernetes_executor.py
[2026-06-03T12:28:59.503+0000] {processor.py:830} INFO - Processing file /home/airflow/.local/lib/python3.8/site-packages/airflow/example_dags/example_local_kubernetes_executor.py for tasks to queue
[2026-06-03T12:28:59.508+0000] {logging_mixin.py:188} INFO - [2026-06-03T12:28:59.507+0000] {dagbag.py:538} INFO - Filling up the DagBag from /home/airflow/.local/lib/python3.8/site-packages/airflow/example_dags/example_local_kubernetes_executor.py
[2026-06-03T12:28:59.539+0000] {processor.py:840} INFO - DAG(s) 'example_local_kubernetes_executor' retrieved from /home/airflow/.local/lib/python3.8/site-packages/airflow/example_dags/example_local_kubernetes_executor.py
[2026-06-03T12:28:59.581+0000] {logging_mixin.py:188} INFO - [2026-06-03T12:28:59.581+0000] {dag.py:3033} INFO - Sync 1 DAGs
[2026-06-03T12:28:59.590+0000] {logging_mixin.py:188} INFO - [2026-06-03T12:28:59.590+0000] {dag.py:3820} INFO - Setting next_dagrun for example_local_kubernetes_executor to None, run_after=None
[2026-06-03T12:28:59.601+0000] {processor.py:183} INFO - Processing /home/airflow/.local/lib/python3.8/site-packages/airflow/example_dags/example_local_kubernetes_executor.py took 0.108 seconds
[2026-06-03T12:29:29.918+0000] {processor.py:161} INFO - Started process (PID=4539) to work on /home/airflow/.local/lib/python3.8/site-packages/airflow/example_dags/example_local_kubernetes_executor.py
[2026-06-03T12:29:29.920+0000] {processor.py:830} INFO - Processing file /home/airflow/.local/lib/python3.8/site-packages/airflow/example_dags/example_local_kubernetes_executor.py for tasks to queue
[2026-06-03T12:29:29.927+0000] {logging_mixin.py:188} INFO - [2026-06-03T12:29:29.927+0000] {dagbag.py:538} INFO - Filling up the DagBag from /home/airflow/.local/lib/python3.8/site-packages/airflow/example_dags/example_local_kubernetes_executor.py
[2026-06-03T12:29:29.956+0000] {processor.py:840} INFO - DAG(s) 'example_local_kubernetes_executor' retrieved from /home/airflow/.local/lib/python3.8/site-packages/airflow/example_dags/example_local_kubernetes_executor.py
[2026-06-03T12:29:30.021+0000] {logging_mixin.py:188} INFO - [2026-06-03T12:29:30.020+0000] {dag.py:3033} INFO - Sync 1 DAGs
[2026-06-03T12:29:30.035+0000] {logging_mixin.py:188} INFO - [2026-06-03T12:29:30.034+0000] {dag.py:3820} INFO - Setting next_dagrun for example_local_kubernetes_executor to None, run_after=None
[2026-06-03T12:29:30.060+0000] {processor.py:183} INFO - Processing /home/airflow/.local/lib/python3.8/site-packages/airflow/example_dags/example_local_kubernetes_executor.py took 0.164 seconds
[2026-06-03T12:30:00.485+0000] {processor.py:161} INFO - Started process (PID=4594) to work on /home/airflow/.local/lib/python3.8/site-packages/airflow/example_dags/example_local_kubernetes_executor.py
[2026-06-03T12:30:00.487+0000] {processor.py:830} INFO - Processing file /home/airflow/.local/lib/python3.8/site-packages/airflow/example_dags/example_local_kubernetes_executor.py for tasks to queue
[2026-06-03T12:30:00.492+0000] {logging_mixin.py:188} INFO - [2026-06-03T12:30:00.491+0000] {dagbag.py:538} INFO - Filling up the DagBag from /home/airflow/.local/lib/python3.8/site-packages/airflow/example_dags/example_local_kubernetes_executor.py
[2026-06-03T12:30:00.530+0000] {processor.py:840} INFO - DAG(s) 'example_local_kubernetes_executor' retrieved from /home/airflow/.local/lib/python3.8/site-packages/airflow/example_dags/example_local_kubernetes_executor.py
[2026-06-03T12:30:00.588+0000] {logging_mixin.py:188} INFO - [2026-06-03T12:30:00.588+0000] {dag.py:3033} INFO - Sync 1 DAGs
[2026-06-03T12:30:00.597+0000] {logging_mixin.py:188} INFO - [2026-06-03T12:30:00.597+0000] {dag.py:3820} INFO - Setting next_dagrun for example_local_kubernetes_executor to None, run_after=None
[2026-06-03T12:30:00.619+0000] {processor.py:183} INFO - Processing /home/airflow/.local/lib/python3.8/site-packages/airflow/example_dags/example_local_kubernetes_executor.py took 0.142 seconds
[2026-06-03T12:30:31.104+0000] {processor.py:161} INFO - Started process (PID=4650) to work on /home/airflow/.local/lib/python3.8/site-packages/airflow/example_dags/example_local_kubernetes_executor.py
[2026-06-03T12:30:31.106+0000] {processor.py:830} INFO - Processing file /home/airflow/.local/lib/python3.8/site-packages/airflow/example_dags/example_local_kubernetes_executor.py for tasks to queue
[2026-06-03T12:30:31.116+0000] {logging_mixin.py:188} INFO - [2026-06-03T12:30:31.115+0000] {dagbag.py:538} INFO - Filling up the DagBag from /home/airflow/.local/lib/python3.8/site-packages/airflow/example_dags/example_local_kubernetes_executor.py
[2026-06-03T12:30:31.130+0000] {processor.py:840} INFO - DAG(s) 'example_local_kubernetes_executor' retrieved from /home/airflow/.local/lib/python3.8/site-packages/airflow/example_dags/example_local_kubernetes_executor.py
[2026-06-03T12:30:31.198+0000] {logging_mixin.py:188} INFO - [2026-06-03T12:30:31.198+0000] {dag.py:3033} INFO - Sync 1 DAGs
[2026-06-03T12:30:31.207+0000] {logging_mixin.py:188} INFO - [2026-06-03T12:30:31.207+0000] {dag.py:3820} INFO - Setting next_dagrun for example_local_kubernetes_executor to None, run_after=None
[2026-06-03T12:30:31.225+0000] {processor.py:183} INFO - Processing /home/airflow/.local/lib/python3.8/site-packages/airflow/example_dags/example_local_kubernetes_executor.py took 0.132 seconds
[2026-06-03T12:31:01.619+0000] {processor.py:161} INFO - Started process (PID=4706) to work on /home/airflow/.local/lib/python3.8/site-packages/airflow/example_dags/example_local_kubernetes_executor.py
[2026-06-03T12:31:01.624+0000] {processor.py:830} INFO - Processing file /home/airflow/.local/lib/python3.8/site-packages/airflow/example_dags/example_local_kubernetes_executor.py for tasks to queue
[2026-06-03T12:31:01.635+0000] {logging_mixin.py:188} INFO - [2026-06-03T12:31:01.634+0000] {dagbag.py:538} INFO - Filling up the DagBag from /home/airflow/.local/lib/python3.8/site-packages/airflow/example_dags/example_local_kubernetes_executor.py
[2026-06-03T12:31:01.653+0000] {processor.py:840} INFO - DAG(s) 'example_local_kubernetes_executor' retrieved from /home/airflow/.local/lib/python3.8/site-packages/airflow/example_dags/example_local_kubernetes_executor.py
[2026-06-03T12:31:01.713+0000] {logging_mixin.py:188} INFO - [2026-06-03T12:31:01.713+0000] {dag.py:3033} INFO - Sync 1 DAGs
[2026-06-03T12:31:01.724+0000] {logging_mixin.py:188} INFO - [2026-06-03T12:31:01.724+0000] {dag.py:3820} INFO - Setting next_dagrun for example_local_kubernetes_executor to None, run_after=None
[2026-06-03T12:31:01.739+0000] {processor.py:183} INFO - Processing /home/airflow/.local/lib/python3.8/site-packages/airflow/example_dags/example_local_kubernetes_executor.py took 0.139 seconds
[2026-06-03T12:31:32.276+0000] {processor.py:161} INFO - Started process (PID=4762) to work on /home/airflow/.local/lib/python3.8/site-packages/airflow/example_dags/example_local_kubernetes_executor.py
[2026-06-03T12:31:32.278+0000] {processor.py:830} INFO - Processing file /home/airflow/.local/lib/python3.8/site-packages/airflow/example_dags/example_local_kubernetes_executor.py for tasks to queue
[2026-06-03T12:31:32.281+0000] {logging_mixin.py:188} INFO - [2026-06-03T12:31:32.281+0000] {dagbag.py:538} INFO - Filling up the DagBag from /home/airflow/.local/lib/python3.8/site-packages/airflow/example_dags/example_local_kubernetes_executor.py
[2026-06-03T12:31:32.306+0000] {processor.py:840} INFO - DAG(s) 'example_local_kubernetes_executor' retrieved from /home/airflow/.local/lib/python3.8/site-packages/airflow/example_dags/example_local_kubernetes_executor.py
[2026-06-03T12:31:32.369+0000] {logging_mixin.py:188} INFO - [2026-06-03T12:31:32.369+0000] {dag.py:3033} INFO - Sync 1 DAGs
[2026-06-03T12:31:32.378+0000] {logging_mixin.py:188} INFO - [2026-06-03T12:31:32.378+0000] {dag.py:3820} INFO - Setting next_dagrun for example_local_kubernetes_executor to None, run_after=None
[2026-06-03T12:31:32.397+0000] {processor.py:183} INFO - Processing /home/airflow/.local/lib/python3.8/site-packages/airflow/example_dags/example_local_kubernetes_executor.py took 0.128 seconds
[2026-06-03T12:32:03.219+0000] {processor.py:161} INFO - Started process (PID=4818) to work on /home/airflow/.local/lib/python3.8/site-packages/airflow/example_dags/example_local_kubernetes_executor.py
[2026-06-03T12:32:03.223+0000] {processor.py:830} INFO - Processing file /home/airflow/.local/lib/python3.8/site-packages/airflow/example_dags/example_local_kubernetes_executor.py for tasks to queue
[2026-06-03T12:32:03.244+0000] {logging_mixin.py:188} INFO - [2026-06-03T12:32:03.243+0000] {dagbag.py:538} INFO - Filling up the DagBag from /home/airflow/.local/lib/python3.8/site-packages/airflow/example_dags/example_local_kubernetes_executor.py
[2026-06-03T12:32:03.267+0000] {processor.py:840} INFO - DAG(s) 'example_local_kubernetes_executor' retrieved from /home/airflow/.local/lib/python3.8/site-packages/airflow/example_dags/example_local_kubernetes_executor.py
[2026-06-03T12:32:03.320+0000] {logging_mixin.py:188} INFO - [2026-06-03T12:32:03.320+0000] {dag.py:3033} INFO - Sync 1 DAGs
[2026-06-03T12:32:03.330+0000] {logging_mixin.py:188} INFO - [2026-06-03T12:32:03.330+0000] {dag.py:3820} INFO - Setting next_dagrun for example_local_kubernetes_executor to None, run_after=None
[2026-06-03T12:32:03.344+0000] {processor.py:183} INFO - Processing /home/airflow/.local/lib/python3.8/site-packages/airflow/example_dags/example_local_kubernetes_executor.py took 0.139 seconds
[2026-06-03T12:32:33.994+0000] {processor.py:161} INFO - Started process (PID=4874) to work on /home/airflow/.local/lib/python3.8/site-packages/airflow/example_dags/example_local_kubernetes_executor.py
[2026-06-03T12:32:33.996+0000] {processor.py:830} INFO - Processing file /home/airflow/.local/lib/python3.8/site-packages/airflow/example_dags/example_local_kubernetes_executor.py for tasks to queue
[2026-06-03T12:32:34.001+0000] {logging_mixin.py:188} INFO - [2026-06-03T12:32:34.001+0000] {dagbag.py:538} INFO - Filling up the DagBag from /home/airflow/.local/lib/python3.8/site-packages/airflow/example_dags/example_local_kubernetes_executor.py
[2026-06-03T12:32:34.028+0000] {processor.py:840} INFO - DAG(s) 'example_local_kubernetes_executor' retrieved from /home/airflow/.local/lib/python3.8/site-packages/airflow/example_dags/example_local_kubernetes_executor.py
[2026-06-03T12:32:34.073+0000] {logging_mixin.py:188} INFO - [2026-06-03T12:32:34.073+0000] {dag.py:3033} INFO - Sync 1 DAGs
[2026-06-03T12:32:34.088+0000] {logging_mixin.py:188} INFO - [2026-06-03T12:32:34.088+0000] {dag.py:3820} INFO - Setting next_dagrun for example_local_kubernetes_executor to None, run_after=None
[2026-06-03T12:32:34.107+0000] {processor.py:183} INFO - Processing /home/airflow/.local/lib/python3.8/site-packages/airflow/example_dags/example_local_kubernetes_executor.py took 0.123 seconds
[2026-06-03T12:33:04.319+0000] {processor.py:161} INFO - Started process (PID=4930) to work on /home/airflow/.local/lib/python3.8/site-packages/airflow/example_dags/example_local_kubernetes_executor.py
[2026-06-03T12:33:04.322+0000] {processor.py:830} INFO - Processing file /home/airflow/.local/lib/python3.8/site-packages/airflow/example_dags/example_local_kubernetes_executor.py for tasks to queue
[2026-06-03T12:33:04.335+0000] {logging_mixin.py:188} INFO - [2026-06-03T12:33:04.334+0000] {dagbag.py:538} INFO - Filling up the DagBag from /home/airflow/.local/lib/python3.8/site-packages/airflow/example_dags/example_local_kubernetes_executor.py
[2026-06-03T12:33:04.347+0000] {processor.py:840} INFO - DAG(s) 'example_local_kubernetes_executor' retrieved from /home/airflow/.local/lib/python3.8/site-packages/airflow/example_dags/example_local_kubernetes_executor.py
[2026-06-03T12:33:04.398+0000] {logging_mixin.py:188} INFO - [2026-06-03T12:33:04.398+0000] {dag.py:3033} INFO - Sync 1 DAGs
[2026-06-03T12:33:04.407+0000] {logging_mixin.py:188} INFO - [2026-06-03T12:33:04.407+0000] {dag.py:3820} INFO - Setting next_dagrun for example_local_kubernetes_executor to None, run_after=None
[2026-06-03T12:33:04.417+0000] {processor.py:183} INFO - Processing /home/airflow/.local/lib/python3.8/site-packages/airflow/example_dags/example_local_kubernetes_executor.py took 0.103 seconds
[2026-06-03T12:33:34.585+0000] {processor.py:161} INFO - Started process (PID=4986) to work on /home/airflow/.local/lib/python3.8/site-packages/airflow/example_dags/example_local_kubernetes_executor.py
[2026-06-03T12:33:34.585+0000] {processor.py:830} INFO - Processing file /home/airflow/.local/lib/python3.8/site-packages/airflow/example_dags/example_local_kubernetes_executor.py for tasks to queue
[2026-06-03T12:33:34.590+0000] {logging_mixin.py:188} INFO - [2026-06-03T12:33:34.590+0000] {dagbag.py:538} INFO - Filling up the DagBag from /home/airflow/.local/lib/python3.8/site-packages/airflow/example_dags/example_local_kubernetes_executor.py
[2026-06-03T12:33:34.604+0000] {processor.py:840} INFO - DAG(s) 'example_local_kubernetes_executor' retrieved from /home/airflow/.local/lib/python3.8/site-packages/airflow/example_dags/example_local_kubernetes_executor.py
[2026-06-03T12:33:34.657+0000] {logging_mixin.py:188} INFO - [2026-06-03T12:33:34.657+0000] {dag.py:3033} INFO - Sync 1 DAGs
[2026-06-03T12:33:34.667+0000] {logging_mixin.py:188} INFO - [2026-06-03T12:33:34.667+0000] {dag.py:3820} INFO - Setting next_dagrun for example_local_kubernetes_executor to None, run_after=None
[2026-06-03T12:33:34.682+0000] {processor.py:183} INFO - Processing /home/airflow/.local/lib/python3.8/site-packages/airflow/example_dags/example_local_kubernetes_executor.py took 0.101 seconds
[2026-06-03T12:34:05.001+0000] {processor.py:161} INFO - Started process (PID=5042) to work on /home/airflow/.local/lib/python3.8/site-packages/airflow/example_dags/example_local_kubernetes_executor.py
[2026-06-03T12:34:05.006+0000] {processor.py:830} INFO - Processing file /home/airflow/.local/lib/python3.8/site-packages/airflow/example_dags/example_local_kubernetes_executor.py for tasks to queue
[2026-06-03T12:34:05.011+0000] {logging_mixin.py:188} INFO - [2026-06-03T12:34:05.010+0000] {dagbag.py:538} INFO - Filling up the DagBag from /home/airflow/.local/lib/python3.8/site-packages/airflow/example_dags/example_local_kubernetes_executor.py
[2026-06-03T12:34:05.024+0000] {processor.py:840} INFO - DAG(s) 'example_local_kubernetes_executor' retrieved from /home/airflow/.local/lib/python3.8/site-packages/airflow/example_dags/example_local_kubernetes_executor.py
[2026-06-03T12:34:05.070+0000] {logging_mixin.py:188} INFO - [2026-06-03T12:34:05.069+0000] {dag.py:3033} INFO - Sync 1 DAGs
[2026-06-03T12:34:05.080+0000] {logging_mixin.py:188} INFO - [2026-06-03T12:34:05.080+0000] {dag.py:3820} INFO - Setting next_dagrun for example_local_kubernetes_executor to None, run_after=None
[2026-06-03T12:34:05.092+0000] {processor.py:183} INFO - Processing /home/airflow/.local/lib/python3.8/site-packages/airflow/example_dags/example_local_kubernetes_executor.py took 0.098 seconds
[2026-06-03T12:34:35.396+0000] {processor.py:161} INFO - Started process (PID=5098) to work on /home/airflow/.local/lib/python3.8/site-packages/airflow/example_dags/example_local_kubernetes_executor.py
[2026-06-03T12:34:35.397+0000] {processor.py:830} INFO - Processing file /home/airflow/.local/lib/python3.8/site-packages/airflow/example_dags/example_local_kubernetes_executor.py for tasks to queue
[2026-06-03T12:34:35.407+0000] {logging_mixin.py:188} INFO - [2026-06-03T12:34:35.406+0000] {dagbag.py:538} INFO - Filling up the DagBag from /home/airflow/.local/lib/python3.8/site-packages/airflow/example_dags/example_local_kubernetes_executor.py
[2026-06-03T12:34:35.438+0000] {processor.py:840} INFO - DAG(s) 'example_local_kubernetes_executor' retrieved from /home/airflow/.local/lib/python3.8/site-packages/airflow/example_dags/example_local_kubernetes_executor.py
[2026-06-03T12:34:35.487+0000] {logging_mixin.py:188} INFO - [2026-06-03T12:34:35.487+0000] {dag.py:3033} INFO - Sync 1 DAGs
[2026-06-03T12:34:35.498+0000] {logging_mixin.py:188} INFO - [2026-06-03T12:34:35.498+0000] {dag.py:3820} INFO - Setting next_dagrun for example_local_kubernetes_executor to None, run_after=None
[2026-06-03T12:34:35.522+0000] {processor.py:183} INFO - Processing /home/airflow/.local/lib/python3.8/site-packages/airflow/example_dags/example_local_kubernetes_executor.py took 0.134 seconds
[2026-06-03T12:35:05.647+0000] {processor.py:161} INFO - Started process (PID=5154) to work on /home/airflow/.local/lib/python3.8/site-packages/airflow/example_dags/example_local_kubernetes_executor.py
[2026-06-03T12:35:05.652+0000] {processor.py:830} INFO - Processing file /home/airflow/.local/lib/python3.8/site-packages/airflow/example_dags/example_local_kubernetes_executor.py for tasks to queue
[2026-06-03T12:35:05.660+0000] {logging_mixin.py:188} INFO - [2026-06-03T12:35:05.660+0000] {dagbag.py:538} INFO - Filling up the DagBag from /home/airflow/.local/lib/python3.8/site-packages/airflow/example_dags/example_local_kubernetes_executor.py
[2026-06-03T12:35:05.677+0000] {processor.py:840} INFO - DAG(s) 'example_local_kubernetes_executor' retrieved from /home/airflow/.local/lib/python3.8/site-packages/airflow/example_dags/example_local_kubernetes_executor.py
[2026-06-03T12:35:05.736+0000] {logging_mixin.py:188} INFO - [2026-06-03T12:35:05.736+0000] {dag.py:3033} INFO - Sync 1 DAGs
[2026-06-03T12:35:05.748+0000] {logging_mixin.py:188} INFO - [2026-06-03T12:35:05.748+0000] {dag.py:3820} INFO - Setting next_dagrun for example_local_kubernetes_executor to None, run_after=None
[2026-06-03T12:35:05.777+0000] {processor.py:183} INFO - Processing /home/airflow/.local/lib/python3.8/site-packages/airflow/example_dags/example_local_kubernetes_executor.py took 0.147 seconds
[2026-06-03T12:35:36.049+0000] {processor.py:161} INFO - Started process (PID=5210) to work on /home/airflow/.local/lib/python3.8/site-packages/airflow/example_dags/example_local_kubernetes_executor.py
[2026-06-03T12:35:36.051+0000] {processor.py:830} INFO - Processing file /home/airflow/.local/lib/python3.8/site-packages/airflow/example_dags/example_local_kubernetes_executor.py for tasks to queue
[2026-06-03T12:35:36.057+0000] {logging_mixin.py:188} INFO - [2026-06-03T12:35:36.056+0000] {dagbag.py:538} INFO - Filling up the DagBag from /home/airflow/.local/lib/python3.8/site-packages/airflow/example_dags/example_local_kubernetes_executor.py
[2026-06-03T12:35:36.084+0000] {processor.py:840} INFO - DAG(s) 'example_local_kubernetes_executor' retrieved from /home/airflow/.local/lib/python3.8/site-packages/airflow/example_dags/example_local_kubernetes_executor.py
[2026-06-03T12:35:36.131+0000] {logging_mixin.py:188} INFO - [2026-06-03T12:35:36.131+0000] {dag.py:3033} INFO - Sync 1 DAGs
[2026-06-03T12:35:36.146+0000] {logging_mixin.py:188} INFO - [2026-06-03T12:35:36.146+0000] {dag.py:3820} INFO - Setting next_dagrun for example_local_kubernetes_executor to None, run_after=None
[2026-06-03T12:35:36.159+0000] {processor.py:183} INFO - Processing /home/airflow/.local/lib/python3.8/site-packages/airflow/example_dags/example_local_kubernetes_executor.py took 0.117 seconds
[2026-06-03T12:36:06.293+0000] {processor.py:161} INFO - Started process (PID=5266) to work on /home/airflow/.local/lib/python3.8/site-packages/airflow/example_dags/example_local_kubernetes_executor.py
[2026-06-03T12:36:06.297+0000] {processor.py:830} INFO - Processing file /home/airflow/.local/lib/python3.8/site-packages/airflow/example_dags/example_local_kubernetes_executor.py for tasks to queue
[2026-06-03T12:36:06.313+0000] {logging_mixin.py:188} INFO - [2026-06-03T12:36:06.311+0000] {dagbag.py:538} INFO - Filling up the DagBag from /home/airflow/.local/lib/python3.8/site-packages/airflow/example_dags/example_local_kubernetes_executor.py
[2026-06-03T12:36:06.330+0000] {processor.py:840} INFO - DAG(s) 'example_local_kubernetes_executor' retrieved from /home/airflow/.local/lib/python3.8/site-packages/airflow/example_dags/example_local_kubernetes_executor.py
[2026-06-03T12:36:06.384+0000] {logging_mixin.py:188} INFO - [2026-06-03T12:36:06.384+0000] {dag.py:3033} INFO - Sync 1 DAGs
[2026-06-03T12:36:06.393+0000] {logging_mixin.py:188} INFO - [2026-06-03T12:36:06.393+0000] {dag.py:3820} INFO - Setting next_dagrun for example_local_kubernetes_executor to None, run_after=None
[2026-06-03T12:36:06.404+0000] {processor.py:183} INFO - Processing /home/airflow/.local/lib/python3.8/site-packages/airflow/example_dags/example_local_kubernetes_executor.py took 0.119 seconds
[2026-06-03T12:36:36.492+0000] {processor.py:161} INFO - Started process (PID=5322) to work on /home/airflow/.local/lib/python3.8/site-packages/airflow/example_dags/example_local_kubernetes_executor.py
[2026-06-03T12:36:36.494+0000] {processor.py:830} INFO - Processing file /home/airflow/.local/lib/python3.8/site-packages/airflow/example_dags/example_local_kubernetes_executor.py for tasks to queue
[2026-06-03T12:36:36.499+0000] {logging_mixin.py:188} INFO - [2026-06-03T12:36:36.498+0000] {dagbag.py:538} INFO - Filling up the DagBag from /home/airflow/.local/lib/python3.8/site-packages/airflow/example_dags/example_local_kubernetes_executor.py
[2026-06-03T12:36:36.533+0000] {processor.py:840} INFO - DAG(s) 'example_local_kubernetes_executor' retrieved from /home/airflow/.local/lib/python3.8/site-packages/airflow/example_dags/example_local_kubernetes_executor.py
[2026-06-03T12:36:36.590+0000] {logging_mixin.py:188} INFO - [2026-06-03T12:36:36.590+0000] {dag.py:3033} INFO - Sync 1 DAGs
[2026-06-03T12:36:36.597+0000] {logging_mixin.py:188} INFO - [2026-06-03T12:36:36.597+0000] {dag.py:3820} INFO - Setting next_dagrun for example_local_kubernetes_executor to None, run_after=None
[2026-06-03T12:36:36.608+0000] {processor.py:183} INFO - Processing /home/airflow/.local/lib/python3.8/site-packages/airflow/example_dags/example_local_kubernetes_executor.py took 0.124 seconds
[2026-06-03T12:37:06.740+0000] {processor.py:161} INFO - Started process (PID=5378) to work on /home/airflow/.local/lib/python3.8/site-packages/airflow/example_dags/example_local_kubernetes_executor.py
[2026-06-03T12:37:06.742+0000] {processor.py:830} INFO - Processing file /home/airflow/.local/lib/python3.8/site-packages/airflow/example_dags/example_local_kubernetes_executor.py for tasks to queue
[2026-06-03T12:37:06.745+0000] {logging_mixin.py:188} INFO - [2026-06-03T12:37:06.745+0000] {dagbag.py:538} INFO - Filling up the DagBag from /home/airflow/.local/lib/python3.8/site-packages/airflow/example_dags/example_local_kubernetes_executor.py
[2026-06-03T12:37:06.761+0000] {processor.py:840} INFO - DAG(s) 'example_local_kubernetes_executor' retrieved from /home/airflow/.local/lib/python3.8/site-packages/airflow/example_dags/example_local_kubernetes_executor.py
[2026-06-03T12:37:06.803+0000] {logging_mixin.py:188} INFO - [2026-06-03T12:37:06.803+0000] {dag.py:3033} INFO - Sync 1 DAGs
[2026-06-03T12:37:06.810+0000] {logging_mixin.py:188} INFO - [2026-06-03T12:37:06.810+0000] {dag.py:3820} INFO - Setting next_dagrun for example_local_kubernetes_executor to None, run_after=None
[2026-06-03T12:37:06.824+0000] {processor.py:183} INFO - Processing /home/airflow/.local/lib/python3.8/site-packages/airflow/example_dags/example_local_kubernetes_executor.py took 0.090 seconds
[2026-06-03T12:37:37.316+0000] {processor.py:161} INFO - Started process (PID=5434) to work on /home/airflow/.local/lib/python3.8/site-packages/airflow/example_dags/example_local_kubernetes_executor.py
[2026-06-03T12:37:37.317+0000] {processor.py:830} INFO - Processing file /home/airflow/.local/lib/python3.8/site-packages/airflow/example_dags/example_local_kubernetes_executor.py for tasks to queue
[2026-06-03T12:37:37.320+0000] {logging_mixin.py:188} INFO - [2026-06-03T12:37:37.320+0000] {dagbag.py:538} INFO - Filling up the DagBag from /home/airflow/.local/lib/python3.8/site-packages/airflow/example_dags/example_local_kubernetes_executor.py
[2026-06-03T12:37:37.346+0000] {processor.py:840} INFO - DAG(s) 'example_local_kubernetes_executor' retrieved from /home/airflow/.local/lib/python3.8/site-packages/airflow/example_dags/example_local_kubernetes_executor.py
[2026-06-03T12:37:37.392+0000] {logging_mixin.py:188} INFO - [2026-06-03T12:37:37.392+0000] {dag.py:3033} INFO - Sync 1 DAGs
[2026-06-03T12:37:37.402+0000] {logging_mixin.py:188} INFO - [2026-06-03T12:37:37.402+0000] {dag.py:3820} INFO - Setting next_dagrun for example_local_kubernetes_executor to None, run_after=None
[2026-06-03T12:37:37.415+0000] {processor.py:183} INFO - Processing /home/airflow/.local/lib/python3.8/site-packages/airflow/example_dags/example_local_kubernetes_executor.py took 0.106 seconds
[2026-06-03T12:38:07.549+0000] {processor.py:161} INFO - Started process (PID=5490) to work on /home/airflow/.local/lib/python3.8/site-packages/airflow/example_dags/example_local_kubernetes_executor.py
[2026-06-03T12:38:07.551+0000] {processor.py:830} INFO - Processing file /home/airflow/.local/lib/python3.8/site-packages/airflow/example_dags/example_local_kubernetes_executor.py for tasks to queue
[2026-06-03T12:38:07.556+0000] {logging_mixin.py:188} INFO - [2026-06-03T12:38:07.555+0000] {dagbag.py:538} INFO - Filling up the DagBag from /home/airflow/.local/lib/python3.8/site-packages/airflow/example_dags/example_local_kubernetes_executor.py
[2026-06-03T12:38:07.579+0000] {processor.py:840} INFO - DAG(s) 'example_local_kubernetes_executor' retrieved from /home/airflow/.local/lib/python3.8/site-packages/airflow/example_dags/example_local_kubernetes_executor.py
[2026-06-03T12:38:07.616+0000] {logging_mixin.py:188} INFO - [2026-06-03T12:38:07.616+0000] {dag.py:3033} INFO - Sync 1 DAGs
[2026-06-03T12:38:07.630+0000] {logging_mixin.py:188} INFO - [2026-06-03T12:38:07.630+0000] {dag.py:3820} INFO - Setting next_dagrun for example_local_kubernetes_executor to None, run_after=None
[2026-06-03T12:38:07.644+0000] {processor.py:183} INFO - Processing /home/airflow/.local/lib/python3.8/site-packages/airflow/example_dags/example_local_kubernetes_executor.py took 0.107 seconds
[2026-06-03T12:38:37.924+0000] {processor.py:161} INFO - Started process (PID=5546) to work on /home/airflow/.local/lib/python3.8/site-packages/airflow/example_dags/example_local_kubernetes_executor.py
[2026-06-03T12:38:37.932+0000] {processor.py:830} INFO - Processing file /home/airflow/.local/lib/python3.8/site-packages/airflow/example_dags/example_local_kubernetes_executor.py for tasks to queue
[2026-06-03T12:38:37.938+0000] {logging_mixin.py:188} INFO - [2026-06-03T12:38:37.938+0000] {dagbag.py:538} INFO - Filling up the DagBag from /home/airflow/.local/lib/python3.8/site-packages/airflow/example_dags/example_local_kubernetes_executor.py
[2026-06-03T12:38:37.964+0000] {processor.py:840} INFO - DAG(s) 'example_local_kubernetes_executor' retrieved from /home/airflow/.local/lib/python3.8/site-packages/airflow/example_dags/example_local_kubernetes_executor.py
[2026-06-03T12:38:38.052+0000] {logging_mixin.py:188} INFO - [2026-06-03T12:38:38.052+0000] {dag.py:3033} INFO - Sync 1 DAGs
[2026-06-03T12:38:38.074+0000] {logging_mixin.py:188} INFO - [2026-06-03T12:38:38.074+0000] {dag.py:3820} INFO - Setting next_dagrun for example_local_kubernetes_executor to None, run_after=None
[2026-06-03T12:38:38.098+0000] {processor.py:183} INFO - Processing /home/airflow/.local/lib/python3.8/site-packages/airflow/example_dags/example_local_kubernetes_executor.py took 0.187 seconds
[2026-06-03T12:39:08.288+0000] {processor.py:161} INFO - Started process (PID=5603) to work on /home/airflow/.local/lib/python3.8/site-packages/airflow/example_dags/example_local_kubernetes_executor.py
[2026-06-03T12:39:08.289+0000] {processor.py:830} INFO - Processing file /home/airflow/.local/lib/python3.8/site-packages/airflow/example_dags/example_local_kubernetes_executor.py for tasks to queue
[2026-06-03T12:39:08.290+0000] {logging_mixin.py:188} INFO - [2026-06-03T12:39:08.290+0000] {dagbag.py:538} INFO - Filling up the DagBag from /home/airflow/.local/lib/python3.8/site-packages/airflow/example_dags/example_local_kubernetes_executor.py
[2026-06-03T12:39:08.305+0000] {processor.py:840} INFO - DAG(s) 'example_local_kubernetes_executor' retrieved from /home/airflow/.local/lib/python3.8/site-packages/airflow/example_dags/example_local_kubernetes_executor.py
[2026-06-03T12:39:08.330+0000] {logging_mixin.py:188} INFO - [2026-06-03T12:39:08.330+0000] {dag.py:3033} INFO - Sync 1 DAGs
[2026-06-03T12:39:08.337+0000] {logging_mixin.py:188} INFO - [2026-06-03T12:39:08.337+0000] {dag.py:3820} INFO - Setting next_dagrun for example_local_kubernetes_executor to None, run_after=None
[2026-06-03T12:39:08.350+0000] {processor.py:183} INFO - Processing /home/airflow/.local/lib/python3.8/site-packages/airflow/example_dags/example_local_kubernetes_executor.py took 0.066 seconds
[2026-06-03T12:39:38.494+0000] {processor.py:161} INFO - Started process (PID=5659) to work on /home/airflow/.local/lib/python3.8/site-packages/airflow/example_dags/example_local_kubernetes_executor.py
[2026-06-03T12:39:38.495+0000] {processor.py:830} INFO - Processing file /home/airflow/.local/lib/python3.8/site-packages/airflow/example_dags/example_local_kubernetes_executor.py for tasks to queue
[2026-06-03T12:39:38.496+0000] {logging_mixin.py:188} INFO - [2026-06-03T12:39:38.496+0000] {dagbag.py:538} INFO - Filling up the DagBag from /home/airflow/.local/lib/python3.8/site-packages/airflow/example_dags/example_local_kubernetes_executor.py
[2026-06-03T12:39:38.501+0000] {processor.py:840} INFO - DAG(s) 'example_local_kubernetes_executor' retrieved from /home/airflow/.local/lib/python3.8/site-packages/airflow/example_dags/example_local_kubernetes_executor.py
[2026-06-03T12:39:38.523+0000] {logging_mixin.py:188} INFO - [2026-06-03T12:39:38.523+0000] {dag.py:3033} INFO - Sync 1 DAGs
[2026-06-03T12:39:38.531+0000] {logging_mixin.py:188} INFO - [2026-06-03T12:39:38.530+0000] {dag.py:3820} INFO - Setting next_dagrun for example_local_kubernetes_executor to None, run_after=None
[2026-06-03T12:39:38.549+0000] {processor.py:183} INFO - Processing /home/airflow/.local/lib/python3.8/site-packages/airflow/example_dags/example_local_kubernetes_executor.py took 0.059 seconds
[2026-06-03T12:40:08.620+0000] {processor.py:161} INFO - Started process (PID=5714) to work on /home/airflow/.local/lib/python3.8/site-packages/airflow/example_dags/example_local_kubernetes_executor.py
[2026-06-03T12:40:08.623+0000] {processor.py:830} INFO - Processing file /home/airflow/.local/lib/python3.8/site-packages/airflow/example_dags/example_local_kubernetes_executor.py for tasks to queue
[2026-06-03T12:40:08.627+0000] {logging_mixin.py:188} INFO - [2026-06-03T12:40:08.627+0000] {dagbag.py:538} INFO - Filling up the DagBag from /home/airflow/.local/lib/python3.8/site-packages/airflow/example_dags/example_local_kubernetes_executor.py
[2026-06-03T12:40:08.641+0000] {processor.py:840} INFO - DAG(s) 'example_local_kubernetes_executor' retrieved from /home/airflow/.local/lib/python3.8/site-packages/airflow/example_dags/example_local_kubernetes_executor.py
[2026-06-03T12:40:08.709+0000] {logging_mixin.py:188} INFO - [2026-06-03T12:40:08.708+0000] {dag.py:3033} INFO - Sync 1 DAGs
[2026-06-03T12:40:08.717+0000] {logging_mixin.py:188} INFO - [2026-06-03T12:40:08.717+0000] {dag.py:3820} INFO - Setting next_dagrun for example_local_kubernetes_executor to None, run_after=None
[2026-06-03T12:40:08.733+0000] {processor.py:183} INFO - Processing /home/airflow/.local/lib/python3.8/site-packages/airflow/example_dags/example_local_kubernetes_executor.py took 0.141 seconds
[2026-06-03T12:40:38.876+0000] {processor.py:161} INFO - Started process (PID=5770) to work on /home/airflow/.local/lib/python3.8/site-packages/airflow/example_dags/example_local_kubernetes_executor.py
[2026-06-03T12:40:38.879+0000] {processor.py:830} INFO - Processing file /home/airflow/.local/lib/python3.8/site-packages/airflow/example_dags/example_local_kubernetes_executor.py for tasks to queue
[2026-06-03T12:40:38.885+0000] {logging_mixin.py:188} INFO - [2026-06-03T12:40:38.884+0000] {dagbag.py:538} INFO - Filling up the DagBag from /home/airflow/.local/lib/python3.8/site-packages/airflow/example_dags/example_local_kubernetes_executor.py
[2026-06-03T12:40:38.899+0000] {processor.py:840} INFO - DAG(s) 'example_local_kubernetes_executor' retrieved from /home/airflow/.local/lib/python3.8/site-packages/airflow/example_dags/example_local_kubernetes_executor.py
[2026-06-03T12:40:38.967+0000] {logging_mixin.py:188} INFO - [2026-06-03T12:40:38.966+0000] {dag.py:3033} INFO - Sync 1 DAGs
[2026-06-03T12:40:38.974+0000] {logging_mixin.py:188} INFO - [2026-06-03T12:40:38.974+0000] {dag.py:3820} INFO - Setting next_dagrun for example_local_kubernetes_executor to None, run_after=None
[2026-06-03T12:40:38.993+0000] {processor.py:183} INFO - Processing /home/airflow/.local/lib/python3.8/site-packages/airflow/example_dags/example_local_kubernetes_executor.py took 0.134 seconds
[2026-06-03T12:41:09.286+0000] {processor.py:161} INFO - Started process (PID=5826) to work on /home/airflow/.local/lib/python3.8/site-packages/airflow/example_dags/example_local_kubernetes_executor.py
[2026-06-03T12:41:09.293+0000] {processor.py:830} INFO - Processing file /home/airflow/.local/lib/python3.8/site-packages/airflow/example_dags/example_local_kubernetes_executor.py for tasks to queue
[2026-06-03T12:41:09.305+0000] {logging_mixin.py:188} INFO - [2026-06-03T12:41:09.304+0000] {dagbag.py:538} INFO - Filling up the DagBag from /home/airflow/.local/lib/python3.8/site-packages/airflow/example_dags/example_local_kubernetes_executor.py
[2026-06-03T12:41:09.327+0000] {processor.py:840} INFO - DAG(s) 'example_local_kubernetes_executor' retrieved from /home/airflow/.local/lib/python3.8/site-packages/airflow/example_dags/example_local_kubernetes_executor.py
[2026-06-03T12:41:09.385+0000] {logging_mixin.py:188} INFO - [2026-06-03T12:41:09.384+0000] {dag.py:3033} INFO - Sync 1 DAGs
[2026-06-03T12:41:09.395+0000] {logging_mixin.py:188} INFO - [2026-06-03T12:41:09.395+0000] {dag.py:3820} INFO - Setting next_dagrun for example_local_kubernetes_executor to None, run_after=None
[2026-06-03T12:41:09.410+0000] {processor.py:183} INFO - Processing /home/airflow/.local/lib/python3.8/site-packages/airflow/example_dags/example_local_kubernetes_executor.py took 0.132 seconds
[2026-06-03T12:41:39.793+0000] {processor.py:161} INFO - Started process (PID=5882) to work on /home/airflow/.local/lib/python3.8/site-packages/airflow/example_dags/example_local_kubernetes_executor.py
[2026-06-03T12:41:39.796+0000] {processor.py:830} INFO - Processing file /home/airflow/.local/lib/python3.8/site-packages/airflow/example_dags/example_local_kubernetes_executor.py for tasks to queue
[2026-06-03T12:41:39.813+0000] {logging_mixin.py:188} INFO - [2026-06-03T12:41:39.812+0000] {dagbag.py:538} INFO - Filling up the DagBag from /home/airflow/.local/lib/python3.8/site-packages/airflow/example_dags/example_local_kubernetes_executor.py
[2026-06-03T12:41:39.832+0000] {processor.py:840} INFO - DAG(s) 'example_local_kubernetes_executor' retrieved from /home/airflow/.local/lib/python3.8/site-packages/airflow/example_dags/example_local_kubernetes_executor.py
[2026-06-03T12:41:39.893+0000] {logging_mixin.py:188} INFO - [2026-06-03T12:41:39.893+0000] {dag.py:3033} INFO - Sync 1 DAGs
[2026-06-03T12:41:39.910+0000] {logging_mixin.py:188} INFO - [2026-06-03T12:41:39.909+0000] {dag.py:3820} INFO - Setting next_dagrun for example_local_kubernetes_executor to None, run_after=None
[2026-06-03T12:41:39.925+0000] {processor.py:183} INFO - Processing /home/airflow/.local/lib/python3.8/site-packages/airflow/example_dags/example_local_kubernetes_executor.py took 0.139 seconds
[2026-06-03T12:42:10.311+0000] {processor.py:161} INFO - Started process (PID=5938) to work on /home/airflow/.local/lib/python3.8/site-packages/airflow/example_dags/example_local_kubernetes_executor.py
[2026-06-03T12:42:10.313+0000] {processor.py:830} INFO - Processing file /home/airflow/.local/lib/python3.8/site-packages/airflow/example_dags/example_local_kubernetes_executor.py for tasks to queue
[2026-06-03T12:42:10.329+0000] {logging_mixin.py:188} INFO - [2026-06-03T12:42:10.328+0000] {dagbag.py:538} INFO - Filling up the DagBag from /home/airflow/.local/lib/python3.8/site-packages/airflow/example_dags/example_local_kubernetes_executor.py
[2026-06-03T12:42:10.345+0000] {processor.py:840} INFO - DAG(s) 'example_local_kubernetes_executor' retrieved from /home/airflow/.local/lib/python3.8/site-packages/airflow/example_dags/example_local_kubernetes_executor.py
[2026-06-03T12:42:10.422+0000] {logging_mixin.py:188} INFO - [2026-06-03T12:42:10.422+0000] {dag.py:3033} INFO - Sync 1 DAGs
[2026-06-03T12:42:10.432+0000] {logging_mixin.py:188} INFO - [2026-06-03T12:42:10.432+0000] {dag.py:3820} INFO - Setting next_dagrun for example_local_kubernetes_executor to None, run_after=None
[2026-06-03T12:42:10.443+0000] {processor.py:183} INFO - Processing /home/airflow/.local/lib/python3.8/site-packages/airflow/example_dags/example_local_kubernetes_executor.py took 0.147 seconds
[2026-06-03T12:42:40.584+0000] {processor.py:161} INFO - Started process (PID=5994) to work on /home/airflow/.local/lib/python3.8/site-packages/airflow/example_dags/example_local_kubernetes_executor.py
[2026-06-03T12:42:40.592+0000] {processor.py:830} INFO - Processing file /home/airflow/.local/lib/python3.8/site-packages/airflow/example_dags/example_local_kubernetes_executor.py for tasks to queue
[2026-06-03T12:42:40.609+0000] {logging_mixin.py:188} INFO - [2026-06-03T12:42:40.609+0000] {dagbag.py:538} INFO - Filling up the DagBag from /home/airflow/.local/lib/python3.8/site-packages/airflow/example_dags/example_local_kubernetes_executor.py
[2026-06-03T12:42:40.627+0000] {processor.py:840} INFO - DAG(s) 'example_local_kubernetes_executor' retrieved from /home/airflow/.local/lib/python3.8/site-packages/airflow/example_dags/example_local_kubernetes_executor.py
[2026-06-03T12:42:40.695+0000] {logging_mixin.py:188} INFO - [2026-06-03T12:42:40.695+0000] {dag.py:3033} INFO - Sync 1 DAGs
[2026-06-03T12:42:40.704+0000] {logging_mixin.py:188} INFO - [2026-06-03T12:42:40.704+0000] {dag.py:3820} INFO - Setting next_dagrun for example_local_kubernetes_executor to None, run_after=None
[2026-06-03T12:42:40.718+0000] {processor.py:183} INFO - Processing /home/airflow/.local/lib/python3.8/site-packages/airflow/example_dags/example_local_kubernetes_executor.py took 0.145 seconds
[2026-06-03T12:43:11.131+0000] {processor.py:161} INFO - Started process (PID=6050) to work on /home/airflow/.local/lib/python3.8/site-packages/airflow/example_dags/example_local_kubernetes_executor.py
[2026-06-03T12:43:11.141+0000] {processor.py:830} INFO - Processing file /home/airflow/.local/lib/python3.8/site-packages/airflow/example_dags/example_local_kubernetes_executor.py for tasks to queue
[2026-06-03T12:43:11.151+0000] {logging_mixin.py:188} INFO - [2026-06-03T12:43:11.151+0000] {dagbag.py:538} INFO - Filling up the DagBag from /home/airflow/.local/lib/python3.8/site-packages/airflow/example_dags/example_local_kubernetes_executor.py
[2026-06-03T12:43:11.174+0000] {processor.py:840} INFO - DAG(s) 'example_local_kubernetes_executor' retrieved from /home/airflow/.local/lib/python3.8/site-packages/airflow/example_dags/example_local_kubernetes_executor.py
[2026-06-03T12:43:11.233+0000] {logging_mixin.py:188} INFO - [2026-06-03T12:43:11.233+0000] {dag.py:3033} INFO - Sync 1 DAGs
[2026-06-03T12:43:11.243+0000] {logging_mixin.py:188} INFO - [2026-06-03T12:43:11.243+0000] {dag.py:3820} INFO - Setting next_dagrun for example_local_kubernetes_executor to None, run_after=None
[2026-06-03T12:43:11.256+0000] {processor.py:183} INFO - Processing /home/airflow/.local/lib/python3.8/site-packages/airflow/example_dags/example_local_kubernetes_executor.py took 0.146 seconds
[2026-06-03T12:43:41.835+0000] {processor.py:161} INFO - Started process (PID=6106) to work on /home/airflow/.local/lib/python3.8/site-packages/airflow/example_dags/example_local_kubernetes_executor.py
[2026-06-03T12:43:41.838+0000] {processor.py:830} INFO - Processing file /home/airflow/.local/lib/python3.8/site-packages/airflow/example_dags/example_local_kubernetes_executor.py for tasks to queue
[2026-06-03T12:43:41.847+0000] {logging_mixin.py:188} INFO - [2026-06-03T12:43:41.846+0000] {dagbag.py:538} INFO - Filling up the DagBag from /home/airflow/.local/lib/python3.8/site-packages/airflow/example_dags/example_local_kubernetes_executor.py
[2026-06-03T12:43:41.860+0000] {processor.py:840} INFO - DAG(s) 'example_local_kubernetes_executor' retrieved from /home/airflow/.local/lib/python3.8/site-packages/airflow/example_dags/example_local_kubernetes_executor.py
[2026-06-03T12:43:41.896+0000] {logging_mixin.py:188} INFO - [2026-06-03T12:43:41.896+0000] {dag.py:3033} INFO - Sync 1 DAGs
[2026-06-03T12:43:41.904+0000] {logging_mixin.py:188} INFO - [2026-06-03T12:43:41.904+0000] {dag.py:3820} INFO - Setting next_dagrun for example_local_kubernetes_executor to None, run_after=None
[2026-06-03T12:43:41.913+0000] {processor.py:183} INFO - Processing /home/airflow/.local/lib/python3.8/site-packages/airflow/example_dags/example_local_kubernetes_executor.py took 0.088 seconds
[2026-06-03T12:44:12.423+0000] {processor.py:161} INFO - Started process (PID=6161) to work on /home/airflow/.local/lib/python3.8/site-packages/airflow/example_dags/example_local_kubernetes_executor.py
[2026-06-03T12:44:12.429+0000] {processor.py:830} INFO - Processing file /home/airflow/.local/lib/python3.8/site-packages/airflow/example_dags/example_local_kubernetes_executor.py for tasks to queue
[2026-06-03T12:44:12.443+0000] {logging_mixin.py:188} INFO - [2026-06-03T12:44:12.443+0000] {dagbag.py:538} INFO - Filling up the DagBag from /home/airflow/.local/lib/python3.8/site-packages/airflow/example_dags/example_local_kubernetes_executor.py
[2026-06-03T12:44:12.459+0000] {processor.py:840} INFO - DAG(s) 'example_local_kubernetes_executor' retrieved from /home/airflow/.local/lib/python3.8/site-packages/airflow/example_dags/example_local_kubernetes_executor.py
[2026-06-03T12:44:12.539+0000] {logging_mixin.py:188} INFO - [2026-06-03T12:44:12.538+0000] {dag.py:3033} INFO - Sync 1 DAGs
[2026-06-03T12:44:12.553+0000] {logging_mixin.py:188} INFO - [2026-06-03T12:44:12.553+0000] {dag.py:3820} INFO - Setting next_dagrun for example_local_kubernetes_executor to None, run_after=None
[2026-06-03T12:44:12.567+0000] {processor.py:183} INFO - Processing /home/airflow/.local/lib/python3.8/site-packages/airflow/example_dags/example_local_kubernetes_executor.py took 0.167 seconds
[2026-06-03T12:44:43.601+0000] {processor.py:161} INFO - Started process (PID=6230) to work on /home/airflow/.local/lib/python3.8/site-packages/airflow/example_dags/example_local_kubernetes_executor.py
[2026-06-03T12:44:43.603+0000] {processor.py:830} INFO - Processing file /home/airflow/.local/lib/python3.8/site-packages/airflow/example_dags/example_local_kubernetes_executor.py for tasks to queue
[2026-06-03T12:44:43.608+0000] {logging_mixin.py:188} INFO - [2026-06-03T12:44:43.608+0000] {dagbag.py:538} INFO - Filling up the DagBag from /home/airflow/.local/lib/python3.8/site-packages/airflow/example_dags/example_local_kubernetes_executor.py
[2026-06-03T12:44:43.625+0000] {processor.py:840} INFO - DAG(s) 'example_local_kubernetes_executor' retrieved from /home/airflow/.local/lib/python3.8/site-packages/airflow/example_dags/example_local_kubernetes_executor.py
[2026-06-03T12:44:43.662+0000] {logging_mixin.py:188} INFO - [2026-06-03T12:44:43.662+0000] {dag.py:3033} INFO - Sync 1 DAGs
[2026-06-03T12:44:43.670+0000] {logging_mixin.py:188} INFO - [2026-06-03T12:44:43.670+0000] {dag.py:3820} INFO - Setting next_dagrun for example_local_kubernetes_executor to None, run_after=None
[2026-06-03T12:44:43.681+0000] {processor.py:183} INFO - Processing /home/airflow/.local/lib/python3.8/site-packages/airflow/example_dags/example_local_kubernetes_executor.py took 0.088 seconds
[2026-06-03T12:45:14.328+0000] {processor.py:161} INFO - Started process (PID=6292) to work on /home/airflow/.local/lib/python3.8/site-packages/airflow/example_dags/example_local_kubernetes_executor.py
[2026-06-03T12:45:14.330+0000] {processor.py:830} INFO - Processing file /home/airflow/.local/lib/python3.8/site-packages/airflow/example_dags/example_local_kubernetes_executor.py for tasks to queue
[2026-06-03T12:45:14.354+0000] {logging_mixin.py:188} INFO - [2026-06-03T12:45:14.353+0000] {dagbag.py:538} INFO - Filling up the DagBag from /home/airflow/.local/lib/python3.8/site-packages/airflow/example_dags/example_local_kubernetes_executor.py
[2026-06-03T12:45:14.369+0000] {processor.py:840} INFO - DAG(s) 'example_local_kubernetes_executor' retrieved from /home/airflow/.local/lib/python3.8/site-packages/airflow/example_dags/example_local_kubernetes_executor.py
[2026-06-03T12:45:14.428+0000] {logging_mixin.py:188} INFO - [2026-06-03T12:45:14.428+0000] {dag.py:3033} INFO - Sync 1 DAGs
[2026-06-03T12:45:14.455+0000] {logging_mixin.py:188} INFO - [2026-06-03T12:45:14.455+0000] {dag.py:3820} INFO - Setting next_dagrun for example_local_kubernetes_executor to None, run_after=None
[2026-06-03T12:45:14.469+0000] {processor.py:183} INFO - Processing /home/airflow/.local/lib/python3.8/site-packages/airflow/example_dags/example_local_kubernetes_executor.py took 0.150 seconds
[2026-06-03T12:45:45.220+0000] {processor.py:161} INFO - Started process (PID=6354) to work on /home/airflow/.local/lib/python3.8/site-packages/airflow/example_dags/example_local_kubernetes_executor.py
[2026-06-03T12:45:45.221+0000] {processor.py:830} INFO - Processing file /home/airflow/.local/lib/python3.8/site-packages/airflow/example_dags/example_local_kubernetes_executor.py for tasks to queue
[2026-06-03T12:45:45.232+0000] {logging_mixin.py:188} INFO - [2026-06-03T12:45:45.232+0000] {dagbag.py:538} INFO - Filling up the DagBag from /home/airflow/.local/lib/python3.8/site-packages/airflow/example_dags/example_local_kubernetes_executor.py
[2026-06-03T12:45:45.246+0000] {processor.py:840} INFO - DAG(s) 'example_local_kubernetes_executor' retrieved from /home/airflow/.local/lib/python3.8/site-packages/airflow/example_dags/example_local_kubernetes_executor.py
[2026-06-03T12:45:45.284+0000] {logging_mixin.py:188} INFO - [2026-06-03T12:45:45.284+0000] {dag.py:3033} INFO - Sync 1 DAGs
[2026-06-03T12:45:45.300+0000] {logging_mixin.py:188} INFO - [2026-06-03T12:45:45.300+0000] {dag.py:3820} INFO - Setting next_dagrun for example_local_kubernetes_executor to None, run_after=None
[2026-06-03T12:45:45.312+0000] {processor.py:183} INFO - Processing /home/airflow/.local/lib/python3.8/site-packages/airflow/example_dags/example_local_kubernetes_executor.py took 0.099 seconds
[2026-06-03T12:46:15.845+0000] {processor.py:161} INFO - Started process (PID=6409) to work on /home/airflow/.local/lib/python3.8/site-packages/airflow/example_dags/example_local_kubernetes_executor.py
[2026-06-03T12:46:15.846+0000] {processor.py:830} INFO - Processing file /home/airflow/.local/lib/python3.8/site-packages/airflow/example_dags/example_local_kubernetes_executor.py for tasks to queue
[2026-06-03T12:46:15.849+0000] {logging_mixin.py:188} INFO - [2026-06-03T12:46:15.849+0000] {dagbag.py:538} INFO - Filling up the DagBag from /home/airflow/.local/lib/python3.8/site-packages/airflow/example_dags/example_local_kubernetes_executor.py
[2026-06-03T12:46:15.865+0000] {processor.py:840} INFO - DAG(s) 'example_local_kubernetes_executor' retrieved from /home/airflow/.local/lib/python3.8/site-packages/airflow/example_dags/example_local_kubernetes_executor.py
[2026-06-03T12:46:15.907+0000] {logging_mixin.py:188} INFO - [2026-06-03T12:46:15.907+0000] {dag.py:3033} INFO - Sync 1 DAGs
[2026-06-03T12:46:15.914+0000] {logging_mixin.py:188} INFO - [2026-06-03T12:46:15.914+0000] {dag.py:3820} INFO - Setting next_dagrun for example_local_kubernetes_executor to None, run_after=None
[2026-06-03T12:46:15.928+0000] {processor.py:183} INFO - Processing /home/airflow/.local/lib/python3.8/site-packages/airflow/example_dags/example_local_kubernetes_executor.py took 0.090 seconds
[2026-06-03T12:46:46.129+0000] {processor.py:161} INFO - Started process (PID=6465) to work on /home/airflow/.local/lib/python3.8/site-packages/airflow/example_dags/example_local_kubernetes_executor.py
[2026-06-03T12:46:46.131+0000] {processor.py:830} INFO - Processing file /home/airflow/.local/lib/python3.8/site-packages/airflow/example_dags/example_local_kubernetes_executor.py for tasks to queue
[2026-06-03T12:46:46.152+0000] {logging_mixin.py:188} INFO - [2026-06-03T12:46:46.152+0000] {dagbag.py:538} INFO - Filling up the DagBag from /home/airflow/.local/lib/python3.8/site-packages/airflow/example_dags/example_local_kubernetes_executor.py
[2026-06-03T12:46:46.174+0000] {processor.py:840} INFO - DAG(s) 'example_local_kubernetes_executor' retrieved from /home/airflow/.local/lib/python3.8/site-packages/airflow/example_dags/example_local_kubernetes_executor.py
[2026-06-03T12:46:46.238+0000] {logging_mixin.py:188} INFO - [2026-06-03T12:46:46.238+0000] {dag.py:3033} INFO - Sync 1 DAGs
[2026-06-03T12:46:46.248+0000] {logging_mixin.py:188} INFO - [2026-06-03T12:46:46.248+0000] {dag.py:3820} INFO - Setting next_dagrun for example_local_kubernetes_executor to None, run_after=None
[2026-06-03T12:46:46.266+0000] {processor.py:183} INFO - Processing /home/airflow/.local/lib/python3.8/site-packages/airflow/example_dags/example_local_kubernetes_executor.py took 0.143 seconds
[2026-06-03T12:47:16.801+0000] {processor.py:161} INFO - Started process (PID=6521) to work on /home/airflow/.local/lib/python3.8/site-packages/airflow/example_dags/example_local_kubernetes_executor.py
[2026-06-03T12:47:16.804+0000] {processor.py:830} INFO - Processing file /home/airflow/.local/lib/python3.8/site-packages/airflow/example_dags/example_local_kubernetes_executor.py for tasks to queue
[2026-06-03T12:47:16.806+0000] {logging_mixin.py:188} INFO - [2026-06-03T12:47:16.806+0000] {dagbag.py:538} INFO - Filling up the DagBag from /home/airflow/.local/lib/python3.8/site-packages/airflow/example_dags/example_local_kubernetes_executor.py
[2026-06-03T12:47:16.825+0000] {processor.py:840} INFO - DAG(s) 'example_local_kubernetes_executor' retrieved from /home/airflow/.local/lib/python3.8/site-packages/airflow/example_dags/example_local_kubernetes_executor.py
[2026-06-03T12:47:16.865+0000] {logging_mixin.py:188} INFO - [2026-06-03T12:47:16.865+0000] {dag.py:3033} INFO - Sync 1 DAGs
[2026-06-03T12:47:16.885+0000] {logging_mixin.py:188} INFO - [2026-06-03T12:47:16.885+0000] {dag.py:3820} INFO - Setting next_dagrun for example_local_kubernetes_executor to None, run_after=None
[2026-06-03T12:47:16.905+0000] {processor.py:183} INFO - Processing /home/airflow/.local/lib/python3.8/site-packages/airflow/example_dags/example_local_kubernetes_executor.py took 0.114 seconds
[2026-06-03T12:47:47.604+0000] {processor.py:161} INFO - Started process (PID=6577) to work on /home/airflow/.local/lib/python3.8/site-packages/airflow/example_dags/example_local_kubernetes_executor.py
[2026-06-03T12:47:47.610+0000] {processor.py:830} INFO - Processing file /home/airflow/.local/lib/python3.8/site-packages/airflow/example_dags/example_local_kubernetes_executor.py for tasks to queue
[2026-06-03T12:47:47.622+0000] {logging_mixin.py:188} INFO - [2026-06-03T12:47:47.622+0000] {dagbag.py:538} INFO - Filling up the DagBag from /home/airflow/.local/lib/python3.8/site-packages/airflow/example_dags/example_local_kubernetes_executor.py
[2026-06-03T12:47:47.655+0000] {processor.py:840} INFO - DAG(s) 'example_local_kubernetes_executor' retrieved from /home/airflow/.local/lib/python3.8/site-packages/airflow/example_dags/example_local_kubernetes_executor.py
[2026-06-03T12:47:47.786+0000] {logging_mixin.py:188} INFO - [2026-06-03T12:47:47.786+0000] {dag.py:3033} INFO - Sync 1 DAGs
[2026-06-03T12:47:47.811+0000] {logging_mixin.py:188} INFO - [2026-06-03T12:47:47.811+0000] {dag.py:3820} INFO - Setting next_dagrun for example_local_kubernetes_executor to None, run_after=None
[2026-06-03T12:47:47.852+0000] {processor.py:183} INFO - Processing /home/airflow/.local/lib/python3.8/site-packages/airflow/example_dags/example_local_kubernetes_executor.py took 0.254 seconds
[2026-06-03T12:48:18.474+0000] {processor.py:161} INFO - Started process (PID=6633) to work on /home/airflow/.local/lib/python3.8/site-packages/airflow/example_dags/example_local_kubernetes_executor.py
[2026-06-03T12:48:18.476+0000] {processor.py:830} INFO - Processing file /home/airflow/.local/lib/python3.8/site-packages/airflow/example_dags/example_local_kubernetes_executor.py for tasks to queue
[2026-06-03T12:48:18.484+0000] {logging_mixin.py:188} INFO - [2026-06-03T12:48:18.482+0000] {dagbag.py:538} INFO - Filling up the DagBag from /home/airflow/.local/lib/python3.8/site-packages/airflow/example_dags/example_local_kubernetes_executor.py
[2026-06-03T12:48:18.507+0000] {processor.py:840} INFO - DAG(s) 'example_local_kubernetes_executor' retrieved from /home/airflow/.local/lib/python3.8/site-packages/airflow/example_dags/example_local_kubernetes_executor.py
[2026-06-03T12:48:18.563+0000] {logging_mixin.py:188} INFO - [2026-06-03T12:48:18.562+0000] {dag.py:3033} INFO - Sync 1 DAGs
[2026-06-03T12:48:18.578+0000] {logging_mixin.py:188} INFO - [2026-06-03T12:48:18.578+0000] {dag.py:3820} INFO - Setting next_dagrun for example_local_kubernetes_executor to None, run_after=None
[2026-06-03T12:48:18.591+0000] {processor.py:183} INFO - Processing /home/airflow/.local/lib/python3.8/site-packages/airflow/example_dags/example_local_kubernetes_executor.py took 0.126 seconds
[2026-06-03T12:48:49.327+0000] {processor.py:161} INFO - Started process (PID=6689) to work on /home/airflow/.local/lib/python3.8/site-packages/airflow/example_dags/example_local_kubernetes_executor.py
[2026-06-03T12:48:49.341+0000] {processor.py:830} INFO - Processing file /home/airflow/.local/lib/python3.8/site-packages/airflow/example_dags/example_local_kubernetes_executor.py for tasks to queue
[2026-06-03T12:48:49.348+0000] {logging_mixin.py:188} INFO - [2026-06-03T12:48:49.347+0000] {dagbag.py:538} INFO - Filling up the DagBag from /home/airflow/.local/lib/python3.8/site-packages/airflow/example_dags/example_local_kubernetes_executor.py
[2026-06-03T12:48:49.384+0000] {processor.py:840} INFO - DAG(s) 'example_local_kubernetes_executor' retrieved from /home/airflow/.local/lib/python3.8/site-packages/airflow/example_dags/example_local_kubernetes_executor.py
[2026-06-03T12:48:49.496+0000] {logging_mixin.py:188} INFO - [2026-06-03T12:48:49.495+0000] {dag.py:3033} INFO - Sync 1 DAGs
[2026-06-03T12:48:49.510+0000] {logging_mixin.py:188} INFO - [2026-06-03T12:48:49.509+0000] {dag.py:3820} INFO - Setting next_dagrun for example_local_kubernetes_executor to None, run_after=None
[2026-06-03T12:48:49.527+0000] {processor.py:183} INFO - Processing /home/airflow/.local/lib/python3.8/site-packages/airflow/example_dags/example_local_kubernetes_executor.py took 0.214 seconds
[2026-06-03T12:49:19.934+0000] {processor.py:161} INFO - Started process (PID=6745) to work on /home/airflow/.local/lib/python3.8/site-packages/airflow/example_dags/example_local_kubernetes_executor.py
[2026-06-03T12:49:19.937+0000] {processor.py:830} INFO - Processing file /home/airflow/.local/lib/python3.8/site-packages/airflow/example_dags/example_local_kubernetes_executor.py for tasks to queue
[2026-06-03T12:49:19.942+0000] {logging_mixin.py:188} INFO - [2026-06-03T12:49:19.942+0000] {dagbag.py:538} INFO - Filling up the DagBag from /home/airflow/.local/lib/python3.8/site-packages/airflow/example_dags/example_local_kubernetes_executor.py
[2026-06-03T12:49:19.966+0000] {processor.py:840} INFO - DAG(s) 'example_local_kubernetes_executor' retrieved from /home/airflow/.local/lib/python3.8/site-packages/airflow/example_dags/example_local_kubernetes_executor.py
[2026-06-03T12:49:20.036+0000] {logging_mixin.py:188} INFO - [2026-06-03T12:49:20.036+0000] {dag.py:3033} INFO - Sync 1 DAGs
[2026-06-03T12:49:20.044+0000] {logging_mixin.py:188} INFO - [2026-06-03T12:49:20.044+0000] {dag.py:3820} INFO - Setting next_dagrun for example_local_kubernetes_executor to None, run_after=None
[2026-06-03T12:49:20.059+0000] {processor.py:183} INFO - Processing /home/airflow/.local/lib/python3.8/site-packages/airflow/example_dags/example_local_kubernetes_executor.py took 0.152 seconds
[2026-06-03T12:49:50.740+0000] {processor.py:161} INFO - Started process (PID=6801) to work on /home/airflow/.local/lib/python3.8/site-packages/airflow/example_dags/example_local_kubernetes_executor.py
[2026-06-03T12:49:50.747+0000] {processor.py:830} INFO - Processing file /home/airflow/.local/lib/python3.8/site-packages/airflow/example_dags/example_local_kubernetes_executor.py for tasks to queue
[2026-06-03T12:49:50.753+0000] {logging_mixin.py:188} INFO - [2026-06-03T12:49:50.753+0000] {dagbag.py:538} INFO - Filling up the DagBag from /home/airflow/.local/lib/python3.8/site-packages/airflow/example_dags/example_local_kubernetes_executor.py
[2026-06-03T12:49:50.778+0000] {processor.py:840} INFO - DAG(s) 'example_local_kubernetes_executor' retrieved from /home/airflow/.local/lib/python3.8/site-packages/airflow/example_dags/example_local_kubernetes_executor.py
[2026-06-03T12:49:50.847+0000] {logging_mixin.py:188} INFO - [2026-06-03T12:49:50.847+0000] {dag.py:3033} INFO - Sync 1 DAGs
[2026-06-03T12:49:50.854+0000] {logging_mixin.py:188} INFO - [2026-06-03T12:49:50.854+0000] {dag.py:3820} INFO - Setting next_dagrun for example_local_kubernetes_executor to None, run_after=None
[2026-06-03T12:49:50.872+0000] {processor.py:183} INFO - Processing /home/airflow/.local/lib/python3.8/site-packages/airflow/example_dags/example_local_kubernetes_executor.py took 0.148 seconds
[2026-06-03T12:50:21.531+0000] {processor.py:161} INFO - Started process (PID=6857) to work on /home/airflow/.local/lib/python3.8/site-packages/airflow/example_dags/example_local_kubernetes_executor.py
[2026-06-03T12:50:21.533+0000] {processor.py:830} INFO - Processing file /home/airflow/.local/lib/python3.8/site-packages/airflow/example_dags/example_local_kubernetes_executor.py for tasks to queue
[2026-06-03T12:50:21.541+0000] {logging_mixin.py:188} INFO - [2026-06-03T12:50:21.541+0000] {dagbag.py:538} INFO - Filling up the DagBag from /home/airflow/.local/lib/python3.8/site-packages/airflow/example_dags/example_local_kubernetes_executor.py
[2026-06-03T12:50:21.554+0000] {processor.py:840} INFO - DAG(s) 'example_local_kubernetes_executor' retrieved from /home/airflow/.local/lib/python3.8/site-packages/airflow/example_dags/example_local_kubernetes_executor.py
[2026-06-03T12:50:21.600+0000] {logging_mixin.py:188} INFO - [2026-06-03T12:50:21.600+0000] {dag.py:3033} INFO - Sync 1 DAGs
[2026-06-03T12:50:21.610+0000] {logging_mixin.py:188} INFO - [2026-06-03T12:50:21.610+0000] {dag.py:3820} INFO - Setting next_dagrun for example_local_kubernetes_executor to None, run_after=None
[2026-06-03T12:50:21.629+0000] {processor.py:183} INFO - Processing /home/airflow/.local/lib/python3.8/site-packages/airflow/example_dags/example_local_kubernetes_executor.py took 0.106 seconds
[2026-06-03T12:50:59.749+0000] {processor.py:161} INFO - Started process (PID=73) to work on /home/airflow/.local/lib/python3.8/site-packages/airflow/example_dags/example_local_kubernetes_executor.py
[2026-06-03T12:50:59.751+0000] {processor.py:830} INFO - Processing file /home/airflow/.local/lib/python3.8/site-packages/airflow/example_dags/example_local_kubernetes_executor.py for tasks to queue
[2026-06-03T12:50:59.753+0000] {logging_mixin.py:188} INFO - [2026-06-03T12:50:59.752+0000] {dagbag.py:538} INFO - Filling up the DagBag from /home/airflow/.local/lib/python3.8/site-packages/airflow/example_dags/example_local_kubernetes_executor.py
[2026-06-03T12:50:59.799+0000] {processor.py:840} INFO - DAG(s) 'example_local_kubernetes_executor' retrieved from /home/airflow/.local/lib/python3.8/site-packages/airflow/example_dags/example_local_kubernetes_executor.py
[2026-06-03T12:50:59.843+0000] {logging_mixin.py:188} INFO - [2026-06-03T12:50:59.843+0000] {dag.py:3033} INFO - Sync 1 DAGs
[2026-06-03T12:50:59.877+0000] {logging_mixin.py:188} INFO - [2026-06-03T12:50:59.877+0000] {dag.py:3820} INFO - Setting next_dagrun for example_local_kubernetes_executor to None, run_after=None
[2026-06-03T12:50:59.930+0000] {processor.py:183} INFO - Processing /home/airflow/.local/lib/python3.8/site-packages/airflow/example_dags/example_local_kubernetes_executor.py took 0.185 seconds
[2026-06-03T12:51:30.779+0000] {processor.py:161} INFO - Started process (PID=129) to work on /home/airflow/.local/lib/python3.8/site-packages/airflow/example_dags/example_local_kubernetes_executor.py
[2026-06-03T12:51:30.781+0000] {processor.py:830} INFO - Processing file /home/airflow/.local/lib/python3.8/site-packages/airflow/example_dags/example_local_kubernetes_executor.py for tasks to queue
[2026-06-03T12:51:30.785+0000] {logging_mixin.py:188} INFO - [2026-06-03T12:51:30.785+0000] {dagbag.py:538} INFO - Filling up the DagBag from /home/airflow/.local/lib/python3.8/site-packages/airflow/example_dags/example_local_kubernetes_executor.py
[2026-06-03T12:51:30.815+0000] {processor.py:840} INFO - DAG(s) 'example_local_kubernetes_executor' retrieved from /home/airflow/.local/lib/python3.8/site-packages/airflow/example_dags/example_local_kubernetes_executor.py
[2026-06-03T12:51:30.946+0000] {logging_mixin.py:188} INFO - [2026-06-03T12:51:30.945+0000] {dag.py:3033} INFO - Sync 1 DAGs
[2026-06-03T12:51:30.953+0000] {logging_mixin.py:188} INFO - [2026-06-03T12:51:30.953+0000] {dag.py:3820} INFO - Setting next_dagrun for example_local_kubernetes_executor to None, run_after=None
[2026-06-03T12:51:30.969+0000] {processor.py:183} INFO - Processing /home/airflow/.local/lib/python3.8/site-packages/airflow/example_dags/example_local_kubernetes_executor.py took 0.193 seconds
[2026-06-03T12:52:01.827+0000] {processor.py:161} INFO - Started process (PID=185) to work on /home/airflow/.local/lib/python3.8/site-packages/airflow/example_dags/example_local_kubernetes_executor.py
[2026-06-03T12:52:01.828+0000] {processor.py:830} INFO - Processing file /home/airflow/.local/lib/python3.8/site-packages/airflow/example_dags/example_local_kubernetes_executor.py for tasks to queue
[2026-06-03T12:52:01.832+0000] {logging_mixin.py:188} INFO - [2026-06-03T12:52:01.832+0000] {dagbag.py:538} INFO - Filling up the DagBag from /home/airflow/.local/lib/python3.8/site-packages/airflow/example_dags/example_local_kubernetes_executor.py
[2026-06-03T12:52:01.852+0000] {processor.py:840} INFO - DAG(s) 'example_local_kubernetes_executor' retrieved from /home/airflow/.local/lib/python3.8/site-packages/airflow/example_dags/example_local_kubernetes_executor.py
[2026-06-03T12:52:01.892+0000] {logging_mixin.py:188} INFO - [2026-06-03T12:52:01.891+0000] {dag.py:3033} INFO - Sync 1 DAGs
[2026-06-03T12:52:01.903+0000] {logging_mixin.py:188} INFO - [2026-06-03T12:52:01.903+0000] {dag.py:3820} INFO - Setting next_dagrun for example_local_kubernetes_executor to None, run_after=None
[2026-06-03T12:52:01.923+0000] {processor.py:183} INFO - Processing /home/airflow/.local/lib/python3.8/site-packages/airflow/example_dags/example_local_kubernetes_executor.py took 0.098 seconds
[2026-06-03T12:52:32.651+0000] {processor.py:161} INFO - Started process (PID=241) to work on /home/airflow/.local/lib/python3.8/site-packages/airflow/example_dags/example_local_kubernetes_executor.py
[2026-06-03T12:52:32.654+0000] {processor.py:830} INFO - Processing file /home/airflow/.local/lib/python3.8/site-packages/airflow/example_dags/example_local_kubernetes_executor.py for tasks to queue
[2026-06-03T12:52:32.664+0000] {logging_mixin.py:188} INFO - [2026-06-03T12:52:32.664+0000] {dagbag.py:538} INFO - Filling up the DagBag from /home/airflow/.local/lib/python3.8/site-packages/airflow/example_dags/example_local_kubernetes_executor.py
[2026-06-03T12:52:32.678+0000] {processor.py:840} INFO - DAG(s) 'example_local_kubernetes_executor' retrieved from /home/airflow/.local/lib/python3.8/site-packages/airflow/example_dags/example_local_kubernetes_executor.py
[2026-06-03T12:52:32.747+0000] {logging_mixin.py:188} INFO - [2026-06-03T12:52:32.747+0000] {dag.py:3033} INFO - Sync 1 DAGs
[2026-06-03T12:52:32.765+0000] {logging_mixin.py:188} INFO - [2026-06-03T12:52:32.765+0000] {dag.py:3820} INFO - Setting next_dagrun for example_local_kubernetes_executor to None, run_after=None
[2026-06-03T12:52:32.793+0000] {processor.py:183} INFO - Processing /home/airflow/.local/lib/python3.8/site-packages/airflow/example_dags/example_local_kubernetes_executor.py took 0.145 seconds
[2026-06-03T12:53:03.137+0000] {processor.py:161} INFO - Started process (PID=303) to work on /home/airflow/.local/lib/python3.8/site-packages/airflow/example_dags/example_local_kubernetes_executor.py
[2026-06-03T12:53:03.139+0000] {processor.py:830} INFO - Processing file /home/airflow/.local/lib/python3.8/site-packages/airflow/example_dags/example_local_kubernetes_executor.py for tasks to queue
[2026-06-03T12:53:03.140+0000] {logging_mixin.py:188} INFO - [2026-06-03T12:53:03.140+0000] {dagbag.py:538} INFO - Filling up the DagBag from /home/airflow/.local/lib/python3.8/site-packages/airflow/example_dags/example_local_kubernetes_executor.py
[2026-06-03T12:53:03.148+0000] {processor.py:840} INFO - DAG(s) 'example_local_kubernetes_executor' retrieved from /home/airflow/.local/lib/python3.8/site-packages/airflow/example_dags/example_local_kubernetes_executor.py
[2026-06-03T12:53:03.193+0000] {logging_mixin.py:188} INFO - [2026-06-03T12:53:03.193+0000] {dag.py:3033} INFO - Sync 1 DAGs
[2026-06-03T12:53:03.208+0000] {logging_mixin.py:188} INFO - [2026-06-03T12:53:03.207+0000] {dag.py:3820} INFO - Setting next_dagrun for example_local_kubernetes_executor to None, run_after=None
[2026-06-03T12:53:03.222+0000] {processor.py:183} INFO - Processing /home/airflow/.local/lib/python3.8/site-packages/airflow/example_dags/example_local_kubernetes_executor.py took 0.088 seconds
[2026-06-03T12:53:33.394+0000] {processor.py:161} INFO - Started process (PID=359) to work on /home/airflow/.local/lib/python3.8/site-packages/airflow/example_dags/example_local_kubernetes_executor.py
[2026-06-03T12:53:33.398+0000] {processor.py:830} INFO - Processing file /home/airflow/.local/lib/python3.8/site-packages/airflow/example_dags/example_local_kubernetes_executor.py for tasks to queue
[2026-06-03T12:53:33.400+0000] {logging_mixin.py:188} INFO - [2026-06-03T12:53:33.400+0000] {dagbag.py:538} INFO - Filling up the DagBag from /home/airflow/.local/lib/python3.8/site-packages/airflow/example_dags/example_local_kubernetes_executor.py
[2026-06-03T12:53:33.408+0000] {processor.py:840} INFO - DAG(s) 'example_local_kubernetes_executor' retrieved from /home/airflow/.local/lib/python3.8/site-packages/airflow/example_dags/example_local_kubernetes_executor.py
[2026-06-03T12:53:33.438+0000] {logging_mixin.py:188} INFO - [2026-06-03T12:53:33.438+0000] {dag.py:3033} INFO - Sync 1 DAGs
[2026-06-03T12:53:33.447+0000] {logging_mixin.py:188} INFO - [2026-06-03T12:53:33.446+0000] {dag.py:3820} INFO - Setting next_dagrun for example_local_kubernetes_executor to None, run_after=None
[2026-06-03T12:53:33.470+0000] {processor.py:183} INFO - Processing /home/airflow/.local/lib/python3.8/site-packages/airflow/example_dags/example_local_kubernetes_executor.py took 0.077 seconds
[2026-06-03T12:54:04.504+0000] {processor.py:161} INFO - Started process (PID=415) to work on /home/airflow/.local/lib/python3.8/site-packages/airflow/example_dags/example_local_kubernetes_executor.py
[2026-06-03T12:54:04.506+0000] {processor.py:830} INFO - Processing file /home/airflow/.local/lib/python3.8/site-packages/airflow/example_dags/example_local_kubernetes_executor.py for tasks to queue
[2026-06-03T12:54:04.510+0000] {logging_mixin.py:188} INFO - [2026-06-03T12:54:04.510+0000] {dagbag.py:538} INFO - Filling up the DagBag from /home/airflow/.local/lib/python3.8/site-packages/airflow/example_dags/example_local_kubernetes_executor.py
[2026-06-03T12:54:04.516+0000] {processor.py:840} INFO - DAG(s) 'example_local_kubernetes_executor' retrieved from /home/airflow/.local/lib/python3.8/site-packages/airflow/example_dags/example_local_kubernetes_executor.py
[2026-06-03T12:54:04.537+0000] {logging_mixin.py:188} INFO - [2026-06-03T12:54:04.537+0000] {dag.py:3033} INFO - Sync 1 DAGs
[2026-06-03T12:54:04.562+0000] {logging_mixin.py:188} INFO - [2026-06-03T12:54:04.562+0000] {dag.py:3820} INFO - Setting next_dagrun for example_local_kubernetes_executor to None, run_after=None
[2026-06-03T12:54:04.625+0000] {processor.py:183} INFO - Processing /home/airflow/.local/lib/python3.8/site-packages/airflow/example_dags/example_local_kubernetes_executor.py took 0.125 seconds
[2026-06-03T12:54:34.861+0000] {processor.py:161} INFO - Started process (PID=471) to work on /home/airflow/.local/lib/python3.8/site-packages/airflow/example_dags/example_local_kubernetes_executor.py
[2026-06-03T12:54:34.863+0000] {processor.py:830} INFO - Processing file /home/airflow/.local/lib/python3.8/site-packages/airflow/example_dags/example_local_kubernetes_executor.py for tasks to queue
[2026-06-03T12:54:34.864+0000] {logging_mixin.py:188} INFO - [2026-06-03T12:54:34.864+0000] {dagbag.py:538} INFO - Filling up the DagBag from /home/airflow/.local/lib/python3.8/site-packages/airflow/example_dags/example_local_kubernetes_executor.py
[2026-06-03T12:54:34.869+0000] {processor.py:840} INFO - DAG(s) 'example_local_kubernetes_executor' retrieved from /home/airflow/.local/lib/python3.8/site-packages/airflow/example_dags/example_local_kubernetes_executor.py
[2026-06-03T12:54:34.886+0000] {logging_mixin.py:188} INFO - [2026-06-03T12:54:34.885+0000] {dag.py:3033} INFO - Sync 1 DAGs
[2026-06-03T12:54:34.891+0000] {logging_mixin.py:188} INFO - [2026-06-03T12:54:34.891+0000] {dag.py:3820} INFO - Setting next_dagrun for example_local_kubernetes_executor to None, run_after=None
[2026-06-03T12:54:34.899+0000] {processor.py:183} INFO - Processing /home/airflow/.local/lib/python3.8/site-packages/airflow/example_dags/example_local_kubernetes_executor.py took 0.039 seconds
[2026-06-03T12:55:05.390+0000] {processor.py:161} INFO - Started process (PID=527) to work on /home/airflow/.local/lib/python3.8/site-packages/airflow/example_dags/example_local_kubernetes_executor.py
[2026-06-03T12:55:05.391+0000] {processor.py:830} INFO - Processing file /home/airflow/.local/lib/python3.8/site-packages/airflow/example_dags/example_local_kubernetes_executor.py for tasks to queue
[2026-06-03T12:55:05.392+0000] {logging_mixin.py:188} INFO - [2026-06-03T12:55:05.392+0000] {dagbag.py:538} INFO - Filling up the DagBag from /home/airflow/.local/lib/python3.8/site-packages/airflow/example_dags/example_local_kubernetes_executor.py
[2026-06-03T12:55:05.397+0000] {processor.py:840} INFO - DAG(s) 'example_local_kubernetes_executor' retrieved from /home/airflow/.local/lib/python3.8/site-packages/airflow/example_dags/example_local_kubernetes_executor.py
[2026-06-03T12:55:05.419+0000] {logging_mixin.py:188} INFO - [2026-06-03T12:55:05.419+0000] {dag.py:3033} INFO - Sync 1 DAGs
[2026-06-03T12:55:05.425+0000] {logging_mixin.py:188} INFO - [2026-06-03T12:55:05.425+0000] {dag.py:3820} INFO - Setting next_dagrun for example_local_kubernetes_executor to None, run_after=None
[2026-06-03T12:55:05.432+0000] {processor.py:183} INFO - Processing /home/airflow/.local/lib/python3.8/site-packages/airflow/example_dags/example_local_kubernetes_executor.py took 0.044 seconds
[2026-06-03T12:55:36.671+0000] {processor.py:161} INFO - Started process (PID=583) to work on /home/airflow/.local/lib/python3.8/site-packages/airflow/example_dags/example_local_kubernetes_executor.py
[2026-06-03T12:55:36.673+0000] {processor.py:830} INFO - Processing file /home/airflow/.local/lib/python3.8/site-packages/airflow/example_dags/example_local_kubernetes_executor.py for tasks to queue
[2026-06-03T12:55:36.677+0000] {logging_mixin.py:188} INFO - [2026-06-03T12:55:36.677+0000] {dagbag.py:538} INFO - Filling up the DagBag from /home/airflow/.local/lib/python3.8/site-packages/airflow/example_dags/example_local_kubernetes_executor.py
[2026-06-03T12:55:36.689+0000] {processor.py:840} INFO - DAG(s) 'example_local_kubernetes_executor' retrieved from /home/airflow/.local/lib/python3.8/site-packages/airflow/example_dags/example_local_kubernetes_executor.py
[2026-06-03T12:55:36.726+0000] {logging_mixin.py:188} INFO - [2026-06-03T12:55:36.726+0000] {dag.py:3033} INFO - Sync 1 DAGs
[2026-06-03T12:55:36.753+0000] {logging_mixin.py:188} INFO - [2026-06-03T12:55:36.752+0000] {dag.py:3820} INFO - Setting next_dagrun for example_local_kubernetes_executor to None, run_after=None
[2026-06-03T12:55:36.775+0000] {processor.py:183} INFO - Processing /home/airflow/.local/lib/python3.8/site-packages/airflow/example_dags/example_local_kubernetes_executor.py took 0.111 seconds
[2026-06-03T12:56:07.852+0000] {processor.py:161} INFO - Started process (PID=645) to work on /home/airflow/.local/lib/python3.8/site-packages/airflow/example_dags/example_local_kubernetes_executor.py
[2026-06-03T12:56:07.854+0000] {processor.py:830} INFO - Processing file /home/airflow/.local/lib/python3.8/site-packages/airflow/example_dags/example_local_kubernetes_executor.py for tasks to queue
[2026-06-03T12:56:07.857+0000] {logging_mixin.py:188} INFO - [2026-06-03T12:56:07.856+0000] {dagbag.py:538} INFO - Filling up the DagBag from /home/airflow/.local/lib/python3.8/site-packages/airflow/example_dags/example_local_kubernetes_executor.py
[2026-06-03T12:56:07.869+0000] {processor.py:840} INFO - DAG(s) 'example_local_kubernetes_executor' retrieved from /home/airflow/.local/lib/python3.8/site-packages/airflow/example_dags/example_local_kubernetes_executor.py
[2026-06-03T12:56:07.922+0000] {logging_mixin.py:188} INFO - [2026-06-03T12:56:07.922+0000] {dag.py:3033} INFO - Sync 1 DAGs
[2026-06-03T12:56:07.930+0000] {logging_mixin.py:188} INFO - [2026-06-03T12:56:07.930+0000] {dag.py:3820} INFO - Setting next_dagrun for example_local_kubernetes_executor to None, run_after=None
[2026-06-03T12:56:07.943+0000] {processor.py:183} INFO - Processing /home/airflow/.local/lib/python3.8/site-packages/airflow/example_dags/example_local_kubernetes_executor.py took 0.101 seconds
[2026-06-03T12:56:38.910+0000] {processor.py:161} INFO - Started process (PID=785) to work on /home/airflow/.local/lib/python3.8/site-packages/airflow/example_dags/example_local_kubernetes_executor.py
[2026-06-03T12:56:38.911+0000] {processor.py:830} INFO - Processing file /home/airflow/.local/lib/python3.8/site-packages/airflow/example_dags/example_local_kubernetes_executor.py for tasks to queue
[2026-06-03T12:56:38.916+0000] {logging_mixin.py:188} INFO - [2026-06-03T12:56:38.916+0000] {dagbag.py:538} INFO - Filling up the DagBag from /home/airflow/.local/lib/python3.8/site-packages/airflow/example_dags/example_local_kubernetes_executor.py
[2026-06-03T12:56:38.931+0000] {processor.py:840} INFO - DAG(s) 'example_local_kubernetes_executor' retrieved from /home/airflow/.local/lib/python3.8/site-packages/airflow/example_dags/example_local_kubernetes_executor.py
[2026-06-03T12:56:38.978+0000] {logging_mixin.py:188} INFO - [2026-06-03T12:56:38.978+0000] {dag.py:3033} INFO - Sync 1 DAGs
[2026-06-03T12:56:38.986+0000] {logging_mixin.py:188} INFO - [2026-06-03T12:56:38.986+0000] {dag.py:3820} INFO - Setting next_dagrun for example_local_kubernetes_executor to None, run_after=None
[2026-06-03T12:56:38.998+0000] {processor.py:183} INFO - Processing /home/airflow/.local/lib/python3.8/site-packages/airflow/example_dags/example_local_kubernetes_executor.py took 0.091 seconds
[2026-06-03T12:57:09.718+0000] {processor.py:161} INFO - Started process (PID=841) to work on /home/airflow/.local/lib/python3.8/site-packages/airflow/example_dags/example_local_kubernetes_executor.py
[2026-06-03T12:57:09.720+0000] {processor.py:830} INFO - Processing file /home/airflow/.local/lib/python3.8/site-packages/airflow/example_dags/example_local_kubernetes_executor.py for tasks to queue
[2026-06-03T12:57:09.725+0000] {logging_mixin.py:188} INFO - [2026-06-03T12:57:09.725+0000] {dagbag.py:538} INFO - Filling up the DagBag from /home/airflow/.local/lib/python3.8/site-packages/airflow/example_dags/example_local_kubernetes_executor.py
[2026-06-03T12:57:09.737+0000] {processor.py:840} INFO - DAG(s) 'example_local_kubernetes_executor' retrieved from /home/airflow/.local/lib/python3.8/site-packages/airflow/example_dags/example_local_kubernetes_executor.py
[2026-06-03T12:57:09.777+0000] {logging_mixin.py:188} INFO - [2026-06-03T12:57:09.776+0000] {dag.py:3033} INFO - Sync 1 DAGs
[2026-06-03T12:57:09.791+0000] {logging_mixin.py:188} INFO - [2026-06-03T12:57:09.791+0000] {dag.py:3820} INFO - Setting next_dagrun for example_local_kubernetes_executor to None, run_after=None
[2026-06-03T12:57:09.806+0000] {processor.py:183} INFO - Processing /home/airflow/.local/lib/python3.8/site-packages/airflow/example_dags/example_local_kubernetes_executor.py took 0.092 seconds
[2026-06-03T12:57:40.396+0000] {processor.py:161} INFO - Started process (PID=897) to work on /home/airflow/.local/lib/python3.8/site-packages/airflow/example_dags/example_local_kubernetes_executor.py
[2026-06-03T12:57:40.401+0000] {processor.py:830} INFO - Processing file /home/airflow/.local/lib/python3.8/site-packages/airflow/example_dags/example_local_kubernetes_executor.py for tasks to queue
[2026-06-03T12:57:40.407+0000] {logging_mixin.py:188} INFO - [2026-06-03T12:57:40.407+0000] {dagbag.py:538} INFO - Filling up the DagBag from /home/airflow/.local/lib/python3.8/site-packages/airflow/example_dags/example_local_kubernetes_executor.py
[2026-06-03T12:57:40.427+0000] {processor.py:840} INFO - DAG(s) 'example_local_kubernetes_executor' retrieved from /home/airflow/.local/lib/python3.8/site-packages/airflow/example_dags/example_local_kubernetes_executor.py
[2026-06-03T12:57:40.488+0000] {logging_mixin.py:188} INFO - [2026-06-03T12:57:40.487+0000] {dag.py:3033} INFO - Sync 1 DAGs
[2026-06-03T12:57:40.497+0000] {logging_mixin.py:188} INFO - [2026-06-03T12:57:40.497+0000] {dag.py:3820} INFO - Setting next_dagrun for example_local_kubernetes_executor to None, run_after=None
[2026-06-03T12:57:40.521+0000] {processor.py:183} INFO - Processing /home/airflow/.local/lib/python3.8/site-packages/airflow/example_dags/example_local_kubernetes_executor.py took 0.138 seconds
[2026-06-03T12:58:10.565+0000] {processor.py:161} INFO - Started process (PID=952) to work on /home/airflow/.local/lib/python3.8/site-packages/airflow/example_dags/example_local_kubernetes_executor.py
[2026-06-03T12:58:10.566+0000] {processor.py:830} INFO - Processing file /home/airflow/.local/lib/python3.8/site-packages/airflow/example_dags/example_local_kubernetes_executor.py for tasks to queue
[2026-06-03T12:58:10.567+0000] {logging_mixin.py:188} INFO - [2026-06-03T12:58:10.567+0000] {dagbag.py:538} INFO - Filling up the DagBag from /home/airflow/.local/lib/python3.8/site-packages/airflow/example_dags/example_local_kubernetes_executor.py
[2026-06-03T12:58:10.574+0000] {processor.py:840} INFO - DAG(s) 'example_local_kubernetes_executor' retrieved from /home/airflow/.local/lib/python3.8/site-packages/airflow/example_dags/example_local_kubernetes_executor.py
[2026-06-03T12:58:10.594+0000] {logging_mixin.py:188} INFO - [2026-06-03T12:58:10.594+0000] {dag.py:3033} INFO - Sync 1 DAGs
[2026-06-03T12:58:10.600+0000] {logging_mixin.py:188} INFO - [2026-06-03T12:58:10.600+0000] {dag.py:3820} INFO - Setting next_dagrun for example_local_kubernetes_executor to None, run_after=None
[2026-06-03T12:58:10.607+0000] {processor.py:183} INFO - Processing /home/airflow/.local/lib/python3.8/site-packages/airflow/example_dags/example_local_kubernetes_executor.py took 0.046 seconds
[2026-06-03T12:58:41.190+0000] {processor.py:161} INFO - Started process (PID=1008) to work on /home/airflow/.local/lib/python3.8/site-packages/airflow/example_dags/example_local_kubernetes_executor.py
[2026-06-03T12:58:41.191+0000] {processor.py:830} INFO - Processing file /home/airflow/.local/lib/python3.8/site-packages/airflow/example_dags/example_local_kubernetes_executor.py for tasks to queue
[2026-06-03T12:58:41.194+0000] {logging_mixin.py:188} INFO - [2026-06-03T12:58:41.194+0000] {dagbag.py:538} INFO - Filling up the DagBag from /home/airflow/.local/lib/python3.8/site-packages/airflow/example_dags/example_local_kubernetes_executor.py
[2026-06-03T12:58:41.207+0000] {processor.py:840} INFO - DAG(s) 'example_local_kubernetes_executor' retrieved from /home/airflow/.local/lib/python3.8/site-packages/airflow/example_dags/example_local_kubernetes_executor.py
[2026-06-03T12:58:41.250+0000] {logging_mixin.py:188} INFO - [2026-06-03T12:58:41.250+0000] {dag.py:3033} INFO - Sync 1 DAGs
[2026-06-03T12:58:41.259+0000] {logging_mixin.py:188} INFO - [2026-06-03T12:58:41.259+0000] {dag.py:3820} INFO - Setting next_dagrun for example_local_kubernetes_executor to None, run_after=None
[2026-06-03T12:58:41.267+0000] {processor.py:183} INFO - Processing /home/airflow/.local/lib/python3.8/site-packages/airflow/example_dags/example_local_kubernetes_executor.py took 0.081 seconds
[2026-06-03T12:59:12.244+0000] {processor.py:161} INFO - Started process (PID=1064) to work on /home/airflow/.local/lib/python3.8/site-packages/airflow/example_dags/example_local_kubernetes_executor.py
[2026-06-03T12:59:12.245+0000] {processor.py:830} INFO - Processing file /home/airflow/.local/lib/python3.8/site-packages/airflow/example_dags/example_local_kubernetes_executor.py for tasks to queue
[2026-06-03T12:59:12.248+0000] {logging_mixin.py:188} INFO - [2026-06-03T12:59:12.247+0000] {dagbag.py:538} INFO - Filling up the DagBag from /home/airflow/.local/lib/python3.8/site-packages/airflow/example_dags/example_local_kubernetes_executor.py
[2026-06-03T12:59:12.257+0000] {processor.py:840} INFO - DAG(s) 'example_local_kubernetes_executor' retrieved from /home/airflow/.local/lib/python3.8/site-packages/airflow/example_dags/example_local_kubernetes_executor.py
[2026-06-03T12:59:12.309+0000] {logging_mixin.py:188} INFO - [2026-06-03T12:59:12.308+0000] {dag.py:3033} INFO - Sync 1 DAGs
[2026-06-03T12:59:12.317+0000] {logging_mixin.py:188} INFO - [2026-06-03T12:59:12.317+0000] {dag.py:3820} INFO - Setting next_dagrun for example_local_kubernetes_executor to None, run_after=None
[2026-06-03T12:59:12.326+0000] {processor.py:183} INFO - Processing /home/airflow/.local/lib/python3.8/site-packages/airflow/example_dags/example_local_kubernetes_executor.py took 0.086 seconds
[2026-06-03T12:59:42.489+0000] {processor.py:161} INFO - Started process (PID=1120) to work on /home/airflow/.local/lib/python3.8/site-packages/airflow/example_dags/example_local_kubernetes_executor.py
[2026-06-03T12:59:42.491+0000] {processor.py:830} INFO - Processing file /home/airflow/.local/lib/python3.8/site-packages/airflow/example_dags/example_local_kubernetes_executor.py for tasks to queue
[2026-06-03T12:59:42.495+0000] {logging_mixin.py:188} INFO - [2026-06-03T12:59:42.495+0000] {dagbag.py:538} INFO - Filling up the DagBag from /home/airflow/.local/lib/python3.8/site-packages/airflow/example_dags/example_local_kubernetes_executor.py
[2026-06-03T12:59:42.514+0000] {processor.py:840} INFO - DAG(s) 'example_local_kubernetes_executor' retrieved from /home/airflow/.local/lib/python3.8/site-packages/airflow/example_dags/example_local_kubernetes_executor.py
[2026-06-03T12:59:42.539+0000] {logging_mixin.py:188} INFO - [2026-06-03T12:59:42.539+0000] {dag.py:3033} INFO - Sync 1 DAGs
[2026-06-03T12:59:42.546+0000] {logging_mixin.py:188} INFO - [2026-06-03T12:59:42.546+0000] {dag.py:3820} INFO - Setting next_dagrun for example_local_kubernetes_executor to None, run_after=None
[2026-06-03T12:59:42.554+0000] {processor.py:183} INFO - Processing /home/airflow/.local/lib/python3.8/site-packages/airflow/example_dags/example_local_kubernetes_executor.py took 0.070 seconds
[2026-06-03T13:00:13.066+0000] {processor.py:161} INFO - Started process (PID=1176) to work on /home/airflow/.local/lib/python3.8/site-packages/airflow/example_dags/example_local_kubernetes_executor.py
[2026-06-03T13:00:13.068+0000] {processor.py:830} INFO - Processing file /home/airflow/.local/lib/python3.8/site-packages/airflow/example_dags/example_local_kubernetes_executor.py for tasks to queue
[2026-06-03T13:00:13.071+0000] {logging_mixin.py:188} INFO - [2026-06-03T13:00:13.071+0000] {dagbag.py:538} INFO - Filling up the DagBag from /home/airflow/.local/lib/python3.8/site-packages/airflow/example_dags/example_local_kubernetes_executor.py
[2026-06-03T13:00:13.094+0000] {processor.py:840} INFO - DAG(s) 'example_local_kubernetes_executor' retrieved from /home/airflow/.local/lib/python3.8/site-packages/airflow/example_dags/example_local_kubernetes_executor.py
[2026-06-03T13:00:13.146+0000] {logging_mixin.py:188} INFO - [2026-06-03T13:00:13.146+0000] {dag.py:3033} INFO - Sync 1 DAGs
[2026-06-03T13:00:13.159+0000] {logging_mixin.py:188} INFO - [2026-06-03T13:00:13.159+0000] {dag.py:3820} INFO - Setting next_dagrun for example_local_kubernetes_executor to None, run_after=None
[2026-06-03T13:00:13.173+0000] {processor.py:183} INFO - Processing /home/airflow/.local/lib/python3.8/site-packages/airflow/example_dags/example_local_kubernetes_executor.py took 0.114 seconds
[2026-06-03T13:00:43.390+0000] {processor.py:161} INFO - Started process (PID=1232) to work on /home/airflow/.local/lib/python3.8/site-packages/airflow/example_dags/example_local_kubernetes_executor.py
[2026-06-03T13:00:43.391+0000] {processor.py:830} INFO - Processing file /home/airflow/.local/lib/python3.8/site-packages/airflow/example_dags/example_local_kubernetes_executor.py for tasks to queue
[2026-06-03T13:00:43.393+0000] {logging_mixin.py:188} INFO - [2026-06-03T13:00:43.393+0000] {dagbag.py:538} INFO - Filling up the DagBag from /home/airflow/.local/lib/python3.8/site-packages/airflow/example_dags/example_local_kubernetes_executor.py
[2026-06-03T13:00:43.402+0000] {processor.py:840} INFO - DAG(s) 'example_local_kubernetes_executor' retrieved from /home/airflow/.local/lib/python3.8/site-packages/airflow/example_dags/example_local_kubernetes_executor.py
[2026-06-03T13:00:43.438+0000] {logging_mixin.py:188} INFO - [2026-06-03T13:00:43.438+0000] {dag.py:3033} INFO - Sync 1 DAGs
[2026-06-03T13:00:43.452+0000] {logging_mixin.py:188} INFO - [2026-06-03T13:00:43.451+0000] {dag.py:3820} INFO - Setting next_dagrun for example_local_kubernetes_executor to None, run_after=None
[2026-06-03T13:00:43.461+0000] {processor.py:183} INFO - Processing /home/airflow/.local/lib/python3.8/site-packages/airflow/example_dags/example_local_kubernetes_executor.py took 0.074 seconds
[2026-06-03T13:01:14.465+0000] {processor.py:161} INFO - Started process (PID=1288) to work on /home/airflow/.local/lib/python3.8/site-packages/airflow/example_dags/example_local_kubernetes_executor.py
[2026-06-03T13:01:14.466+0000] {processor.py:830} INFO - Processing file /home/airflow/.local/lib/python3.8/site-packages/airflow/example_dags/example_local_kubernetes_executor.py for tasks to queue
[2026-06-03T13:01:14.469+0000] {logging_mixin.py:188} INFO - [2026-06-03T13:01:14.469+0000] {dagbag.py:538} INFO - Filling up the DagBag from /home/airflow/.local/lib/python3.8/site-packages/airflow/example_dags/example_local_kubernetes_executor.py
[2026-06-03T13:01:14.486+0000] {processor.py:840} INFO - DAG(s) 'example_local_kubernetes_executor' retrieved from /home/airflow/.local/lib/python3.8/site-packages/airflow/example_dags/example_local_kubernetes_executor.py
[2026-06-03T13:01:14.531+0000] {logging_mixin.py:188} INFO - [2026-06-03T13:01:14.530+0000] {dag.py:3033} INFO - Sync 1 DAGs
[2026-06-03T13:01:14.539+0000] {logging_mixin.py:188} INFO - [2026-06-03T13:01:14.539+0000] {dag.py:3820} INFO - Setting next_dagrun for example_local_kubernetes_executor to None, run_after=None
[2026-06-03T13:01:14.549+0000] {processor.py:183} INFO - Processing /home/airflow/.local/lib/python3.8/site-packages/airflow/example_dags/example_local_kubernetes_executor.py took 0.088 seconds
[2026-06-03T13:01:44.977+0000] {processor.py:161} INFO - Started process (PID=1344) to work on /home/airflow/.local/lib/python3.8/site-packages/airflow/example_dags/example_local_kubernetes_executor.py
[2026-06-03T13:01:44.982+0000] {processor.py:830} INFO - Processing file /home/airflow/.local/lib/python3.8/site-packages/airflow/example_dags/example_local_kubernetes_executor.py for tasks to queue
[2026-06-03T13:01:44.992+0000] {logging_mixin.py:188} INFO - [2026-06-03T13:01:44.992+0000] {dagbag.py:538} INFO - Filling up the DagBag from /home/airflow/.local/lib/python3.8/site-packages/airflow/example_dags/example_local_kubernetes_executor.py
[2026-06-03T13:01:45.016+0000] {processor.py:840} INFO - DAG(s) 'example_local_kubernetes_executor' retrieved from /home/airflow/.local/lib/python3.8/site-packages/airflow/example_dags/example_local_kubernetes_executor.py
[2026-06-03T13:01:45.075+0000] {logging_mixin.py:188} INFO - [2026-06-03T13:01:45.075+0000] {dag.py:3033} INFO - Sync 1 DAGs
[2026-06-03T13:01:45.086+0000] {logging_mixin.py:188} INFO - [2026-06-03T13:01:45.086+0000] {dag.py:3820} INFO - Setting next_dagrun for example_local_kubernetes_executor to None, run_after=None
[2026-06-03T13:01:45.103+0000] {processor.py:183} INFO - Processing /home/airflow/.local/lib/python3.8/site-packages/airflow/example_dags/example_local_kubernetes_executor.py took 0.136 seconds
[2026-06-03T13:02:15.937+0000] {processor.py:161} INFO - Started process (PID=1400) to work on /home/airflow/.local/lib/python3.8/site-packages/airflow/example_dags/example_local_kubernetes_executor.py
[2026-06-03T13:02:15.938+0000] {processor.py:830} INFO - Processing file /home/airflow/.local/lib/python3.8/site-packages/airflow/example_dags/example_local_kubernetes_executor.py for tasks to queue
[2026-06-03T13:02:15.939+0000] {logging_mixin.py:188} INFO - [2026-06-03T13:02:15.939+0000] {dagbag.py:538} INFO - Filling up the DagBag from /home/airflow/.local/lib/python3.8/site-packages/airflow/example_dags/example_local_kubernetes_executor.py
[2026-06-03T13:02:15.944+0000] {processor.py:840} INFO - DAG(s) 'example_local_kubernetes_executor' retrieved from /home/airflow/.local/lib/python3.8/site-packages/airflow/example_dags/example_local_kubernetes_executor.py
[2026-06-03T13:02:16.017+0000] {logging_mixin.py:188} INFO - [2026-06-03T13:02:16.017+0000] {dag.py:3033} INFO - Sync 1 DAGs
[2026-06-03T13:02:16.027+0000] {logging_mixin.py:188} INFO - [2026-06-03T13:02:16.027+0000] {dag.py:3820} INFO - Setting next_dagrun for example_local_kubernetes_executor to None, run_after=None
[2026-06-03T13:02:16.046+0000] {processor.py:183} INFO - Processing /home/airflow/.local/lib/python3.8/site-packages/airflow/example_dags/example_local_kubernetes_executor.py took 0.112 seconds
[2026-06-03T13:02:47.569+0000] {processor.py:161} INFO - Started process (PID=1456) to work on /home/airflow/.local/lib/python3.8/site-packages/airflow/example_dags/example_local_kubernetes_executor.py
[2026-06-03T13:02:47.571+0000] {processor.py:830} INFO - Processing file /home/airflow/.local/lib/python3.8/site-packages/airflow/example_dags/example_local_kubernetes_executor.py for tasks to queue
[2026-06-03T13:02:47.587+0000] {logging_mixin.py:188} INFO - [2026-06-03T13:02:47.586+0000] {dagbag.py:538} INFO - Filling up the DagBag from /home/airflow/.local/lib/python3.8/site-packages/airflow/example_dags/example_local_kubernetes_executor.py
[2026-06-03T13:02:47.602+0000] {processor.py:840} INFO - DAG(s) 'example_local_kubernetes_executor' retrieved from /home/airflow/.local/lib/python3.8/site-packages/airflow/example_dags/example_local_kubernetes_executor.py
[2026-06-03T13:02:47.688+0000] {logging_mixin.py:188} INFO - [2026-06-03T13:02:47.688+0000] {dag.py:3033} INFO - Sync 1 DAGs
[2026-06-03T13:02:47.720+0000] {logging_mixin.py:188} INFO - [2026-06-03T13:02:47.720+0000] {dag.py:3820} INFO - Setting next_dagrun for example_local_kubernetes_executor to None, run_after=None
[2026-06-03T13:02:47.759+0000] {processor.py:183} INFO - Processing /home/airflow/.local/lib/python3.8/site-packages/airflow/example_dags/example_local_kubernetes_executor.py took 0.205 seconds
[2026-06-03T13:03:18.222+0000] {processor.py:161} INFO - Started process (PID=1512) to work on /home/airflow/.local/lib/python3.8/site-packages/airflow/example_dags/example_local_kubernetes_executor.py
[2026-06-03T13:03:18.225+0000] {processor.py:830} INFO - Processing file /home/airflow/.local/lib/python3.8/site-packages/airflow/example_dags/example_local_kubernetes_executor.py for tasks to queue
[2026-06-03T13:03:18.229+0000] {logging_mixin.py:188} INFO - [2026-06-03T13:03:18.229+0000] {dagbag.py:538} INFO - Filling up the DagBag from /home/airflow/.local/lib/python3.8/site-packages/airflow/example_dags/example_local_kubernetes_executor.py
[2026-06-03T13:03:18.236+0000] {processor.py:840} INFO - DAG(s) 'example_local_kubernetes_executor' retrieved from /home/airflow/.local/lib/python3.8/site-packages/airflow/example_dags/example_local_kubernetes_executor.py
[2026-06-03T13:03:18.264+0000] {logging_mixin.py:188} INFO - [2026-06-03T13:03:18.263+0000] {dag.py:3033} INFO - Sync 1 DAGs
[2026-06-03T13:03:18.272+0000] {logging_mixin.py:188} INFO - [2026-06-03T13:03:18.271+0000] {dag.py:3820} INFO - Setting next_dagrun for example_local_kubernetes_executor to None, run_after=None
[2026-06-03T13:03:18.295+0000] {processor.py:183} INFO - Processing /home/airflow/.local/lib/python3.8/site-packages/airflow/example_dags/example_local_kubernetes_executor.py took 0.075 seconds
[2026-06-03T13:03:49.354+0000] {processor.py:161} INFO - Started process (PID=1568) to work on /home/airflow/.local/lib/python3.8/site-packages/airflow/example_dags/example_local_kubernetes_executor.py
[2026-06-03T13:03:49.355+0000] {processor.py:830} INFO - Processing file /home/airflow/.local/lib/python3.8/site-packages/airflow/example_dags/example_local_kubernetes_executor.py for tasks to queue
[2026-06-03T13:03:49.357+0000] {logging_mixin.py:188} INFO - [2026-06-03T13:03:49.357+0000] {dagbag.py:538} INFO - Filling up the DagBag from /home/airflow/.local/lib/python3.8/site-packages/airflow/example_dags/example_local_kubernetes_executor.py
[2026-06-03T13:03:49.365+0000] {processor.py:840} INFO - DAG(s) 'example_local_kubernetes_executor' retrieved from /home/airflow/.local/lib/python3.8/site-packages/airflow/example_dags/example_local_kubernetes_executor.py
[2026-06-03T13:03:49.393+0000] {logging_mixin.py:188} INFO - [2026-06-03T13:03:49.393+0000] {dag.py:3033} INFO - Sync 1 DAGs
[2026-06-03T13:03:49.399+0000] {logging_mixin.py:188} INFO - [2026-06-03T13:03:49.399+0000] {dag.py:3820} INFO - Setting next_dagrun for example_local_kubernetes_executor to None, run_after=None
[2026-06-03T13:03:49.414+0000] {processor.py:183} INFO - Processing /home/airflow/.local/lib/python3.8/site-packages/airflow/example_dags/example_local_kubernetes_executor.py took 0.062 seconds
[2026-06-03T13:04:20.146+0000] {processor.py:161} INFO - Started process (PID=1624) to work on /home/airflow/.local/lib/python3.8/site-packages/airflow/example_dags/example_local_kubernetes_executor.py
[2026-06-03T13:04:20.148+0000] {processor.py:830} INFO - Processing file /home/airflow/.local/lib/python3.8/site-packages/airflow/example_dags/example_local_kubernetes_executor.py for tasks to queue
[2026-06-03T13:04:20.150+0000] {logging_mixin.py:188} INFO - [2026-06-03T13:04:20.149+0000] {dagbag.py:538} INFO - Filling up the DagBag from /home/airflow/.local/lib/python3.8/site-packages/airflow/example_dags/example_local_kubernetes_executor.py
[2026-06-03T13:04:20.156+0000] {processor.py:840} INFO - DAG(s) 'example_local_kubernetes_executor' retrieved from /home/airflow/.local/lib/python3.8/site-packages/airflow/example_dags/example_local_kubernetes_executor.py
[2026-06-03T13:04:20.176+0000] {logging_mixin.py:188} INFO - [2026-06-03T13:04:20.176+0000] {dag.py:3033} INFO - Sync 1 DAGs
[2026-06-03T13:04:20.182+0000] {logging_mixin.py:188} INFO - [2026-06-03T13:04:20.182+0000] {dag.py:3820} INFO - Setting next_dagrun for example_local_kubernetes_executor to None, run_after=None
[2026-06-03T13:04:20.194+0000] {processor.py:183} INFO - Processing /home/airflow/.local/lib/python3.8/site-packages/airflow/example_dags/example_local_kubernetes_executor.py took 0.050 seconds
[2026-06-03T13:04:50.905+0000] {processor.py:161} INFO - Started process (PID=1680) to work on /home/airflow/.local/lib/python3.8/site-packages/airflow/example_dags/example_local_kubernetes_executor.py
[2026-06-03T13:04:50.907+0000] {processor.py:830} INFO - Processing file /home/airflow/.local/lib/python3.8/site-packages/airflow/example_dags/example_local_kubernetes_executor.py for tasks to queue
[2026-06-03T13:04:50.908+0000] {logging_mixin.py:188} INFO - [2026-06-03T13:04:50.908+0000] {dagbag.py:538} INFO - Filling up the DagBag from /home/airflow/.local/lib/python3.8/site-packages/airflow/example_dags/example_local_kubernetes_executor.py
[2026-06-03T13:04:50.913+0000] {processor.py:840} INFO - DAG(s) 'example_local_kubernetes_executor' retrieved from /home/airflow/.local/lib/python3.8/site-packages/airflow/example_dags/example_local_kubernetes_executor.py
[2026-06-03T13:04:50.928+0000] {logging_mixin.py:188} INFO - [2026-06-03T13:04:50.928+0000] {dag.py:3033} INFO - Sync 1 DAGs
[2026-06-03T13:04:50.934+0000] {logging_mixin.py:188} INFO - [2026-06-03T13:04:50.934+0000] {dag.py:3820} INFO - Setting next_dagrun for example_local_kubernetes_executor to None, run_after=None
[2026-06-03T13:04:50.941+0000] {processor.py:183} INFO - Processing /home/airflow/.local/lib/python3.8/site-packages/airflow/example_dags/example_local_kubernetes_executor.py took 0.037 seconds
[2026-06-03T13:05:21.867+0000] {processor.py:161} INFO - Started process (PID=1736) to work on /home/airflow/.local/lib/python3.8/site-packages/airflow/example_dags/example_local_kubernetes_executor.py
[2026-06-03T13:05:21.869+0000] {processor.py:830} INFO - Processing file /home/airflow/.local/lib/python3.8/site-packages/airflow/example_dags/example_local_kubernetes_executor.py for tasks to queue
[2026-06-03T13:05:21.869+0000] {logging_mixin.py:188} INFO - [2026-06-03T13:05:21.869+0000] {dagbag.py:538} INFO - Filling up the DagBag from /home/airflow/.local/lib/python3.8/site-packages/airflow/example_dags/example_local_kubernetes_executor.py
[2026-06-03T13:05:21.874+0000] {processor.py:840} INFO - DAG(s) 'example_local_kubernetes_executor' retrieved from /home/airflow/.local/lib/python3.8/site-packages/airflow/example_dags/example_local_kubernetes_executor.py
[2026-06-03T13:05:21.897+0000] {logging_mixin.py:188} INFO - [2026-06-03T13:05:21.897+0000] {dag.py:3033} INFO - Sync 1 DAGs
[2026-06-03T13:05:21.903+0000] {logging_mixin.py:188} INFO - [2026-06-03T13:05:21.903+0000] {dag.py:3820} INFO - Setting next_dagrun for example_local_kubernetes_executor to None, run_after=None
[2026-06-03T13:05:21.919+0000] {processor.py:183} INFO - Processing /home/airflow/.local/lib/python3.8/site-packages/airflow/example_dags/example_local_kubernetes_executor.py took 0.053 seconds
[2026-06-03T13:05:52.278+0000] {processor.py:161} INFO - Started process (PID=1792) to work on /home/airflow/.local/lib/python3.8/site-packages/airflow/example_dags/example_local_kubernetes_executor.py
[2026-06-03T13:05:52.278+0000] {processor.py:830} INFO - Processing file /home/airflow/.local/lib/python3.8/site-packages/airflow/example_dags/example_local_kubernetes_executor.py for tasks to queue
[2026-06-03T13:05:52.281+0000] {logging_mixin.py:188} INFO - [2026-06-03T13:05:52.280+0000] {dagbag.py:538} INFO - Filling up the DagBag from /home/airflow/.local/lib/python3.8/site-packages/airflow/example_dags/example_local_kubernetes_executor.py
[2026-06-03T13:05:52.285+0000] {processor.py:840} INFO - DAG(s) 'example_local_kubernetes_executor' retrieved from /home/airflow/.local/lib/python3.8/site-packages/airflow/example_dags/example_local_kubernetes_executor.py
[2026-06-03T13:05:52.336+0000] {logging_mixin.py:188} INFO - [2026-06-03T13:05:52.335+0000] {dag.py:3033} INFO - Sync 1 DAGs
[2026-06-03T13:05:52.361+0000] {logging_mixin.py:188} INFO - [2026-06-03T13:05:52.361+0000] {dag.py:3820} INFO - Setting next_dagrun for example_local_kubernetes_executor to None, run_after=None
[2026-06-03T13:05:52.380+0000] {processor.py:183} INFO - Processing /home/airflow/.local/lib/python3.8/site-packages/airflow/example_dags/example_local_kubernetes_executor.py took 0.105 seconds
[2026-06-03T13:06:23.217+0000] {processor.py:161} INFO - Started process (PID=1848) to work on /home/airflow/.local/lib/python3.8/site-packages/airflow/example_dags/example_local_kubernetes_executor.py
[2026-06-03T13:06:23.220+0000] {processor.py:830} INFO - Processing file /home/airflow/.local/lib/python3.8/site-packages/airflow/example_dags/example_local_kubernetes_executor.py for tasks to queue
[2026-06-03T13:06:23.222+0000] {logging_mixin.py:188} INFO - [2026-06-03T13:06:23.221+0000] {dagbag.py:538} INFO - Filling up the DagBag from /home/airflow/.local/lib/python3.8/site-packages/airflow/example_dags/example_local_kubernetes_executor.py
[2026-06-03T13:06:23.226+0000] {processor.py:840} INFO - DAG(s) 'example_local_kubernetes_executor' retrieved from /home/airflow/.local/lib/python3.8/site-packages/airflow/example_dags/example_local_kubernetes_executor.py
[2026-06-03T13:06:23.249+0000] {logging_mixin.py:188} INFO - [2026-06-03T13:06:23.249+0000] {dag.py:3033} INFO - Sync 1 DAGs
[2026-06-03T13:06:23.256+0000] {logging_mixin.py:188} INFO - [2026-06-03T13:06:23.256+0000] {dag.py:3820} INFO - Setting next_dagrun for example_local_kubernetes_executor to None, run_after=None
[2026-06-03T13:06:23.419+0000] {processor.py:183} INFO - Processing /home/airflow/.local/lib/python3.8/site-packages/airflow/example_dags/example_local_kubernetes_executor.py took 0.204 seconds
[2026-06-03T13:06:54.323+0000] {processor.py:161} INFO - Started process (PID=1904) to work on /home/airflow/.local/lib/python3.8/site-packages/airflow/example_dags/example_local_kubernetes_executor.py
[2026-06-03T13:06:54.324+0000] {processor.py:830} INFO - Processing file /home/airflow/.local/lib/python3.8/site-packages/airflow/example_dags/example_local_kubernetes_executor.py for tasks to queue
[2026-06-03T13:06:54.328+0000] {logging_mixin.py:188} INFO - [2026-06-03T13:06:54.328+0000] {dagbag.py:538} INFO - Filling up the DagBag from /home/airflow/.local/lib/python3.8/site-packages/airflow/example_dags/example_local_kubernetes_executor.py
[2026-06-03T13:06:54.341+0000] {processor.py:840} INFO - DAG(s) 'example_local_kubernetes_executor' retrieved from /home/airflow/.local/lib/python3.8/site-packages/airflow/example_dags/example_local_kubernetes_executor.py
[2026-06-03T13:06:54.389+0000] {logging_mixin.py:188} INFO - [2026-06-03T13:06:54.389+0000] {dag.py:3033} INFO - Sync 1 DAGs
[2026-06-03T13:06:54.401+0000] {logging_mixin.py:188} INFO - [2026-06-03T13:06:54.401+0000] {dag.py:3820} INFO - Setting next_dagrun for example_local_kubernetes_executor to None, run_after=None
[2026-06-03T13:06:54.415+0000] {processor.py:183} INFO - Processing /home/airflow/.local/lib/python3.8/site-packages/airflow/example_dags/example_local_kubernetes_executor.py took 0.096 seconds
[2026-06-03T13:07:24.708+0000] {processor.py:161} INFO - Started process (PID=1960) to work on /home/airflow/.local/lib/python3.8/site-packages/airflow/example_dags/example_local_kubernetes_executor.py
[2026-06-03T13:07:24.709+0000] {processor.py:830} INFO - Processing file /home/airflow/.local/lib/python3.8/site-packages/airflow/example_dags/example_local_kubernetes_executor.py for tasks to queue
[2026-06-03T13:07:24.711+0000] {logging_mixin.py:188} INFO - [2026-06-03T13:07:24.711+0000] {dagbag.py:538} INFO - Filling up the DagBag from /home/airflow/.local/lib/python3.8/site-packages/airflow/example_dags/example_local_kubernetes_executor.py
[2026-06-03T13:07:24.718+0000] {processor.py:840} INFO - DAG(s) 'example_local_kubernetes_executor' retrieved from /home/airflow/.local/lib/python3.8/site-packages/airflow/example_dags/example_local_kubernetes_executor.py
[2026-06-03T13:07:24.750+0000] {logging_mixin.py:188} INFO - [2026-06-03T13:07:24.750+0000] {dag.py:3033} INFO - Sync 1 DAGs
[2026-06-03T13:07:24.760+0000] {logging_mixin.py:188} INFO - [2026-06-03T13:07:24.760+0000] {dag.py:3820} INFO - Setting next_dagrun for example_local_kubernetes_executor to None, run_after=None
[2026-06-03T13:07:24.776+0000] {processor.py:183} INFO - Processing /home/airflow/.local/lib/python3.8/site-packages/airflow/example_dags/example_local_kubernetes_executor.py took 0.071 seconds
[2026-06-03T13:07:54.816+0000] {processor.py:161} INFO - Started process (PID=2023) to work on /home/airflow/.local/lib/python3.8/site-packages/airflow/example_dags/example_local_kubernetes_executor.py
[2026-06-03T13:07:54.817+0000] {processor.py:830} INFO - Processing file /home/airflow/.local/lib/python3.8/site-packages/airflow/example_dags/example_local_kubernetes_executor.py for tasks to queue
[2026-06-03T13:07:54.819+0000] {logging_mixin.py:188} INFO - [2026-06-03T13:07:54.819+0000] {dagbag.py:538} INFO - Filling up the DagBag from /home/airflow/.local/lib/python3.8/site-packages/airflow/example_dags/example_local_kubernetes_executor.py
[2026-06-03T13:07:54.824+0000] {processor.py:840} INFO - DAG(s) 'example_local_kubernetes_executor' retrieved from /home/airflow/.local/lib/python3.8/site-packages/airflow/example_dags/example_local_kubernetes_executor.py
[2026-06-03T13:07:54.843+0000] {logging_mixin.py:188} INFO - [2026-06-03T13:07:54.843+0000] {dag.py:3033} INFO - Sync 1 DAGs
[2026-06-03T13:07:54.848+0000] {logging_mixin.py:188} INFO - [2026-06-03T13:07:54.848+0000] {dag.py:3820} INFO - Setting next_dagrun for example_local_kubernetes_executor to None, run_after=None
[2026-06-03T13:07:54.861+0000] {processor.py:183} INFO - Processing /home/airflow/.local/lib/python3.8/site-packages/airflow/example_dags/example_local_kubernetes_executor.py took 0.047 seconds
[2026-06-03T13:08:26.089+0000] {processor.py:161} INFO - Started process (PID=2079) to work on /home/airflow/.local/lib/python3.8/site-packages/airflow/example_dags/example_local_kubernetes_executor.py
[2026-06-03T13:08:26.090+0000] {processor.py:830} INFO - Processing file /home/airflow/.local/lib/python3.8/site-packages/airflow/example_dags/example_local_kubernetes_executor.py for tasks to queue
[2026-06-03T13:08:26.091+0000] {logging_mixin.py:188} INFO - [2026-06-03T13:08:26.090+0000] {dagbag.py:538} INFO - Filling up the DagBag from /home/airflow/.local/lib/python3.8/site-packages/airflow/example_dags/example_local_kubernetes_executor.py
[2026-06-03T13:08:26.094+0000] {processor.py:840} INFO - DAG(s) 'example_local_kubernetes_executor' retrieved from /home/airflow/.local/lib/python3.8/site-packages/airflow/example_dags/example_local_kubernetes_executor.py
[2026-06-03T13:08:26.115+0000] {logging_mixin.py:188} INFO - [2026-06-03T13:08:26.115+0000] {dag.py:3033} INFO - Sync 1 DAGs
[2026-06-03T13:08:26.121+0000] {logging_mixin.py:188} INFO - [2026-06-03T13:08:26.121+0000] {dag.py:3820} INFO - Setting next_dagrun for example_local_kubernetes_executor to None, run_after=None
[2026-06-03T13:08:26.127+0000] {processor.py:183} INFO - Processing /home/airflow/.local/lib/python3.8/site-packages/airflow/example_dags/example_local_kubernetes_executor.py took 0.040 seconds
[2026-06-03T13:08:57.831+0000] {processor.py:161} INFO - Started process (PID=2135) to work on /home/airflow/.local/lib/python3.8/site-packages/airflow/example_dags/example_local_kubernetes_executor.py
[2026-06-03T13:08:57.832+0000] {processor.py:830} INFO - Processing file /home/airflow/.local/lib/python3.8/site-packages/airflow/example_dags/example_local_kubernetes_executor.py for tasks to queue
[2026-06-03T13:08:57.834+0000] {logging_mixin.py:188} INFO - [2026-06-03T13:08:57.834+0000] {dagbag.py:538} INFO - Filling up the DagBag from /home/airflow/.local/lib/python3.8/site-packages/airflow/example_dags/example_local_kubernetes_executor.py
[2026-06-03T13:08:57.841+0000] {processor.py:840} INFO - DAG(s) 'example_local_kubernetes_executor' retrieved from /home/airflow/.local/lib/python3.8/site-packages/airflow/example_dags/example_local_kubernetes_executor.py
[2026-06-03T13:08:57.970+0000] {logging_mixin.py:188} INFO - [2026-06-03T13:08:57.970+0000] {dag.py:3033} INFO - Sync 1 DAGs
[2026-06-03T13:08:57.977+0000] {logging_mixin.py:188} INFO - [2026-06-03T13:08:57.976+0000] {dag.py:3820} INFO - Setting next_dagrun for example_local_kubernetes_executor to None, run_after=None
[2026-06-03T13:08:58.007+0000] {processor.py:183} INFO - Processing /home/airflow/.local/lib/python3.8/site-packages/airflow/example_dags/example_local_kubernetes_executor.py took 0.182 seconds
[2026-06-03T13:09:28.212+0000] {processor.py:161} INFO - Started process (PID=2191) to work on /home/airflow/.local/lib/python3.8/site-packages/airflow/example_dags/example_local_kubernetes_executor.py
[2026-06-03T13:09:28.212+0000] {processor.py:830} INFO - Processing file /home/airflow/.local/lib/python3.8/site-packages/airflow/example_dags/example_local_kubernetes_executor.py for tasks to queue
[2026-06-03T13:09:28.213+0000] {logging_mixin.py:188} INFO - [2026-06-03T13:09:28.213+0000] {dagbag.py:538} INFO - Filling up the DagBag from /home/airflow/.local/lib/python3.8/site-packages/airflow/example_dags/example_local_kubernetes_executor.py
[2026-06-03T13:09:28.218+0000] {processor.py:840} INFO - DAG(s) 'example_local_kubernetes_executor' retrieved from /home/airflow/.local/lib/python3.8/site-packages/airflow/example_dags/example_local_kubernetes_executor.py
[2026-06-03T13:09:28.261+0000] {logging_mixin.py:188} INFO - [2026-06-03T13:09:28.261+0000] {dag.py:3033} INFO - Sync 1 DAGs
[2026-06-03T13:09:28.407+0000] {logging_mixin.py:188} INFO - [2026-06-03T13:09:28.407+0000] {dag.py:3820} INFO - Setting next_dagrun for example_local_kubernetes_executor to None, run_after=None
[2026-06-03T13:09:28.420+0000] {processor.py:183} INFO - Processing /home/airflow/.local/lib/python3.8/site-packages/airflow/example_dags/example_local_kubernetes_executor.py took 0.210 seconds
[2026-06-03T13:09:58.930+0000] {processor.py:161} INFO - Started process (PID=2247) to work on /home/airflow/.local/lib/python3.8/site-packages/airflow/example_dags/example_local_kubernetes_executor.py
[2026-06-03T13:09:58.931+0000] {processor.py:830} INFO - Processing file /home/airflow/.local/lib/python3.8/site-packages/airflow/example_dags/example_local_kubernetes_executor.py for tasks to queue
[2026-06-03T13:09:58.932+0000] {logging_mixin.py:188} INFO - [2026-06-03T13:09:58.932+0000] {dagbag.py:538} INFO - Filling up the DagBag from /home/airflow/.local/lib/python3.8/site-packages/airflow/example_dags/example_local_kubernetes_executor.py
[2026-06-03T13:09:58.940+0000] {processor.py:840} INFO - DAG(s) 'example_local_kubernetes_executor' retrieved from /home/airflow/.local/lib/python3.8/site-packages/airflow/example_dags/example_local_kubernetes_executor.py
[2026-06-03T13:09:58.969+0000] {logging_mixin.py:188} INFO - [2026-06-03T13:09:58.969+0000] {dag.py:3033} INFO - Sync 1 DAGs
[2026-06-03T13:09:58.976+0000] {logging_mixin.py:188} INFO - [2026-06-03T13:09:58.976+0000] {dag.py:3820} INFO - Setting next_dagrun for example_local_kubernetes_executor to None, run_after=None
[2026-06-03T13:09:58.987+0000] {processor.py:183} INFO - Processing /home/airflow/.local/lib/python3.8/site-packages/airflow/example_dags/example_local_kubernetes_executor.py took 0.059 seconds
[2026-06-03T13:10:29.489+0000] {processor.py:161} INFO - Started process (PID=2303) to work on /home/airflow/.local/lib/python3.8/site-packages/airflow/example_dags/example_local_kubernetes_executor.py
[2026-06-03T13:10:29.490+0000] {processor.py:830} INFO - Processing file /home/airflow/.local/lib/python3.8/site-packages/airflow/example_dags/example_local_kubernetes_executor.py for tasks to queue
[2026-06-03T13:10:29.491+0000] {logging_mixin.py:188} INFO - [2026-06-03T13:10:29.491+0000] {dagbag.py:538} INFO - Filling up the DagBag from /home/airflow/.local/lib/python3.8/site-packages/airflow/example_dags/example_local_kubernetes_executor.py
[2026-06-03T13:10:29.496+0000] {processor.py:840} INFO - DAG(s) 'example_local_kubernetes_executor' retrieved from /home/airflow/.local/lib/python3.8/site-packages/airflow/example_dags/example_local_kubernetes_executor.py
[2026-06-03T13:10:29.523+0000] {logging_mixin.py:188} INFO - [2026-06-03T13:10:29.523+0000] {dag.py:3033} INFO - Sync 1 DAGs
[2026-06-03T13:10:29.528+0000] {logging_mixin.py:188} INFO - [2026-06-03T13:10:29.528+0000] {dag.py:3820} INFO - Setting next_dagrun for example_local_kubernetes_executor to None, run_after=None
[2026-06-03T13:10:29.541+0000] {processor.py:183} INFO - Processing /home/airflow/.local/lib/python3.8/site-packages/airflow/example_dags/example_local_kubernetes_executor.py took 0.053 seconds
[2026-06-03T13:10:59.815+0000] {processor.py:161} INFO - Started process (PID=2359) to work on /home/airflow/.local/lib/python3.8/site-packages/airflow/example_dags/example_local_kubernetes_executor.py
[2026-06-03T13:10:59.816+0000] {processor.py:830} INFO - Processing file /home/airflow/.local/lib/python3.8/site-packages/airflow/example_dags/example_local_kubernetes_executor.py for tasks to queue
[2026-06-03T13:10:59.818+0000] {logging_mixin.py:188} INFO - [2026-06-03T13:10:59.818+0000] {dagbag.py:538} INFO - Filling up the DagBag from /home/airflow/.local/lib/python3.8/site-packages/airflow/example_dags/example_local_kubernetes_executor.py
[2026-06-03T13:10:59.824+0000] {processor.py:840} INFO - DAG(s) 'example_local_kubernetes_executor' retrieved from /home/airflow/.local/lib/python3.8/site-packages/airflow/example_dags/example_local_kubernetes_executor.py
[2026-06-03T13:10:59.865+0000] {logging_mixin.py:188} INFO - [2026-06-03T13:10:59.865+0000] {dag.py:3033} INFO - Sync 1 DAGs
[2026-06-03T13:10:59.874+0000] {logging_mixin.py:188} INFO - [2026-06-03T13:10:59.874+0000] {dag.py:3820} INFO - Setting next_dagrun for example_local_kubernetes_executor to None, run_after=None
[2026-06-03T13:10:59.908+0000] {processor.py:183} INFO - Processing /home/airflow/.local/lib/python3.8/site-packages/airflow/example_dags/example_local_kubernetes_executor.py took 0.096 seconds
[2026-06-03T13:11:30.596+0000] {processor.py:161} INFO - Started process (PID=2422) to work on /home/airflow/.local/lib/python3.8/site-packages/airflow/example_dags/example_local_kubernetes_executor.py
[2026-06-03T13:11:30.598+0000] {processor.py:830} INFO - Processing file /home/airflow/.local/lib/python3.8/site-packages/airflow/example_dags/example_local_kubernetes_executor.py for tasks to queue
[2026-06-03T13:11:30.600+0000] {logging_mixin.py:188} INFO - [2026-06-03T13:11:30.600+0000] {dagbag.py:538} INFO - Filling up the DagBag from /home/airflow/.local/lib/python3.8/site-packages/airflow/example_dags/example_local_kubernetes_executor.py
[2026-06-03T13:11:30.611+0000] {processor.py:840} INFO - DAG(s) 'example_local_kubernetes_executor' retrieved from /home/airflow/.local/lib/python3.8/site-packages/airflow/example_dags/example_local_kubernetes_executor.py
[2026-06-03T13:11:30.643+0000] {logging_mixin.py:188} INFO - [2026-06-03T13:11:30.643+0000] {dag.py:3033} INFO - Sync 1 DAGs
[2026-06-03T13:11:30.649+0000] {logging_mixin.py:188} INFO - [2026-06-03T13:11:30.648+0000] {dag.py:3820} INFO - Setting next_dagrun for example_local_kubernetes_executor to None, run_after=None
[2026-06-03T13:11:30.656+0000] {processor.py:183} INFO - Processing /home/airflow/.local/lib/python3.8/site-packages/airflow/example_dags/example_local_kubernetes_executor.py took 0.063 seconds
[2026-06-03T13:12:01.288+0000] {processor.py:161} INFO - Started process (PID=2485) to work on /home/airflow/.local/lib/python3.8/site-packages/airflow/example_dags/example_local_kubernetes_executor.py
[2026-06-03T13:12:01.289+0000] {processor.py:830} INFO - Processing file /home/airflow/.local/lib/python3.8/site-packages/airflow/example_dags/example_local_kubernetes_executor.py for tasks to queue
[2026-06-03T13:12:01.291+0000] {logging_mixin.py:188} INFO - [2026-06-03T13:12:01.291+0000] {dagbag.py:538} INFO - Filling up the DagBag from /home/airflow/.local/lib/python3.8/site-packages/airflow/example_dags/example_local_kubernetes_executor.py
[2026-06-03T13:12:01.300+0000] {processor.py:840} INFO - DAG(s) 'example_local_kubernetes_executor' retrieved from /home/airflow/.local/lib/python3.8/site-packages/airflow/example_dags/example_local_kubernetes_executor.py
[2026-06-03T13:12:01.367+0000] {logging_mixin.py:188} INFO - [2026-06-03T13:12:01.366+0000] {dag.py:3033} INFO - Sync 1 DAGs
[2026-06-03T13:12:01.381+0000] {logging_mixin.py:188} INFO - [2026-06-03T13:12:01.381+0000] {dag.py:3820} INFO - Setting next_dagrun for example_local_kubernetes_executor to None, run_after=None
[2026-06-03T13:12:01.402+0000] {processor.py:183} INFO - Processing /home/airflow/.local/lib/python3.8/site-packages/airflow/example_dags/example_local_kubernetes_executor.py took 0.116 seconds
[2026-06-03T13:12:31.863+0000] {processor.py:161} INFO - Started process (PID=2548) to work on /home/airflow/.local/lib/python3.8/site-packages/airflow/example_dags/example_local_kubernetes_executor.py
[2026-06-03T13:12:31.863+0000] {processor.py:830} INFO - Processing file /home/airflow/.local/lib/python3.8/site-packages/airflow/example_dags/example_local_kubernetes_executor.py for tasks to queue
[2026-06-03T13:12:31.865+0000] {logging_mixin.py:188} INFO - [2026-06-03T13:12:31.865+0000] {dagbag.py:538} INFO - Filling up the DagBag from /home/airflow/.local/lib/python3.8/site-packages/airflow/example_dags/example_local_kubernetes_executor.py
[2026-06-03T13:12:31.871+0000] {processor.py:840} INFO - DAG(s) 'example_local_kubernetes_executor' retrieved from /home/airflow/.local/lib/python3.8/site-packages/airflow/example_dags/example_local_kubernetes_executor.py
[2026-06-03T13:12:31.887+0000] {logging_mixin.py:188} INFO - [2026-06-03T13:12:31.887+0000] {dag.py:3033} INFO - Sync 1 DAGs
[2026-06-03T13:12:31.893+0000] {logging_mixin.py:188} INFO - [2026-06-03T13:12:31.893+0000] {dag.py:3820} INFO - Setting next_dagrun for example_local_kubernetes_executor to None, run_after=None
[2026-06-03T13:12:31.904+0000] {processor.py:183} INFO - Processing /home/airflow/.local/lib/python3.8/site-packages/airflow/example_dags/example_local_kubernetes_executor.py took 0.043 seconds
[2026-06-03T13:13:02.402+0000] {processor.py:161} INFO - Started process (PID=2604) to work on /home/airflow/.local/lib/python3.8/site-packages/airflow/example_dags/example_local_kubernetes_executor.py
[2026-06-03T13:13:02.404+0000] {processor.py:830} INFO - Processing file /home/airflow/.local/lib/python3.8/site-packages/airflow/example_dags/example_local_kubernetes_executor.py for tasks to queue
[2026-06-03T13:13:02.410+0000] {logging_mixin.py:188} INFO - [2026-06-03T13:13:02.409+0000] {dagbag.py:538} INFO - Filling up the DagBag from /home/airflow/.local/lib/python3.8/site-packages/airflow/example_dags/example_local_kubernetes_executor.py
[2026-06-03T13:13:02.425+0000] {processor.py:840} INFO - DAG(s) 'example_local_kubernetes_executor' retrieved from /home/airflow/.local/lib/python3.8/site-packages/airflow/example_dags/example_local_kubernetes_executor.py
[2026-06-03T13:13:02.496+0000] {logging_mixin.py:188} INFO - [2026-06-03T13:13:02.496+0000] {dag.py:3033} INFO - Sync 1 DAGs
[2026-06-03T13:13:02.511+0000] {logging_mixin.py:188} INFO - [2026-06-03T13:13:02.511+0000] {dag.py:3820} INFO - Setting next_dagrun for example_local_kubernetes_executor to None, run_after=None
[2026-06-03T13:13:02.534+0000] {processor.py:183} INFO - Processing /home/airflow/.local/lib/python3.8/site-packages/airflow/example_dags/example_local_kubernetes_executor.py took 0.136 seconds
[2026-06-03T13:13:33.402+0000] {processor.py:161} INFO - Started process (PID=2660) to work on /home/airflow/.local/lib/python3.8/site-packages/airflow/example_dags/example_local_kubernetes_executor.py
[2026-06-03T13:13:33.403+0000] {processor.py:830} INFO - Processing file /home/airflow/.local/lib/python3.8/site-packages/airflow/example_dags/example_local_kubernetes_executor.py for tasks to queue
[2026-06-03T13:13:33.404+0000] {logging_mixin.py:188} INFO - [2026-06-03T13:13:33.404+0000] {dagbag.py:538} INFO - Filling up the DagBag from /home/airflow/.local/lib/python3.8/site-packages/airflow/example_dags/example_local_kubernetes_executor.py
[2026-06-03T13:13:33.413+0000] {processor.py:840} INFO - DAG(s) 'example_local_kubernetes_executor' retrieved from /home/airflow/.local/lib/python3.8/site-packages/airflow/example_dags/example_local_kubernetes_executor.py
[2026-06-03T13:13:33.443+0000] {logging_mixin.py:188} INFO - [2026-06-03T13:13:33.443+0000] {dag.py:3033} INFO - Sync 1 DAGs
[2026-06-03T13:13:33.456+0000] {logging_mixin.py:188} INFO - [2026-06-03T13:13:33.455+0000] {dag.py:3820} INFO - Setting next_dagrun for example_local_kubernetes_executor to None, run_after=None
[2026-06-03T13:13:33.480+0000] {processor.py:183} INFO - Processing /home/airflow/.local/lib/python3.8/site-packages/airflow/example_dags/example_local_kubernetes_executor.py took 0.080 seconds
[2026-06-03T13:14:04.330+0000] {processor.py:161} INFO - Started process (PID=2716) to work on /home/airflow/.local/lib/python3.8/site-packages/airflow/example_dags/example_local_kubernetes_executor.py
[2026-06-03T13:14:04.334+0000] {processor.py:830} INFO - Processing file /home/airflow/.local/lib/python3.8/site-packages/airflow/example_dags/example_local_kubernetes_executor.py for tasks to queue
[2026-06-03T13:14:04.337+0000] {logging_mixin.py:188} INFO - [2026-06-03T13:14:04.337+0000] {dagbag.py:538} INFO - Filling up the DagBag from /home/airflow/.local/lib/python3.8/site-packages/airflow/example_dags/example_local_kubernetes_executor.py
[2026-06-03T13:14:04.406+0000] {processor.py:840} INFO - DAG(s) 'example_local_kubernetes_executor' retrieved from /home/airflow/.local/lib/python3.8/site-packages/airflow/example_dags/example_local_kubernetes_executor.py
[2026-06-03T13:14:04.504+0000] {logging_mixin.py:188} INFO - [2026-06-03T13:14:04.503+0000] {dag.py:3033} INFO - Sync 1 DAGs
[2026-06-03T13:14:04.523+0000] {logging_mixin.py:188} INFO - [2026-06-03T13:14:04.522+0000] {dag.py:3820} INFO - Setting next_dagrun for example_local_kubernetes_executor to None, run_after=None
[2026-06-03T13:14:04.548+0000] {processor.py:183} INFO - Processing /home/airflow/.local/lib/python3.8/site-packages/airflow/example_dags/example_local_kubernetes_executor.py took 0.219 seconds
[2026-06-03T13:14:21.376+0000] {processor.py:161} INFO - Started process (PID=68) to work on /home/airflow/.local/lib/python3.8/site-packages/airflow/example_dags/example_local_kubernetes_executor.py
[2026-06-03T13:14:21.383+0000] {processor.py:830} INFO - Processing file /home/airflow/.local/lib/python3.8/site-packages/airflow/example_dags/example_local_kubernetes_executor.py for tasks to queue
[2026-06-03T13:14:21.395+0000] {logging_mixin.py:188} INFO - [2026-06-03T13:14:21.394+0000] {dagbag.py:538} INFO - Filling up the DagBag from /home/airflow/.local/lib/python3.8/site-packages/airflow/example_dags/example_local_kubernetes_executor.py
[2026-06-03T13:14:21.438+0000] {processor.py:840} INFO - DAG(s) 'example_local_kubernetes_executor' retrieved from /home/airflow/.local/lib/python3.8/site-packages/airflow/example_dags/example_local_kubernetes_executor.py
[2026-06-03T13:14:21.557+0000] {logging_mixin.py:188} INFO - [2026-06-03T13:14:21.557+0000] {dag.py:3033} INFO - Sync 1 DAGs
[2026-06-03T13:14:21.592+0000] {logging_mixin.py:188} INFO - [2026-06-03T13:14:21.591+0000] {dag.py:3820} INFO - Setting next_dagrun for example_local_kubernetes_executor to None, run_after=None
[2026-06-03T13:14:21.635+0000] {processor.py:183} INFO - Processing /home/airflow/.local/lib/python3.8/site-packages/airflow/example_dags/example_local_kubernetes_executor.py took 0.265 seconds
[2026-06-03T13:14:52.585+0000] {processor.py:161} INFO - Started process (PID=124) to work on /home/airflow/.local/lib/python3.8/site-packages/airflow/example_dags/example_local_kubernetes_executor.py
[2026-06-03T13:14:52.588+0000] {processor.py:830} INFO - Processing file /home/airflow/.local/lib/python3.8/site-packages/airflow/example_dags/example_local_kubernetes_executor.py for tasks to queue
[2026-06-03T13:14:52.596+0000] {logging_mixin.py:188} INFO - [2026-06-03T13:14:52.595+0000] {dagbag.py:538} INFO - Filling up the DagBag from /home/airflow/.local/lib/python3.8/site-packages/airflow/example_dags/example_local_kubernetes_executor.py
[2026-06-03T13:14:52.620+0000] {processor.py:840} INFO - DAG(s) 'example_local_kubernetes_executor' retrieved from /home/airflow/.local/lib/python3.8/site-packages/airflow/example_dags/example_local_kubernetes_executor.py
[2026-06-03T13:14:52.671+0000] {logging_mixin.py:188} INFO - [2026-06-03T13:14:52.671+0000] {dag.py:3033} INFO - Sync 1 DAGs
[2026-06-03T13:14:52.681+0000] {logging_mixin.py:188} INFO - [2026-06-03T13:14:52.681+0000] {dag.py:3820} INFO - Setting next_dagrun for example_local_kubernetes_executor to None, run_after=None
[2026-06-03T13:14:52.691+0000] {processor.py:183} INFO - Processing /home/airflow/.local/lib/python3.8/site-packages/airflow/example_dags/example_local_kubernetes_executor.py took 0.113 seconds
[2026-06-03T13:15:23.001+0000] {processor.py:161} INFO - Started process (PID=180) to work on /home/airflow/.local/lib/python3.8/site-packages/airflow/example_dags/example_local_kubernetes_executor.py
[2026-06-03T13:15:23.002+0000] {processor.py:830} INFO - Processing file /home/airflow/.local/lib/python3.8/site-packages/airflow/example_dags/example_local_kubernetes_executor.py for tasks to queue
[2026-06-03T13:15:23.007+0000] {logging_mixin.py:188} INFO - [2026-06-03T13:15:23.006+0000] {dagbag.py:538} INFO - Filling up the DagBag from /home/airflow/.local/lib/python3.8/site-packages/airflow/example_dags/example_local_kubernetes_executor.py
[2026-06-03T13:15:23.021+0000] {processor.py:840} INFO - DAG(s) 'example_local_kubernetes_executor' retrieved from /home/airflow/.local/lib/python3.8/site-packages/airflow/example_dags/example_local_kubernetes_executor.py
[2026-06-03T13:15:23.067+0000] {logging_mixin.py:188} INFO - [2026-06-03T13:15:23.066+0000] {dag.py:3033} INFO - Sync 1 DAGs
[2026-06-03T13:15:23.078+0000] {logging_mixin.py:188} INFO - [2026-06-03T13:15:23.077+0000] {dag.py:3820} INFO - Setting next_dagrun for example_local_kubernetes_executor to None, run_after=None
[2026-06-03T13:15:23.093+0000] {processor.py:183} INFO - Processing /home/airflow/.local/lib/python3.8/site-packages/airflow/example_dags/example_local_kubernetes_executor.py took 0.096 seconds
[2026-06-03T13:15:53.336+0000] {processor.py:161} INFO - Started process (PID=237) to work on /home/airflow/.local/lib/python3.8/site-packages/airflow/example_dags/example_local_kubernetes_executor.py
[2026-06-03T13:15:53.341+0000] {processor.py:830} INFO - Processing file /home/airflow/.local/lib/python3.8/site-packages/airflow/example_dags/example_local_kubernetes_executor.py for tasks to queue
[2026-06-03T13:15:53.352+0000] {logging_mixin.py:188} INFO - [2026-06-03T13:15:53.351+0000] {dagbag.py:538} INFO - Filling up the DagBag from /home/airflow/.local/lib/python3.8/site-packages/airflow/example_dags/example_local_kubernetes_executor.py
[2026-06-03T13:15:53.369+0000] {processor.py:840} INFO - DAG(s) 'example_local_kubernetes_executor' retrieved from /home/airflow/.local/lib/python3.8/site-packages/airflow/example_dags/example_local_kubernetes_executor.py
[2026-06-03T13:15:53.417+0000] {logging_mixin.py:188} INFO - [2026-06-03T13:15:53.417+0000] {dag.py:3033} INFO - Sync 1 DAGs
[2026-06-03T13:15:53.429+0000] {logging_mixin.py:188} INFO - [2026-06-03T13:15:53.428+0000] {dag.py:3820} INFO - Setting next_dagrun for example_local_kubernetes_executor to None, run_after=None
[2026-06-03T13:15:53.449+0000] {processor.py:183} INFO - Processing /home/airflow/.local/lib/python3.8/site-packages/airflow/example_dags/example_local_kubernetes_executor.py took 0.128 seconds
[2026-06-03T13:16:23.806+0000] {processor.py:161} INFO - Started process (PID=298) to work on /home/airflow/.local/lib/python3.8/site-packages/airflow/example_dags/example_local_kubernetes_executor.py
[2026-06-03T13:16:23.811+0000] {processor.py:830} INFO - Processing file /home/airflow/.local/lib/python3.8/site-packages/airflow/example_dags/example_local_kubernetes_executor.py for tasks to queue
[2026-06-03T13:16:23.816+0000] {logging_mixin.py:188} INFO - [2026-06-03T13:16:23.816+0000] {dagbag.py:538} INFO - Filling up the DagBag from /home/airflow/.local/lib/python3.8/site-packages/airflow/example_dags/example_local_kubernetes_executor.py
[2026-06-03T13:16:23.828+0000] {processor.py:840} INFO - DAG(s) 'example_local_kubernetes_executor' retrieved from /home/airflow/.local/lib/python3.8/site-packages/airflow/example_dags/example_local_kubernetes_executor.py
[2026-06-03T13:16:23.871+0000] {logging_mixin.py:188} INFO - [2026-06-03T13:16:23.871+0000] {dag.py:3033} INFO - Sync 1 DAGs
[2026-06-03T13:16:23.880+0000] {logging_mixin.py:188} INFO - [2026-06-03T13:16:23.880+0000] {dag.py:3820} INFO - Setting next_dagrun for example_local_kubernetes_executor to None, run_after=None
[2026-06-03T13:16:23.902+0000] {processor.py:183} INFO - Processing /home/airflow/.local/lib/python3.8/site-packages/airflow/example_dags/example_local_kubernetes_executor.py took 0.110 seconds
[2026-06-03T13:16:54.358+0000] {processor.py:161} INFO - Started process (PID=355) to work on /home/airflow/.local/lib/python3.8/site-packages/airflow/example_dags/example_local_kubernetes_executor.py
[2026-06-03T13:16:54.359+0000] {processor.py:830} INFO - Processing file /home/airflow/.local/lib/python3.8/site-packages/airflow/example_dags/example_local_kubernetes_executor.py for tasks to queue
[2026-06-03T13:16:54.364+0000] {logging_mixin.py:188} INFO - [2026-06-03T13:16:54.364+0000] {dagbag.py:538} INFO - Filling up the DagBag from /home/airflow/.local/lib/python3.8/site-packages/airflow/example_dags/example_local_kubernetes_executor.py
[2026-06-03T13:16:54.381+0000] {processor.py:840} INFO - DAG(s) 'example_local_kubernetes_executor' retrieved from /home/airflow/.local/lib/python3.8/site-packages/airflow/example_dags/example_local_kubernetes_executor.py
[2026-06-03T13:16:54.470+0000] {logging_mixin.py:188} INFO - [2026-06-03T13:16:54.469+0000] {dag.py:3033} INFO - Sync 1 DAGs
[2026-06-03T13:16:54.486+0000] {logging_mixin.py:188} INFO - [2026-06-03T13:16:54.486+0000] {dag.py:3820} INFO - Setting next_dagrun for example_local_kubernetes_executor to None, run_after=None
[2026-06-03T13:16:54.517+0000] {processor.py:183} INFO - Processing /home/airflow/.local/lib/python3.8/site-packages/airflow/example_dags/example_local_kubernetes_executor.py took 0.164 seconds
[2026-06-03T13:17:25.192+0000] {processor.py:161} INFO - Started process (PID=411) to work on /home/airflow/.local/lib/python3.8/site-packages/airflow/example_dags/example_local_kubernetes_executor.py
[2026-06-03T13:17:25.194+0000] {processor.py:830} INFO - Processing file /home/airflow/.local/lib/python3.8/site-packages/airflow/example_dags/example_local_kubernetes_executor.py for tasks to queue
[2026-06-03T13:17:25.198+0000] {logging_mixin.py:188} INFO - [2026-06-03T13:17:25.197+0000] {dagbag.py:538} INFO - Filling up the DagBag from /home/airflow/.local/lib/python3.8/site-packages/airflow/example_dags/example_local_kubernetes_executor.py
[2026-06-03T13:17:25.219+0000] {processor.py:840} INFO - DAG(s) 'example_local_kubernetes_executor' retrieved from /home/airflow/.local/lib/python3.8/site-packages/airflow/example_dags/example_local_kubernetes_executor.py
[2026-06-03T13:17:25.261+0000] {logging_mixin.py:188} INFO - [2026-06-03T13:17:25.261+0000] {dag.py:3033} INFO - Sync 1 DAGs
[2026-06-03T13:17:25.278+0000] {logging_mixin.py:188} INFO - [2026-06-03T13:17:25.277+0000] {dag.py:3820} INFO - Setting next_dagrun for example_local_kubernetes_executor to None, run_after=None
[2026-06-03T13:17:25.289+0000] {processor.py:183} INFO - Processing /home/airflow/.local/lib/python3.8/site-packages/airflow/example_dags/example_local_kubernetes_executor.py took 0.107 seconds
[2026-06-03T13:17:55.474+0000] {processor.py:161} INFO - Started process (PID=466) to work on /home/airflow/.local/lib/python3.8/site-packages/airflow/example_dags/example_local_kubernetes_executor.py
[2026-06-03T13:17:55.476+0000] {processor.py:830} INFO - Processing file /home/airflow/.local/lib/python3.8/site-packages/airflow/example_dags/example_local_kubernetes_executor.py for tasks to queue
[2026-06-03T13:17:55.479+0000] {logging_mixin.py:188} INFO - [2026-06-03T13:17:55.479+0000] {dagbag.py:538} INFO - Filling up the DagBag from /home/airflow/.local/lib/python3.8/site-packages/airflow/example_dags/example_local_kubernetes_executor.py
[2026-06-03T13:17:55.489+0000] {processor.py:840} INFO - DAG(s) 'example_local_kubernetes_executor' retrieved from /home/airflow/.local/lib/python3.8/site-packages/airflow/example_dags/example_local_kubernetes_executor.py
[2026-06-03T13:17:55.539+0000] {logging_mixin.py:188} INFO - [2026-06-03T13:17:55.539+0000] {dag.py:3033} INFO - Sync 1 DAGs
[2026-06-03T13:17:55.554+0000] {logging_mixin.py:188} INFO - [2026-06-03T13:17:55.554+0000] {dag.py:3820} INFO - Setting next_dagrun for example_local_kubernetes_executor to None, run_after=None
[2026-06-03T13:17:55.573+0000] {processor.py:183} INFO - Processing /home/airflow/.local/lib/python3.8/site-packages/airflow/example_dags/example_local_kubernetes_executor.py took 0.118 seconds
[2026-06-03T13:18:25.624+0000] {processor.py:161} INFO - Started process (PID=522) to work on /home/airflow/.local/lib/python3.8/site-packages/airflow/example_dags/example_local_kubernetes_executor.py
[2026-06-03T13:18:25.626+0000] {processor.py:830} INFO - Processing file /home/airflow/.local/lib/python3.8/site-packages/airflow/example_dags/example_local_kubernetes_executor.py for tasks to queue
[2026-06-03T13:18:25.630+0000] {logging_mixin.py:188} INFO - [2026-06-03T13:18:25.630+0000] {dagbag.py:538} INFO - Filling up the DagBag from /home/airflow/.local/lib/python3.8/site-packages/airflow/example_dags/example_local_kubernetes_executor.py
[2026-06-03T13:18:25.649+0000] {processor.py:840} INFO - DAG(s) 'example_local_kubernetes_executor' retrieved from /home/airflow/.local/lib/python3.8/site-packages/airflow/example_dags/example_local_kubernetes_executor.py
[2026-06-03T13:18:25.676+0000] {logging_mixin.py:188} INFO - [2026-06-03T13:18:25.676+0000] {dag.py:3033} INFO - Sync 1 DAGs
[2026-06-03T13:18:25.684+0000] {logging_mixin.py:188} INFO - [2026-06-03T13:18:25.684+0000] {dag.py:3820} INFO - Setting next_dagrun for example_local_kubernetes_executor to None, run_after=None
[2026-06-03T13:18:25.695+0000] {processor.py:183} INFO - Processing /home/airflow/.local/lib/python3.8/site-packages/airflow/example_dags/example_local_kubernetes_executor.py took 0.081 seconds
[2026-06-03T13:18:56.405+0000] {processor.py:161} INFO - Started process (PID=578) to work on /home/airflow/.local/lib/python3.8/site-packages/airflow/example_dags/example_local_kubernetes_executor.py
[2026-06-03T13:18:56.414+0000] {processor.py:830} INFO - Processing file /home/airflow/.local/lib/python3.8/site-packages/airflow/example_dags/example_local_kubernetes_executor.py for tasks to queue
[2026-06-03T13:18:56.429+0000] {logging_mixin.py:188} INFO - [2026-06-03T13:18:56.428+0000] {dagbag.py:538} INFO - Filling up the DagBag from /home/airflow/.local/lib/python3.8/site-packages/airflow/example_dags/example_local_kubernetes_executor.py
[2026-06-03T13:18:56.454+0000] {processor.py:840} INFO - DAG(s) 'example_local_kubernetes_executor' retrieved from /home/airflow/.local/lib/python3.8/site-packages/airflow/example_dags/example_local_kubernetes_executor.py
[2026-06-03T13:18:56.508+0000] {logging_mixin.py:188} INFO - [2026-06-03T13:18:56.508+0000] {dag.py:3033} INFO - Sync 1 DAGs
[2026-06-03T13:18:56.517+0000] {logging_mixin.py:188} INFO - [2026-06-03T13:18:56.516+0000] {dag.py:3820} INFO - Setting next_dagrun for example_local_kubernetes_executor to None, run_after=None
[2026-06-03T13:18:56.529+0000] {processor.py:183} INFO - Processing /home/airflow/.local/lib/python3.8/site-packages/airflow/example_dags/example_local_kubernetes_executor.py took 0.140 seconds
[2026-06-03T13:19:27.219+0000] {processor.py:161} INFO - Started process (PID=634) to work on /home/airflow/.local/lib/python3.8/site-packages/airflow/example_dags/example_local_kubernetes_executor.py
[2026-06-03T13:19:27.227+0000] {processor.py:830} INFO - Processing file /home/airflow/.local/lib/python3.8/site-packages/airflow/example_dags/example_local_kubernetes_executor.py for tasks to queue
[2026-06-03T13:19:27.235+0000] {logging_mixin.py:188} INFO - [2026-06-03T13:19:27.234+0000] {dagbag.py:538} INFO - Filling up the DagBag from /home/airflow/.local/lib/python3.8/site-packages/airflow/example_dags/example_local_kubernetes_executor.py
[2026-06-03T13:19:27.253+0000] {processor.py:840} INFO - DAG(s) 'example_local_kubernetes_executor' retrieved from /home/airflow/.local/lib/python3.8/site-packages/airflow/example_dags/example_local_kubernetes_executor.py
[2026-06-03T13:19:27.320+0000] {logging_mixin.py:188} INFO - [2026-06-03T13:19:27.320+0000] {dag.py:3033} INFO - Sync 1 DAGs
[2026-06-03T13:19:27.329+0000] {logging_mixin.py:188} INFO - [2026-06-03T13:19:27.329+0000] {dag.py:3820} INFO - Setting next_dagrun for example_local_kubernetes_executor to None, run_after=None
[2026-06-03T13:19:27.351+0000] {processor.py:183} INFO - Processing /home/airflow/.local/lib/python3.8/site-packages/airflow/example_dags/example_local_kubernetes_executor.py took 0.178 seconds
[2026-06-03T13:19:57.891+0000] {processor.py:161} INFO - Started process (PID=690) to work on /home/airflow/.local/lib/python3.8/site-packages/airflow/example_dags/example_local_kubernetes_executor.py
[2026-06-03T13:19:57.896+0000] {processor.py:830} INFO - Processing file /home/airflow/.local/lib/python3.8/site-packages/airflow/example_dags/example_local_kubernetes_executor.py for tasks to queue
[2026-06-03T13:19:57.912+0000] {logging_mixin.py:188} INFO - [2026-06-03T13:19:57.912+0000] {dagbag.py:538} INFO - Filling up the DagBag from /home/airflow/.local/lib/python3.8/site-packages/airflow/example_dags/example_local_kubernetes_executor.py
[2026-06-03T13:19:57.933+0000] {processor.py:840} INFO - DAG(s) 'example_local_kubernetes_executor' retrieved from /home/airflow/.local/lib/python3.8/site-packages/airflow/example_dags/example_local_kubernetes_executor.py
[2026-06-03T13:19:58.000+0000] {logging_mixin.py:188} INFO - [2026-06-03T13:19:57.999+0000] {dag.py:3033} INFO - Sync 1 DAGs
[2026-06-03T13:19:58.008+0000] {logging_mixin.py:188} INFO - [2026-06-03T13:19:58.008+0000] {dag.py:3820} INFO - Setting next_dagrun for example_local_kubernetes_executor to None, run_after=None
[2026-06-03T13:19:58.030+0000] {processor.py:183} INFO - Processing /home/airflow/.local/lib/python3.8/site-packages/airflow/example_dags/example_local_kubernetes_executor.py took 0.163 seconds
[2026-06-03T13:20:28.203+0000] {processor.py:161} INFO - Started process (PID=746) to work on /home/airflow/.local/lib/python3.8/site-packages/airflow/example_dags/example_local_kubernetes_executor.py
[2026-06-03T13:20:28.206+0000] {processor.py:830} INFO - Processing file /home/airflow/.local/lib/python3.8/site-packages/airflow/example_dags/example_local_kubernetes_executor.py for tasks to queue
[2026-06-03T13:20:28.211+0000] {logging_mixin.py:188} INFO - [2026-06-03T13:20:28.211+0000] {dagbag.py:538} INFO - Filling up the DagBag from /home/airflow/.local/lib/python3.8/site-packages/airflow/example_dags/example_local_kubernetes_executor.py
[2026-06-03T13:20:28.232+0000] {processor.py:840} INFO - DAG(s) 'example_local_kubernetes_executor' retrieved from /home/airflow/.local/lib/python3.8/site-packages/airflow/example_dags/example_local_kubernetes_executor.py
[2026-06-03T13:20:28.269+0000] {logging_mixin.py:188} INFO - [2026-06-03T13:20:28.269+0000] {dag.py:3033} INFO - Sync 1 DAGs
[2026-06-03T13:20:28.277+0000] {logging_mixin.py:188} INFO - [2026-06-03T13:20:28.277+0000] {dag.py:3820} INFO - Setting next_dagrun for example_local_kubernetes_executor to None, run_after=None
[2026-06-03T13:20:28.289+0000] {processor.py:183} INFO - Processing /home/airflow/.local/lib/python3.8/site-packages/airflow/example_dags/example_local_kubernetes_executor.py took 0.094 seconds
[2026-06-03T13:20:59.045+0000] {processor.py:161} INFO - Started process (PID=802) to work on /home/airflow/.local/lib/python3.8/site-packages/airflow/example_dags/example_local_kubernetes_executor.py
[2026-06-03T13:20:59.047+0000] {processor.py:830} INFO - Processing file /home/airflow/.local/lib/python3.8/site-packages/airflow/example_dags/example_local_kubernetes_executor.py for tasks to queue
[2026-06-03T13:20:59.049+0000] {logging_mixin.py:188} INFO - [2026-06-03T13:20:59.049+0000] {dagbag.py:538} INFO - Filling up the DagBag from /home/airflow/.local/lib/python3.8/site-packages/airflow/example_dags/example_local_kubernetes_executor.py
[2026-06-03T13:20:59.059+0000] {processor.py:840} INFO - DAG(s) 'example_local_kubernetes_executor' retrieved from /home/airflow/.local/lib/python3.8/site-packages/airflow/example_dags/example_local_kubernetes_executor.py
[2026-06-03T13:20:59.089+0000] {logging_mixin.py:188} INFO - [2026-06-03T13:20:59.089+0000] {dag.py:3033} INFO - Sync 1 DAGs
[2026-06-03T13:20:59.095+0000] {logging_mixin.py:188} INFO - [2026-06-03T13:20:59.095+0000] {dag.py:3820} INFO - Setting next_dagrun for example_local_kubernetes_executor to None, run_after=None
[2026-06-03T13:20:59.112+0000] {processor.py:183} INFO - Processing /home/airflow/.local/lib/python3.8/site-packages/airflow/example_dags/example_local_kubernetes_executor.py took 0.070 seconds
[2026-06-03T13:21:30.006+0000] {processor.py:161} INFO - Started process (PID=858) to work on /home/airflow/.local/lib/python3.8/site-packages/airflow/example_dags/example_local_kubernetes_executor.py
[2026-06-03T13:21:30.007+0000] {processor.py:830} INFO - Processing file /home/airflow/.local/lib/python3.8/site-packages/airflow/example_dags/example_local_kubernetes_executor.py for tasks to queue
[2026-06-03T13:21:30.009+0000] {logging_mixin.py:188} INFO - [2026-06-03T13:21:30.008+0000] {dagbag.py:538} INFO - Filling up the DagBag from /home/airflow/.local/lib/python3.8/site-packages/airflow/example_dags/example_local_kubernetes_executor.py
[2026-06-03T13:21:30.025+0000] {processor.py:840} INFO - DAG(s) 'example_local_kubernetes_executor' retrieved from /home/airflow/.local/lib/python3.8/site-packages/airflow/example_dags/example_local_kubernetes_executor.py
[2026-06-03T13:21:30.061+0000] {logging_mixin.py:188} INFO - [2026-06-03T13:21:30.060+0000] {dag.py:3033} INFO - Sync 1 DAGs
[2026-06-03T13:21:30.067+0000] {logging_mixin.py:188} INFO - [2026-06-03T13:21:30.067+0000] {dag.py:3820} INFO - Setting next_dagrun for example_local_kubernetes_executor to None, run_after=None
[2026-06-03T13:21:30.076+0000] {processor.py:183} INFO - Processing /home/airflow/.local/lib/python3.8/site-packages/airflow/example_dags/example_local_kubernetes_executor.py took 0.072 seconds
[2026-06-03T13:22:00.505+0000] {processor.py:161} INFO - Started process (PID=914) to work on /home/airflow/.local/lib/python3.8/site-packages/airflow/example_dags/example_local_kubernetes_executor.py
[2026-06-03T13:22:00.506+0000] {processor.py:830} INFO - Processing file /home/airflow/.local/lib/python3.8/site-packages/airflow/example_dags/example_local_kubernetes_executor.py for tasks to queue
[2026-06-03T13:22:00.507+0000] {logging_mixin.py:188} INFO - [2026-06-03T13:22:00.507+0000] {dagbag.py:538} INFO - Filling up the DagBag from /home/airflow/.local/lib/python3.8/site-packages/airflow/example_dags/example_local_kubernetes_executor.py
[2026-06-03T13:22:00.521+0000] {processor.py:840} INFO - DAG(s) 'example_local_kubernetes_executor' retrieved from /home/airflow/.local/lib/python3.8/site-packages/airflow/example_dags/example_local_kubernetes_executor.py
[2026-06-03T13:22:00.544+0000] {logging_mixin.py:188} INFO - [2026-06-03T13:22:00.544+0000] {dag.py:3033} INFO - Sync 1 DAGs
[2026-06-03T13:22:00.565+0000] {logging_mixin.py:188} INFO - [2026-06-03T13:22:00.564+0000] {dag.py:3820} INFO - Setting next_dagrun for example_local_kubernetes_executor to None, run_after=None
[2026-06-03T13:22:00.580+0000] {processor.py:183} INFO - Processing /home/airflow/.local/lib/python3.8/site-packages/airflow/example_dags/example_local_kubernetes_executor.py took 0.077 seconds
[2026-06-03T13:22:31.127+0000] {processor.py:161} INFO - Started process (PID=970) to work on /home/airflow/.local/lib/python3.8/site-packages/airflow/example_dags/example_local_kubernetes_executor.py
[2026-06-03T13:22:31.132+0000] {processor.py:830} INFO - Processing file /home/airflow/.local/lib/python3.8/site-packages/airflow/example_dags/example_local_kubernetes_executor.py for tasks to queue
[2026-06-03T13:22:31.136+0000] {logging_mixin.py:188} INFO - [2026-06-03T13:22:31.136+0000] {dagbag.py:538} INFO - Filling up the DagBag from /home/airflow/.local/lib/python3.8/site-packages/airflow/example_dags/example_local_kubernetes_executor.py
[2026-06-03T13:22:31.162+0000] {processor.py:840} INFO - DAG(s) 'example_local_kubernetes_executor' retrieved from /home/airflow/.local/lib/python3.8/site-packages/airflow/example_dags/example_local_kubernetes_executor.py
[2026-06-03T13:22:31.221+0000] {logging_mixin.py:188} INFO - [2026-06-03T13:22:31.221+0000] {dag.py:3033} INFO - Sync 1 DAGs
[2026-06-03T13:22:31.239+0000] {logging_mixin.py:188} INFO - [2026-06-03T13:22:31.239+0000] {dag.py:3820} INFO - Setting next_dagrun for example_local_kubernetes_executor to None, run_after=None
[2026-06-03T13:22:31.309+0000] {processor.py:183} INFO - Processing /home/airflow/.local/lib/python3.8/site-packages/airflow/example_dags/example_local_kubernetes_executor.py took 0.189 seconds
[2026-06-03T13:23:01.494+0000] {processor.py:161} INFO - Started process (PID=1026) to work on /home/airflow/.local/lib/python3.8/site-packages/airflow/example_dags/example_local_kubernetes_executor.py
[2026-06-03T13:23:01.496+0000] {processor.py:830} INFO - Processing file /home/airflow/.local/lib/python3.8/site-packages/airflow/example_dags/example_local_kubernetes_executor.py for tasks to queue
[2026-06-03T13:23:01.498+0000] {logging_mixin.py:188} INFO - [2026-06-03T13:23:01.498+0000] {dagbag.py:538} INFO - Filling up the DagBag from /home/airflow/.local/lib/python3.8/site-packages/airflow/example_dags/example_local_kubernetes_executor.py
[2026-06-03T13:23:01.507+0000] {processor.py:840} INFO - DAG(s) 'example_local_kubernetes_executor' retrieved from /home/airflow/.local/lib/python3.8/site-packages/airflow/example_dags/example_local_kubernetes_executor.py
[2026-06-03T13:23:01.541+0000] {logging_mixin.py:188} INFO - [2026-06-03T13:23:01.541+0000] {dag.py:3033} INFO - Sync 1 DAGs
[2026-06-03T13:23:01.549+0000] {logging_mixin.py:188} INFO - [2026-06-03T13:23:01.548+0000] {dag.py:3820} INFO - Setting next_dagrun for example_local_kubernetes_executor to None, run_after=None
[2026-06-03T13:23:01.572+0000] {processor.py:183} INFO - Processing /home/airflow/.local/lib/python3.8/site-packages/airflow/example_dags/example_local_kubernetes_executor.py took 0.081 seconds
[2026-06-03T13:23:33.311+0000] {processor.py:161} INFO - Started process (PID=1082) to work on /home/airflow/.local/lib/python3.8/site-packages/airflow/example_dags/example_local_kubernetes_executor.py
[2026-06-03T13:23:33.312+0000] {processor.py:830} INFO - Processing file /home/airflow/.local/lib/python3.8/site-packages/airflow/example_dags/example_local_kubernetes_executor.py for tasks to queue
[2026-06-03T13:23:33.314+0000] {logging_mixin.py:188} INFO - [2026-06-03T13:23:33.314+0000] {dagbag.py:538} INFO - Filling up the DagBag from /home/airflow/.local/lib/python3.8/site-packages/airflow/example_dags/example_local_kubernetes_executor.py
[2026-06-03T13:23:33.341+0000] {processor.py:840} INFO - DAG(s) 'example_local_kubernetes_executor' retrieved from /home/airflow/.local/lib/python3.8/site-packages/airflow/example_dags/example_local_kubernetes_executor.py
[2026-06-03T13:23:33.397+0000] {logging_mixin.py:188} INFO - [2026-06-03T13:23:33.397+0000] {dag.py:3033} INFO - Sync 1 DAGs
[2026-06-03T13:23:33.406+0000] {logging_mixin.py:188} INFO - [2026-06-03T13:23:33.406+0000] {dag.py:3820} INFO - Setting next_dagrun for example_local_kubernetes_executor to None, run_after=None
[2026-06-03T13:23:33.422+0000] {processor.py:183} INFO - Processing /home/airflow/.local/lib/python3.8/site-packages/airflow/example_dags/example_local_kubernetes_executor.py took 0.113 seconds
[2026-06-03T13:24:04.168+0000] {processor.py:161} INFO - Started process (PID=1138) to work on /home/airflow/.local/lib/python3.8/site-packages/airflow/example_dags/example_local_kubernetes_executor.py
[2026-06-03T13:24:04.170+0000] {processor.py:830} INFO - Processing file /home/airflow/.local/lib/python3.8/site-packages/airflow/example_dags/example_local_kubernetes_executor.py for tasks to queue
[2026-06-03T13:24:04.172+0000] {logging_mixin.py:188} INFO - [2026-06-03T13:24:04.172+0000] {dagbag.py:538} INFO - Filling up the DagBag from /home/airflow/.local/lib/python3.8/site-packages/airflow/example_dags/example_local_kubernetes_executor.py
[2026-06-03T13:24:04.190+0000] {processor.py:840} INFO - DAG(s) 'example_local_kubernetes_executor' retrieved from /home/airflow/.local/lib/python3.8/site-packages/airflow/example_dags/example_local_kubernetes_executor.py
[2026-06-03T13:24:04.316+0000] {logging_mixin.py:188} INFO - [2026-06-03T13:24:04.316+0000] {dag.py:3033} INFO - Sync 1 DAGs
[2026-06-03T13:24:04.342+0000] {logging_mixin.py:188} INFO - [2026-06-03T13:24:04.341+0000] {dag.py:3820} INFO - Setting next_dagrun for example_local_kubernetes_executor to None, run_after=None
[2026-06-03T13:24:04.375+0000] {processor.py:183} INFO - Processing /home/airflow/.local/lib/python3.8/site-packages/airflow/example_dags/example_local_kubernetes_executor.py took 0.211 seconds
[2026-06-03T13:24:34.473+0000] {processor.py:161} INFO - Started process (PID=1194) to work on /home/airflow/.local/lib/python3.8/site-packages/airflow/example_dags/example_local_kubernetes_executor.py
[2026-06-03T13:24:34.476+0000] {processor.py:830} INFO - Processing file /home/airflow/.local/lib/python3.8/site-packages/airflow/example_dags/example_local_kubernetes_executor.py for tasks to queue
[2026-06-03T13:24:34.477+0000] {logging_mixin.py:188} INFO - [2026-06-03T13:24:34.477+0000] {dagbag.py:538} INFO - Filling up the DagBag from /home/airflow/.local/lib/python3.8/site-packages/airflow/example_dags/example_local_kubernetes_executor.py
[2026-06-03T13:24:34.510+0000] {processor.py:840} INFO - DAG(s) 'example_local_kubernetes_executor' retrieved from /home/airflow/.local/lib/python3.8/site-packages/airflow/example_dags/example_local_kubernetes_executor.py
[2026-06-03T13:24:34.545+0000] {logging_mixin.py:188} INFO - [2026-06-03T13:24:34.545+0000] {dag.py:3033} INFO - Sync 1 DAGs
[2026-06-03T13:24:34.560+0000] {logging_mixin.py:188} INFO - [2026-06-03T13:24:34.560+0000] {dag.py:3820} INFO - Setting next_dagrun for example_local_kubernetes_executor to None, run_after=None
[2026-06-03T13:24:34.579+0000] {processor.py:183} INFO - Processing /home/airflow/.local/lib/python3.8/site-packages/airflow/example_dags/example_local_kubernetes_executor.py took 0.109 seconds
[2026-06-03T13:25:05.019+0000] {processor.py:161} INFO - Started process (PID=1250) to work on /home/airflow/.local/lib/python3.8/site-packages/airflow/example_dags/example_local_kubernetes_executor.py
[2026-06-03T13:25:05.019+0000] {processor.py:830} INFO - Processing file /home/airflow/.local/lib/python3.8/site-packages/airflow/example_dags/example_local_kubernetes_executor.py for tasks to queue
[2026-06-03T13:25:05.020+0000] {logging_mixin.py:188} INFO - [2026-06-03T13:25:05.020+0000] {dagbag.py:538} INFO - Filling up the DagBag from /home/airflow/.local/lib/python3.8/site-packages/airflow/example_dags/example_local_kubernetes_executor.py
[2026-06-03T13:25:05.032+0000] {processor.py:840} INFO - DAG(s) 'example_local_kubernetes_executor' retrieved from /home/airflow/.local/lib/python3.8/site-packages/airflow/example_dags/example_local_kubernetes_executor.py
[2026-06-03T13:25:05.055+0000] {logging_mixin.py:188} INFO - [2026-06-03T13:25:05.055+0000] {dag.py:3033} INFO - Sync 1 DAGs
[2026-06-03T13:25:05.063+0000] {logging_mixin.py:188} INFO - [2026-06-03T13:25:05.063+0000] {dag.py:3820} INFO - Setting next_dagrun for example_local_kubernetes_executor to None, run_after=None
[2026-06-03T13:25:05.074+0000] {processor.py:183} INFO - Processing /home/airflow/.local/lib/python3.8/site-packages/airflow/example_dags/example_local_kubernetes_executor.py took 0.057 seconds
[2026-06-03T13:25:35.706+0000] {processor.py:161} INFO - Started process (PID=1307) to work on /home/airflow/.local/lib/python3.8/site-packages/airflow/example_dags/example_local_kubernetes_executor.py
[2026-06-03T13:25:35.708+0000] {processor.py:830} INFO - Processing file /home/airflow/.local/lib/python3.8/site-packages/airflow/example_dags/example_local_kubernetes_executor.py for tasks to queue
[2026-06-03T13:25:35.709+0000] {logging_mixin.py:188} INFO - [2026-06-03T13:25:35.709+0000] {dagbag.py:538} INFO - Filling up the DagBag from /home/airflow/.local/lib/python3.8/site-packages/airflow/example_dags/example_local_kubernetes_executor.py
[2026-06-03T13:25:35.715+0000] {processor.py:840} INFO - DAG(s) 'example_local_kubernetes_executor' retrieved from /home/airflow/.local/lib/python3.8/site-packages/airflow/example_dags/example_local_kubernetes_executor.py
[2026-06-03T13:25:35.733+0000] {logging_mixin.py:188} INFO - [2026-06-03T13:25:35.733+0000] {dag.py:3033} INFO - Sync 1 DAGs
[2026-06-03T13:25:35.741+0000] {logging_mixin.py:188} INFO - [2026-06-03T13:25:35.740+0000] {dag.py:3820} INFO - Setting next_dagrun for example_local_kubernetes_executor to None, run_after=None
[2026-06-03T13:25:35.752+0000] {processor.py:183} INFO - Processing /home/airflow/.local/lib/python3.8/site-packages/airflow/example_dags/example_local_kubernetes_executor.py took 0.048 seconds
[2026-06-03T13:26:06.083+0000] {processor.py:161} INFO - Started process (PID=1363) to work on /home/airflow/.local/lib/python3.8/site-packages/airflow/example_dags/example_local_kubernetes_executor.py
[2026-06-03T13:26:06.083+0000] {processor.py:830} INFO - Processing file /home/airflow/.local/lib/python3.8/site-packages/airflow/example_dags/example_local_kubernetes_executor.py for tasks to queue
[2026-06-03T13:26:06.084+0000] {logging_mixin.py:188} INFO - [2026-06-03T13:26:06.084+0000] {dagbag.py:538} INFO - Filling up the DagBag from /home/airflow/.local/lib/python3.8/site-packages/airflow/example_dags/example_local_kubernetes_executor.py
[2026-06-03T13:26:06.091+0000] {processor.py:840} INFO - DAG(s) 'example_local_kubernetes_executor' retrieved from /home/airflow/.local/lib/python3.8/site-packages/airflow/example_dags/example_local_kubernetes_executor.py
[2026-06-03T13:26:06.112+0000] {logging_mixin.py:188} INFO - [2026-06-03T13:26:06.112+0000] {dag.py:3033} INFO - Sync 1 DAGs
[2026-06-03T13:26:06.121+0000] {logging_mixin.py:188} INFO - [2026-06-03T13:26:06.121+0000] {dag.py:3820} INFO - Setting next_dagrun for example_local_kubernetes_executor to None, run_after=None
[2026-06-03T13:26:06.137+0000] {processor.py:183} INFO - Processing /home/airflow/.local/lib/python3.8/site-packages/airflow/example_dags/example_local_kubernetes_executor.py took 0.056 seconds
[2026-06-03T13:26:37.049+0000] {processor.py:161} INFO - Started process (PID=1419) to work on /home/airflow/.local/lib/python3.8/site-packages/airflow/example_dags/example_local_kubernetes_executor.py
[2026-06-03T13:26:37.050+0000] {processor.py:830} INFO - Processing file /home/airflow/.local/lib/python3.8/site-packages/airflow/example_dags/example_local_kubernetes_executor.py for tasks to queue
[2026-06-03T13:26:37.051+0000] {logging_mixin.py:188} INFO - [2026-06-03T13:26:37.051+0000] {dagbag.py:538} INFO - Filling up the DagBag from /home/airflow/.local/lib/python3.8/site-packages/airflow/example_dags/example_local_kubernetes_executor.py
[2026-06-03T13:26:37.059+0000] {processor.py:840} INFO - DAG(s) 'example_local_kubernetes_executor' retrieved from /home/airflow/.local/lib/python3.8/site-packages/airflow/example_dags/example_local_kubernetes_executor.py
[2026-06-03T13:26:37.082+0000] {logging_mixin.py:188} INFO - [2026-06-03T13:26:37.082+0000] {dag.py:3033} INFO - Sync 1 DAGs
[2026-06-03T13:26:37.087+0000] {logging_mixin.py:188} INFO - [2026-06-03T13:26:37.087+0000] {dag.py:3820} INFO - Setting next_dagrun for example_local_kubernetes_executor to None, run_after=None
[2026-06-03T13:26:37.098+0000] {processor.py:183} INFO - Processing /home/airflow/.local/lib/python3.8/site-packages/airflow/example_dags/example_local_kubernetes_executor.py took 0.052 seconds
[2026-06-03T13:27:07.317+0000] {processor.py:161} INFO - Started process (PID=1475) to work on /home/airflow/.local/lib/python3.8/site-packages/airflow/example_dags/example_local_kubernetes_executor.py
[2026-06-03T13:27:07.318+0000] {processor.py:830} INFO - Processing file /home/airflow/.local/lib/python3.8/site-packages/airflow/example_dags/example_local_kubernetes_executor.py for tasks to queue
[2026-06-03T13:27:07.318+0000] {logging_mixin.py:188} INFO - [2026-06-03T13:27:07.318+0000] {dagbag.py:538} INFO - Filling up the DagBag from /home/airflow/.local/lib/python3.8/site-packages/airflow/example_dags/example_local_kubernetes_executor.py
[2026-06-03T13:27:07.322+0000] {processor.py:840} INFO - DAG(s) 'example_local_kubernetes_executor' retrieved from /home/airflow/.local/lib/python3.8/site-packages/airflow/example_dags/example_local_kubernetes_executor.py
[2026-06-03T13:27:07.334+0000] {logging_mixin.py:188} INFO - [2026-06-03T13:27:07.334+0000] {dag.py:3033} INFO - Sync 1 DAGs
[2026-06-03T13:27:07.338+0000] {logging_mixin.py:188} INFO - [2026-06-03T13:27:07.338+0000] {dag.py:3820} INFO - Setting next_dagrun for example_local_kubernetes_executor to None, run_after=None
[2026-06-03T13:27:07.344+0000] {processor.py:183} INFO - Processing /home/airflow/.local/lib/python3.8/site-packages/airflow/example_dags/example_local_kubernetes_executor.py took 0.029 seconds
[2026-06-03T13:27:38.125+0000] {processor.py:161} INFO - Started process (PID=1531) to work on /home/airflow/.local/lib/python3.8/site-packages/airflow/example_dags/example_local_kubernetes_executor.py
[2026-06-03T13:27:38.126+0000] {processor.py:830} INFO - Processing file /home/airflow/.local/lib/python3.8/site-packages/airflow/example_dags/example_local_kubernetes_executor.py for tasks to queue
[2026-06-03T13:27:38.127+0000] {logging_mixin.py:188} INFO - [2026-06-03T13:27:38.127+0000] {dagbag.py:538} INFO - Filling up the DagBag from /home/airflow/.local/lib/python3.8/site-packages/airflow/example_dags/example_local_kubernetes_executor.py
[2026-06-03T13:27:38.138+0000] {processor.py:840} INFO - DAG(s) 'example_local_kubernetes_executor' retrieved from /home/airflow/.local/lib/python3.8/site-packages/airflow/example_dags/example_local_kubernetes_executor.py
[2026-06-03T13:27:38.165+0000] {logging_mixin.py:188} INFO - [2026-06-03T13:27:38.165+0000] {dag.py:3033} INFO - Sync 1 DAGs
[2026-06-03T13:27:38.172+0000] {logging_mixin.py:188} INFO - [2026-06-03T13:27:38.172+0000] {dag.py:3820} INFO - Setting next_dagrun for example_local_kubernetes_executor to None, run_after=None
[2026-06-03T13:27:38.182+0000] {processor.py:183} INFO - Processing /home/airflow/.local/lib/python3.8/site-packages/airflow/example_dags/example_local_kubernetes_executor.py took 0.058 seconds
[2026-06-03T13:28:08.805+0000] {processor.py:161} INFO - Started process (PID=1587) to work on /home/airflow/.local/lib/python3.8/site-packages/airflow/example_dags/example_local_kubernetes_executor.py
[2026-06-03T13:28:08.806+0000] {processor.py:830} INFO - Processing file /home/airflow/.local/lib/python3.8/site-packages/airflow/example_dags/example_local_kubernetes_executor.py for tasks to queue
[2026-06-03T13:28:08.807+0000] {logging_mixin.py:188} INFO - [2026-06-03T13:28:08.807+0000] {dagbag.py:538} INFO - Filling up the DagBag from /home/airflow/.local/lib/python3.8/site-packages/airflow/example_dags/example_local_kubernetes_executor.py
[2026-06-03T13:28:08.810+0000] {processor.py:840} INFO - DAG(s) 'example_local_kubernetes_executor' retrieved from /home/airflow/.local/lib/python3.8/site-packages/airflow/example_dags/example_local_kubernetes_executor.py
[2026-06-03T13:28:08.831+0000] {logging_mixin.py:188} INFO - [2026-06-03T13:28:08.831+0000] {dag.py:3033} INFO - Sync 1 DAGs
[2026-06-03T13:28:08.837+0000] {logging_mixin.py:188} INFO - [2026-06-03T13:28:08.837+0000] {dag.py:3820} INFO - Setting next_dagrun for example_local_kubernetes_executor to None, run_after=None
[2026-06-03T13:28:08.850+0000] {processor.py:183} INFO - Processing /home/airflow/.local/lib/python3.8/site-packages/airflow/example_dags/example_local_kubernetes_executor.py took 0.046 seconds
[2026-06-03T13:28:39.051+0000] {processor.py:161} INFO - Started process (PID=1643) to work on /home/airflow/.local/lib/python3.8/site-packages/airflow/example_dags/example_local_kubernetes_executor.py
[2026-06-03T13:28:39.051+0000] {processor.py:830} INFO - Processing file /home/airflow/.local/lib/python3.8/site-packages/airflow/example_dags/example_local_kubernetes_executor.py for tasks to queue
[2026-06-03T13:28:39.053+0000] {logging_mixin.py:188} INFO - [2026-06-03T13:28:39.053+0000] {dagbag.py:538} INFO - Filling up the DagBag from /home/airflow/.local/lib/python3.8/site-packages/airflow/example_dags/example_local_kubernetes_executor.py
[2026-06-03T13:28:39.056+0000] {processor.py:840} INFO - DAG(s) 'example_local_kubernetes_executor' retrieved from /home/airflow/.local/lib/python3.8/site-packages/airflow/example_dags/example_local_kubernetes_executor.py
[2026-06-03T13:28:39.074+0000] {logging_mixin.py:188} INFO - [2026-06-03T13:28:39.074+0000] {dag.py:3033} INFO - Sync 1 DAGs
[2026-06-03T13:28:39.080+0000] {logging_mixin.py:188} INFO - [2026-06-03T13:28:39.080+0000] {dag.py:3820} INFO - Setting next_dagrun for example_local_kubernetes_executor to None, run_after=None
[2026-06-03T13:28:39.089+0000] {processor.py:183} INFO - Processing /home/airflow/.local/lib/python3.8/site-packages/airflow/example_dags/example_local_kubernetes_executor.py took 0.040 seconds
[2026-06-03T13:29:09.173+0000] {processor.py:161} INFO - Started process (PID=1699) to work on /home/airflow/.local/lib/python3.8/site-packages/airflow/example_dags/example_local_kubernetes_executor.py
[2026-06-03T13:29:09.174+0000] {processor.py:830} INFO - Processing file /home/airflow/.local/lib/python3.8/site-packages/airflow/example_dags/example_local_kubernetes_executor.py for tasks to queue
[2026-06-03T13:29:09.176+0000] {logging_mixin.py:188} INFO - [2026-06-03T13:29:09.176+0000] {dagbag.py:538} INFO - Filling up the DagBag from /home/airflow/.local/lib/python3.8/site-packages/airflow/example_dags/example_local_kubernetes_executor.py
[2026-06-03T13:29:09.180+0000] {processor.py:840} INFO - DAG(s) 'example_local_kubernetes_executor' retrieved from /home/airflow/.local/lib/python3.8/site-packages/airflow/example_dags/example_local_kubernetes_executor.py
[2026-06-03T13:29:09.197+0000] {logging_mixin.py:188} INFO - [2026-06-03T13:29:09.197+0000] {dag.py:3033} INFO - Sync 1 DAGs
[2026-06-03T13:29:09.202+0000] {logging_mixin.py:188} INFO - [2026-06-03T13:29:09.202+0000] {dag.py:3820} INFO - Setting next_dagrun for example_local_kubernetes_executor to None, run_after=None
[2026-06-03T13:29:09.210+0000] {processor.py:183} INFO - Processing /home/airflow/.local/lib/python3.8/site-packages/airflow/example_dags/example_local_kubernetes_executor.py took 0.039 seconds
[2026-06-03T13:29:40.998+0000] {processor.py:161} INFO - Started process (PID=1755) to work on /home/airflow/.local/lib/python3.8/site-packages/airflow/example_dags/example_local_kubernetes_executor.py
[2026-06-03T13:29:41.000+0000] {processor.py:830} INFO - Processing file /home/airflow/.local/lib/python3.8/site-packages/airflow/example_dags/example_local_kubernetes_executor.py for tasks to queue
[2026-06-03T13:29:41.003+0000] {logging_mixin.py:188} INFO - [2026-06-03T13:29:41.002+0000] {dagbag.py:538} INFO - Filling up the DagBag from /home/airflow/.local/lib/python3.8/site-packages/airflow/example_dags/example_local_kubernetes_executor.py
[2026-06-03T13:29:41.019+0000] {processor.py:840} INFO - DAG(s) 'example_local_kubernetes_executor' retrieved from /home/airflow/.local/lib/python3.8/site-packages/airflow/example_dags/example_local_kubernetes_executor.py
[2026-06-03T13:29:41.051+0000] {logging_mixin.py:188} INFO - [2026-06-03T13:29:41.051+0000] {dag.py:3033} INFO - Sync 1 DAGs
[2026-06-03T13:29:41.059+0000] {logging_mixin.py:188} INFO - [2026-06-03T13:29:41.059+0000] {dag.py:3820} INFO - Setting next_dagrun for example_local_kubernetes_executor to None, run_after=None
[2026-06-03T13:29:41.072+0000] {processor.py:183} INFO - Processing /home/airflow/.local/lib/python3.8/site-packages/airflow/example_dags/example_local_kubernetes_executor.py took 0.078 seconds
[2026-06-03T13:30:12.062+0000] {processor.py:161} INFO - Started process (PID=1811) to work on /home/airflow/.local/lib/python3.8/site-packages/airflow/example_dags/example_local_kubernetes_executor.py
[2026-06-03T13:30:12.062+0000] {processor.py:830} INFO - Processing file /home/airflow/.local/lib/python3.8/site-packages/airflow/example_dags/example_local_kubernetes_executor.py for tasks to queue
[2026-06-03T13:30:12.063+0000] {logging_mixin.py:188} INFO - [2026-06-03T13:30:12.063+0000] {dagbag.py:538} INFO - Filling up the DagBag from /home/airflow/.local/lib/python3.8/site-packages/airflow/example_dags/example_local_kubernetes_executor.py
[2026-06-03T13:30:12.068+0000] {processor.py:840} INFO - DAG(s) 'example_local_kubernetes_executor' retrieved from /home/airflow/.local/lib/python3.8/site-packages/airflow/example_dags/example_local_kubernetes_executor.py
[2026-06-03T13:30:12.084+0000] {logging_mixin.py:188} INFO - [2026-06-03T13:30:12.084+0000] {dag.py:3033} INFO - Sync 1 DAGs
[2026-06-03T13:30:12.089+0000] {logging_mixin.py:188} INFO - [2026-06-03T13:30:12.089+0000] {dag.py:3820} INFO - Setting next_dagrun for example_local_kubernetes_executor to None, run_after=None
[2026-06-03T13:30:12.094+0000] {processor.py:183} INFO - Processing /home/airflow/.local/lib/python3.8/site-packages/airflow/example_dags/example_local_kubernetes_executor.py took 0.035 seconds
[2026-06-03T13:30:42.768+0000] {processor.py:161} INFO - Started process (PID=1867) to work on /home/airflow/.local/lib/python3.8/site-packages/airflow/example_dags/example_local_kubernetes_executor.py
[2026-06-03T13:30:42.769+0000] {processor.py:830} INFO - Processing file /home/airflow/.local/lib/python3.8/site-packages/airflow/example_dags/example_local_kubernetes_executor.py for tasks to queue
[2026-06-03T13:30:42.772+0000] {logging_mixin.py:188} INFO - [2026-06-03T13:30:42.771+0000] {dagbag.py:538} INFO - Filling up the DagBag from /home/airflow/.local/lib/python3.8/site-packages/airflow/example_dags/example_local_kubernetes_executor.py
[2026-06-03T13:30:42.797+0000] {processor.py:840} INFO - DAG(s) 'example_local_kubernetes_executor' retrieved from /home/airflow/.local/lib/python3.8/site-packages/airflow/example_dags/example_local_kubernetes_executor.py
[2026-06-03T13:30:42.862+0000] {logging_mixin.py:188} INFO - [2026-06-03T13:30:42.862+0000] {dag.py:3033} INFO - Sync 1 DAGs
[2026-06-03T13:30:42.876+0000] {logging_mixin.py:188} INFO - [2026-06-03T13:30:42.875+0000] {dag.py:3820} INFO - Setting next_dagrun for example_local_kubernetes_executor to None, run_after=None
[2026-06-03T13:30:42.887+0000] {processor.py:183} INFO - Processing /home/airflow/.local/lib/python3.8/site-packages/airflow/example_dags/example_local_kubernetes_executor.py took 0.123 seconds
[2026-06-03T13:31:13.082+0000] {processor.py:161} INFO - Started process (PID=1923) to work on /home/airflow/.local/lib/python3.8/site-packages/airflow/example_dags/example_local_kubernetes_executor.py
[2026-06-03T13:31:13.083+0000] {processor.py:830} INFO - Processing file /home/airflow/.local/lib/python3.8/site-packages/airflow/example_dags/example_local_kubernetes_executor.py for tasks to queue
[2026-06-03T13:31:13.085+0000] {logging_mixin.py:188} INFO - [2026-06-03T13:31:13.085+0000] {dagbag.py:538} INFO - Filling up the DagBag from /home/airflow/.local/lib/python3.8/site-packages/airflow/example_dags/example_local_kubernetes_executor.py
[2026-06-03T13:31:13.093+0000] {processor.py:840} INFO - DAG(s) 'example_local_kubernetes_executor' retrieved from /home/airflow/.local/lib/python3.8/site-packages/airflow/example_dags/example_local_kubernetes_executor.py
[2026-06-03T13:31:13.149+0000] {logging_mixin.py:188} INFO - [2026-06-03T13:31:13.149+0000] {dag.py:3033} INFO - Sync 1 DAGs
[2026-06-03T13:31:13.161+0000] {logging_mixin.py:188} INFO - [2026-06-03T13:31:13.160+0000] {dag.py:3820} INFO - Setting next_dagrun for example_local_kubernetes_executor to None, run_after=None
[2026-06-03T13:31:13.230+0000] {processor.py:183} INFO - Processing /home/airflow/.local/lib/python3.8/site-packages/airflow/example_dags/example_local_kubernetes_executor.py took 0.151 seconds
[2026-06-03T13:31:43.274+0000] {processor.py:161} INFO - Started process (PID=1979) to work on /home/airflow/.local/lib/python3.8/site-packages/airflow/example_dags/example_local_kubernetes_executor.py
[2026-06-03T13:31:43.275+0000] {processor.py:830} INFO - Processing file /home/airflow/.local/lib/python3.8/site-packages/airflow/example_dags/example_local_kubernetes_executor.py for tasks to queue
[2026-06-03T13:31:43.276+0000] {logging_mixin.py:188} INFO - [2026-06-03T13:31:43.276+0000] {dagbag.py:538} INFO - Filling up the DagBag from /home/airflow/.local/lib/python3.8/site-packages/airflow/example_dags/example_local_kubernetes_executor.py
[2026-06-03T13:31:43.282+0000] {processor.py:840} INFO - DAG(s) 'example_local_kubernetes_executor' retrieved from /home/airflow/.local/lib/python3.8/site-packages/airflow/example_dags/example_local_kubernetes_executor.py
[2026-06-03T13:31:43.306+0000] {logging_mixin.py:188} INFO - [2026-06-03T13:31:43.306+0000] {dag.py:3033} INFO - Sync 1 DAGs
[2026-06-03T13:31:43.313+0000] {logging_mixin.py:188} INFO - [2026-06-03T13:31:43.313+0000] {dag.py:3820} INFO - Setting next_dagrun for example_local_kubernetes_executor to None, run_after=None
[2026-06-03T13:31:43.323+0000] {processor.py:183} INFO - Processing /home/airflow/.local/lib/python3.8/site-packages/airflow/example_dags/example_local_kubernetes_executor.py took 0.051 seconds
[2026-06-03T13:32:13.344+0000] {processor.py:161} INFO - Started process (PID=2035) to work on /home/airflow/.local/lib/python3.8/site-packages/airflow/example_dags/example_local_kubernetes_executor.py
[2026-06-03T13:32:13.346+0000] {processor.py:830} INFO - Processing file /home/airflow/.local/lib/python3.8/site-packages/airflow/example_dags/example_local_kubernetes_executor.py for tasks to queue
[2026-06-03T13:32:13.349+0000] {logging_mixin.py:188} INFO - [2026-06-03T13:32:13.349+0000] {dagbag.py:538} INFO - Filling up the DagBag from /home/airflow/.local/lib/python3.8/site-packages/airflow/example_dags/example_local_kubernetes_executor.py
[2026-06-03T13:32:13.357+0000] {processor.py:840} INFO - DAG(s) 'example_local_kubernetes_executor' retrieved from /home/airflow/.local/lib/python3.8/site-packages/airflow/example_dags/example_local_kubernetes_executor.py
[2026-06-03T13:32:13.381+0000] {logging_mixin.py:188} INFO - [2026-06-03T13:32:13.381+0000] {dag.py:3033} INFO - Sync 1 DAGs
[2026-06-03T13:32:13.386+0000] {logging_mixin.py:188} INFO - [2026-06-03T13:32:13.386+0000] {dag.py:3820} INFO - Setting next_dagrun for example_local_kubernetes_executor to None, run_after=None
[2026-06-03T13:32:13.393+0000] {processor.py:183} INFO - Processing /home/airflow/.local/lib/python3.8/site-packages/airflow/example_dags/example_local_kubernetes_executor.py took 0.055 seconds
[2026-06-03T13:32:44.242+0000] {processor.py:161} INFO - Started process (PID=2091) to work on /home/airflow/.local/lib/python3.8/site-packages/airflow/example_dags/example_local_kubernetes_executor.py
[2026-06-03T13:32:44.243+0000] {processor.py:830} INFO - Processing file /home/airflow/.local/lib/python3.8/site-packages/airflow/example_dags/example_local_kubernetes_executor.py for tasks to queue
[2026-06-03T13:32:44.245+0000] {logging_mixin.py:188} INFO - [2026-06-03T13:32:44.245+0000] {dagbag.py:538} INFO - Filling up the DagBag from /home/airflow/.local/lib/python3.8/site-packages/airflow/example_dags/example_local_kubernetes_executor.py
[2026-06-03T13:32:44.250+0000] {processor.py:840} INFO - DAG(s) 'example_local_kubernetes_executor' retrieved from /home/airflow/.local/lib/python3.8/site-packages/airflow/example_dags/example_local_kubernetes_executor.py
[2026-06-03T13:32:44.271+0000] {logging_mixin.py:188} INFO - [2026-06-03T13:32:44.271+0000] {dag.py:3033} INFO - Sync 1 DAGs
[2026-06-03T13:32:44.277+0000] {logging_mixin.py:188} INFO - [2026-06-03T13:32:44.277+0000] {dag.py:3820} INFO - Setting next_dagrun for example_local_kubernetes_executor to None, run_after=None
[2026-06-03T13:32:44.286+0000] {processor.py:183} INFO - Processing /home/airflow/.local/lib/python3.8/site-packages/airflow/example_dags/example_local_kubernetes_executor.py took 0.046 seconds
[2026-06-03T13:33:15.143+0000] {processor.py:161} INFO - Started process (PID=2147) to work on /home/airflow/.local/lib/python3.8/site-packages/airflow/example_dags/example_local_kubernetes_executor.py
[2026-06-03T13:33:15.144+0000] {processor.py:830} INFO - Processing file /home/airflow/.local/lib/python3.8/site-packages/airflow/example_dags/example_local_kubernetes_executor.py for tasks to queue
[2026-06-03T13:33:15.147+0000] {logging_mixin.py:188} INFO - [2026-06-03T13:33:15.147+0000] {dagbag.py:538} INFO - Filling up the DagBag from /home/airflow/.local/lib/python3.8/site-packages/airflow/example_dags/example_local_kubernetes_executor.py
[2026-06-03T13:33:15.154+0000] {processor.py:840} INFO - DAG(s) 'example_local_kubernetes_executor' retrieved from /home/airflow/.local/lib/python3.8/site-packages/airflow/example_dags/example_local_kubernetes_executor.py
[2026-06-03T13:33:15.194+0000] {logging_mixin.py:188} INFO - [2026-06-03T13:33:15.194+0000] {dag.py:3033} INFO - Sync 1 DAGs
[2026-06-03T13:33:15.205+0000] {logging_mixin.py:188} INFO - [2026-06-03T13:33:15.205+0000] {dag.py:3820} INFO - Setting next_dagrun for example_local_kubernetes_executor to None, run_after=None
[2026-06-03T13:33:15.323+0000] {processor.py:183} INFO - Processing /home/airflow/.local/lib/python3.8/site-packages/airflow/example_dags/example_local_kubernetes_executor.py took 0.183 seconds
[2026-06-03T13:33:46.233+0000] {processor.py:161} INFO - Started process (PID=2203) to work on /home/airflow/.local/lib/python3.8/site-packages/airflow/example_dags/example_local_kubernetes_executor.py
[2026-06-03T13:33:46.235+0000] {processor.py:830} INFO - Processing file /home/airflow/.local/lib/python3.8/site-packages/airflow/example_dags/example_local_kubernetes_executor.py for tasks to queue
[2026-06-03T13:33:46.237+0000] {logging_mixin.py:188} INFO - [2026-06-03T13:33:46.236+0000] {dagbag.py:538} INFO - Filling up the DagBag from /home/airflow/.local/lib/python3.8/site-packages/airflow/example_dags/example_local_kubernetes_executor.py
[2026-06-03T13:33:46.247+0000] {processor.py:840} INFO - DAG(s) 'example_local_kubernetes_executor' retrieved from /home/airflow/.local/lib/python3.8/site-packages/airflow/example_dags/example_local_kubernetes_executor.py
[2026-06-03T13:33:46.324+0000] {logging_mixin.py:188} INFO - [2026-06-03T13:33:46.320+0000] {dag.py:3033} INFO - Sync 1 DAGs
[2026-06-03T13:33:46.380+0000] {logging_mixin.py:188} INFO - [2026-06-03T13:33:46.380+0000] {dag.py:3820} INFO - Setting next_dagrun for example_local_kubernetes_executor to None, run_after=None
[2026-06-03T13:33:46.397+0000] {processor.py:183} INFO - Processing /home/airflow/.local/lib/python3.8/site-packages/airflow/example_dags/example_local_kubernetes_executor.py took 0.166 seconds
[2026-06-03T13:34:17.192+0000] {processor.py:161} INFO - Started process (PID=2259) to work on /home/airflow/.local/lib/python3.8/site-packages/airflow/example_dags/example_local_kubernetes_executor.py
[2026-06-03T13:34:17.193+0000] {processor.py:830} INFO - Processing file /home/airflow/.local/lib/python3.8/site-packages/airflow/example_dags/example_local_kubernetes_executor.py for tasks to queue
[2026-06-03T13:34:17.195+0000] {logging_mixin.py:188} INFO - [2026-06-03T13:34:17.195+0000] {dagbag.py:538} INFO - Filling up the DagBag from /home/airflow/.local/lib/python3.8/site-packages/airflow/example_dags/example_local_kubernetes_executor.py
[2026-06-03T13:34:17.204+0000] {processor.py:840} INFO - DAG(s) 'example_local_kubernetes_executor' retrieved from /home/airflow/.local/lib/python3.8/site-packages/airflow/example_dags/example_local_kubernetes_executor.py
[2026-06-03T13:34:17.234+0000] {logging_mixin.py:188} INFO - [2026-06-03T13:34:17.234+0000] {dag.py:3033} INFO - Sync 1 DAGs
[2026-06-03T13:34:17.244+0000] {logging_mixin.py:188} INFO - [2026-06-03T13:34:17.244+0000] {dag.py:3820} INFO - Setting next_dagrun for example_local_kubernetes_executor to None, run_after=None
[2026-06-03T13:34:17.254+0000] {processor.py:183} INFO - Processing /home/airflow/.local/lib/python3.8/site-packages/airflow/example_dags/example_local_kubernetes_executor.py took 0.065 seconds
[2026-06-03T13:34:49.666+0000] {processor.py:161} INFO - Started process (PID=2315) to work on /home/airflow/.local/lib/python3.8/site-packages/airflow/example_dags/example_local_kubernetes_executor.py
[2026-06-03T13:34:49.667+0000] {processor.py:830} INFO - Processing file /home/airflow/.local/lib/python3.8/site-packages/airflow/example_dags/example_local_kubernetes_executor.py for tasks to queue
[2026-06-03T13:34:49.671+0000] {logging_mixin.py:188} INFO - [2026-06-03T13:34:49.670+0000] {dagbag.py:538} INFO - Filling up the DagBag from /home/airflow/.local/lib/python3.8/site-packages/airflow/example_dags/example_local_kubernetes_executor.py
[2026-06-03T13:34:49.702+0000] {processor.py:840} INFO - DAG(s) 'example_local_kubernetes_executor' retrieved from /home/airflow/.local/lib/python3.8/site-packages/airflow/example_dags/example_local_kubernetes_executor.py
[2026-06-03T13:34:50.390+0000] {logging_mixin.py:188} INFO - [2026-06-03T13:34:50.389+0000] {dag.py:3033} INFO - Sync 1 DAGs
[2026-06-03T13:34:50.421+0000] {logging_mixin.py:188} INFO - [2026-06-03T13:34:50.421+0000] {dag.py:3820} INFO - Setting next_dagrun for example_local_kubernetes_executor to None, run_after=None
[2026-06-03T13:34:50.474+0000] {processor.py:183} INFO - Processing /home/airflow/.local/lib/python3.8/site-packages/airflow/example_dags/example_local_kubernetes_executor.py took 0.811 seconds
[2026-06-03T13:35:20.880+0000] {processor.py:161} INFO - Started process (PID=2371) to work on /home/airflow/.local/lib/python3.8/site-packages/airflow/example_dags/example_local_kubernetes_executor.py
[2026-06-03T13:35:20.882+0000] {processor.py:830} INFO - Processing file /home/airflow/.local/lib/python3.8/site-packages/airflow/example_dags/example_local_kubernetes_executor.py for tasks to queue
[2026-06-03T13:35:20.887+0000] {logging_mixin.py:188} INFO - [2026-06-03T13:35:20.886+0000] {dagbag.py:538} INFO - Filling up the DagBag from /home/airflow/.local/lib/python3.8/site-packages/airflow/example_dags/example_local_kubernetes_executor.py
[2026-06-03T13:35:20.899+0000] {processor.py:840} INFO - DAG(s) 'example_local_kubernetes_executor' retrieved from /home/airflow/.local/lib/python3.8/site-packages/airflow/example_dags/example_local_kubernetes_executor.py
[2026-06-03T13:35:20.955+0000] {logging_mixin.py:188} INFO - [2026-06-03T13:35:20.955+0000] {dag.py:3033} INFO - Sync 1 DAGs
[2026-06-03T13:35:21.132+0000] {logging_mixin.py:188} INFO - [2026-06-03T13:35:21.132+0000] {dag.py:3820} INFO - Setting next_dagrun for example_local_kubernetes_executor to None, run_after=None
[2026-06-03T13:35:21.146+0000] {processor.py:183} INFO - Processing /home/airflow/.local/lib/python3.8/site-packages/airflow/example_dags/example_local_kubernetes_executor.py took 0.280 seconds
[2026-06-03T13:35:51.783+0000] {processor.py:161} INFO - Started process (PID=2427) to work on /home/airflow/.local/lib/python3.8/site-packages/airflow/example_dags/example_local_kubernetes_executor.py
[2026-06-03T13:35:51.786+0000] {processor.py:830} INFO - Processing file /home/airflow/.local/lib/python3.8/site-packages/airflow/example_dags/example_local_kubernetes_executor.py for tasks to queue
[2026-06-03T13:35:51.790+0000] {logging_mixin.py:188} INFO - [2026-06-03T13:35:51.790+0000] {dagbag.py:538} INFO - Filling up the DagBag from /home/airflow/.local/lib/python3.8/site-packages/airflow/example_dags/example_local_kubernetes_executor.py
[2026-06-03T13:35:51.814+0000] {processor.py:840} INFO - DAG(s) 'example_local_kubernetes_executor' retrieved from /home/airflow/.local/lib/python3.8/site-packages/airflow/example_dags/example_local_kubernetes_executor.py
[2026-06-03T13:35:51.881+0000] {logging_mixin.py:188} INFO - [2026-06-03T13:35:51.881+0000] {dag.py:3033} INFO - Sync 1 DAGs
[2026-06-03T13:35:51.896+0000] {logging_mixin.py:188} INFO - [2026-06-03T13:35:51.896+0000] {dag.py:3820} INFO - Setting next_dagrun for example_local_kubernetes_executor to None, run_after=None
[2026-06-03T13:35:51.914+0000] {processor.py:183} INFO - Processing /home/airflow/.local/lib/python3.8/site-packages/airflow/example_dags/example_local_kubernetes_executor.py took 0.140 seconds
[2026-06-03T13:36:22.299+0000] {processor.py:161} INFO - Started process (PID=2483) to work on /home/airflow/.local/lib/python3.8/site-packages/airflow/example_dags/example_local_kubernetes_executor.py
[2026-06-03T13:36:22.301+0000] {processor.py:830} INFO - Processing file /home/airflow/.local/lib/python3.8/site-packages/airflow/example_dags/example_local_kubernetes_executor.py for tasks to queue
[2026-06-03T13:36:22.315+0000] {logging_mixin.py:188} INFO - [2026-06-03T13:36:22.315+0000] {dagbag.py:538} INFO - Filling up the DagBag from /home/airflow/.local/lib/python3.8/site-packages/airflow/example_dags/example_local_kubernetes_executor.py
[2026-06-03T13:36:22.333+0000] {processor.py:840} INFO - DAG(s) 'example_local_kubernetes_executor' retrieved from /home/airflow/.local/lib/python3.8/site-packages/airflow/example_dags/example_local_kubernetes_executor.py
[2026-06-03T13:36:22.390+0000] {logging_mixin.py:188} INFO - [2026-06-03T13:36:22.390+0000] {dag.py:3033} INFO - Sync 1 DAGs
[2026-06-03T13:36:22.400+0000] {logging_mixin.py:188} INFO - [2026-06-03T13:36:22.399+0000] {dag.py:3820} INFO - Setting next_dagrun for example_local_kubernetes_executor to None, run_after=None
[2026-06-03T13:36:22.419+0000] {processor.py:183} INFO - Processing /home/airflow/.local/lib/python3.8/site-packages/airflow/example_dags/example_local_kubernetes_executor.py took 0.127 seconds
[2026-06-03T13:36:52.550+0000] {processor.py:161} INFO - Started process (PID=2539) to work on /home/airflow/.local/lib/python3.8/site-packages/airflow/example_dags/example_local_kubernetes_executor.py
[2026-06-03T13:36:52.552+0000] {processor.py:830} INFO - Processing file /home/airflow/.local/lib/python3.8/site-packages/airflow/example_dags/example_local_kubernetes_executor.py for tasks to queue
[2026-06-03T13:36:52.565+0000] {logging_mixin.py:188} INFO - [2026-06-03T13:36:52.563+0000] {dagbag.py:538} INFO - Filling up the DagBag from /home/airflow/.local/lib/python3.8/site-packages/airflow/example_dags/example_local_kubernetes_executor.py
[2026-06-03T13:36:52.591+0000] {processor.py:840} INFO - DAG(s) 'example_local_kubernetes_executor' retrieved from /home/airflow/.local/lib/python3.8/site-packages/airflow/example_dags/example_local_kubernetes_executor.py
[2026-06-03T13:36:52.685+0000] {logging_mixin.py:188} INFO - [2026-06-03T13:36:52.685+0000] {dag.py:3033} INFO - Sync 1 DAGs
[2026-06-03T13:36:52.710+0000] {logging_mixin.py:188} INFO - [2026-06-03T13:36:52.710+0000] {dag.py:3820} INFO - Setting next_dagrun for example_local_kubernetes_executor to None, run_after=None
[2026-06-03T13:36:52.752+0000] {processor.py:183} INFO - Processing /home/airflow/.local/lib/python3.8/site-packages/airflow/example_dags/example_local_kubernetes_executor.py took 0.213 seconds
[2026-06-03T13:37:22.883+0000] {processor.py:161} INFO - Started process (PID=2596) to work on /home/airflow/.local/lib/python3.8/site-packages/airflow/example_dags/example_local_kubernetes_executor.py
[2026-06-03T13:37:22.883+0000] {processor.py:830} INFO - Processing file /home/airflow/.local/lib/python3.8/site-packages/airflow/example_dags/example_local_kubernetes_executor.py for tasks to queue
[2026-06-03T13:37:22.884+0000] {logging_mixin.py:188} INFO - [2026-06-03T13:37:22.884+0000] {dagbag.py:538} INFO - Filling up the DagBag from /home/airflow/.local/lib/python3.8/site-packages/airflow/example_dags/example_local_kubernetes_executor.py
[2026-06-03T13:37:22.888+0000] {processor.py:840} INFO - DAG(s) 'example_local_kubernetes_executor' retrieved from /home/airflow/.local/lib/python3.8/site-packages/airflow/example_dags/example_local_kubernetes_executor.py
[2026-06-03T13:37:22.903+0000] {logging_mixin.py:188} INFO - [2026-06-03T13:37:22.902+0000] {dag.py:3033} INFO - Sync 1 DAGs
[2026-06-03T13:37:22.968+0000] {logging_mixin.py:188} INFO - [2026-06-03T13:37:22.968+0000] {dag.py:3820} INFO - Setting next_dagrun for example_local_kubernetes_executor to None, run_after=None
[2026-06-03T13:37:22.973+0000] {processor.py:183} INFO - Processing /home/airflow/.local/lib/python3.8/site-packages/airflow/example_dags/example_local_kubernetes_executor.py took 0.092 seconds
[2026-06-03T13:37:54.268+0000] {processor.py:161} INFO - Started process (PID=2651) to work on /home/airflow/.local/lib/python3.8/site-packages/airflow/example_dags/example_local_kubernetes_executor.py
[2026-06-03T13:37:54.269+0000] {processor.py:830} INFO - Processing file /home/airflow/.local/lib/python3.8/site-packages/airflow/example_dags/example_local_kubernetes_executor.py for tasks to queue
[2026-06-03T13:37:54.270+0000] {logging_mixin.py:188} INFO - [2026-06-03T13:37:54.270+0000] {dagbag.py:538} INFO - Filling up the DagBag from /home/airflow/.local/lib/python3.8/site-packages/airflow/example_dags/example_local_kubernetes_executor.py
[2026-06-03T13:37:54.276+0000] {processor.py:840} INFO - DAG(s) 'example_local_kubernetes_executor' retrieved from /home/airflow/.local/lib/python3.8/site-packages/airflow/example_dags/example_local_kubernetes_executor.py
[2026-06-03T13:37:54.304+0000] {logging_mixin.py:188} INFO - [2026-06-03T13:37:54.304+0000] {dag.py:3033} INFO - Sync 1 DAGs
[2026-06-03T13:37:54.311+0000] {logging_mixin.py:188} INFO - [2026-06-03T13:37:54.311+0000] {dag.py:3820} INFO - Setting next_dagrun for example_local_kubernetes_executor to None, run_after=None
[2026-06-03T13:37:54.484+0000] {processor.py:183} INFO - Processing /home/airflow/.local/lib/python3.8/site-packages/airflow/example_dags/example_local_kubernetes_executor.py took 0.219 seconds
[2026-06-03T13:38:25.065+0000] {processor.py:161} INFO - Started process (PID=2708) to work on /home/airflow/.local/lib/python3.8/site-packages/airflow/example_dags/example_local_kubernetes_executor.py
[2026-06-03T13:38:25.066+0000] {processor.py:830} INFO - Processing file /home/airflow/.local/lib/python3.8/site-packages/airflow/example_dags/example_local_kubernetes_executor.py for tasks to queue
[2026-06-03T13:38:25.067+0000] {logging_mixin.py:188} INFO - [2026-06-03T13:38:25.067+0000] {dagbag.py:538} INFO - Filling up the DagBag from /home/airflow/.local/lib/python3.8/site-packages/airflow/example_dags/example_local_kubernetes_executor.py
[2026-06-03T13:38:25.073+0000] {processor.py:840} INFO - DAG(s) 'example_local_kubernetes_executor' retrieved from /home/airflow/.local/lib/python3.8/site-packages/airflow/example_dags/example_local_kubernetes_executor.py
[2026-06-03T13:38:25.095+0000] {logging_mixin.py:188} INFO - [2026-06-03T13:38:25.095+0000] {dag.py:3033} INFO - Sync 1 DAGs
[2026-06-03T13:38:25.101+0000] {logging_mixin.py:188} INFO - [2026-06-03T13:38:25.101+0000] {dag.py:3820} INFO - Setting next_dagrun for example_local_kubernetes_executor to None, run_after=None
[2026-06-03T13:38:25.110+0000] {processor.py:183} INFO - Processing /home/airflow/.local/lib/python3.8/site-packages/airflow/example_dags/example_local_kubernetes_executor.py took 0.048 seconds
