[2026-06-03T11:48:43.011+0000] {processor.py:161} INFO - Started process (PID=77) to work on /home/airflow/.local/lib/python3.8/site-packages/airflow/example_dags/example_branch_operator.py
[2026-06-03T11:48:43.012+0000] {processor.py:830} INFO - Processing file /home/airflow/.local/lib/python3.8/site-packages/airflow/example_dags/example_branch_operator.py for tasks to queue
[2026-06-03T11:48:43.013+0000] {logging_mixin.py:188} INFO - [2026-06-03T11:48:43.013+0000] {dagbag.py:538} INFO - Filling up the DagBag from /home/airflow/.local/lib/python3.8/site-packages/airflow/example_dags/example_branch_operator.py
[2026-06-03T11:48:43.026+0000] {processor.py:840} INFO - DAG(s) 'example_branch_operator' retrieved from /home/airflow/.local/lib/python3.8/site-packages/airflow/example_dags/example_branch_operator.py
[2026-06-03T11:48:43.043+0000] {logging_mixin.py:188} INFO - [2026-06-03T11:48:43.043+0000] {dag.py:3033} INFO - Sync 1 DAGs
[2026-06-03T11:48:43.061+0000] {logging_mixin.py:188} INFO - [2026-06-03T11:48:43.060+0000] {dag.py:3820} INFO - Setting next_dagrun for example_branch_operator to 2026-06-02T00:00:00+00:00, run_after=2026-06-03T00:00:00+00:00
[2026-06-03T11:48:43.080+0000] {processor.py:183} INFO - Processing /home/airflow/.local/lib/python3.8/site-packages/airflow/example_dags/example_branch_operator.py took 0.071 seconds
[2026-06-03T11:49:13.391+0000] {processor.py:161} INFO - Started process (PID=132) to work on /home/airflow/.local/lib/python3.8/site-packages/airflow/example_dags/example_branch_operator.py
[2026-06-03T11:49:13.393+0000] {processor.py:830} INFO - Processing file /home/airflow/.local/lib/python3.8/site-packages/airflow/example_dags/example_branch_operator.py for tasks to queue
[2026-06-03T11:49:13.394+0000] {logging_mixin.py:188} INFO - [2026-06-03T11:49:13.394+0000] {dagbag.py:538} INFO - Filling up the DagBag from /home/airflow/.local/lib/python3.8/site-packages/airflow/example_dags/example_branch_operator.py
[2026-06-03T11:49:13.404+0000] {processor.py:840} INFO - DAG(s) 'example_branch_operator' retrieved from /home/airflow/.local/lib/python3.8/site-packages/airflow/example_dags/example_branch_operator.py
[2026-06-03T11:49:13.495+0000] {logging_mixin.py:188} INFO - [2026-06-03T11:49:13.495+0000] {dag.py:3033} INFO - Sync 1 DAGs
[2026-06-03T11:49:13.514+0000] {logging_mixin.py:188} INFO - [2026-06-03T11:49:13.514+0000] {dag.py:3820} INFO - Setting next_dagrun for example_branch_operator to 2026-06-02T00:00:00+00:00, run_after=2026-06-03T00:00:00+00:00
[2026-06-03T11:49:13.537+0000] {processor.py:183} INFO - Processing /home/airflow/.local/lib/python3.8/site-packages/airflow/example_dags/example_branch_operator.py took 0.148 seconds
[2026-06-03T11:49:44.318+0000] {processor.py:161} INFO - Started process (PID=187) to work on /home/airflow/.local/lib/python3.8/site-packages/airflow/example_dags/example_branch_operator.py
[2026-06-03T11:49:44.319+0000] {processor.py:830} INFO - Processing file /home/airflow/.local/lib/python3.8/site-packages/airflow/example_dags/example_branch_operator.py for tasks to queue
[2026-06-03T11:49:44.320+0000] {logging_mixin.py:188} INFO - [2026-06-03T11:49:44.320+0000] {dagbag.py:538} INFO - Filling up the DagBag from /home/airflow/.local/lib/python3.8/site-packages/airflow/example_dags/example_branch_operator.py
[2026-06-03T11:49:44.328+0000] {processor.py:840} INFO - DAG(s) 'example_branch_operator' retrieved from /home/airflow/.local/lib/python3.8/site-packages/airflow/example_dags/example_branch_operator.py
[2026-06-03T11:49:44.340+0000] {logging_mixin.py:188} INFO - [2026-06-03T11:49:44.340+0000] {dag.py:3033} INFO - Sync 1 DAGs
[2026-06-03T11:49:44.357+0000] {logging_mixin.py:188} INFO - [2026-06-03T11:49:44.357+0000] {dag.py:3820} INFO - Setting next_dagrun for example_branch_operator to 2026-06-02T00:00:00+00:00, run_after=2026-06-03T00:00:00+00:00
[2026-06-03T11:49:44.370+0000] {processor.py:183} INFO - Processing /home/airflow/.local/lib/python3.8/site-packages/airflow/example_dags/example_branch_operator.py took 0.054 seconds
[2026-06-03T11:50:15.367+0000] {processor.py:161} INFO - Started process (PID=242) to work on /home/airflow/.local/lib/python3.8/site-packages/airflow/example_dags/example_branch_operator.py
[2026-06-03T11:50:15.368+0000] {processor.py:830} INFO - Processing file /home/airflow/.local/lib/python3.8/site-packages/airflow/example_dags/example_branch_operator.py for tasks to queue
[2026-06-03T11:50:15.370+0000] {logging_mixin.py:188} INFO - [2026-06-03T11:50:15.370+0000] {dagbag.py:538} INFO - Filling up the DagBag from /home/airflow/.local/lib/python3.8/site-packages/airflow/example_dags/example_branch_operator.py
[2026-06-03T11:50:15.383+0000] {processor.py:840} INFO - DAG(s) 'example_branch_operator' retrieved from /home/airflow/.local/lib/python3.8/site-packages/airflow/example_dags/example_branch_operator.py
[2026-06-03T11:50:15.400+0000] {logging_mixin.py:188} INFO - [2026-06-03T11:50:15.400+0000] {dag.py:3033} INFO - Sync 1 DAGs
[2026-06-03T11:50:15.411+0000] {logging_mixin.py:188} INFO - [2026-06-03T11:50:15.411+0000] {dag.py:3820} INFO - Setting next_dagrun for example_branch_operator to 2026-06-02T00:00:00+00:00, run_after=2026-06-03T00:00:00+00:00
[2026-06-03T11:50:15.426+0000] {processor.py:183} INFO - Processing /home/airflow/.local/lib/python3.8/site-packages/airflow/example_dags/example_branch_operator.py took 0.061 seconds
[2026-06-03T11:50:45.680+0000] {processor.py:161} INFO - Started process (PID=297) to work on /home/airflow/.local/lib/python3.8/site-packages/airflow/example_dags/example_branch_operator.py
[2026-06-03T11:50:45.682+0000] {processor.py:830} INFO - Processing file /home/airflow/.local/lib/python3.8/site-packages/airflow/example_dags/example_branch_operator.py for tasks to queue
[2026-06-03T11:50:45.683+0000] {logging_mixin.py:188} INFO - [2026-06-03T11:50:45.683+0000] {dagbag.py:538} INFO - Filling up the DagBag from /home/airflow/.local/lib/python3.8/site-packages/airflow/example_dags/example_branch_operator.py
[2026-06-03T11:50:45.698+0000] {processor.py:840} INFO - DAG(s) 'example_branch_operator' retrieved from /home/airflow/.local/lib/python3.8/site-packages/airflow/example_dags/example_branch_operator.py
[2026-06-03T11:50:45.718+0000] {logging_mixin.py:188} INFO - [2026-06-03T11:50:45.718+0000] {dag.py:3033} INFO - Sync 1 DAGs
[2026-06-03T11:50:45.733+0000] {logging_mixin.py:188} INFO - [2026-06-03T11:50:45.733+0000] {dag.py:3820} INFO - Setting next_dagrun for example_branch_operator to 2026-06-02T00:00:00+00:00, run_after=2026-06-03T00:00:00+00:00
[2026-06-03T11:50:45.744+0000] {processor.py:183} INFO - Processing /home/airflow/.local/lib/python3.8/site-packages/airflow/example_dags/example_branch_operator.py took 0.066 seconds
[2026-06-03T11:51:15.968+0000] {processor.py:161} INFO - Started process (PID=352) to work on /home/airflow/.local/lib/python3.8/site-packages/airflow/example_dags/example_branch_operator.py
[2026-06-03T11:51:15.969+0000] {processor.py:830} INFO - Processing file /home/airflow/.local/lib/python3.8/site-packages/airflow/example_dags/example_branch_operator.py for tasks to queue
[2026-06-03T11:51:15.971+0000] {logging_mixin.py:188} INFO - [2026-06-03T11:51:15.970+0000] {dagbag.py:538} INFO - Filling up the DagBag from /home/airflow/.local/lib/python3.8/site-packages/airflow/example_dags/example_branch_operator.py
[2026-06-03T11:51:15.991+0000] {processor.py:840} INFO - DAG(s) 'example_branch_operator' retrieved from /home/airflow/.local/lib/python3.8/site-packages/airflow/example_dags/example_branch_operator.py
[2026-06-03T11:51:16.014+0000] {logging_mixin.py:188} INFO - [2026-06-03T11:51:16.014+0000] {dag.py:3033} INFO - Sync 1 DAGs
[2026-06-03T11:51:16.026+0000] {logging_mixin.py:188} INFO - [2026-06-03T11:51:16.026+0000] {dag.py:3820} INFO - Setting next_dagrun for example_branch_operator to 2026-06-02T00:00:00+00:00, run_after=2026-06-03T00:00:00+00:00
[2026-06-03T11:51:16.035+0000] {processor.py:183} INFO - Processing /home/airflow/.local/lib/python3.8/site-packages/airflow/example_dags/example_branch_operator.py took 0.070 seconds
[2026-06-03T11:51:46.459+0000] {processor.py:161} INFO - Started process (PID=407) to work on /home/airflow/.local/lib/python3.8/site-packages/airflow/example_dags/example_branch_operator.py
[2026-06-03T11:51:46.460+0000] {processor.py:830} INFO - Processing file /home/airflow/.local/lib/python3.8/site-packages/airflow/example_dags/example_branch_operator.py for tasks to queue
[2026-06-03T11:51:46.461+0000] {logging_mixin.py:188} INFO - [2026-06-03T11:51:46.461+0000] {dagbag.py:538} INFO - Filling up the DagBag from /home/airflow/.local/lib/python3.8/site-packages/airflow/example_dags/example_branch_operator.py
[2026-06-03T11:51:46.484+0000] {processor.py:840} INFO - DAG(s) 'example_branch_operator' retrieved from /home/airflow/.local/lib/python3.8/site-packages/airflow/example_dags/example_branch_operator.py
[2026-06-03T11:51:46.502+0000] {logging_mixin.py:188} INFO - [2026-06-03T11:51:46.502+0000] {dag.py:3033} INFO - Sync 1 DAGs
[2026-06-03T11:51:46.514+0000] {logging_mixin.py:188} INFO - [2026-06-03T11:51:46.514+0000] {dag.py:3820} INFO - Setting next_dagrun for example_branch_operator to 2026-06-02T00:00:00+00:00, run_after=2026-06-03T00:00:00+00:00
[2026-06-03T11:51:46.529+0000] {processor.py:183} INFO - Processing /home/airflow/.local/lib/python3.8/site-packages/airflow/example_dags/example_branch_operator.py took 0.074 seconds
[2026-06-03T11:52:16.771+0000] {processor.py:161} INFO - Started process (PID=462) to work on /home/airflow/.local/lib/python3.8/site-packages/airflow/example_dags/example_branch_operator.py
[2026-06-03T11:52:16.772+0000] {processor.py:830} INFO - Processing file /home/airflow/.local/lib/python3.8/site-packages/airflow/example_dags/example_branch_operator.py for tasks to queue
[2026-06-03T11:52:16.774+0000] {logging_mixin.py:188} INFO - [2026-06-03T11:52:16.774+0000] {dagbag.py:538} INFO - Filling up the DagBag from /home/airflow/.local/lib/python3.8/site-packages/airflow/example_dags/example_branch_operator.py
[2026-06-03T11:52:16.787+0000] {processor.py:840} INFO - DAG(s) 'example_branch_operator' retrieved from /home/airflow/.local/lib/python3.8/site-packages/airflow/example_dags/example_branch_operator.py
[2026-06-03T11:52:16.804+0000] {logging_mixin.py:188} INFO - [2026-06-03T11:52:16.804+0000] {dag.py:3033} INFO - Sync 1 DAGs
[2026-06-03T11:52:16.815+0000] {logging_mixin.py:188} INFO - [2026-06-03T11:52:16.815+0000] {dag.py:3820} INFO - Setting next_dagrun for example_branch_operator to 2026-06-02T00:00:00+00:00, run_after=2026-06-03T00:00:00+00:00
[2026-06-03T11:52:16.825+0000] {processor.py:183} INFO - Processing /home/airflow/.local/lib/python3.8/site-packages/airflow/example_dags/example_branch_operator.py took 0.056 seconds
[2026-06-03T11:52:47.339+0000] {processor.py:161} INFO - Started process (PID=517) to work on /home/airflow/.local/lib/python3.8/site-packages/airflow/example_dags/example_branch_operator.py
[2026-06-03T11:52:47.340+0000] {processor.py:830} INFO - Processing file /home/airflow/.local/lib/python3.8/site-packages/airflow/example_dags/example_branch_operator.py for tasks to queue
[2026-06-03T11:52:47.341+0000] {logging_mixin.py:188} INFO - [2026-06-03T11:52:47.341+0000] {dagbag.py:538} INFO - Filling up the DagBag from /home/airflow/.local/lib/python3.8/site-packages/airflow/example_dags/example_branch_operator.py
[2026-06-03T11:52:47.350+0000] {processor.py:840} INFO - DAG(s) 'example_branch_operator' retrieved from /home/airflow/.local/lib/python3.8/site-packages/airflow/example_dags/example_branch_operator.py
[2026-06-03T11:52:47.363+0000] {logging_mixin.py:188} INFO - [2026-06-03T11:52:47.363+0000] {dag.py:3033} INFO - Sync 1 DAGs
[2026-06-03T11:52:47.372+0000] {logging_mixin.py:188} INFO - [2026-06-03T11:52:47.372+0000] {dag.py:3820} INFO - Setting next_dagrun for example_branch_operator to 2026-06-02T00:00:00+00:00, run_after=2026-06-03T00:00:00+00:00
[2026-06-03T11:52:47.379+0000] {processor.py:183} INFO - Processing /home/airflow/.local/lib/python3.8/site-packages/airflow/example_dags/example_branch_operator.py took 0.042 seconds
[2026-06-03T11:53:17.781+0000] {processor.py:161} INFO - Started process (PID=572) to work on /home/airflow/.local/lib/python3.8/site-packages/airflow/example_dags/example_branch_operator.py
[2026-06-03T11:53:17.782+0000] {processor.py:830} INFO - Processing file /home/airflow/.local/lib/python3.8/site-packages/airflow/example_dags/example_branch_operator.py for tasks to queue
[2026-06-03T11:53:17.783+0000] {logging_mixin.py:188} INFO - [2026-06-03T11:53:17.782+0000] {dagbag.py:538} INFO - Filling up the DagBag from /home/airflow/.local/lib/python3.8/site-packages/airflow/example_dags/example_branch_operator.py
[2026-06-03T11:53:17.792+0000] {processor.py:840} INFO - DAG(s) 'example_branch_operator' retrieved from /home/airflow/.local/lib/python3.8/site-packages/airflow/example_dags/example_branch_operator.py
[2026-06-03T11:53:17.805+0000] {logging_mixin.py:188} INFO - [2026-06-03T11:53:17.805+0000] {dag.py:3033} INFO - Sync 1 DAGs
[2026-06-03T11:53:17.814+0000] {logging_mixin.py:188} INFO - [2026-06-03T11:53:17.814+0000] {dag.py:3820} INFO - Setting next_dagrun for example_branch_operator to 2026-06-02T00:00:00+00:00, run_after=2026-06-03T00:00:00+00:00
[2026-06-03T11:53:17.830+0000] {processor.py:183} INFO - Processing /home/airflow/.local/lib/python3.8/site-packages/airflow/example_dags/example_branch_operator.py took 0.051 seconds
[2026-06-03T11:53:48.481+0000] {processor.py:161} INFO - Started process (PID=627) to work on /home/airflow/.local/lib/python3.8/site-packages/airflow/example_dags/example_branch_operator.py
[2026-06-03T11:53:48.482+0000] {processor.py:830} INFO - Processing file /home/airflow/.local/lib/python3.8/site-packages/airflow/example_dags/example_branch_operator.py for tasks to queue
[2026-06-03T11:53:48.483+0000] {logging_mixin.py:188} INFO - [2026-06-03T11:53:48.482+0000] {dagbag.py:538} INFO - Filling up the DagBag from /home/airflow/.local/lib/python3.8/site-packages/airflow/example_dags/example_branch_operator.py
[2026-06-03T11:53:48.490+0000] {processor.py:840} INFO - DAG(s) 'example_branch_operator' retrieved from /home/airflow/.local/lib/python3.8/site-packages/airflow/example_dags/example_branch_operator.py
[2026-06-03T11:53:48.501+0000] {logging_mixin.py:188} INFO - [2026-06-03T11:53:48.501+0000] {dag.py:3033} INFO - Sync 1 DAGs
[2026-06-03T11:53:48.509+0000] {logging_mixin.py:188} INFO - [2026-06-03T11:53:48.509+0000] {dag.py:3820} INFO - Setting next_dagrun for example_branch_operator to 2026-06-02T00:00:00+00:00, run_after=2026-06-03T00:00:00+00:00
[2026-06-03T11:53:48.517+0000] {processor.py:183} INFO - Processing /home/airflow/.local/lib/python3.8/site-packages/airflow/example_dags/example_branch_operator.py took 0.038 seconds
[2026-06-03T11:54:19.609+0000] {processor.py:161} INFO - Started process (PID=682) to work on /home/airflow/.local/lib/python3.8/site-packages/airflow/example_dags/example_branch_operator.py
[2026-06-03T11:54:19.610+0000] {processor.py:830} INFO - Processing file /home/airflow/.local/lib/python3.8/site-packages/airflow/example_dags/example_branch_operator.py for tasks to queue
[2026-06-03T11:54:19.611+0000] {logging_mixin.py:188} INFO - [2026-06-03T11:54:19.611+0000] {dagbag.py:538} INFO - Filling up the DagBag from /home/airflow/.local/lib/python3.8/site-packages/airflow/example_dags/example_branch_operator.py
[2026-06-03T11:54:19.627+0000] {processor.py:840} INFO - DAG(s) 'example_branch_operator' retrieved from /home/airflow/.local/lib/python3.8/site-packages/airflow/example_dags/example_branch_operator.py
[2026-06-03T11:54:19.653+0000] {logging_mixin.py:188} INFO - [2026-06-03T11:54:19.653+0000] {dag.py:3033} INFO - Sync 1 DAGs
[2026-06-03T11:54:19.666+0000] {logging_mixin.py:188} INFO - [2026-06-03T11:54:19.665+0000] {dag.py:3820} INFO - Setting next_dagrun for example_branch_operator to 2026-06-02T00:00:00+00:00, run_after=2026-06-03T00:00:00+00:00
[2026-06-03T11:54:19.672+0000] {processor.py:183} INFO - Processing /home/airflow/.local/lib/python3.8/site-packages/airflow/example_dags/example_branch_operator.py took 0.065 seconds
[2026-06-03T11:54:50.654+0000] {processor.py:161} INFO - Started process (PID=737) to work on /home/airflow/.local/lib/python3.8/site-packages/airflow/example_dags/example_branch_operator.py
[2026-06-03T11:54:50.655+0000] {processor.py:830} INFO - Processing file /home/airflow/.local/lib/python3.8/site-packages/airflow/example_dags/example_branch_operator.py for tasks to queue
[2026-06-03T11:54:50.656+0000] {logging_mixin.py:188} INFO - [2026-06-03T11:54:50.656+0000] {dagbag.py:538} INFO - Filling up the DagBag from /home/airflow/.local/lib/python3.8/site-packages/airflow/example_dags/example_branch_operator.py
[2026-06-03T11:54:50.669+0000] {processor.py:840} INFO - DAG(s) 'example_branch_operator' retrieved from /home/airflow/.local/lib/python3.8/site-packages/airflow/example_dags/example_branch_operator.py
[2026-06-03T11:54:50.695+0000] {logging_mixin.py:188} INFO - [2026-06-03T11:54:50.695+0000] {dag.py:3033} INFO - Sync 1 DAGs
[2026-06-03T11:54:50.706+0000] {logging_mixin.py:188} INFO - [2026-06-03T11:54:50.706+0000] {dag.py:3820} INFO - Setting next_dagrun for example_branch_operator to 2026-06-02T00:00:00+00:00, run_after=2026-06-03T00:00:00+00:00
[2026-06-03T11:54:50.714+0000] {processor.py:183} INFO - Processing /home/airflow/.local/lib/python3.8/site-packages/airflow/example_dags/example_branch_operator.py took 0.061 seconds
[2026-06-03T11:55:20.859+0000] {processor.py:161} INFO - Started process (PID=792) to work on /home/airflow/.local/lib/python3.8/site-packages/airflow/example_dags/example_branch_operator.py
[2026-06-03T11:55:20.860+0000] {processor.py:830} INFO - Processing file /home/airflow/.local/lib/python3.8/site-packages/airflow/example_dags/example_branch_operator.py for tasks to queue
[2026-06-03T11:55:20.862+0000] {logging_mixin.py:188} INFO - [2026-06-03T11:55:20.862+0000] {dagbag.py:538} INFO - Filling up the DagBag from /home/airflow/.local/lib/python3.8/site-packages/airflow/example_dags/example_branch_operator.py
[2026-06-03T11:55:20.873+0000] {processor.py:840} INFO - DAG(s) 'example_branch_operator' retrieved from /home/airflow/.local/lib/python3.8/site-packages/airflow/example_dags/example_branch_operator.py
[2026-06-03T11:55:20.887+0000] {logging_mixin.py:188} INFO - [2026-06-03T11:55:20.887+0000] {dag.py:3033} INFO - Sync 1 DAGs
[2026-06-03T11:55:20.900+0000] {logging_mixin.py:188} INFO - [2026-06-03T11:55:20.900+0000] {dag.py:3820} INFO - Setting next_dagrun for example_branch_operator to 2026-06-02T00:00:00+00:00, run_after=2026-06-03T00:00:00+00:00
[2026-06-03T11:55:20.908+0000] {processor.py:183} INFO - Processing /home/airflow/.local/lib/python3.8/site-packages/airflow/example_dags/example_branch_operator.py took 0.052 seconds
[2026-06-03T11:55:50.920+0000] {processor.py:161} INFO - Started process (PID=846) to work on /home/airflow/.local/lib/python3.8/site-packages/airflow/example_dags/example_branch_operator.py
[2026-06-03T11:55:50.920+0000] {processor.py:830} INFO - Processing file /home/airflow/.local/lib/python3.8/site-packages/airflow/example_dags/example_branch_operator.py for tasks to queue
[2026-06-03T11:55:50.921+0000] {logging_mixin.py:188} INFO - [2026-06-03T11:55:50.921+0000] {dagbag.py:538} INFO - Filling up the DagBag from /home/airflow/.local/lib/python3.8/site-packages/airflow/example_dags/example_branch_operator.py
[2026-06-03T11:55:50.929+0000] {processor.py:840} INFO - DAG(s) 'example_branch_operator' retrieved from /home/airflow/.local/lib/python3.8/site-packages/airflow/example_dags/example_branch_operator.py
[2026-06-03T11:55:50.939+0000] {logging_mixin.py:188} INFO - [2026-06-03T11:55:50.939+0000] {dag.py:3033} INFO - Sync 1 DAGs
[2026-06-03T11:55:50.947+0000] {logging_mixin.py:188} INFO - [2026-06-03T11:55:50.947+0000] {dag.py:3820} INFO - Setting next_dagrun for example_branch_operator to 2026-06-02T00:00:00+00:00, run_after=2026-06-03T00:00:00+00:00
[2026-06-03T11:55:50.953+0000] {processor.py:183} INFO - Processing /home/airflow/.local/lib/python3.8/site-packages/airflow/example_dags/example_branch_operator.py took 0.035 seconds
[2026-06-03T11:56:21.969+0000] {processor.py:161} INFO - Started process (PID=901) to work on /home/airflow/.local/lib/python3.8/site-packages/airflow/example_dags/example_branch_operator.py
[2026-06-03T11:56:21.970+0000] {processor.py:830} INFO - Processing file /home/airflow/.local/lib/python3.8/site-packages/airflow/example_dags/example_branch_operator.py for tasks to queue
[2026-06-03T11:56:21.972+0000] {logging_mixin.py:188} INFO - [2026-06-03T11:56:21.972+0000] {dagbag.py:538} INFO - Filling up the DagBag from /home/airflow/.local/lib/python3.8/site-packages/airflow/example_dags/example_branch_operator.py
[2026-06-03T11:56:21.990+0000] {processor.py:840} INFO - DAG(s) 'example_branch_operator' retrieved from /home/airflow/.local/lib/python3.8/site-packages/airflow/example_dags/example_branch_operator.py
[2026-06-03T11:56:22.032+0000] {logging_mixin.py:188} INFO - [2026-06-03T11:56:22.032+0000] {dag.py:3033} INFO - Sync 1 DAGs
[2026-06-03T11:56:22.052+0000] {logging_mixin.py:188} INFO - [2026-06-03T11:56:22.052+0000] {dag.py:3820} INFO - Setting next_dagrun for example_branch_operator to 2026-06-02T00:00:00+00:00, run_after=2026-06-03T00:00:00+00:00
[2026-06-03T11:56:22.063+0000] {processor.py:183} INFO - Processing /home/airflow/.local/lib/python3.8/site-packages/airflow/example_dags/example_branch_operator.py took 0.097 seconds
[2026-06-03T11:56:52.311+0000] {processor.py:161} INFO - Started process (PID=956) to work on /home/airflow/.local/lib/python3.8/site-packages/airflow/example_dags/example_branch_operator.py
[2026-06-03T11:56:52.312+0000] {processor.py:830} INFO - Processing file /home/airflow/.local/lib/python3.8/site-packages/airflow/example_dags/example_branch_operator.py for tasks to queue
[2026-06-03T11:56:52.314+0000] {logging_mixin.py:188} INFO - [2026-06-03T11:56:52.314+0000] {dagbag.py:538} INFO - Filling up the DagBag from /home/airflow/.local/lib/python3.8/site-packages/airflow/example_dags/example_branch_operator.py
[2026-06-03T11:56:52.327+0000] {processor.py:840} INFO - DAG(s) 'example_branch_operator' retrieved from /home/airflow/.local/lib/python3.8/site-packages/airflow/example_dags/example_branch_operator.py
[2026-06-03T11:56:52.343+0000] {logging_mixin.py:188} INFO - [2026-06-03T11:56:52.343+0000] {dag.py:3033} INFO - Sync 1 DAGs
[2026-06-03T11:56:52.357+0000] {logging_mixin.py:188} INFO - [2026-06-03T11:56:52.357+0000] {dag.py:3820} INFO - Setting next_dagrun for example_branch_operator to 2026-06-02T00:00:00+00:00, run_after=2026-06-03T00:00:00+00:00
[2026-06-03T11:56:52.369+0000] {processor.py:183} INFO - Processing /home/airflow/.local/lib/python3.8/site-packages/airflow/example_dags/example_branch_operator.py took 0.061 seconds
[2026-06-03T11:57:22.491+0000] {processor.py:161} INFO - Started process (PID=1011) to work on /home/airflow/.local/lib/python3.8/site-packages/airflow/example_dags/example_branch_operator.py
[2026-06-03T11:57:22.491+0000] {processor.py:830} INFO - Processing file /home/airflow/.local/lib/python3.8/site-packages/airflow/example_dags/example_branch_operator.py for tasks to queue
[2026-06-03T11:57:22.493+0000] {logging_mixin.py:188} INFO - [2026-06-03T11:57:22.492+0000] {dagbag.py:538} INFO - Filling up the DagBag from /home/airflow/.local/lib/python3.8/site-packages/airflow/example_dags/example_branch_operator.py
[2026-06-03T11:57:22.503+0000] {processor.py:840} INFO - DAG(s) 'example_branch_operator' retrieved from /home/airflow/.local/lib/python3.8/site-packages/airflow/example_dags/example_branch_operator.py
[2026-06-03T11:57:22.516+0000] {logging_mixin.py:188} INFO - [2026-06-03T11:57:22.516+0000] {dag.py:3033} INFO - Sync 1 DAGs
[2026-06-03T11:57:22.526+0000] {logging_mixin.py:188} INFO - [2026-06-03T11:57:22.525+0000] {dag.py:3820} INFO - Setting next_dagrun for example_branch_operator to 2026-06-02T00:00:00+00:00, run_after=2026-06-03T00:00:00+00:00
[2026-06-03T11:57:22.536+0000] {processor.py:183} INFO - Processing /home/airflow/.local/lib/python3.8/site-packages/airflow/example_dags/example_branch_operator.py took 0.047 seconds
[2026-06-03T11:57:52.764+0000] {processor.py:161} INFO - Started process (PID=1066) to work on /home/airflow/.local/lib/python3.8/site-packages/airflow/example_dags/example_branch_operator.py
[2026-06-03T11:57:52.765+0000] {processor.py:830} INFO - Processing file /home/airflow/.local/lib/python3.8/site-packages/airflow/example_dags/example_branch_operator.py for tasks to queue
[2026-06-03T11:57:52.767+0000] {logging_mixin.py:188} INFO - [2026-06-03T11:57:52.767+0000] {dagbag.py:538} INFO - Filling up the DagBag from /home/airflow/.local/lib/python3.8/site-packages/airflow/example_dags/example_branch_operator.py
[2026-06-03T11:57:52.781+0000] {processor.py:840} INFO - DAG(s) 'example_branch_operator' retrieved from /home/airflow/.local/lib/python3.8/site-packages/airflow/example_dags/example_branch_operator.py
[2026-06-03T11:57:52.804+0000] {logging_mixin.py:188} INFO - [2026-06-03T11:57:52.804+0000] {dag.py:3033} INFO - Sync 1 DAGs
[2026-06-03T11:57:52.816+0000] {logging_mixin.py:188} INFO - [2026-06-03T11:57:52.816+0000] {dag.py:3820} INFO - Setting next_dagrun for example_branch_operator to 2026-06-02T00:00:00+00:00, run_after=2026-06-03T00:00:00+00:00
[2026-06-03T11:57:52.828+0000] {processor.py:183} INFO - Processing /home/airflow/.local/lib/python3.8/site-packages/airflow/example_dags/example_branch_operator.py took 0.066 seconds
[2026-06-03T11:58:23.764+0000] {processor.py:161} INFO - Started process (PID=1121) to work on /home/airflow/.local/lib/python3.8/site-packages/airflow/example_dags/example_branch_operator.py
[2026-06-03T11:58:23.765+0000] {processor.py:830} INFO - Processing file /home/airflow/.local/lib/python3.8/site-packages/airflow/example_dags/example_branch_operator.py for tasks to queue
[2026-06-03T11:58:23.766+0000] {logging_mixin.py:188} INFO - [2026-06-03T11:58:23.766+0000] {dagbag.py:538} INFO - Filling up the DagBag from /home/airflow/.local/lib/python3.8/site-packages/airflow/example_dags/example_branch_operator.py
[2026-06-03T11:58:23.777+0000] {processor.py:840} INFO - DAG(s) 'example_branch_operator' retrieved from /home/airflow/.local/lib/python3.8/site-packages/airflow/example_dags/example_branch_operator.py
[2026-06-03T11:58:23.790+0000] {logging_mixin.py:188} INFO - [2026-06-03T11:58:23.789+0000] {dag.py:3033} INFO - Sync 1 DAGs
[2026-06-03T11:58:23.799+0000] {logging_mixin.py:188} INFO - [2026-06-03T11:58:23.799+0000] {dag.py:3820} INFO - Setting next_dagrun for example_branch_operator to 2026-06-02T00:00:00+00:00, run_after=2026-06-03T00:00:00+00:00
[2026-06-03T11:58:23.814+0000] {processor.py:183} INFO - Processing /home/airflow/.local/lib/python3.8/site-packages/airflow/example_dags/example_branch_operator.py took 0.052 seconds
[2026-06-03T11:58:54.679+0000] {processor.py:161} INFO - Started process (PID=1177) to work on /home/airflow/.local/lib/python3.8/site-packages/airflow/example_dags/example_branch_operator.py
[2026-06-03T11:58:54.681+0000] {processor.py:830} INFO - Processing file /home/airflow/.local/lib/python3.8/site-packages/airflow/example_dags/example_branch_operator.py for tasks to queue
[2026-06-03T11:58:54.682+0000] {logging_mixin.py:188} INFO - [2026-06-03T11:58:54.681+0000] {dagbag.py:538} INFO - Filling up the DagBag from /home/airflow/.local/lib/python3.8/site-packages/airflow/example_dags/example_branch_operator.py
[2026-06-03T11:58:54.692+0000] {processor.py:840} INFO - DAG(s) 'example_branch_operator' retrieved from /home/airflow/.local/lib/python3.8/site-packages/airflow/example_dags/example_branch_operator.py
[2026-06-03T11:58:54.712+0000] {logging_mixin.py:188} INFO - [2026-06-03T11:58:54.712+0000] {dag.py:3033} INFO - Sync 1 DAGs
[2026-06-03T11:58:54.742+0000] {logging_mixin.py:188} INFO - [2026-06-03T11:58:54.742+0000] {dag.py:3820} INFO - Setting next_dagrun for example_branch_operator to 2026-06-02T00:00:00+00:00, run_after=2026-06-03T00:00:00+00:00
[2026-06-03T11:58:54.753+0000] {processor.py:183} INFO - Processing /home/airflow/.local/lib/python3.8/site-packages/airflow/example_dags/example_branch_operator.py took 0.075 seconds
[2026-06-03T11:59:25.041+0000] {processor.py:161} INFO - Started process (PID=1233) to work on /home/airflow/.local/lib/python3.8/site-packages/airflow/example_dags/example_branch_operator.py
[2026-06-03T11:59:25.042+0000] {processor.py:830} INFO - Processing file /home/airflow/.local/lib/python3.8/site-packages/airflow/example_dags/example_branch_operator.py for tasks to queue
[2026-06-03T11:59:25.044+0000] {logging_mixin.py:188} INFO - [2026-06-03T11:59:25.044+0000] {dagbag.py:538} INFO - Filling up the DagBag from /home/airflow/.local/lib/python3.8/site-packages/airflow/example_dags/example_branch_operator.py
[2026-06-03T11:59:25.056+0000] {processor.py:840} INFO - DAG(s) 'example_branch_operator' retrieved from /home/airflow/.local/lib/python3.8/site-packages/airflow/example_dags/example_branch_operator.py
[2026-06-03T11:59:25.071+0000] {logging_mixin.py:188} INFO - [2026-06-03T11:59:25.070+0000] {dag.py:3033} INFO - Sync 1 DAGs
[2026-06-03T11:59:25.086+0000] {logging_mixin.py:188} INFO - [2026-06-03T11:59:25.086+0000] {dag.py:3820} INFO - Setting next_dagrun for example_branch_operator to 2026-06-02T00:00:00+00:00, run_after=2026-06-03T00:00:00+00:00
[2026-06-03T11:59:25.096+0000] {processor.py:183} INFO - Processing /home/airflow/.local/lib/python3.8/site-packages/airflow/example_dags/example_branch_operator.py took 0.057 seconds
[2026-06-03T11:59:55.337+0000] {processor.py:161} INFO - Started process (PID=1289) to work on /home/airflow/.local/lib/python3.8/site-packages/airflow/example_dags/example_branch_operator.py
[2026-06-03T11:59:55.339+0000] {processor.py:830} INFO - Processing file /home/airflow/.local/lib/python3.8/site-packages/airflow/example_dags/example_branch_operator.py for tasks to queue
[2026-06-03T11:59:55.341+0000] {logging_mixin.py:188} INFO - [2026-06-03T11:59:55.341+0000] {dagbag.py:538} INFO - Filling up the DagBag from /home/airflow/.local/lib/python3.8/site-packages/airflow/example_dags/example_branch_operator.py
[2026-06-03T11:59:55.351+0000] {processor.py:840} INFO - DAG(s) 'example_branch_operator' retrieved from /home/airflow/.local/lib/python3.8/site-packages/airflow/example_dags/example_branch_operator.py
[2026-06-03T11:59:55.377+0000] {logging_mixin.py:188} INFO - [2026-06-03T11:59:55.377+0000] {dag.py:3033} INFO - Sync 1 DAGs
[2026-06-03T11:59:55.390+0000] {logging_mixin.py:188} INFO - [2026-06-03T11:59:55.390+0000] {dag.py:3820} INFO - Setting next_dagrun for example_branch_operator to 2026-06-02T00:00:00+00:00, run_after=2026-06-03T00:00:00+00:00
[2026-06-03T11:59:55.398+0000] {processor.py:183} INFO - Processing /home/airflow/.local/lib/python3.8/site-packages/airflow/example_dags/example_branch_operator.py took 0.062 seconds
[2026-06-03T12:00:25.548+0000] {processor.py:161} INFO - Started process (PID=1345) to work on /home/airflow/.local/lib/python3.8/site-packages/airflow/example_dags/example_branch_operator.py
[2026-06-03T12:00:25.548+0000] {processor.py:830} INFO - Processing file /home/airflow/.local/lib/python3.8/site-packages/airflow/example_dags/example_branch_operator.py for tasks to queue
[2026-06-03T12:00:25.551+0000] {logging_mixin.py:188} INFO - [2026-06-03T12:00:25.550+0000] {dagbag.py:538} INFO - Filling up the DagBag from /home/airflow/.local/lib/python3.8/site-packages/airflow/example_dags/example_branch_operator.py
[2026-06-03T12:00:25.563+0000] {processor.py:840} INFO - DAG(s) 'example_branch_operator' retrieved from /home/airflow/.local/lib/python3.8/site-packages/airflow/example_dags/example_branch_operator.py
[2026-06-03T12:00:25.581+0000] {logging_mixin.py:188} INFO - [2026-06-03T12:00:25.581+0000] {dag.py:3033} INFO - Sync 1 DAGs
[2026-06-03T12:00:25.591+0000] {logging_mixin.py:188} INFO - [2026-06-03T12:00:25.591+0000] {dag.py:3820} INFO - Setting next_dagrun for example_branch_operator to 2026-06-02T00:00:00+00:00, run_after=2026-06-03T00:00:00+00:00
[2026-06-03T12:00:25.599+0000] {processor.py:183} INFO - Processing /home/airflow/.local/lib/python3.8/site-packages/airflow/example_dags/example_branch_operator.py took 0.053 seconds
[2026-06-03T12:00:56.159+0000] {processor.py:161} INFO - Started process (PID=1401) to work on /home/airflow/.local/lib/python3.8/site-packages/airflow/example_dags/example_branch_operator.py
[2026-06-03T12:00:56.160+0000] {processor.py:830} INFO - Processing file /home/airflow/.local/lib/python3.8/site-packages/airflow/example_dags/example_branch_operator.py for tasks to queue
[2026-06-03T12:00:56.161+0000] {logging_mixin.py:188} INFO - [2026-06-03T12:00:56.161+0000] {dagbag.py:538} INFO - Filling up the DagBag from /home/airflow/.local/lib/python3.8/site-packages/airflow/example_dags/example_branch_operator.py
[2026-06-03T12:00:56.169+0000] {processor.py:840} INFO - DAG(s) 'example_branch_operator' retrieved from /home/airflow/.local/lib/python3.8/site-packages/airflow/example_dags/example_branch_operator.py
[2026-06-03T12:00:56.178+0000] {logging_mixin.py:188} INFO - [2026-06-03T12:00:56.178+0000] {dag.py:3033} INFO - Sync 1 DAGs
[2026-06-03T12:00:56.186+0000] {logging_mixin.py:188} INFO - [2026-06-03T12:00:56.186+0000] {dag.py:3820} INFO - Setting next_dagrun for example_branch_operator to 2026-06-02T00:00:00+00:00, run_after=2026-06-03T00:00:00+00:00
[2026-06-03T12:00:56.193+0000] {processor.py:183} INFO - Processing /home/airflow/.local/lib/python3.8/site-packages/airflow/example_dags/example_branch_operator.py took 0.035 seconds
[2026-06-03T12:01:27.200+0000] {processor.py:161} INFO - Started process (PID=1457) to work on /home/airflow/.local/lib/python3.8/site-packages/airflow/example_dags/example_branch_operator.py
[2026-06-03T12:01:27.200+0000] {processor.py:830} INFO - Processing file /home/airflow/.local/lib/python3.8/site-packages/airflow/example_dags/example_branch_operator.py for tasks to queue
[2026-06-03T12:01:27.201+0000] {logging_mixin.py:188} INFO - [2026-06-03T12:01:27.201+0000] {dagbag.py:538} INFO - Filling up the DagBag from /home/airflow/.local/lib/python3.8/site-packages/airflow/example_dags/example_branch_operator.py
[2026-06-03T12:01:27.208+0000] {processor.py:840} INFO - DAG(s) 'example_branch_operator' retrieved from /home/airflow/.local/lib/python3.8/site-packages/airflow/example_dags/example_branch_operator.py
[2026-06-03T12:01:27.218+0000] {logging_mixin.py:188} INFO - [2026-06-03T12:01:27.218+0000] {dag.py:3033} INFO - Sync 1 DAGs
[2026-06-03T12:01:27.225+0000] {logging_mixin.py:188} INFO - [2026-06-03T12:01:27.225+0000] {dag.py:3820} INFO - Setting next_dagrun for example_branch_operator to 2026-06-02T00:00:00+00:00, run_after=2026-06-03T00:00:00+00:00
[2026-06-03T12:01:27.231+0000] {processor.py:183} INFO - Processing /home/airflow/.local/lib/python3.8/site-packages/airflow/example_dags/example_branch_operator.py took 0.033 seconds
[2026-06-03T12:01:57.343+0000] {processor.py:161} INFO - Started process (PID=1513) to work on /home/airflow/.local/lib/python3.8/site-packages/airflow/example_dags/example_branch_operator.py
[2026-06-03T12:01:57.344+0000] {processor.py:830} INFO - Processing file /home/airflow/.local/lib/python3.8/site-packages/airflow/example_dags/example_branch_operator.py for tasks to queue
[2026-06-03T12:01:57.345+0000] {logging_mixin.py:188} INFO - [2026-06-03T12:01:57.345+0000] {dagbag.py:538} INFO - Filling up the DagBag from /home/airflow/.local/lib/python3.8/site-packages/airflow/example_dags/example_branch_operator.py
[2026-06-03T12:01:57.355+0000] {processor.py:840} INFO - DAG(s) 'example_branch_operator' retrieved from /home/airflow/.local/lib/python3.8/site-packages/airflow/example_dags/example_branch_operator.py
[2026-06-03T12:01:57.367+0000] {logging_mixin.py:188} INFO - [2026-06-03T12:01:57.367+0000] {dag.py:3033} INFO - Sync 1 DAGs
[2026-06-03T12:01:57.380+0000] {logging_mixin.py:188} INFO - [2026-06-03T12:01:57.380+0000] {dag.py:3820} INFO - Setting next_dagrun for example_branch_operator to 2026-06-02T00:00:00+00:00, run_after=2026-06-03T00:00:00+00:00
[2026-06-03T12:01:57.390+0000] {processor.py:183} INFO - Processing /home/airflow/.local/lib/python3.8/site-packages/airflow/example_dags/example_branch_operator.py took 0.049 seconds
[2026-06-03T12:02:28.394+0000] {processor.py:161} INFO - Started process (PID=1569) to work on /home/airflow/.local/lib/python3.8/site-packages/airflow/example_dags/example_branch_operator.py
[2026-06-03T12:02:28.396+0000] {processor.py:830} INFO - Processing file /home/airflow/.local/lib/python3.8/site-packages/airflow/example_dags/example_branch_operator.py for tasks to queue
[2026-06-03T12:02:28.397+0000] {logging_mixin.py:188} INFO - [2026-06-03T12:02:28.397+0000] {dagbag.py:538} INFO - Filling up the DagBag from /home/airflow/.local/lib/python3.8/site-packages/airflow/example_dags/example_branch_operator.py
[2026-06-03T12:02:28.409+0000] {processor.py:840} INFO - DAG(s) 'example_branch_operator' retrieved from /home/airflow/.local/lib/python3.8/site-packages/airflow/example_dags/example_branch_operator.py
[2026-06-03T12:02:28.421+0000] {logging_mixin.py:188} INFO - [2026-06-03T12:02:28.421+0000] {dag.py:3033} INFO - Sync 1 DAGs
[2026-06-03T12:02:28.433+0000] {logging_mixin.py:188} INFO - [2026-06-03T12:02:28.433+0000] {dag.py:3820} INFO - Setting next_dagrun for example_branch_operator to 2026-06-02T00:00:00+00:00, run_after=2026-06-03T00:00:00+00:00
[2026-06-03T12:02:28.441+0000] {processor.py:183} INFO - Processing /home/airflow/.local/lib/python3.8/site-packages/airflow/example_dags/example_branch_operator.py took 0.049 seconds
[2026-06-03T12:02:58.624+0000] {processor.py:161} INFO - Started process (PID=1625) to work on /home/airflow/.local/lib/python3.8/site-packages/airflow/example_dags/example_branch_operator.py
[2026-06-03T12:02:58.626+0000] {processor.py:830} INFO - Processing file /home/airflow/.local/lib/python3.8/site-packages/airflow/example_dags/example_branch_operator.py for tasks to queue
[2026-06-03T12:02:58.633+0000] {logging_mixin.py:188} INFO - [2026-06-03T12:02:58.632+0000] {dagbag.py:538} INFO - Filling up the DagBag from /home/airflow/.local/lib/python3.8/site-packages/airflow/example_dags/example_branch_operator.py
[2026-06-03T12:02:58.646+0000] {processor.py:840} INFO - DAG(s) 'example_branch_operator' retrieved from /home/airflow/.local/lib/python3.8/site-packages/airflow/example_dags/example_branch_operator.py
[2026-06-03T12:02:58.661+0000] {logging_mixin.py:188} INFO - [2026-06-03T12:02:58.661+0000] {dag.py:3033} INFO - Sync 1 DAGs
[2026-06-03T12:02:58.676+0000] {logging_mixin.py:188} INFO - [2026-06-03T12:02:58.676+0000] {dag.py:3820} INFO - Setting next_dagrun for example_branch_operator to 2026-06-02T00:00:00+00:00, run_after=2026-06-03T00:00:00+00:00
[2026-06-03T12:02:58.690+0000] {processor.py:183} INFO - Processing /home/airflow/.local/lib/python3.8/site-packages/airflow/example_dags/example_branch_operator.py took 0.067 seconds
[2026-06-03T12:03:28.917+0000] {processor.py:161} INFO - Started process (PID=1681) to work on /home/airflow/.local/lib/python3.8/site-packages/airflow/example_dags/example_branch_operator.py
[2026-06-03T12:03:28.919+0000] {processor.py:830} INFO - Processing file /home/airflow/.local/lib/python3.8/site-packages/airflow/example_dags/example_branch_operator.py for tasks to queue
[2026-06-03T12:03:28.920+0000] {logging_mixin.py:188} INFO - [2026-06-03T12:03:28.920+0000] {dagbag.py:538} INFO - Filling up the DagBag from /home/airflow/.local/lib/python3.8/site-packages/airflow/example_dags/example_branch_operator.py
[2026-06-03T12:03:28.932+0000] {processor.py:840} INFO - DAG(s) 'example_branch_operator' retrieved from /home/airflow/.local/lib/python3.8/site-packages/airflow/example_dags/example_branch_operator.py
[2026-06-03T12:03:28.959+0000] {logging_mixin.py:188} INFO - [2026-06-03T12:03:28.959+0000] {dag.py:3033} INFO - Sync 1 DAGs
[2026-06-03T12:03:28.970+0000] {logging_mixin.py:188} INFO - [2026-06-03T12:03:28.970+0000] {dag.py:3820} INFO - Setting next_dagrun for example_branch_operator to 2026-06-02T00:00:00+00:00, run_after=2026-06-03T00:00:00+00:00
[2026-06-03T12:03:28.983+0000] {processor.py:183} INFO - Processing /home/airflow/.local/lib/python3.8/site-packages/airflow/example_dags/example_branch_operator.py took 0.068 seconds
[2026-06-03T12:03:59.315+0000] {processor.py:161} INFO - Started process (PID=1737) to work on /home/airflow/.local/lib/python3.8/site-packages/airflow/example_dags/example_branch_operator.py
[2026-06-03T12:03:59.315+0000] {processor.py:830} INFO - Processing file /home/airflow/.local/lib/python3.8/site-packages/airflow/example_dags/example_branch_operator.py for tasks to queue
[2026-06-03T12:03:59.316+0000] {logging_mixin.py:188} INFO - [2026-06-03T12:03:59.316+0000] {dagbag.py:538} INFO - Filling up the DagBag from /home/airflow/.local/lib/python3.8/site-packages/airflow/example_dags/example_branch_operator.py
[2026-06-03T12:03:59.324+0000] {processor.py:840} INFO - DAG(s) 'example_branch_operator' retrieved from /home/airflow/.local/lib/python3.8/site-packages/airflow/example_dags/example_branch_operator.py
[2026-06-03T12:03:59.334+0000] {logging_mixin.py:188} INFO - [2026-06-03T12:03:59.334+0000] {dag.py:3033} INFO - Sync 1 DAGs
[2026-06-03T12:03:59.341+0000] {logging_mixin.py:188} INFO - [2026-06-03T12:03:59.341+0000] {dag.py:3820} INFO - Setting next_dagrun for example_branch_operator to 2026-06-02T00:00:00+00:00, run_after=2026-06-03T00:00:00+00:00
[2026-06-03T12:03:59.347+0000] {processor.py:183} INFO - Processing /home/airflow/.local/lib/python3.8/site-packages/airflow/example_dags/example_branch_operator.py took 0.034 seconds
[2026-06-03T12:04:29.638+0000] {processor.py:161} INFO - Started process (PID=1793) to work on /home/airflow/.local/lib/python3.8/site-packages/airflow/example_dags/example_branch_operator.py
[2026-06-03T12:04:29.639+0000] {processor.py:830} INFO - Processing file /home/airflow/.local/lib/python3.8/site-packages/airflow/example_dags/example_branch_operator.py for tasks to queue
[2026-06-03T12:04:29.641+0000] {logging_mixin.py:188} INFO - [2026-06-03T12:04:29.641+0000] {dagbag.py:538} INFO - Filling up the DagBag from /home/airflow/.local/lib/python3.8/site-packages/airflow/example_dags/example_branch_operator.py
[2026-06-03T12:04:29.654+0000] {processor.py:840} INFO - DAG(s) 'example_branch_operator' retrieved from /home/airflow/.local/lib/python3.8/site-packages/airflow/example_dags/example_branch_operator.py
[2026-06-03T12:04:29.676+0000] {logging_mixin.py:188} INFO - [2026-06-03T12:04:29.676+0000] {dag.py:3033} INFO - Sync 1 DAGs
[2026-06-03T12:04:29.689+0000] {logging_mixin.py:188} INFO - [2026-06-03T12:04:29.689+0000] {dag.py:3820} INFO - Setting next_dagrun for example_branch_operator to 2026-06-02T00:00:00+00:00, run_after=2026-06-03T00:00:00+00:00
[2026-06-03T12:04:29.819+0000] {processor.py:183} INFO - Processing /home/airflow/.local/lib/python3.8/site-packages/airflow/example_dags/example_branch_operator.py took 0.183 seconds
[2026-06-03T12:05:00.228+0000] {processor.py:161} INFO - Started process (PID=1849) to work on /home/airflow/.local/lib/python3.8/site-packages/airflow/example_dags/example_branch_operator.py
[2026-06-03T12:05:00.230+0000] {processor.py:830} INFO - Processing file /home/airflow/.local/lib/python3.8/site-packages/airflow/example_dags/example_branch_operator.py for tasks to queue
[2026-06-03T12:05:00.231+0000] {logging_mixin.py:188} INFO - [2026-06-03T12:05:00.231+0000] {dagbag.py:538} INFO - Filling up the DagBag from /home/airflow/.local/lib/python3.8/site-packages/airflow/example_dags/example_branch_operator.py
[2026-06-03T12:05:00.244+0000] {processor.py:840} INFO - DAG(s) 'example_branch_operator' retrieved from /home/airflow/.local/lib/python3.8/site-packages/airflow/example_dags/example_branch_operator.py
[2026-06-03T12:05:00.263+0000] {logging_mixin.py:188} INFO - [2026-06-03T12:05:00.263+0000] {dag.py:3033} INFO - Sync 1 DAGs
[2026-06-03T12:05:00.278+0000] {logging_mixin.py:188} INFO - [2026-06-03T12:05:00.278+0000] {dag.py:3820} INFO - Setting next_dagrun for example_branch_operator to 2026-06-02T00:00:00+00:00, run_after=2026-06-03T00:00:00+00:00
[2026-06-03T12:05:00.287+0000] {processor.py:183} INFO - Processing /home/airflow/.local/lib/python3.8/site-packages/airflow/example_dags/example_branch_operator.py took 0.061 seconds
[2026-06-03T12:05:30.868+0000] {processor.py:161} INFO - Started process (PID=1905) to work on /home/airflow/.local/lib/python3.8/site-packages/airflow/example_dags/example_branch_operator.py
[2026-06-03T12:05:30.871+0000] {processor.py:830} INFO - Processing file /home/airflow/.local/lib/python3.8/site-packages/airflow/example_dags/example_branch_operator.py for tasks to queue
[2026-06-03T12:05:30.872+0000] {logging_mixin.py:188} INFO - [2026-06-03T12:05:30.872+0000] {dagbag.py:538} INFO - Filling up the DagBag from /home/airflow/.local/lib/python3.8/site-packages/airflow/example_dags/example_branch_operator.py
[2026-06-03T12:05:30.885+0000] {processor.py:840} INFO - DAG(s) 'example_branch_operator' retrieved from /home/airflow/.local/lib/python3.8/site-packages/airflow/example_dags/example_branch_operator.py
[2026-06-03T12:05:30.902+0000] {logging_mixin.py:188} INFO - [2026-06-03T12:05:30.902+0000] {dag.py:3033} INFO - Sync 1 DAGs
[2026-06-03T12:05:30.918+0000] {logging_mixin.py:188} INFO - [2026-06-03T12:05:30.917+0000] {dag.py:3820} INFO - Setting next_dagrun for example_branch_operator to 2026-06-02T00:00:00+00:00, run_after=2026-06-03T00:00:00+00:00
[2026-06-03T12:05:30.926+0000] {processor.py:183} INFO - Processing /home/airflow/.local/lib/python3.8/site-packages/airflow/example_dags/example_branch_operator.py took 0.062 seconds
[2026-06-03T12:06:01.873+0000] {processor.py:161} INFO - Started process (PID=1961) to work on /home/airflow/.local/lib/python3.8/site-packages/airflow/example_dags/example_branch_operator.py
[2026-06-03T12:06:01.874+0000] {processor.py:830} INFO - Processing file /home/airflow/.local/lib/python3.8/site-packages/airflow/example_dags/example_branch_operator.py for tasks to queue
[2026-06-03T12:06:01.875+0000] {logging_mixin.py:188} INFO - [2026-06-03T12:06:01.875+0000] {dagbag.py:538} INFO - Filling up the DagBag from /home/airflow/.local/lib/python3.8/site-packages/airflow/example_dags/example_branch_operator.py
[2026-06-03T12:06:01.883+0000] {processor.py:840} INFO - DAG(s) 'example_branch_operator' retrieved from /home/airflow/.local/lib/python3.8/site-packages/airflow/example_dags/example_branch_operator.py
[2026-06-03T12:06:01.952+0000] {logging_mixin.py:188} INFO - [2026-06-03T12:06:01.952+0000] {dag.py:3033} INFO - Sync 1 DAGs
[2026-06-03T12:06:01.959+0000] {logging_mixin.py:188} INFO - [2026-06-03T12:06:01.959+0000] {dag.py:3820} INFO - Setting next_dagrun for example_branch_operator to 2026-06-02T00:00:00+00:00, run_after=2026-06-03T00:00:00+00:00
[2026-06-03T12:06:01.965+0000] {processor.py:183} INFO - Processing /home/airflow/.local/lib/python3.8/site-packages/airflow/example_dags/example_branch_operator.py took 0.093 seconds
[2026-06-03T12:06:32.950+0000] {processor.py:161} INFO - Started process (PID=2017) to work on /home/airflow/.local/lib/python3.8/site-packages/airflow/example_dags/example_branch_operator.py
[2026-06-03T12:06:32.950+0000] {processor.py:830} INFO - Processing file /home/airflow/.local/lib/python3.8/site-packages/airflow/example_dags/example_branch_operator.py for tasks to queue
[2026-06-03T12:06:32.951+0000] {logging_mixin.py:188} INFO - [2026-06-03T12:06:32.951+0000] {dagbag.py:538} INFO - Filling up the DagBag from /home/airflow/.local/lib/python3.8/site-packages/airflow/example_dags/example_branch_operator.py
[2026-06-03T12:06:32.959+0000] {processor.py:840} INFO - DAG(s) 'example_branch_operator' retrieved from /home/airflow/.local/lib/python3.8/site-packages/airflow/example_dags/example_branch_operator.py
[2026-06-03T12:06:32.972+0000] {logging_mixin.py:188} INFO - [2026-06-03T12:06:32.972+0000] {dag.py:3033} INFO - Sync 1 DAGs
[2026-06-03T12:06:33.055+0000] {logging_mixin.py:188} INFO - [2026-06-03T12:06:33.055+0000] {dag.py:3820} INFO - Setting next_dagrun for example_branch_operator to 2026-06-02T00:00:00+00:00, run_after=2026-06-03T00:00:00+00:00
[2026-06-03T12:06:33.063+0000] {processor.py:183} INFO - Processing /home/airflow/.local/lib/python3.8/site-packages/airflow/example_dags/example_branch_operator.py took 0.115 seconds
[2026-06-03T12:07:03.845+0000] {processor.py:161} INFO - Started process (PID=2073) to work on /home/airflow/.local/lib/python3.8/site-packages/airflow/example_dags/example_branch_operator.py
[2026-06-03T12:07:03.846+0000] {processor.py:830} INFO - Processing file /home/airflow/.local/lib/python3.8/site-packages/airflow/example_dags/example_branch_operator.py for tasks to queue
[2026-06-03T12:07:03.848+0000] {logging_mixin.py:188} INFO - [2026-06-03T12:07:03.848+0000] {dagbag.py:538} INFO - Filling up the DagBag from /home/airflow/.local/lib/python3.8/site-packages/airflow/example_dags/example_branch_operator.py
[2026-06-03T12:07:03.857+0000] {processor.py:840} INFO - DAG(s) 'example_branch_operator' retrieved from /home/airflow/.local/lib/python3.8/site-packages/airflow/example_dags/example_branch_operator.py
[2026-06-03T12:07:03.874+0000] {logging_mixin.py:188} INFO - [2026-06-03T12:07:03.874+0000] {dag.py:3033} INFO - Sync 1 DAGs
[2026-06-03T12:07:03.888+0000] {logging_mixin.py:188} INFO - [2026-06-03T12:07:03.887+0000] {dag.py:3820} INFO - Setting next_dagrun for example_branch_operator to 2026-06-02T00:00:00+00:00, run_after=2026-06-03T00:00:00+00:00
[2026-06-03T12:07:04.039+0000] {processor.py:183} INFO - Processing /home/airflow/.local/lib/python3.8/site-packages/airflow/example_dags/example_branch_operator.py took 0.195 seconds
[2026-06-03T12:07:34.110+0000] {processor.py:161} INFO - Started process (PID=2131) to work on /home/airflow/.local/lib/python3.8/site-packages/airflow/example_dags/example_branch_operator.py
[2026-06-03T12:07:34.110+0000] {processor.py:830} INFO - Processing file /home/airflow/.local/lib/python3.8/site-packages/airflow/example_dags/example_branch_operator.py for tasks to queue
[2026-06-03T12:07:34.111+0000] {logging_mixin.py:188} INFO - [2026-06-03T12:07:34.111+0000] {dagbag.py:538} INFO - Filling up the DagBag from /home/airflow/.local/lib/python3.8/site-packages/airflow/example_dags/example_branch_operator.py
[2026-06-03T12:07:34.123+0000] {processor.py:840} INFO - DAG(s) 'example_branch_operator' retrieved from /home/airflow/.local/lib/python3.8/site-packages/airflow/example_dags/example_branch_operator.py
[2026-06-03T12:07:34.142+0000] {logging_mixin.py:188} INFO - [2026-06-03T12:07:34.141+0000] {dag.py:3033} INFO - Sync 1 DAGs
[2026-06-03T12:07:34.153+0000] {logging_mixin.py:188} INFO - [2026-06-03T12:07:34.152+0000] {dag.py:3820} INFO - Setting next_dagrun for example_branch_operator to 2026-06-02T00:00:00+00:00, run_after=2026-06-03T00:00:00+00:00
[2026-06-03T12:07:34.161+0000] {processor.py:183} INFO - Processing /home/airflow/.local/lib/python3.8/site-packages/airflow/example_dags/example_branch_operator.py took 0.053 seconds
[2026-06-03T12:08:04.671+0000] {processor.py:161} INFO - Started process (PID=2187) to work on /home/airflow/.local/lib/python3.8/site-packages/airflow/example_dags/example_branch_operator.py
[2026-06-03T12:08:04.672+0000] {processor.py:830} INFO - Processing file /home/airflow/.local/lib/python3.8/site-packages/airflow/example_dags/example_branch_operator.py for tasks to queue
[2026-06-03T12:08:04.673+0000] {logging_mixin.py:188} INFO - [2026-06-03T12:08:04.673+0000] {dagbag.py:538} INFO - Filling up the DagBag from /home/airflow/.local/lib/python3.8/site-packages/airflow/example_dags/example_branch_operator.py
[2026-06-03T12:08:04.771+0000] {processor.py:840} INFO - DAG(s) 'example_branch_operator' retrieved from /home/airflow/.local/lib/python3.8/site-packages/airflow/example_dags/example_branch_operator.py
[2026-06-03T12:08:04.789+0000] {logging_mixin.py:188} INFO - [2026-06-03T12:08:04.789+0000] {dag.py:3033} INFO - Sync 1 DAGs
[2026-06-03T12:08:04.803+0000] {logging_mixin.py:188} INFO - [2026-06-03T12:08:04.803+0000] {dag.py:3820} INFO - Setting next_dagrun for example_branch_operator to 2026-06-02T00:00:00+00:00, run_after=2026-06-03T00:00:00+00:00
[2026-06-03T12:08:04.811+0000] {processor.py:183} INFO - Processing /home/airflow/.local/lib/python3.8/site-packages/airflow/example_dags/example_branch_operator.py took 0.142 seconds
[2026-06-03T12:08:35.379+0000] {processor.py:161} INFO - Started process (PID=2241) to work on /home/airflow/.local/lib/python3.8/site-packages/airflow/example_dags/example_branch_operator.py
[2026-06-03T12:08:35.382+0000] {processor.py:830} INFO - Processing file /home/airflow/.local/lib/python3.8/site-packages/airflow/example_dags/example_branch_operator.py for tasks to queue
[2026-06-03T12:08:35.383+0000] {logging_mixin.py:188} INFO - [2026-06-03T12:08:35.383+0000] {dagbag.py:538} INFO - Filling up the DagBag from /home/airflow/.local/lib/python3.8/site-packages/airflow/example_dags/example_branch_operator.py
[2026-06-03T12:08:35.392+0000] {processor.py:840} INFO - DAG(s) 'example_branch_operator' retrieved from /home/airflow/.local/lib/python3.8/site-packages/airflow/example_dags/example_branch_operator.py
[2026-06-03T12:08:35.407+0000] {logging_mixin.py:188} INFO - [2026-06-03T12:08:35.407+0000] {dag.py:3033} INFO - Sync 1 DAGs
[2026-06-03T12:08:35.416+0000] {logging_mixin.py:188} INFO - [2026-06-03T12:08:35.416+0000] {dag.py:3820} INFO - Setting next_dagrun for example_branch_operator to 2026-06-02T00:00:00+00:00, run_after=2026-06-03T00:00:00+00:00
[2026-06-03T12:08:35.424+0000] {processor.py:183} INFO - Processing /home/airflow/.local/lib/python3.8/site-packages/airflow/example_dags/example_branch_operator.py took 0.046 seconds
[2026-06-03T12:09:05.623+0000] {processor.py:161} INFO - Started process (PID=2297) to work on /home/airflow/.local/lib/python3.8/site-packages/airflow/example_dags/example_branch_operator.py
[2026-06-03T12:09:05.624+0000] {processor.py:830} INFO - Processing file /home/airflow/.local/lib/python3.8/site-packages/airflow/example_dags/example_branch_operator.py for tasks to queue
[2026-06-03T12:09:05.625+0000] {logging_mixin.py:188} INFO - [2026-06-03T12:09:05.625+0000] {dagbag.py:538} INFO - Filling up the DagBag from /home/airflow/.local/lib/python3.8/site-packages/airflow/example_dags/example_branch_operator.py
[2026-06-03T12:09:05.634+0000] {processor.py:840} INFO - DAG(s) 'example_branch_operator' retrieved from /home/airflow/.local/lib/python3.8/site-packages/airflow/example_dags/example_branch_operator.py
[2026-06-03T12:09:05.653+0000] {logging_mixin.py:188} INFO - [2026-06-03T12:09:05.653+0000] {dag.py:3033} INFO - Sync 1 DAGs
[2026-06-03T12:09:05.665+0000] {logging_mixin.py:188} INFO - [2026-06-03T12:09:05.665+0000] {dag.py:3820} INFO - Setting next_dagrun for example_branch_operator to 2026-06-02T00:00:00+00:00, run_after=2026-06-03T00:00:00+00:00
[2026-06-03T12:09:05.674+0000] {processor.py:183} INFO - Processing /home/airflow/.local/lib/python3.8/site-packages/airflow/example_dags/example_branch_operator.py took 0.053 seconds
[2026-06-03T12:09:35.794+0000] {processor.py:161} INFO - Started process (PID=2353) to work on /home/airflow/.local/lib/python3.8/site-packages/airflow/example_dags/example_branch_operator.py
[2026-06-03T12:09:35.795+0000] {processor.py:830} INFO - Processing file /home/airflow/.local/lib/python3.8/site-packages/airflow/example_dags/example_branch_operator.py for tasks to queue
[2026-06-03T12:09:35.797+0000] {logging_mixin.py:188} INFO - [2026-06-03T12:09:35.797+0000] {dagbag.py:538} INFO - Filling up the DagBag from /home/airflow/.local/lib/python3.8/site-packages/airflow/example_dags/example_branch_operator.py
[2026-06-03T12:09:35.807+0000] {processor.py:840} INFO - DAG(s) 'example_branch_operator' retrieved from /home/airflow/.local/lib/python3.8/site-packages/airflow/example_dags/example_branch_operator.py
[2026-06-03T12:09:35.827+0000] {logging_mixin.py:188} INFO - [2026-06-03T12:09:35.827+0000] {dag.py:3033} INFO - Sync 1 DAGs
[2026-06-03T12:09:35.837+0000] {logging_mixin.py:188} INFO - [2026-06-03T12:09:35.837+0000] {dag.py:3820} INFO - Setting next_dagrun for example_branch_operator to 2026-06-02T00:00:00+00:00, run_after=2026-06-03T00:00:00+00:00
[2026-06-03T12:09:35.846+0000] {processor.py:183} INFO - Processing /home/airflow/.local/lib/python3.8/site-packages/airflow/example_dags/example_branch_operator.py took 0.054 seconds
[2026-06-03T12:10:06.892+0000] {processor.py:161} INFO - Started process (PID=2409) to work on /home/airflow/.local/lib/python3.8/site-packages/airflow/example_dags/example_branch_operator.py
[2026-06-03T12:10:06.893+0000] {processor.py:830} INFO - Processing file /home/airflow/.local/lib/python3.8/site-packages/airflow/example_dags/example_branch_operator.py for tasks to queue
[2026-06-03T12:10:06.896+0000] {logging_mixin.py:188} INFO - [2026-06-03T12:10:06.896+0000] {dagbag.py:538} INFO - Filling up the DagBag from /home/airflow/.local/lib/python3.8/site-packages/airflow/example_dags/example_branch_operator.py
[2026-06-03T12:10:06.910+0000] {processor.py:840} INFO - DAG(s) 'example_branch_operator' retrieved from /home/airflow/.local/lib/python3.8/site-packages/airflow/example_dags/example_branch_operator.py
[2026-06-03T12:10:06.929+0000] {logging_mixin.py:188} INFO - [2026-06-03T12:10:06.929+0000] {dag.py:3033} INFO - Sync 1 DAGs
[2026-06-03T12:10:06.943+0000] {logging_mixin.py:188} INFO - [2026-06-03T12:10:06.943+0000] {dag.py:3820} INFO - Setting next_dagrun for example_branch_operator to 2026-06-02T00:00:00+00:00, run_after=2026-06-03T00:00:00+00:00
[2026-06-03T12:10:06.951+0000] {processor.py:183} INFO - Processing /home/airflow/.local/lib/python3.8/site-packages/airflow/example_dags/example_branch_operator.py took 0.060 seconds
[2026-06-03T12:10:37.061+0000] {processor.py:161} INFO - Started process (PID=2465) to work on /home/airflow/.local/lib/python3.8/site-packages/airflow/example_dags/example_branch_operator.py
[2026-06-03T12:10:37.064+0000] {processor.py:830} INFO - Processing file /home/airflow/.local/lib/python3.8/site-packages/airflow/example_dags/example_branch_operator.py for tasks to queue
[2026-06-03T12:10:37.065+0000] {logging_mixin.py:188} INFO - [2026-06-03T12:10:37.065+0000] {dagbag.py:538} INFO - Filling up the DagBag from /home/airflow/.local/lib/python3.8/site-packages/airflow/example_dags/example_branch_operator.py
[2026-06-03T12:10:37.078+0000] {processor.py:840} INFO - DAG(s) 'example_branch_operator' retrieved from /home/airflow/.local/lib/python3.8/site-packages/airflow/example_dags/example_branch_operator.py
[2026-06-03T12:10:37.096+0000] {logging_mixin.py:188} INFO - [2026-06-03T12:10:37.096+0000] {dag.py:3033} INFO - Sync 1 DAGs
[2026-06-03T12:10:37.105+0000] {logging_mixin.py:188} INFO - [2026-06-03T12:10:37.105+0000] {dag.py:3820} INFO - Setting next_dagrun for example_branch_operator to 2026-06-02T00:00:00+00:00, run_after=2026-06-03T00:00:00+00:00
[2026-06-03T12:10:37.114+0000] {processor.py:183} INFO - Processing /home/airflow/.local/lib/python3.8/site-packages/airflow/example_dags/example_branch_operator.py took 0.054 seconds
[2026-06-03T12:11:07.259+0000] {processor.py:161} INFO - Started process (PID=2521) to work on /home/airflow/.local/lib/python3.8/site-packages/airflow/example_dags/example_branch_operator.py
[2026-06-03T12:11:07.259+0000] {processor.py:830} INFO - Processing file /home/airflow/.local/lib/python3.8/site-packages/airflow/example_dags/example_branch_operator.py for tasks to queue
[2026-06-03T12:11:07.260+0000] {logging_mixin.py:188} INFO - [2026-06-03T12:11:07.260+0000] {dagbag.py:538} INFO - Filling up the DagBag from /home/airflow/.local/lib/python3.8/site-packages/airflow/example_dags/example_branch_operator.py
[2026-06-03T12:11:07.271+0000] {processor.py:840} INFO - DAG(s) 'example_branch_operator' retrieved from /home/airflow/.local/lib/python3.8/site-packages/airflow/example_dags/example_branch_operator.py
[2026-06-03T12:11:07.286+0000] {logging_mixin.py:188} INFO - [2026-06-03T12:11:07.286+0000] {dag.py:3033} INFO - Sync 1 DAGs
[2026-06-03T12:11:07.298+0000] {logging_mixin.py:188} INFO - [2026-06-03T12:11:07.298+0000] {dag.py:3820} INFO - Setting next_dagrun for example_branch_operator to 2026-06-02T00:00:00+00:00, run_after=2026-06-03T00:00:00+00:00
[2026-06-03T12:11:07.308+0000] {processor.py:183} INFO - Processing /home/airflow/.local/lib/python3.8/site-packages/airflow/example_dags/example_branch_operator.py took 0.050 seconds
[2026-06-03T12:11:38.296+0000] {processor.py:161} INFO - Started process (PID=2577) to work on /home/airflow/.local/lib/python3.8/site-packages/airflow/example_dags/example_branch_operator.py
[2026-06-03T12:11:38.296+0000] {processor.py:830} INFO - Processing file /home/airflow/.local/lib/python3.8/site-packages/airflow/example_dags/example_branch_operator.py for tasks to queue
[2026-06-03T12:11:38.297+0000] {logging_mixin.py:188} INFO - [2026-06-03T12:11:38.297+0000] {dagbag.py:538} INFO - Filling up the DagBag from /home/airflow/.local/lib/python3.8/site-packages/airflow/example_dags/example_branch_operator.py
[2026-06-03T12:11:38.306+0000] {processor.py:840} INFO - DAG(s) 'example_branch_operator' retrieved from /home/airflow/.local/lib/python3.8/site-packages/airflow/example_dags/example_branch_operator.py
[2026-06-03T12:11:38.317+0000] {logging_mixin.py:188} INFO - [2026-06-03T12:11:38.316+0000] {dag.py:3033} INFO - Sync 1 DAGs
[2026-06-03T12:11:38.325+0000] {logging_mixin.py:188} INFO - [2026-06-03T12:11:38.325+0000] {dag.py:3820} INFO - Setting next_dagrun for example_branch_operator to 2026-06-02T00:00:00+00:00, run_after=2026-06-03T00:00:00+00:00
[2026-06-03T12:11:38.331+0000] {processor.py:183} INFO - Processing /home/airflow/.local/lib/python3.8/site-packages/airflow/example_dags/example_branch_operator.py took 0.036 seconds
[2026-06-03T12:12:09.247+0000] {processor.py:161} INFO - Started process (PID=2633) to work on /home/airflow/.local/lib/python3.8/site-packages/airflow/example_dags/example_branch_operator.py
[2026-06-03T12:12:09.248+0000] {processor.py:830} INFO - Processing file /home/airflow/.local/lib/python3.8/site-packages/airflow/example_dags/example_branch_operator.py for tasks to queue
[2026-06-03T12:12:09.250+0000] {logging_mixin.py:188} INFO - [2026-06-03T12:12:09.250+0000] {dagbag.py:538} INFO - Filling up the DagBag from /home/airflow/.local/lib/python3.8/site-packages/airflow/example_dags/example_branch_operator.py
[2026-06-03T12:12:09.261+0000] {processor.py:840} INFO - DAG(s) 'example_branch_operator' retrieved from /home/airflow/.local/lib/python3.8/site-packages/airflow/example_dags/example_branch_operator.py
[2026-06-03T12:12:09.278+0000] {logging_mixin.py:188} INFO - [2026-06-03T12:12:09.278+0000] {dag.py:3033} INFO - Sync 1 DAGs
[2026-06-03T12:12:09.288+0000] {logging_mixin.py:188} INFO - [2026-06-03T12:12:09.288+0000] {dag.py:3820} INFO - Setting next_dagrun for example_branch_operator to 2026-06-02T00:00:00+00:00, run_after=2026-06-03T00:00:00+00:00
[2026-06-03T12:12:09.294+0000] {processor.py:183} INFO - Processing /home/airflow/.local/lib/python3.8/site-packages/airflow/example_dags/example_branch_operator.py took 0.048 seconds
[2026-06-03T12:12:40.323+0000] {processor.py:161} INFO - Started process (PID=2689) to work on /home/airflow/.local/lib/python3.8/site-packages/airflow/example_dags/example_branch_operator.py
[2026-06-03T12:12:40.323+0000] {processor.py:830} INFO - Processing file /home/airflow/.local/lib/python3.8/site-packages/airflow/example_dags/example_branch_operator.py for tasks to queue
[2026-06-03T12:12:40.324+0000] {logging_mixin.py:188} INFO - [2026-06-03T12:12:40.324+0000] {dagbag.py:538} INFO - Filling up the DagBag from /home/airflow/.local/lib/python3.8/site-packages/airflow/example_dags/example_branch_operator.py
[2026-06-03T12:12:40.332+0000] {processor.py:840} INFO - DAG(s) 'example_branch_operator' retrieved from /home/airflow/.local/lib/python3.8/site-packages/airflow/example_dags/example_branch_operator.py
[2026-06-03T12:12:40.344+0000] {logging_mixin.py:188} INFO - [2026-06-03T12:12:40.344+0000] {dag.py:3033} INFO - Sync 1 DAGs
[2026-06-03T12:12:40.352+0000] {logging_mixin.py:188} INFO - [2026-06-03T12:12:40.352+0000] {dag.py:3820} INFO - Setting next_dagrun for example_branch_operator to 2026-06-02T00:00:00+00:00, run_after=2026-06-03T00:00:00+00:00
[2026-06-03T12:12:40.359+0000] {processor.py:183} INFO - Processing /home/airflow/.local/lib/python3.8/site-packages/airflow/example_dags/example_branch_operator.py took 0.038 seconds
[2026-06-03T12:13:11.102+0000] {processor.py:161} INFO - Started process (PID=2744) to work on /home/airflow/.local/lib/python3.8/site-packages/airflow/example_dags/example_branch_operator.py
[2026-06-03T12:13:11.103+0000] {processor.py:830} INFO - Processing file /home/airflow/.local/lib/python3.8/site-packages/airflow/example_dags/example_branch_operator.py for tasks to queue
[2026-06-03T12:13:11.106+0000] {logging_mixin.py:188} INFO - [2026-06-03T12:13:11.106+0000] {dagbag.py:538} INFO - Filling up the DagBag from /home/airflow/.local/lib/python3.8/site-packages/airflow/example_dags/example_branch_operator.py
[2026-06-03T12:13:11.121+0000] {processor.py:840} INFO - DAG(s) 'example_branch_operator' retrieved from /home/airflow/.local/lib/python3.8/site-packages/airflow/example_dags/example_branch_operator.py
[2026-06-03T12:13:11.143+0000] {logging_mixin.py:188} INFO - [2026-06-03T12:13:11.142+0000] {dag.py:3033} INFO - Sync 1 DAGs
[2026-06-03T12:13:11.155+0000] {logging_mixin.py:188} INFO - [2026-06-03T12:13:11.155+0000] {dag.py:3820} INFO - Setting next_dagrun for example_branch_operator to 2026-06-02T00:00:00+00:00, run_after=2026-06-03T00:00:00+00:00
[2026-06-03T12:13:11.174+0000] {processor.py:183} INFO - Processing /home/airflow/.local/lib/python3.8/site-packages/airflow/example_dags/example_branch_operator.py took 0.076 seconds
[2026-06-03T12:13:41.863+0000] {processor.py:161} INFO - Started process (PID=2800) to work on /home/airflow/.local/lib/python3.8/site-packages/airflow/example_dags/example_branch_operator.py
[2026-06-03T12:13:41.864+0000] {processor.py:830} INFO - Processing file /home/airflow/.local/lib/python3.8/site-packages/airflow/example_dags/example_branch_operator.py for tasks to queue
[2026-06-03T12:13:41.865+0000] {logging_mixin.py:188} INFO - [2026-06-03T12:13:41.865+0000] {dagbag.py:538} INFO - Filling up the DagBag from /home/airflow/.local/lib/python3.8/site-packages/airflow/example_dags/example_branch_operator.py
[2026-06-03T12:13:41.887+0000] {processor.py:840} INFO - DAG(s) 'example_branch_operator' retrieved from /home/airflow/.local/lib/python3.8/site-packages/airflow/example_dags/example_branch_operator.py
[2026-06-03T12:13:41.907+0000] {logging_mixin.py:188} INFO - [2026-06-03T12:13:41.907+0000] {dag.py:3033} INFO - Sync 1 DAGs
[2026-06-03T12:13:41.920+0000] {logging_mixin.py:188} INFO - [2026-06-03T12:13:41.920+0000] {dag.py:3820} INFO - Setting next_dagrun for example_branch_operator to 2026-06-02T00:00:00+00:00, run_after=2026-06-03T00:00:00+00:00
[2026-06-03T12:13:41.931+0000] {processor.py:183} INFO - Processing /home/airflow/.local/lib/python3.8/site-packages/airflow/example_dags/example_branch_operator.py took 0.071 seconds
[2026-06-03T12:14:12.274+0000] {processor.py:161} INFO - Started process (PID=2856) to work on /home/airflow/.local/lib/python3.8/site-packages/airflow/example_dags/example_branch_operator.py
[2026-06-03T12:14:12.275+0000] {processor.py:830} INFO - Processing file /home/airflow/.local/lib/python3.8/site-packages/airflow/example_dags/example_branch_operator.py for tasks to queue
[2026-06-03T12:14:12.276+0000] {logging_mixin.py:188} INFO - [2026-06-03T12:14:12.276+0000] {dagbag.py:538} INFO - Filling up the DagBag from /home/airflow/.local/lib/python3.8/site-packages/airflow/example_dags/example_branch_operator.py
[2026-06-03T12:14:12.288+0000] {processor.py:840} INFO - DAG(s) 'example_branch_operator' retrieved from /home/airflow/.local/lib/python3.8/site-packages/airflow/example_dags/example_branch_operator.py
[2026-06-03T12:14:12.310+0000] {logging_mixin.py:188} INFO - [2026-06-03T12:14:12.309+0000] {dag.py:3033} INFO - Sync 1 DAGs
[2026-06-03T12:14:12.324+0000] {logging_mixin.py:188} INFO - [2026-06-03T12:14:12.324+0000] {dag.py:3820} INFO - Setting next_dagrun for example_branch_operator to 2026-06-02T00:00:00+00:00, run_after=2026-06-03T00:00:00+00:00
[2026-06-03T12:14:12.335+0000] {processor.py:183} INFO - Processing /home/airflow/.local/lib/python3.8/site-packages/airflow/example_dags/example_branch_operator.py took 0.062 seconds
[2026-06-03T12:14:42.566+0000] {processor.py:161} INFO - Started process (PID=2912) to work on /home/airflow/.local/lib/python3.8/site-packages/airflow/example_dags/example_branch_operator.py
[2026-06-03T12:14:42.566+0000] {processor.py:830} INFO - Processing file /home/airflow/.local/lib/python3.8/site-packages/airflow/example_dags/example_branch_operator.py for tasks to queue
[2026-06-03T12:14:42.568+0000] {logging_mixin.py:188} INFO - [2026-06-03T12:14:42.568+0000] {dagbag.py:538} INFO - Filling up the DagBag from /home/airflow/.local/lib/python3.8/site-packages/airflow/example_dags/example_branch_operator.py
[2026-06-03T12:14:42.581+0000] {processor.py:840} INFO - DAG(s) 'example_branch_operator' retrieved from /home/airflow/.local/lib/python3.8/site-packages/airflow/example_dags/example_branch_operator.py
[2026-06-03T12:14:42.604+0000] {logging_mixin.py:188} INFO - [2026-06-03T12:14:42.603+0000] {dag.py:3033} INFO - Sync 1 DAGs
[2026-06-03T12:14:42.616+0000] {logging_mixin.py:188} INFO - [2026-06-03T12:14:42.616+0000] {dag.py:3820} INFO - Setting next_dagrun for example_branch_operator to 2026-06-02T00:00:00+00:00, run_after=2026-06-03T00:00:00+00:00
[2026-06-03T12:14:42.633+0000] {processor.py:183} INFO - Processing /home/airflow/.local/lib/python3.8/site-packages/airflow/example_dags/example_branch_operator.py took 0.069 seconds
[2026-06-03T12:15:13.072+0000] {processor.py:161} INFO - Started process (PID=2968) to work on /home/airflow/.local/lib/python3.8/site-packages/airflow/example_dags/example_branch_operator.py
[2026-06-03T12:15:13.072+0000] {processor.py:830} INFO - Processing file /home/airflow/.local/lib/python3.8/site-packages/airflow/example_dags/example_branch_operator.py for tasks to queue
[2026-06-03T12:15:13.074+0000] {logging_mixin.py:188} INFO - [2026-06-03T12:15:13.074+0000] {dagbag.py:538} INFO - Filling up the DagBag from /home/airflow/.local/lib/python3.8/site-packages/airflow/example_dags/example_branch_operator.py
[2026-06-03T12:15:13.086+0000] {processor.py:840} INFO - DAG(s) 'example_branch_operator' retrieved from /home/airflow/.local/lib/python3.8/site-packages/airflow/example_dags/example_branch_operator.py
[2026-06-03T12:15:13.106+0000] {logging_mixin.py:188} INFO - [2026-06-03T12:15:13.105+0000] {dag.py:3033} INFO - Sync 1 DAGs
[2026-06-03T12:15:13.117+0000] {logging_mixin.py:188} INFO - [2026-06-03T12:15:13.117+0000] {dag.py:3820} INFO - Setting next_dagrun for example_branch_operator to 2026-06-02T00:00:00+00:00, run_after=2026-06-03T00:00:00+00:00
[2026-06-03T12:15:13.127+0000] {processor.py:183} INFO - Processing /home/airflow/.local/lib/python3.8/site-packages/airflow/example_dags/example_branch_operator.py took 0.057 seconds
[2026-06-03T12:15:43.516+0000] {processor.py:161} INFO - Started process (PID=3024) to work on /home/airflow/.local/lib/python3.8/site-packages/airflow/example_dags/example_branch_operator.py
[2026-06-03T12:15:43.518+0000] {processor.py:830} INFO - Processing file /home/airflow/.local/lib/python3.8/site-packages/airflow/example_dags/example_branch_operator.py for tasks to queue
[2026-06-03T12:15:43.520+0000] {logging_mixin.py:188} INFO - [2026-06-03T12:15:43.520+0000] {dagbag.py:538} INFO - Filling up the DagBag from /home/airflow/.local/lib/python3.8/site-packages/airflow/example_dags/example_branch_operator.py
[2026-06-03T12:15:43.535+0000] {processor.py:840} INFO - DAG(s) 'example_branch_operator' retrieved from /home/airflow/.local/lib/python3.8/site-packages/airflow/example_dags/example_branch_operator.py
[2026-06-03T12:15:43.549+0000] {logging_mixin.py:188} INFO - [2026-06-03T12:15:43.549+0000] {dag.py:3033} INFO - Sync 1 DAGs
[2026-06-03T12:15:43.564+0000] {logging_mixin.py:188} INFO - [2026-06-03T12:15:43.564+0000] {dag.py:3820} INFO - Setting next_dagrun for example_branch_operator to 2026-06-02T00:00:00+00:00, run_after=2026-06-03T00:00:00+00:00
[2026-06-03T12:15:43.571+0000] {processor.py:183} INFO - Processing /home/airflow/.local/lib/python3.8/site-packages/airflow/example_dags/example_branch_operator.py took 0.058 seconds
[2026-06-03T12:16:14.296+0000] {processor.py:161} INFO - Started process (PID=3080) to work on /home/airflow/.local/lib/python3.8/site-packages/airflow/example_dags/example_branch_operator.py
[2026-06-03T12:16:14.297+0000] {processor.py:830} INFO - Processing file /home/airflow/.local/lib/python3.8/site-packages/airflow/example_dags/example_branch_operator.py for tasks to queue
[2026-06-03T12:16:14.299+0000] {logging_mixin.py:188} INFO - [2026-06-03T12:16:14.299+0000] {dagbag.py:538} INFO - Filling up the DagBag from /home/airflow/.local/lib/python3.8/site-packages/airflow/example_dags/example_branch_operator.py
[2026-06-03T12:16:14.311+0000] {processor.py:840} INFO - DAG(s) 'example_branch_operator' retrieved from /home/airflow/.local/lib/python3.8/site-packages/airflow/example_dags/example_branch_operator.py
[2026-06-03T12:16:14.324+0000] {logging_mixin.py:188} INFO - [2026-06-03T12:16:14.324+0000] {dag.py:3033} INFO - Sync 1 DAGs
[2026-06-03T12:16:14.335+0000] {logging_mixin.py:188} INFO - [2026-06-03T12:16:14.334+0000] {dag.py:3820} INFO - Setting next_dagrun for example_branch_operator to 2026-06-02T00:00:00+00:00, run_after=2026-06-03T00:00:00+00:00
[2026-06-03T12:16:14.351+0000] {processor.py:183} INFO - Processing /home/airflow/.local/lib/python3.8/site-packages/airflow/example_dags/example_branch_operator.py took 0.057 seconds
[2026-06-03T12:16:44.722+0000] {processor.py:161} INFO - Started process (PID=3136) to work on /home/airflow/.local/lib/python3.8/site-packages/airflow/example_dags/example_branch_operator.py
[2026-06-03T12:16:44.723+0000] {processor.py:830} INFO - Processing file /home/airflow/.local/lib/python3.8/site-packages/airflow/example_dags/example_branch_operator.py for tasks to queue
[2026-06-03T12:16:44.725+0000] {logging_mixin.py:188} INFO - [2026-06-03T12:16:44.725+0000] {dagbag.py:538} INFO - Filling up the DagBag from /home/airflow/.local/lib/python3.8/site-packages/airflow/example_dags/example_branch_operator.py
[2026-06-03T12:16:44.735+0000] {processor.py:840} INFO - DAG(s) 'example_branch_operator' retrieved from /home/airflow/.local/lib/python3.8/site-packages/airflow/example_dags/example_branch_operator.py
[2026-06-03T12:16:44.753+0000] {logging_mixin.py:188} INFO - [2026-06-03T12:16:44.753+0000] {dag.py:3033} INFO - Sync 1 DAGs
[2026-06-03T12:16:44.764+0000] {logging_mixin.py:188} INFO - [2026-06-03T12:16:44.764+0000] {dag.py:3820} INFO - Setting next_dagrun for example_branch_operator to 2026-06-02T00:00:00+00:00, run_after=2026-06-03T00:00:00+00:00
[2026-06-03T12:16:44.773+0000] {processor.py:183} INFO - Processing /home/airflow/.local/lib/python3.8/site-packages/airflow/example_dags/example_branch_operator.py took 0.053 seconds
[2026-06-03T12:17:16.293+0000] {processor.py:161} INFO - Started process (PID=3192) to work on /home/airflow/.local/lib/python3.8/site-packages/airflow/example_dags/example_branch_operator.py
[2026-06-03T12:17:16.294+0000] {processor.py:830} INFO - Processing file /home/airflow/.local/lib/python3.8/site-packages/airflow/example_dags/example_branch_operator.py for tasks to queue
[2026-06-03T12:17:16.297+0000] {logging_mixin.py:188} INFO - [2026-06-03T12:17:16.297+0000] {dagbag.py:538} INFO - Filling up the DagBag from /home/airflow/.local/lib/python3.8/site-packages/airflow/example_dags/example_branch_operator.py
[2026-06-03T12:17:16.326+0000] {processor.py:840} INFO - DAG(s) 'example_branch_operator' retrieved from /home/airflow/.local/lib/python3.8/site-packages/airflow/example_dags/example_branch_operator.py
[2026-06-03T12:17:16.356+0000] {logging_mixin.py:188} INFO - [2026-06-03T12:17:16.356+0000] {dag.py:3033} INFO - Sync 1 DAGs
[2026-06-03T12:17:16.388+0000] {logging_mixin.py:188} INFO - [2026-06-03T12:17:16.387+0000] {dag.py:3820} INFO - Setting next_dagrun for example_branch_operator to 2026-06-02T00:00:00+00:00, run_after=2026-06-03T00:00:00+00:00
[2026-06-03T12:17:16.401+0000] {processor.py:183} INFO - Processing /home/airflow/.local/lib/python3.8/site-packages/airflow/example_dags/example_branch_operator.py took 0.111 seconds
[2026-06-03T12:17:47.338+0000] {processor.py:161} INFO - Started process (PID=3247) to work on /home/airflow/.local/lib/python3.8/site-packages/airflow/example_dags/example_branch_operator.py
[2026-06-03T12:17:47.340+0000] {processor.py:830} INFO - Processing file /home/airflow/.local/lib/python3.8/site-packages/airflow/example_dags/example_branch_operator.py for tasks to queue
[2026-06-03T12:17:47.343+0000] {logging_mixin.py:188} INFO - [2026-06-03T12:17:47.343+0000] {dagbag.py:538} INFO - Filling up the DagBag from /home/airflow/.local/lib/python3.8/site-packages/airflow/example_dags/example_branch_operator.py
[2026-06-03T12:17:47.356+0000] {processor.py:840} INFO - DAG(s) 'example_branch_operator' retrieved from /home/airflow/.local/lib/python3.8/site-packages/airflow/example_dags/example_branch_operator.py
[2026-06-03T12:17:47.377+0000] {logging_mixin.py:188} INFO - [2026-06-03T12:17:47.377+0000] {dag.py:3033} INFO - Sync 1 DAGs
[2026-06-03T12:17:47.391+0000] {logging_mixin.py:188} INFO - [2026-06-03T12:17:47.391+0000] {dag.py:3820} INFO - Setting next_dagrun for example_branch_operator to 2026-06-02T00:00:00+00:00, run_after=2026-06-03T00:00:00+00:00
[2026-06-03T12:17:47.402+0000] {processor.py:183} INFO - Processing /home/airflow/.local/lib/python3.8/site-packages/airflow/example_dags/example_branch_operator.py took 0.066 seconds
[2026-06-03T12:18:17.874+0000] {processor.py:161} INFO - Started process (PID=3309) to work on /home/airflow/.local/lib/python3.8/site-packages/airflow/example_dags/example_branch_operator.py
[2026-06-03T12:18:17.875+0000] {processor.py:830} INFO - Processing file /home/airflow/.local/lib/python3.8/site-packages/airflow/example_dags/example_branch_operator.py for tasks to queue
[2026-06-03T12:18:17.876+0000] {logging_mixin.py:188} INFO - [2026-06-03T12:18:17.876+0000] {dagbag.py:538} INFO - Filling up the DagBag from /home/airflow/.local/lib/python3.8/site-packages/airflow/example_dags/example_branch_operator.py
[2026-06-03T12:18:17.886+0000] {processor.py:840} INFO - DAG(s) 'example_branch_operator' retrieved from /home/airflow/.local/lib/python3.8/site-packages/airflow/example_dags/example_branch_operator.py
[2026-06-03T12:18:17.906+0000] {logging_mixin.py:188} INFO - [2026-06-03T12:18:17.906+0000] {dag.py:3033} INFO - Sync 1 DAGs
[2026-06-03T12:18:17.919+0000] {logging_mixin.py:188} INFO - [2026-06-03T12:18:17.919+0000] {dag.py:3820} INFO - Setting next_dagrun for example_branch_operator to 2026-06-02T00:00:00+00:00, run_after=2026-06-03T00:00:00+00:00
[2026-06-03T12:18:17.927+0000] {processor.py:183} INFO - Processing /home/airflow/.local/lib/python3.8/site-packages/airflow/example_dags/example_branch_operator.py took 0.054 seconds
[2026-06-03T12:18:49.128+0000] {processor.py:161} INFO - Started process (PID=3365) to work on /home/airflow/.local/lib/python3.8/site-packages/airflow/example_dags/example_branch_operator.py
[2026-06-03T12:18:49.128+0000] {processor.py:830} INFO - Processing file /home/airflow/.local/lib/python3.8/site-packages/airflow/example_dags/example_branch_operator.py for tasks to queue
[2026-06-03T12:18:49.129+0000] {logging_mixin.py:188} INFO - [2026-06-03T12:18:49.129+0000] {dagbag.py:538} INFO - Filling up the DagBag from /home/airflow/.local/lib/python3.8/site-packages/airflow/example_dags/example_branch_operator.py
[2026-06-03T12:18:49.140+0000] {processor.py:840} INFO - DAG(s) 'example_branch_operator' retrieved from /home/airflow/.local/lib/python3.8/site-packages/airflow/example_dags/example_branch_operator.py
[2026-06-03T12:18:49.152+0000] {logging_mixin.py:188} INFO - [2026-06-03T12:18:49.152+0000] {dag.py:3033} INFO - Sync 1 DAGs
[2026-06-03T12:18:49.164+0000] {logging_mixin.py:188} INFO - [2026-06-03T12:18:49.163+0000] {dag.py:3820} INFO - Setting next_dagrun for example_branch_operator to 2026-06-02T00:00:00+00:00, run_after=2026-06-03T00:00:00+00:00
[2026-06-03T12:18:49.173+0000] {processor.py:183} INFO - Processing /home/airflow/.local/lib/python3.8/site-packages/airflow/example_dags/example_branch_operator.py took 0.047 seconds
[2026-06-03T12:19:20.108+0000] {processor.py:161} INFO - Started process (PID=3421) to work on /home/airflow/.local/lib/python3.8/site-packages/airflow/example_dags/example_branch_operator.py
[2026-06-03T12:19:20.109+0000] {processor.py:830} INFO - Processing file /home/airflow/.local/lib/python3.8/site-packages/airflow/example_dags/example_branch_operator.py for tasks to queue
[2026-06-03T12:19:20.111+0000] {logging_mixin.py:188} INFO - [2026-06-03T12:19:20.110+0000] {dagbag.py:538} INFO - Filling up the DagBag from /home/airflow/.local/lib/python3.8/site-packages/airflow/example_dags/example_branch_operator.py
[2026-06-03T12:19:20.125+0000] {processor.py:840} INFO - DAG(s) 'example_branch_operator' retrieved from /home/airflow/.local/lib/python3.8/site-packages/airflow/example_dags/example_branch_operator.py
[2026-06-03T12:19:20.142+0000] {logging_mixin.py:188} INFO - [2026-06-03T12:19:20.142+0000] {dag.py:3033} INFO - Sync 1 DAGs
[2026-06-03T12:19:20.154+0000] {logging_mixin.py:188} INFO - [2026-06-03T12:19:20.154+0000] {dag.py:3820} INFO - Setting next_dagrun for example_branch_operator to 2026-06-02T00:00:00+00:00, run_after=2026-06-03T00:00:00+00:00
[2026-06-03T12:19:20.163+0000] {processor.py:183} INFO - Processing /home/airflow/.local/lib/python3.8/site-packages/airflow/example_dags/example_branch_operator.py took 0.056 seconds
[2026-06-03T12:19:51.049+0000] {processor.py:161} INFO - Started process (PID=3478) to work on /home/airflow/.local/lib/python3.8/site-packages/airflow/example_dags/example_branch_operator.py
[2026-06-03T12:19:51.051+0000] {processor.py:830} INFO - Processing file /home/airflow/.local/lib/python3.8/site-packages/airflow/example_dags/example_branch_operator.py for tasks to queue
[2026-06-03T12:19:51.053+0000] {logging_mixin.py:188} INFO - [2026-06-03T12:19:51.053+0000] {dagbag.py:538} INFO - Filling up the DagBag from /home/airflow/.local/lib/python3.8/site-packages/airflow/example_dags/example_branch_operator.py
[2026-06-03T12:19:51.080+0000] {processor.py:840} INFO - DAG(s) 'example_branch_operator' retrieved from /home/airflow/.local/lib/python3.8/site-packages/airflow/example_dags/example_branch_operator.py
[2026-06-03T12:19:51.103+0000] {logging_mixin.py:188} INFO - [2026-06-03T12:19:51.103+0000] {dag.py:3033} INFO - Sync 1 DAGs
[2026-06-03T12:19:51.129+0000] {logging_mixin.py:188} INFO - [2026-06-03T12:19:51.129+0000] {dag.py:3820} INFO - Setting next_dagrun for example_branch_operator to 2026-06-02T00:00:00+00:00, run_after=2026-06-03T00:00:00+00:00
[2026-06-03T12:19:51.145+0000] {processor.py:183} INFO - Processing /home/airflow/.local/lib/python3.8/site-packages/airflow/example_dags/example_branch_operator.py took 0.098 seconds
[2026-06-03T12:20:21.230+0000] {processor.py:161} INFO - Started process (PID=3534) to work on /home/airflow/.local/lib/python3.8/site-packages/airflow/example_dags/example_branch_operator.py
[2026-06-03T12:20:21.231+0000] {processor.py:830} INFO - Processing file /home/airflow/.local/lib/python3.8/site-packages/airflow/example_dags/example_branch_operator.py for tasks to queue
[2026-06-03T12:20:21.233+0000] {logging_mixin.py:188} INFO - [2026-06-03T12:20:21.233+0000] {dagbag.py:538} INFO - Filling up the DagBag from /home/airflow/.local/lib/python3.8/site-packages/airflow/example_dags/example_branch_operator.py
[2026-06-03T12:20:21.245+0000] {processor.py:840} INFO - DAG(s) 'example_branch_operator' retrieved from /home/airflow/.local/lib/python3.8/site-packages/airflow/example_dags/example_branch_operator.py
[2026-06-03T12:20:21.261+0000] {logging_mixin.py:188} INFO - [2026-06-03T12:20:21.261+0000] {dag.py:3033} INFO - Sync 1 DAGs
[2026-06-03T12:20:21.273+0000] {logging_mixin.py:188} INFO - [2026-06-03T12:20:21.273+0000] {dag.py:3820} INFO - Setting next_dagrun for example_branch_operator to 2026-06-02T00:00:00+00:00, run_after=2026-06-03T00:00:00+00:00
[2026-06-03T12:20:21.281+0000] {processor.py:183} INFO - Processing /home/airflow/.local/lib/python3.8/site-packages/airflow/example_dags/example_branch_operator.py took 0.054 seconds
[2026-06-03T12:20:52.222+0000] {processor.py:161} INFO - Started process (PID=3591) to work on /home/airflow/.local/lib/python3.8/site-packages/airflow/example_dags/example_branch_operator.py
[2026-06-03T12:20:52.224+0000] {processor.py:830} INFO - Processing file /home/airflow/.local/lib/python3.8/site-packages/airflow/example_dags/example_branch_operator.py for tasks to queue
[2026-06-03T12:20:52.225+0000] {logging_mixin.py:188} INFO - [2026-06-03T12:20:52.225+0000] {dagbag.py:538} INFO - Filling up the DagBag from /home/airflow/.local/lib/python3.8/site-packages/airflow/example_dags/example_branch_operator.py
[2026-06-03T12:20:52.235+0000] {processor.py:840} INFO - DAG(s) 'example_branch_operator' retrieved from /home/airflow/.local/lib/python3.8/site-packages/airflow/example_dags/example_branch_operator.py
[2026-06-03T12:20:52.248+0000] {logging_mixin.py:188} INFO - [2026-06-03T12:20:52.248+0000] {dag.py:3033} INFO - Sync 1 DAGs
[2026-06-03T12:20:52.258+0000] {logging_mixin.py:188} INFO - [2026-06-03T12:20:52.257+0000] {dag.py:3820} INFO - Setting next_dagrun for example_branch_operator to 2026-06-02T00:00:00+00:00, run_after=2026-06-03T00:00:00+00:00
[2026-06-03T12:20:52.267+0000] {processor.py:183} INFO - Processing /home/airflow/.local/lib/python3.8/site-packages/airflow/example_dags/example_branch_operator.py took 0.047 seconds
[2026-06-03T12:21:22.665+0000] {processor.py:161} INFO - Started process (PID=3647) to work on /home/airflow/.local/lib/python3.8/site-packages/airflow/example_dags/example_branch_operator.py
[2026-06-03T12:21:22.666+0000] {processor.py:830} INFO - Processing file /home/airflow/.local/lib/python3.8/site-packages/airflow/example_dags/example_branch_operator.py for tasks to queue
[2026-06-03T12:21:22.668+0000] {logging_mixin.py:188} INFO - [2026-06-03T12:21:22.668+0000] {dagbag.py:538} INFO - Filling up the DagBag from /home/airflow/.local/lib/python3.8/site-packages/airflow/example_dags/example_branch_operator.py
[2026-06-03T12:21:22.679+0000] {processor.py:840} INFO - DAG(s) 'example_branch_operator' retrieved from /home/airflow/.local/lib/python3.8/site-packages/airflow/example_dags/example_branch_operator.py
[2026-06-03T12:21:22.697+0000] {logging_mixin.py:188} INFO - [2026-06-03T12:21:22.697+0000] {dag.py:3033} INFO - Sync 1 DAGs
[2026-06-03T12:21:22.707+0000] {logging_mixin.py:188} INFO - [2026-06-03T12:21:22.707+0000] {dag.py:3820} INFO - Setting next_dagrun for example_branch_operator to 2026-06-02T00:00:00+00:00, run_after=2026-06-03T00:00:00+00:00
[2026-06-03T12:21:22.720+0000] {processor.py:183} INFO - Processing /home/airflow/.local/lib/python3.8/site-packages/airflow/example_dags/example_branch_operator.py took 0.056 seconds
[2026-06-03T12:21:53.336+0000] {processor.py:161} INFO - Started process (PID=3703) to work on /home/airflow/.local/lib/python3.8/site-packages/airflow/example_dags/example_branch_operator.py
[2026-06-03T12:21:53.337+0000] {processor.py:830} INFO - Processing file /home/airflow/.local/lib/python3.8/site-packages/airflow/example_dags/example_branch_operator.py for tasks to queue
[2026-06-03T12:21:53.339+0000] {logging_mixin.py:188} INFO - [2026-06-03T12:21:53.339+0000] {dagbag.py:538} INFO - Filling up the DagBag from /home/airflow/.local/lib/python3.8/site-packages/airflow/example_dags/example_branch_operator.py
[2026-06-03T12:21:53.352+0000] {processor.py:840} INFO - DAG(s) 'example_branch_operator' retrieved from /home/airflow/.local/lib/python3.8/site-packages/airflow/example_dags/example_branch_operator.py
[2026-06-03T12:21:53.404+0000] {logging_mixin.py:188} INFO - [2026-06-03T12:21:53.404+0000] {dag.py:3033} INFO - Sync 1 DAGs
[2026-06-03T12:21:53.422+0000] {logging_mixin.py:188} INFO - [2026-06-03T12:21:53.422+0000] {dag.py:3820} INFO - Setting next_dagrun for example_branch_operator to 2026-06-02T00:00:00+00:00, run_after=2026-06-03T00:00:00+00:00
[2026-06-03T12:21:53.434+0000] {processor.py:183} INFO - Processing /home/airflow/.local/lib/python3.8/site-packages/airflow/example_dags/example_branch_operator.py took 0.100 seconds
[2026-06-03T12:22:24.197+0000] {processor.py:161} INFO - Started process (PID=3759) to work on /home/airflow/.local/lib/python3.8/site-packages/airflow/example_dags/example_branch_operator.py
[2026-06-03T12:22:24.198+0000] {processor.py:830} INFO - Processing file /home/airflow/.local/lib/python3.8/site-packages/airflow/example_dags/example_branch_operator.py for tasks to queue
[2026-06-03T12:22:24.199+0000] {logging_mixin.py:188} INFO - [2026-06-03T12:22:24.199+0000] {dagbag.py:538} INFO - Filling up the DagBag from /home/airflow/.local/lib/python3.8/site-packages/airflow/example_dags/example_branch_operator.py
[2026-06-03T12:22:24.211+0000] {processor.py:840} INFO - DAG(s) 'example_branch_operator' retrieved from /home/airflow/.local/lib/python3.8/site-packages/airflow/example_dags/example_branch_operator.py
[2026-06-03T12:22:24.229+0000] {logging_mixin.py:188} INFO - [2026-06-03T12:22:24.229+0000] {dag.py:3033} INFO - Sync 1 DAGs
[2026-06-03T12:22:24.240+0000] {logging_mixin.py:188} INFO - [2026-06-03T12:22:24.240+0000] {dag.py:3820} INFO - Setting next_dagrun for example_branch_operator to 2026-06-02T00:00:00+00:00, run_after=2026-06-03T00:00:00+00:00
[2026-06-03T12:22:24.250+0000] {processor.py:183} INFO - Processing /home/airflow/.local/lib/python3.8/site-packages/airflow/example_dags/example_branch_operator.py took 0.055 seconds
[2026-06-03T12:22:55.113+0000] {processor.py:161} INFO - Started process (PID=3815) to work on /home/airflow/.local/lib/python3.8/site-packages/airflow/example_dags/example_branch_operator.py
[2026-06-03T12:22:55.114+0000] {processor.py:830} INFO - Processing file /home/airflow/.local/lib/python3.8/site-packages/airflow/example_dags/example_branch_operator.py for tasks to queue
[2026-06-03T12:22:55.115+0000] {logging_mixin.py:188} INFO - [2026-06-03T12:22:55.115+0000] {dagbag.py:538} INFO - Filling up the DagBag from /home/airflow/.local/lib/python3.8/site-packages/airflow/example_dags/example_branch_operator.py
[2026-06-03T12:22:55.126+0000] {processor.py:840} INFO - DAG(s) 'example_branch_operator' retrieved from /home/airflow/.local/lib/python3.8/site-packages/airflow/example_dags/example_branch_operator.py
[2026-06-03T12:22:55.142+0000] {logging_mixin.py:188} INFO - [2026-06-03T12:22:55.142+0000] {dag.py:3033} INFO - Sync 1 DAGs
[2026-06-03T12:22:55.154+0000] {logging_mixin.py:188} INFO - [2026-06-03T12:22:55.154+0000] {dag.py:3820} INFO - Setting next_dagrun for example_branch_operator to 2026-06-02T00:00:00+00:00, run_after=2026-06-03T00:00:00+00:00
[2026-06-03T12:22:55.161+0000] {processor.py:183} INFO - Processing /home/airflow/.local/lib/python3.8/site-packages/airflow/example_dags/example_branch_operator.py took 0.049 seconds
[2026-06-03T12:23:25.508+0000] {processor.py:161} INFO - Started process (PID=3871) to work on /home/airflow/.local/lib/python3.8/site-packages/airflow/example_dags/example_branch_operator.py
[2026-06-03T12:23:25.509+0000] {processor.py:830} INFO - Processing file /home/airflow/.local/lib/python3.8/site-packages/airflow/example_dags/example_branch_operator.py for tasks to queue
[2026-06-03T12:23:25.511+0000] {logging_mixin.py:188} INFO - [2026-06-03T12:23:25.511+0000] {dagbag.py:538} INFO - Filling up the DagBag from /home/airflow/.local/lib/python3.8/site-packages/airflow/example_dags/example_branch_operator.py
[2026-06-03T12:23:25.523+0000] {processor.py:840} INFO - DAG(s) 'example_branch_operator' retrieved from /home/airflow/.local/lib/python3.8/site-packages/airflow/example_dags/example_branch_operator.py
[2026-06-03T12:23:25.546+0000] {logging_mixin.py:188} INFO - [2026-06-03T12:23:25.545+0000] {dag.py:3033} INFO - Sync 1 DAGs
[2026-06-03T12:23:25.557+0000] {logging_mixin.py:188} INFO - [2026-06-03T12:23:25.557+0000] {dag.py:3820} INFO - Setting next_dagrun for example_branch_operator to 2026-06-02T00:00:00+00:00, run_after=2026-06-03T00:00:00+00:00
[2026-06-03T12:23:25.565+0000] {processor.py:183} INFO - Processing /home/airflow/.local/lib/python3.8/site-packages/airflow/example_dags/example_branch_operator.py took 0.060 seconds
[2026-06-03T12:23:55.904+0000] {processor.py:161} INFO - Started process (PID=3927) to work on /home/airflow/.local/lib/python3.8/site-packages/airflow/example_dags/example_branch_operator.py
[2026-06-03T12:23:55.904+0000] {processor.py:830} INFO - Processing file /home/airflow/.local/lib/python3.8/site-packages/airflow/example_dags/example_branch_operator.py for tasks to queue
[2026-06-03T12:23:55.906+0000] {logging_mixin.py:188} INFO - [2026-06-03T12:23:55.906+0000] {dagbag.py:538} INFO - Filling up the DagBag from /home/airflow/.local/lib/python3.8/site-packages/airflow/example_dags/example_branch_operator.py
[2026-06-03T12:23:55.919+0000] {processor.py:840} INFO - DAG(s) 'example_branch_operator' retrieved from /home/airflow/.local/lib/python3.8/site-packages/airflow/example_dags/example_branch_operator.py
[2026-06-03T12:23:55.958+0000] {logging_mixin.py:188} INFO - [2026-06-03T12:23:55.958+0000] {dag.py:3033} INFO - Sync 1 DAGs
[2026-06-03T12:23:55.977+0000] {logging_mixin.py:188} INFO - [2026-06-03T12:23:55.977+0000] {dag.py:3820} INFO - Setting next_dagrun for example_branch_operator to 2026-06-02T00:00:00+00:00, run_after=2026-06-03T00:00:00+00:00
[2026-06-03T12:23:56.002+0000] {processor.py:183} INFO - Processing /home/airflow/.local/lib/python3.8/site-packages/airflow/example_dags/example_branch_operator.py took 0.102 seconds
[2026-06-03T12:24:26.858+0000] {processor.py:161} INFO - Started process (PID=3983) to work on /home/airflow/.local/lib/python3.8/site-packages/airflow/example_dags/example_branch_operator.py
[2026-06-03T12:24:26.860+0000] {processor.py:830} INFO - Processing file /home/airflow/.local/lib/python3.8/site-packages/airflow/example_dags/example_branch_operator.py for tasks to queue
[2026-06-03T12:24:26.861+0000] {logging_mixin.py:188} INFO - [2026-06-03T12:24:26.861+0000] {dagbag.py:538} INFO - Filling up the DagBag from /home/airflow/.local/lib/python3.8/site-packages/airflow/example_dags/example_branch_operator.py
[2026-06-03T12:24:26.872+0000] {processor.py:840} INFO - DAG(s) 'example_branch_operator' retrieved from /home/airflow/.local/lib/python3.8/site-packages/airflow/example_dags/example_branch_operator.py
[2026-06-03T12:24:26.885+0000] {logging_mixin.py:188} INFO - [2026-06-03T12:24:26.885+0000] {dag.py:3033} INFO - Sync 1 DAGs
[2026-06-03T12:24:26.898+0000] {logging_mixin.py:188} INFO - [2026-06-03T12:24:26.898+0000] {dag.py:3820} INFO - Setting next_dagrun for example_branch_operator to 2026-06-02T00:00:00+00:00, run_after=2026-06-03T00:00:00+00:00
[2026-06-03T12:24:26.910+0000] {processor.py:183} INFO - Processing /home/airflow/.local/lib/python3.8/site-packages/airflow/example_dags/example_branch_operator.py took 0.053 seconds
[2026-06-03T12:24:57.345+0000] {processor.py:161} INFO - Started process (PID=4039) to work on /home/airflow/.local/lib/python3.8/site-packages/airflow/example_dags/example_branch_operator.py
[2026-06-03T12:24:57.346+0000] {processor.py:830} INFO - Processing file /home/airflow/.local/lib/python3.8/site-packages/airflow/example_dags/example_branch_operator.py for tasks to queue
[2026-06-03T12:24:57.347+0000] {logging_mixin.py:188} INFO - [2026-06-03T12:24:57.346+0000] {dagbag.py:538} INFO - Filling up the DagBag from /home/airflow/.local/lib/python3.8/site-packages/airflow/example_dags/example_branch_operator.py
[2026-06-03T12:24:57.357+0000] {processor.py:840} INFO - DAG(s) 'example_branch_operator' retrieved from /home/airflow/.local/lib/python3.8/site-packages/airflow/example_dags/example_branch_operator.py
[2026-06-03T12:24:57.369+0000] {logging_mixin.py:188} INFO - [2026-06-03T12:24:57.369+0000] {dag.py:3033} INFO - Sync 1 DAGs
[2026-06-03T12:24:57.377+0000] {logging_mixin.py:188} INFO - [2026-06-03T12:24:57.377+0000] {dag.py:3820} INFO - Setting next_dagrun for example_branch_operator to 2026-06-02T00:00:00+00:00, run_after=2026-06-03T00:00:00+00:00
[2026-06-03T12:24:57.383+0000] {processor.py:183} INFO - Processing /home/airflow/.local/lib/python3.8/site-packages/airflow/example_dags/example_branch_operator.py took 0.040 seconds
[2026-06-03T12:25:27.809+0000] {processor.py:161} INFO - Started process (PID=4095) to work on /home/airflow/.local/lib/python3.8/site-packages/airflow/example_dags/example_branch_operator.py
[2026-06-03T12:25:27.810+0000] {processor.py:830} INFO - Processing file /home/airflow/.local/lib/python3.8/site-packages/airflow/example_dags/example_branch_operator.py for tasks to queue
[2026-06-03T12:25:27.811+0000] {logging_mixin.py:188} INFO - [2026-06-03T12:25:27.811+0000] {dagbag.py:538} INFO - Filling up the DagBag from /home/airflow/.local/lib/python3.8/site-packages/airflow/example_dags/example_branch_operator.py
[2026-06-03T12:25:27.823+0000] {processor.py:840} INFO - DAG(s) 'example_branch_operator' retrieved from /home/airflow/.local/lib/python3.8/site-packages/airflow/example_dags/example_branch_operator.py
[2026-06-03T12:25:27.839+0000] {logging_mixin.py:188} INFO - [2026-06-03T12:25:27.838+0000] {dag.py:3033} INFO - Sync 1 DAGs
[2026-06-03T12:25:27.849+0000] {logging_mixin.py:188} INFO - [2026-06-03T12:25:27.849+0000] {dag.py:3820} INFO - Setting next_dagrun for example_branch_operator to 2026-06-02T00:00:00+00:00, run_after=2026-06-03T00:00:00+00:00
[2026-06-03T12:25:27.856+0000] {processor.py:183} INFO - Processing /home/airflow/.local/lib/python3.8/site-packages/airflow/example_dags/example_branch_operator.py took 0.050 seconds
[2026-06-03T12:25:58.003+0000] {processor.py:161} INFO - Started process (PID=4151) to work on /home/airflow/.local/lib/python3.8/site-packages/airflow/example_dags/example_branch_operator.py
[2026-06-03T12:25:58.004+0000] {processor.py:830} INFO - Processing file /home/airflow/.local/lib/python3.8/site-packages/airflow/example_dags/example_branch_operator.py for tasks to queue
[2026-06-03T12:25:58.006+0000] {logging_mixin.py:188} INFO - [2026-06-03T12:25:58.006+0000] {dagbag.py:538} INFO - Filling up the DagBag from /home/airflow/.local/lib/python3.8/site-packages/airflow/example_dags/example_branch_operator.py
[2026-06-03T12:25:58.017+0000] {processor.py:840} INFO - DAG(s) 'example_branch_operator' retrieved from /home/airflow/.local/lib/python3.8/site-packages/airflow/example_dags/example_branch_operator.py
[2026-06-03T12:25:58.035+0000] {logging_mixin.py:188} INFO - [2026-06-03T12:25:58.035+0000] {dag.py:3033} INFO - Sync 1 DAGs
[2026-06-03T12:25:58.048+0000] {logging_mixin.py:188} INFO - [2026-06-03T12:25:58.048+0000] {dag.py:3820} INFO - Setting next_dagrun for example_branch_operator to 2026-06-02T00:00:00+00:00, run_after=2026-06-03T00:00:00+00:00
[2026-06-03T12:25:58.056+0000] {processor.py:183} INFO - Processing /home/airflow/.local/lib/python3.8/site-packages/airflow/example_dags/example_branch_operator.py took 0.055 seconds
[2026-06-03T12:26:28.245+0000] {processor.py:161} INFO - Started process (PID=4207) to work on /home/airflow/.local/lib/python3.8/site-packages/airflow/example_dags/example_branch_operator.py
[2026-06-03T12:26:28.245+0000] {processor.py:830} INFO - Processing file /home/airflow/.local/lib/python3.8/site-packages/airflow/example_dags/example_branch_operator.py for tasks to queue
[2026-06-03T12:26:28.246+0000] {logging_mixin.py:188} INFO - [2026-06-03T12:26:28.246+0000] {dagbag.py:538} INFO - Filling up the DagBag from /home/airflow/.local/lib/python3.8/site-packages/airflow/example_dags/example_branch_operator.py
[2026-06-03T12:26:28.255+0000] {processor.py:840} INFO - DAG(s) 'example_branch_operator' retrieved from /home/airflow/.local/lib/python3.8/site-packages/airflow/example_dags/example_branch_operator.py
[2026-06-03T12:26:28.267+0000] {logging_mixin.py:188} INFO - [2026-06-03T12:26:28.267+0000] {dag.py:3033} INFO - Sync 1 DAGs
[2026-06-03T12:26:28.278+0000] {logging_mixin.py:188} INFO - [2026-06-03T12:26:28.278+0000] {dag.py:3820} INFO - Setting next_dagrun for example_branch_operator to 2026-06-02T00:00:00+00:00, run_after=2026-06-03T00:00:00+00:00
[2026-06-03T12:26:28.288+0000] {processor.py:183} INFO - Processing /home/airflow/.local/lib/python3.8/site-packages/airflow/example_dags/example_branch_operator.py took 0.045 seconds
[2026-06-03T12:26:58.498+0000] {processor.py:161} INFO - Started process (PID=4263) to work on /home/airflow/.local/lib/python3.8/site-packages/airflow/example_dags/example_branch_operator.py
[2026-06-03T12:26:58.499+0000] {processor.py:830} INFO - Processing file /home/airflow/.local/lib/python3.8/site-packages/airflow/example_dags/example_branch_operator.py for tasks to queue
[2026-06-03T12:26:58.499+0000] {logging_mixin.py:188} INFO - [2026-06-03T12:26:58.499+0000] {dagbag.py:538} INFO - Filling up the DagBag from /home/airflow/.local/lib/python3.8/site-packages/airflow/example_dags/example_branch_operator.py
[2026-06-03T12:26:58.507+0000] {processor.py:840} INFO - DAG(s) 'example_branch_operator' retrieved from /home/airflow/.local/lib/python3.8/site-packages/airflow/example_dags/example_branch_operator.py
[2026-06-03T12:26:58.517+0000] {logging_mixin.py:188} INFO - [2026-06-03T12:26:58.517+0000] {dag.py:3033} INFO - Sync 1 DAGs
[2026-06-03T12:26:58.525+0000] {logging_mixin.py:188} INFO - [2026-06-03T12:26:58.525+0000] {dag.py:3820} INFO - Setting next_dagrun for example_branch_operator to 2026-06-02T00:00:00+00:00, run_after=2026-06-03T00:00:00+00:00
[2026-06-03T12:26:58.531+0000] {processor.py:183} INFO - Processing /home/airflow/.local/lib/python3.8/site-packages/airflow/example_dags/example_branch_operator.py took 0.034 seconds
[2026-06-03T12:27:28.696+0000] {processor.py:161} INFO - Started process (PID=4319) to work on /home/airflow/.local/lib/python3.8/site-packages/airflow/example_dags/example_branch_operator.py
[2026-06-03T12:27:28.697+0000] {processor.py:830} INFO - Processing file /home/airflow/.local/lib/python3.8/site-packages/airflow/example_dags/example_branch_operator.py for tasks to queue
[2026-06-03T12:27:28.699+0000] {logging_mixin.py:188} INFO - [2026-06-03T12:27:28.699+0000] {dagbag.py:538} INFO - Filling up the DagBag from /home/airflow/.local/lib/python3.8/site-packages/airflow/example_dags/example_branch_operator.py
[2026-06-03T12:27:28.709+0000] {processor.py:840} INFO - DAG(s) 'example_branch_operator' retrieved from /home/airflow/.local/lib/python3.8/site-packages/airflow/example_dags/example_branch_operator.py
[2026-06-03T12:27:28.722+0000] {logging_mixin.py:188} INFO - [2026-06-03T12:27:28.722+0000] {dag.py:3033} INFO - Sync 1 DAGs
[2026-06-03T12:27:28.734+0000] {logging_mixin.py:188} INFO - [2026-06-03T12:27:28.734+0000] {dag.py:3820} INFO - Setting next_dagrun for example_branch_operator to 2026-06-02T00:00:00+00:00, run_after=2026-06-03T00:00:00+00:00
[2026-06-03T12:27:28.743+0000] {processor.py:183} INFO - Processing /home/airflow/.local/lib/python3.8/site-packages/airflow/example_dags/example_branch_operator.py took 0.049 seconds
[2026-06-03T12:27:58.910+0000] {processor.py:161} INFO - Started process (PID=4375) to work on /home/airflow/.local/lib/python3.8/site-packages/airflow/example_dags/example_branch_operator.py
[2026-06-03T12:27:58.911+0000] {processor.py:830} INFO - Processing file /home/airflow/.local/lib/python3.8/site-packages/airflow/example_dags/example_branch_operator.py for tasks to queue
[2026-06-03T12:27:58.913+0000] {logging_mixin.py:188} INFO - [2026-06-03T12:27:58.913+0000] {dagbag.py:538} INFO - Filling up the DagBag from /home/airflow/.local/lib/python3.8/site-packages/airflow/example_dags/example_branch_operator.py
[2026-06-03T12:27:58.929+0000] {processor.py:840} INFO - DAG(s) 'example_branch_operator' retrieved from /home/airflow/.local/lib/python3.8/site-packages/airflow/example_dags/example_branch_operator.py
[2026-06-03T12:27:58.947+0000] {logging_mixin.py:188} INFO - [2026-06-03T12:27:58.947+0000] {dag.py:3033} INFO - Sync 1 DAGs
[2026-06-03T12:27:58.956+0000] {logging_mixin.py:188} INFO - [2026-06-03T12:27:58.955+0000] {dag.py:3820} INFO - Setting next_dagrun for example_branch_operator to 2026-06-02T00:00:00+00:00, run_after=2026-06-03T00:00:00+00:00
[2026-06-03T12:27:58.965+0000] {processor.py:183} INFO - Processing /home/airflow/.local/lib/python3.8/site-packages/airflow/example_dags/example_branch_operator.py took 0.057 seconds
[2026-06-03T12:28:29.358+0000] {processor.py:161} INFO - Started process (PID=4431) to work on /home/airflow/.local/lib/python3.8/site-packages/airflow/example_dags/example_branch_operator.py
[2026-06-03T12:28:29.359+0000] {processor.py:830} INFO - Processing file /home/airflow/.local/lib/python3.8/site-packages/airflow/example_dags/example_branch_operator.py for tasks to queue
[2026-06-03T12:28:29.360+0000] {logging_mixin.py:188} INFO - [2026-06-03T12:28:29.360+0000] {dagbag.py:538} INFO - Filling up the DagBag from /home/airflow/.local/lib/python3.8/site-packages/airflow/example_dags/example_branch_operator.py
[2026-06-03T12:28:29.371+0000] {processor.py:840} INFO - DAG(s) 'example_branch_operator' retrieved from /home/airflow/.local/lib/python3.8/site-packages/airflow/example_dags/example_branch_operator.py
[2026-06-03T12:28:29.387+0000] {logging_mixin.py:188} INFO - [2026-06-03T12:28:29.387+0000] {dag.py:3033} INFO - Sync 1 DAGs
[2026-06-03T12:28:29.399+0000] {logging_mixin.py:188} INFO - [2026-06-03T12:28:29.399+0000] {dag.py:3820} INFO - Setting next_dagrun for example_branch_operator to 2026-06-02T00:00:00+00:00, run_after=2026-06-03T00:00:00+00:00
[2026-06-03T12:28:29.407+0000] {processor.py:183} INFO - Processing /home/airflow/.local/lib/python3.8/site-packages/airflow/example_dags/example_branch_operator.py took 0.051 seconds
[2026-06-03T12:28:59.651+0000] {processor.py:161} INFO - Started process (PID=4487) to work on /home/airflow/.local/lib/python3.8/site-packages/airflow/example_dags/example_branch_operator.py
[2026-06-03T12:28:59.654+0000] {processor.py:830} INFO - Processing file /home/airflow/.local/lib/python3.8/site-packages/airflow/example_dags/example_branch_operator.py for tasks to queue
[2026-06-03T12:28:59.656+0000] {logging_mixin.py:188} INFO - [2026-06-03T12:28:59.655+0000] {dagbag.py:538} INFO - Filling up the DagBag from /home/airflow/.local/lib/python3.8/site-packages/airflow/example_dags/example_branch_operator.py
[2026-06-03T12:28:59.668+0000] {processor.py:840} INFO - DAG(s) 'example_branch_operator' retrieved from /home/airflow/.local/lib/python3.8/site-packages/airflow/example_dags/example_branch_operator.py
[2026-06-03T12:28:59.684+0000] {logging_mixin.py:188} INFO - [2026-06-03T12:28:59.684+0000] {dag.py:3033} INFO - Sync 1 DAGs
[2026-06-03T12:28:59.698+0000] {logging_mixin.py:188} INFO - [2026-06-03T12:28:59.698+0000] {dag.py:3820} INFO - Setting next_dagrun for example_branch_operator to 2026-06-02T00:00:00+00:00, run_after=2026-06-03T00:00:00+00:00
[2026-06-03T12:28:59.706+0000] {processor.py:183} INFO - Processing /home/airflow/.local/lib/python3.8/site-packages/airflow/example_dags/example_branch_operator.py took 0.059 seconds
[2026-06-03T12:29:30.126+0000] {processor.py:161} INFO - Started process (PID=4543) to work on /home/airflow/.local/lib/python3.8/site-packages/airflow/example_dags/example_branch_operator.py
[2026-06-03T12:29:30.127+0000] {processor.py:830} INFO - Processing file /home/airflow/.local/lib/python3.8/site-packages/airflow/example_dags/example_branch_operator.py for tasks to queue
[2026-06-03T12:29:30.129+0000] {logging_mixin.py:188} INFO - [2026-06-03T12:29:30.128+0000] {dagbag.py:538} INFO - Filling up the DagBag from /home/airflow/.local/lib/python3.8/site-packages/airflow/example_dags/example_branch_operator.py
[2026-06-03T12:29:30.138+0000] {processor.py:840} INFO - DAG(s) 'example_branch_operator' retrieved from /home/airflow/.local/lib/python3.8/site-packages/airflow/example_dags/example_branch_operator.py
[2026-06-03T12:29:30.159+0000] {logging_mixin.py:188} INFO - [2026-06-03T12:29:30.158+0000] {dag.py:3033} INFO - Sync 1 DAGs
[2026-06-03T12:29:30.171+0000] {logging_mixin.py:188} INFO - [2026-06-03T12:29:30.171+0000] {dag.py:3820} INFO - Setting next_dagrun for example_branch_operator to 2026-06-02T00:00:00+00:00, run_after=2026-06-03T00:00:00+00:00
[2026-06-03T12:29:30.187+0000] {processor.py:183} INFO - Processing /home/airflow/.local/lib/python3.8/site-packages/airflow/example_dags/example_branch_operator.py took 0.062 seconds
[2026-06-03T12:30:00.670+0000] {processor.py:161} INFO - Started process (PID=4598) to work on /home/airflow/.local/lib/python3.8/site-packages/airflow/example_dags/example_branch_operator.py
[2026-06-03T12:30:00.671+0000] {processor.py:830} INFO - Processing file /home/airflow/.local/lib/python3.8/site-packages/airflow/example_dags/example_branch_operator.py for tasks to queue
[2026-06-03T12:30:00.672+0000] {logging_mixin.py:188} INFO - [2026-06-03T12:30:00.672+0000] {dagbag.py:538} INFO - Filling up the DagBag from /home/airflow/.local/lib/python3.8/site-packages/airflow/example_dags/example_branch_operator.py
[2026-06-03T12:30:00.687+0000] {processor.py:840} INFO - DAG(s) 'example_branch_operator' retrieved from /home/airflow/.local/lib/python3.8/site-packages/airflow/example_dags/example_branch_operator.py
[2026-06-03T12:30:00.705+0000] {logging_mixin.py:188} INFO - [2026-06-03T12:30:00.704+0000] {dag.py:3033} INFO - Sync 1 DAGs
[2026-06-03T12:30:00.713+0000] {logging_mixin.py:188} INFO - [2026-06-03T12:30:00.713+0000] {dag.py:3820} INFO - Setting next_dagrun for example_branch_operator to 2026-06-02T00:00:00+00:00, run_after=2026-06-03T00:00:00+00:00
[2026-06-03T12:30:00.721+0000] {processor.py:183} INFO - Processing /home/airflow/.local/lib/python3.8/site-packages/airflow/example_dags/example_branch_operator.py took 0.055 seconds
[2026-06-03T12:30:31.293+0000] {processor.py:161} INFO - Started process (PID=4654) to work on /home/airflow/.local/lib/python3.8/site-packages/airflow/example_dags/example_branch_operator.py
[2026-06-03T12:30:31.298+0000] {processor.py:830} INFO - Processing file /home/airflow/.local/lib/python3.8/site-packages/airflow/example_dags/example_branch_operator.py for tasks to queue
[2026-06-03T12:30:31.303+0000] {logging_mixin.py:188} INFO - [2026-06-03T12:30:31.302+0000] {dagbag.py:538} INFO - Filling up the DagBag from /home/airflow/.local/lib/python3.8/site-packages/airflow/example_dags/example_branch_operator.py
[2026-06-03T12:30:31.314+0000] {processor.py:840} INFO - DAG(s) 'example_branch_operator' retrieved from /home/airflow/.local/lib/python3.8/site-packages/airflow/example_dags/example_branch_operator.py
[2026-06-03T12:30:31.333+0000] {logging_mixin.py:188} INFO - [2026-06-03T12:30:31.333+0000] {dag.py:3033} INFO - Sync 1 DAGs
[2026-06-03T12:30:31.343+0000] {logging_mixin.py:188} INFO - [2026-06-03T12:30:31.343+0000] {dag.py:3820} INFO - Setting next_dagrun for example_branch_operator to 2026-06-02T00:00:00+00:00, run_after=2026-06-03T00:00:00+00:00
[2026-06-03T12:30:31.356+0000] {processor.py:183} INFO - Processing /home/airflow/.local/lib/python3.8/site-packages/airflow/example_dags/example_branch_operator.py took 0.071 seconds
[2026-06-03T12:31:01.800+0000] {processor.py:161} INFO - Started process (PID=4710) to work on /home/airflow/.local/lib/python3.8/site-packages/airflow/example_dags/example_branch_operator.py
[2026-06-03T12:31:01.801+0000] {processor.py:830} INFO - Processing file /home/airflow/.local/lib/python3.8/site-packages/airflow/example_dags/example_branch_operator.py for tasks to queue
[2026-06-03T12:31:01.802+0000] {logging_mixin.py:188} INFO - [2026-06-03T12:31:01.802+0000] {dagbag.py:538} INFO - Filling up the DagBag from /home/airflow/.local/lib/python3.8/site-packages/airflow/example_dags/example_branch_operator.py
[2026-06-03T12:31:01.813+0000] {processor.py:840} INFO - DAG(s) 'example_branch_operator' retrieved from /home/airflow/.local/lib/python3.8/site-packages/airflow/example_dags/example_branch_operator.py
[2026-06-03T12:31:01.833+0000] {logging_mixin.py:188} INFO - [2026-06-03T12:31:01.833+0000] {dag.py:3033} INFO - Sync 1 DAGs
[2026-06-03T12:31:01.851+0000] {logging_mixin.py:188} INFO - [2026-06-03T12:31:01.851+0000] {dag.py:3820} INFO - Setting next_dagrun for example_branch_operator to 2026-06-02T00:00:00+00:00, run_after=2026-06-03T00:00:00+00:00
[2026-06-03T12:31:01.863+0000] {processor.py:183} INFO - Processing /home/airflow/.local/lib/python3.8/site-packages/airflow/example_dags/example_branch_operator.py took 0.067 seconds
[2026-06-03T12:31:32.446+0000] {processor.py:161} INFO - Started process (PID=4766) to work on /home/airflow/.local/lib/python3.8/site-packages/airflow/example_dags/example_branch_operator.py
[2026-06-03T12:31:32.448+0000] {processor.py:830} INFO - Processing file /home/airflow/.local/lib/python3.8/site-packages/airflow/example_dags/example_branch_operator.py for tasks to queue
[2026-06-03T12:31:32.449+0000] {logging_mixin.py:188} INFO - [2026-06-03T12:31:32.449+0000] {dagbag.py:538} INFO - Filling up the DagBag from /home/airflow/.local/lib/python3.8/site-packages/airflow/example_dags/example_branch_operator.py
[2026-06-03T12:31:32.466+0000] {processor.py:840} INFO - DAG(s) 'example_branch_operator' retrieved from /home/airflow/.local/lib/python3.8/site-packages/airflow/example_dags/example_branch_operator.py
[2026-06-03T12:31:32.490+0000] {logging_mixin.py:188} INFO - [2026-06-03T12:31:32.490+0000] {dag.py:3033} INFO - Sync 1 DAGs
[2026-06-03T12:31:32.503+0000] {logging_mixin.py:188} INFO - [2026-06-03T12:31:32.503+0000] {dag.py:3820} INFO - Setting next_dagrun for example_branch_operator to 2026-06-02T00:00:00+00:00, run_after=2026-06-03T00:00:00+00:00
[2026-06-03T12:31:32.511+0000] {processor.py:183} INFO - Processing /home/airflow/.local/lib/python3.8/site-packages/airflow/example_dags/example_branch_operator.py took 0.066 seconds
[2026-06-03T12:32:03.401+0000] {processor.py:161} INFO - Started process (PID=4822) to work on /home/airflow/.local/lib/python3.8/site-packages/airflow/example_dags/example_branch_operator.py
[2026-06-03T12:32:03.402+0000] {processor.py:830} INFO - Processing file /home/airflow/.local/lib/python3.8/site-packages/airflow/example_dags/example_branch_operator.py for tasks to queue
[2026-06-03T12:32:03.404+0000] {logging_mixin.py:188} INFO - [2026-06-03T12:32:03.404+0000] {dagbag.py:538} INFO - Filling up the DagBag from /home/airflow/.local/lib/python3.8/site-packages/airflow/example_dags/example_branch_operator.py
[2026-06-03T12:32:03.417+0000] {processor.py:840} INFO - DAG(s) 'example_branch_operator' retrieved from /home/airflow/.local/lib/python3.8/site-packages/airflow/example_dags/example_branch_operator.py
[2026-06-03T12:32:03.438+0000] {logging_mixin.py:188} INFO - [2026-06-03T12:32:03.438+0000] {dag.py:3033} INFO - Sync 1 DAGs
[2026-06-03T12:32:03.450+0000] {logging_mixin.py:188} INFO - [2026-06-03T12:32:03.450+0000] {dag.py:3820} INFO - Setting next_dagrun for example_branch_operator to 2026-06-02T00:00:00+00:00, run_after=2026-06-03T00:00:00+00:00
[2026-06-03T12:32:03.458+0000] {processor.py:183} INFO - Processing /home/airflow/.local/lib/python3.8/site-packages/airflow/example_dags/example_branch_operator.py took 0.058 seconds
[2026-06-03T12:32:34.173+0000] {processor.py:161} INFO - Started process (PID=4878) to work on /home/airflow/.local/lib/python3.8/site-packages/airflow/example_dags/example_branch_operator.py
[2026-06-03T12:32:34.175+0000] {processor.py:830} INFO - Processing file /home/airflow/.local/lib/python3.8/site-packages/airflow/example_dags/example_branch_operator.py for tasks to queue
[2026-06-03T12:32:34.176+0000] {logging_mixin.py:188} INFO - [2026-06-03T12:32:34.176+0000] {dagbag.py:538} INFO - Filling up the DagBag from /home/airflow/.local/lib/python3.8/site-packages/airflow/example_dags/example_branch_operator.py
[2026-06-03T12:32:34.186+0000] {processor.py:840} INFO - DAG(s) 'example_branch_operator' retrieved from /home/airflow/.local/lib/python3.8/site-packages/airflow/example_dags/example_branch_operator.py
[2026-06-03T12:32:34.205+0000] {logging_mixin.py:188} INFO - [2026-06-03T12:32:34.205+0000] {dag.py:3033} INFO - Sync 1 DAGs
[2026-06-03T12:32:34.226+0000] {logging_mixin.py:188} INFO - [2026-06-03T12:32:34.226+0000] {dag.py:3820} INFO - Setting next_dagrun for example_branch_operator to 2026-06-02T00:00:00+00:00, run_after=2026-06-03T00:00:00+00:00
[2026-06-03T12:32:34.236+0000] {processor.py:183} INFO - Processing /home/airflow/.local/lib/python3.8/site-packages/airflow/example_dags/example_branch_operator.py took 0.074 seconds
[2026-06-03T12:33:04.474+0000] {processor.py:161} INFO - Started process (PID=4934) to work on /home/airflow/.local/lib/python3.8/site-packages/airflow/example_dags/example_branch_operator.py
[2026-06-03T12:33:04.475+0000] {processor.py:830} INFO - Processing file /home/airflow/.local/lib/python3.8/site-packages/airflow/example_dags/example_branch_operator.py for tasks to queue
[2026-06-03T12:33:04.476+0000] {logging_mixin.py:188} INFO - [2026-06-03T12:33:04.476+0000] {dagbag.py:538} INFO - Filling up the DagBag from /home/airflow/.local/lib/python3.8/site-packages/airflow/example_dags/example_branch_operator.py
[2026-06-03T12:33:04.487+0000] {processor.py:840} INFO - DAG(s) 'example_branch_operator' retrieved from /home/airflow/.local/lib/python3.8/site-packages/airflow/example_dags/example_branch_operator.py
[2026-06-03T12:33:04.506+0000] {logging_mixin.py:188} INFO - [2026-06-03T12:33:04.506+0000] {dag.py:3033} INFO - Sync 1 DAGs
[2026-06-03T12:33:04.514+0000] {logging_mixin.py:188} INFO - [2026-06-03T12:33:04.514+0000] {dag.py:3820} INFO - Setting next_dagrun for example_branch_operator to 2026-06-02T00:00:00+00:00, run_after=2026-06-03T00:00:00+00:00
[2026-06-03T12:33:04.523+0000] {processor.py:183} INFO - Processing /home/airflow/.local/lib/python3.8/site-packages/airflow/example_dags/example_branch_operator.py took 0.051 seconds
[2026-06-03T12:33:34.744+0000] {processor.py:161} INFO - Started process (PID=4990) to work on /home/airflow/.local/lib/python3.8/site-packages/airflow/example_dags/example_branch_operator.py
[2026-06-03T12:33:34.744+0000] {processor.py:830} INFO - Processing file /home/airflow/.local/lib/python3.8/site-packages/airflow/example_dags/example_branch_operator.py for tasks to queue
[2026-06-03T12:33:34.746+0000] {logging_mixin.py:188} INFO - [2026-06-03T12:33:34.746+0000] {dagbag.py:538} INFO - Filling up the DagBag from /home/airflow/.local/lib/python3.8/site-packages/airflow/example_dags/example_branch_operator.py
[2026-06-03T12:33:34.759+0000] {processor.py:840} INFO - DAG(s) 'example_branch_operator' retrieved from /home/airflow/.local/lib/python3.8/site-packages/airflow/example_dags/example_branch_operator.py
[2026-06-03T12:33:34.783+0000] {logging_mixin.py:188} INFO - [2026-06-03T12:33:34.783+0000] {dag.py:3033} INFO - Sync 1 DAGs
[2026-06-03T12:33:34.800+0000] {logging_mixin.py:188} INFO - [2026-06-03T12:33:34.800+0000] {dag.py:3820} INFO - Setting next_dagrun for example_branch_operator to 2026-06-02T00:00:00+00:00, run_after=2026-06-03T00:00:00+00:00
[2026-06-03T12:33:34.815+0000] {processor.py:183} INFO - Processing /home/airflow/.local/lib/python3.8/site-packages/airflow/example_dags/example_branch_operator.py took 0.073 seconds
[2026-06-03T12:34:05.152+0000] {processor.py:161} INFO - Started process (PID=5046) to work on /home/airflow/.local/lib/python3.8/site-packages/airflow/example_dags/example_branch_operator.py
[2026-06-03T12:34:05.155+0000] {processor.py:830} INFO - Processing file /home/airflow/.local/lib/python3.8/site-packages/airflow/example_dags/example_branch_operator.py for tasks to queue
[2026-06-03T12:34:05.160+0000] {logging_mixin.py:188} INFO - [2026-06-03T12:34:05.159+0000] {dagbag.py:538} INFO - Filling up the DagBag from /home/airflow/.local/lib/python3.8/site-packages/airflow/example_dags/example_branch_operator.py
[2026-06-03T12:34:05.172+0000] {processor.py:840} INFO - DAG(s) 'example_branch_operator' retrieved from /home/airflow/.local/lib/python3.8/site-packages/airflow/example_dags/example_branch_operator.py
[2026-06-03T12:34:05.191+0000] {logging_mixin.py:188} INFO - [2026-06-03T12:34:05.191+0000] {dag.py:3033} INFO - Sync 1 DAGs
[2026-06-03T12:34:05.204+0000] {logging_mixin.py:188} INFO - [2026-06-03T12:34:05.204+0000] {dag.py:3820} INFO - Setting next_dagrun for example_branch_operator to 2026-06-02T00:00:00+00:00, run_after=2026-06-03T00:00:00+00:00
[2026-06-03T12:34:05.217+0000] {processor.py:183} INFO - Processing /home/airflow/.local/lib/python3.8/site-packages/airflow/example_dags/example_branch_operator.py took 0.068 seconds
[2026-06-03T12:34:35.587+0000] {processor.py:161} INFO - Started process (PID=5102) to work on /home/airflow/.local/lib/python3.8/site-packages/airflow/example_dags/example_branch_operator.py
[2026-06-03T12:34:35.588+0000] {processor.py:830} INFO - Processing file /home/airflow/.local/lib/python3.8/site-packages/airflow/example_dags/example_branch_operator.py for tasks to queue
[2026-06-03T12:34:35.590+0000] {logging_mixin.py:188} INFO - [2026-06-03T12:34:35.590+0000] {dagbag.py:538} INFO - Filling up the DagBag from /home/airflow/.local/lib/python3.8/site-packages/airflow/example_dags/example_branch_operator.py
[2026-06-03T12:34:35.605+0000] {processor.py:840} INFO - DAG(s) 'example_branch_operator' retrieved from /home/airflow/.local/lib/python3.8/site-packages/airflow/example_dags/example_branch_operator.py
[2026-06-03T12:34:35.621+0000] {logging_mixin.py:188} INFO - [2026-06-03T12:34:35.621+0000] {dag.py:3033} INFO - Sync 1 DAGs
[2026-06-03T12:34:35.646+0000] {logging_mixin.py:188} INFO - [2026-06-03T12:34:35.646+0000] {dag.py:3820} INFO - Setting next_dagrun for example_branch_operator to 2026-06-02T00:00:00+00:00, run_after=2026-06-03T00:00:00+00:00
[2026-06-03T12:34:35.655+0000] {processor.py:183} INFO - Processing /home/airflow/.local/lib/python3.8/site-packages/airflow/example_dags/example_branch_operator.py took 0.069 seconds
[2026-06-03T12:35:05.833+0000] {processor.py:161} INFO - Started process (PID=5158) to work on /home/airflow/.local/lib/python3.8/site-packages/airflow/example_dags/example_branch_operator.py
[2026-06-03T12:35:05.834+0000] {processor.py:830} INFO - Processing file /home/airflow/.local/lib/python3.8/site-packages/airflow/example_dags/example_branch_operator.py for tasks to queue
[2026-06-03T12:35:05.835+0000] {logging_mixin.py:188} INFO - [2026-06-03T12:35:05.835+0000] {dagbag.py:538} INFO - Filling up the DagBag from /home/airflow/.local/lib/python3.8/site-packages/airflow/example_dags/example_branch_operator.py
[2026-06-03T12:35:05.849+0000] {processor.py:840} INFO - DAG(s) 'example_branch_operator' retrieved from /home/airflow/.local/lib/python3.8/site-packages/airflow/example_dags/example_branch_operator.py
[2026-06-03T12:35:05.869+0000] {logging_mixin.py:188} INFO - [2026-06-03T12:35:05.869+0000] {dag.py:3033} INFO - Sync 1 DAGs
[2026-06-03T12:35:05.881+0000] {logging_mixin.py:188} INFO - [2026-06-03T12:35:05.881+0000] {dag.py:3820} INFO - Setting next_dagrun for example_branch_operator to 2026-06-02T00:00:00+00:00, run_after=2026-06-03T00:00:00+00:00
[2026-06-03T12:35:05.889+0000] {processor.py:183} INFO - Processing /home/airflow/.local/lib/python3.8/site-packages/airflow/example_dags/example_branch_operator.py took 0.057 seconds
[2026-06-03T12:35:36.205+0000] {processor.py:161} INFO - Started process (PID=5214) to work on /home/airflow/.local/lib/python3.8/site-packages/airflow/example_dags/example_branch_operator.py
[2026-06-03T12:35:36.207+0000] {processor.py:830} INFO - Processing file /home/airflow/.local/lib/python3.8/site-packages/airflow/example_dags/example_branch_operator.py for tasks to queue
[2026-06-03T12:35:36.218+0000] {logging_mixin.py:188} INFO - [2026-06-03T12:35:36.218+0000] {dagbag.py:538} INFO - Filling up the DagBag from /home/airflow/.local/lib/python3.8/site-packages/airflow/example_dags/example_branch_operator.py
[2026-06-03T12:35:36.230+0000] {processor.py:840} INFO - DAG(s) 'example_branch_operator' retrieved from /home/airflow/.local/lib/python3.8/site-packages/airflow/example_dags/example_branch_operator.py
[2026-06-03T12:35:36.246+0000] {logging_mixin.py:188} INFO - [2026-06-03T12:35:36.246+0000] {dag.py:3033} INFO - Sync 1 DAGs
[2026-06-03T12:35:36.256+0000] {logging_mixin.py:188} INFO - [2026-06-03T12:35:36.256+0000] {dag.py:3820} INFO - Setting next_dagrun for example_branch_operator to 2026-06-02T00:00:00+00:00, run_after=2026-06-03T00:00:00+00:00
[2026-06-03T12:35:36.265+0000] {processor.py:183} INFO - Processing /home/airflow/.local/lib/python3.8/site-packages/airflow/example_dags/example_branch_operator.py took 0.061 seconds
[2026-06-03T12:36:06.495+0000] {processor.py:161} INFO - Started process (PID=5270) to work on /home/airflow/.local/lib/python3.8/site-packages/airflow/example_dags/example_branch_operator.py
[2026-06-03T12:36:06.496+0000] {processor.py:830} INFO - Processing file /home/airflow/.local/lib/python3.8/site-packages/airflow/example_dags/example_branch_operator.py for tasks to queue
[2026-06-03T12:36:06.497+0000] {logging_mixin.py:188} INFO - [2026-06-03T12:36:06.497+0000] {dagbag.py:538} INFO - Filling up the DagBag from /home/airflow/.local/lib/python3.8/site-packages/airflow/example_dags/example_branch_operator.py
[2026-06-03T12:36:06.508+0000] {processor.py:840} INFO - DAG(s) 'example_branch_operator' retrieved from /home/airflow/.local/lib/python3.8/site-packages/airflow/example_dags/example_branch_operator.py
[2026-06-03T12:36:06.525+0000] {logging_mixin.py:188} INFO - [2026-06-03T12:36:06.525+0000] {dag.py:3033} INFO - Sync 1 DAGs
[2026-06-03T12:36:06.535+0000] {logging_mixin.py:188} INFO - [2026-06-03T12:36:06.535+0000] {dag.py:3820} INFO - Setting next_dagrun for example_branch_operator to 2026-06-02T00:00:00+00:00, run_after=2026-06-03T00:00:00+00:00
[2026-06-03T12:36:06.542+0000] {processor.py:183} INFO - Processing /home/airflow/.local/lib/python3.8/site-packages/airflow/example_dags/example_branch_operator.py took 0.049 seconds
[2026-06-03T12:36:36.671+0000] {processor.py:161} INFO - Started process (PID=5326) to work on /home/airflow/.local/lib/python3.8/site-packages/airflow/example_dags/example_branch_operator.py
[2026-06-03T12:36:36.672+0000] {processor.py:830} INFO - Processing file /home/airflow/.local/lib/python3.8/site-packages/airflow/example_dags/example_branch_operator.py for tasks to queue
[2026-06-03T12:36:36.673+0000] {logging_mixin.py:188} INFO - [2026-06-03T12:36:36.673+0000] {dagbag.py:538} INFO - Filling up the DagBag from /home/airflow/.local/lib/python3.8/site-packages/airflow/example_dags/example_branch_operator.py
[2026-06-03T12:36:36.686+0000] {processor.py:840} INFO - DAG(s) 'example_branch_operator' retrieved from /home/airflow/.local/lib/python3.8/site-packages/airflow/example_dags/example_branch_operator.py
[2026-06-03T12:36:36.707+0000] {logging_mixin.py:188} INFO - [2026-06-03T12:36:36.707+0000] {dag.py:3033} INFO - Sync 1 DAGs
[2026-06-03T12:36:36.718+0000] {logging_mixin.py:188} INFO - [2026-06-03T12:36:36.718+0000] {dag.py:3820} INFO - Setting next_dagrun for example_branch_operator to 2026-06-02T00:00:00+00:00, run_after=2026-06-03T00:00:00+00:00
[2026-06-03T12:36:36.728+0000] {processor.py:183} INFO - Processing /home/airflow/.local/lib/python3.8/site-packages/airflow/example_dags/example_branch_operator.py took 0.059 seconds
[2026-06-03T12:37:06.892+0000] {processor.py:161} INFO - Started process (PID=5382) to work on /home/airflow/.local/lib/python3.8/site-packages/airflow/example_dags/example_branch_operator.py
[2026-06-03T12:37:06.892+0000] {processor.py:830} INFO - Processing file /home/airflow/.local/lib/python3.8/site-packages/airflow/example_dags/example_branch_operator.py for tasks to queue
[2026-06-03T12:37:06.893+0000] {logging_mixin.py:188} INFO - [2026-06-03T12:37:06.893+0000] {dagbag.py:538} INFO - Filling up the DagBag from /home/airflow/.local/lib/python3.8/site-packages/airflow/example_dags/example_branch_operator.py
[2026-06-03T12:37:06.901+0000] {processor.py:840} INFO - DAG(s) 'example_branch_operator' retrieved from /home/airflow/.local/lib/python3.8/site-packages/airflow/example_dags/example_branch_operator.py
[2026-06-03T12:37:06.912+0000] {logging_mixin.py:188} INFO - [2026-06-03T12:37:06.912+0000] {dag.py:3033} INFO - Sync 1 DAGs
[2026-06-03T12:37:06.925+0000] {logging_mixin.py:188} INFO - [2026-06-03T12:37:06.925+0000] {dag.py:3820} INFO - Setting next_dagrun for example_branch_operator to 2026-06-02T00:00:00+00:00, run_after=2026-06-03T00:00:00+00:00
[2026-06-03T12:37:06.932+0000] {processor.py:183} INFO - Processing /home/airflow/.local/lib/python3.8/site-packages/airflow/example_dags/example_branch_operator.py took 0.042 seconds
[2026-06-03T12:37:37.472+0000] {processor.py:161} INFO - Started process (PID=5438) to work on /home/airflow/.local/lib/python3.8/site-packages/airflow/example_dags/example_branch_operator.py
[2026-06-03T12:37:37.473+0000] {processor.py:830} INFO - Processing file /home/airflow/.local/lib/python3.8/site-packages/airflow/example_dags/example_branch_operator.py for tasks to queue
[2026-06-03T12:37:37.474+0000] {logging_mixin.py:188} INFO - [2026-06-03T12:37:37.474+0000] {dagbag.py:538} INFO - Filling up the DagBag from /home/airflow/.local/lib/python3.8/site-packages/airflow/example_dags/example_branch_operator.py
[2026-06-03T12:37:37.484+0000] {processor.py:840} INFO - DAG(s) 'example_branch_operator' retrieved from /home/airflow/.local/lib/python3.8/site-packages/airflow/example_dags/example_branch_operator.py
[2026-06-03T12:37:37.499+0000] {logging_mixin.py:188} INFO - [2026-06-03T12:37:37.499+0000] {dag.py:3033} INFO - Sync 1 DAGs
[2026-06-03T12:37:37.509+0000] {logging_mixin.py:188} INFO - [2026-06-03T12:37:37.509+0000] {dag.py:3820} INFO - Setting next_dagrun for example_branch_operator to 2026-06-02T00:00:00+00:00, run_after=2026-06-03T00:00:00+00:00
[2026-06-03T12:37:37.519+0000] {processor.py:183} INFO - Processing /home/airflow/.local/lib/python3.8/site-packages/airflow/example_dags/example_branch_operator.py took 0.048 seconds
[2026-06-03T12:38:07.698+0000] {processor.py:161} INFO - Started process (PID=5494) to work on /home/airflow/.local/lib/python3.8/site-packages/airflow/example_dags/example_branch_operator.py
[2026-06-03T12:38:07.699+0000] {processor.py:830} INFO - Processing file /home/airflow/.local/lib/python3.8/site-packages/airflow/example_dags/example_branch_operator.py for tasks to queue
[2026-06-03T12:38:07.700+0000] {logging_mixin.py:188} INFO - [2026-06-03T12:38:07.700+0000] {dagbag.py:538} INFO - Filling up the DagBag from /home/airflow/.local/lib/python3.8/site-packages/airflow/example_dags/example_branch_operator.py
[2026-06-03T12:38:07.710+0000] {processor.py:840} INFO - DAG(s) 'example_branch_operator' retrieved from /home/airflow/.local/lib/python3.8/site-packages/airflow/example_dags/example_branch_operator.py
[2026-06-03T12:38:07.727+0000] {logging_mixin.py:188} INFO - [2026-06-03T12:38:07.727+0000] {dag.py:3033} INFO - Sync 1 DAGs
[2026-06-03T12:38:07.737+0000] {logging_mixin.py:188} INFO - [2026-06-03T12:38:07.737+0000] {dag.py:3820} INFO - Setting next_dagrun for example_branch_operator to 2026-06-02T00:00:00+00:00, run_after=2026-06-03T00:00:00+00:00
[2026-06-03T12:38:07.746+0000] {processor.py:183} INFO - Processing /home/airflow/.local/lib/python3.8/site-packages/airflow/example_dags/example_branch_operator.py took 0.050 seconds
[2026-06-03T12:38:38.307+0000] {processor.py:161} INFO - Started process (PID=5550) to work on /home/airflow/.local/lib/python3.8/site-packages/airflow/example_dags/example_branch_operator.py
[2026-06-03T12:38:38.309+0000] {processor.py:830} INFO - Processing file /home/airflow/.local/lib/python3.8/site-packages/airflow/example_dags/example_branch_operator.py for tasks to queue
[2026-06-03T12:38:38.313+0000] {logging_mixin.py:188} INFO - [2026-06-03T12:38:38.313+0000] {dagbag.py:538} INFO - Filling up the DagBag from /home/airflow/.local/lib/python3.8/site-packages/airflow/example_dags/example_branch_operator.py
[2026-06-03T12:38:38.340+0000] {processor.py:840} INFO - DAG(s) 'example_branch_operator' retrieved from /home/airflow/.local/lib/python3.8/site-packages/airflow/example_dags/example_branch_operator.py
[2026-06-03T12:38:38.372+0000] {logging_mixin.py:188} INFO - [2026-06-03T12:38:38.372+0000] {dag.py:3033} INFO - Sync 1 DAGs
[2026-06-03T12:38:38.392+0000] {logging_mixin.py:188} INFO - [2026-06-03T12:38:38.392+0000] {dag.py:3820} INFO - Setting next_dagrun for example_branch_operator to 2026-06-02T00:00:00+00:00, run_after=2026-06-03T00:00:00+00:00
[2026-06-03T12:38:38.409+0000] {processor.py:183} INFO - Processing /home/airflow/.local/lib/python3.8/site-packages/airflow/example_dags/example_branch_operator.py took 0.106 seconds
[2026-06-03T12:39:09.402+0000] {processor.py:161} INFO - Started process (PID=5606) to work on /home/airflow/.local/lib/python3.8/site-packages/airflow/example_dags/example_branch_operator.py
[2026-06-03T12:39:09.404+0000] {processor.py:830} INFO - Processing file /home/airflow/.local/lib/python3.8/site-packages/airflow/example_dags/example_branch_operator.py for tasks to queue
[2026-06-03T12:39:09.406+0000] {logging_mixin.py:188} INFO - [2026-06-03T12:39:09.406+0000] {dagbag.py:538} INFO - Filling up the DagBag from /home/airflow/.local/lib/python3.8/site-packages/airflow/example_dags/example_branch_operator.py
[2026-06-03T12:39:09.421+0000] {processor.py:840} INFO - DAG(s) 'example_branch_operator' retrieved from /home/airflow/.local/lib/python3.8/site-packages/airflow/example_dags/example_branch_operator.py
[2026-06-03T12:39:09.440+0000] {logging_mixin.py:188} INFO - [2026-06-03T12:39:09.440+0000] {dag.py:3033} INFO - Sync 1 DAGs
[2026-06-03T12:39:09.452+0000] {logging_mixin.py:188} INFO - [2026-06-03T12:39:09.451+0000] {dag.py:3820} INFO - Setting next_dagrun for example_branch_operator to 2026-06-02T00:00:00+00:00, run_after=2026-06-03T00:00:00+00:00
[2026-06-03T12:39:09.462+0000] {processor.py:183} INFO - Processing /home/airflow/.local/lib/python3.8/site-packages/airflow/example_dags/example_branch_operator.py took 0.063 seconds
[2026-06-03T12:39:39.646+0000] {processor.py:161} INFO - Started process (PID=5662) to work on /home/airflow/.local/lib/python3.8/site-packages/airflow/example_dags/example_branch_operator.py
[2026-06-03T12:39:39.651+0000] {processor.py:830} INFO - Processing file /home/airflow/.local/lib/python3.8/site-packages/airflow/example_dags/example_branch_operator.py for tasks to queue
[2026-06-03T12:39:39.658+0000] {logging_mixin.py:188} INFO - [2026-06-03T12:39:39.658+0000] {dagbag.py:538} INFO - Filling up the DagBag from /home/airflow/.local/lib/python3.8/site-packages/airflow/example_dags/example_branch_operator.py
[2026-06-03T12:39:39.682+0000] {processor.py:840} INFO - DAG(s) 'example_branch_operator' retrieved from /home/airflow/.local/lib/python3.8/site-packages/airflow/example_dags/example_branch_operator.py
[2026-06-03T12:39:39.711+0000] {logging_mixin.py:188} INFO - [2026-06-03T12:39:39.710+0000] {dag.py:3033} INFO - Sync 1 DAGs
[2026-06-03T12:39:39.724+0000] {logging_mixin.py:188} INFO - [2026-06-03T12:39:39.723+0000] {dag.py:3820} INFO - Setting next_dagrun for example_branch_operator to 2026-06-02T00:00:00+00:00, run_after=2026-06-03T00:00:00+00:00
[2026-06-03T12:39:39.740+0000] {processor.py:183} INFO - Processing /home/airflow/.local/lib/python3.8/site-packages/airflow/example_dags/example_branch_operator.py took 0.098 seconds
[2026-06-03T12:40:09.818+0000] {processor.py:161} INFO - Started process (PID=5718) to work on /home/airflow/.local/lib/python3.8/site-packages/airflow/example_dags/example_branch_operator.py
[2026-06-03T12:40:09.819+0000] {processor.py:830} INFO - Processing file /home/airflow/.local/lib/python3.8/site-packages/airflow/example_dags/example_branch_operator.py for tasks to queue
[2026-06-03T12:40:09.825+0000] {logging_mixin.py:188} INFO - [2026-06-03T12:40:09.824+0000] {dagbag.py:538} INFO - Filling up the DagBag from /home/airflow/.local/lib/python3.8/site-packages/airflow/example_dags/example_branch_operator.py
[2026-06-03T12:40:09.850+0000] {processor.py:840} INFO - DAG(s) 'example_branch_operator' retrieved from /home/airflow/.local/lib/python3.8/site-packages/airflow/example_dags/example_branch_operator.py
[2026-06-03T12:40:09.884+0000] {logging_mixin.py:188} INFO - [2026-06-03T12:40:09.883+0000] {dag.py:3033} INFO - Sync 1 DAGs
[2026-06-03T12:40:09.898+0000] {logging_mixin.py:188} INFO - [2026-06-03T12:40:09.898+0000] {dag.py:3820} INFO - Setting next_dagrun for example_branch_operator to 2026-06-02T00:00:00+00:00, run_after=2026-06-03T00:00:00+00:00
[2026-06-03T12:40:09.913+0000] {processor.py:183} INFO - Processing /home/airflow/.local/lib/python3.8/site-packages/airflow/example_dags/example_branch_operator.py took 0.099 seconds
[2026-06-03T12:40:40.112+0000] {processor.py:161} INFO - Started process (PID=5774) to work on /home/airflow/.local/lib/python3.8/site-packages/airflow/example_dags/example_branch_operator.py
[2026-06-03T12:40:40.113+0000] {processor.py:830} INFO - Processing file /home/airflow/.local/lib/python3.8/site-packages/airflow/example_dags/example_branch_operator.py for tasks to queue
[2026-06-03T12:40:40.117+0000] {logging_mixin.py:188} INFO - [2026-06-03T12:40:40.117+0000] {dagbag.py:538} INFO - Filling up the DagBag from /home/airflow/.local/lib/python3.8/site-packages/airflow/example_dags/example_branch_operator.py
[2026-06-03T12:40:40.175+0000] {processor.py:840} INFO - DAG(s) 'example_branch_operator' retrieved from /home/airflow/.local/lib/python3.8/site-packages/airflow/example_dags/example_branch_operator.py
[2026-06-03T12:40:40.212+0000] {logging_mixin.py:188} INFO - [2026-06-03T12:40:40.212+0000] {dag.py:3033} INFO - Sync 1 DAGs
[2026-06-03T12:40:40.228+0000] {logging_mixin.py:188} INFO - [2026-06-03T12:40:40.228+0000] {dag.py:3820} INFO - Setting next_dagrun for example_branch_operator to 2026-06-02T00:00:00+00:00, run_after=2026-06-03T00:00:00+00:00
[2026-06-03T12:40:40.242+0000] {processor.py:183} INFO - Processing /home/airflow/.local/lib/python3.8/site-packages/airflow/example_dags/example_branch_operator.py took 0.135 seconds
[2026-06-03T12:41:10.454+0000] {processor.py:161} INFO - Started process (PID=5830) to work on /home/airflow/.local/lib/python3.8/site-packages/airflow/example_dags/example_branch_operator.py
[2026-06-03T12:41:10.456+0000] {processor.py:830} INFO - Processing file /home/airflow/.local/lib/python3.8/site-packages/airflow/example_dags/example_branch_operator.py for tasks to queue
[2026-06-03T12:41:10.459+0000] {logging_mixin.py:188} INFO - [2026-06-03T12:41:10.458+0000] {dagbag.py:538} INFO - Filling up the DagBag from /home/airflow/.local/lib/python3.8/site-packages/airflow/example_dags/example_branch_operator.py
[2026-06-03T12:41:10.472+0000] {processor.py:840} INFO - DAG(s) 'example_branch_operator' retrieved from /home/airflow/.local/lib/python3.8/site-packages/airflow/example_dags/example_branch_operator.py
[2026-06-03T12:41:10.491+0000] {logging_mixin.py:188} INFO - [2026-06-03T12:41:10.491+0000] {dag.py:3033} INFO - Sync 1 DAGs
[2026-06-03T12:41:10.504+0000] {logging_mixin.py:188} INFO - [2026-06-03T12:41:10.504+0000] {dag.py:3820} INFO - Setting next_dagrun for example_branch_operator to 2026-06-02T00:00:00+00:00, run_after=2026-06-03T00:00:00+00:00
[2026-06-03T12:41:10.513+0000] {processor.py:183} INFO - Processing /home/airflow/.local/lib/python3.8/site-packages/airflow/example_dags/example_branch_operator.py took 0.061 seconds
[2026-06-03T12:41:41.091+0000] {processor.py:161} INFO - Started process (PID=5886) to work on /home/airflow/.local/lib/python3.8/site-packages/airflow/example_dags/example_branch_operator.py
[2026-06-03T12:41:41.099+0000] {processor.py:830} INFO - Processing file /home/airflow/.local/lib/python3.8/site-packages/airflow/example_dags/example_branch_operator.py for tasks to queue
[2026-06-03T12:41:41.108+0000] {logging_mixin.py:188} INFO - [2026-06-03T12:41:41.108+0000] {dagbag.py:538} INFO - Filling up the DagBag from /home/airflow/.local/lib/python3.8/site-packages/airflow/example_dags/example_branch_operator.py
[2026-06-03T12:41:41.151+0000] {processor.py:840} INFO - DAG(s) 'example_branch_operator' retrieved from /home/airflow/.local/lib/python3.8/site-packages/airflow/example_dags/example_branch_operator.py
[2026-06-03T12:41:41.183+0000] {logging_mixin.py:188} INFO - [2026-06-03T12:41:41.182+0000] {dag.py:3033} INFO - Sync 1 DAGs
[2026-06-03T12:41:41.224+0000] {logging_mixin.py:188} INFO - [2026-06-03T12:41:41.224+0000] {dag.py:3820} INFO - Setting next_dagrun for example_branch_operator to 2026-06-02T00:00:00+00:00, run_after=2026-06-03T00:00:00+00:00
[2026-06-03T12:41:41.238+0000] {processor.py:183} INFO - Processing /home/airflow/.local/lib/python3.8/site-packages/airflow/example_dags/example_branch_operator.py took 0.165 seconds
[2026-06-03T12:42:11.537+0000] {processor.py:161} INFO - Started process (PID=5942) to work on /home/airflow/.local/lib/python3.8/site-packages/airflow/example_dags/example_branch_operator.py
[2026-06-03T12:42:11.539+0000] {processor.py:830} INFO - Processing file /home/airflow/.local/lib/python3.8/site-packages/airflow/example_dags/example_branch_operator.py for tasks to queue
[2026-06-03T12:42:11.540+0000] {logging_mixin.py:188} INFO - [2026-06-03T12:42:11.540+0000] {dagbag.py:538} INFO - Filling up the DagBag from /home/airflow/.local/lib/python3.8/site-packages/airflow/example_dags/example_branch_operator.py
[2026-06-03T12:42:11.557+0000] {processor.py:840} INFO - DAG(s) 'example_branch_operator' retrieved from /home/airflow/.local/lib/python3.8/site-packages/airflow/example_dags/example_branch_operator.py
[2026-06-03T12:42:11.571+0000] {logging_mixin.py:188} INFO - [2026-06-03T12:42:11.571+0000] {dag.py:3033} INFO - Sync 1 DAGs
[2026-06-03T12:42:11.583+0000] {logging_mixin.py:188} INFO - [2026-06-03T12:42:11.582+0000] {dag.py:3820} INFO - Setting next_dagrun for example_branch_operator to 2026-06-02T00:00:00+00:00, run_after=2026-06-03T00:00:00+00:00
[2026-06-03T12:42:11.594+0000] {processor.py:183} INFO - Processing /home/airflow/.local/lib/python3.8/site-packages/airflow/example_dags/example_branch_operator.py took 0.061 seconds
[2026-06-03T12:42:41.785+0000] {processor.py:161} INFO - Started process (PID=5998) to work on /home/airflow/.local/lib/python3.8/site-packages/airflow/example_dags/example_branch_operator.py
[2026-06-03T12:42:41.787+0000] {processor.py:830} INFO - Processing file /home/airflow/.local/lib/python3.8/site-packages/airflow/example_dags/example_branch_operator.py for tasks to queue
[2026-06-03T12:42:41.790+0000] {logging_mixin.py:188} INFO - [2026-06-03T12:42:41.790+0000] {dagbag.py:538} INFO - Filling up the DagBag from /home/airflow/.local/lib/python3.8/site-packages/airflow/example_dags/example_branch_operator.py
[2026-06-03T12:42:41.813+0000] {processor.py:840} INFO - DAG(s) 'example_branch_operator' retrieved from /home/airflow/.local/lib/python3.8/site-packages/airflow/example_dags/example_branch_operator.py
[2026-06-03T12:42:41.840+0000] {logging_mixin.py:188} INFO - [2026-06-03T12:42:41.840+0000] {dag.py:3033} INFO - Sync 1 DAGs
[2026-06-03T12:42:41.856+0000] {logging_mixin.py:188} INFO - [2026-06-03T12:42:41.856+0000] {dag.py:3820} INFO - Setting next_dagrun for example_branch_operator to 2026-06-02T00:00:00+00:00, run_after=2026-06-03T00:00:00+00:00
[2026-06-03T12:42:41.869+0000] {processor.py:183} INFO - Processing /home/airflow/.local/lib/python3.8/site-packages/airflow/example_dags/example_branch_operator.py took 0.088 seconds
[2026-06-03T12:43:12.385+0000] {processor.py:161} INFO - Started process (PID=6054) to work on /home/airflow/.local/lib/python3.8/site-packages/airflow/example_dags/example_branch_operator.py
[2026-06-03T12:43:12.389+0000] {processor.py:830} INFO - Processing file /home/airflow/.local/lib/python3.8/site-packages/airflow/example_dags/example_branch_operator.py for tasks to queue
[2026-06-03T12:43:12.392+0000] {logging_mixin.py:188} INFO - [2026-06-03T12:43:12.392+0000] {dagbag.py:538} INFO - Filling up the DagBag from /home/airflow/.local/lib/python3.8/site-packages/airflow/example_dags/example_branch_operator.py
[2026-06-03T12:43:12.427+0000] {processor.py:840} INFO - DAG(s) 'example_branch_operator' retrieved from /home/airflow/.local/lib/python3.8/site-packages/airflow/example_dags/example_branch_operator.py
[2026-06-03T12:43:12.469+0000] {logging_mixin.py:188} INFO - [2026-06-03T12:43:12.468+0000] {dag.py:3033} INFO - Sync 1 DAGs
[2026-06-03T12:43:12.492+0000] {logging_mixin.py:188} INFO - [2026-06-03T12:43:12.492+0000] {dag.py:3820} INFO - Setting next_dagrun for example_branch_operator to 2026-06-02T00:00:00+00:00, run_after=2026-06-03T00:00:00+00:00
[2026-06-03T12:43:12.505+0000] {processor.py:183} INFO - Processing /home/airflow/.local/lib/python3.8/site-packages/airflow/example_dags/example_branch_operator.py took 0.139 seconds
[2026-06-03T12:43:43.125+0000] {processor.py:161} INFO - Started process (PID=6110) to work on /home/airflow/.local/lib/python3.8/site-packages/airflow/example_dags/example_branch_operator.py
[2026-06-03T12:43:43.126+0000] {processor.py:830} INFO - Processing file /home/airflow/.local/lib/python3.8/site-packages/airflow/example_dags/example_branch_operator.py for tasks to queue
[2026-06-03T12:43:43.129+0000] {logging_mixin.py:188} INFO - [2026-06-03T12:43:43.128+0000] {dagbag.py:538} INFO - Filling up the DagBag from /home/airflow/.local/lib/python3.8/site-packages/airflow/example_dags/example_branch_operator.py
[2026-06-03T12:43:43.157+0000] {processor.py:840} INFO - DAG(s) 'example_branch_operator' retrieved from /home/airflow/.local/lib/python3.8/site-packages/airflow/example_dags/example_branch_operator.py
[2026-06-03T12:43:43.182+0000] {logging_mixin.py:188} INFO - [2026-06-03T12:43:43.181+0000] {dag.py:3033} INFO - Sync 1 DAGs
[2026-06-03T12:43:43.209+0000] {logging_mixin.py:188} INFO - [2026-06-03T12:43:43.209+0000] {dag.py:3820} INFO - Setting next_dagrun for example_branch_operator to 2026-06-02T00:00:00+00:00, run_after=2026-06-03T00:00:00+00:00
[2026-06-03T12:43:43.222+0000] {processor.py:183} INFO - Processing /home/airflow/.local/lib/python3.8/site-packages/airflow/example_dags/example_branch_operator.py took 0.101 seconds
[2026-06-03T12:44:13.675+0000] {processor.py:161} INFO - Started process (PID=6167) to work on /home/airflow/.local/lib/python3.8/site-packages/airflow/example_dags/example_branch_operator.py
[2026-06-03T12:44:13.677+0000] {processor.py:830} INFO - Processing file /home/airflow/.local/lib/python3.8/site-packages/airflow/example_dags/example_branch_operator.py for tasks to queue
[2026-06-03T12:44:13.683+0000] {logging_mixin.py:188} INFO - [2026-06-03T12:44:13.683+0000] {dagbag.py:538} INFO - Filling up the DagBag from /home/airflow/.local/lib/python3.8/site-packages/airflow/example_dags/example_branch_operator.py
[2026-06-03T12:44:13.707+0000] {processor.py:840} INFO - DAG(s) 'example_branch_operator' retrieved from /home/airflow/.local/lib/python3.8/site-packages/airflow/example_dags/example_branch_operator.py
[2026-06-03T12:44:13.733+0000] {logging_mixin.py:188} INFO - [2026-06-03T12:44:13.733+0000] {dag.py:3033} INFO - Sync 1 DAGs
[2026-06-03T12:44:13.763+0000] {logging_mixin.py:188} INFO - [2026-06-03T12:44:13.763+0000] {dag.py:3820} INFO - Setting next_dagrun for example_branch_operator to 2026-06-02T00:00:00+00:00, run_after=2026-06-03T00:00:00+00:00
[2026-06-03T12:44:13.782+0000] {processor.py:183} INFO - Processing /home/airflow/.local/lib/python3.8/site-packages/airflow/example_dags/example_branch_operator.py took 0.112 seconds
[2026-06-03T12:44:44.162+0000] {processor.py:161} INFO - Started process (PID=6236) to work on /home/airflow/.local/lib/python3.8/site-packages/airflow/example_dags/example_branch_operator.py
[2026-06-03T12:44:44.163+0000] {processor.py:830} INFO - Processing file /home/airflow/.local/lib/python3.8/site-packages/airflow/example_dags/example_branch_operator.py for tasks to queue
[2026-06-03T12:44:44.170+0000] {logging_mixin.py:188} INFO - [2026-06-03T12:44:44.170+0000] {dagbag.py:538} INFO - Filling up the DagBag from /home/airflow/.local/lib/python3.8/site-packages/airflow/example_dags/example_branch_operator.py
[2026-06-03T12:44:44.192+0000] {processor.py:840} INFO - DAG(s) 'example_branch_operator' retrieved from /home/airflow/.local/lib/python3.8/site-packages/airflow/example_dags/example_branch_operator.py
[2026-06-03T12:44:44.222+0000] {logging_mixin.py:188} INFO - [2026-06-03T12:44:44.221+0000] {dag.py:3033} INFO - Sync 1 DAGs
[2026-06-03T12:44:44.232+0000] {logging_mixin.py:188} INFO - [2026-06-03T12:44:44.232+0000] {dag.py:3820} INFO - Setting next_dagrun for example_branch_operator to 2026-06-02T00:00:00+00:00, run_after=2026-06-03T00:00:00+00:00
[2026-06-03T12:44:44.241+0000] {processor.py:183} INFO - Processing /home/airflow/.local/lib/python3.8/site-packages/airflow/example_dags/example_branch_operator.py took 0.083 seconds
[2026-06-03T12:45:14.544+0000] {processor.py:161} INFO - Started process (PID=6296) to work on /home/airflow/.local/lib/python3.8/site-packages/airflow/example_dags/example_branch_operator.py
[2026-06-03T12:45:14.545+0000] {processor.py:830} INFO - Processing file /home/airflow/.local/lib/python3.8/site-packages/airflow/example_dags/example_branch_operator.py for tasks to queue
[2026-06-03T12:45:14.546+0000] {logging_mixin.py:188} INFO - [2026-06-03T12:45:14.546+0000] {dagbag.py:538} INFO - Filling up the DagBag from /home/airflow/.local/lib/python3.8/site-packages/airflow/example_dags/example_branch_operator.py
[2026-06-03T12:45:14.558+0000] {processor.py:840} INFO - DAG(s) 'example_branch_operator' retrieved from /home/airflow/.local/lib/python3.8/site-packages/airflow/example_dags/example_branch_operator.py
[2026-06-03T12:45:14.582+0000] {logging_mixin.py:188} INFO - [2026-06-03T12:45:14.582+0000] {dag.py:3033} INFO - Sync 1 DAGs
[2026-06-03T12:45:14.600+0000] {logging_mixin.py:188} INFO - [2026-06-03T12:45:14.600+0000] {dag.py:3820} INFO - Setting next_dagrun for example_branch_operator to 2026-06-02T00:00:00+00:00, run_after=2026-06-03T00:00:00+00:00
[2026-06-03T12:45:14.619+0000] {processor.py:183} INFO - Processing /home/airflow/.local/lib/python3.8/site-packages/airflow/example_dags/example_branch_operator.py took 0.078 seconds
[2026-06-03T12:45:45.367+0000] {processor.py:161} INFO - Started process (PID=6358) to work on /home/airflow/.local/lib/python3.8/site-packages/airflow/example_dags/example_branch_operator.py
[2026-06-03T12:45:45.369+0000] {processor.py:830} INFO - Processing file /home/airflow/.local/lib/python3.8/site-packages/airflow/example_dags/example_branch_operator.py for tasks to queue
[2026-06-03T12:45:45.370+0000] {logging_mixin.py:188} INFO - [2026-06-03T12:45:45.369+0000] {dagbag.py:538} INFO - Filling up the DagBag from /home/airflow/.local/lib/python3.8/site-packages/airflow/example_dags/example_branch_operator.py
[2026-06-03T12:45:45.381+0000] {processor.py:840} INFO - DAG(s) 'example_branch_operator' retrieved from /home/airflow/.local/lib/python3.8/site-packages/airflow/example_dags/example_branch_operator.py
[2026-06-03T12:45:45.407+0000] {logging_mixin.py:188} INFO - [2026-06-03T12:45:45.407+0000] {dag.py:3033} INFO - Sync 1 DAGs
[2026-06-03T12:45:45.438+0000] {logging_mixin.py:188} INFO - [2026-06-03T12:45:45.438+0000] {dag.py:3820} INFO - Setting next_dagrun for example_branch_operator to 2026-06-02T00:00:00+00:00, run_after=2026-06-03T00:00:00+00:00
[2026-06-03T12:45:45.447+0000] {processor.py:183} INFO - Processing /home/airflow/.local/lib/python3.8/site-packages/airflow/example_dags/example_branch_operator.py took 0.082 seconds
[2026-06-03T12:46:15.993+0000] {processor.py:161} INFO - Started process (PID=6413) to work on /home/airflow/.local/lib/python3.8/site-packages/airflow/example_dags/example_branch_operator.py
[2026-06-03T12:46:15.994+0000] {processor.py:830} INFO - Processing file /home/airflow/.local/lib/python3.8/site-packages/airflow/example_dags/example_branch_operator.py for tasks to queue
[2026-06-03T12:46:15.995+0000] {logging_mixin.py:188} INFO - [2026-06-03T12:46:15.995+0000] {dagbag.py:538} INFO - Filling up the DagBag from /home/airflow/.local/lib/python3.8/site-packages/airflow/example_dags/example_branch_operator.py
[2026-06-03T12:46:16.012+0000] {processor.py:840} INFO - DAG(s) 'example_branch_operator' retrieved from /home/airflow/.local/lib/python3.8/site-packages/airflow/example_dags/example_branch_operator.py
[2026-06-03T12:46:16.035+0000] {logging_mixin.py:188} INFO - [2026-06-03T12:46:16.035+0000] {dag.py:3033} INFO - Sync 1 DAGs
[2026-06-03T12:46:16.049+0000] {logging_mixin.py:188} INFO - [2026-06-03T12:46:16.049+0000] {dag.py:3820} INFO - Setting next_dagrun for example_branch_operator to 2026-06-02T00:00:00+00:00, run_after=2026-06-03T00:00:00+00:00
[2026-06-03T12:46:16.058+0000] {processor.py:183} INFO - Processing /home/airflow/.local/lib/python3.8/site-packages/airflow/example_dags/example_branch_operator.py took 0.067 seconds
[2026-06-03T12:46:46.350+0000] {processor.py:161} INFO - Started process (PID=6469) to work on /home/airflow/.local/lib/python3.8/site-packages/airflow/example_dags/example_branch_operator.py
[2026-06-03T12:46:46.350+0000] {processor.py:830} INFO - Processing file /home/airflow/.local/lib/python3.8/site-packages/airflow/example_dags/example_branch_operator.py for tasks to queue
[2026-06-03T12:46:46.351+0000] {logging_mixin.py:188} INFO - [2026-06-03T12:46:46.351+0000] {dagbag.py:538} INFO - Filling up the DagBag from /home/airflow/.local/lib/python3.8/site-packages/airflow/example_dags/example_branch_operator.py
[2026-06-03T12:46:46.360+0000] {processor.py:840} INFO - DAG(s) 'example_branch_operator' retrieved from /home/airflow/.local/lib/python3.8/site-packages/airflow/example_dags/example_branch_operator.py
[2026-06-03T12:46:46.373+0000] {logging_mixin.py:188} INFO - [2026-06-03T12:46:46.373+0000] {dag.py:3033} INFO - Sync 1 DAGs
[2026-06-03T12:46:46.385+0000] {logging_mixin.py:188} INFO - [2026-06-03T12:46:46.385+0000] {dag.py:3820} INFO - Setting next_dagrun for example_branch_operator to 2026-06-02T00:00:00+00:00, run_after=2026-06-03T00:00:00+00:00
[2026-06-03T12:46:46.392+0000] {processor.py:183} INFO - Processing /home/airflow/.local/lib/python3.8/site-packages/airflow/example_dags/example_branch_operator.py took 0.044 seconds
[2026-06-03T12:47:16.966+0000] {processor.py:161} INFO - Started process (PID=6525) to work on /home/airflow/.local/lib/python3.8/site-packages/airflow/example_dags/example_branch_operator.py
[2026-06-03T12:47:16.966+0000] {processor.py:830} INFO - Processing file /home/airflow/.local/lib/python3.8/site-packages/airflow/example_dags/example_branch_operator.py for tasks to queue
[2026-06-03T12:47:16.968+0000] {logging_mixin.py:188} INFO - [2026-06-03T12:47:16.967+0000] {dagbag.py:538} INFO - Filling up the DagBag from /home/airflow/.local/lib/python3.8/site-packages/airflow/example_dags/example_branch_operator.py
[2026-06-03T12:47:16.988+0000] {processor.py:840} INFO - DAG(s) 'example_branch_operator' retrieved from /home/airflow/.local/lib/python3.8/site-packages/airflow/example_dags/example_branch_operator.py
[2026-06-03T12:47:17.001+0000] {logging_mixin.py:188} INFO - [2026-06-03T12:47:17.001+0000] {dag.py:3033} INFO - Sync 1 DAGs
[2026-06-03T12:47:17.012+0000] {logging_mixin.py:188} INFO - [2026-06-03T12:47:17.012+0000] {dag.py:3820} INFO - Setting next_dagrun for example_branch_operator to 2026-06-02T00:00:00+00:00, run_after=2026-06-03T00:00:00+00:00
[2026-06-03T12:47:17.019+0000] {processor.py:183} INFO - Processing /home/airflow/.local/lib/python3.8/site-packages/airflow/example_dags/example_branch_operator.py took 0.055 seconds
[2026-06-03T12:47:48.191+0000] {processor.py:161} INFO - Started process (PID=6581) to work on /home/airflow/.local/lib/python3.8/site-packages/airflow/example_dags/example_branch_operator.py
[2026-06-03T12:47:48.193+0000] {processor.py:830} INFO - Processing file /home/airflow/.local/lib/python3.8/site-packages/airflow/example_dags/example_branch_operator.py for tasks to queue
[2026-06-03T12:47:48.196+0000] {logging_mixin.py:188} INFO - [2026-06-03T12:47:48.196+0000] {dagbag.py:538} INFO - Filling up the DagBag from /home/airflow/.local/lib/python3.8/site-packages/airflow/example_dags/example_branch_operator.py
[2026-06-03T12:47:48.240+0000] {processor.py:840} INFO - DAG(s) 'example_branch_operator' retrieved from /home/airflow/.local/lib/python3.8/site-packages/airflow/example_dags/example_branch_operator.py
[2026-06-03T12:47:48.289+0000] {logging_mixin.py:188} INFO - [2026-06-03T12:47:48.289+0000] {dag.py:3033} INFO - Sync 1 DAGs
[2026-06-03T12:47:48.336+0000] {logging_mixin.py:188} INFO - [2026-06-03T12:47:48.336+0000] {dag.py:3820} INFO - Setting next_dagrun for example_branch_operator to 2026-06-02T00:00:00+00:00, run_after=2026-06-03T00:00:00+00:00
[2026-06-03T12:47:48.371+0000] {processor.py:183} INFO - Processing /home/airflow/.local/lib/python3.8/site-packages/airflow/example_dags/example_branch_operator.py took 0.192 seconds
[2026-06-03T12:48:18.653+0000] {processor.py:161} INFO - Started process (PID=6637) to work on /home/airflow/.local/lib/python3.8/site-packages/airflow/example_dags/example_branch_operator.py
[2026-06-03T12:48:18.655+0000] {processor.py:830} INFO - Processing file /home/airflow/.local/lib/python3.8/site-packages/airflow/example_dags/example_branch_operator.py for tasks to queue
[2026-06-03T12:48:18.656+0000] {logging_mixin.py:188} INFO - [2026-06-03T12:48:18.655+0000] {dagbag.py:538} INFO - Filling up the DagBag from /home/airflow/.local/lib/python3.8/site-packages/airflow/example_dags/example_branch_operator.py
[2026-06-03T12:48:18.669+0000] {processor.py:840} INFO - DAG(s) 'example_branch_operator' retrieved from /home/airflow/.local/lib/python3.8/site-packages/airflow/example_dags/example_branch_operator.py
[2026-06-03T12:48:18.690+0000] {logging_mixin.py:188} INFO - [2026-06-03T12:48:18.690+0000] {dag.py:3033} INFO - Sync 1 DAGs
[2026-06-03T12:48:18.704+0000] {logging_mixin.py:188} INFO - [2026-06-03T12:48:18.704+0000] {dag.py:3820} INFO - Setting next_dagrun for example_branch_operator to 2026-06-02T00:00:00+00:00, run_after=2026-06-03T00:00:00+00:00
[2026-06-03T12:48:18.718+0000] {processor.py:183} INFO - Processing /home/airflow/.local/lib/python3.8/site-packages/airflow/example_dags/example_branch_operator.py took 0.067 seconds
[2026-06-03T12:48:49.636+0000] {processor.py:161} INFO - Started process (PID=6693) to work on /home/airflow/.local/lib/python3.8/site-packages/airflow/example_dags/example_branch_operator.py
[2026-06-03T12:48:49.638+0000] {processor.py:830} INFO - Processing file /home/airflow/.local/lib/python3.8/site-packages/airflow/example_dags/example_branch_operator.py for tasks to queue
[2026-06-03T12:48:49.645+0000] {logging_mixin.py:188} INFO - [2026-06-03T12:48:49.644+0000] {dagbag.py:538} INFO - Filling up the DagBag from /home/airflow/.local/lib/python3.8/site-packages/airflow/example_dags/example_branch_operator.py
[2026-06-03T12:48:49.679+0000] {processor.py:840} INFO - DAG(s) 'example_branch_operator' retrieved from /home/airflow/.local/lib/python3.8/site-packages/airflow/example_dags/example_branch_operator.py
[2026-06-03T12:48:49.707+0000] {logging_mixin.py:188} INFO - [2026-06-03T12:48:49.707+0000] {dag.py:3033} INFO - Sync 1 DAGs
[2026-06-03T12:48:49.731+0000] {logging_mixin.py:188} INFO - [2026-06-03T12:48:49.730+0000] {dag.py:3820} INFO - Setting next_dagrun for example_branch_operator to 2026-06-02T00:00:00+00:00, run_after=2026-06-03T00:00:00+00:00
[2026-06-03T12:48:49.755+0000] {processor.py:183} INFO - Processing /home/airflow/.local/lib/python3.8/site-packages/airflow/example_dags/example_branch_operator.py took 0.125 seconds
[2026-06-03T12:49:20.115+0000] {processor.py:161} INFO - Started process (PID=6749) to work on /home/airflow/.local/lib/python3.8/site-packages/airflow/example_dags/example_branch_operator.py
[2026-06-03T12:49:20.116+0000] {processor.py:830} INFO - Processing file /home/airflow/.local/lib/python3.8/site-packages/airflow/example_dags/example_branch_operator.py for tasks to queue
[2026-06-03T12:49:20.117+0000] {logging_mixin.py:188} INFO - [2026-06-03T12:49:20.117+0000] {dagbag.py:538} INFO - Filling up the DagBag from /home/airflow/.local/lib/python3.8/site-packages/airflow/example_dags/example_branch_operator.py
[2026-06-03T12:49:20.131+0000] {processor.py:840} INFO - DAG(s) 'example_branch_operator' retrieved from /home/airflow/.local/lib/python3.8/site-packages/airflow/example_dags/example_branch_operator.py
[2026-06-03T12:49:20.145+0000] {logging_mixin.py:188} INFO - [2026-06-03T12:49:20.145+0000] {dag.py:3033} INFO - Sync 1 DAGs
[2026-06-03T12:49:20.158+0000] {logging_mixin.py:188} INFO - [2026-06-03T12:49:20.158+0000] {dag.py:3820} INFO - Setting next_dagrun for example_branch_operator to 2026-06-02T00:00:00+00:00, run_after=2026-06-03T00:00:00+00:00
[2026-06-03T12:49:20.167+0000] {processor.py:183} INFO - Processing /home/airflow/.local/lib/python3.8/site-packages/airflow/example_dags/example_branch_operator.py took 0.055 seconds
[2026-06-03T12:49:50.936+0000] {processor.py:161} INFO - Started process (PID=6805) to work on /home/airflow/.local/lib/python3.8/site-packages/airflow/example_dags/example_branch_operator.py
[2026-06-03T12:49:50.937+0000] {processor.py:830} INFO - Processing file /home/airflow/.local/lib/python3.8/site-packages/airflow/example_dags/example_branch_operator.py for tasks to queue
[2026-06-03T12:49:50.938+0000] {logging_mixin.py:188} INFO - [2026-06-03T12:49:50.938+0000] {dagbag.py:538} INFO - Filling up the DagBag from /home/airflow/.local/lib/python3.8/site-packages/airflow/example_dags/example_branch_operator.py
[2026-06-03T12:49:50.949+0000] {processor.py:840} INFO - DAG(s) 'example_branch_operator' retrieved from /home/airflow/.local/lib/python3.8/site-packages/airflow/example_dags/example_branch_operator.py
[2026-06-03T12:49:50.963+0000] {logging_mixin.py:188} INFO - [2026-06-03T12:49:50.963+0000] {dag.py:3033} INFO - Sync 1 DAGs
[2026-06-03T12:49:50.974+0000] {logging_mixin.py:188} INFO - [2026-06-03T12:49:50.974+0000] {dag.py:3820} INFO - Setting next_dagrun for example_branch_operator to 2026-06-02T00:00:00+00:00, run_after=2026-06-03T00:00:00+00:00
[2026-06-03T12:49:50.985+0000] {processor.py:183} INFO - Processing /home/airflow/.local/lib/python3.8/site-packages/airflow/example_dags/example_branch_operator.py took 0.051 seconds
[2026-06-03T12:50:21.694+0000] {processor.py:161} INFO - Started process (PID=6861) to work on /home/airflow/.local/lib/python3.8/site-packages/airflow/example_dags/example_branch_operator.py
[2026-06-03T12:50:21.695+0000] {processor.py:830} INFO - Processing file /home/airflow/.local/lib/python3.8/site-packages/airflow/example_dags/example_branch_operator.py for tasks to queue
[2026-06-03T12:50:21.696+0000] {logging_mixin.py:188} INFO - [2026-06-03T12:50:21.696+0000] {dagbag.py:538} INFO - Filling up the DagBag from /home/airflow/.local/lib/python3.8/site-packages/airflow/example_dags/example_branch_operator.py
[2026-06-03T12:50:21.708+0000] {processor.py:840} INFO - DAG(s) 'example_branch_operator' retrieved from /home/airflow/.local/lib/python3.8/site-packages/airflow/example_dags/example_branch_operator.py
[2026-06-03T12:50:21.727+0000] {logging_mixin.py:188} INFO - [2026-06-03T12:50:21.727+0000] {dag.py:3033} INFO - Sync 1 DAGs
[2026-06-03T12:50:21.742+0000] {logging_mixin.py:188} INFO - [2026-06-03T12:50:21.742+0000] {dag.py:3820} INFO - Setting next_dagrun for example_branch_operator to 2026-06-02T00:00:00+00:00, run_after=2026-06-03T00:00:00+00:00
[2026-06-03T12:50:21.750+0000] {processor.py:183} INFO - Processing /home/airflow/.local/lib/python3.8/site-packages/airflow/example_dags/example_branch_operator.py took 0.058 seconds
[2026-06-03T12:51:00.600+0000] {processor.py:161} INFO - Started process (PID=77) to work on /home/airflow/.local/lib/python3.8/site-packages/airflow/example_dags/example_branch_operator.py
[2026-06-03T12:51:00.616+0000] {processor.py:830} INFO - Processing file /home/airflow/.local/lib/python3.8/site-packages/airflow/example_dags/example_branch_operator.py for tasks to queue
[2026-06-03T12:51:00.622+0000] {logging_mixin.py:188} INFO - [2026-06-03T12:51:00.620+0000] {dagbag.py:538} INFO - Filling up the DagBag from /home/airflow/.local/lib/python3.8/site-packages/airflow/example_dags/example_branch_operator.py
[2026-06-03T12:51:00.693+0000] {processor.py:840} INFO - DAG(s) 'example_branch_operator' retrieved from /home/airflow/.local/lib/python3.8/site-packages/airflow/example_dags/example_branch_operator.py
[2026-06-03T12:51:00.768+0000] {logging_mixin.py:188} INFO - [2026-06-03T12:51:00.768+0000] {dag.py:3033} INFO - Sync 1 DAGs
[2026-06-03T12:51:00.848+0000] {logging_mixin.py:188} INFO - [2026-06-03T12:51:00.847+0000] {dag.py:3820} INFO - Setting next_dagrun for example_branch_operator to 2026-06-02T00:00:00+00:00, run_after=2026-06-03T00:00:00+00:00
[2026-06-03T12:51:00.890+0000] {processor.py:183} INFO - Processing /home/airflow/.local/lib/python3.8/site-packages/airflow/example_dags/example_branch_operator.py took 0.398 seconds
[2026-06-03T12:51:31.241+0000] {processor.py:161} INFO - Started process (PID=133) to work on /home/airflow/.local/lib/python3.8/site-packages/airflow/example_dags/example_branch_operator.py
[2026-06-03T12:51:31.242+0000] {processor.py:830} INFO - Processing file /home/airflow/.local/lib/python3.8/site-packages/airflow/example_dags/example_branch_operator.py for tasks to queue
[2026-06-03T12:51:31.243+0000] {logging_mixin.py:188} INFO - [2026-06-03T12:51:31.243+0000] {dagbag.py:538} INFO - Filling up the DagBag from /home/airflow/.local/lib/python3.8/site-packages/airflow/example_dags/example_branch_operator.py
[2026-06-03T12:51:31.258+0000] {processor.py:840} INFO - DAG(s) 'example_branch_operator' retrieved from /home/airflow/.local/lib/python3.8/site-packages/airflow/example_dags/example_branch_operator.py
[2026-06-03T12:51:31.380+0000] {logging_mixin.py:188} INFO - [2026-06-03T12:51:31.379+0000] {dag.py:3033} INFO - Sync 1 DAGs
[2026-06-03T12:51:31.393+0000] {logging_mixin.py:188} INFO - [2026-06-03T12:51:31.393+0000] {dag.py:3820} INFO - Setting next_dagrun for example_branch_operator to 2026-06-02T00:00:00+00:00, run_after=2026-06-03T00:00:00+00:00
[2026-06-03T12:51:31.420+0000] {processor.py:183} INFO - Processing /home/airflow/.local/lib/python3.8/site-packages/airflow/example_dags/example_branch_operator.py took 0.182 seconds
[2026-06-03T12:52:02.109+0000] {processor.py:161} INFO - Started process (PID=189) to work on /home/airflow/.local/lib/python3.8/site-packages/airflow/example_dags/example_branch_operator.py
[2026-06-03T12:52:02.110+0000] {processor.py:830} INFO - Processing file /home/airflow/.local/lib/python3.8/site-packages/airflow/example_dags/example_branch_operator.py for tasks to queue
[2026-06-03T12:52:02.111+0000] {logging_mixin.py:188} INFO - [2026-06-03T12:52:02.110+0000] {dagbag.py:538} INFO - Filling up the DagBag from /home/airflow/.local/lib/python3.8/site-packages/airflow/example_dags/example_branch_operator.py
[2026-06-03T12:52:02.131+0000] {processor.py:840} INFO - DAG(s) 'example_branch_operator' retrieved from /home/airflow/.local/lib/python3.8/site-packages/airflow/example_dags/example_branch_operator.py
[2026-06-03T12:52:02.161+0000] {logging_mixin.py:188} INFO - [2026-06-03T12:52:02.161+0000] {dag.py:3033} INFO - Sync 1 DAGs
[2026-06-03T12:52:02.212+0000] {logging_mixin.py:188} INFO - [2026-06-03T12:52:02.212+0000] {dag.py:3820} INFO - Setting next_dagrun for example_branch_operator to 2026-06-02T00:00:00+00:00, run_after=2026-06-03T00:00:00+00:00
[2026-06-03T12:52:02.251+0000] {processor.py:183} INFO - Processing /home/airflow/.local/lib/python3.8/site-packages/airflow/example_dags/example_branch_operator.py took 0.144 seconds
[2026-06-03T12:52:32.960+0000] {processor.py:161} INFO - Started process (PID=251) to work on /home/airflow/.local/lib/python3.8/site-packages/airflow/example_dags/example_branch_operator.py
[2026-06-03T12:52:32.960+0000] {processor.py:830} INFO - Processing file /home/airflow/.local/lib/python3.8/site-packages/airflow/example_dags/example_branch_operator.py for tasks to queue
[2026-06-03T12:52:32.964+0000] {logging_mixin.py:188} INFO - [2026-06-03T12:52:32.963+0000] {dagbag.py:538} INFO - Filling up the DagBag from /home/airflow/.local/lib/python3.8/site-packages/airflow/example_dags/example_branch_operator.py
[2026-06-03T12:52:32.975+0000] {processor.py:840} INFO - DAG(s) 'example_branch_operator' retrieved from /home/airflow/.local/lib/python3.8/site-packages/airflow/example_dags/example_branch_operator.py
[2026-06-03T12:52:32.987+0000] {logging_mixin.py:188} INFO - [2026-06-03T12:52:32.987+0000] {dag.py:3033} INFO - Sync 1 DAGs
[2026-06-03T12:52:32.996+0000] {logging_mixin.py:188} INFO - [2026-06-03T12:52:32.996+0000] {dag.py:3820} INFO - Setting next_dagrun for example_branch_operator to 2026-06-02T00:00:00+00:00, run_after=2026-06-03T00:00:00+00:00
[2026-06-03T12:52:33.008+0000] {processor.py:183} INFO - Processing /home/airflow/.local/lib/python3.8/site-packages/airflow/example_dags/example_branch_operator.py took 0.050 seconds
[2026-06-03T12:53:03.384+0000] {processor.py:161} INFO - Started process (PID=307) to work on /home/airflow/.local/lib/python3.8/site-packages/airflow/example_dags/example_branch_operator.py
[2026-06-03T12:53:03.385+0000] {processor.py:830} INFO - Processing file /home/airflow/.local/lib/python3.8/site-packages/airflow/example_dags/example_branch_operator.py for tasks to queue
[2026-06-03T12:53:03.386+0000] {logging_mixin.py:188} INFO - [2026-06-03T12:53:03.386+0000] {dagbag.py:538} INFO - Filling up the DagBag from /home/airflow/.local/lib/python3.8/site-packages/airflow/example_dags/example_branch_operator.py
[2026-06-03T12:53:03.396+0000] {processor.py:840} INFO - DAG(s) 'example_branch_operator' retrieved from /home/airflow/.local/lib/python3.8/site-packages/airflow/example_dags/example_branch_operator.py
[2026-06-03T12:53:03.413+0000] {logging_mixin.py:188} INFO - [2026-06-03T12:53:03.413+0000] {dag.py:3033} INFO - Sync 1 DAGs
[2026-06-03T12:53:03.427+0000] {logging_mixin.py:188} INFO - [2026-06-03T12:53:03.427+0000] {dag.py:3820} INFO - Setting next_dagrun for example_branch_operator to 2026-06-02T00:00:00+00:00, run_after=2026-06-03T00:00:00+00:00
[2026-06-03T12:53:03.438+0000] {processor.py:183} INFO - Processing /home/airflow/.local/lib/python3.8/site-packages/airflow/example_dags/example_branch_operator.py took 0.057 seconds
[2026-06-03T12:53:33.745+0000] {processor.py:161} INFO - Started process (PID=363) to work on /home/airflow/.local/lib/python3.8/site-packages/airflow/example_dags/example_branch_operator.py
[2026-06-03T12:53:33.746+0000] {processor.py:830} INFO - Processing file /home/airflow/.local/lib/python3.8/site-packages/airflow/example_dags/example_branch_operator.py for tasks to queue
[2026-06-03T12:53:33.750+0000] {logging_mixin.py:188} INFO - [2026-06-03T12:53:33.750+0000] {dagbag.py:538} INFO - Filling up the DagBag from /home/airflow/.local/lib/python3.8/site-packages/airflow/example_dags/example_branch_operator.py
[2026-06-03T12:53:33.770+0000] {processor.py:840} INFO - DAG(s) 'example_branch_operator' retrieved from /home/airflow/.local/lib/python3.8/site-packages/airflow/example_dags/example_branch_operator.py
[2026-06-03T12:53:33.792+0000] {logging_mixin.py:188} INFO - [2026-06-03T12:53:33.792+0000] {dag.py:3033} INFO - Sync 1 DAGs
[2026-06-03T12:53:33.831+0000] {logging_mixin.py:188} INFO - [2026-06-03T12:53:33.830+0000] {dag.py:3820} INFO - Setting next_dagrun for example_branch_operator to 2026-06-02T00:00:00+00:00, run_after=2026-06-03T00:00:00+00:00
[2026-06-03T12:53:33.846+0000] {processor.py:183} INFO - Processing /home/airflow/.local/lib/python3.8/site-packages/airflow/example_dags/example_branch_operator.py took 0.103 seconds
[2026-06-03T12:54:04.811+0000] {processor.py:161} INFO - Started process (PID=419) to work on /home/airflow/.local/lib/python3.8/site-packages/airflow/example_dags/example_branch_operator.py
[2026-06-03T12:54:04.814+0000] {processor.py:830} INFO - Processing file /home/airflow/.local/lib/python3.8/site-packages/airflow/example_dags/example_branch_operator.py for tasks to queue
[2026-06-03T12:54:04.816+0000] {logging_mixin.py:188} INFO - [2026-06-03T12:54:04.816+0000] {dagbag.py:538} INFO - Filling up the DagBag from /home/airflow/.local/lib/python3.8/site-packages/airflow/example_dags/example_branch_operator.py
[2026-06-03T12:54:04.830+0000] {processor.py:840} INFO - DAG(s) 'example_branch_operator' retrieved from /home/airflow/.local/lib/python3.8/site-packages/airflow/example_dags/example_branch_operator.py
[2026-06-03T12:54:04.848+0000] {logging_mixin.py:188} INFO - [2026-06-03T12:54:04.848+0000] {dag.py:3033} INFO - Sync 1 DAGs
[2026-06-03T12:54:04.862+0000] {logging_mixin.py:188} INFO - [2026-06-03T12:54:04.862+0000] {dag.py:3820} INFO - Setting next_dagrun for example_branch_operator to 2026-06-02T00:00:00+00:00, run_after=2026-06-03T00:00:00+00:00
[2026-06-03T12:54:04.873+0000] {processor.py:183} INFO - Processing /home/airflow/.local/lib/python3.8/site-packages/airflow/example_dags/example_branch_operator.py took 0.068 seconds
[2026-06-03T12:54:35.021+0000] {processor.py:161} INFO - Started process (PID=475) to work on /home/airflow/.local/lib/python3.8/site-packages/airflow/example_dags/example_branch_operator.py
[2026-06-03T12:54:35.021+0000] {processor.py:830} INFO - Processing file /home/airflow/.local/lib/python3.8/site-packages/airflow/example_dags/example_branch_operator.py for tasks to queue
[2026-06-03T12:54:35.022+0000] {logging_mixin.py:188} INFO - [2026-06-03T12:54:35.022+0000] {dagbag.py:538} INFO - Filling up the DagBag from /home/airflow/.local/lib/python3.8/site-packages/airflow/example_dags/example_branch_operator.py
[2026-06-03T12:54:35.034+0000] {processor.py:840} INFO - DAG(s) 'example_branch_operator' retrieved from /home/airflow/.local/lib/python3.8/site-packages/airflow/example_dags/example_branch_operator.py
[2026-06-03T12:54:35.054+0000] {logging_mixin.py:188} INFO - [2026-06-03T12:54:35.054+0000] {dag.py:3033} INFO - Sync 1 DAGs
[2026-06-03T12:54:35.072+0000] {logging_mixin.py:188} INFO - [2026-06-03T12:54:35.072+0000] {dag.py:3820} INFO - Setting next_dagrun for example_branch_operator to 2026-06-02T00:00:00+00:00, run_after=2026-06-03T00:00:00+00:00
[2026-06-03T12:54:35.082+0000] {processor.py:183} INFO - Processing /home/airflow/.local/lib/python3.8/site-packages/airflow/example_dags/example_branch_operator.py took 0.062 seconds
[2026-06-03T12:55:05.619+0000] {processor.py:161} INFO - Started process (PID=531) to work on /home/airflow/.local/lib/python3.8/site-packages/airflow/example_dags/example_branch_operator.py
[2026-06-03T12:55:05.620+0000] {processor.py:830} INFO - Processing file /home/airflow/.local/lib/python3.8/site-packages/airflow/example_dags/example_branch_operator.py for tasks to queue
[2026-06-03T12:55:05.622+0000] {logging_mixin.py:188} INFO - [2026-06-03T12:55:05.621+0000] {dagbag.py:538} INFO - Filling up the DagBag from /home/airflow/.local/lib/python3.8/site-packages/airflow/example_dags/example_branch_operator.py
[2026-06-03T12:55:05.635+0000] {processor.py:840} INFO - DAG(s) 'example_branch_operator' retrieved from /home/airflow/.local/lib/python3.8/site-packages/airflow/example_dags/example_branch_operator.py
[2026-06-03T12:55:05.655+0000] {logging_mixin.py:188} INFO - [2026-06-03T12:55:05.655+0000] {dag.py:3033} INFO - Sync 1 DAGs
[2026-06-03T12:55:05.670+0000] {logging_mixin.py:188} INFO - [2026-06-03T12:55:05.669+0000] {dag.py:3820} INFO - Setting next_dagrun for example_branch_operator to 2026-06-02T00:00:00+00:00, run_after=2026-06-03T00:00:00+00:00
[2026-06-03T12:55:05.678+0000] {processor.py:183} INFO - Processing /home/airflow/.local/lib/python3.8/site-packages/airflow/example_dags/example_branch_operator.py took 0.061 seconds
[2026-06-03T12:55:37.196+0000] {processor.py:161} INFO - Started process (PID=587) to work on /home/airflow/.local/lib/python3.8/site-packages/airflow/example_dags/example_branch_operator.py
[2026-06-03T12:55:37.198+0000] {processor.py:830} INFO - Processing file /home/airflow/.local/lib/python3.8/site-packages/airflow/example_dags/example_branch_operator.py for tasks to queue
[2026-06-03T12:55:37.200+0000] {logging_mixin.py:188} INFO - [2026-06-03T12:55:37.200+0000] {dagbag.py:538} INFO - Filling up the DagBag from /home/airflow/.local/lib/python3.8/site-packages/airflow/example_dags/example_branch_operator.py
[2026-06-03T12:55:37.231+0000] {processor.py:840} INFO - DAG(s) 'example_branch_operator' retrieved from /home/airflow/.local/lib/python3.8/site-packages/airflow/example_dags/example_branch_operator.py
[2026-06-03T12:55:37.260+0000] {logging_mixin.py:188} INFO - [2026-06-03T12:55:37.259+0000] {dag.py:3033} INFO - Sync 1 DAGs
[2026-06-03T12:55:37.281+0000] {logging_mixin.py:188} INFO - [2026-06-03T12:55:37.281+0000] {dag.py:3820} INFO - Setting next_dagrun for example_branch_operator to 2026-06-02T00:00:00+00:00, run_after=2026-06-03T00:00:00+00:00
[2026-06-03T12:55:37.299+0000] {processor.py:183} INFO - Processing /home/airflow/.local/lib/python3.8/site-packages/airflow/example_dags/example_branch_operator.py took 0.108 seconds
[2026-06-03T12:56:08.328+0000] {processor.py:161} INFO - Started process (PID=649) to work on /home/airflow/.local/lib/python3.8/site-packages/airflow/example_dags/example_branch_operator.py
[2026-06-03T12:56:08.331+0000] {processor.py:830} INFO - Processing file /home/airflow/.local/lib/python3.8/site-packages/airflow/example_dags/example_branch_operator.py for tasks to queue
[2026-06-03T12:56:08.337+0000] {logging_mixin.py:188} INFO - [2026-06-03T12:56:08.337+0000] {dagbag.py:538} INFO - Filling up the DagBag from /home/airflow/.local/lib/python3.8/site-packages/airflow/example_dags/example_branch_operator.py
[2026-06-03T12:56:08.363+0000] {processor.py:840} INFO - DAG(s) 'example_branch_operator' retrieved from /home/airflow/.local/lib/python3.8/site-packages/airflow/example_dags/example_branch_operator.py
[2026-06-03T12:56:08.390+0000] {logging_mixin.py:188} INFO - [2026-06-03T12:56:08.390+0000] {dag.py:3033} INFO - Sync 1 DAGs
[2026-06-03T12:56:08.413+0000] {logging_mixin.py:188} INFO - [2026-06-03T12:56:08.413+0000] {dag.py:3820} INFO - Setting next_dagrun for example_branch_operator to 2026-06-02T00:00:00+00:00, run_after=2026-06-03T00:00:00+00:00
[2026-06-03T12:56:08.426+0000] {processor.py:183} INFO - Processing /home/airflow/.local/lib/python3.8/site-packages/airflow/example_dags/example_branch_operator.py took 0.111 seconds
[2026-06-03T12:56:39.126+0000] {processor.py:161} INFO - Started process (PID=789) to work on /home/airflow/.local/lib/python3.8/site-packages/airflow/example_dags/example_branch_operator.py
[2026-06-03T12:56:39.126+0000] {processor.py:830} INFO - Processing file /home/airflow/.local/lib/python3.8/site-packages/airflow/example_dags/example_branch_operator.py for tasks to queue
[2026-06-03T12:56:39.127+0000] {logging_mixin.py:188} INFO - [2026-06-03T12:56:39.127+0000] {dagbag.py:538} INFO - Filling up the DagBag from /home/airflow/.local/lib/python3.8/site-packages/airflow/example_dags/example_branch_operator.py
[2026-06-03T12:56:39.139+0000] {processor.py:840} INFO - DAG(s) 'example_branch_operator' retrieved from /home/airflow/.local/lib/python3.8/site-packages/airflow/example_dags/example_branch_operator.py
[2026-06-03T12:56:39.154+0000] {logging_mixin.py:188} INFO - [2026-06-03T12:56:39.153+0000] {dag.py:3033} INFO - Sync 1 DAGs
[2026-06-03T12:56:39.169+0000] {logging_mixin.py:188} INFO - [2026-06-03T12:56:39.169+0000] {dag.py:3820} INFO - Setting next_dagrun for example_branch_operator to 2026-06-02T00:00:00+00:00, run_after=2026-06-03T00:00:00+00:00
[2026-06-03T12:56:39.189+0000] {processor.py:183} INFO - Processing /home/airflow/.local/lib/python3.8/site-packages/airflow/example_dags/example_branch_operator.py took 0.065 seconds
[2026-06-03T12:57:09.933+0000] {processor.py:161} INFO - Started process (PID=845) to work on /home/airflow/.local/lib/python3.8/site-packages/airflow/example_dags/example_branch_operator.py
[2026-06-03T12:57:09.934+0000] {processor.py:830} INFO - Processing file /home/airflow/.local/lib/python3.8/site-packages/airflow/example_dags/example_branch_operator.py for tasks to queue
[2026-06-03T12:57:09.935+0000] {logging_mixin.py:188} INFO - [2026-06-03T12:57:09.935+0000] {dagbag.py:538} INFO - Filling up the DagBag from /home/airflow/.local/lib/python3.8/site-packages/airflow/example_dags/example_branch_operator.py
[2026-06-03T12:57:09.942+0000] {processor.py:840} INFO - DAG(s) 'example_branch_operator' retrieved from /home/airflow/.local/lib/python3.8/site-packages/airflow/example_dags/example_branch_operator.py
[2026-06-03T12:57:09.960+0000] {logging_mixin.py:188} INFO - [2026-06-03T12:57:09.959+0000] {dag.py:3033} INFO - Sync 1 DAGs
[2026-06-03T12:57:09.971+0000] {logging_mixin.py:188} INFO - [2026-06-03T12:57:09.971+0000] {dag.py:3820} INFO - Setting next_dagrun for example_branch_operator to 2026-06-02T00:00:00+00:00, run_after=2026-06-03T00:00:00+00:00
[2026-06-03T12:57:09.985+0000] {processor.py:183} INFO - Processing /home/airflow/.local/lib/python3.8/site-packages/airflow/example_dags/example_branch_operator.py took 0.054 seconds
[2026-06-03T12:57:40.925+0000] {processor.py:161} INFO - Started process (PID=901) to work on /home/airflow/.local/lib/python3.8/site-packages/airflow/example_dags/example_branch_operator.py
[2026-06-03T12:57:40.927+0000] {processor.py:830} INFO - Processing file /home/airflow/.local/lib/python3.8/site-packages/airflow/example_dags/example_branch_operator.py for tasks to queue
[2026-06-03T12:57:40.935+0000] {logging_mixin.py:188} INFO - [2026-06-03T12:57:40.934+0000] {dagbag.py:538} INFO - Filling up the DagBag from /home/airflow/.local/lib/python3.8/site-packages/airflow/example_dags/example_branch_operator.py
[2026-06-03T12:57:40.952+0000] {processor.py:840} INFO - DAG(s) 'example_branch_operator' retrieved from /home/airflow/.local/lib/python3.8/site-packages/airflow/example_dags/example_branch_operator.py
[2026-06-03T12:57:40.976+0000] {logging_mixin.py:188} INFO - [2026-06-03T12:57:40.976+0000] {dag.py:3033} INFO - Sync 1 DAGs
[2026-06-03T12:57:40.992+0000] {logging_mixin.py:188} INFO - [2026-06-03T12:57:40.992+0000] {dag.py:3820} INFO - Setting next_dagrun for example_branch_operator to 2026-06-02T00:00:00+00:00, run_after=2026-06-03T00:00:00+00:00
[2026-06-03T12:57:41.007+0000] {processor.py:183} INFO - Processing /home/airflow/.local/lib/python3.8/site-packages/airflow/example_dags/example_branch_operator.py took 0.086 seconds
[2026-06-03T12:58:11.941+0000] {processor.py:161} INFO - Started process (PID=957) to work on /home/airflow/.local/lib/python3.8/site-packages/airflow/example_dags/example_branch_operator.py
[2026-06-03T12:58:11.942+0000] {processor.py:830} INFO - Processing file /home/airflow/.local/lib/python3.8/site-packages/airflow/example_dags/example_branch_operator.py for tasks to queue
[2026-06-03T12:58:11.944+0000] {logging_mixin.py:188} INFO - [2026-06-03T12:58:11.943+0000] {dagbag.py:538} INFO - Filling up the DagBag from /home/airflow/.local/lib/python3.8/site-packages/airflow/example_dags/example_branch_operator.py
[2026-06-03T12:58:11.970+0000] {processor.py:840} INFO - DAG(s) 'example_branch_operator' retrieved from /home/airflow/.local/lib/python3.8/site-packages/airflow/example_dags/example_branch_operator.py
[2026-06-03T12:58:12.005+0000] {logging_mixin.py:188} INFO - [2026-06-03T12:58:12.004+0000] {dag.py:3033} INFO - Sync 1 DAGs
[2026-06-03T12:58:12.025+0000] {logging_mixin.py:188} INFO - [2026-06-03T12:58:12.025+0000] {dag.py:3820} INFO - Setting next_dagrun for example_branch_operator to 2026-06-02T00:00:00+00:00, run_after=2026-06-03T00:00:00+00:00
[2026-06-03T12:58:12.035+0000] {processor.py:183} INFO - Processing /home/airflow/.local/lib/python3.8/site-packages/airflow/example_dags/example_branch_operator.py took 0.096 seconds
[2026-06-03T12:58:42.485+0000] {processor.py:161} INFO - Started process (PID=1013) to work on /home/airflow/.local/lib/python3.8/site-packages/airflow/example_dags/example_branch_operator.py
[2026-06-03T12:58:42.486+0000] {processor.py:830} INFO - Processing file /home/airflow/.local/lib/python3.8/site-packages/airflow/example_dags/example_branch_operator.py for tasks to queue
[2026-06-03T12:58:42.487+0000] {logging_mixin.py:188} INFO - [2026-06-03T12:58:42.487+0000] {dagbag.py:538} INFO - Filling up the DagBag from /home/airflow/.local/lib/python3.8/site-packages/airflow/example_dags/example_branch_operator.py
[2026-06-03T12:58:42.497+0000] {processor.py:840} INFO - DAG(s) 'example_branch_operator' retrieved from /home/airflow/.local/lib/python3.8/site-packages/airflow/example_dags/example_branch_operator.py
[2026-06-03T12:58:42.514+0000] {logging_mixin.py:188} INFO - [2026-06-03T12:58:42.514+0000] {dag.py:3033} INFO - Sync 1 DAGs
[2026-06-03T12:58:42.531+0000] {logging_mixin.py:188} INFO - [2026-06-03T12:58:42.531+0000] {dag.py:3820} INFO - Setting next_dagrun for example_branch_operator to 2026-06-02T00:00:00+00:00, run_after=2026-06-03T00:00:00+00:00
[2026-06-03T12:58:42.541+0000] {processor.py:183} INFO - Processing /home/airflow/.local/lib/python3.8/site-packages/airflow/example_dags/example_branch_operator.py took 0.059 seconds
[2026-06-03T12:59:13.452+0000] {processor.py:161} INFO - Started process (PID=1069) to work on /home/airflow/.local/lib/python3.8/site-packages/airflow/example_dags/example_branch_operator.py
[2026-06-03T12:59:13.453+0000] {processor.py:830} INFO - Processing file /home/airflow/.local/lib/python3.8/site-packages/airflow/example_dags/example_branch_operator.py for tasks to queue
[2026-06-03T12:59:13.455+0000] {logging_mixin.py:188} INFO - [2026-06-03T12:59:13.455+0000] {dagbag.py:538} INFO - Filling up the DagBag from /home/airflow/.local/lib/python3.8/site-packages/airflow/example_dags/example_branch_operator.py
[2026-06-03T12:59:13.464+0000] {processor.py:840} INFO - DAG(s) 'example_branch_operator' retrieved from /home/airflow/.local/lib/python3.8/site-packages/airflow/example_dags/example_branch_operator.py
[2026-06-03T12:59:13.480+0000] {logging_mixin.py:188} INFO - [2026-06-03T12:59:13.480+0000] {dag.py:3033} INFO - Sync 1 DAGs
[2026-06-03T12:59:13.496+0000] {logging_mixin.py:188} INFO - [2026-06-03T12:59:13.496+0000] {dag.py:3820} INFO - Setting next_dagrun for example_branch_operator to 2026-06-02T00:00:00+00:00, run_after=2026-06-03T00:00:00+00:00
[2026-06-03T12:59:13.509+0000] {processor.py:183} INFO - Processing /home/airflow/.local/lib/python3.8/site-packages/airflow/example_dags/example_branch_operator.py took 0.059 seconds
[2026-06-03T12:59:43.673+0000] {processor.py:161} INFO - Started process (PID=1125) to work on /home/airflow/.local/lib/python3.8/site-packages/airflow/example_dags/example_branch_operator.py
[2026-06-03T12:59:43.675+0000] {processor.py:830} INFO - Processing file /home/airflow/.local/lib/python3.8/site-packages/airflow/example_dags/example_branch_operator.py for tasks to queue
[2026-06-03T12:59:43.677+0000] {logging_mixin.py:188} INFO - [2026-06-03T12:59:43.677+0000] {dagbag.py:538} INFO - Filling up the DagBag from /home/airflow/.local/lib/python3.8/site-packages/airflow/example_dags/example_branch_operator.py
[2026-06-03T12:59:43.687+0000] {processor.py:840} INFO - DAG(s) 'example_branch_operator' retrieved from /home/airflow/.local/lib/python3.8/site-packages/airflow/example_dags/example_branch_operator.py
[2026-06-03T12:59:43.700+0000] {logging_mixin.py:188} INFO - [2026-06-03T12:59:43.700+0000] {dag.py:3033} INFO - Sync 1 DAGs
[2026-06-03T12:59:43.711+0000] {logging_mixin.py:188} INFO - [2026-06-03T12:59:43.711+0000] {dag.py:3820} INFO - Setting next_dagrun for example_branch_operator to 2026-06-02T00:00:00+00:00, run_after=2026-06-03T00:00:00+00:00
[2026-06-03T12:59:43.718+0000] {processor.py:183} INFO - Processing /home/airflow/.local/lib/python3.8/site-packages/airflow/example_dags/example_branch_operator.py took 0.048 seconds
[2026-06-03T13:00:14.428+0000] {processor.py:161} INFO - Started process (PID=1181) to work on /home/airflow/.local/lib/python3.8/site-packages/airflow/example_dags/example_branch_operator.py
[2026-06-03T13:00:14.429+0000] {processor.py:830} INFO - Processing file /home/airflow/.local/lib/python3.8/site-packages/airflow/example_dags/example_branch_operator.py for tasks to queue
[2026-06-03T13:00:14.431+0000] {logging_mixin.py:188} INFO - [2026-06-03T13:00:14.431+0000] {dagbag.py:538} INFO - Filling up the DagBag from /home/airflow/.local/lib/python3.8/site-packages/airflow/example_dags/example_branch_operator.py
[2026-06-03T13:00:14.440+0000] {processor.py:840} INFO - DAG(s) 'example_branch_operator' retrieved from /home/airflow/.local/lib/python3.8/site-packages/airflow/example_dags/example_branch_operator.py
[2026-06-03T13:00:14.459+0000] {logging_mixin.py:188} INFO - [2026-06-03T13:00:14.459+0000] {dag.py:3033} INFO - Sync 1 DAGs
[2026-06-03T13:00:14.481+0000] {logging_mixin.py:188} INFO - [2026-06-03T13:00:14.481+0000] {dag.py:3820} INFO - Setting next_dagrun for example_branch_operator to 2026-06-02T00:00:00+00:00, run_after=2026-06-03T00:00:00+00:00
[2026-06-03T13:00:14.490+0000] {processor.py:183} INFO - Processing /home/airflow/.local/lib/python3.8/site-packages/airflow/example_dags/example_branch_operator.py took 0.064 seconds
[2026-06-03T13:00:44.525+0000] {processor.py:161} INFO - Started process (PID=1236) to work on /home/airflow/.local/lib/python3.8/site-packages/airflow/example_dags/example_branch_operator.py
[2026-06-03T13:00:44.525+0000] {processor.py:830} INFO - Processing file /home/airflow/.local/lib/python3.8/site-packages/airflow/example_dags/example_branch_operator.py for tasks to queue
[2026-06-03T13:00:44.526+0000] {logging_mixin.py:188} INFO - [2026-06-03T13:00:44.526+0000] {dagbag.py:538} INFO - Filling up the DagBag from /home/airflow/.local/lib/python3.8/site-packages/airflow/example_dags/example_branch_operator.py
[2026-06-03T13:00:44.534+0000] {processor.py:840} INFO - DAG(s) 'example_branch_operator' retrieved from /home/airflow/.local/lib/python3.8/site-packages/airflow/example_dags/example_branch_operator.py
[2026-06-03T13:00:44.545+0000] {logging_mixin.py:188} INFO - [2026-06-03T13:00:44.545+0000] {dag.py:3033} INFO - Sync 1 DAGs
[2026-06-03T13:00:44.553+0000] {logging_mixin.py:188} INFO - [2026-06-03T13:00:44.553+0000] {dag.py:3820} INFO - Setting next_dagrun for example_branch_operator to 2026-06-02T00:00:00+00:00, run_after=2026-06-03T00:00:00+00:00
[2026-06-03T13:00:44.559+0000] {processor.py:183} INFO - Processing /home/airflow/.local/lib/python3.8/site-packages/airflow/example_dags/example_branch_operator.py took 0.035 seconds
[2026-06-03T13:01:14.685+0000] {processor.py:161} INFO - Started process (PID=1292) to work on /home/airflow/.local/lib/python3.8/site-packages/airflow/example_dags/example_branch_operator.py
[2026-06-03T13:01:14.686+0000] {processor.py:830} INFO - Processing file /home/airflow/.local/lib/python3.8/site-packages/airflow/example_dags/example_branch_operator.py for tasks to queue
[2026-06-03T13:01:14.689+0000] {logging_mixin.py:188} INFO - [2026-06-03T13:01:14.689+0000] {dagbag.py:538} INFO - Filling up the DagBag from /home/airflow/.local/lib/python3.8/site-packages/airflow/example_dags/example_branch_operator.py
[2026-06-03T13:01:14.699+0000] {processor.py:840} INFO - DAG(s) 'example_branch_operator' retrieved from /home/airflow/.local/lib/python3.8/site-packages/airflow/example_dags/example_branch_operator.py
[2026-06-03T13:01:14.711+0000] {logging_mixin.py:188} INFO - [2026-06-03T13:01:14.711+0000] {dag.py:3033} INFO - Sync 1 DAGs
[2026-06-03T13:01:14.725+0000] {logging_mixin.py:188} INFO - [2026-06-03T13:01:14.725+0000] {dag.py:3820} INFO - Setting next_dagrun for example_branch_operator to 2026-06-02T00:00:00+00:00, run_after=2026-06-03T00:00:00+00:00
[2026-06-03T13:01:14.737+0000] {processor.py:183} INFO - Processing /home/airflow/.local/lib/python3.8/site-packages/airflow/example_dags/example_branch_operator.py took 0.055 seconds
[2026-06-03T13:01:45.162+0000] {processor.py:161} INFO - Started process (PID=1348) to work on /home/airflow/.local/lib/python3.8/site-packages/airflow/example_dags/example_branch_operator.py
[2026-06-03T13:01:45.163+0000] {processor.py:830} INFO - Processing file /home/airflow/.local/lib/python3.8/site-packages/airflow/example_dags/example_branch_operator.py for tasks to queue
[2026-06-03T13:01:45.164+0000] {logging_mixin.py:188} INFO - [2026-06-03T13:01:45.164+0000] {dagbag.py:538} INFO - Filling up the DagBag from /home/airflow/.local/lib/python3.8/site-packages/airflow/example_dags/example_branch_operator.py
[2026-06-03T13:01:45.176+0000] {processor.py:840} INFO - DAG(s) 'example_branch_operator' retrieved from /home/airflow/.local/lib/python3.8/site-packages/airflow/example_dags/example_branch_operator.py
[2026-06-03T13:01:45.195+0000] {logging_mixin.py:188} INFO - [2026-06-03T13:01:45.195+0000] {dag.py:3033} INFO - Sync 1 DAGs
[2026-06-03T13:01:45.208+0000] {logging_mixin.py:188} INFO - [2026-06-03T13:01:45.208+0000] {dag.py:3820} INFO - Setting next_dagrun for example_branch_operator to 2026-06-02T00:00:00+00:00, run_after=2026-06-03T00:00:00+00:00
[2026-06-03T13:01:45.217+0000] {processor.py:183} INFO - Processing /home/airflow/.local/lib/python3.8/site-packages/airflow/example_dags/example_branch_operator.py took 0.056 seconds
[2026-06-03T13:02:16.203+0000] {processor.py:161} INFO - Started process (PID=1404) to work on /home/airflow/.local/lib/python3.8/site-packages/airflow/example_dags/example_branch_operator.py
[2026-06-03T13:02:16.205+0000] {processor.py:830} INFO - Processing file /home/airflow/.local/lib/python3.8/site-packages/airflow/example_dags/example_branch_operator.py for tasks to queue
[2026-06-03T13:02:16.208+0000] {logging_mixin.py:188} INFO - [2026-06-03T13:02:16.208+0000] {dagbag.py:538} INFO - Filling up the DagBag from /home/airflow/.local/lib/python3.8/site-packages/airflow/example_dags/example_branch_operator.py
[2026-06-03T13:02:16.250+0000] {processor.py:840} INFO - DAG(s) 'example_branch_operator' retrieved from /home/airflow/.local/lib/python3.8/site-packages/airflow/example_dags/example_branch_operator.py
[2026-06-03T13:02:16.281+0000] {logging_mixin.py:188} INFO - [2026-06-03T13:02:16.280+0000] {dag.py:3033} INFO - Sync 1 DAGs
[2026-06-03T13:02:16.308+0000] {logging_mixin.py:188} INFO - [2026-06-03T13:02:16.307+0000] {dag.py:3820} INFO - Setting next_dagrun for example_branch_operator to 2026-06-02T00:00:00+00:00, run_after=2026-06-03T00:00:00+00:00
[2026-06-03T13:02:16.330+0000] {processor.py:183} INFO - Processing /home/airflow/.local/lib/python3.8/site-packages/airflow/example_dags/example_branch_operator.py took 0.131 seconds
[2026-06-03T13:02:47.978+0000] {processor.py:161} INFO - Started process (PID=1460) to work on /home/airflow/.local/lib/python3.8/site-packages/airflow/example_dags/example_branch_operator.py
[2026-06-03T13:02:47.983+0000] {processor.py:830} INFO - Processing file /home/airflow/.local/lib/python3.8/site-packages/airflow/example_dags/example_branch_operator.py for tasks to queue
[2026-06-03T13:02:47.992+0000] {logging_mixin.py:188} INFO - [2026-06-03T13:02:47.992+0000] {dagbag.py:538} INFO - Filling up the DagBag from /home/airflow/.local/lib/python3.8/site-packages/airflow/example_dags/example_branch_operator.py
[2026-06-03T13:02:48.039+0000] {processor.py:840} INFO - DAG(s) 'example_branch_operator' retrieved from /home/airflow/.local/lib/python3.8/site-packages/airflow/example_dags/example_branch_operator.py
[2026-06-03T13:02:48.084+0000] {logging_mixin.py:188} INFO - [2026-06-03T13:02:48.084+0000] {dag.py:3033} INFO - Sync 1 DAGs
[2026-06-03T13:02:48.112+0000] {logging_mixin.py:188} INFO - [2026-06-03T13:02:48.112+0000] {dag.py:3820} INFO - Setting next_dagrun for example_branch_operator to 2026-06-02T00:00:00+00:00, run_after=2026-06-03T00:00:00+00:00
[2026-06-03T13:02:48.165+0000] {processor.py:183} INFO - Processing /home/airflow/.local/lib/python3.8/site-packages/airflow/example_dags/example_branch_operator.py took 0.196 seconds
[2026-06-03T13:03:18.353+0000] {processor.py:161} INFO - Started process (PID=1516) to work on /home/airflow/.local/lib/python3.8/site-packages/airflow/example_dags/example_branch_operator.py
[2026-06-03T13:03:18.356+0000] {processor.py:830} INFO - Processing file /home/airflow/.local/lib/python3.8/site-packages/airflow/example_dags/example_branch_operator.py for tasks to queue
[2026-06-03T13:03:18.360+0000] {logging_mixin.py:188} INFO - [2026-06-03T13:03:18.360+0000] {dagbag.py:538} INFO - Filling up the DagBag from /home/airflow/.local/lib/python3.8/site-packages/airflow/example_dags/example_branch_operator.py
[2026-06-03T13:03:18.371+0000] {processor.py:840} INFO - DAG(s) 'example_branch_operator' retrieved from /home/airflow/.local/lib/python3.8/site-packages/airflow/example_dags/example_branch_operator.py
[2026-06-03T13:03:18.397+0000] {logging_mixin.py:188} INFO - [2026-06-03T13:03:18.397+0000] {dag.py:3033} INFO - Sync 1 DAGs
[2026-06-03T13:03:18.425+0000] {logging_mixin.py:188} INFO - [2026-06-03T13:03:18.425+0000] {dag.py:3820} INFO - Setting next_dagrun for example_branch_operator to 2026-06-02T00:00:00+00:00, run_after=2026-06-03T00:00:00+00:00
[2026-06-03T13:03:18.442+0000] {processor.py:183} INFO - Processing /home/airflow/.local/lib/python3.8/site-packages/airflow/example_dags/example_branch_operator.py took 0.090 seconds
[2026-06-03T13:03:49.489+0000] {processor.py:161} INFO - Started process (PID=1572) to work on /home/airflow/.local/lib/python3.8/site-packages/airflow/example_dags/example_branch_operator.py
[2026-06-03T13:03:49.490+0000] {processor.py:830} INFO - Processing file /home/airflow/.local/lib/python3.8/site-packages/airflow/example_dags/example_branch_operator.py for tasks to queue
[2026-06-03T13:03:49.492+0000] {logging_mixin.py:188} INFO - [2026-06-03T13:03:49.492+0000] {dagbag.py:538} INFO - Filling up the DagBag from /home/airflow/.local/lib/python3.8/site-packages/airflow/example_dags/example_branch_operator.py
[2026-06-03T13:03:49.512+0000] {processor.py:840} INFO - DAG(s) 'example_branch_operator' retrieved from /home/airflow/.local/lib/python3.8/site-packages/airflow/example_dags/example_branch_operator.py
[2026-06-03T13:03:49.594+0000] {logging_mixin.py:188} INFO - [2026-06-03T13:03:49.594+0000] {dag.py:3033} INFO - Sync 1 DAGs
[2026-06-03T13:03:49.615+0000] {logging_mixin.py:188} INFO - [2026-06-03T13:03:49.615+0000] {dag.py:3820} INFO - Setting next_dagrun for example_branch_operator to 2026-06-02T00:00:00+00:00, run_after=2026-06-03T00:00:00+00:00
[2026-06-03T13:03:49.629+0000] {processor.py:183} INFO - Processing /home/airflow/.local/lib/python3.8/site-packages/airflow/example_dags/example_branch_operator.py took 0.141 seconds
[2026-06-03T13:04:20.268+0000] {processor.py:161} INFO - Started process (PID=1628) to work on /home/airflow/.local/lib/python3.8/site-packages/airflow/example_dags/example_branch_operator.py
[2026-06-03T13:04:20.269+0000] {processor.py:830} INFO - Processing file /home/airflow/.local/lib/python3.8/site-packages/airflow/example_dags/example_branch_operator.py for tasks to queue
[2026-06-03T13:04:20.272+0000] {logging_mixin.py:188} INFO - [2026-06-03T13:04:20.272+0000] {dagbag.py:538} INFO - Filling up the DagBag from /home/airflow/.local/lib/python3.8/site-packages/airflow/example_dags/example_branch_operator.py
[2026-06-03T13:04:20.290+0000] {processor.py:840} INFO - DAG(s) 'example_branch_operator' retrieved from /home/airflow/.local/lib/python3.8/site-packages/airflow/example_dags/example_branch_operator.py
[2026-06-03T13:04:20.310+0000] {logging_mixin.py:188} INFO - [2026-06-03T13:04:20.310+0000] {dag.py:3033} INFO - Sync 1 DAGs
[2026-06-03T13:04:20.320+0000] {logging_mixin.py:188} INFO - [2026-06-03T13:04:20.320+0000] {dag.py:3820} INFO - Setting next_dagrun for example_branch_operator to 2026-06-02T00:00:00+00:00, run_after=2026-06-03T00:00:00+00:00
[2026-06-03T13:04:20.563+0000] {processor.py:183} INFO - Processing /home/airflow/.local/lib/python3.8/site-packages/airflow/example_dags/example_branch_operator.py took 0.298 seconds
[2026-06-03T13:04:50.987+0000] {processor.py:161} INFO - Started process (PID=1684) to work on /home/airflow/.local/lib/python3.8/site-packages/airflow/example_dags/example_branch_operator.py
[2026-06-03T13:04:50.987+0000] {processor.py:830} INFO - Processing file /home/airflow/.local/lib/python3.8/site-packages/airflow/example_dags/example_branch_operator.py for tasks to queue
[2026-06-03T13:04:50.989+0000] {logging_mixin.py:188} INFO - [2026-06-03T13:04:50.989+0000] {dagbag.py:538} INFO - Filling up the DagBag from /home/airflow/.local/lib/python3.8/site-packages/airflow/example_dags/example_branch_operator.py
[2026-06-03T13:04:51.002+0000] {processor.py:840} INFO - DAG(s) 'example_branch_operator' retrieved from /home/airflow/.local/lib/python3.8/site-packages/airflow/example_dags/example_branch_operator.py
[2026-06-03T13:04:51.021+0000] {logging_mixin.py:188} INFO - [2026-06-03T13:04:51.021+0000] {dag.py:3033} INFO - Sync 1 DAGs
[2026-06-03T13:04:51.033+0000] {logging_mixin.py:188} INFO - [2026-06-03T13:04:51.033+0000] {dag.py:3820} INFO - Setting next_dagrun for example_branch_operator to 2026-06-02T00:00:00+00:00, run_after=2026-06-03T00:00:00+00:00
[2026-06-03T13:04:51.042+0000] {processor.py:183} INFO - Processing /home/airflow/.local/lib/python3.8/site-packages/airflow/example_dags/example_branch_operator.py took 0.057 seconds
[2026-06-03T13:05:21.971+0000] {processor.py:161} INFO - Started process (PID=1740) to work on /home/airflow/.local/lib/python3.8/site-packages/airflow/example_dags/example_branch_operator.py
[2026-06-03T13:05:21.971+0000] {processor.py:830} INFO - Processing file /home/airflow/.local/lib/python3.8/site-packages/airflow/example_dags/example_branch_operator.py for tasks to queue
[2026-06-03T13:05:21.972+0000] {logging_mixin.py:188} INFO - [2026-06-03T13:05:21.972+0000] {dagbag.py:538} INFO - Filling up the DagBag from /home/airflow/.local/lib/python3.8/site-packages/airflow/example_dags/example_branch_operator.py
[2026-06-03T13:05:21.982+0000] {processor.py:840} INFO - DAG(s) 'example_branch_operator' retrieved from /home/airflow/.local/lib/python3.8/site-packages/airflow/example_dags/example_branch_operator.py
[2026-06-03T13:05:21.999+0000] {logging_mixin.py:188} INFO - [2026-06-03T13:05:21.999+0000] {dag.py:3033} INFO - Sync 1 DAGs
[2026-06-03T13:05:22.011+0000] {logging_mixin.py:188} INFO - [2026-06-03T13:05:22.011+0000] {dag.py:3820} INFO - Setting next_dagrun for example_branch_operator to 2026-06-02T00:00:00+00:00, run_after=2026-06-03T00:00:00+00:00
[2026-06-03T13:05:22.019+0000] {processor.py:183} INFO - Processing /home/airflow/.local/lib/python3.8/site-packages/airflow/example_dags/example_branch_operator.py took 0.050 seconds
[2026-06-03T13:05:52.486+0000] {processor.py:161} INFO - Started process (PID=1796) to work on /home/airflow/.local/lib/python3.8/site-packages/airflow/example_dags/example_branch_operator.py
[2026-06-03T13:05:52.489+0000] {processor.py:830} INFO - Processing file /home/airflow/.local/lib/python3.8/site-packages/airflow/example_dags/example_branch_operator.py for tasks to queue
[2026-06-03T13:05:52.490+0000] {logging_mixin.py:188} INFO - [2026-06-03T13:05:52.490+0000] {dagbag.py:538} INFO - Filling up the DagBag from /home/airflow/.local/lib/python3.8/site-packages/airflow/example_dags/example_branch_operator.py
[2026-06-03T13:05:52.502+0000] {processor.py:840} INFO - DAG(s) 'example_branch_operator' retrieved from /home/airflow/.local/lib/python3.8/site-packages/airflow/example_dags/example_branch_operator.py
[2026-06-03T13:05:52.527+0000] {logging_mixin.py:188} INFO - [2026-06-03T13:05:52.527+0000] {dag.py:3033} INFO - Sync 1 DAGs
[2026-06-03T13:05:52.542+0000] {logging_mixin.py:188} INFO - [2026-06-03T13:05:52.542+0000] {dag.py:3820} INFO - Setting next_dagrun for example_branch_operator to 2026-06-02T00:00:00+00:00, run_after=2026-06-03T00:00:00+00:00
[2026-06-03T13:05:52.559+0000] {processor.py:183} INFO - Processing /home/airflow/.local/lib/python3.8/site-packages/airflow/example_dags/example_branch_operator.py took 0.074 seconds
[2026-06-03T13:06:23.589+0000] {processor.py:161} INFO - Started process (PID=1852) to work on /home/airflow/.local/lib/python3.8/site-packages/airflow/example_dags/example_branch_operator.py
[2026-06-03T13:06:23.590+0000] {processor.py:830} INFO - Processing file /home/airflow/.local/lib/python3.8/site-packages/airflow/example_dags/example_branch_operator.py for tasks to queue
[2026-06-03T13:06:23.591+0000] {logging_mixin.py:188} INFO - [2026-06-03T13:06:23.591+0000] {dagbag.py:538} INFO - Filling up the DagBag from /home/airflow/.local/lib/python3.8/site-packages/airflow/example_dags/example_branch_operator.py
[2026-06-03T13:06:23.602+0000] {processor.py:840} INFO - DAG(s) 'example_branch_operator' retrieved from /home/airflow/.local/lib/python3.8/site-packages/airflow/example_dags/example_branch_operator.py
[2026-06-03T13:06:23.615+0000] {logging_mixin.py:188} INFO - [2026-06-03T13:06:23.615+0000] {dag.py:3033} INFO - Sync 1 DAGs
[2026-06-03T13:06:23.626+0000] {logging_mixin.py:188} INFO - [2026-06-03T13:06:23.626+0000] {dag.py:3820} INFO - Setting next_dagrun for example_branch_operator to 2026-06-02T00:00:00+00:00, run_after=2026-06-03T00:00:00+00:00
[2026-06-03T13:06:23.635+0000] {processor.py:183} INFO - Processing /home/airflow/.local/lib/python3.8/site-packages/airflow/example_dags/example_branch_operator.py took 0.049 seconds
[2026-06-03T13:06:54.545+0000] {processor.py:161} INFO - Started process (PID=1908) to work on /home/airflow/.local/lib/python3.8/site-packages/airflow/example_dags/example_branch_operator.py
[2026-06-03T13:06:54.546+0000] {processor.py:830} INFO - Processing file /home/airflow/.local/lib/python3.8/site-packages/airflow/example_dags/example_branch_operator.py for tasks to queue
[2026-06-03T13:06:54.548+0000] {logging_mixin.py:188} INFO - [2026-06-03T13:06:54.548+0000] {dagbag.py:538} INFO - Filling up the DagBag from /home/airflow/.local/lib/python3.8/site-packages/airflow/example_dags/example_branch_operator.py
[2026-06-03T13:06:54.566+0000] {processor.py:840} INFO - DAG(s) 'example_branch_operator' retrieved from /home/airflow/.local/lib/python3.8/site-packages/airflow/example_dags/example_branch_operator.py
[2026-06-03T13:06:54.583+0000] {logging_mixin.py:188} INFO - [2026-06-03T13:06:54.583+0000] {dag.py:3033} INFO - Sync 1 DAGs
[2026-06-03T13:06:54.853+0000] {logging_mixin.py:188} INFO - [2026-06-03T13:06:54.852+0000] {dag.py:3820} INFO - Setting next_dagrun for example_branch_operator to 2026-06-02T00:00:00+00:00, run_after=2026-06-03T00:00:00+00:00
[2026-06-03T13:06:54.871+0000] {processor.py:183} INFO - Processing /home/airflow/.local/lib/python3.8/site-packages/airflow/example_dags/example_branch_operator.py took 0.328 seconds
[2026-06-03T13:07:24.894+0000] {processor.py:161} INFO - Started process (PID=1965) to work on /home/airflow/.local/lib/python3.8/site-packages/airflow/example_dags/example_branch_operator.py
[2026-06-03T13:07:24.896+0000] {processor.py:830} INFO - Processing file /home/airflow/.local/lib/python3.8/site-packages/airflow/example_dags/example_branch_operator.py for tasks to queue
[2026-06-03T13:07:24.898+0000] {logging_mixin.py:188} INFO - [2026-06-03T13:07:24.898+0000] {dagbag.py:538} INFO - Filling up the DagBag from /home/airflow/.local/lib/python3.8/site-packages/airflow/example_dags/example_branch_operator.py
[2026-06-03T13:07:24.909+0000] {processor.py:840} INFO - DAG(s) 'example_branch_operator' retrieved from /home/airflow/.local/lib/python3.8/site-packages/airflow/example_dags/example_branch_operator.py
[2026-06-03T13:07:24.938+0000] {logging_mixin.py:188} INFO - [2026-06-03T13:07:24.937+0000] {dag.py:3033} INFO - Sync 1 DAGs
[2026-06-03T13:07:24.957+0000] {logging_mixin.py:188} INFO - [2026-06-03T13:07:24.956+0000] {dag.py:3820} INFO - Setting next_dagrun for example_branch_operator to 2026-06-02T00:00:00+00:00, run_after=2026-06-03T00:00:00+00:00
[2026-06-03T13:07:25.265+0000] {processor.py:183} INFO - Processing /home/airflow/.local/lib/python3.8/site-packages/airflow/example_dags/example_branch_operator.py took 0.373 seconds
[2026-06-03T13:07:55.972+0000] {processor.py:161} INFO - Started process (PID=2028) to work on /home/airflow/.local/lib/python3.8/site-packages/airflow/example_dags/example_branch_operator.py
[2026-06-03T13:07:55.973+0000] {processor.py:830} INFO - Processing file /home/airflow/.local/lib/python3.8/site-packages/airflow/example_dags/example_branch_operator.py for tasks to queue
[2026-06-03T13:07:55.975+0000] {logging_mixin.py:188} INFO - [2026-06-03T13:07:55.975+0000] {dagbag.py:538} INFO - Filling up the DagBag from /home/airflow/.local/lib/python3.8/site-packages/airflow/example_dags/example_branch_operator.py
[2026-06-03T13:07:55.987+0000] {processor.py:840} INFO - DAG(s) 'example_branch_operator' retrieved from /home/airflow/.local/lib/python3.8/site-packages/airflow/example_dags/example_branch_operator.py
[2026-06-03T13:07:56.006+0000] {logging_mixin.py:188} INFO - [2026-06-03T13:07:56.006+0000] {dag.py:3033} INFO - Sync 1 DAGs
[2026-06-03T13:07:56.021+0000] {logging_mixin.py:188} INFO - [2026-06-03T13:07:56.021+0000] {dag.py:3820} INFO - Setting next_dagrun for example_branch_operator to 2026-06-02T00:00:00+00:00, run_after=2026-06-03T00:00:00+00:00
[2026-06-03T13:07:56.035+0000] {processor.py:183} INFO - Processing /home/airflow/.local/lib/python3.8/site-packages/airflow/example_dags/example_branch_operator.py took 0.067 seconds
[2026-06-03T13:08:26.420+0000] {processor.py:161} INFO - Started process (PID=2084) to work on /home/airflow/.local/lib/python3.8/site-packages/airflow/example_dags/example_branch_operator.py
[2026-06-03T13:08:26.423+0000] {processor.py:830} INFO - Processing file /home/airflow/.local/lib/python3.8/site-packages/airflow/example_dags/example_branch_operator.py for tasks to queue
[2026-06-03T13:08:26.430+0000] {logging_mixin.py:188} INFO - [2026-06-03T13:08:26.429+0000] {dagbag.py:538} INFO - Filling up the DagBag from /home/airflow/.local/lib/python3.8/site-packages/airflow/example_dags/example_branch_operator.py
[2026-06-03T13:08:26.462+0000] {processor.py:840} INFO - DAG(s) 'example_branch_operator' retrieved from /home/airflow/.local/lib/python3.8/site-packages/airflow/example_dags/example_branch_operator.py
[2026-06-03T13:08:26.523+0000] {logging_mixin.py:188} INFO - [2026-06-03T13:08:26.522+0000] {dag.py:3033} INFO - Sync 1 DAGs
[2026-06-03T13:08:26.630+0000] {logging_mixin.py:188} INFO - [2026-06-03T13:08:26.629+0000] {dag.py:3820} INFO - Setting next_dagrun for example_branch_operator to 2026-06-02T00:00:00+00:00, run_after=2026-06-03T00:00:00+00:00
[2026-06-03T13:08:26.663+0000] {processor.py:183} INFO - Processing /home/airflow/.local/lib/python3.8/site-packages/airflow/example_dags/example_branch_operator.py took 0.246 seconds
[2026-06-03T13:08:58.385+0000] {processor.py:161} INFO - Started process (PID=2139) to work on /home/airflow/.local/lib/python3.8/site-packages/airflow/example_dags/example_branch_operator.py
[2026-06-03T13:08:58.386+0000] {processor.py:830} INFO - Processing file /home/airflow/.local/lib/python3.8/site-packages/airflow/example_dags/example_branch_operator.py for tasks to queue
[2026-06-03T13:08:58.388+0000] {logging_mixin.py:188} INFO - [2026-06-03T13:08:58.388+0000] {dagbag.py:538} INFO - Filling up the DagBag from /home/airflow/.local/lib/python3.8/site-packages/airflow/example_dags/example_branch_operator.py
[2026-06-03T13:08:58.400+0000] {processor.py:840} INFO - DAG(s) 'example_branch_operator' retrieved from /home/airflow/.local/lib/python3.8/site-packages/airflow/example_dags/example_branch_operator.py
[2026-06-03T13:08:58.498+0000] {logging_mixin.py:188} INFO - [2026-06-03T13:08:58.498+0000] {dag.py:3033} INFO - Sync 1 DAGs
[2026-06-03T13:08:58.506+0000] {logging_mixin.py:188} INFO - [2026-06-03T13:08:58.506+0000] {dag.py:3820} INFO - Setting next_dagrun for example_branch_operator to 2026-06-02T00:00:00+00:00, run_after=2026-06-03T00:00:00+00:00
[2026-06-03T13:08:58.516+0000] {processor.py:183} INFO - Processing /home/airflow/.local/lib/python3.8/site-packages/airflow/example_dags/example_branch_operator.py took 0.135 seconds
[2026-06-03T13:09:28.766+0000] {processor.py:161} INFO - Started process (PID=2195) to work on /home/airflow/.local/lib/python3.8/site-packages/airflow/example_dags/example_branch_operator.py
[2026-06-03T13:09:28.768+0000] {processor.py:830} INFO - Processing file /home/airflow/.local/lib/python3.8/site-packages/airflow/example_dags/example_branch_operator.py for tasks to queue
[2026-06-03T13:09:28.769+0000] {logging_mixin.py:188} INFO - [2026-06-03T13:09:28.769+0000] {dagbag.py:538} INFO - Filling up the DagBag from /home/airflow/.local/lib/python3.8/site-packages/airflow/example_dags/example_branch_operator.py
[2026-06-03T13:09:28.778+0000] {processor.py:840} INFO - DAG(s) 'example_branch_operator' retrieved from /home/airflow/.local/lib/python3.8/site-packages/airflow/example_dags/example_branch_operator.py
[2026-06-03T13:09:28.798+0000] {logging_mixin.py:188} INFO - [2026-06-03T13:09:28.798+0000] {dag.py:3033} INFO - Sync 1 DAGs
[2026-06-03T13:09:28.964+0000] {logging_mixin.py:188} INFO - [2026-06-03T13:09:28.963+0000] {dag.py:3820} INFO - Setting next_dagrun for example_branch_operator to 2026-06-02T00:00:00+00:00, run_after=2026-06-03T00:00:00+00:00
[2026-06-03T13:09:28.972+0000] {processor.py:183} INFO - Processing /home/airflow/.local/lib/python3.8/site-packages/airflow/example_dags/example_branch_operator.py took 0.207 seconds
[2026-06-03T13:09:59.045+0000] {processor.py:161} INFO - Started process (PID=2251) to work on /home/airflow/.local/lib/python3.8/site-packages/airflow/example_dags/example_branch_operator.py
[2026-06-03T13:09:59.046+0000] {processor.py:830} INFO - Processing file /home/airflow/.local/lib/python3.8/site-packages/airflow/example_dags/example_branch_operator.py for tasks to queue
[2026-06-03T13:09:59.047+0000] {logging_mixin.py:188} INFO - [2026-06-03T13:09:59.047+0000] {dagbag.py:538} INFO - Filling up the DagBag from /home/airflow/.local/lib/python3.8/site-packages/airflow/example_dags/example_branch_operator.py
[2026-06-03T13:09:59.069+0000] {processor.py:840} INFO - DAG(s) 'example_branch_operator' retrieved from /home/airflow/.local/lib/python3.8/site-packages/airflow/example_dags/example_branch_operator.py
[2026-06-03T13:09:59.085+0000] {logging_mixin.py:188} INFO - [2026-06-03T13:09:59.085+0000] {dag.py:3033} INFO - Sync 1 DAGs
[2026-06-03T13:09:59.096+0000] {logging_mixin.py:188} INFO - [2026-06-03T13:09:59.096+0000] {dag.py:3820} INFO - Setting next_dagrun for example_branch_operator to 2026-06-02T00:00:00+00:00, run_after=2026-06-03T00:00:00+00:00
[2026-06-03T13:09:59.103+0000] {processor.py:183} INFO - Processing /home/airflow/.local/lib/python3.8/site-packages/airflow/example_dags/example_branch_operator.py took 0.060 seconds
[2026-06-03T13:10:29.618+0000] {processor.py:161} INFO - Started process (PID=2307) to work on /home/airflow/.local/lib/python3.8/site-packages/airflow/example_dags/example_branch_operator.py
[2026-06-03T13:10:29.620+0000] {processor.py:830} INFO - Processing file /home/airflow/.local/lib/python3.8/site-packages/airflow/example_dags/example_branch_operator.py for tasks to queue
[2026-06-03T13:10:29.623+0000] {logging_mixin.py:188} INFO - [2026-06-03T13:10:29.623+0000] {dagbag.py:538} INFO - Filling up the DagBag from /home/airflow/.local/lib/python3.8/site-packages/airflow/example_dags/example_branch_operator.py
[2026-06-03T13:10:29.645+0000] {processor.py:840} INFO - DAG(s) 'example_branch_operator' retrieved from /home/airflow/.local/lib/python3.8/site-packages/airflow/example_dags/example_branch_operator.py
[2026-06-03T13:10:29.672+0000] {logging_mixin.py:188} INFO - [2026-06-03T13:10:29.672+0000] {dag.py:3033} INFO - Sync 1 DAGs
[2026-06-03T13:10:29.686+0000] {logging_mixin.py:188} INFO - [2026-06-03T13:10:29.686+0000] {dag.py:3820} INFO - Setting next_dagrun for example_branch_operator to 2026-06-02T00:00:00+00:00, run_after=2026-06-03T00:00:00+00:00
[2026-06-03T13:10:29.694+0000] {processor.py:183} INFO - Processing /home/airflow/.local/lib/python3.8/site-packages/airflow/example_dags/example_branch_operator.py took 0.081 seconds
[2026-06-03T13:11:00.043+0000] {processor.py:161} INFO - Started process (PID=2363) to work on /home/airflow/.local/lib/python3.8/site-packages/airflow/example_dags/example_branch_operator.py
[2026-06-03T13:11:00.045+0000] {processor.py:830} INFO - Processing file /home/airflow/.local/lib/python3.8/site-packages/airflow/example_dags/example_branch_operator.py for tasks to queue
[2026-06-03T13:11:00.048+0000] {logging_mixin.py:188} INFO - [2026-06-03T13:11:00.048+0000] {dagbag.py:538} INFO - Filling up the DagBag from /home/airflow/.local/lib/python3.8/site-packages/airflow/example_dags/example_branch_operator.py
[2026-06-03T13:11:00.106+0000] {processor.py:840} INFO - DAG(s) 'example_branch_operator' retrieved from /home/airflow/.local/lib/python3.8/site-packages/airflow/example_dags/example_branch_operator.py
[2026-06-03T13:11:00.195+0000] {logging_mixin.py:188} INFO - [2026-06-03T13:11:00.194+0000] {dag.py:3033} INFO - Sync 1 DAGs
[2026-06-03T13:11:00.243+0000] {logging_mixin.py:188} INFO - [2026-06-03T13:11:00.242+0000] {dag.py:3820} INFO - Setting next_dagrun for example_branch_operator to 2026-06-02T00:00:00+00:00, run_after=2026-06-03T00:00:00+00:00
[2026-06-03T13:11:00.282+0000] {processor.py:183} INFO - Processing /home/airflow/.local/lib/python3.8/site-packages/airflow/example_dags/example_branch_operator.py took 0.243 seconds
[2026-06-03T13:11:30.723+0000] {processor.py:161} INFO - Started process (PID=2426) to work on /home/airflow/.local/lib/python3.8/site-packages/airflow/example_dags/example_branch_operator.py
[2026-06-03T13:11:30.724+0000] {processor.py:830} INFO - Processing file /home/airflow/.local/lib/python3.8/site-packages/airflow/example_dags/example_branch_operator.py for tasks to queue
[2026-06-03T13:11:30.726+0000] {logging_mixin.py:188} INFO - [2026-06-03T13:11:30.726+0000] {dagbag.py:538} INFO - Filling up the DagBag from /home/airflow/.local/lib/python3.8/site-packages/airflow/example_dags/example_branch_operator.py
[2026-06-03T13:11:30.739+0000] {processor.py:840} INFO - DAG(s) 'example_branch_operator' retrieved from /home/airflow/.local/lib/python3.8/site-packages/airflow/example_dags/example_branch_operator.py
[2026-06-03T13:11:30.754+0000] {logging_mixin.py:188} INFO - [2026-06-03T13:11:30.754+0000] {dag.py:3033} INFO - Sync 1 DAGs
[2026-06-03T13:11:30.767+0000] {logging_mixin.py:188} INFO - [2026-06-03T13:11:30.767+0000] {dag.py:3820} INFO - Setting next_dagrun for example_branch_operator to 2026-06-02T00:00:00+00:00, run_after=2026-06-03T00:00:00+00:00
[2026-06-03T13:11:30.778+0000] {processor.py:183} INFO - Processing /home/airflow/.local/lib/python3.8/site-packages/airflow/example_dags/example_branch_operator.py took 0.058 seconds
[2026-06-03T13:12:01.572+0000] {processor.py:161} INFO - Started process (PID=2489) to work on /home/airflow/.local/lib/python3.8/site-packages/airflow/example_dags/example_branch_operator.py
[2026-06-03T13:12:01.576+0000] {processor.py:830} INFO - Processing file /home/airflow/.local/lib/python3.8/site-packages/airflow/example_dags/example_branch_operator.py for tasks to queue
[2026-06-03T13:12:01.590+0000] {logging_mixin.py:188} INFO - [2026-06-03T13:12:01.589+0000] {dagbag.py:538} INFO - Filling up the DagBag from /home/airflow/.local/lib/python3.8/site-packages/airflow/example_dags/example_branch_operator.py
[2026-06-03T13:12:01.621+0000] {processor.py:840} INFO - DAG(s) 'example_branch_operator' retrieved from /home/airflow/.local/lib/python3.8/site-packages/airflow/example_dags/example_branch_operator.py
[2026-06-03T13:12:01.665+0000] {logging_mixin.py:188} INFO - [2026-06-03T13:12:01.665+0000] {dag.py:3033} INFO - Sync 1 DAGs
[2026-06-03T13:12:01.698+0000] {logging_mixin.py:188} INFO - [2026-06-03T13:12:01.698+0000] {dag.py:3820} INFO - Setting next_dagrun for example_branch_operator to 2026-06-02T00:00:00+00:00, run_after=2026-06-03T00:00:00+00:00
[2026-06-03T13:12:01.726+0000] {processor.py:183} INFO - Processing /home/airflow/.local/lib/python3.8/site-packages/airflow/example_dags/example_branch_operator.py took 0.160 seconds
[2026-06-03T13:12:31.960+0000] {processor.py:161} INFO - Started process (PID=2552) to work on /home/airflow/.local/lib/python3.8/site-packages/airflow/example_dags/example_branch_operator.py
[2026-06-03T13:12:31.960+0000] {processor.py:830} INFO - Processing file /home/airflow/.local/lib/python3.8/site-packages/airflow/example_dags/example_branch_operator.py for tasks to queue
[2026-06-03T13:12:31.961+0000] {logging_mixin.py:188} INFO - [2026-06-03T13:12:31.961+0000] {dagbag.py:538} INFO - Filling up the DagBag from /home/airflow/.local/lib/python3.8/site-packages/airflow/example_dags/example_branch_operator.py
[2026-06-03T13:12:31.969+0000] {processor.py:840} INFO - DAG(s) 'example_branch_operator' retrieved from /home/airflow/.local/lib/python3.8/site-packages/airflow/example_dags/example_branch_operator.py
[2026-06-03T13:12:31.981+0000] {logging_mixin.py:188} INFO - [2026-06-03T13:12:31.981+0000] {dag.py:3033} INFO - Sync 1 DAGs
[2026-06-03T13:12:31.990+0000] {logging_mixin.py:188} INFO - [2026-06-03T13:12:31.990+0000] {dag.py:3820} INFO - Setting next_dagrun for example_branch_operator to 2026-06-02T00:00:00+00:00, run_after=2026-06-03T00:00:00+00:00
[2026-06-03T13:12:31.997+0000] {processor.py:183} INFO - Processing /home/airflow/.local/lib/python3.8/site-packages/airflow/example_dags/example_branch_operator.py took 0.038 seconds
[2026-06-03T13:13:02.648+0000] {processor.py:161} INFO - Started process (PID=2608) to work on /home/airflow/.local/lib/python3.8/site-packages/airflow/example_dags/example_branch_operator.py
[2026-06-03T13:13:02.649+0000] {processor.py:830} INFO - Processing file /home/airflow/.local/lib/python3.8/site-packages/airflow/example_dags/example_branch_operator.py for tasks to queue
[2026-06-03T13:13:02.652+0000] {logging_mixin.py:188} INFO - [2026-06-03T13:13:02.651+0000] {dagbag.py:538} INFO - Filling up the DagBag from /home/airflow/.local/lib/python3.8/site-packages/airflow/example_dags/example_branch_operator.py
[2026-06-03T13:13:02.664+0000] {processor.py:840} INFO - DAG(s) 'example_branch_operator' retrieved from /home/airflow/.local/lib/python3.8/site-packages/airflow/example_dags/example_branch_operator.py
[2026-06-03T13:13:02.685+0000] {logging_mixin.py:188} INFO - [2026-06-03T13:13:02.684+0000] {dag.py:3033} INFO - Sync 1 DAGs
[2026-06-03T13:13:02.698+0000] {logging_mixin.py:188} INFO - [2026-06-03T13:13:02.697+0000] {dag.py:3820} INFO - Setting next_dagrun for example_branch_operator to 2026-06-02T00:00:00+00:00, run_after=2026-06-03T00:00:00+00:00
[2026-06-03T13:13:02.712+0000] {processor.py:183} INFO - Processing /home/airflow/.local/lib/python3.8/site-packages/airflow/example_dags/example_branch_operator.py took 0.065 seconds
[2026-06-03T13:13:33.570+0000] {processor.py:161} INFO - Started process (PID=2664) to work on /home/airflow/.local/lib/python3.8/site-packages/airflow/example_dags/example_branch_operator.py
[2026-06-03T13:13:33.571+0000] {processor.py:830} INFO - Processing file /home/airflow/.local/lib/python3.8/site-packages/airflow/example_dags/example_branch_operator.py for tasks to queue
[2026-06-03T13:13:33.573+0000] {logging_mixin.py:188} INFO - [2026-06-03T13:13:33.572+0000] {dagbag.py:538} INFO - Filling up the DagBag from /home/airflow/.local/lib/python3.8/site-packages/airflow/example_dags/example_branch_operator.py
[2026-06-03T13:13:33.597+0000] {processor.py:840} INFO - DAG(s) 'example_branch_operator' retrieved from /home/airflow/.local/lib/python3.8/site-packages/airflow/example_dags/example_branch_operator.py
[2026-06-03T13:13:33.619+0000] {logging_mixin.py:188} INFO - [2026-06-03T13:13:33.618+0000] {dag.py:3033} INFO - Sync 1 DAGs
[2026-06-03T13:13:33.652+0000] {logging_mixin.py:188} INFO - [2026-06-03T13:13:33.651+0000] {dag.py:3820} INFO - Setting next_dagrun for example_branch_operator to 2026-06-02T00:00:00+00:00, run_after=2026-06-03T00:00:00+00:00
[2026-06-03T13:13:33.668+0000] {processor.py:183} INFO - Processing /home/airflow/.local/lib/python3.8/site-packages/airflow/example_dags/example_branch_operator.py took 0.101 seconds
[2026-06-03T13:14:04.751+0000] {processor.py:161} INFO - Started process (PID=2720) to work on /home/airflow/.local/lib/python3.8/site-packages/airflow/example_dags/example_branch_operator.py
[2026-06-03T13:14:04.752+0000] {processor.py:830} INFO - Processing file /home/airflow/.local/lib/python3.8/site-packages/airflow/example_dags/example_branch_operator.py for tasks to queue
[2026-06-03T13:14:04.755+0000] {logging_mixin.py:188} INFO - [2026-06-03T13:14:04.754+0000] {dagbag.py:538} INFO - Filling up the DagBag from /home/airflow/.local/lib/python3.8/site-packages/airflow/example_dags/example_branch_operator.py
[2026-06-03T13:14:04.783+0000] {processor.py:840} INFO - DAG(s) 'example_branch_operator' retrieved from /home/airflow/.local/lib/python3.8/site-packages/airflow/example_dags/example_branch_operator.py
[2026-06-03T13:14:04.827+0000] {logging_mixin.py:188} INFO - [2026-06-03T13:14:04.827+0000] {dag.py:3033} INFO - Sync 1 DAGs
[2026-06-03T13:14:04.876+0000] {logging_mixin.py:188} INFO - [2026-06-03T13:14:04.876+0000] {dag.py:3820} INFO - Setting next_dagrun for example_branch_operator to 2026-06-02T00:00:00+00:00, run_after=2026-06-03T00:00:00+00:00
[2026-06-03T13:14:04.903+0000] {processor.py:183} INFO - Processing /home/airflow/.local/lib/python3.8/site-packages/airflow/example_dags/example_branch_operator.py took 0.154 seconds
[2026-06-03T13:14:21.985+0000] {processor.py:161} INFO - Started process (PID=72) to work on /home/airflow/.local/lib/python3.8/site-packages/airflow/example_dags/example_branch_operator.py
[2026-06-03T13:14:21.988+0000] {processor.py:830} INFO - Processing file /home/airflow/.local/lib/python3.8/site-packages/airflow/example_dags/example_branch_operator.py for tasks to queue
[2026-06-03T13:14:21.991+0000] {logging_mixin.py:188} INFO - [2026-06-03T13:14:21.990+0000] {dagbag.py:538} INFO - Filling up the DagBag from /home/airflow/.local/lib/python3.8/site-packages/airflow/example_dags/example_branch_operator.py
[2026-06-03T13:14:22.025+0000] {processor.py:840} INFO - DAG(s) 'example_branch_operator' retrieved from /home/airflow/.local/lib/python3.8/site-packages/airflow/example_dags/example_branch_operator.py
[2026-06-03T13:14:22.160+0000] {logging_mixin.py:188} INFO - [2026-06-03T13:14:22.160+0000] {dag.py:3033} INFO - Sync 1 DAGs
[2026-06-03T13:14:22.197+0000] {logging_mixin.py:188} INFO - [2026-06-03T13:14:22.197+0000] {dag.py:3820} INFO - Setting next_dagrun for example_branch_operator to 2026-06-02T00:00:00+00:00, run_after=2026-06-03T00:00:00+00:00
[2026-06-03T13:14:22.225+0000] {processor.py:183} INFO - Processing /home/airflow/.local/lib/python3.8/site-packages/airflow/example_dags/example_branch_operator.py took 0.251 seconds
[2026-06-03T13:14:52.948+0000] {processor.py:161} INFO - Started process (PID=134) to work on /home/airflow/.local/lib/python3.8/site-packages/airflow/example_dags/example_branch_operator.py
[2026-06-03T13:14:52.951+0000] {processor.py:830} INFO - Processing file /home/airflow/.local/lib/python3.8/site-packages/airflow/example_dags/example_branch_operator.py for tasks to queue
[2026-06-03T13:14:52.953+0000] {logging_mixin.py:188} INFO - [2026-06-03T13:14:52.953+0000] {dagbag.py:538} INFO - Filling up the DagBag from /home/airflow/.local/lib/python3.8/site-packages/airflow/example_dags/example_branch_operator.py
[2026-06-03T13:14:52.977+0000] {processor.py:840} INFO - DAG(s) 'example_branch_operator' retrieved from /home/airflow/.local/lib/python3.8/site-packages/airflow/example_dags/example_branch_operator.py
[2026-06-03T13:14:52.994+0000] {logging_mixin.py:188} INFO - [2026-06-03T13:14:52.994+0000] {dag.py:3033} INFO - Sync 1 DAGs
[2026-06-03T13:14:53.005+0000] {logging_mixin.py:188} INFO - [2026-06-03T13:14:53.005+0000] {dag.py:3820} INFO - Setting next_dagrun for example_branch_operator to 2026-06-02T00:00:00+00:00, run_after=2026-06-03T00:00:00+00:00
[2026-06-03T13:14:53.014+0000] {processor.py:183} INFO - Processing /home/airflow/.local/lib/python3.8/site-packages/airflow/example_dags/example_branch_operator.py took 0.072 seconds
[2026-06-03T13:15:23.376+0000] {processor.py:161} INFO - Started process (PID=191) to work on /home/airflow/.local/lib/python3.8/site-packages/airflow/example_dags/example_branch_operator.py
[2026-06-03T13:15:23.377+0000] {processor.py:830} INFO - Processing file /home/airflow/.local/lib/python3.8/site-packages/airflow/example_dags/example_branch_operator.py for tasks to queue
[2026-06-03T13:15:23.378+0000] {logging_mixin.py:188} INFO - [2026-06-03T13:15:23.378+0000] {dagbag.py:538} INFO - Filling up the DagBag from /home/airflow/.local/lib/python3.8/site-packages/airflow/example_dags/example_branch_operator.py
[2026-06-03T13:15:23.391+0000] {processor.py:840} INFO - DAG(s) 'example_branch_operator' retrieved from /home/airflow/.local/lib/python3.8/site-packages/airflow/example_dags/example_branch_operator.py
[2026-06-03T13:15:23.408+0000] {logging_mixin.py:188} INFO - [2026-06-03T13:15:23.408+0000] {dag.py:3033} INFO - Sync 1 DAGs
[2026-06-03T13:15:23.423+0000] {logging_mixin.py:188} INFO - [2026-06-03T13:15:23.423+0000] {dag.py:3820} INFO - Setting next_dagrun for example_branch_operator to 2026-06-02T00:00:00+00:00, run_after=2026-06-03T00:00:00+00:00
[2026-06-03T13:15:23.439+0000] {processor.py:183} INFO - Processing /home/airflow/.local/lib/python3.8/site-packages/airflow/example_dags/example_branch_operator.py took 0.065 seconds
[2026-06-03T13:15:53.868+0000] {processor.py:161} INFO - Started process (PID=247) to work on /home/airflow/.local/lib/python3.8/site-packages/airflow/example_dags/example_branch_operator.py
[2026-06-03T13:15:53.868+0000] {processor.py:830} INFO - Processing file /home/airflow/.local/lib/python3.8/site-packages/airflow/example_dags/example_branch_operator.py for tasks to queue
[2026-06-03T13:15:53.869+0000] {logging_mixin.py:188} INFO - [2026-06-03T13:15:53.869+0000] {dagbag.py:538} INFO - Filling up the DagBag from /home/airflow/.local/lib/python3.8/site-packages/airflow/example_dags/example_branch_operator.py
[2026-06-03T13:15:53.877+0000] {processor.py:840} INFO - DAG(s) 'example_branch_operator' retrieved from /home/airflow/.local/lib/python3.8/site-packages/airflow/example_dags/example_branch_operator.py
[2026-06-03T13:15:53.888+0000] {logging_mixin.py:188} INFO - [2026-06-03T13:15:53.888+0000] {dag.py:3033} INFO - Sync 1 DAGs
[2026-06-03T13:15:53.896+0000] {logging_mixin.py:188} INFO - [2026-06-03T13:15:53.896+0000] {dag.py:3820} INFO - Setting next_dagrun for example_branch_operator to 2026-06-02T00:00:00+00:00, run_after=2026-06-03T00:00:00+00:00
[2026-06-03T13:15:53.903+0000] {processor.py:183} INFO - Processing /home/airflow/.local/lib/python3.8/site-packages/airflow/example_dags/example_branch_operator.py took 0.037 seconds
[2026-06-03T13:16:24.141+0000] {processor.py:161} INFO - Started process (PID=303) to work on /home/airflow/.local/lib/python3.8/site-packages/airflow/example_dags/example_branch_operator.py
[2026-06-03T13:16:24.142+0000] {processor.py:830} INFO - Processing file /home/airflow/.local/lib/python3.8/site-packages/airflow/example_dags/example_branch_operator.py for tasks to queue
[2026-06-03T13:16:24.142+0000] {logging_mixin.py:188} INFO - [2026-06-03T13:16:24.142+0000] {dagbag.py:538} INFO - Filling up the DagBag from /home/airflow/.local/lib/python3.8/site-packages/airflow/example_dags/example_branch_operator.py
[2026-06-03T13:16:24.150+0000] {processor.py:840} INFO - DAG(s) 'example_branch_operator' retrieved from /home/airflow/.local/lib/python3.8/site-packages/airflow/example_dags/example_branch_operator.py
[2026-06-03T13:16:24.163+0000] {logging_mixin.py:188} INFO - [2026-06-03T13:16:24.163+0000] {dag.py:3033} INFO - Sync 1 DAGs
[2026-06-03T13:16:24.172+0000] {logging_mixin.py:188} INFO - [2026-06-03T13:16:24.172+0000] {dag.py:3820} INFO - Setting next_dagrun for example_branch_operator to 2026-06-02T00:00:00+00:00, run_after=2026-06-03T00:00:00+00:00
[2026-06-03T13:16:24.179+0000] {processor.py:183} INFO - Processing /home/airflow/.local/lib/python3.8/site-packages/airflow/example_dags/example_branch_operator.py took 0.040 seconds
[2026-06-03T13:16:54.728+0000] {processor.py:161} INFO - Started process (PID=359) to work on /home/airflow/.local/lib/python3.8/site-packages/airflow/example_dags/example_branch_operator.py
[2026-06-03T13:16:54.729+0000] {processor.py:830} INFO - Processing file /home/airflow/.local/lib/python3.8/site-packages/airflow/example_dags/example_branch_operator.py for tasks to queue
[2026-06-03T13:16:54.731+0000] {logging_mixin.py:188} INFO - [2026-06-03T13:16:54.731+0000] {dagbag.py:538} INFO - Filling up the DagBag from /home/airflow/.local/lib/python3.8/site-packages/airflow/example_dags/example_branch_operator.py
[2026-06-03T13:16:54.755+0000] {processor.py:840} INFO - DAG(s) 'example_branch_operator' retrieved from /home/airflow/.local/lib/python3.8/site-packages/airflow/example_dags/example_branch_operator.py
[2026-06-03T13:16:54.777+0000] {logging_mixin.py:188} INFO - [2026-06-03T13:16:54.777+0000] {dag.py:3033} INFO - Sync 1 DAGs
[2026-06-03T13:16:54.793+0000] {logging_mixin.py:188} INFO - [2026-06-03T13:16:54.792+0000] {dag.py:3820} INFO - Setting next_dagrun for example_branch_operator to 2026-06-02T00:00:00+00:00, run_after=2026-06-03T00:00:00+00:00
[2026-06-03T13:16:54.824+0000] {processor.py:183} INFO - Processing /home/airflow/.local/lib/python3.8/site-packages/airflow/example_dags/example_branch_operator.py took 0.099 seconds
[2026-06-03T13:17:25.470+0000] {processor.py:161} INFO - Started process (PID=415) to work on /home/airflow/.local/lib/python3.8/site-packages/airflow/example_dags/example_branch_operator.py
[2026-06-03T13:17:25.471+0000] {processor.py:830} INFO - Processing file /home/airflow/.local/lib/python3.8/site-packages/airflow/example_dags/example_branch_operator.py for tasks to queue
[2026-06-03T13:17:25.473+0000] {logging_mixin.py:188} INFO - [2026-06-03T13:17:25.473+0000] {dagbag.py:538} INFO - Filling up the DagBag from /home/airflow/.local/lib/python3.8/site-packages/airflow/example_dags/example_branch_operator.py
[2026-06-03T13:17:25.487+0000] {processor.py:840} INFO - DAG(s) 'example_branch_operator' retrieved from /home/airflow/.local/lib/python3.8/site-packages/airflow/example_dags/example_branch_operator.py
[2026-06-03T13:17:25.503+0000] {logging_mixin.py:188} INFO - [2026-06-03T13:17:25.503+0000] {dag.py:3033} INFO - Sync 1 DAGs
[2026-06-03T13:17:25.516+0000] {logging_mixin.py:188} INFO - [2026-06-03T13:17:25.515+0000] {dag.py:3820} INFO - Setting next_dagrun for example_branch_operator to 2026-06-02T00:00:00+00:00, run_after=2026-06-03T00:00:00+00:00
[2026-06-03T13:17:25.528+0000] {processor.py:183} INFO - Processing /home/airflow/.local/lib/python3.8/site-packages/airflow/example_dags/example_branch_operator.py took 0.060 seconds
[2026-06-03T13:17:55.816+0000] {processor.py:161} INFO - Started process (PID=471) to work on /home/airflow/.local/lib/python3.8/site-packages/airflow/example_dags/example_branch_operator.py
[2026-06-03T13:17:55.817+0000] {processor.py:830} INFO - Processing file /home/airflow/.local/lib/python3.8/site-packages/airflow/example_dags/example_branch_operator.py for tasks to queue
[2026-06-03T13:17:55.820+0000] {logging_mixin.py:188} INFO - [2026-06-03T13:17:55.819+0000] {dagbag.py:538} INFO - Filling up the DagBag from /home/airflow/.local/lib/python3.8/site-packages/airflow/example_dags/example_branch_operator.py
[2026-06-03T13:17:55.830+0000] {processor.py:840} INFO - DAG(s) 'example_branch_operator' retrieved from /home/airflow/.local/lib/python3.8/site-packages/airflow/example_dags/example_branch_operator.py
[2026-06-03T13:17:55.842+0000] {logging_mixin.py:188} INFO - [2026-06-03T13:17:55.842+0000] {dag.py:3033} INFO - Sync 1 DAGs
[2026-06-03T13:17:55.854+0000] {logging_mixin.py:188} INFO - [2026-06-03T13:17:55.854+0000] {dag.py:3820} INFO - Setting next_dagrun for example_branch_operator to 2026-06-02T00:00:00+00:00, run_after=2026-06-03T00:00:00+00:00
[2026-06-03T13:17:55.862+0000] {processor.py:183} INFO - Processing /home/airflow/.local/lib/python3.8/site-packages/airflow/example_dags/example_branch_operator.py took 0.048 seconds
[2026-06-03T13:18:26.785+0000] {processor.py:161} INFO - Started process (PID=527) to work on /home/airflow/.local/lib/python3.8/site-packages/airflow/example_dags/example_branch_operator.py
[2026-06-03T13:18:26.785+0000] {processor.py:830} INFO - Processing file /home/airflow/.local/lib/python3.8/site-packages/airflow/example_dags/example_branch_operator.py for tasks to queue
[2026-06-03T13:18:26.787+0000] {logging_mixin.py:188} INFO - [2026-06-03T13:18:26.787+0000] {dagbag.py:538} INFO - Filling up the DagBag from /home/airflow/.local/lib/python3.8/site-packages/airflow/example_dags/example_branch_operator.py
[2026-06-03T13:18:26.795+0000] {processor.py:840} INFO - DAG(s) 'example_branch_operator' retrieved from /home/airflow/.local/lib/python3.8/site-packages/airflow/example_dags/example_branch_operator.py
[2026-06-03T13:18:26.811+0000] {logging_mixin.py:188} INFO - [2026-06-03T13:18:26.811+0000] {dag.py:3033} INFO - Sync 1 DAGs
[2026-06-03T13:18:26.826+0000] {logging_mixin.py:188} INFO - [2026-06-03T13:18:26.825+0000] {dag.py:3820} INFO - Setting next_dagrun for example_branch_operator to 2026-06-02T00:00:00+00:00, run_after=2026-06-03T00:00:00+00:00
[2026-06-03T13:18:26.838+0000] {processor.py:183} INFO - Processing /home/airflow/.local/lib/python3.8/site-packages/airflow/example_dags/example_branch_operator.py took 0.055 seconds
[2026-06-03T13:18:57.769+0000] {processor.py:161} INFO - Started process (PID=583) to work on /home/airflow/.local/lib/python3.8/site-packages/airflow/example_dags/example_branch_operator.py
[2026-06-03T13:18:57.771+0000] {processor.py:830} INFO - Processing file /home/airflow/.local/lib/python3.8/site-packages/airflow/example_dags/example_branch_operator.py for tasks to queue
[2026-06-03T13:18:57.773+0000] {logging_mixin.py:188} INFO - [2026-06-03T13:18:57.773+0000] {dagbag.py:538} INFO - Filling up the DagBag from /home/airflow/.local/lib/python3.8/site-packages/airflow/example_dags/example_branch_operator.py
[2026-06-03T13:18:57.787+0000] {processor.py:840} INFO - DAG(s) 'example_branch_operator' retrieved from /home/airflow/.local/lib/python3.8/site-packages/airflow/example_dags/example_branch_operator.py
[2026-06-03T13:18:57.813+0000] {logging_mixin.py:188} INFO - [2026-06-03T13:18:57.813+0000] {dag.py:3033} INFO - Sync 1 DAGs
[2026-06-03T13:18:57.827+0000] {logging_mixin.py:188} INFO - [2026-06-03T13:18:57.826+0000] {dag.py:3820} INFO - Setting next_dagrun for example_branch_operator to 2026-06-02T00:00:00+00:00, run_after=2026-06-03T00:00:00+00:00
[2026-06-03T13:18:57.840+0000] {processor.py:183} INFO - Processing /home/airflow/.local/lib/python3.8/site-packages/airflow/example_dags/example_branch_operator.py took 0.073 seconds
[2026-06-03T13:19:28.565+0000] {processor.py:161} INFO - Started process (PID=639) to work on /home/airflow/.local/lib/python3.8/site-packages/airflow/example_dags/example_branch_operator.py
[2026-06-03T13:19:28.566+0000] {processor.py:830} INFO - Processing file /home/airflow/.local/lib/python3.8/site-packages/airflow/example_dags/example_branch_operator.py for tasks to queue
[2026-06-03T13:19:28.569+0000] {logging_mixin.py:188} INFO - [2026-06-03T13:19:28.569+0000] {dagbag.py:538} INFO - Filling up the DagBag from /home/airflow/.local/lib/python3.8/site-packages/airflow/example_dags/example_branch_operator.py
[2026-06-03T13:19:28.599+0000] {processor.py:840} INFO - DAG(s) 'example_branch_operator' retrieved from /home/airflow/.local/lib/python3.8/site-packages/airflow/example_dags/example_branch_operator.py
[2026-06-03T13:19:28.624+0000] {logging_mixin.py:188} INFO - [2026-06-03T13:19:28.624+0000] {dag.py:3033} INFO - Sync 1 DAGs
[2026-06-03T13:19:28.641+0000] {logging_mixin.py:188} INFO - [2026-06-03T13:19:28.641+0000] {dag.py:3820} INFO - Setting next_dagrun for example_branch_operator to 2026-06-02T00:00:00+00:00, run_after=2026-06-03T00:00:00+00:00
[2026-06-03T13:19:28.653+0000] {processor.py:183} INFO - Processing /home/airflow/.local/lib/python3.8/site-packages/airflow/example_dags/example_branch_operator.py took 0.091 seconds
[2026-06-03T13:19:59.177+0000] {processor.py:161} INFO - Started process (PID=695) to work on /home/airflow/.local/lib/python3.8/site-packages/airflow/example_dags/example_branch_operator.py
[2026-06-03T13:19:59.178+0000] {processor.py:830} INFO - Processing file /home/airflow/.local/lib/python3.8/site-packages/airflow/example_dags/example_branch_operator.py for tasks to queue
[2026-06-03T13:19:59.181+0000] {logging_mixin.py:188} INFO - [2026-06-03T13:19:59.181+0000] {dagbag.py:538} INFO - Filling up the DagBag from /home/airflow/.local/lib/python3.8/site-packages/airflow/example_dags/example_branch_operator.py
[2026-06-03T13:19:59.195+0000] {processor.py:840} INFO - DAG(s) 'example_branch_operator' retrieved from /home/airflow/.local/lib/python3.8/site-packages/airflow/example_dags/example_branch_operator.py
[2026-06-03T13:19:59.215+0000] {logging_mixin.py:188} INFO - [2026-06-03T13:19:59.215+0000] {dag.py:3033} INFO - Sync 1 DAGs
[2026-06-03T13:19:59.226+0000] {logging_mixin.py:188} INFO - [2026-06-03T13:19:59.226+0000] {dag.py:3820} INFO - Setting next_dagrun for example_branch_operator to 2026-06-02T00:00:00+00:00, run_after=2026-06-03T00:00:00+00:00
[2026-06-03T13:19:59.245+0000] {processor.py:183} INFO - Processing /home/airflow/.local/lib/python3.8/site-packages/airflow/example_dags/example_branch_operator.py took 0.071 seconds
[2026-06-03T13:20:29.377+0000] {processor.py:161} INFO - Started process (PID=751) to work on /home/airflow/.local/lib/python3.8/site-packages/airflow/example_dags/example_branch_operator.py
[2026-06-03T13:20:29.378+0000] {processor.py:830} INFO - Processing file /home/airflow/.local/lib/python3.8/site-packages/airflow/example_dags/example_branch_operator.py for tasks to queue
[2026-06-03T13:20:29.380+0000] {logging_mixin.py:188} INFO - [2026-06-03T13:20:29.380+0000] {dagbag.py:538} INFO - Filling up the DagBag from /home/airflow/.local/lib/python3.8/site-packages/airflow/example_dags/example_branch_operator.py
[2026-06-03T13:20:29.391+0000] {processor.py:840} INFO - DAG(s) 'example_branch_operator' retrieved from /home/airflow/.local/lib/python3.8/site-packages/airflow/example_dags/example_branch_operator.py
[2026-06-03T13:20:29.408+0000] {logging_mixin.py:188} INFO - [2026-06-03T13:20:29.407+0000] {dag.py:3033} INFO - Sync 1 DAGs
[2026-06-03T13:20:29.420+0000] {logging_mixin.py:188} INFO - [2026-06-03T13:20:29.420+0000] {dag.py:3820} INFO - Setting next_dagrun for example_branch_operator to 2026-06-02T00:00:00+00:00, run_after=2026-06-03T00:00:00+00:00
[2026-06-03T13:20:29.430+0000] {processor.py:183} INFO - Processing /home/airflow/.local/lib/python3.8/site-packages/airflow/example_dags/example_branch_operator.py took 0.055 seconds
[2026-06-03T13:21:00.427+0000] {processor.py:161} INFO - Started process (PID=807) to work on /home/airflow/.local/lib/python3.8/site-packages/airflow/example_dags/example_branch_operator.py
[2026-06-03T13:21:00.431+0000] {processor.py:830} INFO - Processing file /home/airflow/.local/lib/python3.8/site-packages/airflow/example_dags/example_branch_operator.py for tasks to queue
[2026-06-03T13:21:00.433+0000] {logging_mixin.py:188} INFO - [2026-06-03T13:21:00.433+0000] {dagbag.py:538} INFO - Filling up the DagBag from /home/airflow/.local/lib/python3.8/site-packages/airflow/example_dags/example_branch_operator.py
[2026-06-03T13:21:00.448+0000] {processor.py:840} INFO - DAG(s) 'example_branch_operator' retrieved from /home/airflow/.local/lib/python3.8/site-packages/airflow/example_dags/example_branch_operator.py
[2026-06-03T13:21:00.475+0000] {logging_mixin.py:188} INFO - [2026-06-03T13:21:00.474+0000] {dag.py:3033} INFO - Sync 1 DAGs
[2026-06-03T13:21:00.494+0000] {logging_mixin.py:188} INFO - [2026-06-03T13:21:00.494+0000] {dag.py:3820} INFO - Setting next_dagrun for example_branch_operator to 2026-06-02T00:00:00+00:00, run_after=2026-06-03T00:00:00+00:00
[2026-06-03T13:21:00.508+0000] {processor.py:183} INFO - Processing /home/airflow/.local/lib/python3.8/site-packages/airflow/example_dags/example_branch_operator.py took 0.086 seconds
[2026-06-03T13:21:31.552+0000] {processor.py:161} INFO - Started process (PID=863) to work on /home/airflow/.local/lib/python3.8/site-packages/airflow/example_dags/example_branch_operator.py
[2026-06-03T13:21:31.554+0000] {processor.py:830} INFO - Processing file /home/airflow/.local/lib/python3.8/site-packages/airflow/example_dags/example_branch_operator.py for tasks to queue
[2026-06-03T13:21:31.559+0000] {logging_mixin.py:188} INFO - [2026-06-03T13:21:31.559+0000] {dagbag.py:538} INFO - Filling up the DagBag from /home/airflow/.local/lib/python3.8/site-packages/airflow/example_dags/example_branch_operator.py
[2026-06-03T13:21:31.573+0000] {processor.py:840} INFO - DAG(s) 'example_branch_operator' retrieved from /home/airflow/.local/lib/python3.8/site-packages/airflow/example_dags/example_branch_operator.py
[2026-06-03T13:21:31.611+0000] {logging_mixin.py:188} INFO - [2026-06-03T13:21:31.611+0000] {dag.py:3033} INFO - Sync 1 DAGs
[2026-06-03T13:21:31.674+0000] {logging_mixin.py:188} INFO - [2026-06-03T13:21:31.673+0000] {dag.py:3820} INFO - Setting next_dagrun for example_branch_operator to 2026-06-02T00:00:00+00:00, run_after=2026-06-03T00:00:00+00:00
[2026-06-03T13:21:31.686+0000] {processor.py:183} INFO - Processing /home/airflow/.local/lib/python3.8/site-packages/airflow/example_dags/example_branch_operator.py took 0.147 seconds
[2026-06-03T13:22:02.210+0000] {processor.py:161} INFO - Started process (PID=919) to work on /home/airflow/.local/lib/python3.8/site-packages/airflow/example_dags/example_branch_operator.py
[2026-06-03T13:22:02.215+0000] {processor.py:830} INFO - Processing file /home/airflow/.local/lib/python3.8/site-packages/airflow/example_dags/example_branch_operator.py for tasks to queue
[2026-06-03T13:22:02.218+0000] {logging_mixin.py:188} INFO - [2026-06-03T13:22:02.217+0000] {dagbag.py:538} INFO - Filling up the DagBag from /home/airflow/.local/lib/python3.8/site-packages/airflow/example_dags/example_branch_operator.py
[2026-06-03T13:22:02.248+0000] {processor.py:840} INFO - DAG(s) 'example_branch_operator' retrieved from /home/airflow/.local/lib/python3.8/site-packages/airflow/example_dags/example_branch_operator.py
[2026-06-03T13:22:02.274+0000] {logging_mixin.py:188} INFO - [2026-06-03T13:22:02.274+0000] {dag.py:3033} INFO - Sync 1 DAGs
[2026-06-03T13:22:02.301+0000] {logging_mixin.py:188} INFO - [2026-06-03T13:22:02.301+0000] {dag.py:3820} INFO - Setting next_dagrun for example_branch_operator to 2026-06-02T00:00:00+00:00, run_after=2026-06-03T00:00:00+00:00
[2026-06-03T13:22:02.315+0000] {processor.py:183} INFO - Processing /home/airflow/.local/lib/python3.8/site-packages/airflow/example_dags/example_branch_operator.py took 0.110 seconds
[2026-06-03T13:22:32.691+0000] {processor.py:161} INFO - Started process (PID=975) to work on /home/airflow/.local/lib/python3.8/site-packages/airflow/example_dags/example_branch_operator.py
[2026-06-03T13:22:32.692+0000] {processor.py:830} INFO - Processing file /home/airflow/.local/lib/python3.8/site-packages/airflow/example_dags/example_branch_operator.py for tasks to queue
[2026-06-03T13:22:32.696+0000] {logging_mixin.py:188} INFO - [2026-06-03T13:22:32.696+0000] {dagbag.py:538} INFO - Filling up the DagBag from /home/airflow/.local/lib/python3.8/site-packages/airflow/example_dags/example_branch_operator.py
[2026-06-03T13:22:32.717+0000] {processor.py:840} INFO - DAG(s) 'example_branch_operator' retrieved from /home/airflow/.local/lib/python3.8/site-packages/airflow/example_dags/example_branch_operator.py
[2026-06-03T13:22:32.782+0000] {logging_mixin.py:188} INFO - [2026-06-03T13:22:32.780+0000] {dag.py:3033} INFO - Sync 1 DAGs
[2026-06-03T13:22:32.821+0000] {logging_mixin.py:188} INFO - [2026-06-03T13:22:32.820+0000] {dag.py:3820} INFO - Setting next_dagrun for example_branch_operator to 2026-06-02T00:00:00+00:00, run_after=2026-06-03T00:00:00+00:00
[2026-06-03T13:22:32.863+0000] {processor.py:183} INFO - Processing /home/airflow/.local/lib/python3.8/site-packages/airflow/example_dags/example_branch_operator.py took 0.176 seconds
[2026-06-03T13:23:03.884+0000] {processor.py:161} INFO - Started process (PID=1030) to work on /home/airflow/.local/lib/python3.8/site-packages/airflow/example_dags/example_branch_operator.py
[2026-06-03T13:23:03.890+0000] {processor.py:830} INFO - Processing file /home/airflow/.local/lib/python3.8/site-packages/airflow/example_dags/example_branch_operator.py for tasks to queue
[2026-06-03T13:23:03.895+0000] {logging_mixin.py:188} INFO - [2026-06-03T13:23:03.895+0000] {dagbag.py:538} INFO - Filling up the DagBag from /home/airflow/.local/lib/python3.8/site-packages/airflow/example_dags/example_branch_operator.py
[2026-06-03T13:23:03.924+0000] {processor.py:840} INFO - DAG(s) 'example_branch_operator' retrieved from /home/airflow/.local/lib/python3.8/site-packages/airflow/example_dags/example_branch_operator.py
[2026-06-03T13:23:03.962+0000] {logging_mixin.py:188} INFO - [2026-06-03T13:23:03.962+0000] {dag.py:3033} INFO - Sync 1 DAGs
[2026-06-03T13:23:03.985+0000] {logging_mixin.py:188} INFO - [2026-06-03T13:23:03.984+0000] {dag.py:3820} INFO - Setting next_dagrun for example_branch_operator to 2026-06-02T00:00:00+00:00, run_after=2026-06-03T00:00:00+00:00
[2026-06-03T13:23:04.004+0000] {processor.py:183} INFO - Processing /home/airflow/.local/lib/python3.8/site-packages/airflow/example_dags/example_branch_operator.py took 0.137 seconds
[2026-06-03T13:23:34.612+0000] {processor.py:161} INFO - Started process (PID=1086) to work on /home/airflow/.local/lib/python3.8/site-packages/airflow/example_dags/example_branch_operator.py
[2026-06-03T13:23:34.615+0000] {processor.py:830} INFO - Processing file /home/airflow/.local/lib/python3.8/site-packages/airflow/example_dags/example_branch_operator.py for tasks to queue
[2026-06-03T13:23:34.629+0000] {logging_mixin.py:188} INFO - [2026-06-03T13:23:34.629+0000] {dagbag.py:538} INFO - Filling up the DagBag from /home/airflow/.local/lib/python3.8/site-packages/airflow/example_dags/example_branch_operator.py
[2026-06-03T13:23:34.676+0000] {processor.py:840} INFO - DAG(s) 'example_branch_operator' retrieved from /home/airflow/.local/lib/python3.8/site-packages/airflow/example_dags/example_branch_operator.py
[2026-06-03T13:23:34.710+0000] {logging_mixin.py:188} INFO - [2026-06-03T13:23:34.710+0000] {dag.py:3033} INFO - Sync 1 DAGs
[2026-06-03T13:23:34.730+0000] {logging_mixin.py:188} INFO - [2026-06-03T13:23:34.730+0000] {dag.py:3820} INFO - Setting next_dagrun for example_branch_operator to 2026-06-02T00:00:00+00:00, run_after=2026-06-03T00:00:00+00:00
[2026-06-03T13:23:34.749+0000] {processor.py:183} INFO - Processing /home/airflow/.local/lib/python3.8/site-packages/airflow/example_dags/example_branch_operator.py took 0.172 seconds
[2026-06-03T13:24:05.594+0000] {processor.py:161} INFO - Started process (PID=1142) to work on /home/airflow/.local/lib/python3.8/site-packages/airflow/example_dags/example_branch_operator.py
[2026-06-03T13:24:05.598+0000] {processor.py:830} INFO - Processing file /home/airflow/.local/lib/python3.8/site-packages/airflow/example_dags/example_branch_operator.py for tasks to queue
[2026-06-03T13:24:05.600+0000] {logging_mixin.py:188} INFO - [2026-06-03T13:24:05.600+0000] {dagbag.py:538} INFO - Filling up the DagBag from /home/airflow/.local/lib/python3.8/site-packages/airflow/example_dags/example_branch_operator.py
[2026-06-03T13:24:05.628+0000] {processor.py:840} INFO - DAG(s) 'example_branch_operator' retrieved from /home/airflow/.local/lib/python3.8/site-packages/airflow/example_dags/example_branch_operator.py
[2026-06-03T13:24:05.665+0000] {logging_mixin.py:188} INFO - [2026-06-03T13:24:05.664+0000] {dag.py:3033} INFO - Sync 1 DAGs
[2026-06-03T13:24:05.694+0000] {logging_mixin.py:188} INFO - [2026-06-03T13:24:05.694+0000] {dag.py:3820} INFO - Setting next_dagrun for example_branch_operator to 2026-06-02T00:00:00+00:00, run_after=2026-06-03T00:00:00+00:00
[2026-06-03T13:24:05.711+0000] {processor.py:183} INFO - Processing /home/airflow/.local/lib/python3.8/site-packages/airflow/example_dags/example_branch_operator.py took 0.125 seconds
[2026-06-03T13:24:35.760+0000] {processor.py:161} INFO - Started process (PID=1198) to work on /home/airflow/.local/lib/python3.8/site-packages/airflow/example_dags/example_branch_operator.py
[2026-06-03T13:24:35.762+0000] {processor.py:830} INFO - Processing file /home/airflow/.local/lib/python3.8/site-packages/airflow/example_dags/example_branch_operator.py for tasks to queue
[2026-06-03T13:24:35.765+0000] {logging_mixin.py:188} INFO - [2026-06-03T13:24:35.765+0000] {dagbag.py:538} INFO - Filling up the DagBag from /home/airflow/.local/lib/python3.8/site-packages/airflow/example_dags/example_branch_operator.py
[2026-06-03T13:24:35.784+0000] {processor.py:840} INFO - DAG(s) 'example_branch_operator' retrieved from /home/airflow/.local/lib/python3.8/site-packages/airflow/example_dags/example_branch_operator.py
[2026-06-03T13:24:35.813+0000] {logging_mixin.py:188} INFO - [2026-06-03T13:24:35.813+0000] {dag.py:3033} INFO - Sync 1 DAGs
[2026-06-03T13:24:35.827+0000] {logging_mixin.py:188} INFO - [2026-06-03T13:24:35.827+0000] {dag.py:3820} INFO - Setting next_dagrun for example_branch_operator to 2026-06-02T00:00:00+00:00, run_after=2026-06-03T00:00:00+00:00
[2026-06-03T13:24:35.840+0000] {processor.py:183} INFO - Processing /home/airflow/.local/lib/python3.8/site-packages/airflow/example_dags/example_branch_operator.py took 0.096 seconds
[2026-06-03T13:25:06.194+0000] {processor.py:161} INFO - Started process (PID=1254) to work on /home/airflow/.local/lib/python3.8/site-packages/airflow/example_dags/example_branch_operator.py
[2026-06-03T13:25:06.197+0000] {processor.py:830} INFO - Processing file /home/airflow/.local/lib/python3.8/site-packages/airflow/example_dags/example_branch_operator.py for tasks to queue
[2026-06-03T13:25:06.214+0000] {logging_mixin.py:188} INFO - [2026-06-03T13:25:06.212+0000] {dagbag.py:538} INFO - Filling up the DagBag from /home/airflow/.local/lib/python3.8/site-packages/airflow/example_dags/example_branch_operator.py
[2026-06-03T13:25:06.246+0000] {processor.py:840} INFO - DAG(s) 'example_branch_operator' retrieved from /home/airflow/.local/lib/python3.8/site-packages/airflow/example_dags/example_branch_operator.py
[2026-06-03T13:25:06.277+0000] {logging_mixin.py:188} INFO - [2026-06-03T13:25:06.277+0000] {dag.py:3033} INFO - Sync 1 DAGs
[2026-06-03T13:25:06.292+0000] {logging_mixin.py:188} INFO - [2026-06-03T13:25:06.292+0000] {dag.py:3820} INFO - Setting next_dagrun for example_branch_operator to 2026-06-02T00:00:00+00:00, run_after=2026-06-03T00:00:00+00:00
[2026-06-03T13:25:06.312+0000] {processor.py:183} INFO - Processing /home/airflow/.local/lib/python3.8/site-packages/airflow/example_dags/example_branch_operator.py took 0.127 seconds
[2026-06-03T13:25:36.852+0000] {processor.py:161} INFO - Started process (PID=1311) to work on /home/airflow/.local/lib/python3.8/site-packages/airflow/example_dags/example_branch_operator.py
[2026-06-03T13:25:36.853+0000] {processor.py:830} INFO - Processing file /home/airflow/.local/lib/python3.8/site-packages/airflow/example_dags/example_branch_operator.py for tasks to queue
[2026-06-03T13:25:36.856+0000] {logging_mixin.py:188} INFO - [2026-06-03T13:25:36.856+0000] {dagbag.py:538} INFO - Filling up the DagBag from /home/airflow/.local/lib/python3.8/site-packages/airflow/example_dags/example_branch_operator.py
[2026-06-03T13:25:36.884+0000] {processor.py:840} INFO - DAG(s) 'example_branch_operator' retrieved from /home/airflow/.local/lib/python3.8/site-packages/airflow/example_dags/example_branch_operator.py
[2026-06-03T13:25:36.914+0000] {logging_mixin.py:188} INFO - [2026-06-03T13:25:36.914+0000] {dag.py:3033} INFO - Sync 1 DAGs
[2026-06-03T13:25:36.928+0000] {logging_mixin.py:188} INFO - [2026-06-03T13:25:36.928+0000] {dag.py:3820} INFO - Setting next_dagrun for example_branch_operator to 2026-06-02T00:00:00+00:00, run_after=2026-06-03T00:00:00+00:00
[2026-06-03T13:25:36.942+0000] {processor.py:183} INFO - Processing /home/airflow/.local/lib/python3.8/site-packages/airflow/example_dags/example_branch_operator.py took 0.095 seconds
[2026-06-03T13:26:07.246+0000] {processor.py:161} INFO - Started process (PID=1367) to work on /home/airflow/.local/lib/python3.8/site-packages/airflow/example_dags/example_branch_operator.py
[2026-06-03T13:26:07.248+0000] {processor.py:830} INFO - Processing file /home/airflow/.local/lib/python3.8/site-packages/airflow/example_dags/example_branch_operator.py for tasks to queue
[2026-06-03T13:26:07.255+0000] {logging_mixin.py:188} INFO - [2026-06-03T13:26:07.255+0000] {dagbag.py:538} INFO - Filling up the DagBag from /home/airflow/.local/lib/python3.8/site-packages/airflow/example_dags/example_branch_operator.py
[2026-06-03T13:26:07.292+0000] {processor.py:840} INFO - DAG(s) 'example_branch_operator' retrieved from /home/airflow/.local/lib/python3.8/site-packages/airflow/example_dags/example_branch_operator.py
[2026-06-03T13:26:07.334+0000] {logging_mixin.py:188} INFO - [2026-06-03T13:26:07.333+0000] {dag.py:3033} INFO - Sync 1 DAGs
[2026-06-03T13:26:07.364+0000] {logging_mixin.py:188} INFO - [2026-06-03T13:26:07.363+0000] {dag.py:3820} INFO - Setting next_dagrun for example_branch_operator to 2026-06-02T00:00:00+00:00, run_after=2026-06-03T00:00:00+00:00
[2026-06-03T13:26:07.381+0000] {processor.py:183} INFO - Processing /home/airflow/.local/lib/python3.8/site-packages/airflow/example_dags/example_branch_operator.py took 0.145 seconds
[2026-06-03T13:26:38.196+0000] {processor.py:161} INFO - Started process (PID=1424) to work on /home/airflow/.local/lib/python3.8/site-packages/airflow/example_dags/example_branch_operator.py
[2026-06-03T13:26:38.199+0000] {processor.py:830} INFO - Processing file /home/airflow/.local/lib/python3.8/site-packages/airflow/example_dags/example_branch_operator.py for tasks to queue
[2026-06-03T13:26:38.201+0000] {logging_mixin.py:188} INFO - [2026-06-03T13:26:38.201+0000] {dagbag.py:538} INFO - Filling up the DagBag from /home/airflow/.local/lib/python3.8/site-packages/airflow/example_dags/example_branch_operator.py
[2026-06-03T13:26:38.215+0000] {processor.py:840} INFO - DAG(s) 'example_branch_operator' retrieved from /home/airflow/.local/lib/python3.8/site-packages/airflow/example_dags/example_branch_operator.py
[2026-06-03T13:26:38.231+0000] {logging_mixin.py:188} INFO - [2026-06-03T13:26:38.230+0000] {dag.py:3033} INFO - Sync 1 DAGs
[2026-06-03T13:26:38.242+0000] {logging_mixin.py:188} INFO - [2026-06-03T13:26:38.242+0000] {dag.py:3820} INFO - Setting next_dagrun for example_branch_operator to 2026-06-02T00:00:00+00:00, run_after=2026-06-03T00:00:00+00:00
[2026-06-03T13:26:38.249+0000] {processor.py:183} INFO - Processing /home/airflow/.local/lib/python3.8/site-packages/airflow/example_dags/example_branch_operator.py took 0.056 seconds
[2026-06-03T13:27:08.436+0000] {processor.py:161} INFO - Started process (PID=1479) to work on /home/airflow/.local/lib/python3.8/site-packages/airflow/example_dags/example_branch_operator.py
[2026-06-03T13:27:08.440+0000] {processor.py:830} INFO - Processing file /home/airflow/.local/lib/python3.8/site-packages/airflow/example_dags/example_branch_operator.py for tasks to queue
[2026-06-03T13:27:08.443+0000] {logging_mixin.py:188} INFO - [2026-06-03T13:27:08.442+0000] {dagbag.py:538} INFO - Filling up the DagBag from /home/airflow/.local/lib/python3.8/site-packages/airflow/example_dags/example_branch_operator.py
[2026-06-03T13:27:08.458+0000] {processor.py:840} INFO - DAG(s) 'example_branch_operator' retrieved from /home/airflow/.local/lib/python3.8/site-packages/airflow/example_dags/example_branch_operator.py
[2026-06-03T13:27:08.477+0000] {logging_mixin.py:188} INFO - [2026-06-03T13:27:08.477+0000] {dag.py:3033} INFO - Sync 1 DAGs
[2026-06-03T13:27:08.491+0000] {logging_mixin.py:188} INFO - [2026-06-03T13:27:08.490+0000] {dag.py:3820} INFO - Setting next_dagrun for example_branch_operator to 2026-06-02T00:00:00+00:00, run_after=2026-06-03T00:00:00+00:00
[2026-06-03T13:27:08.499+0000] {processor.py:183} INFO - Processing /home/airflow/.local/lib/python3.8/site-packages/airflow/example_dags/example_branch_operator.py took 0.068 seconds
[2026-06-03T13:27:39.321+0000] {processor.py:161} INFO - Started process (PID=1536) to work on /home/airflow/.local/lib/python3.8/site-packages/airflow/example_dags/example_branch_operator.py
[2026-06-03T13:27:39.323+0000] {processor.py:830} INFO - Processing file /home/airflow/.local/lib/python3.8/site-packages/airflow/example_dags/example_branch_operator.py for tasks to queue
[2026-06-03T13:27:39.327+0000] {logging_mixin.py:188} INFO - [2026-06-03T13:27:39.327+0000] {dagbag.py:538} INFO - Filling up the DagBag from /home/airflow/.local/lib/python3.8/site-packages/airflow/example_dags/example_branch_operator.py
[2026-06-03T13:27:39.352+0000] {processor.py:840} INFO - DAG(s) 'example_branch_operator' retrieved from /home/airflow/.local/lib/python3.8/site-packages/airflow/example_dags/example_branch_operator.py
[2026-06-03T13:27:39.392+0000] {logging_mixin.py:188} INFO - [2026-06-03T13:27:39.392+0000] {dag.py:3033} INFO - Sync 1 DAGs
[2026-06-03T13:27:39.411+0000] {logging_mixin.py:188} INFO - [2026-06-03T13:27:39.411+0000] {dag.py:3820} INFO - Setting next_dagrun for example_branch_operator to 2026-06-02T00:00:00+00:00, run_after=2026-06-03T00:00:00+00:00
[2026-06-03T13:27:39.424+0000] {processor.py:183} INFO - Processing /home/airflow/.local/lib/python3.8/site-packages/airflow/example_dags/example_branch_operator.py took 0.122 seconds
[2026-06-03T13:28:09.935+0000] {processor.py:161} INFO - Started process (PID=1592) to work on /home/airflow/.local/lib/python3.8/site-packages/airflow/example_dags/example_branch_operator.py
[2026-06-03T13:28:09.937+0000] {processor.py:830} INFO - Processing file /home/airflow/.local/lib/python3.8/site-packages/airflow/example_dags/example_branch_operator.py for tasks to queue
[2026-06-03T13:28:09.940+0000] {logging_mixin.py:188} INFO - [2026-06-03T13:28:09.940+0000] {dagbag.py:538} INFO - Filling up the DagBag from /home/airflow/.local/lib/python3.8/site-packages/airflow/example_dags/example_branch_operator.py
[2026-06-03T13:28:09.952+0000] {processor.py:840} INFO - DAG(s) 'example_branch_operator' retrieved from /home/airflow/.local/lib/python3.8/site-packages/airflow/example_dags/example_branch_operator.py
[2026-06-03T13:28:09.968+0000] {logging_mixin.py:188} INFO - [2026-06-03T13:28:09.968+0000] {dag.py:3033} INFO - Sync 1 DAGs
[2026-06-03T13:28:09.981+0000] {logging_mixin.py:188} INFO - [2026-06-03T13:28:09.981+0000] {dag.py:3820} INFO - Setting next_dagrun for example_branch_operator to 2026-06-02T00:00:00+00:00, run_after=2026-06-03T00:00:00+00:00
[2026-06-03T13:28:09.990+0000] {processor.py:183} INFO - Processing /home/airflow/.local/lib/python3.8/site-packages/airflow/example_dags/example_branch_operator.py took 0.059 seconds
[2026-06-03T13:28:40.160+0000] {processor.py:161} INFO - Started process (PID=1647) to work on /home/airflow/.local/lib/python3.8/site-packages/airflow/example_dags/example_branch_operator.py
[2026-06-03T13:28:40.163+0000] {processor.py:830} INFO - Processing file /home/airflow/.local/lib/python3.8/site-packages/airflow/example_dags/example_branch_operator.py for tasks to queue
[2026-06-03T13:28:40.165+0000] {logging_mixin.py:188} INFO - [2026-06-03T13:28:40.165+0000] {dagbag.py:538} INFO - Filling up the DagBag from /home/airflow/.local/lib/python3.8/site-packages/airflow/example_dags/example_branch_operator.py
[2026-06-03T13:28:40.182+0000] {processor.py:840} INFO - DAG(s) 'example_branch_operator' retrieved from /home/airflow/.local/lib/python3.8/site-packages/airflow/example_dags/example_branch_operator.py
[2026-06-03T13:28:40.199+0000] {logging_mixin.py:188} INFO - [2026-06-03T13:28:40.199+0000] {dag.py:3033} INFO - Sync 1 DAGs
[2026-06-03T13:28:40.214+0000] {logging_mixin.py:188} INFO - [2026-06-03T13:28:40.214+0000] {dag.py:3820} INFO - Setting next_dagrun for example_branch_operator to 2026-06-02T00:00:00+00:00, run_after=2026-06-03T00:00:00+00:00
[2026-06-03T13:28:40.226+0000] {processor.py:183} INFO - Processing /home/airflow/.local/lib/python3.8/site-packages/airflow/example_dags/example_branch_operator.py took 0.072 seconds
[2026-06-03T13:29:10.292+0000] {processor.py:161} INFO - Started process (PID=1703) to work on /home/airflow/.local/lib/python3.8/site-packages/airflow/example_dags/example_branch_operator.py
[2026-06-03T13:29:10.294+0000] {processor.py:830} INFO - Processing file /home/airflow/.local/lib/python3.8/site-packages/airflow/example_dags/example_branch_operator.py for tasks to queue
[2026-06-03T13:29:10.296+0000] {logging_mixin.py:188} INFO - [2026-06-03T13:29:10.296+0000] {dagbag.py:538} INFO - Filling up the DagBag from /home/airflow/.local/lib/python3.8/site-packages/airflow/example_dags/example_branch_operator.py
[2026-06-03T13:29:10.309+0000] {processor.py:840} INFO - DAG(s) 'example_branch_operator' retrieved from /home/airflow/.local/lib/python3.8/site-packages/airflow/example_dags/example_branch_operator.py
[2026-06-03T13:29:10.326+0000] {logging_mixin.py:188} INFO - [2026-06-03T13:29:10.326+0000] {dag.py:3033} INFO - Sync 1 DAGs
[2026-06-03T13:29:10.337+0000] {logging_mixin.py:188} INFO - [2026-06-03T13:29:10.337+0000] {dag.py:3820} INFO - Setting next_dagrun for example_branch_operator to 2026-06-02T00:00:00+00:00, run_after=2026-06-03T00:00:00+00:00
[2026-06-03T13:29:10.346+0000] {processor.py:183} INFO - Processing /home/airflow/.local/lib/python3.8/site-packages/airflow/example_dags/example_branch_operator.py took 0.058 seconds
[2026-06-03T13:29:41.185+0000] {processor.py:161} INFO - Started process (PID=1760) to work on /home/airflow/.local/lib/python3.8/site-packages/airflow/example_dags/example_branch_operator.py
[2026-06-03T13:29:41.188+0000] {processor.py:830} INFO - Processing file /home/airflow/.local/lib/python3.8/site-packages/airflow/example_dags/example_branch_operator.py for tasks to queue
[2026-06-03T13:29:41.190+0000] {logging_mixin.py:188} INFO - [2026-06-03T13:29:41.190+0000] {dagbag.py:538} INFO - Filling up the DagBag from /home/airflow/.local/lib/python3.8/site-packages/airflow/example_dags/example_branch_operator.py
[2026-06-03T13:29:41.211+0000] {processor.py:840} INFO - DAG(s) 'example_branch_operator' retrieved from /home/airflow/.local/lib/python3.8/site-packages/airflow/example_dags/example_branch_operator.py
[2026-06-03T13:29:41.263+0000] {logging_mixin.py:188} INFO - [2026-06-03T13:29:41.262+0000] {dag.py:3033} INFO - Sync 1 DAGs
[2026-06-03T13:29:41.299+0000] {logging_mixin.py:188} INFO - [2026-06-03T13:29:41.298+0000] {dag.py:3820} INFO - Setting next_dagrun for example_branch_operator to 2026-06-02T00:00:00+00:00, run_after=2026-06-03T00:00:00+00:00
[2026-06-03T13:29:41.335+0000] {processor.py:183} INFO - Processing /home/airflow/.local/lib/python3.8/site-packages/airflow/example_dags/example_branch_operator.py took 0.153 seconds
[2026-06-03T13:30:12.199+0000] {processor.py:161} INFO - Started process (PID=1815) to work on /home/airflow/.local/lib/python3.8/site-packages/airflow/example_dags/example_branch_operator.py
[2026-06-03T13:30:12.200+0000] {processor.py:830} INFO - Processing file /home/airflow/.local/lib/python3.8/site-packages/airflow/example_dags/example_branch_operator.py for tasks to queue
[2026-06-03T13:30:12.202+0000] {logging_mixin.py:188} INFO - [2026-06-03T13:30:12.201+0000] {dagbag.py:538} INFO - Filling up the DagBag from /home/airflow/.local/lib/python3.8/site-packages/airflow/example_dags/example_branch_operator.py
[2026-06-03T13:30:12.222+0000] {processor.py:840} INFO - DAG(s) 'example_branch_operator' retrieved from /home/airflow/.local/lib/python3.8/site-packages/airflow/example_dags/example_branch_operator.py
[2026-06-03T13:30:12.245+0000] {logging_mixin.py:188} INFO - [2026-06-03T13:30:12.244+0000] {dag.py:3033} INFO - Sync 1 DAGs
[2026-06-03T13:30:12.257+0000] {logging_mixin.py:188} INFO - [2026-06-03T13:30:12.257+0000] {dag.py:3820} INFO - Setting next_dagrun for example_branch_operator to 2026-06-02T00:00:00+00:00, run_after=2026-06-03T00:00:00+00:00
[2026-06-03T13:30:12.269+0000] {processor.py:183} INFO - Processing /home/airflow/.local/lib/python3.8/site-packages/airflow/example_dags/example_branch_operator.py took 0.073 seconds
[2026-06-03T13:30:43.220+0000] {processor.py:161} INFO - Started process (PID=1871) to work on /home/airflow/.local/lib/python3.8/site-packages/airflow/example_dags/example_branch_operator.py
[2026-06-03T13:30:43.223+0000] {processor.py:830} INFO - Processing file /home/airflow/.local/lib/python3.8/site-packages/airflow/example_dags/example_branch_operator.py for tasks to queue
[2026-06-03T13:30:43.231+0000] {logging_mixin.py:188} INFO - [2026-06-03T13:30:43.230+0000] {dagbag.py:538} INFO - Filling up the DagBag from /home/airflow/.local/lib/python3.8/site-packages/airflow/example_dags/example_branch_operator.py
[2026-06-03T13:30:43.285+0000] {processor.py:840} INFO - DAG(s) 'example_branch_operator' retrieved from /home/airflow/.local/lib/python3.8/site-packages/airflow/example_dags/example_branch_operator.py
[2026-06-03T13:30:43.361+0000] {logging_mixin.py:188} INFO - [2026-06-03T13:30:43.361+0000] {dag.py:3033} INFO - Sync 1 DAGs
[2026-06-03T13:30:43.403+0000] {logging_mixin.py:188} INFO - [2026-06-03T13:30:43.403+0000] {dag.py:3820} INFO - Setting next_dagrun for example_branch_operator to 2026-06-02T00:00:00+00:00, run_after=2026-06-03T00:00:00+00:00
[2026-06-03T13:30:43.435+0000] {processor.py:183} INFO - Processing /home/airflow/.local/lib/python3.8/site-packages/airflow/example_dags/example_branch_operator.py took 0.220 seconds
[2026-06-03T13:31:14.373+0000] {processor.py:161} INFO - Started process (PID=1927) to work on /home/airflow/.local/lib/python3.8/site-packages/airflow/example_dags/example_branch_operator.py
[2026-06-03T13:31:14.383+0000] {processor.py:830} INFO - Processing file /home/airflow/.local/lib/python3.8/site-packages/airflow/example_dags/example_branch_operator.py for tasks to queue
[2026-06-03T13:31:14.389+0000] {logging_mixin.py:188} INFO - [2026-06-03T13:31:14.389+0000] {dagbag.py:538} INFO - Filling up the DagBag from /home/airflow/.local/lib/python3.8/site-packages/airflow/example_dags/example_branch_operator.py
[2026-06-03T13:31:14.474+0000] {processor.py:840} INFO - DAG(s) 'example_branch_operator' retrieved from /home/airflow/.local/lib/python3.8/site-packages/airflow/example_dags/example_branch_operator.py
[2026-06-03T13:31:14.516+0000] {logging_mixin.py:188} INFO - [2026-06-03T13:31:14.516+0000] {dag.py:3033} INFO - Sync 1 DAGs
[2026-06-03T13:31:14.557+0000] {logging_mixin.py:188} INFO - [2026-06-03T13:31:14.556+0000] {dag.py:3820} INFO - Setting next_dagrun for example_branch_operator to 2026-06-02T00:00:00+00:00, run_after=2026-06-03T00:00:00+00:00
[2026-06-03T13:31:14.600+0000] {processor.py:183} INFO - Processing /home/airflow/.local/lib/python3.8/site-packages/airflow/example_dags/example_branch_operator.py took 0.241 seconds
[2026-06-03T13:31:45.561+0000] {processor.py:161} INFO - Started process (PID=1983) to work on /home/airflow/.local/lib/python3.8/site-packages/airflow/example_dags/example_branch_operator.py
[2026-06-03T13:31:45.565+0000] {processor.py:830} INFO - Processing file /home/airflow/.local/lib/python3.8/site-packages/airflow/example_dags/example_branch_operator.py for tasks to queue
[2026-06-03T13:31:45.569+0000] {logging_mixin.py:188} INFO - [2026-06-03T13:31:45.569+0000] {dagbag.py:538} INFO - Filling up the DagBag from /home/airflow/.local/lib/python3.8/site-packages/airflow/example_dags/example_branch_operator.py
[2026-06-03T13:31:45.604+0000] {processor.py:840} INFO - DAG(s) 'example_branch_operator' retrieved from /home/airflow/.local/lib/python3.8/site-packages/airflow/example_dags/example_branch_operator.py
[2026-06-03T13:31:45.646+0000] {logging_mixin.py:188} INFO - [2026-06-03T13:31:45.646+0000] {dag.py:3033} INFO - Sync 1 DAGs
[2026-06-03T13:31:45.674+0000] {logging_mixin.py:188} INFO - [2026-06-03T13:31:45.674+0000] {dag.py:3820} INFO - Setting next_dagrun for example_branch_operator to 2026-06-02T00:00:00+00:00, run_after=2026-06-03T00:00:00+00:00
[2026-06-03T13:31:45.704+0000] {processor.py:183} INFO - Processing /home/airflow/.local/lib/python3.8/site-packages/airflow/example_dags/example_branch_operator.py took 0.160 seconds
[2026-06-03T13:32:15.891+0000] {processor.py:161} INFO - Started process (PID=2039) to work on /home/airflow/.local/lib/python3.8/site-packages/airflow/example_dags/example_branch_operator.py
[2026-06-03T13:32:15.900+0000] {processor.py:830} INFO - Processing file /home/airflow/.local/lib/python3.8/site-packages/airflow/example_dags/example_branch_operator.py for tasks to queue
[2026-06-03T13:32:15.906+0000] {logging_mixin.py:188} INFO - [2026-06-03T13:32:15.906+0000] {dagbag.py:538} INFO - Filling up the DagBag from /home/airflow/.local/lib/python3.8/site-packages/airflow/example_dags/example_branch_operator.py
[2026-06-03T13:32:15.966+0000] {processor.py:840} INFO - DAG(s) 'example_branch_operator' retrieved from /home/airflow/.local/lib/python3.8/site-packages/airflow/example_dags/example_branch_operator.py
[2026-06-03T13:32:16.016+0000] {logging_mixin.py:188} INFO - [2026-06-03T13:32:16.016+0000] {dag.py:3033} INFO - Sync 1 DAGs
[2026-06-03T13:32:16.047+0000] {logging_mixin.py:188} INFO - [2026-06-03T13:32:16.047+0000] {dag.py:3820} INFO - Setting next_dagrun for example_branch_operator to 2026-06-02T00:00:00+00:00, run_after=2026-06-03T00:00:00+00:00
[2026-06-03T13:32:16.077+0000] {processor.py:183} INFO - Processing /home/airflow/.local/lib/python3.8/site-packages/airflow/example_dags/example_branch_operator.py took 0.199 seconds
[2026-06-03T13:32:46.493+0000] {processor.py:161} INFO - Started process (PID=2095) to work on /home/airflow/.local/lib/python3.8/site-packages/airflow/example_dags/example_branch_operator.py
[2026-06-03T13:32:46.495+0000] {processor.py:830} INFO - Processing file /home/airflow/.local/lib/python3.8/site-packages/airflow/example_dags/example_branch_operator.py for tasks to queue
[2026-06-03T13:32:46.499+0000] {logging_mixin.py:188} INFO - [2026-06-03T13:32:46.499+0000] {dagbag.py:538} INFO - Filling up the DagBag from /home/airflow/.local/lib/python3.8/site-packages/airflow/example_dags/example_branch_operator.py
[2026-06-03T13:32:46.533+0000] {processor.py:840} INFO - DAG(s) 'example_branch_operator' retrieved from /home/airflow/.local/lib/python3.8/site-packages/airflow/example_dags/example_branch_operator.py
[2026-06-03T13:32:46.572+0000] {logging_mixin.py:188} INFO - [2026-06-03T13:32:46.572+0000] {dag.py:3033} INFO - Sync 1 DAGs
[2026-06-03T13:32:46.592+0000] {logging_mixin.py:188} INFO - [2026-06-03T13:32:46.592+0000] {dag.py:3820} INFO - Setting next_dagrun for example_branch_operator to 2026-06-02T00:00:00+00:00, run_after=2026-06-03T00:00:00+00:00
[2026-06-03T13:32:46.606+0000] {processor.py:183} INFO - Processing /home/airflow/.local/lib/python3.8/site-packages/airflow/example_dags/example_branch_operator.py took 0.133 seconds
[2026-06-03T13:33:17.035+0000] {processor.py:161} INFO - Started process (PID=2151) to work on /home/airflow/.local/lib/python3.8/site-packages/airflow/example_dags/example_branch_operator.py
[2026-06-03T13:33:17.037+0000] {processor.py:830} INFO - Processing file /home/airflow/.local/lib/python3.8/site-packages/airflow/example_dags/example_branch_operator.py for tasks to queue
[2026-06-03T13:33:17.047+0000] {logging_mixin.py:188} INFO - [2026-06-03T13:33:17.044+0000] {dagbag.py:538} INFO - Filling up the DagBag from /home/airflow/.local/lib/python3.8/site-packages/airflow/example_dags/example_branch_operator.py
[2026-06-03T13:33:17.209+0000] {processor.py:840} INFO - DAG(s) 'example_branch_operator' retrieved from /home/airflow/.local/lib/python3.8/site-packages/airflow/example_dags/example_branch_operator.py
[2026-06-03T13:33:17.267+0000] {logging_mixin.py:188} INFO - [2026-06-03T13:33:17.267+0000] {dag.py:3033} INFO - Sync 1 DAGs
[2026-06-03T13:33:17.754+0000] {logging_mixin.py:188} INFO - [2026-06-03T13:33:17.754+0000] {dag.py:3820} INFO - Setting next_dagrun for example_branch_operator to 2026-06-02T00:00:00+00:00, run_after=2026-06-03T00:00:00+00:00
[2026-06-03T13:33:17.790+0000] {processor.py:183} INFO - Processing /home/airflow/.local/lib/python3.8/site-packages/airflow/example_dags/example_branch_operator.py took 0.766 seconds
[2026-06-03T13:33:47.873+0000] {processor.py:161} INFO - Started process (PID=2208) to work on /home/airflow/.local/lib/python3.8/site-packages/airflow/example_dags/example_branch_operator.py
[2026-06-03T13:33:47.875+0000] {processor.py:830} INFO - Processing file /home/airflow/.local/lib/python3.8/site-packages/airflow/example_dags/example_branch_operator.py for tasks to queue
[2026-06-03T13:33:47.876+0000] {logging_mixin.py:188} INFO - [2026-06-03T13:33:47.876+0000] {dagbag.py:538} INFO - Filling up the DagBag from /home/airflow/.local/lib/python3.8/site-packages/airflow/example_dags/example_branch_operator.py
[2026-06-03T13:33:47.912+0000] {processor.py:840} INFO - DAG(s) 'example_branch_operator' retrieved from /home/airflow/.local/lib/python3.8/site-packages/airflow/example_dags/example_branch_operator.py
[2026-06-03T13:33:47.934+0000] {logging_mixin.py:188} INFO - [2026-06-03T13:33:47.934+0000] {dag.py:3033} INFO - Sync 1 DAGs
[2026-06-03T13:33:47.961+0000] {logging_mixin.py:188} INFO - [2026-06-03T13:33:47.961+0000] {dag.py:3820} INFO - Setting next_dagrun for example_branch_operator to 2026-06-02T00:00:00+00:00, run_after=2026-06-03T00:00:00+00:00
[2026-06-03T13:33:47.980+0000] {processor.py:183} INFO - Processing /home/airflow/.local/lib/python3.8/site-packages/airflow/example_dags/example_branch_operator.py took 0.109 seconds
[2026-06-03T13:34:18.378+0000] {processor.py:161} INFO - Started process (PID=2263) to work on /home/airflow/.local/lib/python3.8/site-packages/airflow/example_dags/example_branch_operator.py
[2026-06-03T13:34:18.379+0000] {processor.py:830} INFO - Processing file /home/airflow/.local/lib/python3.8/site-packages/airflow/example_dags/example_branch_operator.py for tasks to queue
[2026-06-03T13:34:18.381+0000] {logging_mixin.py:188} INFO - [2026-06-03T13:34:18.381+0000] {dagbag.py:538} INFO - Filling up the DagBag from /home/airflow/.local/lib/python3.8/site-packages/airflow/example_dags/example_branch_operator.py
[2026-06-03T13:34:18.392+0000] {processor.py:840} INFO - DAG(s) 'example_branch_operator' retrieved from /home/airflow/.local/lib/python3.8/site-packages/airflow/example_dags/example_branch_operator.py
[2026-06-03T13:34:18.405+0000] {logging_mixin.py:188} INFO - [2026-06-03T13:34:18.405+0000] {dag.py:3033} INFO - Sync 1 DAGs
[2026-06-03T13:34:18.420+0000] {logging_mixin.py:188} INFO - [2026-06-03T13:34:18.420+0000] {dag.py:3820} INFO - Setting next_dagrun for example_branch_operator to 2026-06-02T00:00:00+00:00, run_after=2026-06-03T00:00:00+00:00
[2026-06-03T13:34:18.428+0000] {processor.py:183} INFO - Processing /home/airflow/.local/lib/python3.8/site-packages/airflow/example_dags/example_branch_operator.py took 0.055 seconds
[2026-06-03T13:34:50.362+0000] {processor.py:161} INFO - Started process (PID=2319) to work on /home/airflow/.local/lib/python3.8/site-packages/airflow/example_dags/example_branch_operator.py
[2026-06-03T13:34:50.364+0000] {processor.py:830} INFO - Processing file /home/airflow/.local/lib/python3.8/site-packages/airflow/example_dags/example_branch_operator.py for tasks to queue
[2026-06-03T13:34:50.367+0000] {logging_mixin.py:188} INFO - [2026-06-03T13:34:50.367+0000] {dagbag.py:538} INFO - Filling up the DagBag from /home/airflow/.local/lib/python3.8/site-packages/airflow/example_dags/example_branch_operator.py
[2026-06-03T13:34:50.416+0000] {processor.py:840} INFO - DAG(s) 'example_branch_operator' retrieved from /home/airflow/.local/lib/python3.8/site-packages/airflow/example_dags/example_branch_operator.py
[2026-06-03T13:34:50.523+0000] {logging_mixin.py:188} INFO - [2026-06-03T13:34:50.522+0000] {dag.py:3033} INFO - Sync 1 DAGs
[2026-06-03T13:34:50.564+0000] {logging_mixin.py:188} INFO - [2026-06-03T13:34:50.564+0000] {dag.py:3820} INFO - Setting next_dagrun for example_branch_operator to 2026-06-02T00:00:00+00:00, run_after=2026-06-03T00:00:00+00:00
[2026-06-03T13:34:50.580+0000] {processor.py:183} INFO - Processing /home/airflow/.local/lib/python3.8/site-packages/airflow/example_dags/example_branch_operator.py took 0.222 seconds
[2026-06-03T13:35:21.279+0000] {processor.py:161} INFO - Started process (PID=2375) to work on /home/airflow/.local/lib/python3.8/site-packages/airflow/example_dags/example_branch_operator.py
[2026-06-03T13:35:21.279+0000] {processor.py:830} INFO - Processing file /home/airflow/.local/lib/python3.8/site-packages/airflow/example_dags/example_branch_operator.py for tasks to queue
[2026-06-03T13:35:21.281+0000] {logging_mixin.py:188} INFO - [2026-06-03T13:35:21.281+0000] {dagbag.py:538} INFO - Filling up the DagBag from /home/airflow/.local/lib/python3.8/site-packages/airflow/example_dags/example_branch_operator.py
[2026-06-03T13:35:21.290+0000] {processor.py:840} INFO - DAG(s) 'example_branch_operator' retrieved from /home/airflow/.local/lib/python3.8/site-packages/airflow/example_dags/example_branch_operator.py
[2026-06-03T13:35:21.306+0000] {logging_mixin.py:188} INFO - [2026-06-03T13:35:21.306+0000] {dag.py:3033} INFO - Sync 1 DAGs
[2026-06-03T13:35:21.399+0000] {logging_mixin.py:188} INFO - [2026-06-03T13:35:21.399+0000] {dag.py:3820} INFO - Setting next_dagrun for example_branch_operator to 2026-06-02T00:00:00+00:00, run_after=2026-06-03T00:00:00+00:00
[2026-06-03T13:35:21.412+0000] {processor.py:183} INFO - Processing /home/airflow/.local/lib/python3.8/site-packages/airflow/example_dags/example_branch_operator.py took 0.134 seconds
[2026-06-03T13:35:51.981+0000] {processor.py:161} INFO - Started process (PID=2431) to work on /home/airflow/.local/lib/python3.8/site-packages/airflow/example_dags/example_branch_operator.py
[2026-06-03T13:35:51.982+0000] {processor.py:830} INFO - Processing file /home/airflow/.local/lib/python3.8/site-packages/airflow/example_dags/example_branch_operator.py for tasks to queue
[2026-06-03T13:35:51.984+0000] {logging_mixin.py:188} INFO - [2026-06-03T13:35:51.984+0000] {dagbag.py:538} INFO - Filling up the DagBag from /home/airflow/.local/lib/python3.8/site-packages/airflow/example_dags/example_branch_operator.py
[2026-06-03T13:35:51.996+0000] {processor.py:840} INFO - DAG(s) 'example_branch_operator' retrieved from /home/airflow/.local/lib/python3.8/site-packages/airflow/example_dags/example_branch_operator.py
[2026-06-03T13:35:52.011+0000] {logging_mixin.py:188} INFO - [2026-06-03T13:35:52.011+0000] {dag.py:3033} INFO - Sync 1 DAGs
[2026-06-03T13:35:52.029+0000] {logging_mixin.py:188} INFO - [2026-06-03T13:35:52.029+0000] {dag.py:3820} INFO - Setting next_dagrun for example_branch_operator to 2026-06-02T00:00:00+00:00, run_after=2026-06-03T00:00:00+00:00
[2026-06-03T13:35:52.179+0000] {processor.py:183} INFO - Processing /home/airflow/.local/lib/python3.8/site-packages/airflow/example_dags/example_branch_operator.py took 0.201 seconds
[2026-06-03T13:36:22.502+0000] {processor.py:161} INFO - Started process (PID=2487) to work on /home/airflow/.local/lib/python3.8/site-packages/airflow/example_dags/example_branch_operator.py
[2026-06-03T13:36:22.504+0000] {processor.py:830} INFO - Processing file /home/airflow/.local/lib/python3.8/site-packages/airflow/example_dags/example_branch_operator.py for tasks to queue
[2026-06-03T13:36:22.505+0000] {logging_mixin.py:188} INFO - [2026-06-03T13:36:22.505+0000] {dagbag.py:538} INFO - Filling up the DagBag from /home/airflow/.local/lib/python3.8/site-packages/airflow/example_dags/example_branch_operator.py
[2026-06-03T13:36:22.525+0000] {processor.py:840} INFO - DAG(s) 'example_branch_operator' retrieved from /home/airflow/.local/lib/python3.8/site-packages/airflow/example_dags/example_branch_operator.py
[2026-06-03T13:36:22.548+0000] {logging_mixin.py:188} INFO - [2026-06-03T13:36:22.548+0000] {dag.py:3033} INFO - Sync 1 DAGs
[2026-06-03T13:36:22.561+0000] {logging_mixin.py:188} INFO - [2026-06-03T13:36:22.561+0000] {dag.py:3820} INFO - Setting next_dagrun for example_branch_operator to 2026-06-02T00:00:00+00:00, run_after=2026-06-03T00:00:00+00:00
[2026-06-03T13:36:22.575+0000] {processor.py:183} INFO - Processing /home/airflow/.local/lib/python3.8/site-packages/airflow/example_dags/example_branch_operator.py took 0.077 seconds
[2026-06-03T13:36:53.045+0000] {processor.py:161} INFO - Started process (PID=2543) to work on /home/airflow/.local/lib/python3.8/site-packages/airflow/example_dags/example_branch_operator.py
[2026-06-03T13:36:53.048+0000] {processor.py:830} INFO - Processing file /home/airflow/.local/lib/python3.8/site-packages/airflow/example_dags/example_branch_operator.py for tasks to queue
[2026-06-03T13:36:53.053+0000] {logging_mixin.py:188} INFO - [2026-06-03T13:36:53.052+0000] {dagbag.py:538} INFO - Filling up the DagBag from /home/airflow/.local/lib/python3.8/site-packages/airflow/example_dags/example_branch_operator.py
[2026-06-03T13:36:53.096+0000] {processor.py:840} INFO - DAG(s) 'example_branch_operator' retrieved from /home/airflow/.local/lib/python3.8/site-packages/airflow/example_dags/example_branch_operator.py
[2026-06-03T13:36:53.163+0000] {logging_mixin.py:188} INFO - [2026-06-03T13:36:53.163+0000] {dag.py:3033} INFO - Sync 1 DAGs
[2026-06-03T13:36:53.203+0000] {logging_mixin.py:188} INFO - [2026-06-03T13:36:53.203+0000] {dag.py:3820} INFO - Setting next_dagrun for example_branch_operator to 2026-06-02T00:00:00+00:00, run_after=2026-06-03T00:00:00+00:00
[2026-06-03T13:36:53.242+0000] {processor.py:183} INFO - Processing /home/airflow/.local/lib/python3.8/site-packages/airflow/example_dags/example_branch_operator.py took 0.203 seconds
[2026-06-03T13:37:24.033+0000] {processor.py:161} INFO - Started process (PID=2599) to work on /home/airflow/.local/lib/python3.8/site-packages/airflow/example_dags/example_branch_operator.py
[2026-06-03T13:37:24.034+0000] {processor.py:830} INFO - Processing file /home/airflow/.local/lib/python3.8/site-packages/airflow/example_dags/example_branch_operator.py for tasks to queue
[2026-06-03T13:37:24.036+0000] {logging_mixin.py:188} INFO - [2026-06-03T13:37:24.036+0000] {dagbag.py:538} INFO - Filling up the DagBag from /home/airflow/.local/lib/python3.8/site-packages/airflow/example_dags/example_branch_operator.py
[2026-06-03T13:37:24.054+0000] {processor.py:840} INFO - DAG(s) 'example_branch_operator' retrieved from /home/airflow/.local/lib/python3.8/site-packages/airflow/example_dags/example_branch_operator.py
[2026-06-03T13:37:24.184+0000] {logging_mixin.py:188} INFO - [2026-06-03T13:37:24.184+0000] {dag.py:3033} INFO - Sync 1 DAGs
[2026-06-03T13:37:24.194+0000] {logging_mixin.py:188} INFO - [2026-06-03T13:37:24.193+0000] {dag.py:3820} INFO - Setting next_dagrun for example_branch_operator to 2026-06-02T00:00:00+00:00, run_after=2026-06-03T00:00:00+00:00
[2026-06-03T13:37:24.206+0000] {processor.py:183} INFO - Processing /home/airflow/.local/lib/python3.8/site-packages/airflow/example_dags/example_branch_operator.py took 0.178 seconds
[2026-06-03T13:37:54.822+0000] {processor.py:161} INFO - Started process (PID=2655) to work on /home/airflow/.local/lib/python3.8/site-packages/airflow/example_dags/example_branch_operator.py
[2026-06-03T13:37:54.823+0000] {processor.py:830} INFO - Processing file /home/airflow/.local/lib/python3.8/site-packages/airflow/example_dags/example_branch_operator.py for tasks to queue
[2026-06-03T13:37:54.825+0000] {logging_mixin.py:188} INFO - [2026-06-03T13:37:54.825+0000] {dagbag.py:538} INFO - Filling up the DagBag from /home/airflow/.local/lib/python3.8/site-packages/airflow/example_dags/example_branch_operator.py
[2026-06-03T13:37:54.836+0000] {processor.py:840} INFO - DAG(s) 'example_branch_operator' retrieved from /home/airflow/.local/lib/python3.8/site-packages/airflow/example_dags/example_branch_operator.py
[2026-06-03T13:37:54.867+0000] {logging_mixin.py:188} INFO - [2026-06-03T13:37:54.867+0000] {dag.py:3033} INFO - Sync 1 DAGs
[2026-06-03T13:37:55.027+0000] {logging_mixin.py:188} INFO - [2026-06-03T13:37:55.027+0000] {dag.py:3820} INFO - Setting next_dagrun for example_branch_operator to 2026-06-02T00:00:00+00:00, run_after=2026-06-03T00:00:00+00:00
[2026-06-03T13:37:55.038+0000] {processor.py:183} INFO - Processing /home/airflow/.local/lib/python3.8/site-packages/airflow/example_dags/example_branch_operator.py took 0.219 seconds
[2026-06-03T13:38:25.179+0000] {processor.py:161} INFO - Started process (PID=2712) to work on /home/airflow/.local/lib/python3.8/site-packages/airflow/example_dags/example_branch_operator.py
[2026-06-03T13:38:25.180+0000] {processor.py:830} INFO - Processing file /home/airflow/.local/lib/python3.8/site-packages/airflow/example_dags/example_branch_operator.py for tasks to queue
[2026-06-03T13:38:25.182+0000] {logging_mixin.py:188} INFO - [2026-06-03T13:38:25.182+0000] {dagbag.py:538} INFO - Filling up the DagBag from /home/airflow/.local/lib/python3.8/site-packages/airflow/example_dags/example_branch_operator.py
[2026-06-03T13:38:25.203+0000] {processor.py:840} INFO - DAG(s) 'example_branch_operator' retrieved from /home/airflow/.local/lib/python3.8/site-packages/airflow/example_dags/example_branch_operator.py
[2026-06-03T13:38:25.223+0000] {logging_mixin.py:188} INFO - [2026-06-03T13:38:25.223+0000] {dag.py:3033} INFO - Sync 1 DAGs
[2026-06-03T13:38:25.235+0000] {logging_mixin.py:188} INFO - [2026-06-03T13:38:25.235+0000] {dag.py:3820} INFO - Setting next_dagrun for example_branch_operator to 2026-06-02T00:00:00+00:00, run_after=2026-06-03T00:00:00+00:00
[2026-06-03T13:38:25.241+0000] {processor.py:183} INFO - Processing /home/airflow/.local/lib/python3.8/site-packages/airflow/example_dags/example_branch_operator.py took 0.065 seconds
