[2026-06-03T11:48:40.215+0000] {processor.py:161} INFO - Started process (PID=44) to work on /home/airflow/.local/lib/python3.8/site-packages/airflow/example_dags/example_skip_dag.py
[2026-06-03T11:48:40.217+0000] {processor.py:830} INFO - Processing file /home/airflow/.local/lib/python3.8/site-packages/airflow/example_dags/example_skip_dag.py for tasks to queue
[2026-06-03T11:48:40.222+0000] {logging_mixin.py:188} INFO - [2026-06-03T11:48:40.221+0000] {dagbag.py:538} INFO - Filling up the DagBag from /home/airflow/.local/lib/python3.8/site-packages/airflow/example_dags/example_skip_dag.py
[2026-06-03T11:48:40.249+0000] {processor.py:840} INFO - DAG(s) 'example_skip_dag' retrieved from /home/airflow/.local/lib/python3.8/site-packages/airflow/example_dags/example_skip_dag.py
[2026-06-03T11:48:40.275+0000] {logging_mixin.py:188} INFO - [2026-06-03T11:48:40.274+0000] {dag.py:3033} INFO - Sync 1 DAGs
[2026-06-03T11:48:40.313+0000] {logging_mixin.py:188} INFO - [2026-06-03T11:48:40.313+0000] {dag.py:3820} INFO - Setting next_dagrun for example_skip_dag to 2026-06-02T00:00:00+00:00, run_after=2026-06-03T00:00:00+00:00
[2026-06-03T11:48:40.335+0000] {processor.py:183} INFO - Processing /home/airflow/.local/lib/python3.8/site-packages/airflow/example_dags/example_skip_dag.py took 0.127 seconds
[2026-06-03T11:49:10.887+0000] {processor.py:161} INFO - Started process (PID=98) to work on /home/airflow/.local/lib/python3.8/site-packages/airflow/example_dags/example_skip_dag.py
[2026-06-03T11:49:10.888+0000] {processor.py:830} INFO - Processing file /home/airflow/.local/lib/python3.8/site-packages/airflow/example_dags/example_skip_dag.py for tasks to queue
[2026-06-03T11:49:10.890+0000] {logging_mixin.py:188} INFO - [2026-06-03T11:49:10.889+0000] {dagbag.py:538} INFO - Filling up the DagBag from /home/airflow/.local/lib/python3.8/site-packages/airflow/example_dags/example_skip_dag.py
[2026-06-03T11:49:10.904+0000] {processor.py:840} INFO - DAG(s) 'example_skip_dag' retrieved from /home/airflow/.local/lib/python3.8/site-packages/airflow/example_dags/example_skip_dag.py
[2026-06-03T11:49:10.997+0000] {logging_mixin.py:188} INFO - [2026-06-03T11:49:10.997+0000] {dag.py:3033} INFO - Sync 1 DAGs
[2026-06-03T11:49:11.014+0000] {logging_mixin.py:188} INFO - [2026-06-03T11:49:11.014+0000] {dag.py:3820} INFO - Setting next_dagrun for example_skip_dag to 2026-06-02T00:00:00+00:00, run_after=2026-06-03T00:00:00+00:00
[2026-06-03T11:49:11.024+0000] {processor.py:183} INFO - Processing /home/airflow/.local/lib/python3.8/site-packages/airflow/example_dags/example_skip_dag.py took 0.149 seconds
[2026-06-03T11:49:41.058+0000] {processor.py:161} INFO - Started process (PID=153) to work on /home/airflow/.local/lib/python3.8/site-packages/airflow/example_dags/example_skip_dag.py
[2026-06-03T11:49:41.058+0000] {processor.py:830} INFO - Processing file /home/airflow/.local/lib/python3.8/site-packages/airflow/example_dags/example_skip_dag.py for tasks to queue
[2026-06-03T11:49:41.059+0000] {logging_mixin.py:188} INFO - [2026-06-03T11:49:41.059+0000] {dagbag.py:538} INFO - Filling up the DagBag from /home/airflow/.local/lib/python3.8/site-packages/airflow/example_dags/example_skip_dag.py
[2026-06-03T11:49:41.062+0000] {processor.py:840} INFO - DAG(s) 'example_skip_dag' retrieved from /home/airflow/.local/lib/python3.8/site-packages/airflow/example_dags/example_skip_dag.py
[2026-06-03T11:49:41.072+0000] {logging_mixin.py:188} INFO - [2026-06-03T11:49:41.072+0000] {dag.py:3033} INFO - Sync 1 DAGs
[2026-06-03T11:49:41.081+0000] {logging_mixin.py:188} INFO - [2026-06-03T11:49:41.081+0000] {dag.py:3820} INFO - Setting next_dagrun for example_skip_dag to 2026-06-02T00:00:00+00:00, run_after=2026-06-03T00:00:00+00:00
[2026-06-03T11:49:41.087+0000] {processor.py:183} INFO - Processing /home/airflow/.local/lib/python3.8/site-packages/airflow/example_dags/example_skip_dag.py took 0.031 seconds
[2026-06-03T11:50:11.244+0000] {processor.py:161} INFO - Started process (PID=208) to work on /home/airflow/.local/lib/python3.8/site-packages/airflow/example_dags/example_skip_dag.py
[2026-06-03T11:50:11.245+0000] {processor.py:830} INFO - Processing file /home/airflow/.local/lib/python3.8/site-packages/airflow/example_dags/example_skip_dag.py for tasks to queue
[2026-06-03T11:50:11.246+0000] {logging_mixin.py:188} INFO - [2026-06-03T11:50:11.246+0000] {dagbag.py:538} INFO - Filling up the DagBag from /home/airflow/.local/lib/python3.8/site-packages/airflow/example_dags/example_skip_dag.py
[2026-06-03T11:50:11.250+0000] {processor.py:840} INFO - DAG(s) 'example_skip_dag' retrieved from /home/airflow/.local/lib/python3.8/site-packages/airflow/example_dags/example_skip_dag.py
[2026-06-03T11:50:11.270+0000] {logging_mixin.py:188} INFO - [2026-06-03T11:50:11.270+0000] {dag.py:3033} INFO - Sync 1 DAGs
[2026-06-03T11:50:11.286+0000] {logging_mixin.py:188} INFO - [2026-06-03T11:50:11.286+0000] {dag.py:3820} INFO - Setting next_dagrun for example_skip_dag to 2026-06-02T00:00:00+00:00, run_after=2026-06-03T00:00:00+00:00
[2026-06-03T11:50:11.294+0000] {processor.py:183} INFO - Processing /home/airflow/.local/lib/python3.8/site-packages/airflow/example_dags/example_skip_dag.py took 0.052 seconds
[2026-06-03T11:50:41.632+0000] {processor.py:161} INFO - Started process (PID=263) to work on /home/airflow/.local/lib/python3.8/site-packages/airflow/example_dags/example_skip_dag.py
[2026-06-03T11:50:41.633+0000] {processor.py:830} INFO - Processing file /home/airflow/.local/lib/python3.8/site-packages/airflow/example_dags/example_skip_dag.py for tasks to queue
[2026-06-03T11:50:41.634+0000] {logging_mixin.py:188} INFO - [2026-06-03T11:50:41.634+0000] {dagbag.py:538} INFO - Filling up the DagBag from /home/airflow/.local/lib/python3.8/site-packages/airflow/example_dags/example_skip_dag.py
[2026-06-03T11:50:41.638+0000] {processor.py:840} INFO - DAG(s) 'example_skip_dag' retrieved from /home/airflow/.local/lib/python3.8/site-packages/airflow/example_dags/example_skip_dag.py
[2026-06-03T11:50:41.652+0000] {logging_mixin.py:188} INFO - [2026-06-03T11:50:41.652+0000] {dag.py:3033} INFO - Sync 1 DAGs
[2026-06-03T11:50:41.664+0000] {logging_mixin.py:188} INFO - [2026-06-03T11:50:41.664+0000] {dag.py:3820} INFO - Setting next_dagrun for example_skip_dag to 2026-06-02T00:00:00+00:00, run_after=2026-06-03T00:00:00+00:00
[2026-06-03T11:50:41.673+0000] {processor.py:183} INFO - Processing /home/airflow/.local/lib/python3.8/site-packages/airflow/example_dags/example_skip_dag.py took 0.043 seconds
[2026-06-03T11:51:11.872+0000] {processor.py:161} INFO - Started process (PID=318) to work on /home/airflow/.local/lib/python3.8/site-packages/airflow/example_dags/example_skip_dag.py
[2026-06-03T11:51:11.873+0000] {processor.py:830} INFO - Processing file /home/airflow/.local/lib/python3.8/site-packages/airflow/example_dags/example_skip_dag.py for tasks to queue
[2026-06-03T11:51:11.874+0000] {logging_mixin.py:188} INFO - [2026-06-03T11:51:11.873+0000] {dagbag.py:538} INFO - Filling up the DagBag from /home/airflow/.local/lib/python3.8/site-packages/airflow/example_dags/example_skip_dag.py
[2026-06-03T11:51:11.876+0000] {processor.py:840} INFO - DAG(s) 'example_skip_dag' retrieved from /home/airflow/.local/lib/python3.8/site-packages/airflow/example_dags/example_skip_dag.py
[2026-06-03T11:51:11.885+0000] {logging_mixin.py:188} INFO - [2026-06-03T11:51:11.885+0000] {dag.py:3033} INFO - Sync 1 DAGs
[2026-06-03T11:51:11.894+0000] {logging_mixin.py:188} INFO - [2026-06-03T11:51:11.893+0000] {dag.py:3820} INFO - Setting next_dagrun for example_skip_dag to 2026-06-02T00:00:00+00:00, run_after=2026-06-03T00:00:00+00:00
[2026-06-03T11:51:11.899+0000] {processor.py:183} INFO - Processing /home/airflow/.local/lib/python3.8/site-packages/airflow/example_dags/example_skip_dag.py took 0.028 seconds
[2026-06-03T11:51:42.215+0000] {processor.py:161} INFO - Started process (PID=379) to work on /home/airflow/.local/lib/python3.8/site-packages/airflow/example_dags/example_skip_dag.py
[2026-06-03T11:51:42.215+0000] {processor.py:830} INFO - Processing file /home/airflow/.local/lib/python3.8/site-packages/airflow/example_dags/example_skip_dag.py for tasks to queue
[2026-06-03T11:51:42.216+0000] {logging_mixin.py:188} INFO - [2026-06-03T11:51:42.216+0000] {dagbag.py:538} INFO - Filling up the DagBag from /home/airflow/.local/lib/python3.8/site-packages/airflow/example_dags/example_skip_dag.py
[2026-06-03T11:51:42.219+0000] {processor.py:840} INFO - DAG(s) 'example_skip_dag' retrieved from /home/airflow/.local/lib/python3.8/site-packages/airflow/example_dags/example_skip_dag.py
[2026-06-03T11:51:42.238+0000] {logging_mixin.py:188} INFO - [2026-06-03T11:51:42.238+0000] {dag.py:3033} INFO - Sync 1 DAGs
[2026-06-03T11:51:42.253+0000] {logging_mixin.py:188} INFO - [2026-06-03T11:51:42.253+0000] {dag.py:3820} INFO - Setting next_dagrun for example_skip_dag to 2026-06-02T00:00:00+00:00, run_after=2026-06-03T00:00:00+00:00
[2026-06-03T11:51:42.281+0000] {processor.py:183} INFO - Processing /home/airflow/.local/lib/python3.8/site-packages/airflow/example_dags/example_skip_dag.py took 0.068 seconds
[2026-06-03T11:52:12.718+0000] {processor.py:161} INFO - Started process (PID=434) to work on /home/airflow/.local/lib/python3.8/site-packages/airflow/example_dags/example_skip_dag.py
[2026-06-03T11:52:12.719+0000] {processor.py:830} INFO - Processing file /home/airflow/.local/lib/python3.8/site-packages/airflow/example_dags/example_skip_dag.py for tasks to queue
[2026-06-03T11:52:12.721+0000] {logging_mixin.py:188} INFO - [2026-06-03T11:52:12.721+0000] {dagbag.py:538} INFO - Filling up the DagBag from /home/airflow/.local/lib/python3.8/site-packages/airflow/example_dags/example_skip_dag.py
[2026-06-03T11:52:12.726+0000] {processor.py:840} INFO - DAG(s) 'example_skip_dag' retrieved from /home/airflow/.local/lib/python3.8/site-packages/airflow/example_dags/example_skip_dag.py
[2026-06-03T11:52:12.743+0000] {logging_mixin.py:188} INFO - [2026-06-03T11:52:12.743+0000] {dag.py:3033} INFO - Sync 1 DAGs
[2026-06-03T11:52:12.761+0000] {logging_mixin.py:188} INFO - [2026-06-03T11:52:12.760+0000] {dag.py:3820} INFO - Setting next_dagrun for example_skip_dag to 2026-06-02T00:00:00+00:00, run_after=2026-06-03T00:00:00+00:00
[2026-06-03T11:52:12.775+0000] {processor.py:183} INFO - Processing /home/airflow/.local/lib/python3.8/site-packages/airflow/example_dags/example_skip_dag.py took 0.061 seconds
[2026-06-03T11:52:43.271+0000] {processor.py:161} INFO - Started process (PID=489) to work on /home/airflow/.local/lib/python3.8/site-packages/airflow/example_dags/example_skip_dag.py
[2026-06-03T11:52:43.273+0000] {processor.py:830} INFO - Processing file /home/airflow/.local/lib/python3.8/site-packages/airflow/example_dags/example_skip_dag.py for tasks to queue
[2026-06-03T11:52:43.274+0000] {logging_mixin.py:188} INFO - [2026-06-03T11:52:43.274+0000] {dagbag.py:538} INFO - Filling up the DagBag from /home/airflow/.local/lib/python3.8/site-packages/airflow/example_dags/example_skip_dag.py
[2026-06-03T11:52:43.279+0000] {processor.py:840} INFO - DAG(s) 'example_skip_dag' retrieved from /home/airflow/.local/lib/python3.8/site-packages/airflow/example_dags/example_skip_dag.py
[2026-06-03T11:52:43.301+0000] {logging_mixin.py:188} INFO - [2026-06-03T11:52:43.301+0000] {dag.py:3033} INFO - Sync 1 DAGs
[2026-06-03T11:52:43.331+0000] {logging_mixin.py:188} INFO - [2026-06-03T11:52:43.331+0000] {dag.py:3820} INFO - Setting next_dagrun for example_skip_dag to 2026-06-02T00:00:00+00:00, run_after=2026-06-03T00:00:00+00:00
[2026-06-03T11:52:43.346+0000] {processor.py:183} INFO - Processing /home/airflow/.local/lib/python3.8/site-packages/airflow/example_dags/example_skip_dag.py took 0.077 seconds
[2026-06-03T11:53:13.504+0000] {processor.py:161} INFO - Started process (PID=544) to work on /home/airflow/.local/lib/python3.8/site-packages/airflow/example_dags/example_skip_dag.py
[2026-06-03T11:53:13.505+0000] {processor.py:830} INFO - Processing file /home/airflow/.local/lib/python3.8/site-packages/airflow/example_dags/example_skip_dag.py for tasks to queue
[2026-06-03T11:53:13.506+0000] {logging_mixin.py:188} INFO - [2026-06-03T11:53:13.505+0000] {dagbag.py:538} INFO - Filling up the DagBag from /home/airflow/.local/lib/python3.8/site-packages/airflow/example_dags/example_skip_dag.py
[2026-06-03T11:53:13.510+0000] {processor.py:840} INFO - DAG(s) 'example_skip_dag' retrieved from /home/airflow/.local/lib/python3.8/site-packages/airflow/example_dags/example_skip_dag.py
[2026-06-03T11:53:13.528+0000] {logging_mixin.py:188} INFO - [2026-06-03T11:53:13.528+0000] {dag.py:3033} INFO - Sync 1 DAGs
[2026-06-03T11:53:13.538+0000] {logging_mixin.py:188} INFO - [2026-06-03T11:53:13.538+0000] {dag.py:3820} INFO - Setting next_dagrun for example_skip_dag to 2026-06-02T00:00:00+00:00, run_after=2026-06-03T00:00:00+00:00
[2026-06-03T11:53:13.550+0000] {processor.py:183} INFO - Processing /home/airflow/.local/lib/python3.8/site-packages/airflow/example_dags/example_skip_dag.py took 0.048 seconds
[2026-06-03T11:53:43.649+0000] {processor.py:161} INFO - Started process (PID=599) to work on /home/airflow/.local/lib/python3.8/site-packages/airflow/example_dags/example_skip_dag.py
[2026-06-03T11:53:43.650+0000] {processor.py:830} INFO - Processing file /home/airflow/.local/lib/python3.8/site-packages/airflow/example_dags/example_skip_dag.py for tasks to queue
[2026-06-03T11:53:43.652+0000] {logging_mixin.py:188} INFO - [2026-06-03T11:53:43.652+0000] {dagbag.py:538} INFO - Filling up the DagBag from /home/airflow/.local/lib/python3.8/site-packages/airflow/example_dags/example_skip_dag.py
[2026-06-03T11:53:43.656+0000] {processor.py:840} INFO - DAG(s) 'example_skip_dag' retrieved from /home/airflow/.local/lib/python3.8/site-packages/airflow/example_dags/example_skip_dag.py
[2026-06-03T11:53:43.666+0000] {logging_mixin.py:188} INFO - [2026-06-03T11:53:43.666+0000] {dag.py:3033} INFO - Sync 1 DAGs
[2026-06-03T11:53:43.675+0000] {logging_mixin.py:188} INFO - [2026-06-03T11:53:43.675+0000] {dag.py:3820} INFO - Setting next_dagrun for example_skip_dag to 2026-06-02T00:00:00+00:00, run_after=2026-06-03T00:00:00+00:00
[2026-06-03T11:53:43.687+0000] {processor.py:183} INFO - Processing /home/airflow/.local/lib/python3.8/site-packages/airflow/example_dags/example_skip_dag.py took 0.040 seconds
[2026-06-03T11:54:14.373+0000] {processor.py:161} INFO - Started process (PID=654) to work on /home/airflow/.local/lib/python3.8/site-packages/airflow/example_dags/example_skip_dag.py
[2026-06-03T11:54:14.379+0000] {processor.py:830} INFO - Processing file /home/airflow/.local/lib/python3.8/site-packages/airflow/example_dags/example_skip_dag.py for tasks to queue
[2026-06-03T11:54:14.386+0000] {logging_mixin.py:188} INFO - [2026-06-03T11:54:14.386+0000] {dagbag.py:538} INFO - Filling up the DagBag from /home/airflow/.local/lib/python3.8/site-packages/airflow/example_dags/example_skip_dag.py
[2026-06-03T11:54:14.395+0000] {processor.py:840} INFO - DAG(s) 'example_skip_dag' retrieved from /home/airflow/.local/lib/python3.8/site-packages/airflow/example_dags/example_skip_dag.py
[2026-06-03T11:54:14.416+0000] {logging_mixin.py:188} INFO - [2026-06-03T11:54:14.416+0000] {dag.py:3033} INFO - Sync 1 DAGs
[2026-06-03T11:54:14.450+0000] {logging_mixin.py:188} INFO - [2026-06-03T11:54:14.450+0000] {dag.py:3820} INFO - Setting next_dagrun for example_skip_dag to 2026-06-02T00:00:00+00:00, run_after=2026-06-03T00:00:00+00:00
[2026-06-03T11:54:14.466+0000] {processor.py:183} INFO - Processing /home/airflow/.local/lib/python3.8/site-packages/airflow/example_dags/example_skip_dag.py took 0.098 seconds
[2026-06-03T11:54:44.582+0000] {processor.py:161} INFO - Started process (PID=709) to work on /home/airflow/.local/lib/python3.8/site-packages/airflow/example_dags/example_skip_dag.py
[2026-06-03T11:54:44.583+0000] {processor.py:830} INFO - Processing file /home/airflow/.local/lib/python3.8/site-packages/airflow/example_dags/example_skip_dag.py for tasks to queue
[2026-06-03T11:54:44.584+0000] {logging_mixin.py:188} INFO - [2026-06-03T11:54:44.583+0000] {dagbag.py:538} INFO - Filling up the DagBag from /home/airflow/.local/lib/python3.8/site-packages/airflow/example_dags/example_skip_dag.py
[2026-06-03T11:54:44.586+0000] {processor.py:840} INFO - DAG(s) 'example_skip_dag' retrieved from /home/airflow/.local/lib/python3.8/site-packages/airflow/example_dags/example_skip_dag.py
[2026-06-03T11:54:44.596+0000] {logging_mixin.py:188} INFO - [2026-06-03T11:54:44.596+0000] {dag.py:3033} INFO - Sync 1 DAGs
[2026-06-03T11:54:44.604+0000] {logging_mixin.py:188} INFO - [2026-06-03T11:54:44.604+0000] {dag.py:3820} INFO - Setting next_dagrun for example_skip_dag to 2026-06-02T00:00:00+00:00, run_after=2026-06-03T00:00:00+00:00
[2026-06-03T11:54:44.612+0000] {processor.py:183} INFO - Processing /home/airflow/.local/lib/python3.8/site-packages/airflow/example_dags/example_skip_dag.py took 0.031 seconds
[2026-06-03T11:55:14.844+0000] {processor.py:161} INFO - Started process (PID=764) to work on /home/airflow/.local/lib/python3.8/site-packages/airflow/example_dags/example_skip_dag.py
[2026-06-03T11:55:14.844+0000] {processor.py:830} INFO - Processing file /home/airflow/.local/lib/python3.8/site-packages/airflow/example_dags/example_skip_dag.py for tasks to queue
[2026-06-03T11:55:14.845+0000] {logging_mixin.py:188} INFO - [2026-06-03T11:55:14.845+0000] {dagbag.py:538} INFO - Filling up the DagBag from /home/airflow/.local/lib/python3.8/site-packages/airflow/example_dags/example_skip_dag.py
[2026-06-03T11:55:14.848+0000] {processor.py:840} INFO - DAG(s) 'example_skip_dag' retrieved from /home/airflow/.local/lib/python3.8/site-packages/airflow/example_dags/example_skip_dag.py
[2026-06-03T11:55:14.856+0000] {logging_mixin.py:188} INFO - [2026-06-03T11:55:14.856+0000] {dag.py:3033} INFO - Sync 1 DAGs
[2026-06-03T11:55:14.865+0000] {logging_mixin.py:188} INFO - [2026-06-03T11:55:14.865+0000] {dag.py:3820} INFO - Setting next_dagrun for example_skip_dag to 2026-06-02T00:00:00+00:00, run_after=2026-06-03T00:00:00+00:00
[2026-06-03T11:55:14.871+0000] {processor.py:183} INFO - Processing /home/airflow/.local/lib/python3.8/site-packages/airflow/example_dags/example_skip_dag.py took 0.029 seconds
[2026-06-03T11:55:45.140+0000] {processor.py:161} INFO - Started process (PID=819) to work on /home/airflow/.local/lib/python3.8/site-packages/airflow/example_dags/example_skip_dag.py
[2026-06-03T11:55:45.140+0000] {processor.py:830} INFO - Processing file /home/airflow/.local/lib/python3.8/site-packages/airflow/example_dags/example_skip_dag.py for tasks to queue
[2026-06-03T11:55:45.141+0000] {logging_mixin.py:188} INFO - [2026-06-03T11:55:45.141+0000] {dagbag.py:538} INFO - Filling up the DagBag from /home/airflow/.local/lib/python3.8/site-packages/airflow/example_dags/example_skip_dag.py
[2026-06-03T11:55:45.145+0000] {processor.py:840} INFO - DAG(s) 'example_skip_dag' retrieved from /home/airflow/.local/lib/python3.8/site-packages/airflow/example_dags/example_skip_dag.py
[2026-06-03T11:55:45.155+0000] {logging_mixin.py:188} INFO - [2026-06-03T11:55:45.155+0000] {dag.py:3033} INFO - Sync 1 DAGs
[2026-06-03T11:55:45.165+0000] {logging_mixin.py:188} INFO - [2026-06-03T11:55:45.165+0000] {dag.py:3820} INFO - Setting next_dagrun for example_skip_dag to 2026-06-02T00:00:00+00:00, run_after=2026-06-03T00:00:00+00:00
[2026-06-03T11:55:45.172+0000] {processor.py:183} INFO - Processing /home/airflow/.local/lib/python3.8/site-packages/airflow/example_dags/example_skip_dag.py took 0.035 seconds
[2026-06-03T11:56:15.909+0000] {processor.py:161} INFO - Started process (PID=874) to work on /home/airflow/.local/lib/python3.8/site-packages/airflow/example_dags/example_skip_dag.py
[2026-06-03T11:56:15.910+0000] {processor.py:830} INFO - Processing file /home/airflow/.local/lib/python3.8/site-packages/airflow/example_dags/example_skip_dag.py for tasks to queue
[2026-06-03T11:56:15.912+0000] {logging_mixin.py:188} INFO - [2026-06-03T11:56:15.912+0000] {dagbag.py:538} INFO - Filling up the DagBag from /home/airflow/.local/lib/python3.8/site-packages/airflow/example_dags/example_skip_dag.py
[2026-06-03T11:56:15.917+0000] {processor.py:840} INFO - DAG(s) 'example_skip_dag' retrieved from /home/airflow/.local/lib/python3.8/site-packages/airflow/example_dags/example_skip_dag.py
[2026-06-03T11:56:15.928+0000] {logging_mixin.py:188} INFO - [2026-06-03T11:56:15.928+0000] {dag.py:3033} INFO - Sync 1 DAGs
[2026-06-03T11:56:15.944+0000] {logging_mixin.py:188} INFO - [2026-06-03T11:56:15.944+0000] {dag.py:3820} INFO - Setting next_dagrun for example_skip_dag to 2026-06-02T00:00:00+00:00, run_after=2026-06-03T00:00:00+00:00
[2026-06-03T11:56:15.957+0000] {processor.py:183} INFO - Processing /home/airflow/.local/lib/python3.8/site-packages/airflow/example_dags/example_skip_dag.py took 0.050 seconds
[2026-06-03T11:56:46.233+0000] {processor.py:161} INFO - Started process (PID=929) to work on /home/airflow/.local/lib/python3.8/site-packages/airflow/example_dags/example_skip_dag.py
[2026-06-03T11:56:46.234+0000] {processor.py:830} INFO - Processing file /home/airflow/.local/lib/python3.8/site-packages/airflow/example_dags/example_skip_dag.py for tasks to queue
[2026-06-03T11:56:46.235+0000] {logging_mixin.py:188} INFO - [2026-06-03T11:56:46.235+0000] {dagbag.py:538} INFO - Filling up the DagBag from /home/airflow/.local/lib/python3.8/site-packages/airflow/example_dags/example_skip_dag.py
[2026-06-03T11:56:46.240+0000] {processor.py:840} INFO - DAG(s) 'example_skip_dag' retrieved from /home/airflow/.local/lib/python3.8/site-packages/airflow/example_dags/example_skip_dag.py
[2026-06-03T11:56:46.250+0000] {logging_mixin.py:188} INFO - [2026-06-03T11:56:46.250+0000] {dag.py:3033} INFO - Sync 1 DAGs
[2026-06-03T11:56:46.263+0000] {logging_mixin.py:188} INFO - [2026-06-03T11:56:46.262+0000] {dag.py:3820} INFO - Setting next_dagrun for example_skip_dag to 2026-06-02T00:00:00+00:00, run_after=2026-06-03T00:00:00+00:00
[2026-06-03T11:56:46.271+0000] {processor.py:183} INFO - Processing /home/airflow/.local/lib/python3.8/site-packages/airflow/example_dags/example_skip_dag.py took 0.041 seconds
[2026-06-03T11:57:16.536+0000] {processor.py:161} INFO - Started process (PID=984) to work on /home/airflow/.local/lib/python3.8/site-packages/airflow/example_dags/example_skip_dag.py
[2026-06-03T11:57:16.537+0000] {processor.py:830} INFO - Processing file /home/airflow/.local/lib/python3.8/site-packages/airflow/example_dags/example_skip_dag.py for tasks to queue
[2026-06-03T11:57:16.538+0000] {logging_mixin.py:188} INFO - [2026-06-03T11:57:16.538+0000] {dagbag.py:538} INFO - Filling up the DagBag from /home/airflow/.local/lib/python3.8/site-packages/airflow/example_dags/example_skip_dag.py
[2026-06-03T11:57:16.544+0000] {processor.py:840} INFO - DAG(s) 'example_skip_dag' retrieved from /home/airflow/.local/lib/python3.8/site-packages/airflow/example_dags/example_skip_dag.py
[2026-06-03T11:57:16.559+0000] {logging_mixin.py:188} INFO - [2026-06-03T11:57:16.559+0000] {dag.py:3033} INFO - Sync 1 DAGs
[2026-06-03T11:57:16.571+0000] {logging_mixin.py:188} INFO - [2026-06-03T11:57:16.571+0000] {dag.py:3820} INFO - Setting next_dagrun for example_skip_dag to 2026-06-02T00:00:00+00:00, run_after=2026-06-03T00:00:00+00:00
[2026-06-03T11:57:16.579+0000] {processor.py:183} INFO - Processing /home/airflow/.local/lib/python3.8/site-packages/airflow/example_dags/example_skip_dag.py took 0.047 seconds
[2026-06-03T11:57:46.667+0000] {processor.py:161} INFO - Started process (PID=1039) to work on /home/airflow/.local/lib/python3.8/site-packages/airflow/example_dags/example_skip_dag.py
[2026-06-03T11:57:46.668+0000] {processor.py:830} INFO - Processing file /home/airflow/.local/lib/python3.8/site-packages/airflow/example_dags/example_skip_dag.py for tasks to queue
[2026-06-03T11:57:46.669+0000] {logging_mixin.py:188} INFO - [2026-06-03T11:57:46.669+0000] {dagbag.py:538} INFO - Filling up the DagBag from /home/airflow/.local/lib/python3.8/site-packages/airflow/example_dags/example_skip_dag.py
[2026-06-03T11:57:46.672+0000] {processor.py:840} INFO - DAG(s) 'example_skip_dag' retrieved from /home/airflow/.local/lib/python3.8/site-packages/airflow/example_dags/example_skip_dag.py
[2026-06-03T11:57:46.686+0000] {logging_mixin.py:188} INFO - [2026-06-03T11:57:46.686+0000] {dag.py:3033} INFO - Sync 1 DAGs
[2026-06-03T11:57:46.697+0000] {logging_mixin.py:188} INFO - [2026-06-03T11:57:46.697+0000] {dag.py:3820} INFO - Setting next_dagrun for example_skip_dag to 2026-06-02T00:00:00+00:00, run_after=2026-06-03T00:00:00+00:00
[2026-06-03T11:57:46.705+0000] {processor.py:183} INFO - Processing /home/airflow/.local/lib/python3.8/site-packages/airflow/example_dags/example_skip_dag.py took 0.040 seconds
[2026-06-03T11:58:16.830+0000] {processor.py:161} INFO - Started process (PID=1094) to work on /home/airflow/.local/lib/python3.8/site-packages/airflow/example_dags/example_skip_dag.py
[2026-06-03T11:58:16.831+0000] {processor.py:830} INFO - Processing file /home/airflow/.local/lib/python3.8/site-packages/airflow/example_dags/example_skip_dag.py for tasks to queue
[2026-06-03T11:58:16.832+0000] {logging_mixin.py:188} INFO - [2026-06-03T11:58:16.831+0000] {dagbag.py:538} INFO - Filling up the DagBag from /home/airflow/.local/lib/python3.8/site-packages/airflow/example_dags/example_skip_dag.py
[2026-06-03T11:58:16.835+0000] {processor.py:840} INFO - DAG(s) 'example_skip_dag' retrieved from /home/airflow/.local/lib/python3.8/site-packages/airflow/example_dags/example_skip_dag.py
[2026-06-03T11:58:16.847+0000] {logging_mixin.py:188} INFO - [2026-06-03T11:58:16.847+0000] {dag.py:3033} INFO - Sync 1 DAGs
[2026-06-03T11:58:16.858+0000] {logging_mixin.py:188} INFO - [2026-06-03T11:58:16.858+0000] {dag.py:3820} INFO - Setting next_dagrun for example_skip_dag to 2026-06-02T00:00:00+00:00, run_after=2026-06-03T00:00:00+00:00
[2026-06-03T11:58:16.865+0000] {processor.py:183} INFO - Processing /home/airflow/.local/lib/python3.8/site-packages/airflow/example_dags/example_skip_dag.py took 0.036 seconds
[2026-06-03T11:58:47.814+0000] {processor.py:161} INFO - Started process (PID=1150) to work on /home/airflow/.local/lib/python3.8/site-packages/airflow/example_dags/example_skip_dag.py
[2026-06-03T11:58:47.815+0000] {processor.py:830} INFO - Processing file /home/airflow/.local/lib/python3.8/site-packages/airflow/example_dags/example_skip_dag.py for tasks to queue
[2026-06-03T11:58:47.817+0000] {logging_mixin.py:188} INFO - [2026-06-03T11:58:47.816+0000] {dagbag.py:538} INFO - Filling up the DagBag from /home/airflow/.local/lib/python3.8/site-packages/airflow/example_dags/example_skip_dag.py
[2026-06-03T11:58:47.826+0000] {processor.py:840} INFO - DAG(s) 'example_skip_dag' retrieved from /home/airflow/.local/lib/python3.8/site-packages/airflow/example_dags/example_skip_dag.py
[2026-06-03T11:58:47.843+0000] {logging_mixin.py:188} INFO - [2026-06-03T11:58:47.843+0000] {dag.py:3033} INFO - Sync 1 DAGs
[2026-06-03T11:58:47.857+0000] {logging_mixin.py:188} INFO - [2026-06-03T11:58:47.857+0000] {dag.py:3820} INFO - Setting next_dagrun for example_skip_dag to 2026-06-02T00:00:00+00:00, run_after=2026-06-03T00:00:00+00:00
[2026-06-03T11:58:47.867+0000] {processor.py:183} INFO - Processing /home/airflow/.local/lib/python3.8/site-packages/airflow/example_dags/example_skip_dag.py took 0.054 seconds
[2026-06-03T11:59:18.074+0000] {processor.py:161} INFO - Started process (PID=1206) to work on /home/airflow/.local/lib/python3.8/site-packages/airflow/example_dags/example_skip_dag.py
[2026-06-03T11:59:18.075+0000] {processor.py:830} INFO - Processing file /home/airflow/.local/lib/python3.8/site-packages/airflow/example_dags/example_skip_dag.py for tasks to queue
[2026-06-03T11:59:18.076+0000] {logging_mixin.py:188} INFO - [2026-06-03T11:59:18.076+0000] {dagbag.py:538} INFO - Filling up the DagBag from /home/airflow/.local/lib/python3.8/site-packages/airflow/example_dags/example_skip_dag.py
[2026-06-03T11:59:18.078+0000] {processor.py:840} INFO - DAG(s) 'example_skip_dag' retrieved from /home/airflow/.local/lib/python3.8/site-packages/airflow/example_dags/example_skip_dag.py
[2026-06-03T11:59:18.090+0000] {logging_mixin.py:188} INFO - [2026-06-03T11:59:18.090+0000] {dag.py:3033} INFO - Sync 1 DAGs
[2026-06-03T11:59:18.101+0000] {logging_mixin.py:188} INFO - [2026-06-03T11:59:18.101+0000] {dag.py:3820} INFO - Setting next_dagrun for example_skip_dag to 2026-06-02T00:00:00+00:00, run_after=2026-06-03T00:00:00+00:00
[2026-06-03T11:59:18.113+0000] {processor.py:183} INFO - Processing /home/airflow/.local/lib/python3.8/site-packages/airflow/example_dags/example_skip_dag.py took 0.041 seconds
[2026-06-03T11:59:48.428+0000] {processor.py:161} INFO - Started process (PID=1262) to work on /home/airflow/.local/lib/python3.8/site-packages/airflow/example_dags/example_skip_dag.py
[2026-06-03T11:59:48.429+0000] {processor.py:830} INFO - Processing file /home/airflow/.local/lib/python3.8/site-packages/airflow/example_dags/example_skip_dag.py for tasks to queue
[2026-06-03T11:59:48.430+0000] {logging_mixin.py:188} INFO - [2026-06-03T11:59:48.430+0000] {dagbag.py:538} INFO - Filling up the DagBag from /home/airflow/.local/lib/python3.8/site-packages/airflow/example_dags/example_skip_dag.py
[2026-06-03T11:59:48.433+0000] {processor.py:840} INFO - DAG(s) 'example_skip_dag' retrieved from /home/airflow/.local/lib/python3.8/site-packages/airflow/example_dags/example_skip_dag.py
[2026-06-03T11:59:48.445+0000] {logging_mixin.py:188} INFO - [2026-06-03T11:59:48.445+0000] {dag.py:3033} INFO - Sync 1 DAGs
[2026-06-03T11:59:48.454+0000] {logging_mixin.py:188} INFO - [2026-06-03T11:59:48.454+0000] {dag.py:3820} INFO - Setting next_dagrun for example_skip_dag to 2026-06-02T00:00:00+00:00, run_after=2026-06-03T00:00:00+00:00
[2026-06-03T11:59:48.468+0000] {processor.py:183} INFO - Processing /home/airflow/.local/lib/python3.8/site-packages/airflow/example_dags/example_skip_dag.py took 0.041 seconds
[2026-06-03T12:00:18.613+0000] {processor.py:161} INFO - Started process (PID=1318) to work on /home/airflow/.local/lib/python3.8/site-packages/airflow/example_dags/example_skip_dag.py
[2026-06-03T12:00:18.614+0000] {processor.py:830} INFO - Processing file /home/airflow/.local/lib/python3.8/site-packages/airflow/example_dags/example_skip_dag.py for tasks to queue
[2026-06-03T12:00:18.615+0000] {logging_mixin.py:188} INFO - [2026-06-03T12:00:18.615+0000] {dagbag.py:538} INFO - Filling up the DagBag from /home/airflow/.local/lib/python3.8/site-packages/airflow/example_dags/example_skip_dag.py
[2026-06-03T12:00:18.618+0000] {processor.py:840} INFO - DAG(s) 'example_skip_dag' retrieved from /home/airflow/.local/lib/python3.8/site-packages/airflow/example_dags/example_skip_dag.py
[2026-06-03T12:00:18.629+0000] {logging_mixin.py:188} INFO - [2026-06-03T12:00:18.629+0000] {dag.py:3033} INFO - Sync 1 DAGs
[2026-06-03T12:00:18.639+0000] {logging_mixin.py:188} INFO - [2026-06-03T12:00:18.639+0000] {dag.py:3820} INFO - Setting next_dagrun for example_skip_dag to 2026-06-02T00:00:00+00:00, run_after=2026-06-03T00:00:00+00:00
[2026-06-03T12:00:18.658+0000] {processor.py:183} INFO - Processing /home/airflow/.local/lib/python3.8/site-packages/airflow/example_dags/example_skip_dag.py took 0.047 seconds
[2026-06-03T12:00:48.880+0000] {processor.py:161} INFO - Started process (PID=1374) to work on /home/airflow/.local/lib/python3.8/site-packages/airflow/example_dags/example_skip_dag.py
[2026-06-03T12:00:48.880+0000] {processor.py:830} INFO - Processing file /home/airflow/.local/lib/python3.8/site-packages/airflow/example_dags/example_skip_dag.py for tasks to queue
[2026-06-03T12:00:48.881+0000] {logging_mixin.py:188} INFO - [2026-06-03T12:00:48.881+0000] {dagbag.py:538} INFO - Filling up the DagBag from /home/airflow/.local/lib/python3.8/site-packages/airflow/example_dags/example_skip_dag.py
[2026-06-03T12:00:48.884+0000] {processor.py:840} INFO - DAG(s) 'example_skip_dag' retrieved from /home/airflow/.local/lib/python3.8/site-packages/airflow/example_dags/example_skip_dag.py
[2026-06-03T12:00:48.897+0000] {logging_mixin.py:188} INFO - [2026-06-03T12:00:48.897+0000] {dag.py:3033} INFO - Sync 1 DAGs
[2026-06-03T12:00:48.910+0000] {logging_mixin.py:188} INFO - [2026-06-03T12:00:48.910+0000] {dag.py:3820} INFO - Setting next_dagrun for example_skip_dag to 2026-06-02T00:00:00+00:00, run_after=2026-06-03T00:00:00+00:00
[2026-06-03T12:00:48.922+0000] {processor.py:183} INFO - Processing /home/airflow/.local/lib/python3.8/site-packages/airflow/example_dags/example_skip_dag.py took 0.044 seconds
[2026-06-03T12:01:19.223+0000] {processor.py:161} INFO - Started process (PID=1430) to work on /home/airflow/.local/lib/python3.8/site-packages/airflow/example_dags/example_skip_dag.py
[2026-06-03T12:01:19.223+0000] {processor.py:830} INFO - Processing file /home/airflow/.local/lib/python3.8/site-packages/airflow/example_dags/example_skip_dag.py for tasks to queue
[2026-06-03T12:01:19.224+0000] {logging_mixin.py:188} INFO - [2026-06-03T12:01:19.224+0000] {dagbag.py:538} INFO - Filling up the DagBag from /home/airflow/.local/lib/python3.8/site-packages/airflow/example_dags/example_skip_dag.py
[2026-06-03T12:01:19.228+0000] {processor.py:840} INFO - DAG(s) 'example_skip_dag' retrieved from /home/airflow/.local/lib/python3.8/site-packages/airflow/example_dags/example_skip_dag.py
[2026-06-03T12:01:19.252+0000] {logging_mixin.py:188} INFO - [2026-06-03T12:01:19.251+0000] {dag.py:3033} INFO - Sync 1 DAGs
[2026-06-03T12:01:19.266+0000] {logging_mixin.py:188} INFO - [2026-06-03T12:01:19.266+0000] {dag.py:3820} INFO - Setting next_dagrun for example_skip_dag to 2026-06-02T00:00:00+00:00, run_after=2026-06-03T00:00:00+00:00
[2026-06-03T12:01:19.279+0000] {processor.py:183} INFO - Processing /home/airflow/.local/lib/python3.8/site-packages/airflow/example_dags/example_skip_dag.py took 0.058 seconds
[2026-06-03T12:01:49.370+0000] {processor.py:161} INFO - Started process (PID=1486) to work on /home/airflow/.local/lib/python3.8/site-packages/airflow/example_dags/example_skip_dag.py
[2026-06-03T12:01:49.371+0000] {processor.py:830} INFO - Processing file /home/airflow/.local/lib/python3.8/site-packages/airflow/example_dags/example_skip_dag.py for tasks to queue
[2026-06-03T12:01:49.372+0000] {logging_mixin.py:188} INFO - [2026-06-03T12:01:49.372+0000] {dagbag.py:538} INFO - Filling up the DagBag from /home/airflow/.local/lib/python3.8/site-packages/airflow/example_dags/example_skip_dag.py
[2026-06-03T12:01:49.375+0000] {processor.py:840} INFO - DAG(s) 'example_skip_dag' retrieved from /home/airflow/.local/lib/python3.8/site-packages/airflow/example_dags/example_skip_dag.py
[2026-06-03T12:01:49.389+0000] {logging_mixin.py:188} INFO - [2026-06-03T12:01:49.389+0000] {dag.py:3033} INFO - Sync 1 DAGs
[2026-06-03T12:01:49.401+0000] {logging_mixin.py:188} INFO - [2026-06-03T12:01:49.401+0000] {dag.py:3820} INFO - Setting next_dagrun for example_skip_dag to 2026-06-02T00:00:00+00:00, run_after=2026-06-03T00:00:00+00:00
[2026-06-03T12:01:49.415+0000] {processor.py:183} INFO - Processing /home/airflow/.local/lib/python3.8/site-packages/airflow/example_dags/example_skip_dag.py took 0.046 seconds
[2026-06-03T12:02:20.423+0000] {processor.py:161} INFO - Started process (PID=1542) to work on /home/airflow/.local/lib/python3.8/site-packages/airflow/example_dags/example_skip_dag.py
[2026-06-03T12:02:20.424+0000] {processor.py:830} INFO - Processing file /home/airflow/.local/lib/python3.8/site-packages/airflow/example_dags/example_skip_dag.py for tasks to queue
[2026-06-03T12:02:20.425+0000] {logging_mixin.py:188} INFO - [2026-06-03T12:02:20.424+0000] {dagbag.py:538} INFO - Filling up the DagBag from /home/airflow/.local/lib/python3.8/site-packages/airflow/example_dags/example_skip_dag.py
[2026-06-03T12:02:20.428+0000] {processor.py:840} INFO - DAG(s) 'example_skip_dag' retrieved from /home/airflow/.local/lib/python3.8/site-packages/airflow/example_dags/example_skip_dag.py
[2026-06-03T12:02:20.441+0000] {logging_mixin.py:188} INFO - [2026-06-03T12:02:20.441+0000] {dag.py:3033} INFO - Sync 1 DAGs
[2026-06-03T12:02:20.450+0000] {logging_mixin.py:188} INFO - [2026-06-03T12:02:20.450+0000] {dag.py:3820} INFO - Setting next_dagrun for example_skip_dag to 2026-06-02T00:00:00+00:00, run_after=2026-06-03T00:00:00+00:00
[2026-06-03T12:02:20.464+0000] {processor.py:183} INFO - Processing /home/airflow/.local/lib/python3.8/site-packages/airflow/example_dags/example_skip_dag.py took 0.043 seconds
[2026-06-03T12:02:50.572+0000] {processor.py:161} INFO - Started process (PID=1598) to work on /home/airflow/.local/lib/python3.8/site-packages/airflow/example_dags/example_skip_dag.py
[2026-06-03T12:02:50.573+0000] {processor.py:830} INFO - Processing file /home/airflow/.local/lib/python3.8/site-packages/airflow/example_dags/example_skip_dag.py for tasks to queue
[2026-06-03T12:02:50.574+0000] {logging_mixin.py:188} INFO - [2026-06-03T12:02:50.574+0000] {dagbag.py:538} INFO - Filling up the DagBag from /home/airflow/.local/lib/python3.8/site-packages/airflow/example_dags/example_skip_dag.py
[2026-06-03T12:02:50.577+0000] {processor.py:840} INFO - DAG(s) 'example_skip_dag' retrieved from /home/airflow/.local/lib/python3.8/site-packages/airflow/example_dags/example_skip_dag.py
[2026-06-03T12:02:50.590+0000] {logging_mixin.py:188} INFO - [2026-06-03T12:02:50.590+0000] {dag.py:3033} INFO - Sync 1 DAGs
[2026-06-03T12:02:50.604+0000] {logging_mixin.py:188} INFO - [2026-06-03T12:02:50.604+0000] {dag.py:3820} INFO - Setting next_dagrun for example_skip_dag to 2026-06-02T00:00:00+00:00, run_after=2026-06-03T00:00:00+00:00
[2026-06-03T12:02:50.617+0000] {processor.py:183} INFO - Processing /home/airflow/.local/lib/python3.8/site-packages/airflow/example_dags/example_skip_dag.py took 0.046 seconds
[2026-06-03T12:03:20.856+0000] {processor.py:161} INFO - Started process (PID=1654) to work on /home/airflow/.local/lib/python3.8/site-packages/airflow/example_dags/example_skip_dag.py
[2026-06-03T12:03:20.857+0000] {processor.py:830} INFO - Processing file /home/airflow/.local/lib/python3.8/site-packages/airflow/example_dags/example_skip_dag.py for tasks to queue
[2026-06-03T12:03:20.858+0000] {logging_mixin.py:188} INFO - [2026-06-03T12:03:20.858+0000] {dagbag.py:538} INFO - Filling up the DagBag from /home/airflow/.local/lib/python3.8/site-packages/airflow/example_dags/example_skip_dag.py
[2026-06-03T12:03:20.862+0000] {processor.py:840} INFO - DAG(s) 'example_skip_dag' retrieved from /home/airflow/.local/lib/python3.8/site-packages/airflow/example_dags/example_skip_dag.py
[2026-06-03T12:03:20.876+0000] {logging_mixin.py:188} INFO - [2026-06-03T12:03:20.876+0000] {dag.py:3033} INFO - Sync 1 DAGs
[2026-06-03T12:03:20.888+0000] {logging_mixin.py:188} INFO - [2026-06-03T12:03:20.888+0000] {dag.py:3820} INFO - Setting next_dagrun for example_skip_dag to 2026-06-02T00:00:00+00:00, run_after=2026-06-03T00:00:00+00:00
[2026-06-03T12:03:20.902+0000] {processor.py:183} INFO - Processing /home/airflow/.local/lib/python3.8/site-packages/airflow/example_dags/example_skip_dag.py took 0.048 seconds
[2026-06-03T12:03:51.284+0000] {processor.py:161} INFO - Started process (PID=1710) to work on /home/airflow/.local/lib/python3.8/site-packages/airflow/example_dags/example_skip_dag.py
[2026-06-03T12:03:51.285+0000] {processor.py:830} INFO - Processing file /home/airflow/.local/lib/python3.8/site-packages/airflow/example_dags/example_skip_dag.py for tasks to queue
[2026-06-03T12:03:51.286+0000] {logging_mixin.py:188} INFO - [2026-06-03T12:03:51.286+0000] {dagbag.py:538} INFO - Filling up the DagBag from /home/airflow/.local/lib/python3.8/site-packages/airflow/example_dags/example_skip_dag.py
[2026-06-03T12:03:51.290+0000] {processor.py:840} INFO - DAG(s) 'example_skip_dag' retrieved from /home/airflow/.local/lib/python3.8/site-packages/airflow/example_dags/example_skip_dag.py
[2026-06-03T12:03:51.312+0000] {logging_mixin.py:188} INFO - [2026-06-03T12:03:51.312+0000] {dag.py:3033} INFO - Sync 1 DAGs
[2026-06-03T12:03:51.337+0000] {logging_mixin.py:188} INFO - [2026-06-03T12:03:51.337+0000] {dag.py:3820} INFO - Setting next_dagrun for example_skip_dag to 2026-06-02T00:00:00+00:00, run_after=2026-06-03T00:00:00+00:00
[2026-06-03T12:03:51.361+0000] {processor.py:183} INFO - Processing /home/airflow/.local/lib/python3.8/site-packages/airflow/example_dags/example_skip_dag.py took 0.079 seconds
[2026-06-03T12:04:21.574+0000] {processor.py:161} INFO - Started process (PID=1766) to work on /home/airflow/.local/lib/python3.8/site-packages/airflow/example_dags/example_skip_dag.py
[2026-06-03T12:04:21.574+0000] {processor.py:830} INFO - Processing file /home/airflow/.local/lib/python3.8/site-packages/airflow/example_dags/example_skip_dag.py for tasks to queue
[2026-06-03T12:04:21.575+0000] {logging_mixin.py:188} INFO - [2026-06-03T12:04:21.575+0000] {dagbag.py:538} INFO - Filling up the DagBag from /home/airflow/.local/lib/python3.8/site-packages/airflow/example_dags/example_skip_dag.py
[2026-06-03T12:04:21.579+0000] {processor.py:840} INFO - DAG(s) 'example_skip_dag' retrieved from /home/airflow/.local/lib/python3.8/site-packages/airflow/example_dags/example_skip_dag.py
[2026-06-03T12:04:21.595+0000] {logging_mixin.py:188} INFO - [2026-06-03T12:04:21.595+0000] {dag.py:3033} INFO - Sync 1 DAGs
[2026-06-03T12:04:21.608+0000] {logging_mixin.py:188} INFO - [2026-06-03T12:04:21.608+0000] {dag.py:3820} INFO - Setting next_dagrun for example_skip_dag to 2026-06-02T00:00:00+00:00, run_after=2026-06-03T00:00:00+00:00
[2026-06-03T12:04:21.622+0000] {processor.py:183} INFO - Processing /home/airflow/.local/lib/python3.8/site-packages/airflow/example_dags/example_skip_dag.py took 0.050 seconds
[2026-06-03T12:04:52.091+0000] {processor.py:161} INFO - Started process (PID=1822) to work on /home/airflow/.local/lib/python3.8/site-packages/airflow/example_dags/example_skip_dag.py
[2026-06-03T12:04:52.091+0000] {processor.py:830} INFO - Processing file /home/airflow/.local/lib/python3.8/site-packages/airflow/example_dags/example_skip_dag.py for tasks to queue
[2026-06-03T12:04:52.092+0000] {logging_mixin.py:188} INFO - [2026-06-03T12:04:52.092+0000] {dagbag.py:538} INFO - Filling up the DagBag from /home/airflow/.local/lib/python3.8/site-packages/airflow/example_dags/example_skip_dag.py
[2026-06-03T12:04:52.095+0000] {processor.py:840} INFO - DAG(s) 'example_skip_dag' retrieved from /home/airflow/.local/lib/python3.8/site-packages/airflow/example_dags/example_skip_dag.py
[2026-06-03T12:04:52.105+0000] {logging_mixin.py:188} INFO - [2026-06-03T12:04:52.105+0000] {dag.py:3033} INFO - Sync 1 DAGs
[2026-06-03T12:04:52.116+0000] {logging_mixin.py:188} INFO - [2026-06-03T12:04:52.116+0000] {dag.py:3820} INFO - Setting next_dagrun for example_skip_dag to 2026-06-02T00:00:00+00:00, run_after=2026-06-03T00:00:00+00:00
[2026-06-03T12:04:52.137+0000] {processor.py:183} INFO - Processing /home/airflow/.local/lib/python3.8/site-packages/airflow/example_dags/example_skip_dag.py took 0.048 seconds
[2026-06-03T12:05:22.460+0000] {processor.py:161} INFO - Started process (PID=1878) to work on /home/airflow/.local/lib/python3.8/site-packages/airflow/example_dags/example_skip_dag.py
[2026-06-03T12:05:22.461+0000] {processor.py:830} INFO - Processing file /home/airflow/.local/lib/python3.8/site-packages/airflow/example_dags/example_skip_dag.py for tasks to queue
[2026-06-03T12:05:22.463+0000] {logging_mixin.py:188} INFO - [2026-06-03T12:05:22.463+0000] {dagbag.py:538} INFO - Filling up the DagBag from /home/airflow/.local/lib/python3.8/site-packages/airflow/example_dags/example_skip_dag.py
[2026-06-03T12:05:22.468+0000] {processor.py:840} INFO - DAG(s) 'example_skip_dag' retrieved from /home/airflow/.local/lib/python3.8/site-packages/airflow/example_dags/example_skip_dag.py
[2026-06-03T12:05:22.478+0000] {logging_mixin.py:188} INFO - [2026-06-03T12:05:22.478+0000] {dag.py:3033} INFO - Sync 1 DAGs
[2026-06-03T12:05:22.488+0000] {logging_mixin.py:188} INFO - [2026-06-03T12:05:22.487+0000] {dag.py:3820} INFO - Setting next_dagrun for example_skip_dag to 2026-06-02T00:00:00+00:00, run_after=2026-06-03T00:00:00+00:00
[2026-06-03T12:05:22.582+0000] {processor.py:183} INFO - Processing /home/airflow/.local/lib/python3.8/site-packages/airflow/example_dags/example_skip_dag.py took 0.124 seconds
[2026-06-03T12:05:52.748+0000] {processor.py:161} INFO - Started process (PID=1934) to work on /home/airflow/.local/lib/python3.8/site-packages/airflow/example_dags/example_skip_dag.py
[2026-06-03T12:05:52.749+0000] {processor.py:830} INFO - Processing file /home/airflow/.local/lib/python3.8/site-packages/airflow/example_dags/example_skip_dag.py for tasks to queue
[2026-06-03T12:05:52.749+0000] {logging_mixin.py:188} INFO - [2026-06-03T12:05:52.749+0000] {dagbag.py:538} INFO - Filling up the DagBag from /home/airflow/.local/lib/python3.8/site-packages/airflow/example_dags/example_skip_dag.py
[2026-06-03T12:05:52.752+0000] {processor.py:840} INFO - DAG(s) 'example_skip_dag' retrieved from /home/airflow/.local/lib/python3.8/site-packages/airflow/example_dags/example_skip_dag.py
[2026-06-03T12:05:52.760+0000] {logging_mixin.py:188} INFO - [2026-06-03T12:05:52.760+0000] {dag.py:3033} INFO - Sync 1 DAGs
[2026-06-03T12:05:52.769+0000] {logging_mixin.py:188} INFO - [2026-06-03T12:05:52.769+0000] {dag.py:3820} INFO - Setting next_dagrun for example_skip_dag to 2026-06-02T00:00:00+00:00, run_after=2026-06-03T00:00:00+00:00
[2026-06-03T12:05:52.774+0000] {processor.py:183} INFO - Processing /home/airflow/.local/lib/python3.8/site-packages/airflow/example_dags/example_skip_dag.py took 0.028 seconds
[2026-06-03T12:06:23.260+0000] {processor.py:161} INFO - Started process (PID=1990) to work on /home/airflow/.local/lib/python3.8/site-packages/airflow/example_dags/example_skip_dag.py
[2026-06-03T12:06:23.261+0000] {processor.py:830} INFO - Processing file /home/airflow/.local/lib/python3.8/site-packages/airflow/example_dags/example_skip_dag.py for tasks to queue
[2026-06-03T12:06:23.263+0000] {logging_mixin.py:188} INFO - [2026-06-03T12:06:23.263+0000] {dagbag.py:538} INFO - Filling up the DagBag from /home/airflow/.local/lib/python3.8/site-packages/airflow/example_dags/example_skip_dag.py
[2026-06-03T12:06:23.268+0000] {processor.py:840} INFO - DAG(s) 'example_skip_dag' retrieved from /home/airflow/.local/lib/python3.8/site-packages/airflow/example_dags/example_skip_dag.py
[2026-06-03T12:06:23.281+0000] {logging_mixin.py:188} INFO - [2026-06-03T12:06:23.281+0000] {dag.py:3033} INFO - Sync 1 DAGs
[2026-06-03T12:06:23.293+0000] {logging_mixin.py:188} INFO - [2026-06-03T12:06:23.293+0000] {dag.py:3820} INFO - Setting next_dagrun for example_skip_dag to 2026-06-02T00:00:00+00:00, run_after=2026-06-03T00:00:00+00:00
[2026-06-03T12:06:23.305+0000] {processor.py:183} INFO - Processing /home/airflow/.local/lib/python3.8/site-packages/airflow/example_dags/example_skip_dag.py took 0.047 seconds
[2026-06-03T12:06:53.521+0000] {processor.py:161} INFO - Started process (PID=2046) to work on /home/airflow/.local/lib/python3.8/site-packages/airflow/example_dags/example_skip_dag.py
[2026-06-03T12:06:53.521+0000] {processor.py:830} INFO - Processing file /home/airflow/.local/lib/python3.8/site-packages/airflow/example_dags/example_skip_dag.py for tasks to queue
[2026-06-03T12:06:53.522+0000] {logging_mixin.py:188} INFO - [2026-06-03T12:06:53.522+0000] {dagbag.py:538} INFO - Filling up the DagBag from /home/airflow/.local/lib/python3.8/site-packages/airflow/example_dags/example_skip_dag.py
[2026-06-03T12:06:53.528+0000] {processor.py:840} INFO - DAG(s) 'example_skip_dag' retrieved from /home/airflow/.local/lib/python3.8/site-packages/airflow/example_dags/example_skip_dag.py
[2026-06-03T12:06:53.538+0000] {logging_mixin.py:188} INFO - [2026-06-03T12:06:53.538+0000] {dag.py:3033} INFO - Sync 1 DAGs
[2026-06-03T12:06:53.550+0000] {logging_mixin.py:188} INFO - [2026-06-03T12:06:53.550+0000] {dag.py:3820} INFO - Setting next_dagrun for example_skip_dag to 2026-06-02T00:00:00+00:00, run_after=2026-06-03T00:00:00+00:00
[2026-06-03T12:06:53.566+0000] {processor.py:183} INFO - Processing /home/airflow/.local/lib/python3.8/site-packages/airflow/example_dags/example_skip_dag.py took 0.047 seconds
[2026-06-03T12:07:24.313+0000] {processor.py:161} INFO - Started process (PID=2102) to work on /home/airflow/.local/lib/python3.8/site-packages/airflow/example_dags/example_skip_dag.py
[2026-06-03T12:07:24.314+0000] {processor.py:830} INFO - Processing file /home/airflow/.local/lib/python3.8/site-packages/airflow/example_dags/example_skip_dag.py for tasks to queue
[2026-06-03T12:07:24.315+0000] {logging_mixin.py:188} INFO - [2026-06-03T12:07:24.315+0000] {dagbag.py:538} INFO - Filling up the DagBag from /home/airflow/.local/lib/python3.8/site-packages/airflow/example_dags/example_skip_dag.py
[2026-06-03T12:07:24.319+0000] {processor.py:840} INFO - DAG(s) 'example_skip_dag' retrieved from /home/airflow/.local/lib/python3.8/site-packages/airflow/example_dags/example_skip_dag.py
[2026-06-03T12:07:24.335+0000] {logging_mixin.py:188} INFO - [2026-06-03T12:07:24.334+0000] {dag.py:3033} INFO - Sync 1 DAGs
[2026-06-03T12:07:24.424+0000] {logging_mixin.py:188} INFO - [2026-06-03T12:07:24.424+0000] {dag.py:3820} INFO - Setting next_dagrun for example_skip_dag to 2026-06-02T00:00:00+00:00, run_after=2026-06-03T00:00:00+00:00
[2026-06-03T12:07:24.434+0000] {processor.py:183} INFO - Processing /home/airflow/.local/lib/python3.8/site-packages/airflow/example_dags/example_skip_dag.py took 0.123 seconds
[2026-06-03T12:07:55.106+0000] {processor.py:161} INFO - Started process (PID=2158) to work on /home/airflow/.local/lib/python3.8/site-packages/airflow/example_dags/example_skip_dag.py
[2026-06-03T12:07:55.107+0000] {processor.py:830} INFO - Processing file /home/airflow/.local/lib/python3.8/site-packages/airflow/example_dags/example_skip_dag.py for tasks to queue
[2026-06-03T12:07:55.109+0000] {logging_mixin.py:188} INFO - [2026-06-03T12:07:55.109+0000] {dagbag.py:538} INFO - Filling up the DagBag from /home/airflow/.local/lib/python3.8/site-packages/airflow/example_dags/example_skip_dag.py
[2026-06-03T12:07:55.113+0000] {processor.py:840} INFO - DAG(s) 'example_skip_dag' retrieved from /home/airflow/.local/lib/python3.8/site-packages/airflow/example_dags/example_skip_dag.py
[2026-06-03T12:07:55.130+0000] {logging_mixin.py:188} INFO - [2026-06-03T12:07:55.130+0000] {dag.py:3033} INFO - Sync 1 DAGs
[2026-06-03T12:07:55.325+0000] {logging_mixin.py:188} INFO - [2026-06-03T12:07:55.325+0000] {dag.py:3820} INFO - Setting next_dagrun for example_skip_dag to 2026-06-02T00:00:00+00:00, run_after=2026-06-03T00:00:00+00:00
[2026-06-03T12:07:55.341+0000] {processor.py:183} INFO - Processing /home/airflow/.local/lib/python3.8/site-packages/airflow/example_dags/example_skip_dag.py took 0.240 seconds
[2026-06-03T12:08:26.304+0000] {processor.py:161} INFO - Started process (PID=2214) to work on /home/airflow/.local/lib/python3.8/site-packages/airflow/example_dags/example_skip_dag.py
[2026-06-03T12:08:26.306+0000] {processor.py:830} INFO - Processing file /home/airflow/.local/lib/python3.8/site-packages/airflow/example_dags/example_skip_dag.py for tasks to queue
[2026-06-03T12:08:26.308+0000] {logging_mixin.py:188} INFO - [2026-06-03T12:08:26.308+0000] {dagbag.py:538} INFO - Filling up the DagBag from /home/airflow/.local/lib/python3.8/site-packages/airflow/example_dags/example_skip_dag.py
[2026-06-03T12:08:26.314+0000] {processor.py:840} INFO - DAG(s) 'example_skip_dag' retrieved from /home/airflow/.local/lib/python3.8/site-packages/airflow/example_dags/example_skip_dag.py
[2026-06-03T12:08:26.340+0000] {logging_mixin.py:188} INFO - [2026-06-03T12:08:26.340+0000] {dag.py:3033} INFO - Sync 1 DAGs
[2026-06-03T12:08:26.359+0000] {logging_mixin.py:188} INFO - [2026-06-03T12:08:26.359+0000] {dag.py:3820} INFO - Setting next_dagrun for example_skip_dag to 2026-06-02T00:00:00+00:00, run_after=2026-06-03T00:00:00+00:00
[2026-06-03T12:08:26.374+0000] {processor.py:183} INFO - Processing /home/airflow/.local/lib/python3.8/site-packages/airflow/example_dags/example_skip_dag.py took 0.078 seconds
[2026-06-03T12:08:56.576+0000] {processor.py:161} INFO - Started process (PID=2270) to work on /home/airflow/.local/lib/python3.8/site-packages/airflow/example_dags/example_skip_dag.py
[2026-06-03T12:08:56.579+0000] {processor.py:830} INFO - Processing file /home/airflow/.local/lib/python3.8/site-packages/airflow/example_dags/example_skip_dag.py for tasks to queue
[2026-06-03T12:08:56.582+0000] {logging_mixin.py:188} INFO - [2026-06-03T12:08:56.581+0000] {dagbag.py:538} INFO - Filling up the DagBag from /home/airflow/.local/lib/python3.8/site-packages/airflow/example_dags/example_skip_dag.py
[2026-06-03T12:08:56.588+0000] {processor.py:840} INFO - DAG(s) 'example_skip_dag' retrieved from /home/airflow/.local/lib/python3.8/site-packages/airflow/example_dags/example_skip_dag.py
[2026-06-03T12:08:56.603+0000] {logging_mixin.py:188} INFO - [2026-06-03T12:08:56.603+0000] {dag.py:3033} INFO - Sync 1 DAGs
[2026-06-03T12:08:56.620+0000] {logging_mixin.py:188} INFO - [2026-06-03T12:08:56.619+0000] {dag.py:3820} INFO - Setting next_dagrun for example_skip_dag to 2026-06-02T00:00:00+00:00, run_after=2026-06-03T00:00:00+00:00
[2026-06-03T12:08:56.635+0000] {processor.py:183} INFO - Processing /home/airflow/.local/lib/python3.8/site-packages/airflow/example_dags/example_skip_dag.py took 0.065 seconds
[2026-06-03T12:09:26.711+0000] {processor.py:161} INFO - Started process (PID=2326) to work on /home/airflow/.local/lib/python3.8/site-packages/airflow/example_dags/example_skip_dag.py
[2026-06-03T12:09:26.713+0000] {processor.py:830} INFO - Processing file /home/airflow/.local/lib/python3.8/site-packages/airflow/example_dags/example_skip_dag.py for tasks to queue
[2026-06-03T12:09:26.715+0000] {logging_mixin.py:188} INFO - [2026-06-03T12:09:26.715+0000] {dagbag.py:538} INFO - Filling up the DagBag from /home/airflow/.local/lib/python3.8/site-packages/airflow/example_dags/example_skip_dag.py
[2026-06-03T12:09:26.720+0000] {processor.py:840} INFO - DAG(s) 'example_skip_dag' retrieved from /home/airflow/.local/lib/python3.8/site-packages/airflow/example_dags/example_skip_dag.py
[2026-06-03T12:09:26.740+0000] {logging_mixin.py:188} INFO - [2026-06-03T12:09:26.740+0000] {dag.py:3033} INFO - Sync 1 DAGs
[2026-06-03T12:09:26.757+0000] {logging_mixin.py:188} INFO - [2026-06-03T12:09:26.757+0000] {dag.py:3820} INFO - Setting next_dagrun for example_skip_dag to 2026-06-02T00:00:00+00:00, run_after=2026-06-03T00:00:00+00:00
[2026-06-03T12:09:26.772+0000] {processor.py:183} INFO - Processing /home/airflow/.local/lib/python3.8/site-packages/airflow/example_dags/example_skip_dag.py took 0.066 seconds
[2026-06-03T12:09:56.855+0000] {processor.py:161} INFO - Started process (PID=2382) to work on /home/airflow/.local/lib/python3.8/site-packages/airflow/example_dags/example_skip_dag.py
[2026-06-03T12:09:56.856+0000] {processor.py:830} INFO - Processing file /home/airflow/.local/lib/python3.8/site-packages/airflow/example_dags/example_skip_dag.py for tasks to queue
[2026-06-03T12:09:56.859+0000] {logging_mixin.py:188} INFO - [2026-06-03T12:09:56.859+0000] {dagbag.py:538} INFO - Filling up the DagBag from /home/airflow/.local/lib/python3.8/site-packages/airflow/example_dags/example_skip_dag.py
[2026-06-03T12:09:56.865+0000] {processor.py:840} INFO - DAG(s) 'example_skip_dag' retrieved from /home/airflow/.local/lib/python3.8/site-packages/airflow/example_dags/example_skip_dag.py
[2026-06-03T12:09:56.882+0000] {logging_mixin.py:188} INFO - [2026-06-03T12:09:56.882+0000] {dag.py:3033} INFO - Sync 1 DAGs
[2026-06-03T12:09:56.898+0000] {logging_mixin.py:188} INFO - [2026-06-03T12:09:56.898+0000] {dag.py:3820} INFO - Setting next_dagrun for example_skip_dag to 2026-06-02T00:00:00+00:00, run_after=2026-06-03T00:00:00+00:00
[2026-06-03T12:09:56.908+0000] {processor.py:183} INFO - Processing /home/airflow/.local/lib/python3.8/site-packages/airflow/example_dags/example_skip_dag.py took 0.058 seconds
[2026-06-03T12:10:27.083+0000] {processor.py:161} INFO - Started process (PID=2438) to work on /home/airflow/.local/lib/python3.8/site-packages/airflow/example_dags/example_skip_dag.py
[2026-06-03T12:10:27.085+0000] {processor.py:830} INFO - Processing file /home/airflow/.local/lib/python3.8/site-packages/airflow/example_dags/example_skip_dag.py for tasks to queue
[2026-06-03T12:10:27.087+0000] {logging_mixin.py:188} INFO - [2026-06-03T12:10:27.087+0000] {dagbag.py:538} INFO - Filling up the DagBag from /home/airflow/.local/lib/python3.8/site-packages/airflow/example_dags/example_skip_dag.py
[2026-06-03T12:10:27.094+0000] {processor.py:840} INFO - DAG(s) 'example_skip_dag' retrieved from /home/airflow/.local/lib/python3.8/site-packages/airflow/example_dags/example_skip_dag.py
[2026-06-03T12:10:27.110+0000] {logging_mixin.py:188} INFO - [2026-06-03T12:10:27.110+0000] {dag.py:3033} INFO - Sync 1 DAGs
[2026-06-03T12:10:27.125+0000] {logging_mixin.py:188} INFO - [2026-06-03T12:10:27.125+0000] {dag.py:3820} INFO - Setting next_dagrun for example_skip_dag to 2026-06-02T00:00:00+00:00, run_after=2026-06-03T00:00:00+00:00
[2026-06-03T12:10:27.140+0000] {processor.py:183} INFO - Processing /home/airflow/.local/lib/python3.8/site-packages/airflow/example_dags/example_skip_dag.py took 0.060 seconds
[2026-06-03T12:10:57.293+0000] {processor.py:161} INFO - Started process (PID=2494) to work on /home/airflow/.local/lib/python3.8/site-packages/airflow/example_dags/example_skip_dag.py
[2026-06-03T12:10:57.294+0000] {processor.py:830} INFO - Processing file /home/airflow/.local/lib/python3.8/site-packages/airflow/example_dags/example_skip_dag.py for tasks to queue
[2026-06-03T12:10:57.296+0000] {logging_mixin.py:188} INFO - [2026-06-03T12:10:57.296+0000] {dagbag.py:538} INFO - Filling up the DagBag from /home/airflow/.local/lib/python3.8/site-packages/airflow/example_dags/example_skip_dag.py
[2026-06-03T12:10:57.302+0000] {processor.py:840} INFO - DAG(s) 'example_skip_dag' retrieved from /home/airflow/.local/lib/python3.8/site-packages/airflow/example_dags/example_skip_dag.py
[2026-06-03T12:10:57.327+0000] {logging_mixin.py:188} INFO - [2026-06-03T12:10:57.327+0000] {dag.py:3033} INFO - Sync 1 DAGs
[2026-06-03T12:10:57.348+0000] {logging_mixin.py:188} INFO - [2026-06-03T12:10:57.348+0000] {dag.py:3820} INFO - Setting next_dagrun for example_skip_dag to 2026-06-02T00:00:00+00:00, run_after=2026-06-03T00:00:00+00:00
[2026-06-03T12:10:57.376+0000] {processor.py:183} INFO - Processing /home/airflow/.local/lib/python3.8/site-packages/airflow/example_dags/example_skip_dag.py took 0.087 seconds
[2026-06-03T12:11:28.282+0000] {processor.py:161} INFO - Started process (PID=2548) to work on /home/airflow/.local/lib/python3.8/site-packages/airflow/example_dags/example_skip_dag.py
[2026-06-03T12:11:28.285+0000] {processor.py:830} INFO - Processing file /home/airflow/.local/lib/python3.8/site-packages/airflow/example_dags/example_skip_dag.py for tasks to queue
[2026-06-03T12:11:28.287+0000] {logging_mixin.py:188} INFO - [2026-06-03T12:11:28.287+0000] {dagbag.py:538} INFO - Filling up the DagBag from /home/airflow/.local/lib/python3.8/site-packages/airflow/example_dags/example_skip_dag.py
[2026-06-03T12:11:28.291+0000] {processor.py:840} INFO - DAG(s) 'example_skip_dag' retrieved from /home/airflow/.local/lib/python3.8/site-packages/airflow/example_dags/example_skip_dag.py
[2026-06-03T12:11:28.313+0000] {logging_mixin.py:188} INFO - [2026-06-03T12:11:28.313+0000] {dag.py:3033} INFO - Sync 1 DAGs
[2026-06-03T12:11:28.324+0000] {logging_mixin.py:188} INFO - [2026-06-03T12:11:28.324+0000] {dag.py:3820} INFO - Setting next_dagrun for example_skip_dag to 2026-06-02T00:00:00+00:00, run_after=2026-06-03T00:00:00+00:00
[2026-06-03T12:11:28.335+0000] {processor.py:183} INFO - Processing /home/airflow/.local/lib/python3.8/site-packages/airflow/example_dags/example_skip_dag.py took 0.060 seconds
[2026-06-03T12:11:59.262+0000] {processor.py:161} INFO - Started process (PID=2604) to work on /home/airflow/.local/lib/python3.8/site-packages/airflow/example_dags/example_skip_dag.py
[2026-06-03T12:11:59.264+0000] {processor.py:830} INFO - Processing file /home/airflow/.local/lib/python3.8/site-packages/airflow/example_dags/example_skip_dag.py for tasks to queue
[2026-06-03T12:11:59.267+0000] {logging_mixin.py:188} INFO - [2026-06-03T12:11:59.267+0000] {dagbag.py:538} INFO - Filling up the DagBag from /home/airflow/.local/lib/python3.8/site-packages/airflow/example_dags/example_skip_dag.py
[2026-06-03T12:11:59.277+0000] {processor.py:840} INFO - DAG(s) 'example_skip_dag' retrieved from /home/airflow/.local/lib/python3.8/site-packages/airflow/example_dags/example_skip_dag.py
[2026-06-03T12:11:59.308+0000] {logging_mixin.py:188} INFO - [2026-06-03T12:11:59.308+0000] {dag.py:3033} INFO - Sync 1 DAGs
[2026-06-03T12:11:59.321+0000] {logging_mixin.py:188} INFO - [2026-06-03T12:11:59.321+0000] {dag.py:3820} INFO - Setting next_dagrun for example_skip_dag to 2026-06-02T00:00:00+00:00, run_after=2026-06-03T00:00:00+00:00
[2026-06-03T12:11:59.334+0000] {processor.py:183} INFO - Processing /home/airflow/.local/lib/python3.8/site-packages/airflow/example_dags/example_skip_dag.py took 0.077 seconds
[2026-06-03T12:12:30.044+0000] {processor.py:161} INFO - Started process (PID=2660) to work on /home/airflow/.local/lib/python3.8/site-packages/airflow/example_dags/example_skip_dag.py
[2026-06-03T12:12:30.044+0000] {processor.py:830} INFO - Processing file /home/airflow/.local/lib/python3.8/site-packages/airflow/example_dags/example_skip_dag.py for tasks to queue
[2026-06-03T12:12:30.046+0000] {logging_mixin.py:188} INFO - [2026-06-03T12:12:30.046+0000] {dagbag.py:538} INFO - Filling up the DagBag from /home/airflow/.local/lib/python3.8/site-packages/airflow/example_dags/example_skip_dag.py
[2026-06-03T12:12:30.050+0000] {processor.py:840} INFO - DAG(s) 'example_skip_dag' retrieved from /home/airflow/.local/lib/python3.8/site-packages/airflow/example_dags/example_skip_dag.py
[2026-06-03T12:12:30.066+0000] {logging_mixin.py:188} INFO - [2026-06-03T12:12:30.066+0000] {dag.py:3033} INFO - Sync 1 DAGs
[2026-06-03T12:12:30.079+0000] {logging_mixin.py:188} INFO - [2026-06-03T12:12:30.079+0000] {dag.py:3820} INFO - Setting next_dagrun for example_skip_dag to 2026-06-02T00:00:00+00:00, run_after=2026-06-03T00:00:00+00:00
[2026-06-03T12:12:30.092+0000] {processor.py:183} INFO - Processing /home/airflow/.local/lib/python3.8/site-packages/airflow/example_dags/example_skip_dag.py took 0.053 seconds
[2026-06-03T12:13:00.606+0000] {processor.py:161} INFO - Started process (PID=2715) to work on /home/airflow/.local/lib/python3.8/site-packages/airflow/example_dags/example_skip_dag.py
[2026-06-03T12:13:00.609+0000] {processor.py:830} INFO - Processing file /home/airflow/.local/lib/python3.8/site-packages/airflow/example_dags/example_skip_dag.py for tasks to queue
[2026-06-03T12:13:00.614+0000] {logging_mixin.py:188} INFO - [2026-06-03T12:13:00.614+0000] {dagbag.py:538} INFO - Filling up the DagBag from /home/airflow/.local/lib/python3.8/site-packages/airflow/example_dags/example_skip_dag.py
[2026-06-03T12:13:00.654+0000] {processor.py:840} INFO - DAG(s) 'example_skip_dag' retrieved from /home/airflow/.local/lib/python3.8/site-packages/airflow/example_dags/example_skip_dag.py
[2026-06-03T12:13:00.726+0000] {logging_mixin.py:188} INFO - [2026-06-03T12:13:00.725+0000] {dag.py:3033} INFO - Sync 1 DAGs
[2026-06-03T12:13:00.758+0000] {logging_mixin.py:188} INFO - [2026-06-03T12:13:00.758+0000] {dag.py:3820} INFO - Setting next_dagrun for example_skip_dag to 2026-06-02T00:00:00+00:00, run_after=2026-06-03T00:00:00+00:00
[2026-06-03T12:13:00.781+0000] {processor.py:183} INFO - Processing /home/airflow/.local/lib/python3.8/site-packages/airflow/example_dags/example_skip_dag.py took 0.183 seconds
[2026-06-03T12:13:31.315+0000] {processor.py:161} INFO - Started process (PID=2771) to work on /home/airflow/.local/lib/python3.8/site-packages/airflow/example_dags/example_skip_dag.py
[2026-06-03T12:13:31.324+0000] {processor.py:830} INFO - Processing file /home/airflow/.local/lib/python3.8/site-packages/airflow/example_dags/example_skip_dag.py for tasks to queue
[2026-06-03T12:13:31.331+0000] {logging_mixin.py:188} INFO - [2026-06-03T12:13:31.330+0000] {dagbag.py:538} INFO - Filling up the DagBag from /home/airflow/.local/lib/python3.8/site-packages/airflow/example_dags/example_skip_dag.py
[2026-06-03T12:13:31.343+0000] {processor.py:840} INFO - DAG(s) 'example_skip_dag' retrieved from /home/airflow/.local/lib/python3.8/site-packages/airflow/example_dags/example_skip_dag.py
[2026-06-03T12:13:31.412+0000] {logging_mixin.py:188} INFO - [2026-06-03T12:13:31.412+0000] {dag.py:3033} INFO - Sync 1 DAGs
[2026-06-03T12:13:31.439+0000] {logging_mixin.py:188} INFO - [2026-06-03T12:13:31.439+0000] {dag.py:3820} INFO - Setting next_dagrun for example_skip_dag to 2026-06-02T00:00:00+00:00, run_after=2026-06-03T00:00:00+00:00
[2026-06-03T12:13:31.455+0000] {processor.py:183} INFO - Processing /home/airflow/.local/lib/python3.8/site-packages/airflow/example_dags/example_skip_dag.py took 0.160 seconds
[2026-06-03T12:14:02.085+0000] {processor.py:161} INFO - Started process (PID=2827) to work on /home/airflow/.local/lib/python3.8/site-packages/airflow/example_dags/example_skip_dag.py
[2026-06-03T12:14:02.087+0000] {processor.py:830} INFO - Processing file /home/airflow/.local/lib/python3.8/site-packages/airflow/example_dags/example_skip_dag.py for tasks to queue
[2026-06-03T12:14:02.092+0000] {logging_mixin.py:188} INFO - [2026-06-03T12:14:02.092+0000] {dagbag.py:538} INFO - Filling up the DagBag from /home/airflow/.local/lib/python3.8/site-packages/airflow/example_dags/example_skip_dag.py
[2026-06-03T12:14:02.109+0000] {processor.py:840} INFO - DAG(s) 'example_skip_dag' retrieved from /home/airflow/.local/lib/python3.8/site-packages/airflow/example_dags/example_skip_dag.py
[2026-06-03T12:14:02.133+0000] {logging_mixin.py:188} INFO - [2026-06-03T12:14:02.133+0000] {dag.py:3033} INFO - Sync 1 DAGs
[2026-06-03T12:14:02.151+0000] {logging_mixin.py:188} INFO - [2026-06-03T12:14:02.151+0000] {dag.py:3820} INFO - Setting next_dagrun for example_skip_dag to 2026-06-02T00:00:00+00:00, run_after=2026-06-03T00:00:00+00:00
[2026-06-03T12:14:02.164+0000] {processor.py:183} INFO - Processing /home/airflow/.local/lib/python3.8/site-packages/airflow/example_dags/example_skip_dag.py took 0.086 seconds
[2026-06-03T12:14:32.286+0000] {processor.py:161} INFO - Started process (PID=2883) to work on /home/airflow/.local/lib/python3.8/site-packages/airflow/example_dags/example_skip_dag.py
[2026-06-03T12:14:32.288+0000] {processor.py:830} INFO - Processing file /home/airflow/.local/lib/python3.8/site-packages/airflow/example_dags/example_skip_dag.py for tasks to queue
[2026-06-03T12:14:32.290+0000] {logging_mixin.py:188} INFO - [2026-06-03T12:14:32.290+0000] {dagbag.py:538} INFO - Filling up the DagBag from /home/airflow/.local/lib/python3.8/site-packages/airflow/example_dags/example_skip_dag.py
[2026-06-03T12:14:32.296+0000] {processor.py:840} INFO - DAG(s) 'example_skip_dag' retrieved from /home/airflow/.local/lib/python3.8/site-packages/airflow/example_dags/example_skip_dag.py
[2026-06-03T12:14:32.311+0000] {logging_mixin.py:188} INFO - [2026-06-03T12:14:32.311+0000] {dag.py:3033} INFO - Sync 1 DAGs
[2026-06-03T12:14:32.325+0000] {logging_mixin.py:188} INFO - [2026-06-03T12:14:32.325+0000] {dag.py:3820} INFO - Setting next_dagrun for example_skip_dag to 2026-06-02T00:00:00+00:00, run_after=2026-06-03T00:00:00+00:00
[2026-06-03T12:14:32.341+0000] {processor.py:183} INFO - Processing /home/airflow/.local/lib/python3.8/site-packages/airflow/example_dags/example_skip_dag.py took 0.060 seconds
[2026-06-03T12:15:02.610+0000] {processor.py:161} INFO - Started process (PID=2939) to work on /home/airflow/.local/lib/python3.8/site-packages/airflow/example_dags/example_skip_dag.py
[2026-06-03T12:15:02.611+0000] {processor.py:830} INFO - Processing file /home/airflow/.local/lib/python3.8/site-packages/airflow/example_dags/example_skip_dag.py for tasks to queue
[2026-06-03T12:15:02.613+0000] {logging_mixin.py:188} INFO - [2026-06-03T12:15:02.613+0000] {dagbag.py:538} INFO - Filling up the DagBag from /home/airflow/.local/lib/python3.8/site-packages/airflow/example_dags/example_skip_dag.py
[2026-06-03T12:15:02.622+0000] {processor.py:840} INFO - DAG(s) 'example_skip_dag' retrieved from /home/airflow/.local/lib/python3.8/site-packages/airflow/example_dags/example_skip_dag.py
[2026-06-03T12:15:02.644+0000] {logging_mixin.py:188} INFO - [2026-06-03T12:15:02.644+0000] {dag.py:3033} INFO - Sync 1 DAGs
[2026-06-03T12:15:02.660+0000] {logging_mixin.py:188} INFO - [2026-06-03T12:15:02.659+0000] {dag.py:3820} INFO - Setting next_dagrun for example_skip_dag to 2026-06-02T00:00:00+00:00, run_after=2026-06-03T00:00:00+00:00
[2026-06-03T12:15:02.669+0000] {processor.py:183} INFO - Processing /home/airflow/.local/lib/python3.8/site-packages/airflow/example_dags/example_skip_dag.py took 0.063 seconds
[2026-06-03T12:15:33.156+0000] {processor.py:161} INFO - Started process (PID=2995) to work on /home/airflow/.local/lib/python3.8/site-packages/airflow/example_dags/example_skip_dag.py
[2026-06-03T12:15:33.158+0000] {processor.py:830} INFO - Processing file /home/airflow/.local/lib/python3.8/site-packages/airflow/example_dags/example_skip_dag.py for tasks to queue
[2026-06-03T12:15:33.159+0000] {logging_mixin.py:188} INFO - [2026-06-03T12:15:33.159+0000] {dagbag.py:538} INFO - Filling up the DagBag from /home/airflow/.local/lib/python3.8/site-packages/airflow/example_dags/example_skip_dag.py
[2026-06-03T12:15:33.168+0000] {processor.py:840} INFO - DAG(s) 'example_skip_dag' retrieved from /home/airflow/.local/lib/python3.8/site-packages/airflow/example_dags/example_skip_dag.py
[2026-06-03T12:15:33.192+0000] {logging_mixin.py:188} INFO - [2026-06-03T12:15:33.192+0000] {dag.py:3033} INFO - Sync 1 DAGs
[2026-06-03T12:15:33.238+0000] {logging_mixin.py:188} INFO - [2026-06-03T12:15:33.237+0000] {dag.py:3820} INFO - Setting next_dagrun for example_skip_dag to 2026-06-02T00:00:00+00:00, run_after=2026-06-03T00:00:00+00:00
[2026-06-03T12:15:33.269+0000] {processor.py:183} INFO - Processing /home/airflow/.local/lib/python3.8/site-packages/airflow/example_dags/example_skip_dag.py took 0.117 seconds
[2026-06-03T12:16:03.814+0000] {processor.py:161} INFO - Started process (PID=3051) to work on /home/airflow/.local/lib/python3.8/site-packages/airflow/example_dags/example_skip_dag.py
[2026-06-03T12:16:03.817+0000] {processor.py:830} INFO - Processing file /home/airflow/.local/lib/python3.8/site-packages/airflow/example_dags/example_skip_dag.py for tasks to queue
[2026-06-03T12:16:03.822+0000] {logging_mixin.py:188} INFO - [2026-06-03T12:16:03.821+0000] {dagbag.py:538} INFO - Filling up the DagBag from /home/airflow/.local/lib/python3.8/site-packages/airflow/example_dags/example_skip_dag.py
[2026-06-03T12:16:03.835+0000] {processor.py:840} INFO - DAG(s) 'example_skip_dag' retrieved from /home/airflow/.local/lib/python3.8/site-packages/airflow/example_dags/example_skip_dag.py
[2026-06-03T12:16:03.905+0000] {logging_mixin.py:188} INFO - [2026-06-03T12:16:03.904+0000] {dag.py:3033} INFO - Sync 1 DAGs
[2026-06-03T12:16:03.969+0000] {logging_mixin.py:188} INFO - [2026-06-03T12:16:03.969+0000] {dag.py:3820} INFO - Setting next_dagrun for example_skip_dag to 2026-06-02T00:00:00+00:00, run_after=2026-06-03T00:00:00+00:00
[2026-06-03T12:16:04.000+0000] {processor.py:183} INFO - Processing /home/airflow/.local/lib/python3.8/site-packages/airflow/example_dags/example_skip_dag.py took 0.193 seconds
[2026-06-03T12:16:34.271+0000] {processor.py:161} INFO - Started process (PID=3107) to work on /home/airflow/.local/lib/python3.8/site-packages/airflow/example_dags/example_skip_dag.py
[2026-06-03T12:16:34.273+0000] {processor.py:830} INFO - Processing file /home/airflow/.local/lib/python3.8/site-packages/airflow/example_dags/example_skip_dag.py for tasks to queue
[2026-06-03T12:16:34.277+0000] {logging_mixin.py:188} INFO - [2026-06-03T12:16:34.276+0000] {dagbag.py:538} INFO - Filling up the DagBag from /home/airflow/.local/lib/python3.8/site-packages/airflow/example_dags/example_skip_dag.py
[2026-06-03T12:16:34.287+0000] {processor.py:840} INFO - DAG(s) 'example_skip_dag' retrieved from /home/airflow/.local/lib/python3.8/site-packages/airflow/example_dags/example_skip_dag.py
[2026-06-03T12:16:34.313+0000] {logging_mixin.py:188} INFO - [2026-06-03T12:16:34.313+0000] {dag.py:3033} INFO - Sync 1 DAGs
[2026-06-03T12:16:34.331+0000] {logging_mixin.py:188} INFO - [2026-06-03T12:16:34.330+0000] {dag.py:3820} INFO - Setting next_dagrun for example_skip_dag to 2026-06-02T00:00:00+00:00, run_after=2026-06-03T00:00:00+00:00
[2026-06-03T12:16:34.340+0000] {processor.py:183} INFO - Processing /home/airflow/.local/lib/python3.8/site-packages/airflow/example_dags/example_skip_dag.py took 0.074 seconds
[2026-06-03T12:17:04.841+0000] {processor.py:161} INFO - Started process (PID=3163) to work on /home/airflow/.local/lib/python3.8/site-packages/airflow/example_dags/example_skip_dag.py
[2026-06-03T12:17:04.843+0000] {processor.py:830} INFO - Processing file /home/airflow/.local/lib/python3.8/site-packages/airflow/example_dags/example_skip_dag.py for tasks to queue
[2026-06-03T12:17:04.846+0000] {logging_mixin.py:188} INFO - [2026-06-03T12:17:04.846+0000] {dagbag.py:538} INFO - Filling up the DagBag from /home/airflow/.local/lib/python3.8/site-packages/airflow/example_dags/example_skip_dag.py
[2026-06-03T12:17:04.853+0000] {processor.py:840} INFO - DAG(s) 'example_skip_dag' retrieved from /home/airflow/.local/lib/python3.8/site-packages/airflow/example_dags/example_skip_dag.py
[2026-06-03T12:17:04.870+0000] {logging_mixin.py:188} INFO - [2026-06-03T12:17:04.870+0000] {dag.py:3033} INFO - Sync 1 DAGs
[2026-06-03T12:17:04.901+0000] {logging_mixin.py:188} INFO - [2026-06-03T12:17:04.901+0000] {dag.py:3820} INFO - Setting next_dagrun for example_skip_dag to 2026-06-02T00:00:00+00:00, run_after=2026-06-03T00:00:00+00:00
[2026-06-03T12:17:04.962+0000] {processor.py:183} INFO - Processing /home/airflow/.local/lib/python3.8/site-packages/airflow/example_dags/example_skip_dag.py took 0.125 seconds
[2026-06-03T12:17:35.684+0000] {processor.py:161} INFO - Started process (PID=3218) to work on /home/airflow/.local/lib/python3.8/site-packages/airflow/example_dags/example_skip_dag.py
[2026-06-03T12:17:35.687+0000] {processor.py:830} INFO - Processing file /home/airflow/.local/lib/python3.8/site-packages/airflow/example_dags/example_skip_dag.py for tasks to queue
[2026-06-03T12:17:35.692+0000] {logging_mixin.py:188} INFO - [2026-06-03T12:17:35.692+0000] {dagbag.py:538} INFO - Filling up the DagBag from /home/airflow/.local/lib/python3.8/site-packages/airflow/example_dags/example_skip_dag.py
[2026-06-03T12:17:35.707+0000] {processor.py:840} INFO - DAG(s) 'example_skip_dag' retrieved from /home/airflow/.local/lib/python3.8/site-packages/airflow/example_dags/example_skip_dag.py
[2026-06-03T12:17:35.729+0000] {logging_mixin.py:188} INFO - [2026-06-03T12:17:35.728+0000] {dag.py:3033} INFO - Sync 1 DAGs
[2026-06-03T12:17:35.750+0000] {logging_mixin.py:188} INFO - [2026-06-03T12:17:35.750+0000] {dag.py:3820} INFO - Setting next_dagrun for example_skip_dag to 2026-06-02T00:00:00+00:00, run_after=2026-06-03T00:00:00+00:00
[2026-06-03T12:17:35.774+0000] {processor.py:183} INFO - Processing /home/airflow/.local/lib/python3.8/site-packages/airflow/example_dags/example_skip_dag.py took 0.097 seconds
[2026-06-03T12:18:06.749+0000] {processor.py:161} INFO - Started process (PID=3274) to work on /home/airflow/.local/lib/python3.8/site-packages/airflow/example_dags/example_skip_dag.py
[2026-06-03T12:18:06.755+0000] {processor.py:830} INFO - Processing file /home/airflow/.local/lib/python3.8/site-packages/airflow/example_dags/example_skip_dag.py for tasks to queue
[2026-06-03T12:18:06.779+0000] {logging_mixin.py:188} INFO - [2026-06-03T12:18:06.779+0000] {dagbag.py:538} INFO - Filling up the DagBag from /home/airflow/.local/lib/python3.8/site-packages/airflow/example_dags/example_skip_dag.py
[2026-06-03T12:18:06.792+0000] {processor.py:840} INFO - DAG(s) 'example_skip_dag' retrieved from /home/airflow/.local/lib/python3.8/site-packages/airflow/example_dags/example_skip_dag.py
[2026-06-03T12:18:06.853+0000] {logging_mixin.py:188} INFO - [2026-06-03T12:18:06.853+0000] {dag.py:3033} INFO - Sync 1 DAGs
[2026-06-03T12:18:06.880+0000] {logging_mixin.py:188} INFO - [2026-06-03T12:18:06.880+0000] {dag.py:3820} INFO - Setting next_dagrun for example_skip_dag to 2026-06-02T00:00:00+00:00, run_after=2026-06-03T00:00:00+00:00
[2026-06-03T12:18:06.905+0000] {processor.py:183} INFO - Processing /home/airflow/.local/lib/python3.8/site-packages/airflow/example_dags/example_skip_dag.py took 0.164 seconds
[2026-06-03T12:18:37.137+0000] {processor.py:161} INFO - Started process (PID=3330) to work on /home/airflow/.local/lib/python3.8/site-packages/airflow/example_dags/example_skip_dag.py
[2026-06-03T12:18:37.141+0000] {processor.py:830} INFO - Processing file /home/airflow/.local/lib/python3.8/site-packages/airflow/example_dags/example_skip_dag.py for tasks to queue
[2026-06-03T12:18:37.147+0000] {logging_mixin.py:188} INFO - [2026-06-03T12:18:37.147+0000] {dagbag.py:538} INFO - Filling up the DagBag from /home/airflow/.local/lib/python3.8/site-packages/airflow/example_dags/example_skip_dag.py
[2026-06-03T12:18:37.168+0000] {processor.py:840} INFO - DAG(s) 'example_skip_dag' retrieved from /home/airflow/.local/lib/python3.8/site-packages/airflow/example_dags/example_skip_dag.py
[2026-06-03T12:18:37.228+0000] {logging_mixin.py:188} INFO - [2026-06-03T12:18:37.228+0000] {dag.py:3033} INFO - Sync 1 DAGs
[2026-06-03T12:18:37.255+0000] {logging_mixin.py:188} INFO - [2026-06-03T12:18:37.255+0000] {dag.py:3820} INFO - Setting next_dagrun for example_skip_dag to 2026-06-02T00:00:00+00:00, run_after=2026-06-03T00:00:00+00:00
[2026-06-03T12:18:37.275+0000] {processor.py:183} INFO - Processing /home/airflow/.local/lib/python3.8/site-packages/airflow/example_dags/example_skip_dag.py took 0.166 seconds
[2026-06-03T12:19:07.627+0000] {processor.py:161} INFO - Started process (PID=3386) to work on /home/airflow/.local/lib/python3.8/site-packages/airflow/example_dags/example_skip_dag.py
[2026-06-03T12:19:07.634+0000] {processor.py:830} INFO - Processing file /home/airflow/.local/lib/python3.8/site-packages/airflow/example_dags/example_skip_dag.py for tasks to queue
[2026-06-03T12:19:07.649+0000] {logging_mixin.py:188} INFO - [2026-06-03T12:19:07.648+0000] {dagbag.py:538} INFO - Filling up the DagBag from /home/airflow/.local/lib/python3.8/site-packages/airflow/example_dags/example_skip_dag.py
[2026-06-03T12:19:07.667+0000] {processor.py:840} INFO - DAG(s) 'example_skip_dag' retrieved from /home/airflow/.local/lib/python3.8/site-packages/airflow/example_dags/example_skip_dag.py
[2026-06-03T12:19:07.735+0000] {logging_mixin.py:188} INFO - [2026-06-03T12:19:07.735+0000] {dag.py:3033} INFO - Sync 1 DAGs
[2026-06-03T12:19:07.770+0000] {logging_mixin.py:188} INFO - [2026-06-03T12:19:07.770+0000] {dag.py:3820} INFO - Setting next_dagrun for example_skip_dag to 2026-06-02T00:00:00+00:00, run_after=2026-06-03T00:00:00+00:00
[2026-06-03T12:19:07.796+0000] {processor.py:183} INFO - Processing /home/airflow/.local/lib/python3.8/site-packages/airflow/example_dags/example_skip_dag.py took 0.191 seconds
[2026-06-03T12:19:38.239+0000] {processor.py:161} INFO - Started process (PID=3442) to work on /home/airflow/.local/lib/python3.8/site-packages/airflow/example_dags/example_skip_dag.py
[2026-06-03T12:19:38.240+0000] {processor.py:830} INFO - Processing file /home/airflow/.local/lib/python3.8/site-packages/airflow/example_dags/example_skip_dag.py for tasks to queue
[2026-06-03T12:19:38.242+0000] {logging_mixin.py:188} INFO - [2026-06-03T12:19:38.242+0000] {dagbag.py:538} INFO - Filling up the DagBag from /home/airflow/.local/lib/python3.8/site-packages/airflow/example_dags/example_skip_dag.py
[2026-06-03T12:19:38.248+0000] {processor.py:840} INFO - DAG(s) 'example_skip_dag' retrieved from /home/airflow/.local/lib/python3.8/site-packages/airflow/example_dags/example_skip_dag.py
[2026-06-03T12:19:38.265+0000] {logging_mixin.py:188} INFO - [2026-06-03T12:19:38.265+0000] {dag.py:3033} INFO - Sync 1 DAGs
[2026-06-03T12:19:38.281+0000] {logging_mixin.py:188} INFO - [2026-06-03T12:19:38.281+0000] {dag.py:3820} INFO - Setting next_dagrun for example_skip_dag to 2026-06-02T00:00:00+00:00, run_after=2026-06-03T00:00:00+00:00
[2026-06-03T12:19:38.297+0000] {processor.py:183} INFO - Processing /home/airflow/.local/lib/python3.8/site-packages/airflow/example_dags/example_skip_dag.py took 0.062 seconds
[2026-06-03T12:20:08.490+0000] {processor.py:161} INFO - Started process (PID=3498) to work on /home/airflow/.local/lib/python3.8/site-packages/airflow/example_dags/example_skip_dag.py
[2026-06-03T12:20:08.495+0000] {processor.py:830} INFO - Processing file /home/airflow/.local/lib/python3.8/site-packages/airflow/example_dags/example_skip_dag.py for tasks to queue
[2026-06-03T12:20:08.501+0000] {logging_mixin.py:188} INFO - [2026-06-03T12:20:08.500+0000] {dagbag.py:538} INFO - Filling up the DagBag from /home/airflow/.local/lib/python3.8/site-packages/airflow/example_dags/example_skip_dag.py
[2026-06-03T12:20:08.513+0000] {processor.py:840} INFO - DAG(s) 'example_skip_dag' retrieved from /home/airflow/.local/lib/python3.8/site-packages/airflow/example_dags/example_skip_dag.py
[2026-06-03T12:20:08.559+0000] {logging_mixin.py:188} INFO - [2026-06-03T12:20:08.559+0000] {dag.py:3033} INFO - Sync 1 DAGs
[2026-06-03T12:20:08.594+0000] {logging_mixin.py:188} INFO - [2026-06-03T12:20:08.594+0000] {dag.py:3820} INFO - Setting next_dagrun for example_skip_dag to 2026-06-02T00:00:00+00:00, run_after=2026-06-03T00:00:00+00:00
[2026-06-03T12:20:08.616+0000] {processor.py:183} INFO - Processing /home/airflow/.local/lib/python3.8/site-packages/airflow/example_dags/example_skip_dag.py took 0.140 seconds
[2026-06-03T12:20:38.675+0000] {processor.py:161} INFO - Started process (PID=3554) to work on /home/airflow/.local/lib/python3.8/site-packages/airflow/example_dags/example_skip_dag.py
[2026-06-03T12:20:38.702+0000] {processor.py:830} INFO - Processing file /home/airflow/.local/lib/python3.8/site-packages/airflow/example_dags/example_skip_dag.py for tasks to queue
[2026-06-03T12:20:38.708+0000] {logging_mixin.py:188} INFO - [2026-06-03T12:20:38.708+0000] {dagbag.py:538} INFO - Filling up the DagBag from /home/airflow/.local/lib/python3.8/site-packages/airflow/example_dags/example_skip_dag.py
[2026-06-03T12:20:38.723+0000] {processor.py:840} INFO - DAG(s) 'example_skip_dag' retrieved from /home/airflow/.local/lib/python3.8/site-packages/airflow/example_dags/example_skip_dag.py
[2026-06-03T12:20:38.787+0000] {logging_mixin.py:188} INFO - [2026-06-03T12:20:38.786+0000] {dag.py:3033} INFO - Sync 1 DAGs
[2026-06-03T12:20:38.848+0000] {logging_mixin.py:188} INFO - [2026-06-03T12:20:38.847+0000] {dag.py:3820} INFO - Setting next_dagrun for example_skip_dag to 2026-06-02T00:00:00+00:00, run_after=2026-06-03T00:00:00+00:00
[2026-06-03T12:20:38.871+0000] {processor.py:183} INFO - Processing /home/airflow/.local/lib/python3.8/site-packages/airflow/example_dags/example_skip_dag.py took 0.201 seconds
[2026-06-03T12:21:09.419+0000] {processor.py:161} INFO - Started process (PID=3611) to work on /home/airflow/.local/lib/python3.8/site-packages/airflow/example_dags/example_skip_dag.py
[2026-06-03T12:21:09.420+0000] {processor.py:830} INFO - Processing file /home/airflow/.local/lib/python3.8/site-packages/airflow/example_dags/example_skip_dag.py for tasks to queue
[2026-06-03T12:21:09.421+0000] {logging_mixin.py:188} INFO - [2026-06-03T12:21:09.421+0000] {dagbag.py:538} INFO - Filling up the DagBag from /home/airflow/.local/lib/python3.8/site-packages/airflow/example_dags/example_skip_dag.py
[2026-06-03T12:21:09.426+0000] {processor.py:840} INFO - DAG(s) 'example_skip_dag' retrieved from /home/airflow/.local/lib/python3.8/site-packages/airflow/example_dags/example_skip_dag.py
[2026-06-03T12:21:09.444+0000] {logging_mixin.py:188} INFO - [2026-06-03T12:21:09.443+0000] {dag.py:3033} INFO - Sync 1 DAGs
[2026-06-03T12:21:09.463+0000] {logging_mixin.py:188} INFO - [2026-06-03T12:21:09.463+0000] {dag.py:3820} INFO - Setting next_dagrun for example_skip_dag to 2026-06-02T00:00:00+00:00, run_after=2026-06-03T00:00:00+00:00
[2026-06-03T12:21:09.476+0000] {processor.py:183} INFO - Processing /home/airflow/.local/lib/python3.8/site-packages/airflow/example_dags/example_skip_dag.py took 0.060 seconds
[2026-06-03T12:21:39.809+0000] {processor.py:161} INFO - Started process (PID=3667) to work on /home/airflow/.local/lib/python3.8/site-packages/airflow/example_dags/example_skip_dag.py
[2026-06-03T12:21:39.811+0000] {processor.py:830} INFO - Processing file /home/airflow/.local/lib/python3.8/site-packages/airflow/example_dags/example_skip_dag.py for tasks to queue
[2026-06-03T12:21:39.815+0000] {logging_mixin.py:188} INFO - [2026-06-03T12:21:39.815+0000] {dagbag.py:538} INFO - Filling up the DagBag from /home/airflow/.local/lib/python3.8/site-packages/airflow/example_dags/example_skip_dag.py
[2026-06-03T12:21:39.829+0000] {processor.py:840} INFO - DAG(s) 'example_skip_dag' retrieved from /home/airflow/.local/lib/python3.8/site-packages/airflow/example_dags/example_skip_dag.py
[2026-06-03T12:21:39.876+0000] {logging_mixin.py:188} INFO - [2026-06-03T12:21:39.876+0000] {dag.py:3033} INFO - Sync 1 DAGs
[2026-06-03T12:21:39.897+0000] {logging_mixin.py:188} INFO - [2026-06-03T12:21:39.897+0000] {dag.py:3820} INFO - Setting next_dagrun for example_skip_dag to 2026-06-02T00:00:00+00:00, run_after=2026-06-03T00:00:00+00:00
[2026-06-03T12:21:39.914+0000] {processor.py:183} INFO - Processing /home/airflow/.local/lib/python3.8/site-packages/airflow/example_dags/example_skip_dag.py took 0.112 seconds
[2026-06-03T12:22:10.580+0000] {processor.py:161} INFO - Started process (PID=3723) to work on /home/airflow/.local/lib/python3.8/site-packages/airflow/example_dags/example_skip_dag.py
[2026-06-03T12:22:10.582+0000] {processor.py:830} INFO - Processing file /home/airflow/.local/lib/python3.8/site-packages/airflow/example_dags/example_skip_dag.py for tasks to queue
[2026-06-03T12:22:10.584+0000] {logging_mixin.py:188} INFO - [2026-06-03T12:22:10.584+0000] {dagbag.py:538} INFO - Filling up the DagBag from /home/airflow/.local/lib/python3.8/site-packages/airflow/example_dags/example_skip_dag.py
[2026-06-03T12:22:10.589+0000] {processor.py:840} INFO - DAG(s) 'example_skip_dag' retrieved from /home/airflow/.local/lib/python3.8/site-packages/airflow/example_dags/example_skip_dag.py
[2026-06-03T12:22:10.604+0000] {logging_mixin.py:188} INFO - [2026-06-03T12:22:10.603+0000] {dag.py:3033} INFO - Sync 1 DAGs
[2026-06-03T12:22:10.618+0000] {logging_mixin.py:188} INFO - [2026-06-03T12:22:10.618+0000] {dag.py:3820} INFO - Setting next_dagrun for example_skip_dag to 2026-06-02T00:00:00+00:00, run_after=2026-06-03T00:00:00+00:00
[2026-06-03T12:22:10.626+0000] {processor.py:183} INFO - Processing /home/airflow/.local/lib/python3.8/site-packages/airflow/example_dags/example_skip_dag.py took 0.050 seconds
[2026-06-03T12:22:41.538+0000] {processor.py:161} INFO - Started process (PID=3779) to work on /home/airflow/.local/lib/python3.8/site-packages/airflow/example_dags/example_skip_dag.py
[2026-06-03T12:22:41.546+0000] {processor.py:830} INFO - Processing file /home/airflow/.local/lib/python3.8/site-packages/airflow/example_dags/example_skip_dag.py for tasks to queue
[2026-06-03T12:22:41.562+0000] {logging_mixin.py:188} INFO - [2026-06-03T12:22:41.560+0000] {dagbag.py:538} INFO - Filling up the DagBag from /home/airflow/.local/lib/python3.8/site-packages/airflow/example_dags/example_skip_dag.py
[2026-06-03T12:22:41.580+0000] {processor.py:840} INFO - DAG(s) 'example_skip_dag' retrieved from /home/airflow/.local/lib/python3.8/site-packages/airflow/example_dags/example_skip_dag.py
[2026-06-03T12:22:41.620+0000] {logging_mixin.py:188} INFO - [2026-06-03T12:22:41.619+0000] {dag.py:3033} INFO - Sync 1 DAGs
[2026-06-03T12:22:41.653+0000] {logging_mixin.py:188} INFO - [2026-06-03T12:22:41.653+0000] {dag.py:3820} INFO - Setting next_dagrun for example_skip_dag to 2026-06-02T00:00:00+00:00, run_after=2026-06-03T00:00:00+00:00
[2026-06-03T12:22:41.684+0000] {processor.py:183} INFO - Processing /home/airflow/.local/lib/python3.8/site-packages/airflow/example_dags/example_skip_dag.py took 0.160 seconds
[2026-06-03T12:23:11.940+0000] {processor.py:161} INFO - Started process (PID=3835) to work on /home/airflow/.local/lib/python3.8/site-packages/airflow/example_dags/example_skip_dag.py
[2026-06-03T12:23:11.943+0000] {processor.py:830} INFO - Processing file /home/airflow/.local/lib/python3.8/site-packages/airflow/example_dags/example_skip_dag.py for tasks to queue
[2026-06-03T12:23:11.945+0000] {logging_mixin.py:188} INFO - [2026-06-03T12:23:11.944+0000] {dagbag.py:538} INFO - Filling up the DagBag from /home/airflow/.local/lib/python3.8/site-packages/airflow/example_dags/example_skip_dag.py
[2026-06-03T12:23:11.954+0000] {processor.py:840} INFO - DAG(s) 'example_skip_dag' retrieved from /home/airflow/.local/lib/python3.8/site-packages/airflow/example_dags/example_skip_dag.py
[2026-06-03T12:23:11.966+0000] {logging_mixin.py:188} INFO - [2026-06-03T12:23:11.966+0000] {dag.py:3033} INFO - Sync 1 DAGs
[2026-06-03T12:23:11.985+0000] {logging_mixin.py:188} INFO - [2026-06-03T12:23:11.984+0000] {dag.py:3820} INFO - Setting next_dagrun for example_skip_dag to 2026-06-02T00:00:00+00:00, run_after=2026-06-03T00:00:00+00:00
[2026-06-03T12:23:12.001+0000] {processor.py:183} INFO - Processing /home/airflow/.local/lib/python3.8/site-packages/airflow/example_dags/example_skip_dag.py took 0.065 seconds
[2026-06-03T12:23:42.449+0000] {processor.py:161} INFO - Started process (PID=3891) to work on /home/airflow/.local/lib/python3.8/site-packages/airflow/example_dags/example_skip_dag.py
[2026-06-03T12:23:42.450+0000] {processor.py:830} INFO - Processing file /home/airflow/.local/lib/python3.8/site-packages/airflow/example_dags/example_skip_dag.py for tasks to queue
[2026-06-03T12:23:42.451+0000] {logging_mixin.py:188} INFO - [2026-06-03T12:23:42.451+0000] {dagbag.py:538} INFO - Filling up the DagBag from /home/airflow/.local/lib/python3.8/site-packages/airflow/example_dags/example_skip_dag.py
[2026-06-03T12:23:42.457+0000] {processor.py:840} INFO - DAG(s) 'example_skip_dag' retrieved from /home/airflow/.local/lib/python3.8/site-packages/airflow/example_dags/example_skip_dag.py
[2026-06-03T12:23:42.474+0000] {logging_mixin.py:188} INFO - [2026-06-03T12:23:42.474+0000] {dag.py:3033} INFO - Sync 1 DAGs
[2026-06-03T12:23:42.491+0000] {logging_mixin.py:188} INFO - [2026-06-03T12:23:42.491+0000] {dag.py:3820} INFO - Setting next_dagrun for example_skip_dag to 2026-06-02T00:00:00+00:00, run_after=2026-06-03T00:00:00+00:00
[2026-06-03T12:23:42.500+0000] {processor.py:183} INFO - Processing /home/airflow/.local/lib/python3.8/site-packages/airflow/example_dags/example_skip_dag.py took 0.053 seconds
[2026-06-03T12:24:13.232+0000] {processor.py:161} INFO - Started process (PID=3947) to work on /home/airflow/.local/lib/python3.8/site-packages/airflow/example_dags/example_skip_dag.py
[2026-06-03T12:24:13.234+0000] {processor.py:830} INFO - Processing file /home/airflow/.local/lib/python3.8/site-packages/airflow/example_dags/example_skip_dag.py for tasks to queue
[2026-06-03T12:24:13.242+0000] {logging_mixin.py:188} INFO - [2026-06-03T12:24:13.240+0000] {dagbag.py:538} INFO - Filling up the DagBag from /home/airflow/.local/lib/python3.8/site-packages/airflow/example_dags/example_skip_dag.py
[2026-06-03T12:24:13.270+0000] {processor.py:840} INFO - DAG(s) 'example_skip_dag' retrieved from /home/airflow/.local/lib/python3.8/site-packages/airflow/example_dags/example_skip_dag.py
[2026-06-03T12:24:13.312+0000] {logging_mixin.py:188} INFO - [2026-06-03T12:24:13.312+0000] {dag.py:3033} INFO - Sync 1 DAGs
[2026-06-03T12:24:13.341+0000] {logging_mixin.py:188} INFO - [2026-06-03T12:24:13.341+0000] {dag.py:3820} INFO - Setting next_dagrun for example_skip_dag to 2026-06-02T00:00:00+00:00, run_after=2026-06-03T00:00:00+00:00
[2026-06-03T12:24:13.356+0000] {processor.py:183} INFO - Processing /home/airflow/.local/lib/python3.8/site-packages/airflow/example_dags/example_skip_dag.py took 0.129 seconds
[2026-06-03T12:24:43.954+0000] {processor.py:161} INFO - Started process (PID=4003) to work on /home/airflow/.local/lib/python3.8/site-packages/airflow/example_dags/example_skip_dag.py
[2026-06-03T12:24:43.956+0000] {processor.py:830} INFO - Processing file /home/airflow/.local/lib/python3.8/site-packages/airflow/example_dags/example_skip_dag.py for tasks to queue
[2026-06-03T12:24:43.969+0000] {logging_mixin.py:188} INFO - [2026-06-03T12:24:43.968+0000] {dagbag.py:538} INFO - Filling up the DagBag from /home/airflow/.local/lib/python3.8/site-packages/airflow/example_dags/example_skip_dag.py
[2026-06-03T12:24:43.987+0000] {processor.py:840} INFO - DAG(s) 'example_skip_dag' retrieved from /home/airflow/.local/lib/python3.8/site-packages/airflow/example_dags/example_skip_dag.py
[2026-06-03T12:24:44.029+0000] {logging_mixin.py:188} INFO - [2026-06-03T12:24:44.028+0000] {dag.py:3033} INFO - Sync 1 DAGs
[2026-06-03T12:24:44.050+0000] {logging_mixin.py:188} INFO - [2026-06-03T12:24:44.048+0000] {dag.py:3820} INFO - Setting next_dagrun for example_skip_dag to 2026-06-02T00:00:00+00:00, run_after=2026-06-03T00:00:00+00:00
[2026-06-03T12:24:44.078+0000] {processor.py:183} INFO - Processing /home/airflow/.local/lib/python3.8/site-packages/airflow/example_dags/example_skip_dag.py took 0.130 seconds
[2026-06-03T12:25:14.303+0000] {processor.py:161} INFO - Started process (PID=4059) to work on /home/airflow/.local/lib/python3.8/site-packages/airflow/example_dags/example_skip_dag.py
[2026-06-03T12:25:14.307+0000] {processor.py:830} INFO - Processing file /home/airflow/.local/lib/python3.8/site-packages/airflow/example_dags/example_skip_dag.py for tasks to queue
[2026-06-03T12:25:14.310+0000] {logging_mixin.py:188} INFO - [2026-06-03T12:25:14.310+0000] {dagbag.py:538} INFO - Filling up the DagBag from /home/airflow/.local/lib/python3.8/site-packages/airflow/example_dags/example_skip_dag.py
[2026-06-03T12:25:14.319+0000] {processor.py:840} INFO - DAG(s) 'example_skip_dag' retrieved from /home/airflow/.local/lib/python3.8/site-packages/airflow/example_dags/example_skip_dag.py
[2026-06-03T12:25:14.362+0000] {logging_mixin.py:188} INFO - [2026-06-03T12:25:14.362+0000] {dag.py:3033} INFO - Sync 1 DAGs
[2026-06-03T12:25:14.402+0000] {logging_mixin.py:188} INFO - [2026-06-03T12:25:14.402+0000] {dag.py:3820} INFO - Setting next_dagrun for example_skip_dag to 2026-06-02T00:00:00+00:00, run_after=2026-06-03T00:00:00+00:00
[2026-06-03T12:25:14.418+0000] {processor.py:183} INFO - Processing /home/airflow/.local/lib/python3.8/site-packages/airflow/example_dags/example_skip_dag.py took 0.130 seconds
[2026-06-03T12:25:44.662+0000] {processor.py:161} INFO - Started process (PID=4115) to work on /home/airflow/.local/lib/python3.8/site-packages/airflow/example_dags/example_skip_dag.py
[2026-06-03T12:25:44.666+0000] {processor.py:830} INFO - Processing file /home/airflow/.local/lib/python3.8/site-packages/airflow/example_dags/example_skip_dag.py for tasks to queue
[2026-06-03T12:25:44.668+0000] {logging_mixin.py:188} INFO - [2026-06-03T12:25:44.668+0000] {dagbag.py:538} INFO - Filling up the DagBag from /home/airflow/.local/lib/python3.8/site-packages/airflow/example_dags/example_skip_dag.py
[2026-06-03T12:25:44.675+0000] {processor.py:840} INFO - DAG(s) 'example_skip_dag' retrieved from /home/airflow/.local/lib/python3.8/site-packages/airflow/example_dags/example_skip_dag.py
[2026-06-03T12:25:44.703+0000] {logging_mixin.py:188} INFO - [2026-06-03T12:25:44.703+0000] {dag.py:3033} INFO - Sync 1 DAGs
[2026-06-03T12:25:44.733+0000] {logging_mixin.py:188} INFO - [2026-06-03T12:25:44.733+0000] {dag.py:3820} INFO - Setting next_dagrun for example_skip_dag to 2026-06-02T00:00:00+00:00, run_after=2026-06-03T00:00:00+00:00
[2026-06-03T12:25:44.752+0000] {processor.py:183} INFO - Processing /home/airflow/.local/lib/python3.8/site-packages/airflow/example_dags/example_skip_dag.py took 0.094 seconds
[2026-06-03T12:26:14.821+0000] {processor.py:161} INFO - Started process (PID=4171) to work on /home/airflow/.local/lib/python3.8/site-packages/airflow/example_dags/example_skip_dag.py
[2026-06-03T12:26:14.823+0000] {processor.py:830} INFO - Processing file /home/airflow/.local/lib/python3.8/site-packages/airflow/example_dags/example_skip_dag.py for tasks to queue
[2026-06-03T12:26:14.825+0000] {logging_mixin.py:188} INFO - [2026-06-03T12:26:14.825+0000] {dagbag.py:538} INFO - Filling up the DagBag from /home/airflow/.local/lib/python3.8/site-packages/airflow/example_dags/example_skip_dag.py
[2026-06-03T12:26:14.831+0000] {processor.py:840} INFO - DAG(s) 'example_skip_dag' retrieved from /home/airflow/.local/lib/python3.8/site-packages/airflow/example_dags/example_skip_dag.py
[2026-06-03T12:26:14.864+0000] {logging_mixin.py:188} INFO - [2026-06-03T12:26:14.864+0000] {dag.py:3033} INFO - Sync 1 DAGs
[2026-06-03T12:26:14.879+0000] {logging_mixin.py:188} INFO - [2026-06-03T12:26:14.879+0000] {dag.py:3820} INFO - Setting next_dagrun for example_skip_dag to 2026-06-02T00:00:00+00:00, run_after=2026-06-03T00:00:00+00:00
[2026-06-03T12:26:14.894+0000] {processor.py:183} INFO - Processing /home/airflow/.local/lib/python3.8/site-packages/airflow/example_dags/example_skip_dag.py took 0.077 seconds
[2026-06-03T12:26:45.173+0000] {processor.py:161} INFO - Started process (PID=4227) to work on /home/airflow/.local/lib/python3.8/site-packages/airflow/example_dags/example_skip_dag.py
[2026-06-03T12:26:45.177+0000] {processor.py:830} INFO - Processing file /home/airflow/.local/lib/python3.8/site-packages/airflow/example_dags/example_skip_dag.py for tasks to queue
[2026-06-03T12:26:45.180+0000] {logging_mixin.py:188} INFO - [2026-06-03T12:26:45.180+0000] {dagbag.py:538} INFO - Filling up the DagBag from /home/airflow/.local/lib/python3.8/site-packages/airflow/example_dags/example_skip_dag.py
[2026-06-03T12:26:45.189+0000] {processor.py:840} INFO - DAG(s) 'example_skip_dag' retrieved from /home/airflow/.local/lib/python3.8/site-packages/airflow/example_dags/example_skip_dag.py
[2026-06-03T12:26:45.203+0000] {logging_mixin.py:188} INFO - [2026-06-03T12:26:45.203+0000] {dag.py:3033} INFO - Sync 1 DAGs
[2026-06-03T12:26:45.216+0000] {logging_mixin.py:188} INFO - [2026-06-03T12:26:45.216+0000] {dag.py:3820} INFO - Setting next_dagrun for example_skip_dag to 2026-06-02T00:00:00+00:00, run_after=2026-06-03T00:00:00+00:00
[2026-06-03T12:26:45.236+0000] {processor.py:183} INFO - Processing /home/airflow/.local/lib/python3.8/site-packages/airflow/example_dags/example_skip_dag.py took 0.066 seconds
[2026-06-03T12:27:15.504+0000] {processor.py:161} INFO - Started process (PID=4283) to work on /home/airflow/.local/lib/python3.8/site-packages/airflow/example_dags/example_skip_dag.py
[2026-06-03T12:27:15.505+0000] {processor.py:830} INFO - Processing file /home/airflow/.local/lib/python3.8/site-packages/airflow/example_dags/example_skip_dag.py for tasks to queue
[2026-06-03T12:27:15.507+0000] {logging_mixin.py:188} INFO - [2026-06-03T12:27:15.507+0000] {dagbag.py:538} INFO - Filling up the DagBag from /home/airflow/.local/lib/python3.8/site-packages/airflow/example_dags/example_skip_dag.py
[2026-06-03T12:27:15.513+0000] {processor.py:840} INFO - DAG(s) 'example_skip_dag' retrieved from /home/airflow/.local/lib/python3.8/site-packages/airflow/example_dags/example_skip_dag.py
[2026-06-03T12:27:15.532+0000] {logging_mixin.py:188} INFO - [2026-06-03T12:27:15.532+0000] {dag.py:3033} INFO - Sync 1 DAGs
[2026-06-03T12:27:15.547+0000] {logging_mixin.py:188} INFO - [2026-06-03T12:27:15.547+0000] {dag.py:3820} INFO - Setting next_dagrun for example_skip_dag to 2026-06-02T00:00:00+00:00, run_after=2026-06-03T00:00:00+00:00
[2026-06-03T12:27:15.562+0000] {processor.py:183} INFO - Processing /home/airflow/.local/lib/python3.8/site-packages/airflow/example_dags/example_skip_dag.py took 0.060 seconds
[2026-06-03T12:27:45.713+0000] {processor.py:161} INFO - Started process (PID=4339) to work on /home/airflow/.local/lib/python3.8/site-packages/airflow/example_dags/example_skip_dag.py
[2026-06-03T12:27:45.714+0000] {processor.py:830} INFO - Processing file /home/airflow/.local/lib/python3.8/site-packages/airflow/example_dags/example_skip_dag.py for tasks to queue
[2026-06-03T12:27:45.717+0000] {logging_mixin.py:188} INFO - [2026-06-03T12:27:45.717+0000] {dagbag.py:538} INFO - Filling up the DagBag from /home/airflow/.local/lib/python3.8/site-packages/airflow/example_dags/example_skip_dag.py
[2026-06-03T12:27:45.721+0000] {processor.py:840} INFO - DAG(s) 'example_skip_dag' retrieved from /home/airflow/.local/lib/python3.8/site-packages/airflow/example_dags/example_skip_dag.py
[2026-06-03T12:27:45.738+0000] {logging_mixin.py:188} INFO - [2026-06-03T12:27:45.738+0000] {dag.py:3033} INFO - Sync 1 DAGs
[2026-06-03T12:27:45.762+0000] {logging_mixin.py:188} INFO - [2026-06-03T12:27:45.762+0000] {dag.py:3820} INFO - Setting next_dagrun for example_skip_dag to 2026-06-02T00:00:00+00:00, run_after=2026-06-03T00:00:00+00:00
[2026-06-03T12:27:45.780+0000] {processor.py:183} INFO - Processing /home/airflow/.local/lib/python3.8/site-packages/airflow/example_dags/example_skip_dag.py took 0.069 seconds
[2026-06-03T12:28:15.962+0000] {processor.py:161} INFO - Started process (PID=4395) to work on /home/airflow/.local/lib/python3.8/site-packages/airflow/example_dags/example_skip_dag.py
[2026-06-03T12:28:15.963+0000] {processor.py:830} INFO - Processing file /home/airflow/.local/lib/python3.8/site-packages/airflow/example_dags/example_skip_dag.py for tasks to queue
[2026-06-03T12:28:15.966+0000] {logging_mixin.py:188} INFO - [2026-06-03T12:28:15.965+0000] {dagbag.py:538} INFO - Filling up the DagBag from /home/airflow/.local/lib/python3.8/site-packages/airflow/example_dags/example_skip_dag.py
[2026-06-03T12:28:15.974+0000] {processor.py:840} INFO - DAG(s) 'example_skip_dag' retrieved from /home/airflow/.local/lib/python3.8/site-packages/airflow/example_dags/example_skip_dag.py
[2026-06-03T12:28:15.997+0000] {logging_mixin.py:188} INFO - [2026-06-03T12:28:15.997+0000] {dag.py:3033} INFO - Sync 1 DAGs
[2026-06-03T12:28:16.015+0000] {logging_mixin.py:188} INFO - [2026-06-03T12:28:16.015+0000] {dag.py:3820} INFO - Setting next_dagrun for example_skip_dag to 2026-06-02T00:00:00+00:00, run_after=2026-06-03T00:00:00+00:00
[2026-06-03T12:28:16.024+0000] {processor.py:183} INFO - Processing /home/airflow/.local/lib/python3.8/site-packages/airflow/example_dags/example_skip_dag.py took 0.067 seconds
[2026-06-03T12:28:46.404+0000] {processor.py:161} INFO - Started process (PID=4451) to work on /home/airflow/.local/lib/python3.8/site-packages/airflow/example_dags/example_skip_dag.py
[2026-06-03T12:28:46.406+0000] {processor.py:830} INFO - Processing file /home/airflow/.local/lib/python3.8/site-packages/airflow/example_dags/example_skip_dag.py for tasks to queue
[2026-06-03T12:28:46.409+0000] {logging_mixin.py:188} INFO - [2026-06-03T12:28:46.409+0000] {dagbag.py:538} INFO - Filling up the DagBag from /home/airflow/.local/lib/python3.8/site-packages/airflow/example_dags/example_skip_dag.py
[2026-06-03T12:28:46.413+0000] {processor.py:840} INFO - DAG(s) 'example_skip_dag' retrieved from /home/airflow/.local/lib/python3.8/site-packages/airflow/example_dags/example_skip_dag.py
[2026-06-03T12:28:46.430+0000] {logging_mixin.py:188} INFO - [2026-06-03T12:28:46.430+0000] {dag.py:3033} INFO - Sync 1 DAGs
[2026-06-03T12:28:46.460+0000] {logging_mixin.py:188} INFO - [2026-06-03T12:28:46.460+0000] {dag.py:3820} INFO - Setting next_dagrun for example_skip_dag to 2026-06-02T00:00:00+00:00, run_after=2026-06-03T00:00:00+00:00
[2026-06-03T12:28:46.474+0000] {processor.py:183} INFO - Processing /home/airflow/.local/lib/python3.8/site-packages/airflow/example_dags/example_skip_dag.py took 0.074 seconds
[2026-06-03T12:29:16.757+0000] {processor.py:161} INFO - Started process (PID=4507) to work on /home/airflow/.local/lib/python3.8/site-packages/airflow/example_dags/example_skip_dag.py
[2026-06-03T12:29:16.758+0000] {processor.py:830} INFO - Processing file /home/airflow/.local/lib/python3.8/site-packages/airflow/example_dags/example_skip_dag.py for tasks to queue
[2026-06-03T12:29:16.759+0000] {logging_mixin.py:188} INFO - [2026-06-03T12:29:16.759+0000] {dagbag.py:538} INFO - Filling up the DagBag from /home/airflow/.local/lib/python3.8/site-packages/airflow/example_dags/example_skip_dag.py
[2026-06-03T12:29:16.763+0000] {processor.py:840} INFO - DAG(s) 'example_skip_dag' retrieved from /home/airflow/.local/lib/python3.8/site-packages/airflow/example_dags/example_skip_dag.py
[2026-06-03T12:29:16.778+0000] {logging_mixin.py:188} INFO - [2026-06-03T12:29:16.778+0000] {dag.py:3033} INFO - Sync 1 DAGs
[2026-06-03T12:29:16.803+0000] {logging_mixin.py:188} INFO - [2026-06-03T12:29:16.803+0000] {dag.py:3820} INFO - Setting next_dagrun for example_skip_dag to 2026-06-02T00:00:00+00:00, run_after=2026-06-03T00:00:00+00:00
[2026-06-03T12:29:16.817+0000] {processor.py:183} INFO - Processing /home/airflow/.local/lib/python3.8/site-packages/airflow/example_dags/example_skip_dag.py took 0.062 seconds
[2026-06-03T12:29:47.226+0000] {processor.py:161} INFO - Started process (PID=4563) to work on /home/airflow/.local/lib/python3.8/site-packages/airflow/example_dags/example_skip_dag.py
[2026-06-03T12:29:47.230+0000] {processor.py:830} INFO - Processing file /home/airflow/.local/lib/python3.8/site-packages/airflow/example_dags/example_skip_dag.py for tasks to queue
[2026-06-03T12:29:47.232+0000] {logging_mixin.py:188} INFO - [2026-06-03T12:29:47.231+0000] {dagbag.py:538} INFO - Filling up the DagBag from /home/airflow/.local/lib/python3.8/site-packages/airflow/example_dags/example_skip_dag.py
[2026-06-03T12:29:47.239+0000] {processor.py:840} INFO - DAG(s) 'example_skip_dag' retrieved from /home/airflow/.local/lib/python3.8/site-packages/airflow/example_dags/example_skip_dag.py
[2026-06-03T12:29:47.261+0000] {logging_mixin.py:188} INFO - [2026-06-03T12:29:47.260+0000] {dag.py:3033} INFO - Sync 1 DAGs
[2026-06-03T12:29:47.277+0000] {logging_mixin.py:188} INFO - [2026-06-03T12:29:47.276+0000] {dag.py:3820} INFO - Setting next_dagrun for example_skip_dag to 2026-06-02T00:00:00+00:00, run_after=2026-06-03T00:00:00+00:00
[2026-06-03T12:29:47.293+0000] {processor.py:183} INFO - Processing /home/airflow/.local/lib/python3.8/site-packages/airflow/example_dags/example_skip_dag.py took 0.081 seconds
[2026-06-03T12:30:17.722+0000] {processor.py:161} INFO - Started process (PID=4618) to work on /home/airflow/.local/lib/python3.8/site-packages/airflow/example_dags/example_skip_dag.py
[2026-06-03T12:30:17.724+0000] {processor.py:830} INFO - Processing file /home/airflow/.local/lib/python3.8/site-packages/airflow/example_dags/example_skip_dag.py for tasks to queue
[2026-06-03T12:30:17.733+0000] {logging_mixin.py:188} INFO - [2026-06-03T12:30:17.729+0000] {dagbag.py:538} INFO - Filling up the DagBag from /home/airflow/.local/lib/python3.8/site-packages/airflow/example_dags/example_skip_dag.py
[2026-06-03T12:30:17.752+0000] {processor.py:840} INFO - DAG(s) 'example_skip_dag' retrieved from /home/airflow/.local/lib/python3.8/site-packages/airflow/example_dags/example_skip_dag.py
[2026-06-03T12:30:17.799+0000] {logging_mixin.py:188} INFO - [2026-06-03T12:30:17.799+0000] {dag.py:3033} INFO - Sync 1 DAGs
[2026-06-03T12:30:17.820+0000] {logging_mixin.py:188} INFO - [2026-06-03T12:30:17.819+0000] {dag.py:3820} INFO - Setting next_dagrun for example_skip_dag to 2026-06-02T00:00:00+00:00, run_after=2026-06-03T00:00:00+00:00
[2026-06-03T12:30:17.834+0000] {processor.py:183} INFO - Processing /home/airflow/.local/lib/python3.8/site-packages/airflow/example_dags/example_skip_dag.py took 0.120 seconds
[2026-06-03T12:30:48.292+0000] {processor.py:161} INFO - Started process (PID=4674) to work on /home/airflow/.local/lib/python3.8/site-packages/airflow/example_dags/example_skip_dag.py
[2026-06-03T12:30:48.294+0000] {processor.py:830} INFO - Processing file /home/airflow/.local/lib/python3.8/site-packages/airflow/example_dags/example_skip_dag.py for tasks to queue
[2026-06-03T12:30:48.299+0000] {logging_mixin.py:188} INFO - [2026-06-03T12:30:48.299+0000] {dagbag.py:538} INFO - Filling up the DagBag from /home/airflow/.local/lib/python3.8/site-packages/airflow/example_dags/example_skip_dag.py
[2026-06-03T12:30:48.304+0000] {processor.py:840} INFO - DAG(s) 'example_skip_dag' retrieved from /home/airflow/.local/lib/python3.8/site-packages/airflow/example_dags/example_skip_dag.py
[2026-06-03T12:30:48.317+0000] {logging_mixin.py:188} INFO - [2026-06-03T12:30:48.317+0000] {dag.py:3033} INFO - Sync 1 DAGs
[2026-06-03T12:30:48.334+0000] {logging_mixin.py:188} INFO - [2026-06-03T12:30:48.333+0000] {dag.py:3820} INFO - Setting next_dagrun for example_skip_dag to 2026-06-02T00:00:00+00:00, run_after=2026-06-03T00:00:00+00:00
[2026-06-03T12:30:48.344+0000] {processor.py:183} INFO - Processing /home/airflow/.local/lib/python3.8/site-packages/airflow/example_dags/example_skip_dag.py took 0.057 seconds
[2026-06-03T12:31:18.890+0000] {processor.py:161} INFO - Started process (PID=4730) to work on /home/airflow/.local/lib/python3.8/site-packages/airflow/example_dags/example_skip_dag.py
[2026-06-03T12:31:18.891+0000] {processor.py:830} INFO - Processing file /home/airflow/.local/lib/python3.8/site-packages/airflow/example_dags/example_skip_dag.py for tasks to queue
[2026-06-03T12:31:18.892+0000] {logging_mixin.py:188} INFO - [2026-06-03T12:31:18.892+0000] {dagbag.py:538} INFO - Filling up the DagBag from /home/airflow/.local/lib/python3.8/site-packages/airflow/example_dags/example_skip_dag.py
[2026-06-03T12:31:18.897+0000] {processor.py:840} INFO - DAG(s) 'example_skip_dag' retrieved from /home/airflow/.local/lib/python3.8/site-packages/airflow/example_dags/example_skip_dag.py
[2026-06-03T12:31:18.915+0000] {logging_mixin.py:188} INFO - [2026-06-03T12:31:18.915+0000] {dag.py:3033} INFO - Sync 1 DAGs
[2026-06-03T12:31:18.932+0000] {logging_mixin.py:188} INFO - [2026-06-03T12:31:18.932+0000] {dag.py:3820} INFO - Setting next_dagrun for example_skip_dag to 2026-06-02T00:00:00+00:00, run_after=2026-06-03T00:00:00+00:00
[2026-06-03T12:31:18.947+0000] {processor.py:183} INFO - Processing /home/airflow/.local/lib/python3.8/site-packages/airflow/example_dags/example_skip_dag.py took 0.061 seconds
[2026-06-03T12:31:49.569+0000] {processor.py:161} INFO - Started process (PID=4786) to work on /home/airflow/.local/lib/python3.8/site-packages/airflow/example_dags/example_skip_dag.py
[2026-06-03T12:31:49.571+0000] {processor.py:830} INFO - Processing file /home/airflow/.local/lib/python3.8/site-packages/airflow/example_dags/example_skip_dag.py for tasks to queue
[2026-06-03T12:31:49.574+0000] {logging_mixin.py:188} INFO - [2026-06-03T12:31:49.574+0000] {dagbag.py:538} INFO - Filling up the DagBag from /home/airflow/.local/lib/python3.8/site-packages/airflow/example_dags/example_skip_dag.py
[2026-06-03T12:31:49.584+0000] {processor.py:840} INFO - DAG(s) 'example_skip_dag' retrieved from /home/airflow/.local/lib/python3.8/site-packages/airflow/example_dags/example_skip_dag.py
[2026-06-03T12:31:49.622+0000] {logging_mixin.py:188} INFO - [2026-06-03T12:31:49.621+0000] {dag.py:3033} INFO - Sync 1 DAGs
[2026-06-03T12:31:49.639+0000] {logging_mixin.py:188} INFO - [2026-06-03T12:31:49.639+0000] {dag.py:3820} INFO - Setting next_dagrun for example_skip_dag to 2026-06-02T00:00:00+00:00, run_after=2026-06-03T00:00:00+00:00
[2026-06-03T12:31:49.653+0000] {processor.py:183} INFO - Processing /home/airflow/.local/lib/python3.8/site-packages/airflow/example_dags/example_skip_dag.py took 0.090 seconds
[2026-06-03T12:32:19.728+0000] {processor.py:161} INFO - Started process (PID=4842) to work on /home/airflow/.local/lib/python3.8/site-packages/airflow/example_dags/example_skip_dag.py
[2026-06-03T12:32:19.732+0000] {processor.py:830} INFO - Processing file /home/airflow/.local/lib/python3.8/site-packages/airflow/example_dags/example_skip_dag.py for tasks to queue
[2026-06-03T12:32:19.734+0000] {logging_mixin.py:188} INFO - [2026-06-03T12:32:19.734+0000] {dagbag.py:538} INFO - Filling up the DagBag from /home/airflow/.local/lib/python3.8/site-packages/airflow/example_dags/example_skip_dag.py
[2026-06-03T12:32:19.742+0000] {processor.py:840} INFO - DAG(s) 'example_skip_dag' retrieved from /home/airflow/.local/lib/python3.8/site-packages/airflow/example_dags/example_skip_dag.py
[2026-06-03T12:32:19.772+0000] {logging_mixin.py:188} INFO - [2026-06-03T12:32:19.772+0000] {dag.py:3033} INFO - Sync 1 DAGs
[2026-06-03T12:32:19.798+0000] {logging_mixin.py:188} INFO - [2026-06-03T12:32:19.798+0000] {dag.py:3820} INFO - Setting next_dagrun for example_skip_dag to 2026-06-02T00:00:00+00:00, run_after=2026-06-03T00:00:00+00:00
[2026-06-03T12:32:19.812+0000] {processor.py:183} INFO - Processing /home/airflow/.local/lib/python3.8/site-packages/airflow/example_dags/example_skip_dag.py took 0.088 seconds
[2026-06-03T12:32:50.222+0000] {processor.py:161} INFO - Started process (PID=4898) to work on /home/airflow/.local/lib/python3.8/site-packages/airflow/example_dags/example_skip_dag.py
[2026-06-03T12:32:50.225+0000] {processor.py:830} INFO - Processing file /home/airflow/.local/lib/python3.8/site-packages/airflow/example_dags/example_skip_dag.py for tasks to queue
[2026-06-03T12:32:50.227+0000] {logging_mixin.py:188} INFO - [2026-06-03T12:32:50.227+0000] {dagbag.py:538} INFO - Filling up the DagBag from /home/airflow/.local/lib/python3.8/site-packages/airflow/example_dags/example_skip_dag.py
[2026-06-03T12:32:50.232+0000] {processor.py:840} INFO - DAG(s) 'example_skip_dag' retrieved from /home/airflow/.local/lib/python3.8/site-packages/airflow/example_dags/example_skip_dag.py
[2026-06-03T12:32:50.264+0000] {logging_mixin.py:188} INFO - [2026-06-03T12:32:50.264+0000] {dag.py:3033} INFO - Sync 1 DAGs
[2026-06-03T12:32:50.281+0000] {logging_mixin.py:188} INFO - [2026-06-03T12:32:50.281+0000] {dag.py:3820} INFO - Setting next_dagrun for example_skip_dag to 2026-06-02T00:00:00+00:00, run_after=2026-06-03T00:00:00+00:00
[2026-06-03T12:32:50.295+0000] {processor.py:183} INFO - Processing /home/airflow/.local/lib/python3.8/site-packages/airflow/example_dags/example_skip_dag.py took 0.081 seconds
[2026-06-03T12:33:20.397+0000] {processor.py:161} INFO - Started process (PID=4954) to work on /home/airflow/.local/lib/python3.8/site-packages/airflow/example_dags/example_skip_dag.py
[2026-06-03T12:33:20.399+0000] {processor.py:830} INFO - Processing file /home/airflow/.local/lib/python3.8/site-packages/airflow/example_dags/example_skip_dag.py for tasks to queue
[2026-06-03T12:33:20.401+0000] {logging_mixin.py:188} INFO - [2026-06-03T12:33:20.401+0000] {dagbag.py:538} INFO - Filling up the DagBag from /home/airflow/.local/lib/python3.8/site-packages/airflow/example_dags/example_skip_dag.py
[2026-06-03T12:33:20.407+0000] {processor.py:840} INFO - DAG(s) 'example_skip_dag' retrieved from /home/airflow/.local/lib/python3.8/site-packages/airflow/example_dags/example_skip_dag.py
[2026-06-03T12:33:20.423+0000] {logging_mixin.py:188} INFO - [2026-06-03T12:33:20.423+0000] {dag.py:3033} INFO - Sync 1 DAGs
[2026-06-03T12:33:20.437+0000] {logging_mixin.py:188} INFO - [2026-06-03T12:33:20.437+0000] {dag.py:3820} INFO - Setting next_dagrun for example_skip_dag to 2026-06-02T00:00:00+00:00, run_after=2026-06-03T00:00:00+00:00
[2026-06-03T12:33:20.463+0000] {processor.py:183} INFO - Processing /home/airflow/.local/lib/python3.8/site-packages/airflow/example_dags/example_skip_dag.py took 0.070 seconds
[2026-06-03T12:33:50.779+0000] {processor.py:161} INFO - Started process (PID=5010) to work on /home/airflow/.local/lib/python3.8/site-packages/airflow/example_dags/example_skip_dag.py
[2026-06-03T12:33:50.781+0000] {processor.py:830} INFO - Processing file /home/airflow/.local/lib/python3.8/site-packages/airflow/example_dags/example_skip_dag.py for tasks to queue
[2026-06-03T12:33:50.785+0000] {logging_mixin.py:188} INFO - [2026-06-03T12:33:50.785+0000] {dagbag.py:538} INFO - Filling up the DagBag from /home/airflow/.local/lib/python3.8/site-packages/airflow/example_dags/example_skip_dag.py
[2026-06-03T12:33:50.791+0000] {processor.py:840} INFO - DAG(s) 'example_skip_dag' retrieved from /home/airflow/.local/lib/python3.8/site-packages/airflow/example_dags/example_skip_dag.py
[2026-06-03T12:33:50.814+0000] {logging_mixin.py:188} INFO - [2026-06-03T12:33:50.814+0000] {dag.py:3033} INFO - Sync 1 DAGs
[2026-06-03T12:33:50.829+0000] {logging_mixin.py:188} INFO - [2026-06-03T12:33:50.829+0000] {dag.py:3820} INFO - Setting next_dagrun for example_skip_dag to 2026-06-02T00:00:00+00:00, run_after=2026-06-03T00:00:00+00:00
[2026-06-03T12:33:50.841+0000] {processor.py:183} INFO - Processing /home/airflow/.local/lib/python3.8/site-packages/airflow/example_dags/example_skip_dag.py took 0.066 seconds
[2026-06-03T12:34:21.099+0000] {processor.py:161} INFO - Started process (PID=5066) to work on /home/airflow/.local/lib/python3.8/site-packages/airflow/example_dags/example_skip_dag.py
[2026-06-03T12:34:21.101+0000] {processor.py:830} INFO - Processing file /home/airflow/.local/lib/python3.8/site-packages/airflow/example_dags/example_skip_dag.py for tasks to queue
[2026-06-03T12:34:21.103+0000] {logging_mixin.py:188} INFO - [2026-06-03T12:34:21.103+0000] {dagbag.py:538} INFO - Filling up the DagBag from /home/airflow/.local/lib/python3.8/site-packages/airflow/example_dags/example_skip_dag.py
[2026-06-03T12:34:21.110+0000] {processor.py:840} INFO - DAG(s) 'example_skip_dag' retrieved from /home/airflow/.local/lib/python3.8/site-packages/airflow/example_dags/example_skip_dag.py
[2026-06-03T12:34:21.141+0000] {logging_mixin.py:188} INFO - [2026-06-03T12:34:21.141+0000] {dag.py:3033} INFO - Sync 1 DAGs
[2026-06-03T12:34:21.154+0000] {logging_mixin.py:188} INFO - [2026-06-03T12:34:21.153+0000] {dag.py:3820} INFO - Setting next_dagrun for example_skip_dag to 2026-06-02T00:00:00+00:00, run_after=2026-06-03T00:00:00+00:00
[2026-06-03T12:34:21.168+0000] {processor.py:183} INFO - Processing /home/airflow/.local/lib/python3.8/site-packages/airflow/example_dags/example_skip_dag.py took 0.073 seconds
[2026-06-03T12:34:51.572+0000] {processor.py:161} INFO - Started process (PID=5122) to work on /home/airflow/.local/lib/python3.8/site-packages/airflow/example_dags/example_skip_dag.py
[2026-06-03T12:34:51.578+0000] {processor.py:830} INFO - Processing file /home/airflow/.local/lib/python3.8/site-packages/airflow/example_dags/example_skip_dag.py for tasks to queue
[2026-06-03T12:34:51.582+0000] {logging_mixin.py:188} INFO - [2026-06-03T12:34:51.581+0000] {dagbag.py:538} INFO - Filling up the DagBag from /home/airflow/.local/lib/python3.8/site-packages/airflow/example_dags/example_skip_dag.py
[2026-06-03T12:34:51.587+0000] {processor.py:840} INFO - DAG(s) 'example_skip_dag' retrieved from /home/airflow/.local/lib/python3.8/site-packages/airflow/example_dags/example_skip_dag.py
[2026-06-03T12:34:51.607+0000] {logging_mixin.py:188} INFO - [2026-06-03T12:34:51.607+0000] {dag.py:3033} INFO - Sync 1 DAGs
[2026-06-03T12:34:51.620+0000] {logging_mixin.py:188} INFO - [2026-06-03T12:34:51.619+0000] {dag.py:3820} INFO - Setting next_dagrun for example_skip_dag to 2026-06-02T00:00:00+00:00, run_after=2026-06-03T00:00:00+00:00
[2026-06-03T12:34:51.635+0000] {processor.py:183} INFO - Processing /home/airflow/.local/lib/python3.8/site-packages/airflow/example_dags/example_skip_dag.py took 0.070 seconds
[2026-06-03T12:35:21.906+0000] {processor.py:161} INFO - Started process (PID=5178) to work on /home/airflow/.local/lib/python3.8/site-packages/airflow/example_dags/example_skip_dag.py
[2026-06-03T12:35:21.908+0000] {processor.py:830} INFO - Processing file /home/airflow/.local/lib/python3.8/site-packages/airflow/example_dags/example_skip_dag.py for tasks to queue
[2026-06-03T12:35:21.910+0000] {logging_mixin.py:188} INFO - [2026-06-03T12:35:21.910+0000] {dagbag.py:538} INFO - Filling up the DagBag from /home/airflow/.local/lib/python3.8/site-packages/airflow/example_dags/example_skip_dag.py
[2026-06-03T12:35:21.917+0000] {processor.py:840} INFO - DAG(s) 'example_skip_dag' retrieved from /home/airflow/.local/lib/python3.8/site-packages/airflow/example_dags/example_skip_dag.py
[2026-06-03T12:35:21.933+0000] {logging_mixin.py:188} INFO - [2026-06-03T12:35:21.933+0000] {dag.py:3033} INFO - Sync 1 DAGs
[2026-06-03T12:35:21.947+0000] {logging_mixin.py:188} INFO - [2026-06-03T12:35:21.947+0000] {dag.py:3820} INFO - Setting next_dagrun for example_skip_dag to 2026-06-02T00:00:00+00:00, run_after=2026-06-03T00:00:00+00:00
[2026-06-03T12:35:21.961+0000] {processor.py:183} INFO - Processing /home/airflow/.local/lib/python3.8/site-packages/airflow/example_dags/example_skip_dag.py took 0.059 seconds
[2026-06-03T12:35:52.092+0000] {processor.py:161} INFO - Started process (PID=5234) to work on /home/airflow/.local/lib/python3.8/site-packages/airflow/example_dags/example_skip_dag.py
[2026-06-03T12:35:52.093+0000] {processor.py:830} INFO - Processing file /home/airflow/.local/lib/python3.8/site-packages/airflow/example_dags/example_skip_dag.py for tasks to queue
[2026-06-03T12:35:52.095+0000] {logging_mixin.py:188} INFO - [2026-06-03T12:35:52.095+0000] {dagbag.py:538} INFO - Filling up the DagBag from /home/airflow/.local/lib/python3.8/site-packages/airflow/example_dags/example_skip_dag.py
[2026-06-03T12:35:52.101+0000] {processor.py:840} INFO - DAG(s) 'example_skip_dag' retrieved from /home/airflow/.local/lib/python3.8/site-packages/airflow/example_dags/example_skip_dag.py
[2026-06-03T12:35:52.119+0000] {logging_mixin.py:188} INFO - [2026-06-03T12:35:52.119+0000] {dag.py:3033} INFO - Sync 1 DAGs
[2026-06-03T12:35:52.137+0000] {logging_mixin.py:188} INFO - [2026-06-03T12:35:52.137+0000] {dag.py:3820} INFO - Setting next_dagrun for example_skip_dag to 2026-06-02T00:00:00+00:00, run_after=2026-06-03T00:00:00+00:00
[2026-06-03T12:35:52.156+0000] {processor.py:183} INFO - Processing /home/airflow/.local/lib/python3.8/site-packages/airflow/example_dags/example_skip_dag.py took 0.067 seconds
[2026-06-03T12:36:22.338+0000] {processor.py:161} INFO - Started process (PID=5296) to work on /home/airflow/.local/lib/python3.8/site-packages/airflow/example_dags/example_skip_dag.py
[2026-06-03T12:36:22.339+0000] {processor.py:830} INFO - Processing file /home/airflow/.local/lib/python3.8/site-packages/airflow/example_dags/example_skip_dag.py for tasks to queue
[2026-06-03T12:36:22.340+0000] {logging_mixin.py:188} INFO - [2026-06-03T12:36:22.340+0000] {dagbag.py:538} INFO - Filling up the DagBag from /home/airflow/.local/lib/python3.8/site-packages/airflow/example_dags/example_skip_dag.py
[2026-06-03T12:36:22.346+0000] {processor.py:840} INFO - DAG(s) 'example_skip_dag' retrieved from /home/airflow/.local/lib/python3.8/site-packages/airflow/example_dags/example_skip_dag.py
[2026-06-03T12:36:22.371+0000] {logging_mixin.py:188} INFO - [2026-06-03T12:36:22.371+0000] {dag.py:3033} INFO - Sync 1 DAGs
[2026-06-03T12:36:22.393+0000] {logging_mixin.py:188} INFO - [2026-06-03T12:36:22.393+0000] {dag.py:3820} INFO - Setting next_dagrun for example_skip_dag to 2026-06-02T00:00:00+00:00, run_after=2026-06-03T00:00:00+00:00
[2026-06-03T12:36:22.410+0000] {processor.py:183} INFO - Processing /home/airflow/.local/lib/python3.8/site-packages/airflow/example_dags/example_skip_dag.py took 0.075 seconds
[2026-06-03T12:36:52.641+0000] {processor.py:161} INFO - Started process (PID=5352) to work on /home/airflow/.local/lib/python3.8/site-packages/airflow/example_dags/example_skip_dag.py
[2026-06-03T12:36:52.643+0000] {processor.py:830} INFO - Processing file /home/airflow/.local/lib/python3.8/site-packages/airflow/example_dags/example_skip_dag.py for tasks to queue
[2026-06-03T12:36:52.645+0000] {logging_mixin.py:188} INFO - [2026-06-03T12:36:52.645+0000] {dagbag.py:538} INFO - Filling up the DagBag from /home/airflow/.local/lib/python3.8/site-packages/airflow/example_dags/example_skip_dag.py
[2026-06-03T12:36:52.650+0000] {processor.py:840} INFO - DAG(s) 'example_skip_dag' retrieved from /home/airflow/.local/lib/python3.8/site-packages/airflow/example_dags/example_skip_dag.py
[2026-06-03T12:36:52.669+0000] {logging_mixin.py:188} INFO - [2026-06-03T12:36:52.669+0000] {dag.py:3033} INFO - Sync 1 DAGs
[2026-06-03T12:36:52.684+0000] {logging_mixin.py:188} INFO - [2026-06-03T12:36:52.684+0000] {dag.py:3820} INFO - Setting next_dagrun for example_skip_dag to 2026-06-02T00:00:00+00:00, run_after=2026-06-03T00:00:00+00:00
[2026-06-03T12:36:52.692+0000] {processor.py:183} INFO - Processing /home/airflow/.local/lib/python3.8/site-packages/airflow/example_dags/example_skip_dag.py took 0.055 seconds
[2026-06-03T12:37:22.858+0000] {processor.py:161} INFO - Started process (PID=5408) to work on /home/airflow/.local/lib/python3.8/site-packages/airflow/example_dags/example_skip_dag.py
[2026-06-03T12:37:22.860+0000] {processor.py:830} INFO - Processing file /home/airflow/.local/lib/python3.8/site-packages/airflow/example_dags/example_skip_dag.py for tasks to queue
[2026-06-03T12:37:22.862+0000] {logging_mixin.py:188} INFO - [2026-06-03T12:37:22.862+0000] {dagbag.py:538} INFO - Filling up the DagBag from /home/airflow/.local/lib/python3.8/site-packages/airflow/example_dags/example_skip_dag.py
[2026-06-03T12:37:22.868+0000] {processor.py:840} INFO - DAG(s) 'example_skip_dag' retrieved from /home/airflow/.local/lib/python3.8/site-packages/airflow/example_dags/example_skip_dag.py
[2026-06-03T12:37:22.891+0000] {logging_mixin.py:188} INFO - [2026-06-03T12:37:22.891+0000] {dag.py:3033} INFO - Sync 1 DAGs
[2026-06-03T12:37:22.913+0000] {logging_mixin.py:188} INFO - [2026-06-03T12:37:22.913+0000] {dag.py:3820} INFO - Setting next_dagrun for example_skip_dag to 2026-06-02T00:00:00+00:00, run_after=2026-06-03T00:00:00+00:00
[2026-06-03T12:37:22.927+0000] {processor.py:183} INFO - Processing /home/airflow/.local/lib/python3.8/site-packages/airflow/example_dags/example_skip_dag.py took 0.073 seconds
[2026-06-03T12:37:53.269+0000] {processor.py:161} INFO - Started process (PID=5464) to work on /home/airflow/.local/lib/python3.8/site-packages/airflow/example_dags/example_skip_dag.py
[2026-06-03T12:37:53.272+0000] {processor.py:830} INFO - Processing file /home/airflow/.local/lib/python3.8/site-packages/airflow/example_dags/example_skip_dag.py for tasks to queue
[2026-06-03T12:37:53.274+0000] {logging_mixin.py:188} INFO - [2026-06-03T12:37:53.273+0000] {dagbag.py:538} INFO - Filling up the DagBag from /home/airflow/.local/lib/python3.8/site-packages/airflow/example_dags/example_skip_dag.py
[2026-06-03T12:37:53.279+0000] {processor.py:840} INFO - DAG(s) 'example_skip_dag' retrieved from /home/airflow/.local/lib/python3.8/site-packages/airflow/example_dags/example_skip_dag.py
[2026-06-03T12:37:53.295+0000] {logging_mixin.py:188} INFO - [2026-06-03T12:37:53.295+0000] {dag.py:3033} INFO - Sync 1 DAGs
[2026-06-03T12:37:53.316+0000] {logging_mixin.py:188} INFO - [2026-06-03T12:37:53.316+0000] {dag.py:3820} INFO - Setting next_dagrun for example_skip_dag to 2026-06-02T00:00:00+00:00, run_after=2026-06-03T00:00:00+00:00
[2026-06-03T12:37:53.332+0000] {processor.py:183} INFO - Processing /home/airflow/.local/lib/python3.8/site-packages/airflow/example_dags/example_skip_dag.py took 0.067 seconds
[2026-06-03T12:38:23.701+0000] {processor.py:161} INFO - Started process (PID=5520) to work on /home/airflow/.local/lib/python3.8/site-packages/airflow/example_dags/example_skip_dag.py
[2026-06-03T12:38:23.712+0000] {processor.py:830} INFO - Processing file /home/airflow/.local/lib/python3.8/site-packages/airflow/example_dags/example_skip_dag.py for tasks to queue
[2026-06-03T12:38:23.721+0000] {logging_mixin.py:188} INFO - [2026-06-03T12:38:23.721+0000] {dagbag.py:538} INFO - Filling up the DagBag from /home/airflow/.local/lib/python3.8/site-packages/airflow/example_dags/example_skip_dag.py
[2026-06-03T12:38:23.746+0000] {processor.py:840} INFO - DAG(s) 'example_skip_dag' retrieved from /home/airflow/.local/lib/python3.8/site-packages/airflow/example_dags/example_skip_dag.py
[2026-06-03T12:38:23.840+0000] {logging_mixin.py:188} INFO - [2026-06-03T12:38:23.840+0000] {dag.py:3033} INFO - Sync 1 DAGs
[2026-06-03T12:38:23.892+0000] {logging_mixin.py:188} INFO - [2026-06-03T12:38:23.892+0000] {dag.py:3820} INFO - Setting next_dagrun for example_skip_dag to 2026-06-02T00:00:00+00:00, run_after=2026-06-03T00:00:00+00:00
[2026-06-03T12:38:23.922+0000] {processor.py:183} INFO - Processing /home/airflow/.local/lib/python3.8/site-packages/airflow/example_dags/example_skip_dag.py took 0.232 seconds
[2026-06-03T12:38:54.396+0000] {processor.py:161} INFO - Started process (PID=5576) to work on /home/airflow/.local/lib/python3.8/site-packages/airflow/example_dags/example_skip_dag.py
[2026-06-03T12:38:54.398+0000] {processor.py:830} INFO - Processing file /home/airflow/.local/lib/python3.8/site-packages/airflow/example_dags/example_skip_dag.py for tasks to queue
[2026-06-03T12:38:54.402+0000] {logging_mixin.py:188} INFO - [2026-06-03T12:38:54.402+0000] {dagbag.py:538} INFO - Filling up the DagBag from /home/airflow/.local/lib/python3.8/site-packages/airflow/example_dags/example_skip_dag.py
[2026-06-03T12:38:54.415+0000] {processor.py:840} INFO - DAG(s) 'example_skip_dag' retrieved from /home/airflow/.local/lib/python3.8/site-packages/airflow/example_dags/example_skip_dag.py
[2026-06-03T12:38:54.482+0000] {logging_mixin.py:188} INFO - [2026-06-03T12:38:54.482+0000] {dag.py:3033} INFO - Sync 1 DAGs
[2026-06-03T12:38:54.506+0000] {logging_mixin.py:188} INFO - [2026-06-03T12:38:54.506+0000] {dag.py:3820} INFO - Setting next_dagrun for example_skip_dag to 2026-06-02T00:00:00+00:00, run_after=2026-06-03T00:00:00+00:00
[2026-06-03T12:38:54.523+0000] {processor.py:183} INFO - Processing /home/airflow/.local/lib/python3.8/site-packages/airflow/example_dags/example_skip_dag.py took 0.145 seconds
[2026-06-03T12:39:24.608+0000] {processor.py:161} INFO - Started process (PID=5632) to work on /home/airflow/.local/lib/python3.8/site-packages/airflow/example_dags/example_skip_dag.py
[2026-06-03T12:39:24.610+0000] {processor.py:830} INFO - Processing file /home/airflow/.local/lib/python3.8/site-packages/airflow/example_dags/example_skip_dag.py for tasks to queue
[2026-06-03T12:39:24.617+0000] {logging_mixin.py:188} INFO - [2026-06-03T12:39:24.616+0000] {dagbag.py:538} INFO - Filling up the DagBag from /home/airflow/.local/lib/python3.8/site-packages/airflow/example_dags/example_skip_dag.py
[2026-06-03T12:39:24.636+0000] {processor.py:840} INFO - DAG(s) 'example_skip_dag' retrieved from /home/airflow/.local/lib/python3.8/site-packages/airflow/example_dags/example_skip_dag.py
[2026-06-03T12:39:24.663+0000] {logging_mixin.py:188} INFO - [2026-06-03T12:39:24.663+0000] {dag.py:3033} INFO - Sync 1 DAGs
[2026-06-03T12:39:24.693+0000] {logging_mixin.py:188} INFO - [2026-06-03T12:39:24.693+0000] {dag.py:3820} INFO - Setting next_dagrun for example_skip_dag to 2026-06-02T00:00:00+00:00, run_after=2026-06-03T00:00:00+00:00
[2026-06-03T12:39:24.711+0000] {processor.py:183} INFO - Processing /home/airflow/.local/lib/python3.8/site-packages/airflow/example_dags/example_skip_dag.py took 0.110 seconds
[2026-06-03T12:39:55.046+0000] {processor.py:161} INFO - Started process (PID=5688) to work on /home/airflow/.local/lib/python3.8/site-packages/airflow/example_dags/example_skip_dag.py
[2026-06-03T12:39:55.050+0000] {processor.py:830} INFO - Processing file /home/airflow/.local/lib/python3.8/site-packages/airflow/example_dags/example_skip_dag.py for tasks to queue
[2026-06-03T12:39:55.056+0000] {logging_mixin.py:188} INFO - [2026-06-03T12:39:55.055+0000] {dagbag.py:538} INFO - Filling up the DagBag from /home/airflow/.local/lib/python3.8/site-packages/airflow/example_dags/example_skip_dag.py
[2026-06-03T12:39:55.066+0000] {processor.py:840} INFO - DAG(s) 'example_skip_dag' retrieved from /home/airflow/.local/lib/python3.8/site-packages/airflow/example_dags/example_skip_dag.py
[2026-06-03T12:39:55.105+0000] {logging_mixin.py:188} INFO - [2026-06-03T12:39:55.105+0000] {dag.py:3033} INFO - Sync 1 DAGs
[2026-06-03T12:39:55.127+0000] {logging_mixin.py:188} INFO - [2026-06-03T12:39:55.127+0000] {dag.py:3820} INFO - Setting next_dagrun for example_skip_dag to 2026-06-02T00:00:00+00:00, run_after=2026-06-03T00:00:00+00:00
[2026-06-03T12:39:55.141+0000] {processor.py:183} INFO - Processing /home/airflow/.local/lib/python3.8/site-packages/airflow/example_dags/example_skip_dag.py took 0.119 seconds
[2026-06-03T12:40:25.210+0000] {processor.py:161} INFO - Started process (PID=5744) to work on /home/airflow/.local/lib/python3.8/site-packages/airflow/example_dags/example_skip_dag.py
[2026-06-03T12:40:25.212+0000] {processor.py:830} INFO - Processing file /home/airflow/.local/lib/python3.8/site-packages/airflow/example_dags/example_skip_dag.py for tasks to queue
[2026-06-03T12:40:25.215+0000] {logging_mixin.py:188} INFO - [2026-06-03T12:40:25.215+0000] {dagbag.py:538} INFO - Filling up the DagBag from /home/airflow/.local/lib/python3.8/site-packages/airflow/example_dags/example_skip_dag.py
[2026-06-03T12:40:25.223+0000] {processor.py:840} INFO - DAG(s) 'example_skip_dag' retrieved from /home/airflow/.local/lib/python3.8/site-packages/airflow/example_dags/example_skip_dag.py
[2026-06-03T12:40:25.246+0000] {logging_mixin.py:188} INFO - [2026-06-03T12:40:25.246+0000] {dag.py:3033} INFO - Sync 1 DAGs
[2026-06-03T12:40:25.264+0000] {logging_mixin.py:188} INFO - [2026-06-03T12:40:25.264+0000] {dag.py:3820} INFO - Setting next_dagrun for example_skip_dag to 2026-06-02T00:00:00+00:00, run_after=2026-06-03T00:00:00+00:00
[2026-06-03T12:40:25.275+0000] {processor.py:183} INFO - Processing /home/airflow/.local/lib/python3.8/site-packages/airflow/example_dags/example_skip_dag.py took 0.073 seconds
[2026-06-03T12:40:55.628+0000] {processor.py:161} INFO - Started process (PID=5800) to work on /home/airflow/.local/lib/python3.8/site-packages/airflow/example_dags/example_skip_dag.py
[2026-06-03T12:40:55.638+0000] {processor.py:830} INFO - Processing file /home/airflow/.local/lib/python3.8/site-packages/airflow/example_dags/example_skip_dag.py for tasks to queue
[2026-06-03T12:40:55.649+0000] {logging_mixin.py:188} INFO - [2026-06-03T12:40:55.649+0000] {dagbag.py:538} INFO - Filling up the DagBag from /home/airflow/.local/lib/python3.8/site-packages/airflow/example_dags/example_skip_dag.py
[2026-06-03T12:40:55.663+0000] {processor.py:840} INFO - DAG(s) 'example_skip_dag' retrieved from /home/airflow/.local/lib/python3.8/site-packages/airflow/example_dags/example_skip_dag.py
[2026-06-03T12:40:55.721+0000] {logging_mixin.py:188} INFO - [2026-06-03T12:40:55.721+0000] {dag.py:3033} INFO - Sync 1 DAGs
[2026-06-03T12:40:55.752+0000] {logging_mixin.py:188} INFO - [2026-06-03T12:40:55.752+0000] {dag.py:3820} INFO - Setting next_dagrun for example_skip_dag to 2026-06-02T00:00:00+00:00, run_after=2026-06-03T00:00:00+00:00
[2026-06-03T12:40:55.778+0000] {processor.py:183} INFO - Processing /home/airflow/.local/lib/python3.8/site-packages/airflow/example_dags/example_skip_dag.py took 0.168 seconds
[2026-06-03T12:41:25.933+0000] {processor.py:161} INFO - Started process (PID=5856) to work on /home/airflow/.local/lib/python3.8/site-packages/airflow/example_dags/example_skip_dag.py
[2026-06-03T12:41:25.939+0000] {processor.py:830} INFO - Processing file /home/airflow/.local/lib/python3.8/site-packages/airflow/example_dags/example_skip_dag.py for tasks to queue
[2026-06-03T12:41:25.947+0000] {logging_mixin.py:188} INFO - [2026-06-03T12:41:25.946+0000] {dagbag.py:538} INFO - Filling up the DagBag from /home/airflow/.local/lib/python3.8/site-packages/airflow/example_dags/example_skip_dag.py
[2026-06-03T12:41:25.958+0000] {processor.py:840} INFO - DAG(s) 'example_skip_dag' retrieved from /home/airflow/.local/lib/python3.8/site-packages/airflow/example_dags/example_skip_dag.py
[2026-06-03T12:41:26.007+0000] {logging_mixin.py:188} INFO - [2026-06-03T12:41:26.007+0000] {dag.py:3033} INFO - Sync 1 DAGs
[2026-06-03T12:41:26.032+0000] {logging_mixin.py:188} INFO - [2026-06-03T12:41:26.032+0000] {dag.py:3820} INFO - Setting next_dagrun for example_skip_dag to 2026-06-02T00:00:00+00:00, run_after=2026-06-03T00:00:00+00:00
[2026-06-03T12:41:26.046+0000] {processor.py:183} INFO - Processing /home/airflow/.local/lib/python3.8/site-packages/airflow/example_dags/example_skip_dag.py took 0.136 seconds
[2026-06-03T12:41:56.739+0000] {processor.py:161} INFO - Started process (PID=5913) to work on /home/airflow/.local/lib/python3.8/site-packages/airflow/example_dags/example_skip_dag.py
[2026-06-03T12:41:56.740+0000] {processor.py:830} INFO - Processing file /home/airflow/.local/lib/python3.8/site-packages/airflow/example_dags/example_skip_dag.py for tasks to queue
[2026-06-03T12:41:56.745+0000] {logging_mixin.py:188} INFO - [2026-06-03T12:41:56.745+0000] {dagbag.py:538} INFO - Filling up the DagBag from /home/airflow/.local/lib/python3.8/site-packages/airflow/example_dags/example_skip_dag.py
[2026-06-03T12:41:56.758+0000] {processor.py:840} INFO - DAG(s) 'example_skip_dag' retrieved from /home/airflow/.local/lib/python3.8/site-packages/airflow/example_dags/example_skip_dag.py
[2026-06-03T12:41:56.782+0000] {logging_mixin.py:188} INFO - [2026-06-03T12:41:56.782+0000] {dag.py:3033} INFO - Sync 1 DAGs
[2026-06-03T12:41:56.811+0000] {logging_mixin.py:188} INFO - [2026-06-03T12:41:56.811+0000] {dag.py:3820} INFO - Setting next_dagrun for example_skip_dag to 2026-06-02T00:00:00+00:00, run_after=2026-06-03T00:00:00+00:00
[2026-06-03T12:41:56.830+0000] {processor.py:183} INFO - Processing /home/airflow/.local/lib/python3.8/site-packages/airflow/example_dags/example_skip_dag.py took 0.096 seconds
[2026-06-03T12:42:27.541+0000] {processor.py:161} INFO - Started process (PID=5969) to work on /home/airflow/.local/lib/python3.8/site-packages/airflow/example_dags/example_skip_dag.py
[2026-06-03T12:42:27.542+0000] {processor.py:830} INFO - Processing file /home/airflow/.local/lib/python3.8/site-packages/airflow/example_dags/example_skip_dag.py for tasks to queue
[2026-06-03T12:42:27.548+0000] {logging_mixin.py:188} INFO - [2026-06-03T12:42:27.547+0000] {dagbag.py:538} INFO - Filling up the DagBag from /home/airflow/.local/lib/python3.8/site-packages/airflow/example_dags/example_skip_dag.py
[2026-06-03T12:42:27.576+0000] {processor.py:840} INFO - DAG(s) 'example_skip_dag' retrieved from /home/airflow/.local/lib/python3.8/site-packages/airflow/example_dags/example_skip_dag.py
[2026-06-03T12:42:27.644+0000] {logging_mixin.py:188} INFO - [2026-06-03T12:42:27.644+0000] {dag.py:3033} INFO - Sync 1 DAGs
[2026-06-03T12:42:27.675+0000] {logging_mixin.py:188} INFO - [2026-06-03T12:42:27.675+0000] {dag.py:3820} INFO - Setting next_dagrun for example_skip_dag to 2026-06-02T00:00:00+00:00, run_after=2026-06-03T00:00:00+00:00
[2026-06-03T12:42:27.719+0000] {processor.py:183} INFO - Processing /home/airflow/.local/lib/python3.8/site-packages/airflow/example_dags/example_skip_dag.py took 0.184 seconds
[2026-06-03T12:42:58.055+0000] {processor.py:161} INFO - Started process (PID=6025) to work on /home/airflow/.local/lib/python3.8/site-packages/airflow/example_dags/example_skip_dag.py
[2026-06-03T12:42:58.057+0000] {processor.py:830} INFO - Processing file /home/airflow/.local/lib/python3.8/site-packages/airflow/example_dags/example_skip_dag.py for tasks to queue
[2026-06-03T12:42:58.065+0000] {logging_mixin.py:188} INFO - [2026-06-03T12:42:58.064+0000] {dagbag.py:538} INFO - Filling up the DagBag from /home/airflow/.local/lib/python3.8/site-packages/airflow/example_dags/example_skip_dag.py
[2026-06-03T12:42:58.106+0000] {processor.py:840} INFO - DAG(s) 'example_skip_dag' retrieved from /home/airflow/.local/lib/python3.8/site-packages/airflow/example_dags/example_skip_dag.py
[2026-06-03T12:42:58.197+0000] {logging_mixin.py:188} INFO - [2026-06-03T12:42:58.197+0000] {dag.py:3033} INFO - Sync 1 DAGs
[2026-06-03T12:42:58.246+0000] {logging_mixin.py:188} INFO - [2026-06-03T12:42:58.246+0000] {dag.py:3820} INFO - Setting next_dagrun for example_skip_dag to 2026-06-02T00:00:00+00:00, run_after=2026-06-03T00:00:00+00:00
[2026-06-03T12:42:58.278+0000] {processor.py:183} INFO - Processing /home/airflow/.local/lib/python3.8/site-packages/airflow/example_dags/example_skip_dag.py took 0.232 seconds
[2026-06-03T12:43:29.228+0000] {processor.py:161} INFO - Started process (PID=6081) to work on /home/airflow/.local/lib/python3.8/site-packages/airflow/example_dags/example_skip_dag.py
[2026-06-03T12:43:29.231+0000] {processor.py:830} INFO - Processing file /home/airflow/.local/lib/python3.8/site-packages/airflow/example_dags/example_skip_dag.py for tasks to queue
[2026-06-03T12:43:29.246+0000] {logging_mixin.py:188} INFO - [2026-06-03T12:43:29.242+0000] {dagbag.py:538} INFO - Filling up the DagBag from /home/airflow/.local/lib/python3.8/site-packages/airflow/example_dags/example_skip_dag.py
[2026-06-03T12:43:29.274+0000] {processor.py:840} INFO - DAG(s) 'example_skip_dag' retrieved from /home/airflow/.local/lib/python3.8/site-packages/airflow/example_dags/example_skip_dag.py
[2026-06-03T12:43:29.350+0000] {logging_mixin.py:188} INFO - [2026-06-03T12:43:29.349+0000] {dag.py:3033} INFO - Sync 1 DAGs
[2026-06-03T12:43:29.379+0000] {logging_mixin.py:188} INFO - [2026-06-03T12:43:29.378+0000] {dag.py:3820} INFO - Setting next_dagrun for example_skip_dag to 2026-06-02T00:00:00+00:00, run_after=2026-06-03T00:00:00+00:00
[2026-06-03T12:43:29.394+0000] {processor.py:183} INFO - Processing /home/airflow/.local/lib/python3.8/site-packages/airflow/example_dags/example_skip_dag.py took 0.173 seconds
[2026-06-03T12:43:59.542+0000] {processor.py:161} INFO - Started process (PID=6138) to work on /home/airflow/.local/lib/python3.8/site-packages/airflow/example_dags/example_skip_dag.py
[2026-06-03T12:43:59.544+0000] {processor.py:830} INFO - Processing file /home/airflow/.local/lib/python3.8/site-packages/airflow/example_dags/example_skip_dag.py for tasks to queue
[2026-06-03T12:43:59.549+0000] {logging_mixin.py:188} INFO - [2026-06-03T12:43:59.548+0000] {dagbag.py:538} INFO - Filling up the DagBag from /home/airflow/.local/lib/python3.8/site-packages/airflow/example_dags/example_skip_dag.py
[2026-06-03T12:43:59.585+0000] {processor.py:840} INFO - DAG(s) 'example_skip_dag' retrieved from /home/airflow/.local/lib/python3.8/site-packages/airflow/example_dags/example_skip_dag.py
[2026-06-03T12:43:59.633+0000] {logging_mixin.py:188} INFO - [2026-06-03T12:43:59.633+0000] {dag.py:3033} INFO - Sync 1 DAGs
[2026-06-03T12:43:59.681+0000] {logging_mixin.py:188} INFO - [2026-06-03T12:43:59.681+0000] {dag.py:3820} INFO - Setting next_dagrun for example_skip_dag to 2026-06-02T00:00:00+00:00, run_after=2026-06-03T00:00:00+00:00
[2026-06-03T12:43:59.699+0000] {processor.py:183} INFO - Processing /home/airflow/.local/lib/python3.8/site-packages/airflow/example_dags/example_skip_dag.py took 0.163 seconds
[2026-06-03T12:44:30.244+0000] {processor.py:161} INFO - Started process (PID=6200) to work on /home/airflow/.local/lib/python3.8/site-packages/airflow/example_dags/example_skip_dag.py
[2026-06-03T12:44:30.245+0000] {processor.py:830} INFO - Processing file /home/airflow/.local/lib/python3.8/site-packages/airflow/example_dags/example_skip_dag.py for tasks to queue
[2026-06-03T12:44:30.250+0000] {logging_mixin.py:188} INFO - [2026-06-03T12:44:30.249+0000] {dagbag.py:538} INFO - Filling up the DagBag from /home/airflow/.local/lib/python3.8/site-packages/airflow/example_dags/example_skip_dag.py
[2026-06-03T12:44:30.263+0000] {processor.py:840} INFO - DAG(s) 'example_skip_dag' retrieved from /home/airflow/.local/lib/python3.8/site-packages/airflow/example_dags/example_skip_dag.py
[2026-06-03T12:44:30.303+0000] {logging_mixin.py:188} INFO - [2026-06-03T12:44:30.303+0000] {dag.py:3033} INFO - Sync 1 DAGs
[2026-06-03T12:44:30.332+0000] {logging_mixin.py:188} INFO - [2026-06-03T12:44:30.332+0000] {dag.py:3820} INFO - Setting next_dagrun for example_skip_dag to 2026-06-02T00:00:00+00:00, run_after=2026-06-03T00:00:00+00:00
[2026-06-03T12:44:30.349+0000] {processor.py:183} INFO - Processing /home/airflow/.local/lib/python3.8/site-packages/airflow/example_dags/example_skip_dag.py took 0.126 seconds
[2026-06-03T12:45:00.650+0000] {processor.py:161} INFO - Started process (PID=6269) to work on /home/airflow/.local/lib/python3.8/site-packages/airflow/example_dags/example_skip_dag.py
[2026-06-03T12:45:00.651+0000] {processor.py:830} INFO - Processing file /home/airflow/.local/lib/python3.8/site-packages/airflow/example_dags/example_skip_dag.py for tasks to queue
[2026-06-03T12:45:00.656+0000] {logging_mixin.py:188} INFO - [2026-06-03T12:45:00.655+0000] {dagbag.py:538} INFO - Filling up the DagBag from /home/airflow/.local/lib/python3.8/site-packages/airflow/example_dags/example_skip_dag.py
[2026-06-03T12:45:00.679+0000] {processor.py:840} INFO - DAG(s) 'example_skip_dag' retrieved from /home/airflow/.local/lib/python3.8/site-packages/airflow/example_dags/example_skip_dag.py
[2026-06-03T12:45:00.716+0000] {logging_mixin.py:188} INFO - [2026-06-03T12:45:00.716+0000] {dag.py:3033} INFO - Sync 1 DAGs
[2026-06-03T12:45:00.771+0000] {logging_mixin.py:188} INFO - [2026-06-03T12:45:00.771+0000] {dag.py:3820} INFO - Setting next_dagrun for example_skip_dag to 2026-06-02T00:00:00+00:00, run_after=2026-06-03T00:00:00+00:00
[2026-06-03T12:45:00.783+0000] {processor.py:183} INFO - Processing /home/airflow/.local/lib/python3.8/site-packages/airflow/example_dags/example_skip_dag.py took 0.137 seconds
[2026-06-03T12:45:30.879+0000] {processor.py:161} INFO - Started process (PID=6331) to work on /home/airflow/.local/lib/python3.8/site-packages/airflow/example_dags/example_skip_dag.py
[2026-06-03T12:45:30.884+0000] {processor.py:830} INFO - Processing file /home/airflow/.local/lib/python3.8/site-packages/airflow/example_dags/example_skip_dag.py for tasks to queue
[2026-06-03T12:45:30.889+0000] {logging_mixin.py:188} INFO - [2026-06-03T12:45:30.888+0000] {dagbag.py:538} INFO - Filling up the DagBag from /home/airflow/.local/lib/python3.8/site-packages/airflow/example_dags/example_skip_dag.py
[2026-06-03T12:45:30.899+0000] {processor.py:840} INFO - DAG(s) 'example_skip_dag' retrieved from /home/airflow/.local/lib/python3.8/site-packages/airflow/example_dags/example_skip_dag.py
[2026-06-03T12:45:30.938+0000] {logging_mixin.py:188} INFO - [2026-06-03T12:45:30.938+0000] {dag.py:3033} INFO - Sync 1 DAGs
[2026-06-03T12:45:30.956+0000] {logging_mixin.py:188} INFO - [2026-06-03T12:45:30.956+0000] {dag.py:3820} INFO - Setting next_dagrun for example_skip_dag to 2026-06-02T00:00:00+00:00, run_after=2026-06-03T00:00:00+00:00
[2026-06-03T12:45:30.974+0000] {processor.py:183} INFO - Processing /home/airflow/.local/lib/python3.8/site-packages/airflow/example_dags/example_skip_dag.py took 0.113 seconds
[2026-06-03T12:46:01.576+0000] {processor.py:161} INFO - Started process (PID=6386) to work on /home/airflow/.local/lib/python3.8/site-packages/airflow/example_dags/example_skip_dag.py
[2026-06-03T12:46:01.578+0000] {processor.py:830} INFO - Processing file /home/airflow/.local/lib/python3.8/site-packages/airflow/example_dags/example_skip_dag.py for tasks to queue
[2026-06-03T12:46:01.583+0000] {logging_mixin.py:188} INFO - [2026-06-03T12:46:01.582+0000] {dagbag.py:538} INFO - Filling up the DagBag from /home/airflow/.local/lib/python3.8/site-packages/airflow/example_dags/example_skip_dag.py
[2026-06-03T12:46:01.595+0000] {processor.py:840} INFO - DAG(s) 'example_skip_dag' retrieved from /home/airflow/.local/lib/python3.8/site-packages/airflow/example_dags/example_skip_dag.py
[2026-06-03T12:46:01.642+0000] {logging_mixin.py:188} INFO - [2026-06-03T12:46:01.642+0000] {dag.py:3033} INFO - Sync 1 DAGs
[2026-06-03T12:46:01.670+0000] {logging_mixin.py:188} INFO - [2026-06-03T12:46:01.670+0000] {dag.py:3820} INFO - Setting next_dagrun for example_skip_dag to 2026-06-02T00:00:00+00:00, run_after=2026-06-03T00:00:00+00:00
[2026-06-03T12:46:01.684+0000] {processor.py:183} INFO - Processing /home/airflow/.local/lib/python3.8/site-packages/airflow/example_dags/example_skip_dag.py took 0.130 seconds
[2026-06-03T12:46:32.395+0000] {processor.py:161} INFO - Started process (PID=6442) to work on /home/airflow/.local/lib/python3.8/site-packages/airflow/example_dags/example_skip_dag.py
[2026-06-03T12:46:32.397+0000] {processor.py:830} INFO - Processing file /home/airflow/.local/lib/python3.8/site-packages/airflow/example_dags/example_skip_dag.py for tasks to queue
[2026-06-03T12:46:32.401+0000] {logging_mixin.py:188} INFO - [2026-06-03T12:46:32.401+0000] {dagbag.py:538} INFO - Filling up the DagBag from /home/airflow/.local/lib/python3.8/site-packages/airflow/example_dags/example_skip_dag.py
[2026-06-03T12:46:32.410+0000] {processor.py:840} INFO - DAG(s) 'example_skip_dag' retrieved from /home/airflow/.local/lib/python3.8/site-packages/airflow/example_dags/example_skip_dag.py
[2026-06-03T12:46:32.458+0000] {logging_mixin.py:188} INFO - [2026-06-03T12:46:32.457+0000] {dag.py:3033} INFO - Sync 1 DAGs
[2026-06-03T12:46:32.477+0000] {logging_mixin.py:188} INFO - [2026-06-03T12:46:32.476+0000] {dag.py:3820} INFO - Setting next_dagrun for example_skip_dag to 2026-06-02T00:00:00+00:00, run_after=2026-06-03T00:00:00+00:00
[2026-06-03T12:46:32.494+0000] {processor.py:183} INFO - Processing /home/airflow/.local/lib/python3.8/site-packages/airflow/example_dags/example_skip_dag.py took 0.109 seconds
[2026-06-03T12:47:02.799+0000] {processor.py:161} INFO - Started process (PID=6498) to work on /home/airflow/.local/lib/python3.8/site-packages/airflow/example_dags/example_skip_dag.py
[2026-06-03T12:47:02.803+0000] {processor.py:830} INFO - Processing file /home/airflow/.local/lib/python3.8/site-packages/airflow/example_dags/example_skip_dag.py for tasks to queue
[2026-06-03T12:47:02.812+0000] {logging_mixin.py:188} INFO - [2026-06-03T12:47:02.812+0000] {dagbag.py:538} INFO - Filling up the DagBag from /home/airflow/.local/lib/python3.8/site-packages/airflow/example_dags/example_skip_dag.py
[2026-06-03T12:47:02.837+0000] {processor.py:840} INFO - DAG(s) 'example_skip_dag' retrieved from /home/airflow/.local/lib/python3.8/site-packages/airflow/example_dags/example_skip_dag.py
[2026-06-03T12:47:02.883+0000] {logging_mixin.py:188} INFO - [2026-06-03T12:47:02.883+0000] {dag.py:3033} INFO - Sync 1 DAGs
[2026-06-03T12:47:02.912+0000] {logging_mixin.py:188} INFO - [2026-06-03T12:47:02.912+0000] {dag.py:3820} INFO - Setting next_dagrun for example_skip_dag to 2026-06-02T00:00:00+00:00, run_after=2026-06-03T00:00:00+00:00
[2026-06-03T12:47:02.931+0000] {processor.py:183} INFO - Processing /home/airflow/.local/lib/python3.8/site-packages/airflow/example_dags/example_skip_dag.py took 0.139 seconds
[2026-06-03T12:47:33.851+0000] {processor.py:161} INFO - Started process (PID=6554) to work on /home/airflow/.local/lib/python3.8/site-packages/airflow/example_dags/example_skip_dag.py
[2026-06-03T12:47:33.855+0000] {processor.py:830} INFO - Processing file /home/airflow/.local/lib/python3.8/site-packages/airflow/example_dags/example_skip_dag.py for tasks to queue
[2026-06-03T12:47:33.863+0000] {logging_mixin.py:188} INFO - [2026-06-03T12:47:33.862+0000] {dagbag.py:538} INFO - Filling up the DagBag from /home/airflow/.local/lib/python3.8/site-packages/airflow/example_dags/example_skip_dag.py
[2026-06-03T12:47:33.891+0000] {processor.py:840} INFO - DAG(s) 'example_skip_dag' retrieved from /home/airflow/.local/lib/python3.8/site-packages/airflow/example_dags/example_skip_dag.py
[2026-06-03T12:47:33.941+0000] {logging_mixin.py:188} INFO - [2026-06-03T12:47:33.940+0000] {dag.py:3033} INFO - Sync 1 DAGs
[2026-06-03T12:47:33.967+0000] {logging_mixin.py:188} INFO - [2026-06-03T12:47:33.967+0000] {dag.py:3820} INFO - Setting next_dagrun for example_skip_dag to 2026-06-02T00:00:00+00:00, run_after=2026-06-03T00:00:00+00:00
[2026-06-03T12:47:34.009+0000] {processor.py:183} INFO - Processing /home/airflow/.local/lib/python3.8/site-packages/airflow/example_dags/example_skip_dag.py took 0.177 seconds
[2026-06-03T12:48:04.397+0000] {processor.py:161} INFO - Started process (PID=6610) to work on /home/airflow/.local/lib/python3.8/site-packages/airflow/example_dags/example_skip_dag.py
[2026-06-03T12:48:04.400+0000] {processor.py:830} INFO - Processing file /home/airflow/.local/lib/python3.8/site-packages/airflow/example_dags/example_skip_dag.py for tasks to queue
[2026-06-03T12:48:04.418+0000] {logging_mixin.py:188} INFO - [2026-06-03T12:48:04.417+0000] {dagbag.py:538} INFO - Filling up the DagBag from /home/airflow/.local/lib/python3.8/site-packages/airflow/example_dags/example_skip_dag.py
[2026-06-03T12:48:04.434+0000] {processor.py:840} INFO - DAG(s) 'example_skip_dag' retrieved from /home/airflow/.local/lib/python3.8/site-packages/airflow/example_dags/example_skip_dag.py
[2026-06-03T12:48:04.498+0000] {logging_mixin.py:188} INFO - [2026-06-03T12:48:04.498+0000] {dag.py:3033} INFO - Sync 1 DAGs
[2026-06-03T12:48:04.535+0000] {logging_mixin.py:188} INFO - [2026-06-03T12:48:04.535+0000] {dag.py:3820} INFO - Setting next_dagrun for example_skip_dag to 2026-06-02T00:00:00+00:00, run_after=2026-06-03T00:00:00+00:00
[2026-06-03T12:48:04.581+0000] {processor.py:183} INFO - Processing /home/airflow/.local/lib/python3.8/site-packages/airflow/example_dags/example_skip_dag.py took 0.210 seconds
[2026-06-03T12:48:35.600+0000] {processor.py:161} INFO - Started process (PID=6666) to work on /home/airflow/.local/lib/python3.8/site-packages/airflow/example_dags/example_skip_dag.py
[2026-06-03T12:48:35.602+0000] {processor.py:830} INFO - Processing file /home/airflow/.local/lib/python3.8/site-packages/airflow/example_dags/example_skip_dag.py for tasks to queue
[2026-06-03T12:48:35.609+0000] {logging_mixin.py:188} INFO - [2026-06-03T12:48:35.608+0000] {dagbag.py:538} INFO - Filling up the DagBag from /home/airflow/.local/lib/python3.8/site-packages/airflow/example_dags/example_skip_dag.py
[2026-06-03T12:48:35.632+0000] {processor.py:840} INFO - DAG(s) 'example_skip_dag' retrieved from /home/airflow/.local/lib/python3.8/site-packages/airflow/example_dags/example_skip_dag.py
[2026-06-03T12:48:35.666+0000] {logging_mixin.py:188} INFO - [2026-06-03T12:48:35.666+0000] {dag.py:3033} INFO - Sync 1 DAGs
[2026-06-03T12:48:35.710+0000] {logging_mixin.py:188} INFO - [2026-06-03T12:48:35.710+0000] {dag.py:3820} INFO - Setting next_dagrun for example_skip_dag to 2026-06-02T00:00:00+00:00, run_after=2026-06-03T00:00:00+00:00
[2026-06-03T12:48:35.721+0000] {processor.py:183} INFO - Processing /home/airflow/.local/lib/python3.8/site-packages/airflow/example_dags/example_skip_dag.py took 0.130 seconds
[2026-06-03T12:49:06.462+0000] {processor.py:161} INFO - Started process (PID=6722) to work on /home/airflow/.local/lib/python3.8/site-packages/airflow/example_dags/example_skip_dag.py
[2026-06-03T12:49:06.464+0000] {processor.py:830} INFO - Processing file /home/airflow/.local/lib/python3.8/site-packages/airflow/example_dags/example_skip_dag.py for tasks to queue
[2026-06-03T12:49:06.469+0000] {logging_mixin.py:188} INFO - [2026-06-03T12:49:06.469+0000] {dagbag.py:538} INFO - Filling up the DagBag from /home/airflow/.local/lib/python3.8/site-packages/airflow/example_dags/example_skip_dag.py
[2026-06-03T12:49:06.497+0000] {processor.py:840} INFO - DAG(s) 'example_skip_dag' retrieved from /home/airflow/.local/lib/python3.8/site-packages/airflow/example_dags/example_skip_dag.py
[2026-06-03T12:49:06.548+0000] {logging_mixin.py:188} INFO - [2026-06-03T12:49:06.548+0000] {dag.py:3033} INFO - Sync 1 DAGs
[2026-06-03T12:49:06.571+0000] {logging_mixin.py:188} INFO - [2026-06-03T12:49:06.571+0000] {dag.py:3820} INFO - Setting next_dagrun for example_skip_dag to 2026-06-02T00:00:00+00:00, run_after=2026-06-03T00:00:00+00:00
[2026-06-03T12:49:06.605+0000] {processor.py:183} INFO - Processing /home/airflow/.local/lib/python3.8/site-packages/airflow/example_dags/example_skip_dag.py took 0.152 seconds
[2026-06-03T12:49:36.678+0000] {processor.py:161} INFO - Started process (PID=6778) to work on /home/airflow/.local/lib/python3.8/site-packages/airflow/example_dags/example_skip_dag.py
[2026-06-03T12:49:36.682+0000] {processor.py:830} INFO - Processing file /home/airflow/.local/lib/python3.8/site-packages/airflow/example_dags/example_skip_dag.py for tasks to queue
[2026-06-03T12:49:36.691+0000] {logging_mixin.py:188} INFO - [2026-06-03T12:49:36.690+0000] {dagbag.py:538} INFO - Filling up the DagBag from /home/airflow/.local/lib/python3.8/site-packages/airflow/example_dags/example_skip_dag.py
[2026-06-03T12:49:36.704+0000] {processor.py:840} INFO - DAG(s) 'example_skip_dag' retrieved from /home/airflow/.local/lib/python3.8/site-packages/airflow/example_dags/example_skip_dag.py
[2026-06-03T12:49:36.763+0000] {logging_mixin.py:188} INFO - [2026-06-03T12:49:36.763+0000] {dag.py:3033} INFO - Sync 1 DAGs
[2026-06-03T12:49:36.793+0000] {logging_mixin.py:188} INFO - [2026-06-03T12:49:36.793+0000] {dag.py:3820} INFO - Setting next_dagrun for example_skip_dag to 2026-06-02T00:00:00+00:00, run_after=2026-06-03T00:00:00+00:00
[2026-06-03T12:49:36.813+0000] {processor.py:183} INFO - Processing /home/airflow/.local/lib/python3.8/site-packages/airflow/example_dags/example_skip_dag.py took 0.150 seconds
[2026-06-03T12:50:07.014+0000] {processor.py:161} INFO - Started process (PID=6834) to work on /home/airflow/.local/lib/python3.8/site-packages/airflow/example_dags/example_skip_dag.py
[2026-06-03T12:50:07.016+0000] {processor.py:830} INFO - Processing file /home/airflow/.local/lib/python3.8/site-packages/airflow/example_dags/example_skip_dag.py for tasks to queue
[2026-06-03T12:50:07.022+0000] {logging_mixin.py:188} INFO - [2026-06-03T12:50:07.022+0000] {dagbag.py:538} INFO - Filling up the DagBag from /home/airflow/.local/lib/python3.8/site-packages/airflow/example_dags/example_skip_dag.py
[2026-06-03T12:50:07.038+0000] {processor.py:840} INFO - DAG(s) 'example_skip_dag' retrieved from /home/airflow/.local/lib/python3.8/site-packages/airflow/example_dags/example_skip_dag.py
[2026-06-03T12:50:07.083+0000] {logging_mixin.py:188} INFO - [2026-06-03T12:50:07.082+0000] {dag.py:3033} INFO - Sync 1 DAGs
[2026-06-03T12:50:07.103+0000] {logging_mixin.py:188} INFO - [2026-06-03T12:50:07.103+0000] {dag.py:3820} INFO - Setting next_dagrun for example_skip_dag to 2026-06-02T00:00:00+00:00, run_after=2026-06-03T00:00:00+00:00
[2026-06-03T12:50:07.129+0000] {processor.py:183} INFO - Processing /home/airflow/.local/lib/python3.8/site-packages/airflow/example_dags/example_skip_dag.py took 0.124 seconds
[2026-06-03T12:50:58.045+0000] {processor.py:161} INFO - Started process (PID=49) to work on /home/airflow/.local/lib/python3.8/site-packages/airflow/example_dags/example_skip_dag.py
[2026-06-03T12:50:58.050+0000] {processor.py:830} INFO - Processing file /home/airflow/.local/lib/python3.8/site-packages/airflow/example_dags/example_skip_dag.py for tasks to queue
[2026-06-03T12:50:58.060+0000] {logging_mixin.py:188} INFO - [2026-06-03T12:50:58.059+0000] {dagbag.py:538} INFO - Filling up the DagBag from /home/airflow/.local/lib/python3.8/site-packages/airflow/example_dags/example_skip_dag.py
[2026-06-03T12:50:58.074+0000] {processor.py:840} INFO - DAG(s) 'example_skip_dag' retrieved from /home/airflow/.local/lib/python3.8/site-packages/airflow/example_dags/example_skip_dag.py
[2026-06-03T12:50:58.085+0000] {logging_mixin.py:188} INFO - [2026-06-03T12:50:58.085+0000] {dag.py:3033} INFO - Sync 1 DAGs
[2026-06-03T12:50:58.103+0000] {logging_mixin.py:188} INFO - [2026-06-03T12:50:58.103+0000] {dag.py:3820} INFO - Setting next_dagrun for example_skip_dag to 2026-06-02T00:00:00+00:00, run_after=2026-06-03T00:00:00+00:00
[2026-06-03T12:50:58.135+0000] {processor.py:183} INFO - Processing /home/airflow/.local/lib/python3.8/site-packages/airflow/example_dags/example_skip_dag.py took 0.104 seconds
[2026-06-03T12:51:28.481+0000] {processor.py:161} INFO - Started process (PID=105) to work on /home/airflow/.local/lib/python3.8/site-packages/airflow/example_dags/example_skip_dag.py
[2026-06-03T12:51:28.482+0000] {processor.py:830} INFO - Processing file /home/airflow/.local/lib/python3.8/site-packages/airflow/example_dags/example_skip_dag.py for tasks to queue
[2026-06-03T12:51:28.482+0000] {logging_mixin.py:188} INFO - [2026-06-03T12:51:28.482+0000] {dagbag.py:538} INFO - Filling up the DagBag from /home/airflow/.local/lib/python3.8/site-packages/airflow/example_dags/example_skip_dag.py
[2026-06-03T12:51:28.487+0000] {processor.py:840} INFO - DAG(s) 'example_skip_dag' retrieved from /home/airflow/.local/lib/python3.8/site-packages/airflow/example_dags/example_skip_dag.py
[2026-06-03T12:51:28.551+0000] {logging_mixin.py:188} INFO - [2026-06-03T12:51:28.551+0000] {dag.py:3033} INFO - Sync 1 DAGs
[2026-06-03T12:51:28.583+0000] {logging_mixin.py:188} INFO - [2026-06-03T12:51:28.583+0000] {dag.py:3820} INFO - Setting next_dagrun for example_skip_dag to 2026-06-02T00:00:00+00:00, run_after=2026-06-03T00:00:00+00:00
[2026-06-03T12:51:28.611+0000] {processor.py:183} INFO - Processing /home/airflow/.local/lib/python3.8/site-packages/airflow/example_dags/example_skip_dag.py took 0.131 seconds
[2026-06-03T12:51:59.778+0000] {processor.py:161} INFO - Started process (PID=161) to work on /home/airflow/.local/lib/python3.8/site-packages/airflow/example_dags/example_skip_dag.py
[2026-06-03T12:51:59.779+0000] {processor.py:830} INFO - Processing file /home/airflow/.local/lib/python3.8/site-packages/airflow/example_dags/example_skip_dag.py for tasks to queue
[2026-06-03T12:51:59.780+0000] {logging_mixin.py:188} INFO - [2026-06-03T12:51:59.780+0000] {dagbag.py:538} INFO - Filling up the DagBag from /home/airflow/.local/lib/python3.8/site-packages/airflow/example_dags/example_skip_dag.py
[2026-06-03T12:51:59.787+0000] {processor.py:840} INFO - DAG(s) 'example_skip_dag' retrieved from /home/airflow/.local/lib/python3.8/site-packages/airflow/example_dags/example_skip_dag.py
[2026-06-03T12:51:59.811+0000] {logging_mixin.py:188} INFO - [2026-06-03T12:51:59.810+0000] {dag.py:3033} INFO - Sync 1 DAGs
[2026-06-03T12:51:59.839+0000] {logging_mixin.py:188} INFO - [2026-06-03T12:51:59.839+0000] {dag.py:3820} INFO - Setting next_dagrun for example_skip_dag to 2026-06-02T00:00:00+00:00, run_after=2026-06-03T00:00:00+00:00
[2026-06-03T12:51:59.852+0000] {processor.py:183} INFO - Processing /home/airflow/.local/lib/python3.8/site-packages/airflow/example_dags/example_skip_dag.py took 0.077 seconds
[2026-06-03T12:52:30.653+0000] {processor.py:161} INFO - Started process (PID=217) to work on /home/airflow/.local/lib/python3.8/site-packages/airflow/example_dags/example_skip_dag.py
[2026-06-03T12:52:30.654+0000] {processor.py:830} INFO - Processing file /home/airflow/.local/lib/python3.8/site-packages/airflow/example_dags/example_skip_dag.py for tasks to queue
[2026-06-03T12:52:30.655+0000] {logging_mixin.py:188} INFO - [2026-06-03T12:52:30.655+0000] {dagbag.py:538} INFO - Filling up the DagBag from /home/airflow/.local/lib/python3.8/site-packages/airflow/example_dags/example_skip_dag.py
[2026-06-03T12:52:30.661+0000] {processor.py:840} INFO - DAG(s) 'example_skip_dag' retrieved from /home/airflow/.local/lib/python3.8/site-packages/airflow/example_dags/example_skip_dag.py
[2026-06-03T12:52:30.677+0000] {logging_mixin.py:188} INFO - [2026-06-03T12:52:30.677+0000] {dag.py:3033} INFO - Sync 1 DAGs
[2026-06-03T12:52:30.692+0000] {logging_mixin.py:188} INFO - [2026-06-03T12:52:30.691+0000] {dag.py:3820} INFO - Setting next_dagrun for example_skip_dag to 2026-06-02T00:00:00+00:00, run_after=2026-06-03T00:00:00+00:00
[2026-06-03T12:52:30.705+0000] {processor.py:183} INFO - Processing /home/airflow/.local/lib/python3.8/site-packages/airflow/example_dags/example_skip_dag.py took 0.054 seconds
[2026-06-03T12:53:01.370+0000] {processor.py:161} INFO - Started process (PID=273) to work on /home/airflow/.local/lib/python3.8/site-packages/airflow/example_dags/example_skip_dag.py
[2026-06-03T12:53:01.372+0000] {processor.py:830} INFO - Processing file /home/airflow/.local/lib/python3.8/site-packages/airflow/example_dags/example_skip_dag.py for tasks to queue
[2026-06-03T12:53:01.373+0000] {logging_mixin.py:188} INFO - [2026-06-03T12:53:01.373+0000] {dagbag.py:538} INFO - Filling up the DagBag from /home/airflow/.local/lib/python3.8/site-packages/airflow/example_dags/example_skip_dag.py
[2026-06-03T12:53:01.378+0000] {processor.py:840} INFO - DAG(s) 'example_skip_dag' retrieved from /home/airflow/.local/lib/python3.8/site-packages/airflow/example_dags/example_skip_dag.py
[2026-06-03T12:53:01.391+0000] {logging_mixin.py:188} INFO - [2026-06-03T12:53:01.390+0000] {dag.py:3033} INFO - Sync 1 DAGs
[2026-06-03T12:53:01.401+0000] {logging_mixin.py:188} INFO - [2026-06-03T12:53:01.401+0000] {dag.py:3820} INFO - Setting next_dagrun for example_skip_dag to 2026-06-02T00:00:00+00:00, run_after=2026-06-03T00:00:00+00:00
[2026-06-03T12:53:01.411+0000] {processor.py:183} INFO - Processing /home/airflow/.local/lib/python3.8/site-packages/airflow/example_dags/example_skip_dag.py took 0.042 seconds
[2026-06-03T12:53:32.522+0000] {processor.py:161} INFO - Started process (PID=329) to work on /home/airflow/.local/lib/python3.8/site-packages/airflow/example_dags/example_skip_dag.py
[2026-06-03T12:53:32.522+0000] {processor.py:830} INFO - Processing file /home/airflow/.local/lib/python3.8/site-packages/airflow/example_dags/example_skip_dag.py for tasks to queue
[2026-06-03T12:53:32.523+0000] {logging_mixin.py:188} INFO - [2026-06-03T12:53:32.523+0000] {dagbag.py:538} INFO - Filling up the DagBag from /home/airflow/.local/lib/python3.8/site-packages/airflow/example_dags/example_skip_dag.py
[2026-06-03T12:53:32.527+0000] {processor.py:840} INFO - DAG(s) 'example_skip_dag' retrieved from /home/airflow/.local/lib/python3.8/site-packages/airflow/example_dags/example_skip_dag.py
[2026-06-03T12:53:32.541+0000] {logging_mixin.py:188} INFO - [2026-06-03T12:53:32.541+0000] {dag.py:3033} INFO - Sync 1 DAGs
[2026-06-03T12:53:32.552+0000] {logging_mixin.py:188} INFO - [2026-06-03T12:53:32.551+0000] {dag.py:3820} INFO - Setting next_dagrun for example_skip_dag to 2026-06-02T00:00:00+00:00, run_after=2026-06-03T00:00:00+00:00
[2026-06-03T12:53:32.578+0000] {processor.py:183} INFO - Processing /home/airflow/.local/lib/python3.8/site-packages/airflow/example_dags/example_skip_dag.py took 0.058 seconds
[2026-06-03T12:54:03.594+0000] {processor.py:161} INFO - Started process (PID=391) to work on /home/airflow/.local/lib/python3.8/site-packages/airflow/example_dags/example_skip_dag.py
[2026-06-03T12:54:03.595+0000] {processor.py:830} INFO - Processing file /home/airflow/.local/lib/python3.8/site-packages/airflow/example_dags/example_skip_dag.py for tasks to queue
[2026-06-03T12:54:03.596+0000] {logging_mixin.py:188} INFO - [2026-06-03T12:54:03.596+0000] {dagbag.py:538} INFO - Filling up the DagBag from /home/airflow/.local/lib/python3.8/site-packages/airflow/example_dags/example_skip_dag.py
[2026-06-03T12:54:03.614+0000] {processor.py:840} INFO - DAG(s) 'example_skip_dag' retrieved from /home/airflow/.local/lib/python3.8/site-packages/airflow/example_dags/example_skip_dag.py
[2026-06-03T12:54:03.640+0000] {logging_mixin.py:188} INFO - [2026-06-03T12:54:03.640+0000] {dag.py:3033} INFO - Sync 1 DAGs
[2026-06-03T12:54:03.671+0000] {logging_mixin.py:188} INFO - [2026-06-03T12:54:03.671+0000] {dag.py:3820} INFO - Setting next_dagrun for example_skip_dag to 2026-06-02T00:00:00+00:00, run_after=2026-06-03T00:00:00+00:00
[2026-06-03T12:54:03.691+0000] {processor.py:183} INFO - Processing /home/airflow/.local/lib/python3.8/site-packages/airflow/example_dags/example_skip_dag.py took 0.101 seconds
[2026-06-03T12:54:34.129+0000] {processor.py:161} INFO - Started process (PID=447) to work on /home/airflow/.local/lib/python3.8/site-packages/airflow/example_dags/example_skip_dag.py
[2026-06-03T12:54:34.130+0000] {processor.py:830} INFO - Processing file /home/airflow/.local/lib/python3.8/site-packages/airflow/example_dags/example_skip_dag.py for tasks to queue
[2026-06-03T12:54:34.131+0000] {logging_mixin.py:188} INFO - [2026-06-03T12:54:34.131+0000] {dagbag.py:538} INFO - Filling up the DagBag from /home/airflow/.local/lib/python3.8/site-packages/airflow/example_dags/example_skip_dag.py
[2026-06-03T12:54:34.137+0000] {processor.py:840} INFO - DAG(s) 'example_skip_dag' retrieved from /home/airflow/.local/lib/python3.8/site-packages/airflow/example_dags/example_skip_dag.py
[2026-06-03T12:54:34.156+0000] {logging_mixin.py:188} INFO - [2026-06-03T12:54:34.156+0000] {dag.py:3033} INFO - Sync 1 DAGs
[2026-06-03T12:54:34.167+0000] {logging_mixin.py:188} INFO - [2026-06-03T12:54:34.167+0000] {dag.py:3820} INFO - Setting next_dagrun for example_skip_dag to 2026-06-02T00:00:00+00:00, run_after=2026-06-03T00:00:00+00:00
[2026-06-03T12:54:34.186+0000] {processor.py:183} INFO - Processing /home/airflow/.local/lib/python3.8/site-packages/airflow/example_dags/example_skip_dag.py took 0.060 seconds
[2026-06-03T12:55:04.477+0000] {processor.py:161} INFO - Started process (PID=503) to work on /home/airflow/.local/lib/python3.8/site-packages/airflow/example_dags/example_skip_dag.py
[2026-06-03T12:55:04.477+0000] {processor.py:830} INFO - Processing file /home/airflow/.local/lib/python3.8/site-packages/airflow/example_dags/example_skip_dag.py for tasks to queue
[2026-06-03T12:55:04.478+0000] {logging_mixin.py:188} INFO - [2026-06-03T12:55:04.478+0000] {dagbag.py:538} INFO - Filling up the DagBag from /home/airflow/.local/lib/python3.8/site-packages/airflow/example_dags/example_skip_dag.py
[2026-06-03T12:55:04.482+0000] {processor.py:840} INFO - DAG(s) 'example_skip_dag' retrieved from /home/airflow/.local/lib/python3.8/site-packages/airflow/example_dags/example_skip_dag.py
[2026-06-03T12:55:04.494+0000] {logging_mixin.py:188} INFO - [2026-06-03T12:55:04.494+0000] {dag.py:3033} INFO - Sync 1 DAGs
[2026-06-03T12:55:04.504+0000] {logging_mixin.py:188} INFO - [2026-06-03T12:55:04.504+0000] {dag.py:3820} INFO - Setting next_dagrun for example_skip_dag to 2026-06-02T00:00:00+00:00, run_after=2026-06-03T00:00:00+00:00
[2026-06-03T12:55:04.516+0000] {processor.py:183} INFO - Processing /home/airflow/.local/lib/python3.8/site-packages/airflow/example_dags/example_skip_dag.py took 0.041 seconds
[2026-06-03T12:55:35.406+0000] {processor.py:161} INFO - Started process (PID=559) to work on /home/airflow/.local/lib/python3.8/site-packages/airflow/example_dags/example_skip_dag.py
[2026-06-03T12:55:35.410+0000] {processor.py:830} INFO - Processing file /home/airflow/.local/lib/python3.8/site-packages/airflow/example_dags/example_skip_dag.py for tasks to queue
[2026-06-03T12:55:35.415+0000] {logging_mixin.py:188} INFO - [2026-06-03T12:55:35.415+0000] {dagbag.py:538} INFO - Filling up the DagBag from /home/airflow/.local/lib/python3.8/site-packages/airflow/example_dags/example_skip_dag.py
[2026-06-03T12:55:35.426+0000] {processor.py:840} INFO - DAG(s) 'example_skip_dag' retrieved from /home/airflow/.local/lib/python3.8/site-packages/airflow/example_dags/example_skip_dag.py
[2026-06-03T12:55:35.455+0000] {logging_mixin.py:188} INFO - [2026-06-03T12:55:35.455+0000] {dag.py:3033} INFO - Sync 1 DAGs
[2026-06-03T12:55:35.489+0000] {logging_mixin.py:188} INFO - [2026-06-03T12:55:35.488+0000] {dag.py:3820} INFO - Setting next_dagrun for example_skip_dag to 2026-06-02T00:00:00+00:00, run_after=2026-06-03T00:00:00+00:00
[2026-06-03T12:55:35.507+0000] {processor.py:183} INFO - Processing /home/airflow/.local/lib/python3.8/site-packages/airflow/example_dags/example_skip_dag.py took 0.108 seconds
[2026-06-03T12:56:05.815+0000] {processor.py:161} INFO - Started process (PID=621) to work on /home/airflow/.local/lib/python3.8/site-packages/airflow/example_dags/example_skip_dag.py
[2026-06-03T12:56:05.816+0000] {processor.py:830} INFO - Processing file /home/airflow/.local/lib/python3.8/site-packages/airflow/example_dags/example_skip_dag.py for tasks to queue
[2026-06-03T12:56:05.817+0000] {logging_mixin.py:188} INFO - [2026-06-03T12:56:05.817+0000] {dagbag.py:538} INFO - Filling up the DagBag from /home/airflow/.local/lib/python3.8/site-packages/airflow/example_dags/example_skip_dag.py
[2026-06-03T12:56:05.821+0000] {processor.py:840} INFO - DAG(s) 'example_skip_dag' retrieved from /home/airflow/.local/lib/python3.8/site-packages/airflow/example_dags/example_skip_dag.py
[2026-06-03T12:56:05.831+0000] {logging_mixin.py:188} INFO - [2026-06-03T12:56:05.831+0000] {dag.py:3033} INFO - Sync 1 DAGs
[2026-06-03T12:56:05.843+0000] {logging_mixin.py:188} INFO - [2026-06-03T12:56:05.843+0000] {dag.py:3820} INFO - Setting next_dagrun for example_skip_dag to 2026-06-02T00:00:00+00:00, run_after=2026-06-03T00:00:00+00:00
[2026-06-03T12:56:05.851+0000] {processor.py:183} INFO - Processing /home/airflow/.local/lib/python3.8/site-packages/airflow/example_dags/example_skip_dag.py took 0.038 seconds
[2026-06-03T12:56:36.171+0000] {processor.py:161} INFO - Started process (PID=724) to work on /home/airflow/.local/lib/python3.8/site-packages/airflow/example_dags/example_skip_dag.py
[2026-06-03T12:56:36.175+0000] {processor.py:830} INFO - Processing file /home/airflow/.local/lib/python3.8/site-packages/airflow/example_dags/example_skip_dag.py for tasks to queue
[2026-06-03T12:56:36.177+0000] {logging_mixin.py:188} INFO - [2026-06-03T12:56:36.177+0000] {dagbag.py:538} INFO - Filling up the DagBag from /home/airflow/.local/lib/python3.8/site-packages/airflow/example_dags/example_skip_dag.py
[2026-06-03T12:56:36.183+0000] {processor.py:840} INFO - DAG(s) 'example_skip_dag' retrieved from /home/airflow/.local/lib/python3.8/site-packages/airflow/example_dags/example_skip_dag.py
[2026-06-03T12:56:36.203+0000] {logging_mixin.py:188} INFO - [2026-06-03T12:56:36.203+0000] {dag.py:3033} INFO - Sync 1 DAGs
[2026-06-03T12:56:36.248+0000] {logging_mixin.py:188} INFO - [2026-06-03T12:56:36.248+0000] {dag.py:3820} INFO - Setting next_dagrun for example_skip_dag to 2026-06-02T00:00:00+00:00, run_after=2026-06-03T00:00:00+00:00
[2026-06-03T12:56:36.292+0000] {processor.py:183} INFO - Processing /home/airflow/.local/lib/python3.8/site-packages/airflow/example_dags/example_skip_dag.py took 0.126 seconds
[2026-06-03T12:57:06.747+0000] {processor.py:161} INFO - Started process (PID=817) to work on /home/airflow/.local/lib/python3.8/site-packages/airflow/example_dags/example_skip_dag.py
[2026-06-03T12:57:06.747+0000] {processor.py:830} INFO - Processing file /home/airflow/.local/lib/python3.8/site-packages/airflow/example_dags/example_skip_dag.py for tasks to queue
[2026-06-03T12:57:06.748+0000] {logging_mixin.py:188} INFO - [2026-06-03T12:57:06.748+0000] {dagbag.py:538} INFO - Filling up the DagBag from /home/airflow/.local/lib/python3.8/site-packages/airflow/example_dags/example_skip_dag.py
[2026-06-03T12:57:06.754+0000] {processor.py:840} INFO - DAG(s) 'example_skip_dag' retrieved from /home/airflow/.local/lib/python3.8/site-packages/airflow/example_dags/example_skip_dag.py
[2026-06-03T12:57:06.776+0000] {logging_mixin.py:188} INFO - [2026-06-03T12:57:06.776+0000] {dag.py:3033} INFO - Sync 1 DAGs
[2026-06-03T12:57:06.790+0000] {logging_mixin.py:188} INFO - [2026-06-03T12:57:06.790+0000] {dag.py:3820} INFO - Setting next_dagrun for example_skip_dag to 2026-06-02T00:00:00+00:00, run_after=2026-06-03T00:00:00+00:00
[2026-06-03T12:57:06.800+0000] {processor.py:183} INFO - Processing /home/airflow/.local/lib/python3.8/site-packages/airflow/example_dags/example_skip_dag.py took 0.055 seconds
[2026-06-03T12:57:37.200+0000] {processor.py:161} INFO - Started process (PID=873) to work on /home/airflow/.local/lib/python3.8/site-packages/airflow/example_dags/example_skip_dag.py
[2026-06-03T12:57:37.201+0000] {processor.py:830} INFO - Processing file /home/airflow/.local/lib/python3.8/site-packages/airflow/example_dags/example_skip_dag.py for tasks to queue
[2026-06-03T12:57:37.203+0000] {logging_mixin.py:188} INFO - [2026-06-03T12:57:37.202+0000] {dagbag.py:538} INFO - Filling up the DagBag from /home/airflow/.local/lib/python3.8/site-packages/airflow/example_dags/example_skip_dag.py
[2026-06-03T12:57:37.207+0000] {processor.py:840} INFO - DAG(s) 'example_skip_dag' retrieved from /home/airflow/.local/lib/python3.8/site-packages/airflow/example_dags/example_skip_dag.py
[2026-06-03T12:57:37.230+0000] {logging_mixin.py:188} INFO - [2026-06-03T12:57:37.230+0000] {dag.py:3033} INFO - Sync 1 DAGs
[2026-06-03T12:57:37.257+0000] {logging_mixin.py:188} INFO - [2026-06-03T12:57:37.256+0000] {dag.py:3820} INFO - Setting next_dagrun for example_skip_dag to 2026-06-02T00:00:00+00:00, run_after=2026-06-03T00:00:00+00:00
[2026-06-03T12:57:37.273+0000] {processor.py:183} INFO - Processing /home/airflow/.local/lib/python3.8/site-packages/airflow/example_dags/example_skip_dag.py took 0.084 seconds
[2026-06-03T12:58:07.850+0000] {processor.py:161} INFO - Started process (PID=929) to work on /home/airflow/.local/lib/python3.8/site-packages/airflow/example_dags/example_skip_dag.py
[2026-06-03T12:58:07.851+0000] {processor.py:830} INFO - Processing file /home/airflow/.local/lib/python3.8/site-packages/airflow/example_dags/example_skip_dag.py for tasks to queue
[2026-06-03T12:58:07.852+0000] {logging_mixin.py:188} INFO - [2026-06-03T12:58:07.852+0000] {dagbag.py:538} INFO - Filling up the DagBag from /home/airflow/.local/lib/python3.8/site-packages/airflow/example_dags/example_skip_dag.py
[2026-06-03T12:58:07.856+0000] {processor.py:840} INFO - DAG(s) 'example_skip_dag' retrieved from /home/airflow/.local/lib/python3.8/site-packages/airflow/example_dags/example_skip_dag.py
[2026-06-03T12:58:07.872+0000] {logging_mixin.py:188} INFO - [2026-06-03T12:58:07.871+0000] {dag.py:3033} INFO - Sync 1 DAGs
[2026-06-03T12:58:07.886+0000] {logging_mixin.py:188} INFO - [2026-06-03T12:58:07.886+0000] {dag.py:3820} INFO - Setting next_dagrun for example_skip_dag to 2026-06-02T00:00:00+00:00, run_after=2026-06-03T00:00:00+00:00
[2026-06-03T12:58:07.897+0000] {processor.py:183} INFO - Processing /home/airflow/.local/lib/python3.8/site-packages/airflow/example_dags/example_skip_dag.py took 0.049 seconds
[2026-06-03T12:58:38.221+0000] {processor.py:161} INFO - Started process (PID=985) to work on /home/airflow/.local/lib/python3.8/site-packages/airflow/example_dags/example_skip_dag.py
[2026-06-03T12:58:38.222+0000] {processor.py:830} INFO - Processing file /home/airflow/.local/lib/python3.8/site-packages/airflow/example_dags/example_skip_dag.py for tasks to queue
[2026-06-03T12:58:38.225+0000] {logging_mixin.py:188} INFO - [2026-06-03T12:58:38.225+0000] {dagbag.py:538} INFO - Filling up the DagBag from /home/airflow/.local/lib/python3.8/site-packages/airflow/example_dags/example_skip_dag.py
[2026-06-03T12:58:38.229+0000] {processor.py:840} INFO - DAG(s) 'example_skip_dag' retrieved from /home/airflow/.local/lib/python3.8/site-packages/airflow/example_dags/example_skip_dag.py
[2026-06-03T12:58:38.245+0000] {logging_mixin.py:188} INFO - [2026-06-03T12:58:38.244+0000] {dag.py:3033} INFO - Sync 1 DAGs
[2026-06-03T12:58:38.257+0000] {logging_mixin.py:188} INFO - [2026-06-03T12:58:38.257+0000] {dag.py:3820} INFO - Setting next_dagrun for example_skip_dag to 2026-06-02T00:00:00+00:00, run_after=2026-06-03T00:00:00+00:00
[2026-06-03T12:58:38.264+0000] {processor.py:183} INFO - Processing /home/airflow/.local/lib/python3.8/site-packages/airflow/example_dags/example_skip_dag.py took 0.047 seconds
[2026-06-03T12:59:08.332+0000] {processor.py:161} INFO - Started process (PID=1041) to work on /home/airflow/.local/lib/python3.8/site-packages/airflow/example_dags/example_skip_dag.py
[2026-06-03T12:59:08.333+0000] {processor.py:830} INFO - Processing file /home/airflow/.local/lib/python3.8/site-packages/airflow/example_dags/example_skip_dag.py for tasks to queue
[2026-06-03T12:59:08.333+0000] {logging_mixin.py:188} INFO - [2026-06-03T12:59:08.333+0000] {dagbag.py:538} INFO - Filling up the DagBag from /home/airflow/.local/lib/python3.8/site-packages/airflow/example_dags/example_skip_dag.py
[2026-06-03T12:59:08.337+0000] {processor.py:840} INFO - DAG(s) 'example_skip_dag' retrieved from /home/airflow/.local/lib/python3.8/site-packages/airflow/example_dags/example_skip_dag.py
[2026-06-03T12:59:08.353+0000] {logging_mixin.py:188} INFO - [2026-06-03T12:59:08.353+0000] {dag.py:3033} INFO - Sync 1 DAGs
[2026-06-03T12:59:08.364+0000] {logging_mixin.py:188} INFO - [2026-06-03T12:59:08.364+0000] {dag.py:3820} INFO - Setting next_dagrun for example_skip_dag to 2026-06-02T00:00:00+00:00, run_after=2026-06-03T00:00:00+00:00
[2026-06-03T12:59:08.376+0000] {processor.py:183} INFO - Processing /home/airflow/.local/lib/python3.8/site-packages/airflow/example_dags/example_skip_dag.py took 0.046 seconds
[2026-06-03T12:59:38.667+0000] {processor.py:161} INFO - Started process (PID=1097) to work on /home/airflow/.local/lib/python3.8/site-packages/airflow/example_dags/example_skip_dag.py
[2026-06-03T12:59:38.668+0000] {processor.py:830} INFO - Processing file /home/airflow/.local/lib/python3.8/site-packages/airflow/example_dags/example_skip_dag.py for tasks to queue
[2026-06-03T12:59:38.669+0000] {logging_mixin.py:188} INFO - [2026-06-03T12:59:38.669+0000] {dagbag.py:538} INFO - Filling up the DagBag from /home/airflow/.local/lib/python3.8/site-packages/airflow/example_dags/example_skip_dag.py
[2026-06-03T12:59:38.673+0000] {processor.py:840} INFO - DAG(s) 'example_skip_dag' retrieved from /home/airflow/.local/lib/python3.8/site-packages/airflow/example_dags/example_skip_dag.py
[2026-06-03T12:59:38.691+0000] {logging_mixin.py:188} INFO - [2026-06-03T12:59:38.691+0000] {dag.py:3033} INFO - Sync 1 DAGs
[2026-06-03T12:59:38.703+0000] {logging_mixin.py:188} INFO - [2026-06-03T12:59:38.703+0000] {dag.py:3820} INFO - Setting next_dagrun for example_skip_dag to 2026-06-02T00:00:00+00:00, run_after=2026-06-03T00:00:00+00:00
[2026-06-03T12:59:38.722+0000] {processor.py:183} INFO - Processing /home/airflow/.local/lib/python3.8/site-packages/airflow/example_dags/example_skip_dag.py took 0.056 seconds
[2026-06-03T13:00:09.078+0000] {processor.py:161} INFO - Started process (PID=1153) to work on /home/airflow/.local/lib/python3.8/site-packages/airflow/example_dags/example_skip_dag.py
[2026-06-03T13:00:09.079+0000] {processor.py:830} INFO - Processing file /home/airflow/.local/lib/python3.8/site-packages/airflow/example_dags/example_skip_dag.py for tasks to queue
[2026-06-03T13:00:09.081+0000] {logging_mixin.py:188} INFO - [2026-06-03T13:00:09.081+0000] {dagbag.py:538} INFO - Filling up the DagBag from /home/airflow/.local/lib/python3.8/site-packages/airflow/example_dags/example_skip_dag.py
[2026-06-03T13:00:09.084+0000] {processor.py:840} INFO - DAG(s) 'example_skip_dag' retrieved from /home/airflow/.local/lib/python3.8/site-packages/airflow/example_dags/example_skip_dag.py
[2026-06-03T13:00:09.096+0000] {logging_mixin.py:188} INFO - [2026-06-03T13:00:09.096+0000] {dag.py:3033} INFO - Sync 1 DAGs
[2026-06-03T13:00:09.116+0000] {logging_mixin.py:188} INFO - [2026-06-03T13:00:09.116+0000] {dag.py:3820} INFO - Setting next_dagrun for example_skip_dag to 2026-06-02T00:00:00+00:00, run_after=2026-06-03T00:00:00+00:00
[2026-06-03T13:00:09.129+0000] {processor.py:183} INFO - Processing /home/airflow/.local/lib/python3.8/site-packages/airflow/example_dags/example_skip_dag.py took 0.053 seconds
[2026-06-03T13:00:39.574+0000] {processor.py:161} INFO - Started process (PID=1209) to work on /home/airflow/.local/lib/python3.8/site-packages/airflow/example_dags/example_skip_dag.py
[2026-06-03T13:00:39.575+0000] {processor.py:830} INFO - Processing file /home/airflow/.local/lib/python3.8/site-packages/airflow/example_dags/example_skip_dag.py for tasks to queue
[2026-06-03T13:00:39.577+0000] {logging_mixin.py:188} INFO - [2026-06-03T13:00:39.577+0000] {dagbag.py:538} INFO - Filling up the DagBag from /home/airflow/.local/lib/python3.8/site-packages/airflow/example_dags/example_skip_dag.py
[2026-06-03T13:00:39.581+0000] {processor.py:840} INFO - DAG(s) 'example_skip_dag' retrieved from /home/airflow/.local/lib/python3.8/site-packages/airflow/example_dags/example_skip_dag.py
[2026-06-03T13:00:39.594+0000] {logging_mixin.py:188} INFO - [2026-06-03T13:00:39.594+0000] {dag.py:3033} INFO - Sync 1 DAGs
[2026-06-03T13:00:39.604+0000] {logging_mixin.py:188} INFO - [2026-06-03T13:00:39.604+0000] {dag.py:3820} INFO - Setting next_dagrun for example_skip_dag to 2026-06-02T00:00:00+00:00, run_after=2026-06-03T00:00:00+00:00
[2026-06-03T13:00:39.622+0000] {processor.py:183} INFO - Processing /home/airflow/.local/lib/python3.8/site-packages/airflow/example_dags/example_skip_dag.py took 0.050 seconds
[2026-06-03T13:01:09.875+0000] {processor.py:161} INFO - Started process (PID=1265) to work on /home/airflow/.local/lib/python3.8/site-packages/airflow/example_dags/example_skip_dag.py
[2026-06-03T13:01:09.875+0000] {processor.py:830} INFO - Processing file /home/airflow/.local/lib/python3.8/site-packages/airflow/example_dags/example_skip_dag.py for tasks to queue
[2026-06-03T13:01:09.876+0000] {logging_mixin.py:188} INFO - [2026-06-03T13:01:09.876+0000] {dagbag.py:538} INFO - Filling up the DagBag from /home/airflow/.local/lib/python3.8/site-packages/airflow/example_dags/example_skip_dag.py
[2026-06-03T13:01:09.880+0000] {processor.py:840} INFO - DAG(s) 'example_skip_dag' retrieved from /home/airflow/.local/lib/python3.8/site-packages/airflow/example_dags/example_skip_dag.py
[2026-06-03T13:01:09.902+0000] {logging_mixin.py:188} INFO - [2026-06-03T13:01:09.902+0000] {dag.py:3033} INFO - Sync 1 DAGs
[2026-06-03T13:01:09.920+0000] {logging_mixin.py:188} INFO - [2026-06-03T13:01:09.920+0000] {dag.py:3820} INFO - Setting next_dagrun for example_skip_dag to 2026-06-02T00:00:00+00:00, run_after=2026-06-03T00:00:00+00:00
[2026-06-03T13:01:09.928+0000] {processor.py:183} INFO - Processing /home/airflow/.local/lib/python3.8/site-packages/airflow/example_dags/example_skip_dag.py took 0.055 seconds
[2026-06-03T13:01:40.497+0000] {processor.py:161} INFO - Started process (PID=1321) to work on /home/airflow/.local/lib/python3.8/site-packages/airflow/example_dags/example_skip_dag.py
[2026-06-03T13:01:40.499+0000] {processor.py:830} INFO - Processing file /home/airflow/.local/lib/python3.8/site-packages/airflow/example_dags/example_skip_dag.py for tasks to queue
[2026-06-03T13:01:40.502+0000] {logging_mixin.py:188} INFO - [2026-06-03T13:01:40.502+0000] {dagbag.py:538} INFO - Filling up the DagBag from /home/airflow/.local/lib/python3.8/site-packages/airflow/example_dags/example_skip_dag.py
[2026-06-03T13:01:40.509+0000] {processor.py:840} INFO - DAG(s) 'example_skip_dag' retrieved from /home/airflow/.local/lib/python3.8/site-packages/airflow/example_dags/example_skip_dag.py
[2026-06-03T13:01:40.544+0000] {logging_mixin.py:188} INFO - [2026-06-03T13:01:40.544+0000] {dag.py:3033} INFO - Sync 1 DAGs
[2026-06-03T13:01:40.581+0000] {logging_mixin.py:188} INFO - [2026-06-03T13:01:40.580+0000] {dag.py:3820} INFO - Setting next_dagrun for example_skip_dag to 2026-06-02T00:00:00+00:00, run_after=2026-06-03T00:00:00+00:00
[2026-06-03T13:01:40.613+0000] {processor.py:183} INFO - Processing /home/airflow/.local/lib/python3.8/site-packages/airflow/example_dags/example_skip_dag.py took 0.124 seconds
[2026-06-03T13:02:10.881+0000] {processor.py:161} INFO - Started process (PID=1377) to work on /home/airflow/.local/lib/python3.8/site-packages/airflow/example_dags/example_skip_dag.py
[2026-06-03T13:02:10.884+0000] {processor.py:830} INFO - Processing file /home/airflow/.local/lib/python3.8/site-packages/airflow/example_dags/example_skip_dag.py for tasks to queue
[2026-06-03T13:02:10.890+0000] {logging_mixin.py:188} INFO - [2026-06-03T13:02:10.890+0000] {dagbag.py:538} INFO - Filling up the DagBag from /home/airflow/.local/lib/python3.8/site-packages/airflow/example_dags/example_skip_dag.py
[2026-06-03T13:02:10.901+0000] {processor.py:840} INFO - DAG(s) 'example_skip_dag' retrieved from /home/airflow/.local/lib/python3.8/site-packages/airflow/example_dags/example_skip_dag.py
[2026-06-03T13:02:10.939+0000] {logging_mixin.py:188} INFO - [2026-06-03T13:02:10.939+0000] {dag.py:3033} INFO - Sync 1 DAGs
[2026-06-03T13:02:10.978+0000] {logging_mixin.py:188} INFO - [2026-06-03T13:02:10.978+0000] {dag.py:3820} INFO - Setting next_dagrun for example_skip_dag to 2026-06-02T00:00:00+00:00, run_after=2026-06-03T00:00:00+00:00
[2026-06-03T13:02:11.010+0000] {processor.py:183} INFO - Processing /home/airflow/.local/lib/python3.8/site-packages/airflow/example_dags/example_skip_dag.py took 0.131 seconds
[2026-06-03T13:02:41.838+0000] {processor.py:161} INFO - Started process (PID=1433) to work on /home/airflow/.local/lib/python3.8/site-packages/airflow/example_dags/example_skip_dag.py
[2026-06-03T13:02:41.839+0000] {processor.py:830} INFO - Processing file /home/airflow/.local/lib/python3.8/site-packages/airflow/example_dags/example_skip_dag.py for tasks to queue
[2026-06-03T13:02:41.840+0000] {logging_mixin.py:188} INFO - [2026-06-03T13:02:41.840+0000] {dagbag.py:538} INFO - Filling up the DagBag from /home/airflow/.local/lib/python3.8/site-packages/airflow/example_dags/example_skip_dag.py
[2026-06-03T13:02:41.842+0000] {processor.py:840} INFO - DAG(s) 'example_skip_dag' retrieved from /home/airflow/.local/lib/python3.8/site-packages/airflow/example_dags/example_skip_dag.py
[2026-06-03T13:02:41.857+0000] {logging_mixin.py:188} INFO - [2026-06-03T13:02:41.857+0000] {dag.py:3033} INFO - Sync 1 DAGs
[2026-06-03T13:02:41.867+0000] {logging_mixin.py:188} INFO - [2026-06-03T13:02:41.867+0000] {dag.py:3820} INFO - Setting next_dagrun for example_skip_dag to 2026-06-02T00:00:00+00:00, run_after=2026-06-03T00:00:00+00:00
[2026-06-03T13:02:41.874+0000] {processor.py:183} INFO - Processing /home/airflow/.local/lib/python3.8/site-packages/airflow/example_dags/example_skip_dag.py took 0.038 seconds
[2026-06-03T13:03:12.617+0000] {processor.py:161} INFO - Started process (PID=1489) to work on /home/airflow/.local/lib/python3.8/site-packages/airflow/example_dags/example_skip_dag.py
[2026-06-03T13:03:12.618+0000] {processor.py:830} INFO - Processing file /home/airflow/.local/lib/python3.8/site-packages/airflow/example_dags/example_skip_dag.py for tasks to queue
[2026-06-03T13:03:12.619+0000] {logging_mixin.py:188} INFO - [2026-06-03T13:03:12.619+0000] {dagbag.py:538} INFO - Filling up the DagBag from /home/airflow/.local/lib/python3.8/site-packages/airflow/example_dags/example_skip_dag.py
[2026-06-03T13:03:12.623+0000] {processor.py:840} INFO - DAG(s) 'example_skip_dag' retrieved from /home/airflow/.local/lib/python3.8/site-packages/airflow/example_dags/example_skip_dag.py
[2026-06-03T13:03:12.635+0000] {logging_mixin.py:188} INFO - [2026-06-03T13:03:12.635+0000] {dag.py:3033} INFO - Sync 1 DAGs
[2026-06-03T13:03:12.646+0000] {logging_mixin.py:188} INFO - [2026-06-03T13:03:12.646+0000] {dag.py:3820} INFO - Setting next_dagrun for example_skip_dag to 2026-06-02T00:00:00+00:00, run_after=2026-06-03T00:00:00+00:00
[2026-06-03T13:03:12.659+0000] {processor.py:183} INFO - Processing /home/airflow/.local/lib/python3.8/site-packages/airflow/example_dags/example_skip_dag.py took 0.044 seconds
[2026-06-03T13:03:43.087+0000] {processor.py:161} INFO - Started process (PID=1545) to work on /home/airflow/.local/lib/python3.8/site-packages/airflow/example_dags/example_skip_dag.py
[2026-06-03T13:03:43.103+0000] {processor.py:830} INFO - Processing file /home/airflow/.local/lib/python3.8/site-packages/airflow/example_dags/example_skip_dag.py for tasks to queue
[2026-06-03T13:03:43.116+0000] {logging_mixin.py:188} INFO - [2026-06-03T13:03:43.116+0000] {dagbag.py:538} INFO - Filling up the DagBag from /home/airflow/.local/lib/python3.8/site-packages/airflow/example_dags/example_skip_dag.py
[2026-06-03T13:03:43.134+0000] {processor.py:840} INFO - DAG(s) 'example_skip_dag' retrieved from /home/airflow/.local/lib/python3.8/site-packages/airflow/example_dags/example_skip_dag.py
[2026-06-03T13:03:43.184+0000] {logging_mixin.py:188} INFO - [2026-06-03T13:03:43.183+0000] {dag.py:3033} INFO - Sync 1 DAGs
[2026-06-03T13:03:43.239+0000] {logging_mixin.py:188} INFO - [2026-06-03T13:03:43.239+0000] {dag.py:3820} INFO - Setting next_dagrun for example_skip_dag to 2026-06-02T00:00:00+00:00, run_after=2026-06-03T00:00:00+00:00
[2026-06-03T13:03:43.277+0000] {processor.py:183} INFO - Processing /home/airflow/.local/lib/python3.8/site-packages/airflow/example_dags/example_skip_dag.py took 0.210 seconds
[2026-06-03T13:04:13.701+0000] {processor.py:161} INFO - Started process (PID=1601) to work on /home/airflow/.local/lib/python3.8/site-packages/airflow/example_dags/example_skip_dag.py
[2026-06-03T13:04:13.701+0000] {processor.py:830} INFO - Processing file /home/airflow/.local/lib/python3.8/site-packages/airflow/example_dags/example_skip_dag.py for tasks to queue
[2026-06-03T13:04:13.703+0000] {logging_mixin.py:188} INFO - [2026-06-03T13:04:13.703+0000] {dagbag.py:538} INFO - Filling up the DagBag from /home/airflow/.local/lib/python3.8/site-packages/airflow/example_dags/example_skip_dag.py
[2026-06-03T13:04:13.709+0000] {processor.py:840} INFO - DAG(s) 'example_skip_dag' retrieved from /home/airflow/.local/lib/python3.8/site-packages/airflow/example_dags/example_skip_dag.py
[2026-06-03T13:04:13.718+0000] {logging_mixin.py:188} INFO - [2026-06-03T13:04:13.718+0000] {dag.py:3033} INFO - Sync 1 DAGs
[2026-06-03T13:04:13.732+0000] {logging_mixin.py:188} INFO - [2026-06-03T13:04:13.732+0000] {dag.py:3820} INFO - Setting next_dagrun for example_skip_dag to 2026-06-02T00:00:00+00:00, run_after=2026-06-03T00:00:00+00:00
[2026-06-03T13:04:13.742+0000] {processor.py:183} INFO - Processing /home/airflow/.local/lib/python3.8/site-packages/airflow/example_dags/example_skip_dag.py took 0.043 seconds
[2026-06-03T13:04:43.981+0000] {processor.py:161} INFO - Started process (PID=1657) to work on /home/airflow/.local/lib/python3.8/site-packages/airflow/example_dags/example_skip_dag.py
[2026-06-03T13:04:43.981+0000] {processor.py:830} INFO - Processing file /home/airflow/.local/lib/python3.8/site-packages/airflow/example_dags/example_skip_dag.py for tasks to queue
[2026-06-03T13:04:43.982+0000] {logging_mixin.py:188} INFO - [2026-06-03T13:04:43.982+0000] {dagbag.py:538} INFO - Filling up the DagBag from /home/airflow/.local/lib/python3.8/site-packages/airflow/example_dags/example_skip_dag.py
[2026-06-03T13:04:43.985+0000] {processor.py:840} INFO - DAG(s) 'example_skip_dag' retrieved from /home/airflow/.local/lib/python3.8/site-packages/airflow/example_dags/example_skip_dag.py
[2026-06-03T13:04:43.993+0000] {logging_mixin.py:188} INFO - [2026-06-03T13:04:43.993+0000] {dag.py:3033} INFO - Sync 1 DAGs
[2026-06-03T13:04:44.001+0000] {logging_mixin.py:188} INFO - [2026-06-03T13:04:44.001+0000] {dag.py:3820} INFO - Setting next_dagrun for example_skip_dag to 2026-06-02T00:00:00+00:00, run_after=2026-06-03T00:00:00+00:00
[2026-06-03T13:04:44.008+0000] {processor.py:183} INFO - Processing /home/airflow/.local/lib/python3.8/site-packages/airflow/example_dags/example_skip_dag.py took 0.029 seconds
[2026-06-03T13:05:14.583+0000] {processor.py:161} INFO - Started process (PID=1713) to work on /home/airflow/.local/lib/python3.8/site-packages/airflow/example_dags/example_skip_dag.py
[2026-06-03T13:05:14.583+0000] {processor.py:830} INFO - Processing file /home/airflow/.local/lib/python3.8/site-packages/airflow/example_dags/example_skip_dag.py for tasks to queue
[2026-06-03T13:05:14.585+0000] {logging_mixin.py:188} INFO - [2026-06-03T13:05:14.585+0000] {dagbag.py:538} INFO - Filling up the DagBag from /home/airflow/.local/lib/python3.8/site-packages/airflow/example_dags/example_skip_dag.py
[2026-06-03T13:05:14.589+0000] {processor.py:840} INFO - DAG(s) 'example_skip_dag' retrieved from /home/airflow/.local/lib/python3.8/site-packages/airflow/example_dags/example_skip_dag.py
[2026-06-03T13:05:14.612+0000] {logging_mixin.py:188} INFO - [2026-06-03T13:05:14.612+0000] {dag.py:3033} INFO - Sync 1 DAGs
[2026-06-03T13:05:14.634+0000] {logging_mixin.py:188} INFO - [2026-06-03T13:05:14.634+0000] {dag.py:3820} INFO - Setting next_dagrun for example_skip_dag to 2026-06-02T00:00:00+00:00, run_after=2026-06-03T00:00:00+00:00
[2026-06-03T13:05:14.656+0000] {processor.py:183} INFO - Processing /home/airflow/.local/lib/python3.8/site-packages/airflow/example_dags/example_skip_dag.py took 0.075 seconds
[2026-06-03T13:05:45.558+0000] {processor.py:161} INFO - Started process (PID=1769) to work on /home/airflow/.local/lib/python3.8/site-packages/airflow/example_dags/example_skip_dag.py
[2026-06-03T13:05:45.559+0000] {processor.py:830} INFO - Processing file /home/airflow/.local/lib/python3.8/site-packages/airflow/example_dags/example_skip_dag.py for tasks to queue
[2026-06-03T13:05:45.560+0000] {logging_mixin.py:188} INFO - [2026-06-03T13:05:45.560+0000] {dagbag.py:538} INFO - Filling up the DagBag from /home/airflow/.local/lib/python3.8/site-packages/airflow/example_dags/example_skip_dag.py
[2026-06-03T13:05:45.564+0000] {processor.py:840} INFO - DAG(s) 'example_skip_dag' retrieved from /home/airflow/.local/lib/python3.8/site-packages/airflow/example_dags/example_skip_dag.py
[2026-06-03T13:05:45.583+0000] {logging_mixin.py:188} INFO - [2026-06-03T13:05:45.583+0000] {dag.py:3033} INFO - Sync 1 DAGs
[2026-06-03T13:05:45.600+0000] {logging_mixin.py:188} INFO - [2026-06-03T13:05:45.600+0000] {dag.py:3820} INFO - Setting next_dagrun for example_skip_dag to 2026-06-02T00:00:00+00:00, run_after=2026-06-03T00:00:00+00:00
[2026-06-03T13:05:45.615+0000] {processor.py:183} INFO - Processing /home/airflow/.local/lib/python3.8/site-packages/airflow/example_dags/example_skip_dag.py took 0.059 seconds
[2026-06-03T13:06:16.345+0000] {processor.py:161} INFO - Started process (PID=1825) to work on /home/airflow/.local/lib/python3.8/site-packages/airflow/example_dags/example_skip_dag.py
[2026-06-03T13:06:16.346+0000] {processor.py:830} INFO - Processing file /home/airflow/.local/lib/python3.8/site-packages/airflow/example_dags/example_skip_dag.py for tasks to queue
[2026-06-03T13:06:16.347+0000] {logging_mixin.py:188} INFO - [2026-06-03T13:06:16.347+0000] {dagbag.py:538} INFO - Filling up the DagBag from /home/airflow/.local/lib/python3.8/site-packages/airflow/example_dags/example_skip_dag.py
[2026-06-03T13:06:16.351+0000] {processor.py:840} INFO - DAG(s) 'example_skip_dag' retrieved from /home/airflow/.local/lib/python3.8/site-packages/airflow/example_dags/example_skip_dag.py
[2026-06-03T13:06:16.364+0000] {logging_mixin.py:188} INFO - [2026-06-03T13:06:16.364+0000] {dag.py:3033} INFO - Sync 1 DAGs
[2026-06-03T13:06:16.380+0000] {logging_mixin.py:188} INFO - [2026-06-03T13:06:16.380+0000] {dag.py:3820} INFO - Setting next_dagrun for example_skip_dag to 2026-06-02T00:00:00+00:00, run_after=2026-06-03T00:00:00+00:00
[2026-06-03T13:06:16.395+0000] {processor.py:183} INFO - Processing /home/airflow/.local/lib/python3.8/site-packages/airflow/example_dags/example_skip_dag.py took 0.051 seconds
[2026-06-03T13:06:47.227+0000] {processor.py:161} INFO - Started process (PID=1881) to work on /home/airflow/.local/lib/python3.8/site-packages/airflow/example_dags/example_skip_dag.py
[2026-06-03T13:06:47.228+0000] {processor.py:830} INFO - Processing file /home/airflow/.local/lib/python3.8/site-packages/airflow/example_dags/example_skip_dag.py for tasks to queue
[2026-06-03T13:06:47.229+0000] {logging_mixin.py:188} INFO - [2026-06-03T13:06:47.229+0000] {dagbag.py:538} INFO - Filling up the DagBag from /home/airflow/.local/lib/python3.8/site-packages/airflow/example_dags/example_skip_dag.py
[2026-06-03T13:06:47.233+0000] {processor.py:840} INFO - DAG(s) 'example_skip_dag' retrieved from /home/airflow/.local/lib/python3.8/site-packages/airflow/example_dags/example_skip_dag.py
[2026-06-03T13:06:47.250+0000] {logging_mixin.py:188} INFO - [2026-06-03T13:06:47.250+0000] {dag.py:3033} INFO - Sync 1 DAGs
[2026-06-03T13:06:47.263+0000] {logging_mixin.py:188} INFO - [2026-06-03T13:06:47.263+0000] {dag.py:3820} INFO - Setting next_dagrun for example_skip_dag to 2026-06-02T00:00:00+00:00, run_after=2026-06-03T00:00:00+00:00
[2026-06-03T13:06:47.277+0000] {processor.py:183} INFO - Processing /home/airflow/.local/lib/python3.8/site-packages/airflow/example_dags/example_skip_dag.py took 0.051 seconds
[2026-06-03T13:07:17.722+0000] {processor.py:161} INFO - Started process (PID=1937) to work on /home/airflow/.local/lib/python3.8/site-packages/airflow/example_dags/example_skip_dag.py
[2026-06-03T13:07:17.723+0000] {processor.py:830} INFO - Processing file /home/airflow/.local/lib/python3.8/site-packages/airflow/example_dags/example_skip_dag.py for tasks to queue
[2026-06-03T13:07:17.726+0000] {logging_mixin.py:188} INFO - [2026-06-03T13:07:17.726+0000] {dagbag.py:538} INFO - Filling up the DagBag from /home/airflow/.local/lib/python3.8/site-packages/airflow/example_dags/example_skip_dag.py
[2026-06-03T13:07:17.731+0000] {processor.py:840} INFO - DAG(s) 'example_skip_dag' retrieved from /home/airflow/.local/lib/python3.8/site-packages/airflow/example_dags/example_skip_dag.py
[2026-06-03T13:07:17.757+0000] {logging_mixin.py:188} INFO - [2026-06-03T13:07:17.756+0000] {dag.py:3033} INFO - Sync 1 DAGs
[2026-06-03T13:07:17.777+0000] {logging_mixin.py:188} INFO - [2026-06-03T13:07:17.777+0000] {dag.py:3820} INFO - Setting next_dagrun for example_skip_dag to 2026-06-02T00:00:00+00:00, run_after=2026-06-03T00:00:00+00:00
[2026-06-03T13:07:17.795+0000] {processor.py:183} INFO - Processing /home/airflow/.local/lib/python3.8/site-packages/airflow/example_dags/example_skip_dag.py took 0.077 seconds
[2026-06-03T13:07:48.788+0000] {processor.py:161} INFO - Started process (PID=2000) to work on /home/airflow/.local/lib/python3.8/site-packages/airflow/example_dags/example_skip_dag.py
[2026-06-03T13:07:48.789+0000] {processor.py:830} INFO - Processing file /home/airflow/.local/lib/python3.8/site-packages/airflow/example_dags/example_skip_dag.py for tasks to queue
[2026-06-03T13:07:48.790+0000] {logging_mixin.py:188} INFO - [2026-06-03T13:07:48.789+0000] {dagbag.py:538} INFO - Filling up the DagBag from /home/airflow/.local/lib/python3.8/site-packages/airflow/example_dags/example_skip_dag.py
[2026-06-03T13:07:48.792+0000] {processor.py:840} INFO - DAG(s) 'example_skip_dag' retrieved from /home/airflow/.local/lib/python3.8/site-packages/airflow/example_dags/example_skip_dag.py
[2026-06-03T13:07:48.811+0000] {logging_mixin.py:188} INFO - [2026-06-03T13:07:48.811+0000] {dag.py:3033} INFO - Sync 1 DAGs
[2026-06-03T13:07:48.899+0000] {logging_mixin.py:188} INFO - [2026-06-03T13:07:48.899+0000] {dag.py:3820} INFO - Setting next_dagrun for example_skip_dag to 2026-06-02T00:00:00+00:00, run_after=2026-06-03T00:00:00+00:00
[2026-06-03T13:07:48.910+0000] {processor.py:183} INFO - Processing /home/airflow/.local/lib/python3.8/site-packages/airflow/example_dags/example_skip_dag.py took 0.124 seconds
[2026-06-03T13:08:19.671+0000] {processor.py:161} INFO - Started process (PID=2056) to work on /home/airflow/.local/lib/python3.8/site-packages/airflow/example_dags/example_skip_dag.py
[2026-06-03T13:08:19.672+0000] {processor.py:830} INFO - Processing file /home/airflow/.local/lib/python3.8/site-packages/airflow/example_dags/example_skip_dag.py for tasks to queue
[2026-06-03T13:08:19.673+0000] {logging_mixin.py:188} INFO - [2026-06-03T13:08:19.672+0000] {dagbag.py:538} INFO - Filling up the DagBag from /home/airflow/.local/lib/python3.8/site-packages/airflow/example_dags/example_skip_dag.py
[2026-06-03T13:08:19.676+0000] {processor.py:840} INFO - DAG(s) 'example_skip_dag' retrieved from /home/airflow/.local/lib/python3.8/site-packages/airflow/example_dags/example_skip_dag.py
[2026-06-03T13:08:19.696+0000] {logging_mixin.py:188} INFO - [2026-06-03T13:08:19.695+0000] {dag.py:3033} INFO - Sync 1 DAGs
[2026-06-03T13:08:19.712+0000] {logging_mixin.py:188} INFO - [2026-06-03T13:08:19.712+0000] {dag.py:3820} INFO - Setting next_dagrun for example_skip_dag to 2026-06-02T00:00:00+00:00, run_after=2026-06-03T00:00:00+00:00
[2026-06-03T13:08:19.864+0000] {processor.py:183} INFO - Processing /home/airflow/.local/lib/python3.8/site-packages/airflow/example_dags/example_skip_dag.py took 0.195 seconds
[2026-06-03T13:08:50.468+0000] {processor.py:161} INFO - Started process (PID=2112) to work on /home/airflow/.local/lib/python3.8/site-packages/airflow/example_dags/example_skip_dag.py
[2026-06-03T13:08:50.469+0000] {processor.py:830} INFO - Processing file /home/airflow/.local/lib/python3.8/site-packages/airflow/example_dags/example_skip_dag.py for tasks to queue
[2026-06-03T13:08:50.470+0000] {logging_mixin.py:188} INFO - [2026-06-03T13:08:50.470+0000] {dagbag.py:538} INFO - Filling up the DagBag from /home/airflow/.local/lib/python3.8/site-packages/airflow/example_dags/example_skip_dag.py
[2026-06-03T13:08:50.474+0000] {processor.py:840} INFO - DAG(s) 'example_skip_dag' retrieved from /home/airflow/.local/lib/python3.8/site-packages/airflow/example_dags/example_skip_dag.py
[2026-06-03T13:08:50.493+0000] {logging_mixin.py:188} INFO - [2026-06-03T13:08:50.493+0000] {dag.py:3033} INFO - Sync 1 DAGs
[2026-06-03T13:08:50.505+0000] {logging_mixin.py:188} INFO - [2026-06-03T13:08:50.505+0000] {dag.py:3820} INFO - Setting next_dagrun for example_skip_dag to 2026-06-02T00:00:00+00:00, run_after=2026-06-03T00:00:00+00:00
[2026-06-03T13:08:50.521+0000] {processor.py:183} INFO - Processing /home/airflow/.local/lib/python3.8/site-packages/airflow/example_dags/example_skip_dag.py took 0.055 seconds
[2026-06-03T13:09:20.654+0000] {processor.py:161} INFO - Started process (PID=2168) to work on /home/airflow/.local/lib/python3.8/site-packages/airflow/example_dags/example_skip_dag.py
[2026-06-03T13:09:20.654+0000] {processor.py:830} INFO - Processing file /home/airflow/.local/lib/python3.8/site-packages/airflow/example_dags/example_skip_dag.py for tasks to queue
[2026-06-03T13:09:20.655+0000] {logging_mixin.py:188} INFO - [2026-06-03T13:09:20.655+0000] {dagbag.py:538} INFO - Filling up the DagBag from /home/airflow/.local/lib/python3.8/site-packages/airflow/example_dags/example_skip_dag.py
[2026-06-03T13:09:20.658+0000] {processor.py:840} INFO - DAG(s) 'example_skip_dag' retrieved from /home/airflow/.local/lib/python3.8/site-packages/airflow/example_dags/example_skip_dag.py
[2026-06-03T13:09:20.672+0000] {logging_mixin.py:188} INFO - [2026-06-03T13:09:20.672+0000] {dag.py:3033} INFO - Sync 1 DAGs
[2026-06-03T13:09:20.691+0000] {logging_mixin.py:188} INFO - [2026-06-03T13:09:20.691+0000] {dag.py:3820} INFO - Setting next_dagrun for example_skip_dag to 2026-06-02T00:00:00+00:00, run_after=2026-06-03T00:00:00+00:00
[2026-06-03T13:09:20.704+0000] {processor.py:183} INFO - Processing /home/airflow/.local/lib/python3.8/site-packages/airflow/example_dags/example_skip_dag.py took 0.052 seconds
[2026-06-03T13:09:51.672+0000] {processor.py:161} INFO - Started process (PID=2224) to work on /home/airflow/.local/lib/python3.8/site-packages/airflow/example_dags/example_skip_dag.py
[2026-06-03T13:09:51.673+0000] {processor.py:830} INFO - Processing file /home/airflow/.local/lib/python3.8/site-packages/airflow/example_dags/example_skip_dag.py for tasks to queue
[2026-06-03T13:09:51.673+0000] {logging_mixin.py:188} INFO - [2026-06-03T13:09:51.673+0000] {dagbag.py:538} INFO - Filling up the DagBag from /home/airflow/.local/lib/python3.8/site-packages/airflow/example_dags/example_skip_dag.py
[2026-06-03T13:09:51.676+0000] {processor.py:840} INFO - DAG(s) 'example_skip_dag' retrieved from /home/airflow/.local/lib/python3.8/site-packages/airflow/example_dags/example_skip_dag.py
[2026-06-03T13:09:51.767+0000] {logging_mixin.py:188} INFO - [2026-06-03T13:09:51.767+0000] {dag.py:3033} INFO - Sync 1 DAGs
[2026-06-03T13:09:51.778+0000] {logging_mixin.py:188} INFO - [2026-06-03T13:09:51.778+0000] {dag.py:3820} INFO - Setting next_dagrun for example_skip_dag to 2026-06-02T00:00:00+00:00, run_after=2026-06-03T00:00:00+00:00
[2026-06-03T13:09:51.789+0000] {processor.py:183} INFO - Processing /home/airflow/.local/lib/python3.8/site-packages/airflow/example_dags/example_skip_dag.py took 0.119 seconds
[2026-06-03T13:10:22.292+0000] {processor.py:161} INFO - Started process (PID=2280) to work on /home/airflow/.local/lib/python3.8/site-packages/airflow/example_dags/example_skip_dag.py
[2026-06-03T13:10:22.293+0000] {processor.py:830} INFO - Processing file /home/airflow/.local/lib/python3.8/site-packages/airflow/example_dags/example_skip_dag.py for tasks to queue
[2026-06-03T13:10:22.294+0000] {logging_mixin.py:188} INFO - [2026-06-03T13:10:22.293+0000] {dagbag.py:538} INFO - Filling up the DagBag from /home/airflow/.local/lib/python3.8/site-packages/airflow/example_dags/example_skip_dag.py
[2026-06-03T13:10:22.296+0000] {processor.py:840} INFO - DAG(s) 'example_skip_dag' retrieved from /home/airflow/.local/lib/python3.8/site-packages/airflow/example_dags/example_skip_dag.py
[2026-06-03T13:10:22.306+0000] {logging_mixin.py:188} INFO - [2026-06-03T13:10:22.306+0000] {dag.py:3033} INFO - Sync 1 DAGs
[2026-06-03T13:10:22.319+0000] {logging_mixin.py:188} INFO - [2026-06-03T13:10:22.318+0000] {dag.py:3820} INFO - Setting next_dagrun for example_skip_dag to 2026-06-02T00:00:00+00:00, run_after=2026-06-03T00:00:00+00:00
[2026-06-03T13:10:22.349+0000] {processor.py:183} INFO - Processing /home/airflow/.local/lib/python3.8/site-packages/airflow/example_dags/example_skip_dag.py took 0.058 seconds
[2026-06-03T13:10:52.654+0000] {processor.py:161} INFO - Started process (PID=2336) to work on /home/airflow/.local/lib/python3.8/site-packages/airflow/example_dags/example_skip_dag.py
[2026-06-03T13:10:52.656+0000] {processor.py:830} INFO - Processing file /home/airflow/.local/lib/python3.8/site-packages/airflow/example_dags/example_skip_dag.py for tasks to queue
[2026-06-03T13:10:52.657+0000] {logging_mixin.py:188} INFO - [2026-06-03T13:10:52.657+0000] {dagbag.py:538} INFO - Filling up the DagBag from /home/airflow/.local/lib/python3.8/site-packages/airflow/example_dags/example_skip_dag.py
[2026-06-03T13:10:52.663+0000] {processor.py:840} INFO - DAG(s) 'example_skip_dag' retrieved from /home/airflow/.local/lib/python3.8/site-packages/airflow/example_dags/example_skip_dag.py
[2026-06-03T13:10:52.697+0000] {logging_mixin.py:188} INFO - [2026-06-03T13:10:52.696+0000] {dag.py:3033} INFO - Sync 1 DAGs
[2026-06-03T13:10:52.731+0000] {logging_mixin.py:188} INFO - [2026-06-03T13:10:52.731+0000] {dag.py:3820} INFO - Setting next_dagrun for example_skip_dag to 2026-06-02T00:00:00+00:00, run_after=2026-06-03T00:00:00+00:00
[2026-06-03T13:10:52.750+0000] {processor.py:183} INFO - Processing /home/airflow/.local/lib/python3.8/site-packages/airflow/example_dags/example_skip_dag.py took 0.098 seconds
[2026-06-03T13:11:22.911+0000] {processor.py:161} INFO - Started process (PID=2399) to work on /home/airflow/.local/lib/python3.8/site-packages/airflow/example_dags/example_skip_dag.py
[2026-06-03T13:11:22.912+0000] {processor.py:830} INFO - Processing file /home/airflow/.local/lib/python3.8/site-packages/airflow/example_dags/example_skip_dag.py for tasks to queue
[2026-06-03T13:11:22.913+0000] {logging_mixin.py:188} INFO - [2026-06-03T13:11:22.913+0000] {dagbag.py:538} INFO - Filling up the DagBag from /home/airflow/.local/lib/python3.8/site-packages/airflow/example_dags/example_skip_dag.py
[2026-06-03T13:11:22.918+0000] {processor.py:840} INFO - DAG(s) 'example_skip_dag' retrieved from /home/airflow/.local/lib/python3.8/site-packages/airflow/example_dags/example_skip_dag.py
[2026-06-03T13:11:22.934+0000] {logging_mixin.py:188} INFO - [2026-06-03T13:11:22.934+0000] {dag.py:3033} INFO - Sync 1 DAGs
[2026-06-03T13:11:22.944+0000] {logging_mixin.py:188} INFO - [2026-06-03T13:11:22.944+0000] {dag.py:3820} INFO - Setting next_dagrun for example_skip_dag to 2026-06-02T00:00:00+00:00, run_after=2026-06-03T00:00:00+00:00
[2026-06-03T13:11:22.954+0000] {processor.py:183} INFO - Processing /home/airflow/.local/lib/python3.8/site-packages/airflow/example_dags/example_skip_dag.py took 0.045 seconds
[2026-06-03T13:11:53.523+0000] {processor.py:161} INFO - Started process (PID=2462) to work on /home/airflow/.local/lib/python3.8/site-packages/airflow/example_dags/example_skip_dag.py
[2026-06-03T13:11:53.526+0000] {processor.py:830} INFO - Processing file /home/airflow/.local/lib/python3.8/site-packages/airflow/example_dags/example_skip_dag.py for tasks to queue
[2026-06-03T13:11:53.531+0000] {logging_mixin.py:188} INFO - [2026-06-03T13:11:53.530+0000] {dagbag.py:538} INFO - Filling up the DagBag from /home/airflow/.local/lib/python3.8/site-packages/airflow/example_dags/example_skip_dag.py
[2026-06-03T13:11:53.536+0000] {processor.py:840} INFO - DAG(s) 'example_skip_dag' retrieved from /home/airflow/.local/lib/python3.8/site-packages/airflow/example_dags/example_skip_dag.py
[2026-06-03T13:11:53.569+0000] {logging_mixin.py:188} INFO - [2026-06-03T13:11:53.568+0000] {dag.py:3033} INFO - Sync 1 DAGs
[2026-06-03T13:11:53.624+0000] {logging_mixin.py:188} INFO - [2026-06-03T13:11:53.623+0000] {dag.py:3820} INFO - Setting next_dagrun for example_skip_dag to 2026-06-02T00:00:00+00:00, run_after=2026-06-03T00:00:00+00:00
[2026-06-03T13:11:53.654+0000] {processor.py:183} INFO - Processing /home/airflow/.local/lib/python3.8/site-packages/airflow/example_dags/example_skip_dag.py took 0.134 seconds
[2026-06-03T13:12:23.819+0000] {processor.py:161} INFO - Started process (PID=2525) to work on /home/airflow/.local/lib/python3.8/site-packages/airflow/example_dags/example_skip_dag.py
[2026-06-03T13:12:23.820+0000] {processor.py:830} INFO - Processing file /home/airflow/.local/lib/python3.8/site-packages/airflow/example_dags/example_skip_dag.py for tasks to queue
[2026-06-03T13:12:23.821+0000] {logging_mixin.py:188} INFO - [2026-06-03T13:12:23.820+0000] {dagbag.py:538} INFO - Filling up the DagBag from /home/airflow/.local/lib/python3.8/site-packages/airflow/example_dags/example_skip_dag.py
[2026-06-03T13:12:23.824+0000] {processor.py:840} INFO - DAG(s) 'example_skip_dag' retrieved from /home/airflow/.local/lib/python3.8/site-packages/airflow/example_dags/example_skip_dag.py
[2026-06-03T13:12:23.838+0000] {logging_mixin.py:188} INFO - [2026-06-03T13:12:23.837+0000] {dag.py:3033} INFO - Sync 1 DAGs
[2026-06-03T13:12:23.852+0000] {logging_mixin.py:188} INFO - [2026-06-03T13:12:23.852+0000] {dag.py:3820} INFO - Setting next_dagrun for example_skip_dag to 2026-06-02T00:00:00+00:00, run_after=2026-06-03T00:00:00+00:00
[2026-06-03T13:12:23.867+0000] {processor.py:183} INFO - Processing /home/airflow/.local/lib/python3.8/site-packages/airflow/example_dags/example_skip_dag.py took 0.049 seconds
[2026-06-03T13:12:54.130+0000] {processor.py:161} INFO - Started process (PID=2581) to work on /home/airflow/.local/lib/python3.8/site-packages/airflow/example_dags/example_skip_dag.py
[2026-06-03T13:12:54.131+0000] {processor.py:830} INFO - Processing file /home/airflow/.local/lib/python3.8/site-packages/airflow/example_dags/example_skip_dag.py for tasks to queue
[2026-06-03T13:12:54.132+0000] {logging_mixin.py:188} INFO - [2026-06-03T13:12:54.132+0000] {dagbag.py:538} INFO - Filling up the DagBag from /home/airflow/.local/lib/python3.8/site-packages/airflow/example_dags/example_skip_dag.py
[2026-06-03T13:12:54.135+0000] {processor.py:840} INFO - DAG(s) 'example_skip_dag' retrieved from /home/airflow/.local/lib/python3.8/site-packages/airflow/example_dags/example_skip_dag.py
[2026-06-03T13:12:54.154+0000] {logging_mixin.py:188} INFO - [2026-06-03T13:12:54.154+0000] {dag.py:3033} INFO - Sync 1 DAGs
[2026-06-03T13:12:54.176+0000] {logging_mixin.py:188} INFO - [2026-06-03T13:12:54.176+0000] {dag.py:3820} INFO - Setting next_dagrun for example_skip_dag to 2026-06-02T00:00:00+00:00, run_after=2026-06-03T00:00:00+00:00
[2026-06-03T13:12:54.188+0000] {processor.py:183} INFO - Processing /home/airflow/.local/lib/python3.8/site-packages/airflow/example_dags/example_skip_dag.py took 0.060 seconds
[2026-06-03T13:13:24.703+0000] {processor.py:161} INFO - Started process (PID=2637) to work on /home/airflow/.local/lib/python3.8/site-packages/airflow/example_dags/example_skip_dag.py
[2026-06-03T13:13:24.705+0000] {processor.py:830} INFO - Processing file /home/airflow/.local/lib/python3.8/site-packages/airflow/example_dags/example_skip_dag.py for tasks to queue
[2026-06-03T13:13:24.709+0000] {logging_mixin.py:188} INFO - [2026-06-03T13:13:24.709+0000] {dagbag.py:538} INFO - Filling up the DagBag from /home/airflow/.local/lib/python3.8/site-packages/airflow/example_dags/example_skip_dag.py
[2026-06-03T13:13:24.717+0000] {processor.py:840} INFO - DAG(s) 'example_skip_dag' retrieved from /home/airflow/.local/lib/python3.8/site-packages/airflow/example_dags/example_skip_dag.py
[2026-06-03T13:13:24.735+0000] {logging_mixin.py:188} INFO - [2026-06-03T13:13:24.735+0000] {dag.py:3033} INFO - Sync 1 DAGs
[2026-06-03T13:13:24.752+0000] {logging_mixin.py:188} INFO - [2026-06-03T13:13:24.752+0000] {dag.py:3820} INFO - Setting next_dagrun for example_skip_dag to 2026-06-02T00:00:00+00:00, run_after=2026-06-03T00:00:00+00:00
[2026-06-03T13:13:24.778+0000] {processor.py:183} INFO - Processing /home/airflow/.local/lib/python3.8/site-packages/airflow/example_dags/example_skip_dag.py took 0.086 seconds
[2026-06-03T13:13:55.032+0000] {processor.py:161} INFO - Started process (PID=2693) to work on /home/airflow/.local/lib/python3.8/site-packages/airflow/example_dags/example_skip_dag.py
[2026-06-03T13:13:55.033+0000] {processor.py:830} INFO - Processing file /home/airflow/.local/lib/python3.8/site-packages/airflow/example_dags/example_skip_dag.py for tasks to queue
[2026-06-03T13:13:55.035+0000] {logging_mixin.py:188} INFO - [2026-06-03T13:13:55.034+0000] {dagbag.py:538} INFO - Filling up the DagBag from /home/airflow/.local/lib/python3.8/site-packages/airflow/example_dags/example_skip_dag.py
[2026-06-03T13:13:55.038+0000] {processor.py:840} INFO - DAG(s) 'example_skip_dag' retrieved from /home/airflow/.local/lib/python3.8/site-packages/airflow/example_dags/example_skip_dag.py
[2026-06-03T13:13:55.055+0000] {logging_mixin.py:188} INFO - [2026-06-03T13:13:55.054+0000] {dag.py:3033} INFO - Sync 1 DAGs
[2026-06-03T13:13:55.068+0000] {logging_mixin.py:188} INFO - [2026-06-03T13:13:55.068+0000] {dag.py:3820} INFO - Setting next_dagrun for example_skip_dag to 2026-06-02T00:00:00+00:00, run_after=2026-06-03T00:00:00+00:00
[2026-06-03T13:13:55.076+0000] {processor.py:183} INFO - Processing /home/airflow/.local/lib/python3.8/site-packages/airflow/example_dags/example_skip_dag.py took 0.047 seconds
[2026-06-03T13:14:19.665+0000] {processor.py:161} INFO - Started process (PID=44) to work on /home/airflow/.local/lib/python3.8/site-packages/airflow/example_dags/example_skip_dag.py
[2026-06-03T13:14:19.667+0000] {processor.py:830} INFO - Processing file /home/airflow/.local/lib/python3.8/site-packages/airflow/example_dags/example_skip_dag.py for tasks to queue
[2026-06-03T13:14:19.668+0000] {logging_mixin.py:188} INFO - [2026-06-03T13:14:19.668+0000] {dagbag.py:538} INFO - Filling up the DagBag from /home/airflow/.local/lib/python3.8/site-packages/airflow/example_dags/example_skip_dag.py
[2026-06-03T13:14:19.674+0000] {processor.py:840} INFO - DAG(s) 'example_skip_dag' retrieved from /home/airflow/.local/lib/python3.8/site-packages/airflow/example_dags/example_skip_dag.py
[2026-06-03T13:14:19.704+0000] {logging_mixin.py:188} INFO - [2026-06-03T13:14:19.704+0000] {dag.py:3033} INFO - Sync 1 DAGs
[2026-06-03T13:14:19.724+0000] {logging_mixin.py:188} INFO - [2026-06-03T13:14:19.724+0000] {dag.py:3820} INFO - Setting next_dagrun for example_skip_dag to 2026-06-02T00:00:00+00:00, run_after=2026-06-03T00:00:00+00:00
[2026-06-03T13:14:19.738+0000] {processor.py:183} INFO - Processing /home/airflow/.local/lib/python3.8/site-packages/airflow/example_dags/example_skip_dag.py took 0.077 seconds
[2026-06-03T13:14:50.593+0000] {processor.py:161} INFO - Started process (PID=100) to work on /home/airflow/.local/lib/python3.8/site-packages/airflow/example_dags/example_skip_dag.py
[2026-06-03T13:14:50.596+0000] {processor.py:830} INFO - Processing file /home/airflow/.local/lib/python3.8/site-packages/airflow/example_dags/example_skip_dag.py for tasks to queue
[2026-06-03T13:14:50.598+0000] {logging_mixin.py:188} INFO - [2026-06-03T13:14:50.598+0000] {dagbag.py:538} INFO - Filling up the DagBag from /home/airflow/.local/lib/python3.8/site-packages/airflow/example_dags/example_skip_dag.py
[2026-06-03T13:14:50.602+0000] {processor.py:840} INFO - DAG(s) 'example_skip_dag' retrieved from /home/airflow/.local/lib/python3.8/site-packages/airflow/example_dags/example_skip_dag.py
[2026-06-03T13:14:50.624+0000] {logging_mixin.py:188} INFO - [2026-06-03T13:14:50.624+0000] {dag.py:3033} INFO - Sync 1 DAGs
[2026-06-03T13:14:50.648+0000] {logging_mixin.py:188} INFO - [2026-06-03T13:14:50.647+0000] {dag.py:3820} INFO - Setting next_dagrun for example_skip_dag to 2026-06-02T00:00:00+00:00, run_after=2026-06-03T00:00:00+00:00
[2026-06-03T13:14:50.654+0000] {processor.py:183} INFO - Processing /home/airflow/.local/lib/python3.8/site-packages/airflow/example_dags/example_skip_dag.py took 0.062 seconds
[2026-06-03T13:15:21.231+0000] {processor.py:161} INFO - Started process (PID=156) to work on /home/airflow/.local/lib/python3.8/site-packages/airflow/example_dags/example_skip_dag.py
[2026-06-03T13:15:21.232+0000] {processor.py:830} INFO - Processing file /home/airflow/.local/lib/python3.8/site-packages/airflow/example_dags/example_skip_dag.py for tasks to queue
[2026-06-03T13:15:21.234+0000] {logging_mixin.py:188} INFO - [2026-06-03T13:15:21.233+0000] {dagbag.py:538} INFO - Filling up the DagBag from /home/airflow/.local/lib/python3.8/site-packages/airflow/example_dags/example_skip_dag.py
[2026-06-03T13:15:21.239+0000] {processor.py:840} INFO - DAG(s) 'example_skip_dag' retrieved from /home/airflow/.local/lib/python3.8/site-packages/airflow/example_dags/example_skip_dag.py
[2026-06-03T13:15:21.250+0000] {logging_mixin.py:188} INFO - [2026-06-03T13:15:21.250+0000] {dag.py:3033} INFO - Sync 1 DAGs
[2026-06-03T13:15:21.260+0000] {logging_mixin.py:188} INFO - [2026-06-03T13:15:21.260+0000] {dag.py:3820} INFO - Setting next_dagrun for example_skip_dag to 2026-06-02T00:00:00+00:00, run_after=2026-06-03T00:00:00+00:00
[2026-06-03T13:15:21.271+0000] {processor.py:183} INFO - Processing /home/airflow/.local/lib/python3.8/site-packages/airflow/example_dags/example_skip_dag.py took 0.041 seconds
[2026-06-03T13:15:51.488+0000] {processor.py:161} INFO - Started process (PID=213) to work on /home/airflow/.local/lib/python3.8/site-packages/airflow/example_dags/example_skip_dag.py
[2026-06-03T13:15:51.488+0000] {processor.py:830} INFO - Processing file /home/airflow/.local/lib/python3.8/site-packages/airflow/example_dags/example_skip_dag.py for tasks to queue
[2026-06-03T13:15:51.490+0000] {logging_mixin.py:188} INFO - [2026-06-03T13:15:51.490+0000] {dagbag.py:538} INFO - Filling up the DagBag from /home/airflow/.local/lib/python3.8/site-packages/airflow/example_dags/example_skip_dag.py
[2026-06-03T13:15:51.499+0000] {processor.py:840} INFO - DAG(s) 'example_skip_dag' retrieved from /home/airflow/.local/lib/python3.8/site-packages/airflow/example_dags/example_skip_dag.py
[2026-06-03T13:15:51.527+0000] {logging_mixin.py:188} INFO - [2026-06-03T13:15:51.527+0000] {dag.py:3033} INFO - Sync 1 DAGs
[2026-06-03T13:15:51.545+0000] {logging_mixin.py:188} INFO - [2026-06-03T13:15:51.545+0000] {dag.py:3820} INFO - Setting next_dagrun for example_skip_dag to 2026-06-02T00:00:00+00:00, run_after=2026-06-03T00:00:00+00:00
[2026-06-03T13:15:51.556+0000] {processor.py:183} INFO - Processing /home/airflow/.local/lib/python3.8/site-packages/airflow/example_dags/example_skip_dag.py took 0.070 seconds
[2026-06-03T13:16:22.041+0000] {processor.py:161} INFO - Started process (PID=269) to work on /home/airflow/.local/lib/python3.8/site-packages/airflow/example_dags/example_skip_dag.py
[2026-06-03T13:16:22.043+0000] {processor.py:830} INFO - Processing file /home/airflow/.local/lib/python3.8/site-packages/airflow/example_dags/example_skip_dag.py for tasks to queue
[2026-06-03T13:16:22.045+0000] {logging_mixin.py:188} INFO - [2026-06-03T13:16:22.045+0000] {dagbag.py:538} INFO - Filling up the DagBag from /home/airflow/.local/lib/python3.8/site-packages/airflow/example_dags/example_skip_dag.py
[2026-06-03T13:16:22.047+0000] {processor.py:840} INFO - DAG(s) 'example_skip_dag' retrieved from /home/airflow/.local/lib/python3.8/site-packages/airflow/example_dags/example_skip_dag.py
[2026-06-03T13:16:22.058+0000] {logging_mixin.py:188} INFO - [2026-06-03T13:16:22.058+0000] {dag.py:3033} INFO - Sync 1 DAGs
[2026-06-03T13:16:22.071+0000] {logging_mixin.py:188} INFO - [2026-06-03T13:16:22.071+0000] {dag.py:3820} INFO - Setting next_dagrun for example_skip_dag to 2026-06-02T00:00:00+00:00, run_after=2026-06-03T00:00:00+00:00
[2026-06-03T13:16:22.078+0000] {processor.py:183} INFO - Processing /home/airflow/.local/lib/python3.8/site-packages/airflow/example_dags/example_skip_dag.py took 0.039 seconds
[2026-06-03T13:16:52.321+0000] {processor.py:161} INFO - Started process (PID=325) to work on /home/airflow/.local/lib/python3.8/site-packages/airflow/example_dags/example_skip_dag.py
[2026-06-03T13:16:52.324+0000] {processor.py:830} INFO - Processing file /home/airflow/.local/lib/python3.8/site-packages/airflow/example_dags/example_skip_dag.py for tasks to queue
[2026-06-03T13:16:52.325+0000] {logging_mixin.py:188} INFO - [2026-06-03T13:16:52.325+0000] {dagbag.py:538} INFO - Filling up the DagBag from /home/airflow/.local/lib/python3.8/site-packages/airflow/example_dags/example_skip_dag.py
[2026-06-03T13:16:52.330+0000] {processor.py:840} INFO - DAG(s) 'example_skip_dag' retrieved from /home/airflow/.local/lib/python3.8/site-packages/airflow/example_dags/example_skip_dag.py
[2026-06-03T13:16:52.346+0000] {logging_mixin.py:188} INFO - [2026-06-03T13:16:52.346+0000] {dag.py:3033} INFO - Sync 1 DAGs
[2026-06-03T13:16:52.357+0000] {logging_mixin.py:188} INFO - [2026-06-03T13:16:52.357+0000] {dag.py:3820} INFO - Setting next_dagrun for example_skip_dag to 2026-06-02T00:00:00+00:00, run_after=2026-06-03T00:00:00+00:00
[2026-06-03T13:16:52.369+0000] {processor.py:183} INFO - Processing /home/airflow/.local/lib/python3.8/site-packages/airflow/example_dags/example_skip_dag.py took 0.050 seconds
[2026-06-03T13:17:23.142+0000] {processor.py:161} INFO - Started process (PID=381) to work on /home/airflow/.local/lib/python3.8/site-packages/airflow/example_dags/example_skip_dag.py
[2026-06-03T13:17:23.143+0000] {processor.py:830} INFO - Processing file /home/airflow/.local/lib/python3.8/site-packages/airflow/example_dags/example_skip_dag.py for tasks to queue
[2026-06-03T13:17:23.145+0000] {logging_mixin.py:188} INFO - [2026-06-03T13:17:23.145+0000] {dagbag.py:538} INFO - Filling up the DagBag from /home/airflow/.local/lib/python3.8/site-packages/airflow/example_dags/example_skip_dag.py
[2026-06-03T13:17:23.150+0000] {processor.py:840} INFO - DAG(s) 'example_skip_dag' retrieved from /home/airflow/.local/lib/python3.8/site-packages/airflow/example_dags/example_skip_dag.py
[2026-06-03T13:17:23.169+0000] {logging_mixin.py:188} INFO - [2026-06-03T13:17:23.169+0000] {dag.py:3033} INFO - Sync 1 DAGs
[2026-06-03T13:17:23.189+0000] {logging_mixin.py:188} INFO - [2026-06-03T13:17:23.189+0000] {dag.py:3820} INFO - Setting next_dagrun for example_skip_dag to 2026-06-02T00:00:00+00:00, run_after=2026-06-03T00:00:00+00:00
[2026-06-03T13:17:23.204+0000] {processor.py:183} INFO - Processing /home/airflow/.local/lib/python3.8/site-packages/airflow/example_dags/example_skip_dag.py took 0.063 seconds
[2026-06-03T13:17:53.435+0000] {processor.py:161} INFO - Started process (PID=437) to work on /home/airflow/.local/lib/python3.8/site-packages/airflow/example_dags/example_skip_dag.py
[2026-06-03T13:17:53.436+0000] {processor.py:830} INFO - Processing file /home/airflow/.local/lib/python3.8/site-packages/airflow/example_dags/example_skip_dag.py for tasks to queue
[2026-06-03T13:17:53.439+0000] {logging_mixin.py:188} INFO - [2026-06-03T13:17:53.439+0000] {dagbag.py:538} INFO - Filling up the DagBag from /home/airflow/.local/lib/python3.8/site-packages/airflow/example_dags/example_skip_dag.py
[2026-06-03T13:17:53.443+0000] {processor.py:840} INFO - DAG(s) 'example_skip_dag' retrieved from /home/airflow/.local/lib/python3.8/site-packages/airflow/example_dags/example_skip_dag.py
[2026-06-03T13:17:53.468+0000] {logging_mixin.py:188} INFO - [2026-06-03T13:17:53.468+0000] {dag.py:3033} INFO - Sync 1 DAGs
[2026-06-03T13:17:53.490+0000] {logging_mixin.py:188} INFO - [2026-06-03T13:17:53.490+0000] {dag.py:3820} INFO - Setting next_dagrun for example_skip_dag to 2026-06-02T00:00:00+00:00, run_after=2026-06-03T00:00:00+00:00
[2026-06-03T13:17:53.507+0000] {processor.py:183} INFO - Processing /home/airflow/.local/lib/python3.8/site-packages/airflow/example_dags/example_skip_dag.py took 0.073 seconds
[2026-06-03T13:18:23.743+0000] {processor.py:161} INFO - Started process (PID=493) to work on /home/airflow/.local/lib/python3.8/site-packages/airflow/example_dags/example_skip_dag.py
[2026-06-03T13:18:23.747+0000] {processor.py:830} INFO - Processing file /home/airflow/.local/lib/python3.8/site-packages/airflow/example_dags/example_skip_dag.py for tasks to queue
[2026-06-03T13:18:23.748+0000] {logging_mixin.py:188} INFO - [2026-06-03T13:18:23.748+0000] {dagbag.py:538} INFO - Filling up the DagBag from /home/airflow/.local/lib/python3.8/site-packages/airflow/example_dags/example_skip_dag.py
[2026-06-03T13:18:23.755+0000] {processor.py:840} INFO - DAG(s) 'example_skip_dag' retrieved from /home/airflow/.local/lib/python3.8/site-packages/airflow/example_dags/example_skip_dag.py
[2026-06-03T13:18:23.778+0000] {logging_mixin.py:188} INFO - [2026-06-03T13:18:23.777+0000] {dag.py:3033} INFO - Sync 1 DAGs
[2026-06-03T13:18:23.791+0000] {logging_mixin.py:188} INFO - [2026-06-03T13:18:23.791+0000] {dag.py:3820} INFO - Setting next_dagrun for example_skip_dag to 2026-06-02T00:00:00+00:00, run_after=2026-06-03T00:00:00+00:00
[2026-06-03T13:18:23.802+0000] {processor.py:183} INFO - Processing /home/airflow/.local/lib/python3.8/site-packages/airflow/example_dags/example_skip_dag.py took 0.062 seconds
[2026-06-03T13:18:54.223+0000] {processor.py:161} INFO - Started process (PID=555) to work on /home/airflow/.local/lib/python3.8/site-packages/airflow/example_dags/example_skip_dag.py
[2026-06-03T13:18:54.224+0000] {processor.py:830} INFO - Processing file /home/airflow/.local/lib/python3.8/site-packages/airflow/example_dags/example_skip_dag.py for tasks to queue
[2026-06-03T13:18:54.225+0000] {logging_mixin.py:188} INFO - [2026-06-03T13:18:54.225+0000] {dagbag.py:538} INFO - Filling up the DagBag from /home/airflow/.local/lib/python3.8/site-packages/airflow/example_dags/example_skip_dag.py
[2026-06-03T13:18:54.228+0000] {processor.py:840} INFO - DAG(s) 'example_skip_dag' retrieved from /home/airflow/.local/lib/python3.8/site-packages/airflow/example_dags/example_skip_dag.py
[2026-06-03T13:18:54.243+0000] {logging_mixin.py:188} INFO - [2026-06-03T13:18:54.243+0000] {dag.py:3033} INFO - Sync 1 DAGs
[2026-06-03T13:18:54.257+0000] {logging_mixin.py:188} INFO - [2026-06-03T13:18:54.256+0000] {dag.py:3820} INFO - Setting next_dagrun for example_skip_dag to 2026-06-02T00:00:00+00:00, run_after=2026-06-03T00:00:00+00:00
[2026-06-03T13:18:54.270+0000] {processor.py:183} INFO - Processing /home/airflow/.local/lib/python3.8/site-packages/airflow/example_dags/example_skip_dag.py took 0.049 seconds
[2026-06-03T13:19:24.755+0000] {processor.py:161} INFO - Started process (PID=611) to work on /home/airflow/.local/lib/python3.8/site-packages/airflow/example_dags/example_skip_dag.py
[2026-06-03T13:19:24.757+0000] {processor.py:830} INFO - Processing file /home/airflow/.local/lib/python3.8/site-packages/airflow/example_dags/example_skip_dag.py for tasks to queue
[2026-06-03T13:19:24.758+0000] {logging_mixin.py:188} INFO - [2026-06-03T13:19:24.758+0000] {dagbag.py:538} INFO - Filling up the DagBag from /home/airflow/.local/lib/python3.8/site-packages/airflow/example_dags/example_skip_dag.py
[2026-06-03T13:19:24.762+0000] {processor.py:840} INFO - DAG(s) 'example_skip_dag' retrieved from /home/airflow/.local/lib/python3.8/site-packages/airflow/example_dags/example_skip_dag.py
[2026-06-03T13:19:24.773+0000] {logging_mixin.py:188} INFO - [2026-06-03T13:19:24.772+0000] {dag.py:3033} INFO - Sync 1 DAGs
[2026-06-03T13:19:24.797+0000] {logging_mixin.py:188} INFO - [2026-06-03T13:19:24.797+0000] {dag.py:3820} INFO - Setting next_dagrun for example_skip_dag to 2026-06-02T00:00:00+00:00, run_after=2026-06-03T00:00:00+00:00
[2026-06-03T13:19:24.816+0000] {processor.py:183} INFO - Processing /home/airflow/.local/lib/python3.8/site-packages/airflow/example_dags/example_skip_dag.py took 0.063 seconds
[2026-06-03T13:19:55.894+0000] {processor.py:161} INFO - Started process (PID=667) to work on /home/airflow/.local/lib/python3.8/site-packages/airflow/example_dags/example_skip_dag.py
[2026-06-03T13:19:55.895+0000] {processor.py:830} INFO - Processing file /home/airflow/.local/lib/python3.8/site-packages/airflow/example_dags/example_skip_dag.py for tasks to queue
[2026-06-03T13:19:55.896+0000] {logging_mixin.py:188} INFO - [2026-06-03T13:19:55.896+0000] {dagbag.py:538} INFO - Filling up the DagBag from /home/airflow/.local/lib/python3.8/site-packages/airflow/example_dags/example_skip_dag.py
[2026-06-03T13:19:55.905+0000] {processor.py:840} INFO - DAG(s) 'example_skip_dag' retrieved from /home/airflow/.local/lib/python3.8/site-packages/airflow/example_dags/example_skip_dag.py
[2026-06-03T13:19:55.919+0000] {logging_mixin.py:188} INFO - [2026-06-03T13:19:55.919+0000] {dag.py:3033} INFO - Sync 1 DAGs
[2026-06-03T13:19:55.936+0000] {logging_mixin.py:188} INFO - [2026-06-03T13:19:55.936+0000] {dag.py:3820} INFO - Setting next_dagrun for example_skip_dag to 2026-06-02T00:00:00+00:00, run_after=2026-06-03T00:00:00+00:00
[2026-06-03T13:19:55.947+0000] {processor.py:183} INFO - Processing /home/airflow/.local/lib/python3.8/site-packages/airflow/example_dags/example_skip_dag.py took 0.055 seconds
[2026-06-03T13:20:26.448+0000] {processor.py:161} INFO - Started process (PID=723) to work on /home/airflow/.local/lib/python3.8/site-packages/airflow/example_dags/example_skip_dag.py
[2026-06-03T13:20:26.449+0000] {processor.py:830} INFO - Processing file /home/airflow/.local/lib/python3.8/site-packages/airflow/example_dags/example_skip_dag.py for tasks to queue
[2026-06-03T13:20:26.450+0000] {logging_mixin.py:188} INFO - [2026-06-03T13:20:26.450+0000] {dagbag.py:538} INFO - Filling up the DagBag from /home/airflow/.local/lib/python3.8/site-packages/airflow/example_dags/example_skip_dag.py
[2026-06-03T13:20:26.453+0000] {processor.py:840} INFO - DAG(s) 'example_skip_dag' retrieved from /home/airflow/.local/lib/python3.8/site-packages/airflow/example_dags/example_skip_dag.py
[2026-06-03T13:20:26.465+0000] {logging_mixin.py:188} INFO - [2026-06-03T13:20:26.465+0000] {dag.py:3033} INFO - Sync 1 DAGs
[2026-06-03T13:20:26.488+0000] {logging_mixin.py:188} INFO - [2026-06-03T13:20:26.488+0000] {dag.py:3820} INFO - Setting next_dagrun for example_skip_dag to 2026-06-02T00:00:00+00:00, run_after=2026-06-03T00:00:00+00:00
[2026-06-03T13:20:26.502+0000] {processor.py:183} INFO - Processing /home/airflow/.local/lib/python3.8/site-packages/airflow/example_dags/example_skip_dag.py took 0.056 seconds
[2026-06-03T13:20:57.463+0000] {processor.py:161} INFO - Started process (PID=779) to work on /home/airflow/.local/lib/python3.8/site-packages/airflow/example_dags/example_skip_dag.py
[2026-06-03T13:20:57.466+0000] {processor.py:830} INFO - Processing file /home/airflow/.local/lib/python3.8/site-packages/airflow/example_dags/example_skip_dag.py for tasks to queue
[2026-06-03T13:20:57.467+0000] {logging_mixin.py:188} INFO - [2026-06-03T13:20:57.467+0000] {dagbag.py:538} INFO - Filling up the DagBag from /home/airflow/.local/lib/python3.8/site-packages/airflow/example_dags/example_skip_dag.py
[2026-06-03T13:20:57.474+0000] {processor.py:840} INFO - DAG(s) 'example_skip_dag' retrieved from /home/airflow/.local/lib/python3.8/site-packages/airflow/example_dags/example_skip_dag.py
[2026-06-03T13:20:57.492+0000] {logging_mixin.py:188} INFO - [2026-06-03T13:20:57.492+0000] {dag.py:3033} INFO - Sync 1 DAGs
[2026-06-03T13:20:57.525+0000] {logging_mixin.py:188} INFO - [2026-06-03T13:20:57.525+0000] {dag.py:3820} INFO - Setting next_dagrun for example_skip_dag to 2026-06-02T00:00:00+00:00, run_after=2026-06-03T00:00:00+00:00
[2026-06-03T13:20:57.552+0000] {processor.py:183} INFO - Processing /home/airflow/.local/lib/python3.8/site-packages/airflow/example_dags/example_skip_dag.py took 0.092 seconds
[2026-06-03T13:21:28.789+0000] {processor.py:161} INFO - Started process (PID=835) to work on /home/airflow/.local/lib/python3.8/site-packages/airflow/example_dags/example_skip_dag.py
[2026-06-03T13:21:28.793+0000] {processor.py:830} INFO - Processing file /home/airflow/.local/lib/python3.8/site-packages/airflow/example_dags/example_skip_dag.py for tasks to queue
[2026-06-03T13:21:28.797+0000] {logging_mixin.py:188} INFO - [2026-06-03T13:21:28.797+0000] {dagbag.py:538} INFO - Filling up the DagBag from /home/airflow/.local/lib/python3.8/site-packages/airflow/example_dags/example_skip_dag.py
[2026-06-03T13:21:28.810+0000] {processor.py:840} INFO - DAG(s) 'example_skip_dag' retrieved from /home/airflow/.local/lib/python3.8/site-packages/airflow/example_dags/example_skip_dag.py
[2026-06-03T13:21:28.834+0000] {logging_mixin.py:188} INFO - [2026-06-03T13:21:28.833+0000] {dag.py:3033} INFO - Sync 1 DAGs
[2026-06-03T13:21:28.858+0000] {logging_mixin.py:188} INFO - [2026-06-03T13:21:28.858+0000] {dag.py:3820} INFO - Setting next_dagrun for example_skip_dag to 2026-06-02T00:00:00+00:00, run_after=2026-06-03T00:00:00+00:00
[2026-06-03T13:21:28.871+0000] {processor.py:183} INFO - Processing /home/airflow/.local/lib/python3.8/site-packages/airflow/example_dags/example_skip_dag.py took 0.088 seconds
[2026-06-03T13:21:59.360+0000] {processor.py:161} INFO - Started process (PID=891) to work on /home/airflow/.local/lib/python3.8/site-packages/airflow/example_dags/example_skip_dag.py
[2026-06-03T13:21:59.361+0000] {processor.py:830} INFO - Processing file /home/airflow/.local/lib/python3.8/site-packages/airflow/example_dags/example_skip_dag.py for tasks to queue
[2026-06-03T13:21:59.363+0000] {logging_mixin.py:188} INFO - [2026-06-03T13:21:59.362+0000] {dagbag.py:538} INFO - Filling up the DagBag from /home/airflow/.local/lib/python3.8/site-packages/airflow/example_dags/example_skip_dag.py
[2026-06-03T13:21:59.366+0000] {processor.py:840} INFO - DAG(s) 'example_skip_dag' retrieved from /home/airflow/.local/lib/python3.8/site-packages/airflow/example_dags/example_skip_dag.py
[2026-06-03T13:21:59.379+0000] {logging_mixin.py:188} INFO - [2026-06-03T13:21:59.378+0000] {dag.py:3033} INFO - Sync 1 DAGs
[2026-06-03T13:21:59.398+0000] {logging_mixin.py:188} INFO - [2026-06-03T13:21:59.398+0000] {dag.py:3820} INFO - Setting next_dagrun for example_skip_dag to 2026-06-02T00:00:00+00:00, run_after=2026-06-03T00:00:00+00:00
[2026-06-03T13:21:59.410+0000] {processor.py:183} INFO - Processing /home/airflow/.local/lib/python3.8/site-packages/airflow/example_dags/example_skip_dag.py took 0.054 seconds
[2026-06-03T13:22:29.818+0000] {processor.py:161} INFO - Started process (PID=947) to work on /home/airflow/.local/lib/python3.8/site-packages/airflow/example_dags/example_skip_dag.py
[2026-06-03T13:22:29.820+0000] {processor.py:830} INFO - Processing file /home/airflow/.local/lib/python3.8/site-packages/airflow/example_dags/example_skip_dag.py for tasks to queue
[2026-06-03T13:22:29.824+0000] {logging_mixin.py:188} INFO - [2026-06-03T13:22:29.824+0000] {dagbag.py:538} INFO - Filling up the DagBag from /home/airflow/.local/lib/python3.8/site-packages/airflow/example_dags/example_skip_dag.py
[2026-06-03T13:22:29.828+0000] {processor.py:840} INFO - DAG(s) 'example_skip_dag' retrieved from /home/airflow/.local/lib/python3.8/site-packages/airflow/example_dags/example_skip_dag.py
[2026-06-03T13:22:29.842+0000] {logging_mixin.py:188} INFO - [2026-06-03T13:22:29.842+0000] {dag.py:3033} INFO - Sync 1 DAGs
[2026-06-03T13:22:29.865+0000] {logging_mixin.py:188} INFO - [2026-06-03T13:22:29.865+0000] {dag.py:3820} INFO - Setting next_dagrun for example_skip_dag to 2026-06-02T00:00:00+00:00, run_after=2026-06-03T00:00:00+00:00
[2026-06-03T13:22:29.881+0000] {processor.py:183} INFO - Processing /home/airflow/.local/lib/python3.8/site-packages/airflow/example_dags/example_skip_dag.py took 0.064 seconds
[2026-06-03T13:23:00.544+0000] {processor.py:161} INFO - Started process (PID=1003) to work on /home/airflow/.local/lib/python3.8/site-packages/airflow/example_dags/example_skip_dag.py
[2026-06-03T13:23:00.546+0000] {processor.py:830} INFO - Processing file /home/airflow/.local/lib/python3.8/site-packages/airflow/example_dags/example_skip_dag.py for tasks to queue
[2026-06-03T13:23:00.548+0000] {logging_mixin.py:188} INFO - [2026-06-03T13:23:00.548+0000] {dagbag.py:538} INFO - Filling up the DagBag from /home/airflow/.local/lib/python3.8/site-packages/airflow/example_dags/example_skip_dag.py
[2026-06-03T13:23:00.551+0000] {processor.py:840} INFO - DAG(s) 'example_skip_dag' retrieved from /home/airflow/.local/lib/python3.8/site-packages/airflow/example_dags/example_skip_dag.py
[2026-06-03T13:23:00.576+0000] {logging_mixin.py:188} INFO - [2026-06-03T13:23:00.575+0000] {dag.py:3033} INFO - Sync 1 DAGs
[2026-06-03T13:23:00.619+0000] {logging_mixin.py:188} INFO - [2026-06-03T13:23:00.619+0000] {dag.py:3820} INFO - Setting next_dagrun for example_skip_dag to 2026-06-02T00:00:00+00:00, run_after=2026-06-03T00:00:00+00:00
[2026-06-03T13:23:00.628+0000] {processor.py:183} INFO - Processing /home/airflow/.local/lib/python3.8/site-packages/airflow/example_dags/example_skip_dag.py took 0.087 seconds
[2026-06-03T13:23:31.283+0000] {processor.py:161} INFO - Started process (PID=1059) to work on /home/airflow/.local/lib/python3.8/site-packages/airflow/example_dags/example_skip_dag.py
[2026-06-03T13:23:31.286+0000] {processor.py:830} INFO - Processing file /home/airflow/.local/lib/python3.8/site-packages/airflow/example_dags/example_skip_dag.py for tasks to queue
[2026-06-03T13:23:31.289+0000] {logging_mixin.py:188} INFO - [2026-06-03T13:23:31.289+0000] {dagbag.py:538} INFO - Filling up the DagBag from /home/airflow/.local/lib/python3.8/site-packages/airflow/example_dags/example_skip_dag.py
[2026-06-03T13:23:31.304+0000] {processor.py:840} INFO - DAG(s) 'example_skip_dag' retrieved from /home/airflow/.local/lib/python3.8/site-packages/airflow/example_dags/example_skip_dag.py
[2026-06-03T13:23:31.351+0000] {logging_mixin.py:188} INFO - [2026-06-03T13:23:31.351+0000] {dag.py:3033} INFO - Sync 1 DAGs
[2026-06-03T13:23:31.405+0000] {logging_mixin.py:188} INFO - [2026-06-03T13:23:31.405+0000] {dag.py:3820} INFO - Setting next_dagrun for example_skip_dag to 2026-06-02T00:00:00+00:00, run_after=2026-06-03T00:00:00+00:00
[2026-06-03T13:23:31.432+0000] {processor.py:183} INFO - Processing /home/airflow/.local/lib/python3.8/site-packages/airflow/example_dags/example_skip_dag.py took 0.160 seconds
[2026-06-03T13:24:01.659+0000] {processor.py:161} INFO - Started process (PID=1115) to work on /home/airflow/.local/lib/python3.8/site-packages/airflow/example_dags/example_skip_dag.py
[2026-06-03T13:24:01.663+0000] {processor.py:830} INFO - Processing file /home/airflow/.local/lib/python3.8/site-packages/airflow/example_dags/example_skip_dag.py for tasks to queue
[2026-06-03T13:24:01.665+0000] {logging_mixin.py:188} INFO - [2026-06-03T13:24:01.664+0000] {dagbag.py:538} INFO - Filling up the DagBag from /home/airflow/.local/lib/python3.8/site-packages/airflow/example_dags/example_skip_dag.py
[2026-06-03T13:24:01.669+0000] {processor.py:840} INFO - DAG(s) 'example_skip_dag' retrieved from /home/airflow/.local/lib/python3.8/site-packages/airflow/example_dags/example_skip_dag.py
[2026-06-03T13:24:01.692+0000] {logging_mixin.py:188} INFO - [2026-06-03T13:24:01.692+0000] {dag.py:3033} INFO - Sync 1 DAGs
[2026-06-03T13:24:01.712+0000] {logging_mixin.py:188} INFO - [2026-06-03T13:24:01.712+0000] {dag.py:3820} INFO - Setting next_dagrun for example_skip_dag to 2026-06-02T00:00:00+00:00, run_after=2026-06-03T00:00:00+00:00
[2026-06-03T13:24:01.722+0000] {processor.py:183} INFO - Processing /home/airflow/.local/lib/python3.8/site-packages/airflow/example_dags/example_skip_dag.py took 0.068 seconds
[2026-06-03T13:24:32.318+0000] {processor.py:161} INFO - Started process (PID=1171) to work on /home/airflow/.local/lib/python3.8/site-packages/airflow/example_dags/example_skip_dag.py
[2026-06-03T13:24:32.319+0000] {processor.py:830} INFO - Processing file /home/airflow/.local/lib/python3.8/site-packages/airflow/example_dags/example_skip_dag.py for tasks to queue
[2026-06-03T13:24:32.321+0000] {logging_mixin.py:188} INFO - [2026-06-03T13:24:32.321+0000] {dagbag.py:538} INFO - Filling up the DagBag from /home/airflow/.local/lib/python3.8/site-packages/airflow/example_dags/example_skip_dag.py
[2026-06-03T13:24:32.325+0000] {processor.py:840} INFO - DAG(s) 'example_skip_dag' retrieved from /home/airflow/.local/lib/python3.8/site-packages/airflow/example_dags/example_skip_dag.py
[2026-06-03T13:24:32.339+0000] {logging_mixin.py:188} INFO - [2026-06-03T13:24:32.339+0000] {dag.py:3033} INFO - Sync 1 DAGs
[2026-06-03T13:24:32.362+0000] {logging_mixin.py:188} INFO - [2026-06-03T13:24:32.362+0000] {dag.py:3820} INFO - Setting next_dagrun for example_skip_dag to 2026-06-02T00:00:00+00:00, run_after=2026-06-03T00:00:00+00:00
[2026-06-03T13:24:32.371+0000] {processor.py:183} INFO - Processing /home/airflow/.local/lib/python3.8/site-packages/airflow/example_dags/example_skip_dag.py took 0.056 seconds
[2026-06-03T13:25:02.857+0000] {processor.py:161} INFO - Started process (PID=1227) to work on /home/airflow/.local/lib/python3.8/site-packages/airflow/example_dags/example_skip_dag.py
[2026-06-03T13:25:02.858+0000] {processor.py:830} INFO - Processing file /home/airflow/.local/lib/python3.8/site-packages/airflow/example_dags/example_skip_dag.py for tasks to queue
[2026-06-03T13:25:02.860+0000] {logging_mixin.py:188} INFO - [2026-06-03T13:25:02.860+0000] {dagbag.py:538} INFO - Filling up the DagBag from /home/airflow/.local/lib/python3.8/site-packages/airflow/example_dags/example_skip_dag.py
[2026-06-03T13:25:02.864+0000] {processor.py:840} INFO - DAG(s) 'example_skip_dag' retrieved from /home/airflow/.local/lib/python3.8/site-packages/airflow/example_dags/example_skip_dag.py
[2026-06-03T13:25:02.881+0000] {logging_mixin.py:188} INFO - [2026-06-03T13:25:02.881+0000] {dag.py:3033} INFO - Sync 1 DAGs
[2026-06-03T13:25:02.896+0000] {logging_mixin.py:188} INFO - [2026-06-03T13:25:02.896+0000] {dag.py:3820} INFO - Setting next_dagrun for example_skip_dag to 2026-06-02T00:00:00+00:00, run_after=2026-06-03T00:00:00+00:00
[2026-06-03T13:25:02.932+0000] {processor.py:183} INFO - Processing /home/airflow/.local/lib/python3.8/site-packages/airflow/example_dags/example_skip_dag.py took 0.078 seconds
[2026-06-03T13:25:33.797+0000] {processor.py:161} INFO - Started process (PID=1284) to work on /home/airflow/.local/lib/python3.8/site-packages/airflow/example_dags/example_skip_dag.py
[2026-06-03T13:25:33.797+0000] {processor.py:830} INFO - Processing file /home/airflow/.local/lib/python3.8/site-packages/airflow/example_dags/example_skip_dag.py for tasks to queue
[2026-06-03T13:25:33.798+0000] {logging_mixin.py:188} INFO - [2026-06-03T13:25:33.798+0000] {dagbag.py:538} INFO - Filling up the DagBag from /home/airflow/.local/lib/python3.8/site-packages/airflow/example_dags/example_skip_dag.py
[2026-06-03T13:25:33.805+0000] {processor.py:840} INFO - DAG(s) 'example_skip_dag' retrieved from /home/airflow/.local/lib/python3.8/site-packages/airflow/example_dags/example_skip_dag.py
[2026-06-03T13:25:33.824+0000] {logging_mixin.py:188} INFO - [2026-06-03T13:25:33.823+0000] {dag.py:3033} INFO - Sync 1 DAGs
[2026-06-03T13:25:33.836+0000] {logging_mixin.py:188} INFO - [2026-06-03T13:25:33.836+0000] {dag.py:3820} INFO - Setting next_dagrun for example_skip_dag to 2026-06-02T00:00:00+00:00, run_after=2026-06-03T00:00:00+00:00
[2026-06-03T13:25:33.843+0000] {processor.py:183} INFO - Processing /home/airflow/.local/lib/python3.8/site-packages/airflow/example_dags/example_skip_dag.py took 0.050 seconds
[2026-06-03T13:26:04.009+0000] {processor.py:161} INFO - Started process (PID=1340) to work on /home/airflow/.local/lib/python3.8/site-packages/airflow/example_dags/example_skip_dag.py
[2026-06-03T13:26:04.010+0000] {processor.py:830} INFO - Processing file /home/airflow/.local/lib/python3.8/site-packages/airflow/example_dags/example_skip_dag.py for tasks to queue
[2026-06-03T13:26:04.013+0000] {logging_mixin.py:188} INFO - [2026-06-03T13:26:04.013+0000] {dagbag.py:538} INFO - Filling up the DagBag from /home/airflow/.local/lib/python3.8/site-packages/airflow/example_dags/example_skip_dag.py
[2026-06-03T13:26:04.020+0000] {processor.py:840} INFO - DAG(s) 'example_skip_dag' retrieved from /home/airflow/.local/lib/python3.8/site-packages/airflow/example_dags/example_skip_dag.py
[2026-06-03T13:26:04.034+0000] {logging_mixin.py:188} INFO - [2026-06-03T13:26:04.034+0000] {dag.py:3033} INFO - Sync 1 DAGs
[2026-06-03T13:26:04.047+0000] {logging_mixin.py:188} INFO - [2026-06-03T13:26:04.045+0000] {dag.py:3820} INFO - Setting next_dagrun for example_skip_dag to 2026-06-02T00:00:00+00:00, run_after=2026-06-03T00:00:00+00:00
[2026-06-03T13:26:04.063+0000] {processor.py:183} INFO - Processing /home/airflow/.local/lib/python3.8/site-packages/airflow/example_dags/example_skip_dag.py took 0.057 seconds
[2026-06-03T13:26:34.310+0000] {processor.py:161} INFO - Started process (PID=1396) to work on /home/airflow/.local/lib/python3.8/site-packages/airflow/example_dags/example_skip_dag.py
[2026-06-03T13:26:34.312+0000] {processor.py:830} INFO - Processing file /home/airflow/.local/lib/python3.8/site-packages/airflow/example_dags/example_skip_dag.py for tasks to queue
[2026-06-03T13:26:34.313+0000] {logging_mixin.py:188} INFO - [2026-06-03T13:26:34.313+0000] {dagbag.py:538} INFO - Filling up the DagBag from /home/airflow/.local/lib/python3.8/site-packages/airflow/example_dags/example_skip_dag.py
[2026-06-03T13:26:34.315+0000] {processor.py:840} INFO - DAG(s) 'example_skip_dag' retrieved from /home/airflow/.local/lib/python3.8/site-packages/airflow/example_dags/example_skip_dag.py
[2026-06-03T13:26:34.324+0000] {logging_mixin.py:188} INFO - [2026-06-03T13:26:34.324+0000] {dag.py:3033} INFO - Sync 1 DAGs
[2026-06-03T13:26:34.335+0000] {logging_mixin.py:188} INFO - [2026-06-03T13:26:34.335+0000] {dag.py:3820} INFO - Setting next_dagrun for example_skip_dag to 2026-06-02T00:00:00+00:00, run_after=2026-06-03T00:00:00+00:00
[2026-06-03T13:26:34.347+0000] {processor.py:183} INFO - Processing /home/airflow/.local/lib/python3.8/site-packages/airflow/example_dags/example_skip_dag.py took 0.039 seconds
[2026-06-03T13:27:04.556+0000] {processor.py:161} INFO - Started process (PID=1452) to work on /home/airflow/.local/lib/python3.8/site-packages/airflow/example_dags/example_skip_dag.py
[2026-06-03T13:27:04.557+0000] {processor.py:830} INFO - Processing file /home/airflow/.local/lib/python3.8/site-packages/airflow/example_dags/example_skip_dag.py for tasks to queue
[2026-06-03T13:27:04.559+0000] {logging_mixin.py:188} INFO - [2026-06-03T13:27:04.559+0000] {dagbag.py:538} INFO - Filling up the DagBag from /home/airflow/.local/lib/python3.8/site-packages/airflow/example_dags/example_skip_dag.py
[2026-06-03T13:27:04.563+0000] {processor.py:840} INFO - DAG(s) 'example_skip_dag' retrieved from /home/airflow/.local/lib/python3.8/site-packages/airflow/example_dags/example_skip_dag.py
[2026-06-03T13:27:04.582+0000] {logging_mixin.py:188} INFO - [2026-06-03T13:27:04.582+0000] {dag.py:3033} INFO - Sync 1 DAGs
[2026-06-03T13:27:04.593+0000] {logging_mixin.py:188} INFO - [2026-06-03T13:27:04.593+0000] {dag.py:3820} INFO - Setting next_dagrun for example_skip_dag to 2026-06-02T00:00:00+00:00, run_after=2026-06-03T00:00:00+00:00
[2026-06-03T13:27:04.601+0000] {processor.py:183} INFO - Processing /home/airflow/.local/lib/python3.8/site-packages/airflow/example_dags/example_skip_dag.py took 0.051 seconds
[2026-06-03T13:27:34.931+0000] {processor.py:161} INFO - Started process (PID=1508) to work on /home/airflow/.local/lib/python3.8/site-packages/airflow/example_dags/example_skip_dag.py
[2026-06-03T13:27:34.933+0000] {processor.py:830} INFO - Processing file /home/airflow/.local/lib/python3.8/site-packages/airflow/example_dags/example_skip_dag.py for tasks to queue
[2026-06-03T13:27:34.939+0000] {logging_mixin.py:188} INFO - [2026-06-03T13:27:34.938+0000] {dagbag.py:538} INFO - Filling up the DagBag from /home/airflow/.local/lib/python3.8/site-packages/airflow/example_dags/example_skip_dag.py
[2026-06-03T13:27:34.950+0000] {processor.py:840} INFO - DAG(s) 'example_skip_dag' retrieved from /home/airflow/.local/lib/python3.8/site-packages/airflow/example_dags/example_skip_dag.py
[2026-06-03T13:27:35.002+0000] {logging_mixin.py:188} INFO - [2026-06-03T13:27:35.001+0000] {dag.py:3033} INFO - Sync 1 DAGs
[2026-06-03T13:27:35.030+0000] {logging_mixin.py:188} INFO - [2026-06-03T13:27:35.030+0000] {dag.py:3820} INFO - Setting next_dagrun for example_skip_dag to 2026-06-02T00:00:00+00:00, run_after=2026-06-03T00:00:00+00:00
[2026-06-03T13:27:35.053+0000] {processor.py:183} INFO - Processing /home/airflow/.local/lib/python3.8/site-packages/airflow/example_dags/example_skip_dag.py took 0.125 seconds
[2026-06-03T13:28:05.124+0000] {processor.py:161} INFO - Started process (PID=1564) to work on /home/airflow/.local/lib/python3.8/site-packages/airflow/example_dags/example_skip_dag.py
[2026-06-03T13:28:05.126+0000] {processor.py:830} INFO - Processing file /home/airflow/.local/lib/python3.8/site-packages/airflow/example_dags/example_skip_dag.py for tasks to queue
[2026-06-03T13:28:05.127+0000] {logging_mixin.py:188} INFO - [2026-06-03T13:28:05.127+0000] {dagbag.py:538} INFO - Filling up the DagBag from /home/airflow/.local/lib/python3.8/site-packages/airflow/example_dags/example_skip_dag.py
[2026-06-03T13:28:05.129+0000] {processor.py:840} INFO - DAG(s) 'example_skip_dag' retrieved from /home/airflow/.local/lib/python3.8/site-packages/airflow/example_dags/example_skip_dag.py
[2026-06-03T13:28:05.144+0000] {logging_mixin.py:188} INFO - [2026-06-03T13:28:05.144+0000] {dag.py:3033} INFO - Sync 1 DAGs
[2026-06-03T13:28:05.154+0000] {logging_mixin.py:188} INFO - [2026-06-03T13:28:05.154+0000] {dag.py:3820} INFO - Setting next_dagrun for example_skip_dag to 2026-06-02T00:00:00+00:00, run_after=2026-06-03T00:00:00+00:00
[2026-06-03T13:28:05.165+0000] {processor.py:183} INFO - Processing /home/airflow/.local/lib/python3.8/site-packages/airflow/example_dags/example_skip_dag.py took 0.043 seconds
[2026-06-03T13:28:35.350+0000] {processor.py:161} INFO - Started process (PID=1620) to work on /home/airflow/.local/lib/python3.8/site-packages/airflow/example_dags/example_skip_dag.py
[2026-06-03T13:28:35.351+0000] {processor.py:830} INFO - Processing file /home/airflow/.local/lib/python3.8/site-packages/airflow/example_dags/example_skip_dag.py for tasks to queue
[2026-06-03T13:28:35.354+0000] {logging_mixin.py:188} INFO - [2026-06-03T13:28:35.353+0000] {dagbag.py:538} INFO - Filling up the DagBag from /home/airflow/.local/lib/python3.8/site-packages/airflow/example_dags/example_skip_dag.py
[2026-06-03T13:28:35.357+0000] {processor.py:840} INFO - DAG(s) 'example_skip_dag' retrieved from /home/airflow/.local/lib/python3.8/site-packages/airflow/example_dags/example_skip_dag.py
[2026-06-03T13:28:35.374+0000] {logging_mixin.py:188} INFO - [2026-06-03T13:28:35.374+0000] {dag.py:3033} INFO - Sync 1 DAGs
[2026-06-03T13:28:35.383+0000] {logging_mixin.py:188} INFO - [2026-06-03T13:28:35.383+0000] {dag.py:3820} INFO - Setting next_dagrun for example_skip_dag to 2026-06-02T00:00:00+00:00, run_after=2026-06-03T00:00:00+00:00
[2026-06-03T13:28:35.393+0000] {processor.py:183} INFO - Processing /home/airflow/.local/lib/python3.8/site-packages/airflow/example_dags/example_skip_dag.py took 0.046 seconds
[2026-06-03T13:29:05.507+0000] {processor.py:161} INFO - Started process (PID=1676) to work on /home/airflow/.local/lib/python3.8/site-packages/airflow/example_dags/example_skip_dag.py
[2026-06-03T13:29:05.508+0000] {processor.py:830} INFO - Processing file /home/airflow/.local/lib/python3.8/site-packages/airflow/example_dags/example_skip_dag.py for tasks to queue
[2026-06-03T13:29:05.511+0000] {logging_mixin.py:188} INFO - [2026-06-03T13:29:05.511+0000] {dagbag.py:538} INFO - Filling up the DagBag from /home/airflow/.local/lib/python3.8/site-packages/airflow/example_dags/example_skip_dag.py
[2026-06-03T13:29:05.515+0000] {processor.py:840} INFO - DAG(s) 'example_skip_dag' retrieved from /home/airflow/.local/lib/python3.8/site-packages/airflow/example_dags/example_skip_dag.py
[2026-06-03T13:29:05.530+0000] {logging_mixin.py:188} INFO - [2026-06-03T13:29:05.530+0000] {dag.py:3033} INFO - Sync 1 DAGs
[2026-06-03T13:29:05.541+0000] {logging_mixin.py:188} INFO - [2026-06-03T13:29:05.541+0000] {dag.py:3820} INFO - Setting next_dagrun for example_skip_dag to 2026-06-02T00:00:00+00:00, run_after=2026-06-03T00:00:00+00:00
[2026-06-03T13:29:05.551+0000] {processor.py:183} INFO - Processing /home/airflow/.local/lib/python3.8/site-packages/airflow/example_dags/example_skip_dag.py took 0.046 seconds
[2026-06-03T13:29:35.979+0000] {processor.py:161} INFO - Started process (PID=1732) to work on /home/airflow/.local/lib/python3.8/site-packages/airflow/example_dags/example_skip_dag.py
[2026-06-03T13:29:35.980+0000] {processor.py:830} INFO - Processing file /home/airflow/.local/lib/python3.8/site-packages/airflow/example_dags/example_skip_dag.py for tasks to queue
[2026-06-03T13:29:35.983+0000] {logging_mixin.py:188} INFO - [2026-06-03T13:29:35.982+0000] {dagbag.py:538} INFO - Filling up the DagBag from /home/airflow/.local/lib/python3.8/site-packages/airflow/example_dags/example_skip_dag.py
[2026-06-03T13:29:35.988+0000] {processor.py:840} INFO - DAG(s) 'example_skip_dag' retrieved from /home/airflow/.local/lib/python3.8/site-packages/airflow/example_dags/example_skip_dag.py
[2026-06-03T13:29:36.002+0000] {logging_mixin.py:188} INFO - [2026-06-03T13:29:36.002+0000] {dag.py:3033} INFO - Sync 1 DAGs
[2026-06-03T13:29:36.014+0000] {logging_mixin.py:188} INFO - [2026-06-03T13:29:36.014+0000] {dag.py:3820} INFO - Setting next_dagrun for example_skip_dag to 2026-06-02T00:00:00+00:00, run_after=2026-06-03T00:00:00+00:00
[2026-06-03T13:29:36.035+0000] {processor.py:183} INFO - Processing /home/airflow/.local/lib/python3.8/site-packages/airflow/example_dags/example_skip_dag.py took 0.060 seconds
[2026-06-03T13:30:06.710+0000] {processor.py:161} INFO - Started process (PID=1788) to work on /home/airflow/.local/lib/python3.8/site-packages/airflow/example_dags/example_skip_dag.py
[2026-06-03T13:30:06.711+0000] {processor.py:830} INFO - Processing file /home/airflow/.local/lib/python3.8/site-packages/airflow/example_dags/example_skip_dag.py for tasks to queue
[2026-06-03T13:30:06.712+0000] {logging_mixin.py:188} INFO - [2026-06-03T13:30:06.712+0000] {dagbag.py:538} INFO - Filling up the DagBag from /home/airflow/.local/lib/python3.8/site-packages/airflow/example_dags/example_skip_dag.py
[2026-06-03T13:30:06.715+0000] {processor.py:840} INFO - DAG(s) 'example_skip_dag' retrieved from /home/airflow/.local/lib/python3.8/site-packages/airflow/example_dags/example_skip_dag.py
[2026-06-03T13:30:06.725+0000] {logging_mixin.py:188} INFO - [2026-06-03T13:30:06.725+0000] {dag.py:3033} INFO - Sync 1 DAGs
[2026-06-03T13:30:06.745+0000] {logging_mixin.py:188} INFO - [2026-06-03T13:30:06.744+0000] {dag.py:3820} INFO - Setting next_dagrun for example_skip_dag to 2026-06-02T00:00:00+00:00, run_after=2026-06-03T00:00:00+00:00
[2026-06-03T13:30:06.754+0000] {processor.py:183} INFO - Processing /home/airflow/.local/lib/python3.8/site-packages/airflow/example_dags/example_skip_dag.py took 0.046 seconds
[2026-06-03T13:30:36.954+0000] {processor.py:161} INFO - Started process (PID=1844) to work on /home/airflow/.local/lib/python3.8/site-packages/airflow/example_dags/example_skip_dag.py
[2026-06-03T13:30:36.956+0000] {processor.py:830} INFO - Processing file /home/airflow/.local/lib/python3.8/site-packages/airflow/example_dags/example_skip_dag.py for tasks to queue
[2026-06-03T13:30:36.957+0000] {logging_mixin.py:188} INFO - [2026-06-03T13:30:36.957+0000] {dagbag.py:538} INFO - Filling up the DagBag from /home/airflow/.local/lib/python3.8/site-packages/airflow/example_dags/example_skip_dag.py
[2026-06-03T13:30:36.960+0000] {processor.py:840} INFO - DAG(s) 'example_skip_dag' retrieved from /home/airflow/.local/lib/python3.8/site-packages/airflow/example_dags/example_skip_dag.py
[2026-06-03T13:30:36.975+0000] {logging_mixin.py:188} INFO - [2026-06-03T13:30:36.974+0000] {dag.py:3033} INFO - Sync 1 DAGs
[2026-06-03T13:30:36.997+0000] {logging_mixin.py:188} INFO - [2026-06-03T13:30:36.997+0000] {dag.py:3820} INFO - Setting next_dagrun for example_skip_dag to 2026-06-02T00:00:00+00:00, run_after=2026-06-03T00:00:00+00:00
[2026-06-03T13:30:37.019+0000] {processor.py:183} INFO - Processing /home/airflow/.local/lib/python3.8/site-packages/airflow/example_dags/example_skip_dag.py took 0.066 seconds
[2026-06-03T13:31:07.344+0000] {processor.py:161} INFO - Started process (PID=1900) to work on /home/airflow/.local/lib/python3.8/site-packages/airflow/example_dags/example_skip_dag.py
[2026-06-03T13:31:07.346+0000] {processor.py:830} INFO - Processing file /home/airflow/.local/lib/python3.8/site-packages/airflow/example_dags/example_skip_dag.py for tasks to queue
[2026-06-03T13:31:07.346+0000] {logging_mixin.py:188} INFO - [2026-06-03T13:31:07.346+0000] {dagbag.py:538} INFO - Filling up the DagBag from /home/airflow/.local/lib/python3.8/site-packages/airflow/example_dags/example_skip_dag.py
[2026-06-03T13:31:07.350+0000] {processor.py:840} INFO - DAG(s) 'example_skip_dag' retrieved from /home/airflow/.local/lib/python3.8/site-packages/airflow/example_dags/example_skip_dag.py
[2026-06-03T13:31:07.359+0000] {logging_mixin.py:188} INFO - [2026-06-03T13:31:07.359+0000] {dag.py:3033} INFO - Sync 1 DAGs
[2026-06-03T13:31:07.374+0000] {logging_mixin.py:188} INFO - [2026-06-03T13:31:07.374+0000] {dag.py:3820} INFO - Setting next_dagrun for example_skip_dag to 2026-06-02T00:00:00+00:00, run_after=2026-06-03T00:00:00+00:00
[2026-06-03T13:31:07.388+0000] {processor.py:183} INFO - Processing /home/airflow/.local/lib/python3.8/site-packages/airflow/example_dags/example_skip_dag.py took 0.045 seconds
[2026-06-03T13:31:37.853+0000] {processor.py:161} INFO - Started process (PID=1956) to work on /home/airflow/.local/lib/python3.8/site-packages/airflow/example_dags/example_skip_dag.py
[2026-06-03T13:31:37.853+0000] {processor.py:830} INFO - Processing file /home/airflow/.local/lib/python3.8/site-packages/airflow/example_dags/example_skip_dag.py for tasks to queue
[2026-06-03T13:31:37.855+0000] {logging_mixin.py:188} INFO - [2026-06-03T13:31:37.855+0000] {dagbag.py:538} INFO - Filling up the DagBag from /home/airflow/.local/lib/python3.8/site-packages/airflow/example_dags/example_skip_dag.py
[2026-06-03T13:31:37.858+0000] {processor.py:840} INFO - DAG(s) 'example_skip_dag' retrieved from /home/airflow/.local/lib/python3.8/site-packages/airflow/example_dags/example_skip_dag.py
[2026-06-03T13:31:37.871+0000] {logging_mixin.py:188} INFO - [2026-06-03T13:31:37.871+0000] {dag.py:3033} INFO - Sync 1 DAGs
[2026-06-03T13:31:37.886+0000] {logging_mixin.py:188} INFO - [2026-06-03T13:31:37.886+0000] {dag.py:3820} INFO - Setting next_dagrun for example_skip_dag to 2026-06-02T00:00:00+00:00, run_after=2026-06-03T00:00:00+00:00
[2026-06-03T13:31:37.900+0000] {processor.py:183} INFO - Processing /home/airflow/.local/lib/python3.8/site-packages/airflow/example_dags/example_skip_dag.py took 0.049 seconds
[2026-06-03T13:32:08.014+0000] {processor.py:161} INFO - Started process (PID=2012) to work on /home/airflow/.local/lib/python3.8/site-packages/airflow/example_dags/example_skip_dag.py
[2026-06-03T13:32:08.015+0000] {processor.py:830} INFO - Processing file /home/airflow/.local/lib/python3.8/site-packages/airflow/example_dags/example_skip_dag.py for tasks to queue
[2026-06-03T13:32:08.016+0000] {logging_mixin.py:188} INFO - [2026-06-03T13:32:08.016+0000] {dagbag.py:538} INFO - Filling up the DagBag from /home/airflow/.local/lib/python3.8/site-packages/airflow/example_dags/example_skip_dag.py
[2026-06-03T13:32:08.020+0000] {processor.py:840} INFO - DAG(s) 'example_skip_dag' retrieved from /home/airflow/.local/lib/python3.8/site-packages/airflow/example_dags/example_skip_dag.py
[2026-06-03T13:32:08.036+0000] {logging_mixin.py:188} INFO - [2026-06-03T13:32:08.036+0000] {dag.py:3033} INFO - Sync 1 DAGs
[2026-06-03T13:32:08.048+0000] {logging_mixin.py:188} INFO - [2026-06-03T13:32:08.048+0000] {dag.py:3820} INFO - Setting next_dagrun for example_skip_dag to 2026-06-02T00:00:00+00:00, run_after=2026-06-03T00:00:00+00:00
[2026-06-03T13:32:08.062+0000] {processor.py:183} INFO - Processing /home/airflow/.local/lib/python3.8/site-packages/airflow/example_dags/example_skip_dag.py took 0.051 seconds
[2026-06-03T13:32:39.114+0000] {processor.py:161} INFO - Started process (PID=2068) to work on /home/airflow/.local/lib/python3.8/site-packages/airflow/example_dags/example_skip_dag.py
[2026-06-03T13:32:39.115+0000] {processor.py:830} INFO - Processing file /home/airflow/.local/lib/python3.8/site-packages/airflow/example_dags/example_skip_dag.py for tasks to queue
[2026-06-03T13:32:39.116+0000] {logging_mixin.py:188} INFO - [2026-06-03T13:32:39.115+0000] {dagbag.py:538} INFO - Filling up the DagBag from /home/airflow/.local/lib/python3.8/site-packages/airflow/example_dags/example_skip_dag.py
[2026-06-03T13:32:39.119+0000] {processor.py:840} INFO - DAG(s) 'example_skip_dag' retrieved from /home/airflow/.local/lib/python3.8/site-packages/airflow/example_dags/example_skip_dag.py
[2026-06-03T13:32:39.133+0000] {logging_mixin.py:188} INFO - [2026-06-03T13:32:39.133+0000] {dag.py:3033} INFO - Sync 1 DAGs
[2026-06-03T13:32:39.151+0000] {logging_mixin.py:188} INFO - [2026-06-03T13:32:39.151+0000] {dag.py:3820} INFO - Setting next_dagrun for example_skip_dag to 2026-06-02T00:00:00+00:00, run_after=2026-06-03T00:00:00+00:00
[2026-06-03T13:32:39.160+0000] {processor.py:183} INFO - Processing /home/airflow/.local/lib/python3.8/site-packages/airflow/example_dags/example_skip_dag.py took 0.048 seconds
[2026-06-03T13:33:09.465+0000] {processor.py:161} INFO - Started process (PID=2124) to work on /home/airflow/.local/lib/python3.8/site-packages/airflow/example_dags/example_skip_dag.py
[2026-06-03T13:33:09.465+0000] {processor.py:830} INFO - Processing file /home/airflow/.local/lib/python3.8/site-packages/airflow/example_dags/example_skip_dag.py for tasks to queue
[2026-06-03T13:33:09.466+0000] {logging_mixin.py:188} INFO - [2026-06-03T13:33:09.466+0000] {dagbag.py:538} INFO - Filling up the DagBag from /home/airflow/.local/lib/python3.8/site-packages/airflow/example_dags/example_skip_dag.py
[2026-06-03T13:33:09.470+0000] {processor.py:840} INFO - DAG(s) 'example_skip_dag' retrieved from /home/airflow/.local/lib/python3.8/site-packages/airflow/example_dags/example_skip_dag.py
[2026-06-03T13:33:09.480+0000] {logging_mixin.py:188} INFO - [2026-06-03T13:33:09.480+0000] {dag.py:3033} INFO - Sync 1 DAGs
[2026-06-03T13:33:09.490+0000] {logging_mixin.py:188} INFO - [2026-06-03T13:33:09.490+0000] {dag.py:3820} INFO - Setting next_dagrun for example_skip_dag to 2026-06-02T00:00:00+00:00, run_after=2026-06-03T00:00:00+00:00
[2026-06-03T13:33:09.497+0000] {processor.py:183} INFO - Processing /home/airflow/.local/lib/python3.8/site-packages/airflow/example_dags/example_skip_dag.py took 0.034 seconds
[2026-06-03T13:33:39.924+0000] {processor.py:161} INFO - Started process (PID=2180) to work on /home/airflow/.local/lib/python3.8/site-packages/airflow/example_dags/example_skip_dag.py
[2026-06-03T13:33:39.926+0000] {processor.py:830} INFO - Processing file /home/airflow/.local/lib/python3.8/site-packages/airflow/example_dags/example_skip_dag.py for tasks to queue
[2026-06-03T13:33:39.928+0000] {logging_mixin.py:188} INFO - [2026-06-03T13:33:39.928+0000] {dagbag.py:538} INFO - Filling up the DagBag from /home/airflow/.local/lib/python3.8/site-packages/airflow/example_dags/example_skip_dag.py
[2026-06-03T13:33:39.931+0000] {processor.py:840} INFO - DAG(s) 'example_skip_dag' retrieved from /home/airflow/.local/lib/python3.8/site-packages/airflow/example_dags/example_skip_dag.py
[2026-06-03T13:33:39.942+0000] {logging_mixin.py:188} INFO - [2026-06-03T13:33:39.942+0000] {dag.py:3033} INFO - Sync 1 DAGs
[2026-06-03T13:33:39.965+0000] {logging_mixin.py:188} INFO - [2026-06-03T13:33:39.964+0000] {dag.py:3820} INFO - Setting next_dagrun for example_skip_dag to 2026-06-02T00:00:00+00:00, run_after=2026-06-03T00:00:00+00:00
[2026-06-03T13:33:39.977+0000] {processor.py:183} INFO - Processing /home/airflow/.local/lib/python3.8/site-packages/airflow/example_dags/example_skip_dag.py took 0.056 seconds
[2026-06-03T13:34:10.976+0000] {processor.py:161} INFO - Started process (PID=2236) to work on /home/airflow/.local/lib/python3.8/site-packages/airflow/example_dags/example_skip_dag.py
[2026-06-03T13:34:10.977+0000] {processor.py:830} INFO - Processing file /home/airflow/.local/lib/python3.8/site-packages/airflow/example_dags/example_skip_dag.py for tasks to queue
[2026-06-03T13:34:10.978+0000] {logging_mixin.py:188} INFO - [2026-06-03T13:34:10.978+0000] {dagbag.py:538} INFO - Filling up the DagBag from /home/airflow/.local/lib/python3.8/site-packages/airflow/example_dags/example_skip_dag.py
[2026-06-03T13:34:10.981+0000] {processor.py:840} INFO - DAG(s) 'example_skip_dag' retrieved from /home/airflow/.local/lib/python3.8/site-packages/airflow/example_dags/example_skip_dag.py
[2026-06-03T13:34:10.997+0000] {logging_mixin.py:188} INFO - [2026-06-03T13:34:10.997+0000] {dag.py:3033} INFO - Sync 1 DAGs
[2026-06-03T13:34:11.080+0000] {logging_mixin.py:188} INFO - [2026-06-03T13:34:11.080+0000] {dag.py:3820} INFO - Setting next_dagrun for example_skip_dag to 2026-06-02T00:00:00+00:00, run_after=2026-06-03T00:00:00+00:00
[2026-06-03T13:34:11.096+0000] {processor.py:183} INFO - Processing /home/airflow/.local/lib/python3.8/site-packages/airflow/example_dags/example_skip_dag.py took 0.122 seconds
[2026-06-03T13:34:41.737+0000] {processor.py:161} INFO - Started process (PID=2292) to work on /home/airflow/.local/lib/python3.8/site-packages/airflow/example_dags/example_skip_dag.py
[2026-06-03T13:34:41.739+0000] {processor.py:830} INFO - Processing file /home/airflow/.local/lib/python3.8/site-packages/airflow/example_dags/example_skip_dag.py for tasks to queue
[2026-06-03T13:34:41.747+0000] {logging_mixin.py:188} INFO - [2026-06-03T13:34:41.747+0000] {dagbag.py:538} INFO - Filling up the DagBag from /home/airflow/.local/lib/python3.8/site-packages/airflow/example_dags/example_skip_dag.py
[2026-06-03T13:34:41.752+0000] {processor.py:840} INFO - DAG(s) 'example_skip_dag' retrieved from /home/airflow/.local/lib/python3.8/site-packages/airflow/example_dags/example_skip_dag.py
[2026-06-03T13:34:41.771+0000] {logging_mixin.py:188} INFO - [2026-06-03T13:34:41.770+0000] {dag.py:3033} INFO - Sync 1 DAGs
[2026-06-03T13:34:41.896+0000] {logging_mixin.py:188} INFO - [2026-06-03T13:34:41.896+0000] {dag.py:3820} INFO - Setting next_dagrun for example_skip_dag to 2026-06-02T00:00:00+00:00, run_after=2026-06-03T00:00:00+00:00
[2026-06-03T13:34:41.924+0000] {processor.py:183} INFO - Processing /home/airflow/.local/lib/python3.8/site-packages/airflow/example_dags/example_skip_dag.py took 0.192 seconds
[2026-06-03T13:35:12.425+0000] {processor.py:161} INFO - Started process (PID=2348) to work on /home/airflow/.local/lib/python3.8/site-packages/airflow/example_dags/example_skip_dag.py
[2026-06-03T13:35:12.425+0000] {processor.py:830} INFO - Processing file /home/airflow/.local/lib/python3.8/site-packages/airflow/example_dags/example_skip_dag.py for tasks to queue
[2026-06-03T13:35:12.427+0000] {logging_mixin.py:188} INFO - [2026-06-03T13:35:12.426+0000] {dagbag.py:538} INFO - Filling up the DagBag from /home/airflow/.local/lib/python3.8/site-packages/airflow/example_dags/example_skip_dag.py
[2026-06-03T13:35:12.431+0000] {processor.py:840} INFO - DAG(s) 'example_skip_dag' retrieved from /home/airflow/.local/lib/python3.8/site-packages/airflow/example_dags/example_skip_dag.py
[2026-06-03T13:35:12.454+0000] {logging_mixin.py:188} INFO - [2026-06-03T13:35:12.454+0000] {dag.py:3033} INFO - Sync 1 DAGs
[2026-06-03T13:35:12.472+0000] {logging_mixin.py:188} INFO - [2026-06-03T13:35:12.472+0000] {dag.py:3820} INFO - Setting next_dagrun for example_skip_dag to 2026-06-02T00:00:00+00:00, run_after=2026-06-03T00:00:00+00:00
[2026-06-03T13:35:12.485+0000] {processor.py:183} INFO - Processing /home/airflow/.local/lib/python3.8/site-packages/airflow/example_dags/example_skip_dag.py took 0.063 seconds
[2026-06-03T13:35:43.017+0000] {processor.py:161} INFO - Started process (PID=2404) to work on /home/airflow/.local/lib/python3.8/site-packages/airflow/example_dags/example_skip_dag.py
[2026-06-03T13:35:43.018+0000] {processor.py:830} INFO - Processing file /home/airflow/.local/lib/python3.8/site-packages/airflow/example_dags/example_skip_dag.py for tasks to queue
[2026-06-03T13:35:43.021+0000] {logging_mixin.py:188} INFO - [2026-06-03T13:35:43.020+0000] {dagbag.py:538} INFO - Filling up the DagBag from /home/airflow/.local/lib/python3.8/site-packages/airflow/example_dags/example_skip_dag.py
[2026-06-03T13:35:43.035+0000] {processor.py:840} INFO - DAG(s) 'example_skip_dag' retrieved from /home/airflow/.local/lib/python3.8/site-packages/airflow/example_dags/example_skip_dag.py
[2026-06-03T13:35:43.065+0000] {logging_mixin.py:188} INFO - [2026-06-03T13:35:43.065+0000] {dag.py:3033} INFO - Sync 1 DAGs
[2026-06-03T13:35:43.079+0000] {logging_mixin.py:188} INFO - [2026-06-03T13:35:43.079+0000] {dag.py:3820} INFO - Setting next_dagrun for example_skip_dag to 2026-06-02T00:00:00+00:00, run_after=2026-06-03T00:00:00+00:00
[2026-06-03T13:35:43.092+0000] {processor.py:183} INFO - Processing /home/airflow/.local/lib/python3.8/site-packages/airflow/example_dags/example_skip_dag.py took 0.078 seconds
[2026-06-03T13:36:13.476+0000] {processor.py:161} INFO - Started process (PID=2460) to work on /home/airflow/.local/lib/python3.8/site-packages/airflow/example_dags/example_skip_dag.py
[2026-06-03T13:36:13.477+0000] {processor.py:830} INFO - Processing file /home/airflow/.local/lib/python3.8/site-packages/airflow/example_dags/example_skip_dag.py for tasks to queue
[2026-06-03T13:36:13.478+0000] {logging_mixin.py:188} INFO - [2026-06-03T13:36:13.478+0000] {dagbag.py:538} INFO - Filling up the DagBag from /home/airflow/.local/lib/python3.8/site-packages/airflow/example_dags/example_skip_dag.py
[2026-06-03T13:36:13.482+0000] {processor.py:840} INFO - DAG(s) 'example_skip_dag' retrieved from /home/airflow/.local/lib/python3.8/site-packages/airflow/example_dags/example_skip_dag.py
[2026-06-03T13:36:13.494+0000] {logging_mixin.py:188} INFO - [2026-06-03T13:36:13.494+0000] {dag.py:3033} INFO - Sync 1 DAGs
[2026-06-03T13:36:13.603+0000] {logging_mixin.py:188} INFO - [2026-06-03T13:36:13.603+0000] {dag.py:3820} INFO - Setting next_dagrun for example_skip_dag to 2026-06-02T00:00:00+00:00, run_after=2026-06-03T00:00:00+00:00
[2026-06-03T13:36:13.608+0000] {processor.py:183} INFO - Processing /home/airflow/.local/lib/python3.8/site-packages/airflow/example_dags/example_skip_dag.py took 0.135 seconds
[2026-06-03T13:36:44.727+0000] {processor.py:161} INFO - Started process (PID=2516) to work on /home/airflow/.local/lib/python3.8/site-packages/airflow/example_dags/example_skip_dag.py
[2026-06-03T13:36:44.728+0000] {processor.py:830} INFO - Processing file /home/airflow/.local/lib/python3.8/site-packages/airflow/example_dags/example_skip_dag.py for tasks to queue
[2026-06-03T13:36:44.729+0000] {logging_mixin.py:188} INFO - [2026-06-03T13:36:44.729+0000] {dagbag.py:538} INFO - Filling up the DagBag from /home/airflow/.local/lib/python3.8/site-packages/airflow/example_dags/example_skip_dag.py
[2026-06-03T13:36:44.733+0000] {processor.py:840} INFO - DAG(s) 'example_skip_dag' retrieved from /home/airflow/.local/lib/python3.8/site-packages/airflow/example_dags/example_skip_dag.py
[2026-06-03T13:36:44.752+0000] {logging_mixin.py:188} INFO - [2026-06-03T13:36:44.752+0000] {dag.py:3033} INFO - Sync 1 DAGs
[2026-06-03T13:36:44.851+0000] {logging_mixin.py:188} INFO - [2026-06-03T13:36:44.851+0000] {dag.py:3820} INFO - Setting next_dagrun for example_skip_dag to 2026-06-02T00:00:00+00:00, run_after=2026-06-03T00:00:00+00:00
[2026-06-03T13:36:45.054+0000] {processor.py:183} INFO - Processing /home/airflow/.local/lib/python3.8/site-packages/airflow/example_dags/example_skip_dag.py took 0.330 seconds
[2026-06-03T13:37:15.179+0000] {processor.py:161} INFO - Started process (PID=2572) to work on /home/airflow/.local/lib/python3.8/site-packages/airflow/example_dags/example_skip_dag.py
[2026-06-03T13:37:15.180+0000] {processor.py:830} INFO - Processing file /home/airflow/.local/lib/python3.8/site-packages/airflow/example_dags/example_skip_dag.py for tasks to queue
[2026-06-03T13:37:15.184+0000] {logging_mixin.py:188} INFO - [2026-06-03T13:37:15.184+0000] {dagbag.py:538} INFO - Filling up the DagBag from /home/airflow/.local/lib/python3.8/site-packages/airflow/example_dags/example_skip_dag.py
[2026-06-03T13:37:15.191+0000] {processor.py:840} INFO - DAG(s) 'example_skip_dag' retrieved from /home/airflow/.local/lib/python3.8/site-packages/airflow/example_dags/example_skip_dag.py
[2026-06-03T13:37:15.209+0000] {logging_mixin.py:188} INFO - [2026-06-03T13:37:15.209+0000] {dag.py:3033} INFO - Sync 1 DAGs
[2026-06-03T13:37:15.222+0000] {logging_mixin.py:188} INFO - [2026-06-03T13:37:15.222+0000] {dag.py:3820} INFO - Setting next_dagrun for example_skip_dag to 2026-06-02T00:00:00+00:00, run_after=2026-06-03T00:00:00+00:00
[2026-06-03T13:37:15.238+0000] {processor.py:183} INFO - Processing /home/airflow/.local/lib/python3.8/site-packages/airflow/example_dags/example_skip_dag.py took 0.061 seconds
[2026-06-03T13:37:45.887+0000] {processor.py:161} INFO - Started process (PID=2628) to work on /home/airflow/.local/lib/python3.8/site-packages/airflow/example_dags/example_skip_dag.py
[2026-06-03T13:37:45.889+0000] {processor.py:830} INFO - Processing file /home/airflow/.local/lib/python3.8/site-packages/airflow/example_dags/example_skip_dag.py for tasks to queue
[2026-06-03T13:37:45.891+0000] {logging_mixin.py:188} INFO - [2026-06-03T13:37:45.891+0000] {dagbag.py:538} INFO - Filling up the DagBag from /home/airflow/.local/lib/python3.8/site-packages/airflow/example_dags/example_skip_dag.py
[2026-06-03T13:37:45.903+0000] {processor.py:840} INFO - DAG(s) 'example_skip_dag' retrieved from /home/airflow/.local/lib/python3.8/site-packages/airflow/example_dags/example_skip_dag.py
[2026-06-03T13:37:45.945+0000] {logging_mixin.py:188} INFO - [2026-06-03T13:37:45.944+0000] {dag.py:3033} INFO - Sync 1 DAGs
[2026-06-03T13:37:45.986+0000] {logging_mixin.py:188} INFO - [2026-06-03T13:37:45.986+0000] {dag.py:3820} INFO - Setting next_dagrun for example_skip_dag to 2026-06-02T00:00:00+00:00, run_after=2026-06-03T00:00:00+00:00
[2026-06-03T13:37:46.044+0000] {processor.py:183} INFO - Processing /home/airflow/.local/lib/python3.8/site-packages/airflow/example_dags/example_skip_dag.py took 0.159 seconds
[2026-06-03T13:38:17.052+0000] {processor.py:161} INFO - Started process (PID=2685) to work on /home/airflow/.local/lib/python3.8/site-packages/airflow/example_dags/example_skip_dag.py
[2026-06-03T13:38:17.054+0000] {processor.py:830} INFO - Processing file /home/airflow/.local/lib/python3.8/site-packages/airflow/example_dags/example_skip_dag.py for tasks to queue
[2026-06-03T13:38:17.058+0000] {logging_mixin.py:188} INFO - [2026-06-03T13:38:17.058+0000] {dagbag.py:538} INFO - Filling up the DagBag from /home/airflow/.local/lib/python3.8/site-packages/airflow/example_dags/example_skip_dag.py
[2026-06-03T13:38:17.068+0000] {processor.py:840} INFO - DAG(s) 'example_skip_dag' retrieved from /home/airflow/.local/lib/python3.8/site-packages/airflow/example_dags/example_skip_dag.py
[2026-06-03T13:38:17.121+0000] {logging_mixin.py:188} INFO - [2026-06-03T13:38:17.121+0000] {dag.py:3033} INFO - Sync 1 DAGs
[2026-06-03T13:38:17.431+0000] {logging_mixin.py:188} INFO - [2026-06-03T13:38:17.427+0000] {dag.py:3820} INFO - Setting next_dagrun for example_skip_dag to 2026-06-02T00:00:00+00:00, run_after=2026-06-03T00:00:00+00:00
[2026-06-03T13:38:17.470+0000] {processor.py:183} INFO - Processing /home/airflow/.local/lib/python3.8/site-packages/airflow/example_dags/example_skip_dag.py took 0.426 seconds
