[2026-06-03T11:48:41.977+0000] {processor.py:161} INFO - Started process (PID=66) to work on /home/airflow/.local/lib/python3.8/site-packages/airflow/example_dags/example_task_group_decorator.py
[2026-06-03T11:48:41.983+0000] {processor.py:830} INFO - Processing file /home/airflow/.local/lib/python3.8/site-packages/airflow/example_dags/example_task_group_decorator.py for tasks to queue
[2026-06-03T11:48:41.987+0000] {logging_mixin.py:188} INFO - [2026-06-03T11:48:41.987+0000] {dagbag.py:538} INFO - Filling up the DagBag from /home/airflow/.local/lib/python3.8/site-packages/airflow/example_dags/example_task_group_decorator.py
[2026-06-03T11:48:42.007+0000] {processor.py:840} INFO - DAG(s) 'example_task_group_decorator' retrieved from /home/airflow/.local/lib/python3.8/site-packages/airflow/example_dags/example_task_group_decorator.py
[2026-06-03T11:48:42.026+0000] {logging_mixin.py:188} INFO - [2026-06-03T11:48:42.026+0000] {dag.py:3033} INFO - Sync 1 DAGs
[2026-06-03T11:48:42.057+0000] {logging_mixin.py:188} INFO - [2026-06-03T11:48:42.057+0000] {dag.py:3820} INFO - Setting next_dagrun for example_task_group_decorator to 2026-06-02T00:00:00+00:00, run_after=2026-06-03T00:00:00+00:00
[2026-06-03T11:48:42.084+0000] {processor.py:183} INFO - Processing /home/airflow/.local/lib/python3.8/site-packages/airflow/example_dags/example_task_group_decorator.py took 0.110 seconds
[2026-06-03T11:49:12.854+0000] {processor.py:161} INFO - Started process (PID=121) to work on /home/airflow/.local/lib/python3.8/site-packages/airflow/example_dags/example_task_group_decorator.py
[2026-06-03T11:49:12.854+0000] {processor.py:830} INFO - Processing file /home/airflow/.local/lib/python3.8/site-packages/airflow/example_dags/example_task_group_decorator.py for tasks to queue
[2026-06-03T11:49:12.855+0000] {logging_mixin.py:188} INFO - [2026-06-03T11:49:12.855+0000] {dagbag.py:538} INFO - Filling up the DagBag from /home/airflow/.local/lib/python3.8/site-packages/airflow/example_dags/example_task_group_decorator.py
[2026-06-03T11:49:12.861+0000] {processor.py:840} INFO - DAG(s) 'example_task_group_decorator' retrieved from /home/airflow/.local/lib/python3.8/site-packages/airflow/example_dags/example_task_group_decorator.py
[2026-06-03T11:49:12.914+0000] {logging_mixin.py:188} INFO - [2026-06-03T11:49:12.914+0000] {dag.py:3033} INFO - Sync 1 DAGs
[2026-06-03T11:49:12.922+0000] {logging_mixin.py:188} INFO - [2026-06-03T11:49:12.922+0000] {dag.py:3820} INFO - Setting next_dagrun for example_task_group_decorator to 2026-06-02T00:00:00+00:00, run_after=2026-06-03T00:00:00+00:00
[2026-06-03T11:49:12.933+0000] {processor.py:183} INFO - Processing /home/airflow/.local/lib/python3.8/site-packages/airflow/example_dags/example_task_group_decorator.py took 0.080 seconds
[2026-06-03T11:49:43.882+0000] {processor.py:161} INFO - Started process (PID=176) to work on /home/airflow/.local/lib/python3.8/site-packages/airflow/example_dags/example_task_group_decorator.py
[2026-06-03T11:49:43.883+0000] {processor.py:830} INFO - Processing file /home/airflow/.local/lib/python3.8/site-packages/airflow/example_dags/example_task_group_decorator.py for tasks to queue
[2026-06-03T11:49:43.884+0000] {logging_mixin.py:188} INFO - [2026-06-03T11:49:43.884+0000] {dagbag.py:538} INFO - Filling up the DagBag from /home/airflow/.local/lib/python3.8/site-packages/airflow/example_dags/example_task_group_decorator.py
[2026-06-03T11:49:43.893+0000] {processor.py:840} INFO - DAG(s) 'example_task_group_decorator' retrieved from /home/airflow/.local/lib/python3.8/site-packages/airflow/example_dags/example_task_group_decorator.py
[2026-06-03T11:49:43.909+0000] {logging_mixin.py:188} INFO - [2026-06-03T11:49:43.909+0000] {dag.py:3033} INFO - Sync 1 DAGs
[2026-06-03T11:49:43.923+0000] {logging_mixin.py:188} INFO - [2026-06-03T11:49:43.923+0000] {dag.py:3820} INFO - Setting next_dagrun for example_task_group_decorator to 2026-06-02T00:00:00+00:00, run_after=2026-06-03T00:00:00+00:00
[2026-06-03T11:49:43.940+0000] {processor.py:183} INFO - Processing /home/airflow/.local/lib/python3.8/site-packages/airflow/example_dags/example_task_group_decorator.py took 0.059 seconds
[2026-06-03T11:50:14.002+0000] {processor.py:161} INFO - Started process (PID=231) to work on /home/airflow/.local/lib/python3.8/site-packages/airflow/example_dags/example_task_group_decorator.py
[2026-06-03T11:50:14.003+0000] {processor.py:830} INFO - Processing file /home/airflow/.local/lib/python3.8/site-packages/airflow/example_dags/example_task_group_decorator.py for tasks to queue
[2026-06-03T11:50:14.006+0000] {logging_mixin.py:188} INFO - [2026-06-03T11:50:14.006+0000] {dagbag.py:538} INFO - Filling up the DagBag from /home/airflow/.local/lib/python3.8/site-packages/airflow/example_dags/example_task_group_decorator.py
[2026-06-03T11:50:14.014+0000] {processor.py:840} INFO - DAG(s) 'example_task_group_decorator' retrieved from /home/airflow/.local/lib/python3.8/site-packages/airflow/example_dags/example_task_group_decorator.py
[2026-06-03T11:50:14.032+0000] {logging_mixin.py:188} INFO - [2026-06-03T11:50:14.032+0000] {dag.py:3033} INFO - Sync 1 DAGs
[2026-06-03T11:50:14.042+0000] {logging_mixin.py:188} INFO - [2026-06-03T11:50:14.042+0000] {dag.py:3820} INFO - Setting next_dagrun for example_task_group_decorator to 2026-06-02T00:00:00+00:00, run_after=2026-06-03T00:00:00+00:00
[2026-06-03T11:50:14.053+0000] {processor.py:183} INFO - Processing /home/airflow/.local/lib/python3.8/site-packages/airflow/example_dags/example_task_group_decorator.py took 0.053 seconds
[2026-06-03T11:50:44.224+0000] {processor.py:161} INFO - Started process (PID=286) to work on /home/airflow/.local/lib/python3.8/site-packages/airflow/example_dags/example_task_group_decorator.py
[2026-06-03T11:50:44.225+0000] {processor.py:830} INFO - Processing file /home/airflow/.local/lib/python3.8/site-packages/airflow/example_dags/example_task_group_decorator.py for tasks to queue
[2026-06-03T11:50:44.226+0000] {logging_mixin.py:188} INFO - [2026-06-03T11:50:44.226+0000] {dagbag.py:538} INFO - Filling up the DagBag from /home/airflow/.local/lib/python3.8/site-packages/airflow/example_dags/example_task_group_decorator.py
[2026-06-03T11:50:44.232+0000] {processor.py:840} INFO - DAG(s) 'example_task_group_decorator' retrieved from /home/airflow/.local/lib/python3.8/site-packages/airflow/example_dags/example_task_group_decorator.py
[2026-06-03T11:50:44.248+0000] {logging_mixin.py:188} INFO - [2026-06-03T11:50:44.248+0000] {dag.py:3033} INFO - Sync 1 DAGs
[2026-06-03T11:50:44.257+0000] {logging_mixin.py:188} INFO - [2026-06-03T11:50:44.257+0000] {dag.py:3820} INFO - Setting next_dagrun for example_task_group_decorator to 2026-06-02T00:00:00+00:00, run_after=2026-06-03T00:00:00+00:00
[2026-06-03T11:50:44.263+0000] {processor.py:183} INFO - Processing /home/airflow/.local/lib/python3.8/site-packages/airflow/example_dags/example_task_group_decorator.py took 0.041 seconds
[2026-06-03T11:51:14.420+0000] {processor.py:161} INFO - Started process (PID=341) to work on /home/airflow/.local/lib/python3.8/site-packages/airflow/example_dags/example_task_group_decorator.py
[2026-06-03T11:51:14.420+0000] {processor.py:830} INFO - Processing file /home/airflow/.local/lib/python3.8/site-packages/airflow/example_dags/example_task_group_decorator.py for tasks to queue
[2026-06-03T11:51:14.423+0000] {logging_mixin.py:188} INFO - [2026-06-03T11:51:14.422+0000] {dagbag.py:538} INFO - Filling up the DagBag from /home/airflow/.local/lib/python3.8/site-packages/airflow/example_dags/example_task_group_decorator.py
[2026-06-03T11:51:14.431+0000] {processor.py:840} INFO - DAG(s) 'example_task_group_decorator' retrieved from /home/airflow/.local/lib/python3.8/site-packages/airflow/example_dags/example_task_group_decorator.py
[2026-06-03T11:51:14.447+0000] {logging_mixin.py:188} INFO - [2026-06-03T11:51:14.447+0000] {dag.py:3033} INFO - Sync 1 DAGs
[2026-06-03T11:51:14.456+0000] {logging_mixin.py:188} INFO - [2026-06-03T11:51:14.456+0000] {dag.py:3820} INFO - Setting next_dagrun for example_task_group_decorator to 2026-06-02T00:00:00+00:00, run_after=2026-06-03T00:00:00+00:00
[2026-06-03T11:51:14.464+0000] {processor.py:183} INFO - Processing /home/airflow/.local/lib/python3.8/site-packages/airflow/example_dags/example_task_group_decorator.py took 0.046 seconds
[2026-06-03T11:51:44.976+0000] {processor.py:161} INFO - Started process (PID=396) to work on /home/airflow/.local/lib/python3.8/site-packages/airflow/example_dags/example_task_group_decorator.py
[2026-06-03T11:51:44.978+0000] {processor.py:830} INFO - Processing file /home/airflow/.local/lib/python3.8/site-packages/airflow/example_dags/example_task_group_decorator.py for tasks to queue
[2026-06-03T11:51:44.979+0000] {logging_mixin.py:188} INFO - [2026-06-03T11:51:44.979+0000] {dagbag.py:538} INFO - Filling up the DagBag from /home/airflow/.local/lib/python3.8/site-packages/airflow/example_dags/example_task_group_decorator.py
[2026-06-03T11:51:44.989+0000] {processor.py:840} INFO - DAG(s) 'example_task_group_decorator' retrieved from /home/airflow/.local/lib/python3.8/site-packages/airflow/example_dags/example_task_group_decorator.py
[2026-06-03T11:51:45.002+0000] {logging_mixin.py:188} INFO - [2026-06-03T11:51:45.002+0000] {dag.py:3033} INFO - Sync 1 DAGs
[2026-06-03T11:51:45.014+0000] {logging_mixin.py:188} INFO - [2026-06-03T11:51:45.014+0000] {dag.py:3820} INFO - Setting next_dagrun for example_task_group_decorator to 2026-06-02T00:00:00+00:00, run_after=2026-06-03T00:00:00+00:00
[2026-06-03T11:51:45.021+0000] {processor.py:183} INFO - Processing /home/airflow/.local/lib/python3.8/site-packages/airflow/example_dags/example_task_group_decorator.py took 0.047 seconds
[2026-06-03T11:52:15.295+0000] {processor.py:161} INFO - Started process (PID=451) to work on /home/airflow/.local/lib/python3.8/site-packages/airflow/example_dags/example_task_group_decorator.py
[2026-06-03T11:52:15.297+0000] {processor.py:830} INFO - Processing file /home/airflow/.local/lib/python3.8/site-packages/airflow/example_dags/example_task_group_decorator.py for tasks to queue
[2026-06-03T11:52:15.298+0000] {logging_mixin.py:188} INFO - [2026-06-03T11:52:15.298+0000] {dagbag.py:538} INFO - Filling up the DagBag from /home/airflow/.local/lib/python3.8/site-packages/airflow/example_dags/example_task_group_decorator.py
[2026-06-03T11:52:15.306+0000] {processor.py:840} INFO - DAG(s) 'example_task_group_decorator' retrieved from /home/airflow/.local/lib/python3.8/site-packages/airflow/example_dags/example_task_group_decorator.py
[2026-06-03T11:52:15.320+0000] {logging_mixin.py:188} INFO - [2026-06-03T11:52:15.319+0000] {dag.py:3033} INFO - Sync 1 DAGs
[2026-06-03T11:52:15.330+0000] {logging_mixin.py:188} INFO - [2026-06-03T11:52:15.329+0000] {dag.py:3820} INFO - Setting next_dagrun for example_task_group_decorator to 2026-06-02T00:00:00+00:00, run_after=2026-06-03T00:00:00+00:00
[2026-06-03T11:52:15.340+0000] {processor.py:183} INFO - Processing /home/airflow/.local/lib/python3.8/site-packages/airflow/example_dags/example_task_group_decorator.py took 0.047 seconds
[2026-06-03T11:52:45.881+0000] {processor.py:161} INFO - Started process (PID=506) to work on /home/airflow/.local/lib/python3.8/site-packages/airflow/example_dags/example_task_group_decorator.py
[2026-06-03T11:52:45.882+0000] {processor.py:830} INFO - Processing file /home/airflow/.local/lib/python3.8/site-packages/airflow/example_dags/example_task_group_decorator.py for tasks to queue
[2026-06-03T11:52:45.885+0000] {logging_mixin.py:188} INFO - [2026-06-03T11:52:45.885+0000] {dagbag.py:538} INFO - Filling up the DagBag from /home/airflow/.local/lib/python3.8/site-packages/airflow/example_dags/example_task_group_decorator.py
[2026-06-03T11:52:45.895+0000] {processor.py:840} INFO - DAG(s) 'example_task_group_decorator' retrieved from /home/airflow/.local/lib/python3.8/site-packages/airflow/example_dags/example_task_group_decorator.py
[2026-06-03T11:52:45.911+0000] {logging_mixin.py:188} INFO - [2026-06-03T11:52:45.911+0000] {dag.py:3033} INFO - Sync 1 DAGs
[2026-06-03T11:52:45.922+0000] {logging_mixin.py:188} INFO - [2026-06-03T11:52:45.922+0000] {dag.py:3820} INFO - Setting next_dagrun for example_task_group_decorator to 2026-06-02T00:00:00+00:00, run_after=2026-06-03T00:00:00+00:00
[2026-06-03T11:52:45.936+0000] {processor.py:183} INFO - Processing /home/airflow/.local/lib/python3.8/site-packages/airflow/example_dags/example_task_group_decorator.py took 0.056 seconds
[2026-06-03T11:53:16.276+0000] {processor.py:161} INFO - Started process (PID=561) to work on /home/airflow/.local/lib/python3.8/site-packages/airflow/example_dags/example_task_group_decorator.py
[2026-06-03T11:53:16.277+0000] {processor.py:830} INFO - Processing file /home/airflow/.local/lib/python3.8/site-packages/airflow/example_dags/example_task_group_decorator.py for tasks to queue
[2026-06-03T11:53:16.279+0000] {logging_mixin.py:188} INFO - [2026-06-03T11:53:16.279+0000] {dagbag.py:538} INFO - Filling up the DagBag from /home/airflow/.local/lib/python3.8/site-packages/airflow/example_dags/example_task_group_decorator.py
[2026-06-03T11:53:16.285+0000] {processor.py:840} INFO - DAG(s) 'example_task_group_decorator' retrieved from /home/airflow/.local/lib/python3.8/site-packages/airflow/example_dags/example_task_group_decorator.py
[2026-06-03T11:53:16.306+0000] {logging_mixin.py:188} INFO - [2026-06-03T11:53:16.306+0000] {dag.py:3033} INFO - Sync 1 DAGs
[2026-06-03T11:53:16.317+0000] {logging_mixin.py:188} INFO - [2026-06-03T11:53:16.317+0000] {dag.py:3820} INFO - Setting next_dagrun for example_task_group_decorator to 2026-06-02T00:00:00+00:00, run_after=2026-06-03T00:00:00+00:00
[2026-06-03T11:53:16.324+0000] {processor.py:183} INFO - Processing /home/airflow/.local/lib/python3.8/site-packages/airflow/example_dags/example_task_group_decorator.py took 0.049 seconds
[2026-06-03T11:53:47.153+0000] {processor.py:161} INFO - Started process (PID=616) to work on /home/airflow/.local/lib/python3.8/site-packages/airflow/example_dags/example_task_group_decorator.py
[2026-06-03T11:53:47.153+0000] {processor.py:830} INFO - Processing file /home/airflow/.local/lib/python3.8/site-packages/airflow/example_dags/example_task_group_decorator.py for tasks to queue
[2026-06-03T11:53:47.154+0000] {logging_mixin.py:188} INFO - [2026-06-03T11:53:47.154+0000] {dagbag.py:538} INFO - Filling up the DagBag from /home/airflow/.local/lib/python3.8/site-packages/airflow/example_dags/example_task_group_decorator.py
[2026-06-03T11:53:47.160+0000] {processor.py:840} INFO - DAG(s) 'example_task_group_decorator' retrieved from /home/airflow/.local/lib/python3.8/site-packages/airflow/example_dags/example_task_group_decorator.py
[2026-06-03T11:53:47.173+0000] {logging_mixin.py:188} INFO - [2026-06-03T11:53:47.173+0000] {dag.py:3033} INFO - Sync 1 DAGs
[2026-06-03T11:53:47.183+0000] {logging_mixin.py:188} INFO - [2026-06-03T11:53:47.183+0000] {dag.py:3820} INFO - Setting next_dagrun for example_task_group_decorator to 2026-06-02T00:00:00+00:00, run_after=2026-06-03T00:00:00+00:00
[2026-06-03T11:53:47.192+0000] {processor.py:183} INFO - Processing /home/airflow/.local/lib/python3.8/site-packages/airflow/example_dags/example_task_group_decorator.py took 0.040 seconds
[2026-06-03T11:54:18.136+0000] {processor.py:161} INFO - Started process (PID=671) to work on /home/airflow/.local/lib/python3.8/site-packages/airflow/example_dags/example_task_group_decorator.py
[2026-06-03T11:54:18.137+0000] {processor.py:830} INFO - Processing file /home/airflow/.local/lib/python3.8/site-packages/airflow/example_dags/example_task_group_decorator.py for tasks to queue
[2026-06-03T11:54:18.139+0000] {logging_mixin.py:188} INFO - [2026-06-03T11:54:18.139+0000] {dagbag.py:538} INFO - Filling up the DagBag from /home/airflow/.local/lib/python3.8/site-packages/airflow/example_dags/example_task_group_decorator.py
[2026-06-03T11:54:18.148+0000] {processor.py:840} INFO - DAG(s) 'example_task_group_decorator' retrieved from /home/airflow/.local/lib/python3.8/site-packages/airflow/example_dags/example_task_group_decorator.py
[2026-06-03T11:54:18.159+0000] {logging_mixin.py:188} INFO - [2026-06-03T11:54:18.159+0000] {dag.py:3033} INFO - Sync 1 DAGs
[2026-06-03T11:54:18.168+0000] {logging_mixin.py:188} INFO - [2026-06-03T11:54:18.168+0000] {dag.py:3820} INFO - Setting next_dagrun for example_task_group_decorator to 2026-06-02T00:00:00+00:00, run_after=2026-06-03T00:00:00+00:00
[2026-06-03T11:54:18.174+0000] {processor.py:183} INFO - Processing /home/airflow/.local/lib/python3.8/site-packages/airflow/example_dags/example_task_group_decorator.py took 0.039 seconds
[2026-06-03T11:54:48.207+0000] {processor.py:161} INFO - Started process (PID=726) to work on /home/airflow/.local/lib/python3.8/site-packages/airflow/example_dags/example_task_group_decorator.py
[2026-06-03T11:54:48.208+0000] {processor.py:830} INFO - Processing file /home/airflow/.local/lib/python3.8/site-packages/airflow/example_dags/example_task_group_decorator.py for tasks to queue
[2026-06-03T11:54:48.209+0000] {logging_mixin.py:188} INFO - [2026-06-03T11:54:48.209+0000] {dagbag.py:538} INFO - Filling up the DagBag from /home/airflow/.local/lib/python3.8/site-packages/airflow/example_dags/example_task_group_decorator.py
[2026-06-03T11:54:48.215+0000] {processor.py:840} INFO - DAG(s) 'example_task_group_decorator' retrieved from /home/airflow/.local/lib/python3.8/site-packages/airflow/example_dags/example_task_group_decorator.py
[2026-06-03T11:54:48.232+0000] {logging_mixin.py:188} INFO - [2026-06-03T11:54:48.231+0000] {dag.py:3033} INFO - Sync 1 DAGs
[2026-06-03T11:54:48.242+0000] {logging_mixin.py:188} INFO - [2026-06-03T11:54:48.241+0000] {dag.py:3820} INFO - Setting next_dagrun for example_task_group_decorator to 2026-06-02T00:00:00+00:00, run_after=2026-06-03T00:00:00+00:00
[2026-06-03T11:54:48.249+0000] {processor.py:183} INFO - Processing /home/airflow/.local/lib/python3.8/site-packages/airflow/example_dags/example_task_group_decorator.py took 0.044 seconds
[2026-06-03T11:55:18.494+0000] {processor.py:161} INFO - Started process (PID=781) to work on /home/airflow/.local/lib/python3.8/site-packages/airflow/example_dags/example_task_group_decorator.py
[2026-06-03T11:55:18.494+0000] {processor.py:830} INFO - Processing file /home/airflow/.local/lib/python3.8/site-packages/airflow/example_dags/example_task_group_decorator.py for tasks to queue
[2026-06-03T11:55:18.495+0000] {logging_mixin.py:188} INFO - [2026-06-03T11:55:18.495+0000] {dagbag.py:538} INFO - Filling up the DagBag from /home/airflow/.local/lib/python3.8/site-packages/airflow/example_dags/example_task_group_decorator.py
[2026-06-03T11:55:18.502+0000] {processor.py:840} INFO - DAG(s) 'example_task_group_decorator' retrieved from /home/airflow/.local/lib/python3.8/site-packages/airflow/example_dags/example_task_group_decorator.py
[2026-06-03T11:55:18.513+0000] {logging_mixin.py:188} INFO - [2026-06-03T11:55:18.513+0000] {dag.py:3033} INFO - Sync 1 DAGs
[2026-06-03T11:55:18.522+0000] {logging_mixin.py:188} INFO - [2026-06-03T11:55:18.522+0000] {dag.py:3820} INFO - Setting next_dagrun for example_task_group_decorator to 2026-06-02T00:00:00+00:00, run_after=2026-06-03T00:00:00+00:00
[2026-06-03T11:55:18.528+0000] {processor.py:183} INFO - Processing /home/airflow/.local/lib/python3.8/site-packages/airflow/example_dags/example_task_group_decorator.py took 0.035 seconds
[2026-06-03T11:55:48.615+0000] {processor.py:161} INFO - Started process (PID=836) to work on /home/airflow/.local/lib/python3.8/site-packages/airflow/example_dags/example_task_group_decorator.py
[2026-06-03T11:55:48.616+0000] {processor.py:830} INFO - Processing file /home/airflow/.local/lib/python3.8/site-packages/airflow/example_dags/example_task_group_decorator.py for tasks to queue
[2026-06-03T11:55:48.617+0000] {logging_mixin.py:188} INFO - [2026-06-03T11:55:48.617+0000] {dagbag.py:538} INFO - Filling up the DagBag from /home/airflow/.local/lib/python3.8/site-packages/airflow/example_dags/example_task_group_decorator.py
[2026-06-03T11:55:48.625+0000] {processor.py:840} INFO - DAG(s) 'example_task_group_decorator' retrieved from /home/airflow/.local/lib/python3.8/site-packages/airflow/example_dags/example_task_group_decorator.py
[2026-06-03T11:55:48.635+0000] {logging_mixin.py:188} INFO - [2026-06-03T11:55:48.635+0000] {dag.py:3033} INFO - Sync 1 DAGs
[2026-06-03T11:55:48.643+0000] {logging_mixin.py:188} INFO - [2026-06-03T11:55:48.643+0000] {dag.py:3820} INFO - Setting next_dagrun for example_task_group_decorator to 2026-06-02T00:00:00+00:00, run_after=2026-06-03T00:00:00+00:00
[2026-06-03T11:55:48.649+0000] {processor.py:183} INFO - Processing /home/airflow/.local/lib/python3.8/site-packages/airflow/example_dags/example_task_group_decorator.py took 0.035 seconds
[2026-06-03T11:56:19.601+0000] {processor.py:161} INFO - Started process (PID=891) to work on /home/airflow/.local/lib/python3.8/site-packages/airflow/example_dags/example_task_group_decorator.py
[2026-06-03T11:56:19.602+0000] {processor.py:830} INFO - Processing file /home/airflow/.local/lib/python3.8/site-packages/airflow/example_dags/example_task_group_decorator.py for tasks to queue
[2026-06-03T11:56:19.603+0000] {logging_mixin.py:188} INFO - [2026-06-03T11:56:19.603+0000] {dagbag.py:538} INFO - Filling up the DagBag from /home/airflow/.local/lib/python3.8/site-packages/airflow/example_dags/example_task_group_decorator.py
[2026-06-03T11:56:19.609+0000] {processor.py:840} INFO - DAG(s) 'example_task_group_decorator' retrieved from /home/airflow/.local/lib/python3.8/site-packages/airflow/example_dags/example_task_group_decorator.py
[2026-06-03T11:56:19.618+0000] {logging_mixin.py:188} INFO - [2026-06-03T11:56:19.618+0000] {dag.py:3033} INFO - Sync 1 DAGs
[2026-06-03T11:56:19.628+0000] {logging_mixin.py:188} INFO - [2026-06-03T11:56:19.628+0000] {dag.py:3820} INFO - Setting next_dagrun for example_task_group_decorator to 2026-06-02T00:00:00+00:00, run_after=2026-06-03T00:00:00+00:00
[2026-06-03T11:56:19.636+0000] {processor.py:183} INFO - Processing /home/airflow/.local/lib/python3.8/site-packages/airflow/example_dags/example_task_group_decorator.py took 0.037 seconds
[2026-06-03T11:56:49.860+0000] {processor.py:161} INFO - Started process (PID=946) to work on /home/airflow/.local/lib/python3.8/site-packages/airflow/example_dags/example_task_group_decorator.py
[2026-06-03T11:56:49.861+0000] {processor.py:830} INFO - Processing file /home/airflow/.local/lib/python3.8/site-packages/airflow/example_dags/example_task_group_decorator.py for tasks to queue
[2026-06-03T11:56:49.862+0000] {logging_mixin.py:188} INFO - [2026-06-03T11:56:49.862+0000] {dagbag.py:538} INFO - Filling up the DagBag from /home/airflow/.local/lib/python3.8/site-packages/airflow/example_dags/example_task_group_decorator.py
[2026-06-03T11:56:49.870+0000] {processor.py:840} INFO - DAG(s) 'example_task_group_decorator' retrieved from /home/airflow/.local/lib/python3.8/site-packages/airflow/example_dags/example_task_group_decorator.py
[2026-06-03T11:56:49.880+0000] {logging_mixin.py:188} INFO - [2026-06-03T11:56:49.880+0000] {dag.py:3033} INFO - Sync 1 DAGs
[2026-06-03T11:56:49.892+0000] {logging_mixin.py:188} INFO - [2026-06-03T11:56:49.891+0000] {dag.py:3820} INFO - Setting next_dagrun for example_task_group_decorator to 2026-06-02T00:00:00+00:00, run_after=2026-06-03T00:00:00+00:00
[2026-06-03T11:56:49.904+0000] {processor.py:183} INFO - Processing /home/airflow/.local/lib/python3.8/site-packages/airflow/example_dags/example_task_group_decorator.py took 0.046 seconds
[2026-06-03T11:57:20.114+0000] {processor.py:161} INFO - Started process (PID=1001) to work on /home/airflow/.local/lib/python3.8/site-packages/airflow/example_dags/example_task_group_decorator.py
[2026-06-03T11:57:20.115+0000] {processor.py:830} INFO - Processing file /home/airflow/.local/lib/python3.8/site-packages/airflow/example_dags/example_task_group_decorator.py for tasks to queue
[2026-06-03T11:57:20.115+0000] {logging_mixin.py:188} INFO - [2026-06-03T11:57:20.115+0000] {dagbag.py:538} INFO - Filling up the DagBag from /home/airflow/.local/lib/python3.8/site-packages/airflow/example_dags/example_task_group_decorator.py
[2026-06-03T11:57:20.121+0000] {processor.py:840} INFO - DAG(s) 'example_task_group_decorator' retrieved from /home/airflow/.local/lib/python3.8/site-packages/airflow/example_dags/example_task_group_decorator.py
[2026-06-03T11:57:20.131+0000] {logging_mixin.py:188} INFO - [2026-06-03T11:57:20.131+0000] {dag.py:3033} INFO - Sync 1 DAGs
[2026-06-03T11:57:20.139+0000] {logging_mixin.py:188} INFO - [2026-06-03T11:57:20.139+0000] {dag.py:3820} INFO - Setting next_dagrun for example_task_group_decorator to 2026-06-02T00:00:00+00:00, run_after=2026-06-03T00:00:00+00:00
[2026-06-03T11:57:20.146+0000] {processor.py:183} INFO - Processing /home/airflow/.local/lib/python3.8/site-packages/airflow/example_dags/example_task_group_decorator.py took 0.033 seconds
[2026-06-03T11:57:50.388+0000] {processor.py:161} INFO - Started process (PID=1056) to work on /home/airflow/.local/lib/python3.8/site-packages/airflow/example_dags/example_task_group_decorator.py
[2026-06-03T11:57:50.388+0000] {processor.py:830} INFO - Processing file /home/airflow/.local/lib/python3.8/site-packages/airflow/example_dags/example_task_group_decorator.py for tasks to queue
[2026-06-03T11:57:50.389+0000] {logging_mixin.py:188} INFO - [2026-06-03T11:57:50.389+0000] {dagbag.py:538} INFO - Filling up the DagBag from /home/airflow/.local/lib/python3.8/site-packages/airflow/example_dags/example_task_group_decorator.py
[2026-06-03T11:57:50.395+0000] {processor.py:840} INFO - DAG(s) 'example_task_group_decorator' retrieved from /home/airflow/.local/lib/python3.8/site-packages/airflow/example_dags/example_task_group_decorator.py
[2026-06-03T11:57:50.406+0000] {logging_mixin.py:188} INFO - [2026-06-03T11:57:50.406+0000] {dag.py:3033} INFO - Sync 1 DAGs
[2026-06-03T11:57:50.420+0000] {logging_mixin.py:188} INFO - [2026-06-03T11:57:50.420+0000] {dag.py:3820} INFO - Setting next_dagrun for example_task_group_decorator to 2026-06-02T00:00:00+00:00, run_after=2026-06-03T00:00:00+00:00
[2026-06-03T11:57:50.426+0000] {processor.py:183} INFO - Processing /home/airflow/.local/lib/python3.8/site-packages/airflow/example_dags/example_task_group_decorator.py took 0.040 seconds
[2026-06-03T11:58:21.381+0000] {processor.py:161} INFO - Started process (PID=1111) to work on /home/airflow/.local/lib/python3.8/site-packages/airflow/example_dags/example_task_group_decorator.py
[2026-06-03T11:58:21.382+0000] {processor.py:830} INFO - Processing file /home/airflow/.local/lib/python3.8/site-packages/airflow/example_dags/example_task_group_decorator.py for tasks to queue
[2026-06-03T11:58:21.384+0000] {logging_mixin.py:188} INFO - [2026-06-03T11:58:21.384+0000] {dagbag.py:538} INFO - Filling up the DagBag from /home/airflow/.local/lib/python3.8/site-packages/airflow/example_dags/example_task_group_decorator.py
[2026-06-03T11:58:21.391+0000] {processor.py:840} INFO - DAG(s) 'example_task_group_decorator' retrieved from /home/airflow/.local/lib/python3.8/site-packages/airflow/example_dags/example_task_group_decorator.py
[2026-06-03T11:58:21.403+0000] {logging_mixin.py:188} INFO - [2026-06-03T11:58:21.402+0000] {dag.py:3033} INFO - Sync 1 DAGs
[2026-06-03T11:58:21.412+0000] {logging_mixin.py:188} INFO - [2026-06-03T11:58:21.412+0000] {dag.py:3820} INFO - Setting next_dagrun for example_task_group_decorator to 2026-06-02T00:00:00+00:00, run_after=2026-06-03T00:00:00+00:00
[2026-06-03T11:58:21.421+0000] {processor.py:183} INFO - Processing /home/airflow/.local/lib/python3.8/site-packages/airflow/example_dags/example_task_group_decorator.py took 0.042 seconds
[2026-06-03T11:58:52.339+0000] {processor.py:161} INFO - Started process (PID=1167) to work on /home/airflow/.local/lib/python3.8/site-packages/airflow/example_dags/example_task_group_decorator.py
[2026-06-03T11:58:52.340+0000] {processor.py:830} INFO - Processing file /home/airflow/.local/lib/python3.8/site-packages/airflow/example_dags/example_task_group_decorator.py for tasks to queue
[2026-06-03T11:58:52.341+0000] {logging_mixin.py:188} INFO - [2026-06-03T11:58:52.341+0000] {dagbag.py:538} INFO - Filling up the DagBag from /home/airflow/.local/lib/python3.8/site-packages/airflow/example_dags/example_task_group_decorator.py
[2026-06-03T11:58:52.347+0000] {processor.py:840} INFO - DAG(s) 'example_task_group_decorator' retrieved from /home/airflow/.local/lib/python3.8/site-packages/airflow/example_dags/example_task_group_decorator.py
[2026-06-03T11:58:52.358+0000] {logging_mixin.py:188} INFO - [2026-06-03T11:58:52.358+0000] {dag.py:3033} INFO - Sync 1 DAGs
[2026-06-03T11:58:52.372+0000] {logging_mixin.py:188} INFO - [2026-06-03T11:58:52.372+0000] {dag.py:3820} INFO - Setting next_dagrun for example_task_group_decorator to 2026-06-02T00:00:00+00:00, run_after=2026-06-03T00:00:00+00:00
[2026-06-03T11:58:52.386+0000] {processor.py:183} INFO - Processing /home/airflow/.local/lib/python3.8/site-packages/airflow/example_dags/example_task_group_decorator.py took 0.049 seconds
[2026-06-03T11:59:22.647+0000] {processor.py:161} INFO - Started process (PID=1223) to work on /home/airflow/.local/lib/python3.8/site-packages/airflow/example_dags/example_task_group_decorator.py
[2026-06-03T11:59:22.647+0000] {processor.py:830} INFO - Processing file /home/airflow/.local/lib/python3.8/site-packages/airflow/example_dags/example_task_group_decorator.py for tasks to queue
[2026-06-03T11:59:22.649+0000] {logging_mixin.py:188} INFO - [2026-06-03T11:59:22.649+0000] {dagbag.py:538} INFO - Filling up the DagBag from /home/airflow/.local/lib/python3.8/site-packages/airflow/example_dags/example_task_group_decorator.py
[2026-06-03T11:59:22.656+0000] {processor.py:840} INFO - DAG(s) 'example_task_group_decorator' retrieved from /home/airflow/.local/lib/python3.8/site-packages/airflow/example_dags/example_task_group_decorator.py
[2026-06-03T11:59:22.668+0000] {logging_mixin.py:188} INFO - [2026-06-03T11:59:22.668+0000] {dag.py:3033} INFO - Sync 1 DAGs
[2026-06-03T11:59:22.679+0000] {logging_mixin.py:188} INFO - [2026-06-03T11:59:22.679+0000] {dag.py:3820} INFO - Setting next_dagrun for example_task_group_decorator to 2026-06-02T00:00:00+00:00, run_after=2026-06-03T00:00:00+00:00
[2026-06-03T11:59:22.686+0000] {processor.py:183} INFO - Processing /home/airflow/.local/lib/python3.8/site-packages/airflow/example_dags/example_task_group_decorator.py took 0.041 seconds
[2026-06-03T11:59:52.969+0000] {processor.py:161} INFO - Started process (PID=1279) to work on /home/airflow/.local/lib/python3.8/site-packages/airflow/example_dags/example_task_group_decorator.py
[2026-06-03T11:59:52.971+0000] {processor.py:830} INFO - Processing file /home/airflow/.local/lib/python3.8/site-packages/airflow/example_dags/example_task_group_decorator.py for tasks to queue
[2026-06-03T11:59:52.972+0000] {logging_mixin.py:188} INFO - [2026-06-03T11:59:52.972+0000] {dagbag.py:538} INFO - Filling up the DagBag from /home/airflow/.local/lib/python3.8/site-packages/airflow/example_dags/example_task_group_decorator.py
[2026-06-03T11:59:52.979+0000] {processor.py:840} INFO - DAG(s) 'example_task_group_decorator' retrieved from /home/airflow/.local/lib/python3.8/site-packages/airflow/example_dags/example_task_group_decorator.py
[2026-06-03T11:59:52.991+0000] {logging_mixin.py:188} INFO - [2026-06-03T11:59:52.991+0000] {dag.py:3033} INFO - Sync 1 DAGs
[2026-06-03T11:59:53.005+0000] {logging_mixin.py:188} INFO - [2026-06-03T11:59:53.004+0000] {dag.py:3820} INFO - Setting next_dagrun for example_task_group_decorator to 2026-06-02T00:00:00+00:00, run_after=2026-06-03T00:00:00+00:00
[2026-06-03T11:59:53.020+0000] {processor.py:183} INFO - Processing /home/airflow/.local/lib/python3.8/site-packages/airflow/example_dags/example_task_group_decorator.py took 0.052 seconds
[2026-06-03T12:00:23.204+0000] {processor.py:161} INFO - Started process (PID=1335) to work on /home/airflow/.local/lib/python3.8/site-packages/airflow/example_dags/example_task_group_decorator.py
[2026-06-03T12:00:23.206+0000] {processor.py:830} INFO - Processing file /home/airflow/.local/lib/python3.8/site-packages/airflow/example_dags/example_task_group_decorator.py for tasks to queue
[2026-06-03T12:00:23.208+0000] {logging_mixin.py:188} INFO - [2026-06-03T12:00:23.207+0000] {dagbag.py:538} INFO - Filling up the DagBag from /home/airflow/.local/lib/python3.8/site-packages/airflow/example_dags/example_task_group_decorator.py
[2026-06-03T12:00:23.215+0000] {processor.py:840} INFO - DAG(s) 'example_task_group_decorator' retrieved from /home/airflow/.local/lib/python3.8/site-packages/airflow/example_dags/example_task_group_decorator.py
[2026-06-03T12:00:23.227+0000] {logging_mixin.py:188} INFO - [2026-06-03T12:00:23.226+0000] {dag.py:3033} INFO - Sync 1 DAGs
[2026-06-03T12:00:23.239+0000] {logging_mixin.py:188} INFO - [2026-06-03T12:00:23.239+0000] {dag.py:3820} INFO - Setting next_dagrun for example_task_group_decorator to 2026-06-02T00:00:00+00:00, run_after=2026-06-03T00:00:00+00:00
[2026-06-03T12:00:23.246+0000] {processor.py:183} INFO - Processing /home/airflow/.local/lib/python3.8/site-packages/airflow/example_dags/example_task_group_decorator.py took 0.044 seconds
[2026-06-03T12:00:53.606+0000] {processor.py:161} INFO - Started process (PID=1391) to work on /home/airflow/.local/lib/python3.8/site-packages/airflow/example_dags/example_task_group_decorator.py
[2026-06-03T12:00:53.606+0000] {processor.py:830} INFO - Processing file /home/airflow/.local/lib/python3.8/site-packages/airflow/example_dags/example_task_group_decorator.py for tasks to queue
[2026-06-03T12:00:53.607+0000] {logging_mixin.py:188} INFO - [2026-06-03T12:00:53.607+0000] {dagbag.py:538} INFO - Filling up the DagBag from /home/airflow/.local/lib/python3.8/site-packages/airflow/example_dags/example_task_group_decorator.py
[2026-06-03T12:00:53.617+0000] {processor.py:840} INFO - DAG(s) 'example_task_group_decorator' retrieved from /home/airflow/.local/lib/python3.8/site-packages/airflow/example_dags/example_task_group_decorator.py
[2026-06-03T12:00:53.632+0000] {logging_mixin.py:188} INFO - [2026-06-03T12:00:53.631+0000] {dag.py:3033} INFO - Sync 1 DAGs
[2026-06-03T12:00:53.647+0000] {logging_mixin.py:188} INFO - [2026-06-03T12:00:53.647+0000] {dag.py:3820} INFO - Setting next_dagrun for example_task_group_decorator to 2026-06-02T00:00:00+00:00, run_after=2026-06-03T00:00:00+00:00
[2026-06-03T12:00:53.657+0000] {processor.py:183} INFO - Processing /home/airflow/.local/lib/python3.8/site-packages/airflow/example_dags/example_task_group_decorator.py took 0.054 seconds
[2026-06-03T12:01:23.795+0000] {processor.py:161} INFO - Started process (PID=1447) to work on /home/airflow/.local/lib/python3.8/site-packages/airflow/example_dags/example_task_group_decorator.py
[2026-06-03T12:01:23.796+0000] {processor.py:830} INFO - Processing file /home/airflow/.local/lib/python3.8/site-packages/airflow/example_dags/example_task_group_decorator.py for tasks to queue
[2026-06-03T12:01:23.797+0000] {logging_mixin.py:188} INFO - [2026-06-03T12:01:23.797+0000] {dagbag.py:538} INFO - Filling up the DagBag from /home/airflow/.local/lib/python3.8/site-packages/airflow/example_dags/example_task_group_decorator.py
[2026-06-03T12:01:23.803+0000] {processor.py:840} INFO - DAG(s) 'example_task_group_decorator' retrieved from /home/airflow/.local/lib/python3.8/site-packages/airflow/example_dags/example_task_group_decorator.py
[2026-06-03T12:01:23.813+0000] {logging_mixin.py:188} INFO - [2026-06-03T12:01:23.813+0000] {dag.py:3033} INFO - Sync 1 DAGs
[2026-06-03T12:01:23.822+0000] {logging_mixin.py:188} INFO - [2026-06-03T12:01:23.822+0000] {dag.py:3820} INFO - Setting next_dagrun for example_task_group_decorator to 2026-06-02T00:00:00+00:00, run_after=2026-06-03T00:00:00+00:00
[2026-06-03T12:01:23.835+0000] {processor.py:183} INFO - Processing /home/airflow/.local/lib/python3.8/site-packages/airflow/example_dags/example_task_group_decorator.py took 0.041 seconds
[2026-06-03T12:01:53.975+0000] {processor.py:161} INFO - Started process (PID=1503) to work on /home/airflow/.local/lib/python3.8/site-packages/airflow/example_dags/example_task_group_decorator.py
[2026-06-03T12:01:53.977+0000] {processor.py:830} INFO - Processing file /home/airflow/.local/lib/python3.8/site-packages/airflow/example_dags/example_task_group_decorator.py for tasks to queue
[2026-06-03T12:01:53.977+0000] {logging_mixin.py:188} INFO - [2026-06-03T12:01:53.977+0000] {dagbag.py:538} INFO - Filling up the DagBag from /home/airflow/.local/lib/python3.8/site-packages/airflow/example_dags/example_task_group_decorator.py
[2026-06-03T12:01:53.984+0000] {processor.py:840} INFO - DAG(s) 'example_task_group_decorator' retrieved from /home/airflow/.local/lib/python3.8/site-packages/airflow/example_dags/example_task_group_decorator.py
[2026-06-03T12:01:53.997+0000] {logging_mixin.py:188} INFO - [2026-06-03T12:01:53.997+0000] {dag.py:3033} INFO - Sync 1 DAGs
[2026-06-03T12:01:54.006+0000] {logging_mixin.py:188} INFO - [2026-06-03T12:01:54.006+0000] {dag.py:3820} INFO - Setting next_dagrun for example_task_group_decorator to 2026-06-02T00:00:00+00:00, run_after=2026-06-03T00:00:00+00:00
[2026-06-03T12:01:54.016+0000] {processor.py:183} INFO - Processing /home/airflow/.local/lib/python3.8/site-packages/airflow/example_dags/example_task_group_decorator.py took 0.042 seconds
[2026-06-03T12:02:24.977+0000] {processor.py:161} INFO - Started process (PID=1559) to work on /home/airflow/.local/lib/python3.8/site-packages/airflow/example_dags/example_task_group_decorator.py
[2026-06-03T12:02:24.978+0000] {processor.py:830} INFO - Processing file /home/airflow/.local/lib/python3.8/site-packages/airflow/example_dags/example_task_group_decorator.py for tasks to queue
[2026-06-03T12:02:24.980+0000] {logging_mixin.py:188} INFO - [2026-06-03T12:02:24.980+0000] {dagbag.py:538} INFO - Filling up the DagBag from /home/airflow/.local/lib/python3.8/site-packages/airflow/example_dags/example_task_group_decorator.py
[2026-06-03T12:02:24.987+0000] {processor.py:840} INFO - DAG(s) 'example_task_group_decorator' retrieved from /home/airflow/.local/lib/python3.8/site-packages/airflow/example_dags/example_task_group_decorator.py
[2026-06-03T12:02:24.998+0000] {logging_mixin.py:188} INFO - [2026-06-03T12:02:24.998+0000] {dag.py:3033} INFO - Sync 1 DAGs
[2026-06-03T12:02:25.008+0000] {logging_mixin.py:188} INFO - [2026-06-03T12:02:25.008+0000] {dag.py:3820} INFO - Setting next_dagrun for example_task_group_decorator to 2026-06-02T00:00:00+00:00, run_after=2026-06-03T00:00:00+00:00
[2026-06-03T12:02:25.019+0000] {processor.py:183} INFO - Processing /home/airflow/.local/lib/python3.8/site-packages/airflow/example_dags/example_task_group_decorator.py took 0.043 seconds
[2026-06-03T12:02:55.238+0000] {processor.py:161} INFO - Started process (PID=1615) to work on /home/airflow/.local/lib/python3.8/site-packages/airflow/example_dags/example_task_group_decorator.py
[2026-06-03T12:02:55.240+0000] {processor.py:830} INFO - Processing file /home/airflow/.local/lib/python3.8/site-packages/airflow/example_dags/example_task_group_decorator.py for tasks to queue
[2026-06-03T12:02:55.240+0000] {logging_mixin.py:188} INFO - [2026-06-03T12:02:55.240+0000] {dagbag.py:538} INFO - Filling up the DagBag from /home/airflow/.local/lib/python3.8/site-packages/airflow/example_dags/example_task_group_decorator.py
[2026-06-03T12:02:55.247+0000] {processor.py:840} INFO - DAG(s) 'example_task_group_decorator' retrieved from /home/airflow/.local/lib/python3.8/site-packages/airflow/example_dags/example_task_group_decorator.py
[2026-06-03T12:02:55.258+0000] {logging_mixin.py:188} INFO - [2026-06-03T12:02:55.258+0000] {dag.py:3033} INFO - Sync 1 DAGs
[2026-06-03T12:02:55.273+0000] {logging_mixin.py:188} INFO - [2026-06-03T12:02:55.273+0000] {dag.py:3820} INFO - Setting next_dagrun for example_task_group_decorator to 2026-06-02T00:00:00+00:00, run_after=2026-06-03T00:00:00+00:00
[2026-06-03T12:02:55.284+0000] {processor.py:183} INFO - Processing /home/airflow/.local/lib/python3.8/site-packages/airflow/example_dags/example_task_group_decorator.py took 0.047 seconds
[2026-06-03T12:03:25.511+0000] {processor.py:161} INFO - Started process (PID=1671) to work on /home/airflow/.local/lib/python3.8/site-packages/airflow/example_dags/example_task_group_decorator.py
[2026-06-03T12:03:25.512+0000] {processor.py:830} INFO - Processing file /home/airflow/.local/lib/python3.8/site-packages/airflow/example_dags/example_task_group_decorator.py for tasks to queue
[2026-06-03T12:03:25.513+0000] {logging_mixin.py:188} INFO - [2026-06-03T12:03:25.513+0000] {dagbag.py:538} INFO - Filling up the DagBag from /home/airflow/.local/lib/python3.8/site-packages/airflow/example_dags/example_task_group_decorator.py
[2026-06-03T12:03:25.519+0000] {processor.py:840} INFO - DAG(s) 'example_task_group_decorator' retrieved from /home/airflow/.local/lib/python3.8/site-packages/airflow/example_dags/example_task_group_decorator.py
[2026-06-03T12:03:25.531+0000] {logging_mixin.py:188} INFO - [2026-06-03T12:03:25.531+0000] {dag.py:3033} INFO - Sync 1 DAGs
[2026-06-03T12:03:25.545+0000] {logging_mixin.py:188} INFO - [2026-06-03T12:03:25.545+0000] {dag.py:3820} INFO - Setting next_dagrun for example_task_group_decorator to 2026-06-02T00:00:00+00:00, run_after=2026-06-03T00:00:00+00:00
[2026-06-03T12:03:25.557+0000] {processor.py:183} INFO - Processing /home/airflow/.local/lib/python3.8/site-packages/airflow/example_dags/example_task_group_decorator.py took 0.047 seconds
[2026-06-03T12:03:56.780+0000] {processor.py:161} INFO - Started process (PID=1727) to work on /home/airflow/.local/lib/python3.8/site-packages/airflow/example_dags/example_task_group_decorator.py
[2026-06-03T12:03:56.781+0000] {processor.py:830} INFO - Processing file /home/airflow/.local/lib/python3.8/site-packages/airflow/example_dags/example_task_group_decorator.py for tasks to queue
[2026-06-03T12:03:56.784+0000] {logging_mixin.py:188} INFO - [2026-06-03T12:03:56.784+0000] {dagbag.py:538} INFO - Filling up the DagBag from /home/airflow/.local/lib/python3.8/site-packages/airflow/example_dags/example_task_group_decorator.py
[2026-06-03T12:03:56.802+0000] {processor.py:840} INFO - DAG(s) 'example_task_group_decorator' retrieved from /home/airflow/.local/lib/python3.8/site-packages/airflow/example_dags/example_task_group_decorator.py
[2026-06-03T12:03:56.858+0000] {logging_mixin.py:188} INFO - [2026-06-03T12:03:56.857+0000] {dag.py:3033} INFO - Sync 1 DAGs
[2026-06-03T12:03:56.878+0000] {logging_mixin.py:188} INFO - [2026-06-03T12:03:56.877+0000] {dag.py:3820} INFO - Setting next_dagrun for example_task_group_decorator to 2026-06-02T00:00:00+00:00, run_after=2026-06-03T00:00:00+00:00
[2026-06-03T12:03:56.890+0000] {processor.py:183} INFO - Processing /home/airflow/.local/lib/python3.8/site-packages/airflow/example_dags/example_task_group_decorator.py took 0.113 seconds
[2026-06-03T12:04:27.217+0000] {processor.py:161} INFO - Started process (PID=1783) to work on /home/airflow/.local/lib/python3.8/site-packages/airflow/example_dags/example_task_group_decorator.py
[2026-06-03T12:04:27.218+0000] {processor.py:830} INFO - Processing file /home/airflow/.local/lib/python3.8/site-packages/airflow/example_dags/example_task_group_decorator.py for tasks to queue
[2026-06-03T12:04:27.219+0000] {logging_mixin.py:188} INFO - [2026-06-03T12:04:27.218+0000] {dagbag.py:538} INFO - Filling up the DagBag from /home/airflow/.local/lib/python3.8/site-packages/airflow/example_dags/example_task_group_decorator.py
[2026-06-03T12:04:27.228+0000] {processor.py:840} INFO - DAG(s) 'example_task_group_decorator' retrieved from /home/airflow/.local/lib/python3.8/site-packages/airflow/example_dags/example_task_group_decorator.py
[2026-06-03T12:04:27.244+0000] {logging_mixin.py:188} INFO - [2026-06-03T12:04:27.244+0000] {dag.py:3033} INFO - Sync 1 DAGs
[2026-06-03T12:04:27.253+0000] {logging_mixin.py:188} INFO - [2026-06-03T12:04:27.253+0000] {dag.py:3820} INFO - Setting next_dagrun for example_task_group_decorator to 2026-06-02T00:00:00+00:00, run_after=2026-06-03T00:00:00+00:00
[2026-06-03T12:04:27.260+0000] {processor.py:183} INFO - Processing /home/airflow/.local/lib/python3.8/site-packages/airflow/example_dags/example_task_group_decorator.py took 0.045 seconds
[2026-06-03T12:04:57.802+0000] {processor.py:161} INFO - Started process (PID=1839) to work on /home/airflow/.local/lib/python3.8/site-packages/airflow/example_dags/example_task_group_decorator.py
[2026-06-03T12:04:57.804+0000] {processor.py:830} INFO - Processing file /home/airflow/.local/lib/python3.8/site-packages/airflow/example_dags/example_task_group_decorator.py for tasks to queue
[2026-06-03T12:04:57.805+0000] {logging_mixin.py:188} INFO - [2026-06-03T12:04:57.805+0000] {dagbag.py:538} INFO - Filling up the DagBag from /home/airflow/.local/lib/python3.8/site-packages/airflow/example_dags/example_task_group_decorator.py
[2026-06-03T12:04:57.811+0000] {processor.py:840} INFO - DAG(s) 'example_task_group_decorator' retrieved from /home/airflow/.local/lib/python3.8/site-packages/airflow/example_dags/example_task_group_decorator.py
[2026-06-03T12:04:57.828+0000] {logging_mixin.py:188} INFO - [2026-06-03T12:04:57.828+0000] {dag.py:3033} INFO - Sync 1 DAGs
[2026-06-03T12:04:57.838+0000] {logging_mixin.py:188} INFO - [2026-06-03T12:04:57.838+0000] {dag.py:3820} INFO - Setting next_dagrun for example_task_group_decorator to 2026-06-02T00:00:00+00:00, run_after=2026-06-03T00:00:00+00:00
[2026-06-03T12:04:57.845+0000] {processor.py:183} INFO - Processing /home/airflow/.local/lib/python3.8/site-packages/airflow/example_dags/example_task_group_decorator.py took 0.046 seconds
[2026-06-03T12:05:28.410+0000] {processor.py:161} INFO - Started process (PID=1895) to work on /home/airflow/.local/lib/python3.8/site-packages/airflow/example_dags/example_task_group_decorator.py
[2026-06-03T12:05:28.412+0000] {processor.py:830} INFO - Processing file /home/airflow/.local/lib/python3.8/site-packages/airflow/example_dags/example_task_group_decorator.py for tasks to queue
[2026-06-03T12:05:28.413+0000] {logging_mixin.py:188} INFO - [2026-06-03T12:05:28.413+0000] {dagbag.py:538} INFO - Filling up the DagBag from /home/airflow/.local/lib/python3.8/site-packages/airflow/example_dags/example_task_group_decorator.py
[2026-06-03T12:05:28.424+0000] {processor.py:840} INFO - DAG(s) 'example_task_group_decorator' retrieved from /home/airflow/.local/lib/python3.8/site-packages/airflow/example_dags/example_task_group_decorator.py
[2026-06-03T12:05:28.441+0000] {logging_mixin.py:188} INFO - [2026-06-03T12:05:28.441+0000] {dag.py:3033} INFO - Sync 1 DAGs
[2026-06-03T12:05:28.452+0000] {logging_mixin.py:188} INFO - [2026-06-03T12:05:28.452+0000] {dag.py:3820} INFO - Setting next_dagrun for example_task_group_decorator to 2026-06-02T00:00:00+00:00, run_after=2026-06-03T00:00:00+00:00
[2026-06-03T12:05:28.463+0000] {processor.py:183} INFO - Processing /home/airflow/.local/lib/python3.8/site-packages/airflow/example_dags/example_task_group_decorator.py took 0.054 seconds
[2026-06-03T12:05:58.936+0000] {processor.py:161} INFO - Started process (PID=1951) to work on /home/airflow/.local/lib/python3.8/site-packages/airflow/example_dags/example_task_group_decorator.py
[2026-06-03T12:05:58.937+0000] {processor.py:830} INFO - Processing file /home/airflow/.local/lib/python3.8/site-packages/airflow/example_dags/example_task_group_decorator.py for tasks to queue
[2026-06-03T12:05:58.938+0000] {logging_mixin.py:188} INFO - [2026-06-03T12:05:58.938+0000] {dagbag.py:538} INFO - Filling up the DagBag from /home/airflow/.local/lib/python3.8/site-packages/airflow/example_dags/example_task_group_decorator.py
[2026-06-03T12:05:58.944+0000] {processor.py:840} INFO - DAG(s) 'example_task_group_decorator' retrieved from /home/airflow/.local/lib/python3.8/site-packages/airflow/example_dags/example_task_group_decorator.py
[2026-06-03T12:05:58.955+0000] {logging_mixin.py:188} INFO - [2026-06-03T12:05:58.955+0000] {dag.py:3033} INFO - Sync 1 DAGs
[2026-06-03T12:05:59.040+0000] {logging_mixin.py:188} INFO - [2026-06-03T12:05:59.040+0000] {dag.py:3820} INFO - Setting next_dagrun for example_task_group_decorator to 2026-06-02T00:00:00+00:00, run_after=2026-06-03T00:00:00+00:00
[2026-06-03T12:05:59.053+0000] {processor.py:183} INFO - Processing /home/airflow/.local/lib/python3.8/site-packages/airflow/example_dags/example_task_group_decorator.py took 0.118 seconds
[2026-06-03T12:06:30.060+0000] {processor.py:161} INFO - Started process (PID=2007) to work on /home/airflow/.local/lib/python3.8/site-packages/airflow/example_dags/example_task_group_decorator.py
[2026-06-03T12:06:30.062+0000] {processor.py:830} INFO - Processing file /home/airflow/.local/lib/python3.8/site-packages/airflow/example_dags/example_task_group_decorator.py for tasks to queue
[2026-06-03T12:06:30.063+0000] {logging_mixin.py:188} INFO - [2026-06-03T12:06:30.063+0000] {dagbag.py:538} INFO - Filling up the DagBag from /home/airflow/.local/lib/python3.8/site-packages/airflow/example_dags/example_task_group_decorator.py
[2026-06-03T12:06:30.070+0000] {processor.py:840} INFO - DAG(s) 'example_task_group_decorator' retrieved from /home/airflow/.local/lib/python3.8/site-packages/airflow/example_dags/example_task_group_decorator.py
[2026-06-03T12:06:30.088+0000] {logging_mixin.py:188} INFO - [2026-06-03T12:06:30.088+0000] {dag.py:3033} INFO - Sync 1 DAGs
[2026-06-03T12:06:30.102+0000] {logging_mixin.py:188} INFO - [2026-06-03T12:06:30.102+0000] {dag.py:3820} INFO - Setting next_dagrun for example_task_group_decorator to 2026-06-02T00:00:00+00:00, run_after=2026-06-03T00:00:00+00:00
[2026-06-03T12:06:30.294+0000] {processor.py:183} INFO - Processing /home/airflow/.local/lib/python3.8/site-packages/airflow/example_dags/example_task_group_decorator.py took 0.239 seconds
[2026-06-03T12:07:00.348+0000] {processor.py:161} INFO - Started process (PID=2064) to work on /home/airflow/.local/lib/python3.8/site-packages/airflow/example_dags/example_task_group_decorator.py
[2026-06-03T12:07:00.353+0000] {processor.py:830} INFO - Processing file /home/airflow/.local/lib/python3.8/site-packages/airflow/example_dags/example_task_group_decorator.py for tasks to queue
[2026-06-03T12:07:00.355+0000] {logging_mixin.py:188} INFO - [2026-06-03T12:07:00.355+0000] {dagbag.py:538} INFO - Filling up the DagBag from /home/airflow/.local/lib/python3.8/site-packages/airflow/example_dags/example_task_group_decorator.py
[2026-06-03T12:07:00.367+0000] {processor.py:840} INFO - DAG(s) 'example_task_group_decorator' retrieved from /home/airflow/.local/lib/python3.8/site-packages/airflow/example_dags/example_task_group_decorator.py
[2026-06-03T12:07:00.393+0000] {logging_mixin.py:188} INFO - [2026-06-03T12:07:00.392+0000] {dag.py:3033} INFO - Sync 1 DAGs
[2026-06-03T12:07:00.412+0000] {logging_mixin.py:188} INFO - [2026-06-03T12:07:00.411+0000] {dag.py:3820} INFO - Setting next_dagrun for example_task_group_decorator to 2026-06-02T00:00:00+00:00, run_after=2026-06-03T00:00:00+00:00
[2026-06-03T12:07:00.424+0000] {processor.py:183} INFO - Processing /home/airflow/.local/lib/python3.8/site-packages/airflow/example_dags/example_task_group_decorator.py took 0.084 seconds
[2026-06-03T12:07:30.531+0000] {processor.py:161} INFO - Started process (PID=2119) to work on /home/airflow/.local/lib/python3.8/site-packages/airflow/example_dags/example_task_group_decorator.py
[2026-06-03T12:07:30.533+0000] {processor.py:830} INFO - Processing file /home/airflow/.local/lib/python3.8/site-packages/airflow/example_dags/example_task_group_decorator.py for tasks to queue
[2026-06-03T12:07:30.534+0000] {logging_mixin.py:188} INFO - [2026-06-03T12:07:30.534+0000] {dagbag.py:538} INFO - Filling up the DagBag from /home/airflow/.local/lib/python3.8/site-packages/airflow/example_dags/example_task_group_decorator.py
[2026-06-03T12:07:30.545+0000] {processor.py:840} INFO - DAG(s) 'example_task_group_decorator' retrieved from /home/airflow/.local/lib/python3.8/site-packages/airflow/example_dags/example_task_group_decorator.py
[2026-06-03T12:07:30.563+0000] {logging_mixin.py:188} INFO - [2026-06-03T12:07:30.563+0000] {dag.py:3033} INFO - Sync 1 DAGs
[2026-06-03T12:07:30.574+0000] {logging_mixin.py:188} INFO - [2026-06-03T12:07:30.574+0000] {dag.py:3820} INFO - Setting next_dagrun for example_task_group_decorator to 2026-06-02T00:00:00+00:00, run_after=2026-06-03T00:00:00+00:00
[2026-06-03T12:07:30.580+0000] {processor.py:183} INFO - Processing /home/airflow/.local/lib/python3.8/site-packages/airflow/example_dags/example_task_group_decorator.py took 0.052 seconds
[2026-06-03T12:08:01.728+0000] {processor.py:161} INFO - Started process (PID=2175) to work on /home/airflow/.local/lib/python3.8/site-packages/airflow/example_dags/example_task_group_decorator.py
[2026-06-03T12:08:01.729+0000] {processor.py:830} INFO - Processing file /home/airflow/.local/lib/python3.8/site-packages/airflow/example_dags/example_task_group_decorator.py for tasks to queue
[2026-06-03T12:08:01.730+0000] {logging_mixin.py:188} INFO - [2026-06-03T12:08:01.730+0000] {dagbag.py:538} INFO - Filling up the DagBag from /home/airflow/.local/lib/python3.8/site-packages/airflow/example_dags/example_task_group_decorator.py
[2026-06-03T12:08:01.754+0000] {processor.py:840} INFO - DAG(s) 'example_task_group_decorator' retrieved from /home/airflow/.local/lib/python3.8/site-packages/airflow/example_dags/example_task_group_decorator.py
[2026-06-03T12:08:02.165+0000] {logging_mixin.py:188} INFO - [2026-06-03T12:08:02.164+0000] {dag.py:3033} INFO - Sync 1 DAGs
[2026-06-03T12:08:02.183+0000] {logging_mixin.py:188} INFO - [2026-06-03T12:08:02.183+0000] {dag.py:3820} INFO - Setting next_dagrun for example_task_group_decorator to 2026-06-02T00:00:00+00:00, run_after=2026-06-03T00:00:00+00:00
[2026-06-03T12:08:02.211+0000] {processor.py:183} INFO - Processing /home/airflow/.local/lib/python3.8/site-packages/airflow/example_dags/example_task_group_decorator.py took 0.486 seconds
[2026-06-03T12:08:33.042+0000] {processor.py:161} INFO - Started process (PID=2231) to work on /home/airflow/.local/lib/python3.8/site-packages/airflow/example_dags/example_task_group_decorator.py
[2026-06-03T12:08:33.044+0000] {processor.py:830} INFO - Processing file /home/airflow/.local/lib/python3.8/site-packages/airflow/example_dags/example_task_group_decorator.py for tasks to queue
[2026-06-03T12:08:33.047+0000] {logging_mixin.py:188} INFO - [2026-06-03T12:08:33.047+0000] {dagbag.py:538} INFO - Filling up the DagBag from /home/airflow/.local/lib/python3.8/site-packages/airflow/example_dags/example_task_group_decorator.py
[2026-06-03T12:08:33.058+0000] {processor.py:840} INFO - DAG(s) 'example_task_group_decorator' retrieved from /home/airflow/.local/lib/python3.8/site-packages/airflow/example_dags/example_task_group_decorator.py
[2026-06-03T12:08:33.074+0000] {logging_mixin.py:188} INFO - [2026-06-03T12:08:33.073+0000] {dag.py:3033} INFO - Sync 1 DAGs
[2026-06-03T12:08:33.089+0000] {logging_mixin.py:188} INFO - [2026-06-03T12:08:33.089+0000] {dag.py:3820} INFO - Setting next_dagrun for example_task_group_decorator to 2026-06-02T00:00:00+00:00, run_after=2026-06-03T00:00:00+00:00
[2026-06-03T12:08:33.100+0000] {processor.py:183} INFO - Processing /home/airflow/.local/lib/python3.8/site-packages/airflow/example_dags/example_task_group_decorator.py took 0.064 seconds
[2026-06-03T12:09:03.275+0000] {processor.py:161} INFO - Started process (PID=2287) to work on /home/airflow/.local/lib/python3.8/site-packages/airflow/example_dags/example_task_group_decorator.py
[2026-06-03T12:09:03.277+0000] {processor.py:830} INFO - Processing file /home/airflow/.local/lib/python3.8/site-packages/airflow/example_dags/example_task_group_decorator.py for tasks to queue
[2026-06-03T12:09:03.280+0000] {logging_mixin.py:188} INFO - [2026-06-03T12:09:03.279+0000] {dagbag.py:538} INFO - Filling up the DagBag from /home/airflow/.local/lib/python3.8/site-packages/airflow/example_dags/example_task_group_decorator.py
[2026-06-03T12:09:03.294+0000] {processor.py:840} INFO - DAG(s) 'example_task_group_decorator' retrieved from /home/airflow/.local/lib/python3.8/site-packages/airflow/example_dags/example_task_group_decorator.py
[2026-06-03T12:09:03.307+0000] {logging_mixin.py:188} INFO - [2026-06-03T12:09:03.307+0000] {dag.py:3033} INFO - Sync 1 DAGs
[2026-06-03T12:09:03.320+0000] {logging_mixin.py:188} INFO - [2026-06-03T12:09:03.319+0000] {dag.py:3820} INFO - Setting next_dagrun for example_task_group_decorator to 2026-06-02T00:00:00+00:00, run_after=2026-06-03T00:00:00+00:00
[2026-06-03T12:09:03.329+0000] {processor.py:183} INFO - Processing /home/airflow/.local/lib/python3.8/site-packages/airflow/example_dags/example_task_group_decorator.py took 0.059 seconds
[2026-06-03T12:09:33.442+0000] {processor.py:161} INFO - Started process (PID=2343) to work on /home/airflow/.local/lib/python3.8/site-packages/airflow/example_dags/example_task_group_decorator.py
[2026-06-03T12:09:33.443+0000] {processor.py:830} INFO - Processing file /home/airflow/.local/lib/python3.8/site-packages/airflow/example_dags/example_task_group_decorator.py for tasks to queue
[2026-06-03T12:09:33.445+0000] {logging_mixin.py:188} INFO - [2026-06-03T12:09:33.445+0000] {dagbag.py:538} INFO - Filling up the DagBag from /home/airflow/.local/lib/python3.8/site-packages/airflow/example_dags/example_task_group_decorator.py
[2026-06-03T12:09:33.455+0000] {processor.py:840} INFO - DAG(s) 'example_task_group_decorator' retrieved from /home/airflow/.local/lib/python3.8/site-packages/airflow/example_dags/example_task_group_decorator.py
[2026-06-03T12:09:33.471+0000] {logging_mixin.py:188} INFO - [2026-06-03T12:09:33.471+0000] {dag.py:3033} INFO - Sync 1 DAGs
[2026-06-03T12:09:33.487+0000] {logging_mixin.py:188} INFO - [2026-06-03T12:09:33.487+0000] {dag.py:3820} INFO - Setting next_dagrun for example_task_group_decorator to 2026-06-02T00:00:00+00:00, run_after=2026-06-03T00:00:00+00:00
[2026-06-03T12:09:33.496+0000] {processor.py:183} INFO - Processing /home/airflow/.local/lib/python3.8/site-packages/airflow/example_dags/example_task_group_decorator.py took 0.056 seconds
[2026-06-03T12:10:03.525+0000] {processor.py:161} INFO - Started process (PID=2399) to work on /home/airflow/.local/lib/python3.8/site-packages/airflow/example_dags/example_task_group_decorator.py
[2026-06-03T12:10:03.526+0000] {processor.py:830} INFO - Processing file /home/airflow/.local/lib/python3.8/site-packages/airflow/example_dags/example_task_group_decorator.py for tasks to queue
[2026-06-03T12:10:03.527+0000] {logging_mixin.py:188} INFO - [2026-06-03T12:10:03.527+0000] {dagbag.py:538} INFO - Filling up the DagBag from /home/airflow/.local/lib/python3.8/site-packages/airflow/example_dags/example_task_group_decorator.py
[2026-06-03T12:10:03.536+0000] {processor.py:840} INFO - DAG(s) 'example_task_group_decorator' retrieved from /home/airflow/.local/lib/python3.8/site-packages/airflow/example_dags/example_task_group_decorator.py
[2026-06-03T12:10:03.549+0000] {logging_mixin.py:188} INFO - [2026-06-03T12:10:03.549+0000] {dag.py:3033} INFO - Sync 1 DAGs
[2026-06-03T12:10:03.558+0000] {logging_mixin.py:188} INFO - [2026-06-03T12:10:03.558+0000] {dag.py:3820} INFO - Setting next_dagrun for example_task_group_decorator to 2026-06-02T00:00:00+00:00, run_after=2026-06-03T00:00:00+00:00
[2026-06-03T12:10:03.569+0000] {processor.py:183} INFO - Processing /home/airflow/.local/lib/python3.8/site-packages/airflow/example_dags/example_task_group_decorator.py took 0.047 seconds
[2026-06-03T12:10:33.741+0000] {processor.py:161} INFO - Started process (PID=2455) to work on /home/airflow/.local/lib/python3.8/site-packages/airflow/example_dags/example_task_group_decorator.py
[2026-06-03T12:10:33.742+0000] {processor.py:830} INFO - Processing file /home/airflow/.local/lib/python3.8/site-packages/airflow/example_dags/example_task_group_decorator.py for tasks to queue
[2026-06-03T12:10:33.743+0000] {logging_mixin.py:188} INFO - [2026-06-03T12:10:33.743+0000] {dagbag.py:538} INFO - Filling up the DagBag from /home/airflow/.local/lib/python3.8/site-packages/airflow/example_dags/example_task_group_decorator.py
[2026-06-03T12:10:33.751+0000] {processor.py:840} INFO - DAG(s) 'example_task_group_decorator' retrieved from /home/airflow/.local/lib/python3.8/site-packages/airflow/example_dags/example_task_group_decorator.py
[2026-06-03T12:10:33.769+0000] {logging_mixin.py:188} INFO - [2026-06-03T12:10:33.769+0000] {dag.py:3033} INFO - Sync 1 DAGs
[2026-06-03T12:10:33.778+0000] {logging_mixin.py:188} INFO - [2026-06-03T12:10:33.778+0000] {dag.py:3820} INFO - Setting next_dagrun for example_task_group_decorator to 2026-06-02T00:00:00+00:00, run_after=2026-06-03T00:00:00+00:00
[2026-06-03T12:10:33.785+0000] {processor.py:183} INFO - Processing /home/airflow/.local/lib/python3.8/site-packages/airflow/example_dags/example_task_group_decorator.py took 0.046 seconds
[2026-06-03T12:11:03.940+0000] {processor.py:161} INFO - Started process (PID=2511) to work on /home/airflow/.local/lib/python3.8/site-packages/airflow/example_dags/example_task_group_decorator.py
[2026-06-03T12:11:03.941+0000] {processor.py:830} INFO - Processing file /home/airflow/.local/lib/python3.8/site-packages/airflow/example_dags/example_task_group_decorator.py for tasks to queue
[2026-06-03T12:11:03.943+0000] {logging_mixin.py:188} INFO - [2026-06-03T12:11:03.943+0000] {dagbag.py:538} INFO - Filling up the DagBag from /home/airflow/.local/lib/python3.8/site-packages/airflow/example_dags/example_task_group_decorator.py
[2026-06-03T12:11:03.950+0000] {processor.py:840} INFO - DAG(s) 'example_task_group_decorator' retrieved from /home/airflow/.local/lib/python3.8/site-packages/airflow/example_dags/example_task_group_decorator.py
[2026-06-03T12:11:03.959+0000] {logging_mixin.py:188} INFO - [2026-06-03T12:11:03.959+0000] {dag.py:3033} INFO - Sync 1 DAGs
[2026-06-03T12:11:03.970+0000] {logging_mixin.py:188} INFO - [2026-06-03T12:11:03.970+0000] {dag.py:3820} INFO - Setting next_dagrun for example_task_group_decorator to 2026-06-02T00:00:00+00:00, run_after=2026-06-03T00:00:00+00:00
[2026-06-03T12:11:03.978+0000] {processor.py:183} INFO - Processing /home/airflow/.local/lib/python3.8/site-packages/airflow/example_dags/example_task_group_decorator.py took 0.040 seconds
[2026-06-03T12:11:34.873+0000] {processor.py:161} INFO - Started process (PID=2567) to work on /home/airflow/.local/lib/python3.8/site-packages/airflow/example_dags/example_task_group_decorator.py
[2026-06-03T12:11:34.875+0000] {processor.py:830} INFO - Processing file /home/airflow/.local/lib/python3.8/site-packages/airflow/example_dags/example_task_group_decorator.py for tasks to queue
[2026-06-03T12:11:34.876+0000] {logging_mixin.py:188} INFO - [2026-06-03T12:11:34.876+0000] {dagbag.py:538} INFO - Filling up the DagBag from /home/airflow/.local/lib/python3.8/site-packages/airflow/example_dags/example_task_group_decorator.py
[2026-06-03T12:11:34.884+0000] {processor.py:840} INFO - DAG(s) 'example_task_group_decorator' retrieved from /home/airflow/.local/lib/python3.8/site-packages/airflow/example_dags/example_task_group_decorator.py
[2026-06-03T12:11:34.895+0000] {logging_mixin.py:188} INFO - [2026-06-03T12:11:34.895+0000] {dag.py:3033} INFO - Sync 1 DAGs
[2026-06-03T12:11:34.905+0000] {logging_mixin.py:188} INFO - [2026-06-03T12:11:34.905+0000] {dag.py:3820} INFO - Setting next_dagrun for example_task_group_decorator to 2026-06-02T00:00:00+00:00, run_after=2026-06-03T00:00:00+00:00
[2026-06-03T12:11:34.914+0000] {processor.py:183} INFO - Processing /home/airflow/.local/lib/python3.8/site-packages/airflow/example_dags/example_task_group_decorator.py took 0.042 seconds
[2026-06-03T12:12:05.912+0000] {processor.py:161} INFO - Started process (PID=2623) to work on /home/airflow/.local/lib/python3.8/site-packages/airflow/example_dags/example_task_group_decorator.py
[2026-06-03T12:12:05.912+0000] {processor.py:830} INFO - Processing file /home/airflow/.local/lib/python3.8/site-packages/airflow/example_dags/example_task_group_decorator.py for tasks to queue
[2026-06-03T12:12:05.913+0000] {logging_mixin.py:188} INFO - [2026-06-03T12:12:05.913+0000] {dagbag.py:538} INFO - Filling up the DagBag from /home/airflow/.local/lib/python3.8/site-packages/airflow/example_dags/example_task_group_decorator.py
[2026-06-03T12:12:05.919+0000] {processor.py:840} INFO - DAG(s) 'example_task_group_decorator' retrieved from /home/airflow/.local/lib/python3.8/site-packages/airflow/example_dags/example_task_group_decorator.py
[2026-06-03T12:12:05.931+0000] {logging_mixin.py:188} INFO - [2026-06-03T12:12:05.931+0000] {dag.py:3033} INFO - Sync 1 DAGs
[2026-06-03T12:12:05.940+0000] {logging_mixin.py:188} INFO - [2026-06-03T12:12:05.940+0000] {dag.py:3820} INFO - Setting next_dagrun for example_task_group_decorator to 2026-06-02T00:00:00+00:00, run_after=2026-06-03T00:00:00+00:00
[2026-06-03T12:12:05.950+0000] {processor.py:183} INFO - Processing /home/airflow/.local/lib/python3.8/site-packages/airflow/example_dags/example_task_group_decorator.py took 0.040 seconds
[2026-06-03T12:12:36.888+0000] {processor.py:161} INFO - Started process (PID=2679) to work on /home/airflow/.local/lib/python3.8/site-packages/airflow/example_dags/example_task_group_decorator.py
[2026-06-03T12:12:36.889+0000] {processor.py:830} INFO - Processing file /home/airflow/.local/lib/python3.8/site-packages/airflow/example_dags/example_task_group_decorator.py for tasks to queue
[2026-06-03T12:12:36.890+0000] {logging_mixin.py:188} INFO - [2026-06-03T12:12:36.890+0000] {dagbag.py:538} INFO - Filling up the DagBag from /home/airflow/.local/lib/python3.8/site-packages/airflow/example_dags/example_task_group_decorator.py
[2026-06-03T12:12:36.896+0000] {processor.py:840} INFO - DAG(s) 'example_task_group_decorator' retrieved from /home/airflow/.local/lib/python3.8/site-packages/airflow/example_dags/example_task_group_decorator.py
[2026-06-03T12:12:36.915+0000] {logging_mixin.py:188} INFO - [2026-06-03T12:12:36.915+0000] {dag.py:3033} INFO - Sync 1 DAGs
[2026-06-03T12:12:36.925+0000] {logging_mixin.py:188} INFO - [2026-06-03T12:12:36.925+0000] {dag.py:3820} INFO - Setting next_dagrun for example_task_group_decorator to 2026-06-02T00:00:00+00:00, run_after=2026-06-03T00:00:00+00:00
[2026-06-03T12:12:36.934+0000] {processor.py:183} INFO - Processing /home/airflow/.local/lib/python3.8/site-packages/airflow/example_dags/example_task_group_decorator.py took 0.048 seconds
[2026-06-03T12:13:07.537+0000] {processor.py:161} INFO - Started process (PID=2734) to work on /home/airflow/.local/lib/python3.8/site-packages/airflow/example_dags/example_task_group_decorator.py
[2026-06-03T12:13:07.537+0000] {processor.py:830} INFO - Processing file /home/airflow/.local/lib/python3.8/site-packages/airflow/example_dags/example_task_group_decorator.py for tasks to queue
[2026-06-03T12:13:07.538+0000] {logging_mixin.py:188} INFO - [2026-06-03T12:13:07.538+0000] {dagbag.py:538} INFO - Filling up the DagBag from /home/airflow/.local/lib/python3.8/site-packages/airflow/example_dags/example_task_group_decorator.py
[2026-06-03T12:13:07.544+0000] {processor.py:840} INFO - DAG(s) 'example_task_group_decorator' retrieved from /home/airflow/.local/lib/python3.8/site-packages/airflow/example_dags/example_task_group_decorator.py
[2026-06-03T12:13:07.562+0000] {logging_mixin.py:188} INFO - [2026-06-03T12:13:07.562+0000] {dag.py:3033} INFO - Sync 1 DAGs
[2026-06-03T12:13:07.610+0000] {logging_mixin.py:188} INFO - [2026-06-03T12:13:07.609+0000] {dag.py:3820} INFO - Setting next_dagrun for example_task_group_decorator to 2026-06-02T00:00:00+00:00, run_after=2026-06-03T00:00:00+00:00
[2026-06-03T12:13:07.617+0000] {processor.py:183} INFO - Processing /home/airflow/.local/lib/python3.8/site-packages/airflow/example_dags/example_task_group_decorator.py took 0.082 seconds
[2026-06-03T12:13:38.390+0000] {processor.py:161} INFO - Started process (PID=2790) to work on /home/airflow/.local/lib/python3.8/site-packages/airflow/example_dags/example_task_group_decorator.py
[2026-06-03T12:13:38.391+0000] {processor.py:830} INFO - Processing file /home/airflow/.local/lib/python3.8/site-packages/airflow/example_dags/example_task_group_decorator.py for tasks to queue
[2026-06-03T12:13:38.392+0000] {logging_mixin.py:188} INFO - [2026-06-03T12:13:38.392+0000] {dagbag.py:538} INFO - Filling up the DagBag from /home/airflow/.local/lib/python3.8/site-packages/airflow/example_dags/example_task_group_decorator.py
[2026-06-03T12:13:38.404+0000] {processor.py:840} INFO - DAG(s) 'example_task_group_decorator' retrieved from /home/airflow/.local/lib/python3.8/site-packages/airflow/example_dags/example_task_group_decorator.py
[2026-06-03T12:13:38.414+0000] {logging_mixin.py:188} INFO - [2026-06-03T12:13:38.414+0000] {dag.py:3033} INFO - Sync 1 DAGs
[2026-06-03T12:13:38.427+0000] {logging_mixin.py:188} INFO - [2026-06-03T12:13:38.427+0000] {dag.py:3820} INFO - Setting next_dagrun for example_task_group_decorator to 2026-06-02T00:00:00+00:00, run_after=2026-06-03T00:00:00+00:00
[2026-06-03T12:13:38.445+0000] {processor.py:183} INFO - Processing /home/airflow/.local/lib/python3.8/site-packages/airflow/example_dags/example_task_group_decorator.py took 0.059 seconds
[2026-06-03T12:14:08.872+0000] {processor.py:161} INFO - Started process (PID=2846) to work on /home/airflow/.local/lib/python3.8/site-packages/airflow/example_dags/example_task_group_decorator.py
[2026-06-03T12:14:08.872+0000] {processor.py:830} INFO - Processing file /home/airflow/.local/lib/python3.8/site-packages/airflow/example_dags/example_task_group_decorator.py for tasks to queue
[2026-06-03T12:14:08.873+0000] {logging_mixin.py:188} INFO - [2026-06-03T12:14:08.873+0000] {dagbag.py:538} INFO - Filling up the DagBag from /home/airflow/.local/lib/python3.8/site-packages/airflow/example_dags/example_task_group_decorator.py
[2026-06-03T12:14:08.879+0000] {processor.py:840} INFO - DAG(s) 'example_task_group_decorator' retrieved from /home/airflow/.local/lib/python3.8/site-packages/airflow/example_dags/example_task_group_decorator.py
[2026-06-03T12:14:08.894+0000] {logging_mixin.py:188} INFO - [2026-06-03T12:14:08.894+0000] {dag.py:3033} INFO - Sync 1 DAGs
[2026-06-03T12:14:08.903+0000] {logging_mixin.py:188} INFO - [2026-06-03T12:14:08.902+0000] {dag.py:3820} INFO - Setting next_dagrun for example_task_group_decorator to 2026-06-02T00:00:00+00:00, run_after=2026-06-03T00:00:00+00:00
[2026-06-03T12:14:08.912+0000] {processor.py:183} INFO - Processing /home/airflow/.local/lib/python3.8/site-packages/airflow/example_dags/example_task_group_decorator.py took 0.041 seconds
[2026-06-03T12:14:39.186+0000] {processor.py:161} INFO - Started process (PID=2902) to work on /home/airflow/.local/lib/python3.8/site-packages/airflow/example_dags/example_task_group_decorator.py
[2026-06-03T12:14:39.187+0000] {processor.py:830} INFO - Processing file /home/airflow/.local/lib/python3.8/site-packages/airflow/example_dags/example_task_group_decorator.py for tasks to queue
[2026-06-03T12:14:39.188+0000] {logging_mixin.py:188} INFO - [2026-06-03T12:14:39.188+0000] {dagbag.py:538} INFO - Filling up the DagBag from /home/airflow/.local/lib/python3.8/site-packages/airflow/example_dags/example_task_group_decorator.py
[2026-06-03T12:14:39.195+0000] {processor.py:840} INFO - DAG(s) 'example_task_group_decorator' retrieved from /home/airflow/.local/lib/python3.8/site-packages/airflow/example_dags/example_task_group_decorator.py
[2026-06-03T12:14:39.209+0000] {logging_mixin.py:188} INFO - [2026-06-03T12:14:39.209+0000] {dag.py:3033} INFO - Sync 1 DAGs
[2026-06-03T12:14:39.218+0000] {logging_mixin.py:188} INFO - [2026-06-03T12:14:39.218+0000] {dag.py:3820} INFO - Setting next_dagrun for example_task_group_decorator to 2026-06-02T00:00:00+00:00, run_after=2026-06-03T00:00:00+00:00
[2026-06-03T12:14:39.227+0000] {processor.py:183} INFO - Processing /home/airflow/.local/lib/python3.8/site-packages/airflow/example_dags/example_task_group_decorator.py took 0.043 seconds
[2026-06-03T12:15:09.549+0000] {processor.py:161} INFO - Started process (PID=2958) to work on /home/airflow/.local/lib/python3.8/site-packages/airflow/example_dags/example_task_group_decorator.py
[2026-06-03T12:15:09.550+0000] {processor.py:830} INFO - Processing file /home/airflow/.local/lib/python3.8/site-packages/airflow/example_dags/example_task_group_decorator.py for tasks to queue
[2026-06-03T12:15:09.551+0000] {logging_mixin.py:188} INFO - [2026-06-03T12:15:09.551+0000] {dagbag.py:538} INFO - Filling up the DagBag from /home/airflow/.local/lib/python3.8/site-packages/airflow/example_dags/example_task_group_decorator.py
[2026-06-03T12:15:09.559+0000] {processor.py:840} INFO - DAG(s) 'example_task_group_decorator' retrieved from /home/airflow/.local/lib/python3.8/site-packages/airflow/example_dags/example_task_group_decorator.py
[2026-06-03T12:15:09.570+0000] {logging_mixin.py:188} INFO - [2026-06-03T12:15:09.570+0000] {dag.py:3033} INFO - Sync 1 DAGs
[2026-06-03T12:15:09.579+0000] {logging_mixin.py:188} INFO - [2026-06-03T12:15:09.579+0000] {dag.py:3820} INFO - Setting next_dagrun for example_task_group_decorator to 2026-06-02T00:00:00+00:00, run_after=2026-06-03T00:00:00+00:00
[2026-06-03T12:15:09.587+0000] {processor.py:183} INFO - Processing /home/airflow/.local/lib/python3.8/site-packages/airflow/example_dags/example_task_group_decorator.py took 0.042 seconds
[2026-06-03T12:15:40.125+0000] {processor.py:161} INFO - Started process (PID=3014) to work on /home/airflow/.local/lib/python3.8/site-packages/airflow/example_dags/example_task_group_decorator.py
[2026-06-03T12:15:40.126+0000] {processor.py:830} INFO - Processing file /home/airflow/.local/lib/python3.8/site-packages/airflow/example_dags/example_task_group_decorator.py for tasks to queue
[2026-06-03T12:15:40.127+0000] {logging_mixin.py:188} INFO - [2026-06-03T12:15:40.127+0000] {dagbag.py:538} INFO - Filling up the DagBag from /home/airflow/.local/lib/python3.8/site-packages/airflow/example_dags/example_task_group_decorator.py
[2026-06-03T12:15:40.135+0000] {processor.py:840} INFO - DAG(s) 'example_task_group_decorator' retrieved from /home/airflow/.local/lib/python3.8/site-packages/airflow/example_dags/example_task_group_decorator.py
[2026-06-03T12:15:40.151+0000] {logging_mixin.py:188} INFO - [2026-06-03T12:15:40.151+0000] {dag.py:3033} INFO - Sync 1 DAGs
[2026-06-03T12:15:40.173+0000] {logging_mixin.py:188} INFO - [2026-06-03T12:15:40.172+0000] {dag.py:3820} INFO - Setting next_dagrun for example_task_group_decorator to 2026-06-02T00:00:00+00:00, run_after=2026-06-03T00:00:00+00:00
[2026-06-03T12:15:40.185+0000] {processor.py:183} INFO - Processing /home/airflow/.local/lib/python3.8/site-packages/airflow/example_dags/example_task_group_decorator.py took 0.061 seconds
[2026-06-03T12:16:10.879+0000] {processor.py:161} INFO - Started process (PID=3070) to work on /home/airflow/.local/lib/python3.8/site-packages/airflow/example_dags/example_task_group_decorator.py
[2026-06-03T12:16:10.879+0000] {processor.py:830} INFO - Processing file /home/airflow/.local/lib/python3.8/site-packages/airflow/example_dags/example_task_group_decorator.py for tasks to queue
[2026-06-03T12:16:10.881+0000] {logging_mixin.py:188} INFO - [2026-06-03T12:16:10.881+0000] {dagbag.py:538} INFO - Filling up the DagBag from /home/airflow/.local/lib/python3.8/site-packages/airflow/example_dags/example_task_group_decorator.py
[2026-06-03T12:16:10.890+0000] {processor.py:840} INFO - DAG(s) 'example_task_group_decorator' retrieved from /home/airflow/.local/lib/python3.8/site-packages/airflow/example_dags/example_task_group_decorator.py
[2026-06-03T12:16:10.905+0000] {logging_mixin.py:188} INFO - [2026-06-03T12:16:10.904+0000] {dag.py:3033} INFO - Sync 1 DAGs
[2026-06-03T12:16:10.914+0000] {logging_mixin.py:188} INFO - [2026-06-03T12:16:10.914+0000] {dag.py:3820} INFO - Setting next_dagrun for example_task_group_decorator to 2026-06-02T00:00:00+00:00, run_after=2026-06-03T00:00:00+00:00
[2026-06-03T12:16:10.923+0000] {processor.py:183} INFO - Processing /home/airflow/.local/lib/python3.8/site-packages/airflow/example_dags/example_task_group_decorator.py took 0.046 seconds
[2026-06-03T12:16:41.284+0000] {processor.py:161} INFO - Started process (PID=3126) to work on /home/airflow/.local/lib/python3.8/site-packages/airflow/example_dags/example_task_group_decorator.py
[2026-06-03T12:16:41.284+0000] {processor.py:830} INFO - Processing file /home/airflow/.local/lib/python3.8/site-packages/airflow/example_dags/example_task_group_decorator.py for tasks to queue
[2026-06-03T12:16:41.285+0000] {logging_mixin.py:188} INFO - [2026-06-03T12:16:41.285+0000] {dagbag.py:538} INFO - Filling up the DagBag from /home/airflow/.local/lib/python3.8/site-packages/airflow/example_dags/example_task_group_decorator.py
[2026-06-03T12:16:41.291+0000] {processor.py:840} INFO - DAG(s) 'example_task_group_decorator' retrieved from /home/airflow/.local/lib/python3.8/site-packages/airflow/example_dags/example_task_group_decorator.py
[2026-06-03T12:16:41.304+0000] {logging_mixin.py:188} INFO - [2026-06-03T12:16:41.304+0000] {dag.py:3033} INFO - Sync 1 DAGs
[2026-06-03T12:16:41.312+0000] {logging_mixin.py:188} INFO - [2026-06-03T12:16:41.312+0000] {dag.py:3820} INFO - Setting next_dagrun for example_task_group_decorator to 2026-06-02T00:00:00+00:00, run_after=2026-06-03T00:00:00+00:00
[2026-06-03T12:16:41.321+0000] {processor.py:183} INFO - Processing /home/airflow/.local/lib/python3.8/site-packages/airflow/example_dags/example_task_group_decorator.py took 0.039 seconds
[2026-06-03T12:17:12.036+0000] {processor.py:161} INFO - Started process (PID=3182) to work on /home/airflow/.local/lib/python3.8/site-packages/airflow/example_dags/example_task_group_decorator.py
[2026-06-03T12:17:12.037+0000] {processor.py:830} INFO - Processing file /home/airflow/.local/lib/python3.8/site-packages/airflow/example_dags/example_task_group_decorator.py for tasks to queue
[2026-06-03T12:17:12.038+0000] {logging_mixin.py:188} INFO - [2026-06-03T12:17:12.038+0000] {dagbag.py:538} INFO - Filling up the DagBag from /home/airflow/.local/lib/python3.8/site-packages/airflow/example_dags/example_task_group_decorator.py
[2026-06-03T12:17:12.053+0000] {processor.py:840} INFO - DAG(s) 'example_task_group_decorator' retrieved from /home/airflow/.local/lib/python3.8/site-packages/airflow/example_dags/example_task_group_decorator.py
[2026-06-03T12:17:12.069+0000] {logging_mixin.py:188} INFO - [2026-06-03T12:17:12.069+0000] {dag.py:3033} INFO - Sync 1 DAGs
[2026-06-03T12:17:12.079+0000] {logging_mixin.py:188} INFO - [2026-06-03T12:17:12.079+0000] {dag.py:3820} INFO - Setting next_dagrun for example_task_group_decorator to 2026-06-02T00:00:00+00:00, run_after=2026-06-03T00:00:00+00:00
[2026-06-03T12:17:12.092+0000] {processor.py:183} INFO - Processing /home/airflow/.local/lib/python3.8/site-packages/airflow/example_dags/example_task_group_decorator.py took 0.058 seconds
[2026-06-03T12:17:42.785+0000] {processor.py:161} INFO - Started process (PID=3237) to work on /home/airflow/.local/lib/python3.8/site-packages/airflow/example_dags/example_task_group_decorator.py
[2026-06-03T12:17:42.787+0000] {processor.py:830} INFO - Processing file /home/airflow/.local/lib/python3.8/site-packages/airflow/example_dags/example_task_group_decorator.py for tasks to queue
[2026-06-03T12:17:42.789+0000] {logging_mixin.py:188} INFO - [2026-06-03T12:17:42.788+0000] {dagbag.py:538} INFO - Filling up the DagBag from /home/airflow/.local/lib/python3.8/site-packages/airflow/example_dags/example_task_group_decorator.py
[2026-06-03T12:17:42.798+0000] {processor.py:840} INFO - DAG(s) 'example_task_group_decorator' retrieved from /home/airflow/.local/lib/python3.8/site-packages/airflow/example_dags/example_task_group_decorator.py
[2026-06-03T12:17:42.813+0000] {logging_mixin.py:188} INFO - [2026-06-03T12:17:42.813+0000] {dag.py:3033} INFO - Sync 1 DAGs
[2026-06-03T12:17:42.828+0000] {logging_mixin.py:188} INFO - [2026-06-03T12:17:42.827+0000] {dag.py:3820} INFO - Setting next_dagrun for example_task_group_decorator to 2026-06-02T00:00:00+00:00, run_after=2026-06-03T00:00:00+00:00
[2026-06-03T12:17:42.836+0000] {processor.py:183} INFO - Processing /home/airflow/.local/lib/python3.8/site-packages/airflow/example_dags/example_task_group_decorator.py took 0.055 seconds
[2026-06-03T12:18:13.313+0000] {processor.py:161} INFO - Started process (PID=3293) to work on /home/airflow/.local/lib/python3.8/site-packages/airflow/example_dags/example_task_group_decorator.py
[2026-06-03T12:18:13.316+0000] {processor.py:830} INFO - Processing file /home/airflow/.local/lib/python3.8/site-packages/airflow/example_dags/example_task_group_decorator.py for tasks to queue
[2026-06-03T12:18:13.318+0000] {logging_mixin.py:188} INFO - [2026-06-03T12:18:13.318+0000] {dagbag.py:538} INFO - Filling up the DagBag from /home/airflow/.local/lib/python3.8/site-packages/airflow/example_dags/example_task_group_decorator.py
[2026-06-03T12:18:13.338+0000] {processor.py:840} INFO - DAG(s) 'example_task_group_decorator' retrieved from /home/airflow/.local/lib/python3.8/site-packages/airflow/example_dags/example_task_group_decorator.py
[2026-06-03T12:18:13.363+0000] {logging_mixin.py:188} INFO - [2026-06-03T12:18:13.363+0000] {dag.py:3033} INFO - Sync 1 DAGs
[2026-06-03T12:18:13.382+0000] {logging_mixin.py:188} INFO - [2026-06-03T12:18:13.382+0000] {dag.py:3820} INFO - Setting next_dagrun for example_task_group_decorator to 2026-06-02T00:00:00+00:00, run_after=2026-06-03T00:00:00+00:00
[2026-06-03T12:18:13.396+0000] {processor.py:183} INFO - Processing /home/airflow/.local/lib/python3.8/site-packages/airflow/example_dags/example_task_group_decorator.py took 0.088 seconds
[2026-06-03T12:18:45.142+0000] {processor.py:161} INFO - Started process (PID=3349) to work on /home/airflow/.local/lib/python3.8/site-packages/airflow/example_dags/example_task_group_decorator.py
[2026-06-03T12:18:45.143+0000] {processor.py:830} INFO - Processing file /home/airflow/.local/lib/python3.8/site-packages/airflow/example_dags/example_task_group_decorator.py for tasks to queue
[2026-06-03T12:18:45.145+0000] {logging_mixin.py:188} INFO - [2026-06-03T12:18:45.145+0000] {dagbag.py:538} INFO - Filling up the DagBag from /home/airflow/.local/lib/python3.8/site-packages/airflow/example_dags/example_task_group_decorator.py
[2026-06-03T12:18:45.173+0000] {processor.py:840} INFO - DAG(s) 'example_task_group_decorator' retrieved from /home/airflow/.local/lib/python3.8/site-packages/airflow/example_dags/example_task_group_decorator.py
[2026-06-03T12:18:45.238+0000] {logging_mixin.py:188} INFO - [2026-06-03T12:18:45.237+0000] {dag.py:3033} INFO - Sync 1 DAGs
[2026-06-03T12:18:45.288+0000] {logging_mixin.py:188} INFO - [2026-06-03T12:18:45.287+0000] {dag.py:3820} INFO - Setting next_dagrun for example_task_group_decorator to 2026-06-02T00:00:00+00:00, run_after=2026-06-03T00:00:00+00:00
[2026-06-03T12:18:45.321+0000] {processor.py:183} INFO - Processing /home/airflow/.local/lib/python3.8/site-packages/airflow/example_dags/example_task_group_decorator.py took 0.181 seconds
[2026-06-03T12:19:15.567+0000] {processor.py:161} INFO - Started process (PID=3406) to work on /home/airflow/.local/lib/python3.8/site-packages/airflow/example_dags/example_task_group_decorator.py
[2026-06-03T12:19:15.568+0000] {processor.py:830} INFO - Processing file /home/airflow/.local/lib/python3.8/site-packages/airflow/example_dags/example_task_group_decorator.py for tasks to queue
[2026-06-03T12:19:15.570+0000] {logging_mixin.py:188} INFO - [2026-06-03T12:19:15.570+0000] {dagbag.py:538} INFO - Filling up the DagBag from /home/airflow/.local/lib/python3.8/site-packages/airflow/example_dags/example_task_group_decorator.py
[2026-06-03T12:19:15.583+0000] {processor.py:840} INFO - DAG(s) 'example_task_group_decorator' retrieved from /home/airflow/.local/lib/python3.8/site-packages/airflow/example_dags/example_task_group_decorator.py
[2026-06-03T12:19:15.610+0000] {logging_mixin.py:188} INFO - [2026-06-03T12:19:15.610+0000] {dag.py:3033} INFO - Sync 1 DAGs
[2026-06-03T12:19:15.625+0000] {logging_mixin.py:188} INFO - [2026-06-03T12:19:15.625+0000] {dag.py:3820} INFO - Setting next_dagrun for example_task_group_decorator to 2026-06-02T00:00:00+00:00, run_after=2026-06-03T00:00:00+00:00
[2026-06-03T12:19:15.639+0000] {processor.py:183} INFO - Processing /home/airflow/.local/lib/python3.8/site-packages/airflow/example_dags/example_task_group_decorator.py took 0.075 seconds
[2026-06-03T12:19:46.481+0000] {processor.py:161} INFO - Started process (PID=3462) to work on /home/airflow/.local/lib/python3.8/site-packages/airflow/example_dags/example_task_group_decorator.py
[2026-06-03T12:19:46.483+0000] {processor.py:830} INFO - Processing file /home/airflow/.local/lib/python3.8/site-packages/airflow/example_dags/example_task_group_decorator.py for tasks to queue
[2026-06-03T12:19:46.484+0000] {logging_mixin.py:188} INFO - [2026-06-03T12:19:46.484+0000] {dagbag.py:538} INFO - Filling up the DagBag from /home/airflow/.local/lib/python3.8/site-packages/airflow/example_dags/example_task_group_decorator.py
[2026-06-03T12:19:46.491+0000] {processor.py:840} INFO - DAG(s) 'example_task_group_decorator' retrieved from /home/airflow/.local/lib/python3.8/site-packages/airflow/example_dags/example_task_group_decorator.py
[2026-06-03T12:19:46.504+0000] {logging_mixin.py:188} INFO - [2026-06-03T12:19:46.504+0000] {dag.py:3033} INFO - Sync 1 DAGs
[2026-06-03T12:19:46.513+0000] {logging_mixin.py:188} INFO - [2026-06-03T12:19:46.513+0000] {dag.py:3820} INFO - Setting next_dagrun for example_task_group_decorator to 2026-06-02T00:00:00+00:00, run_after=2026-06-03T00:00:00+00:00
[2026-06-03T12:19:46.522+0000] {processor.py:183} INFO - Processing /home/airflow/.local/lib/python3.8/site-packages/airflow/example_dags/example_task_group_decorator.py took 0.043 seconds
[2026-06-03T12:20:16.555+0000] {processor.py:161} INFO - Started process (PID=3518) to work on /home/airflow/.local/lib/python3.8/site-packages/airflow/example_dags/example_task_group_decorator.py
[2026-06-03T12:20:16.555+0000] {processor.py:830} INFO - Processing file /home/airflow/.local/lib/python3.8/site-packages/airflow/example_dags/example_task_group_decorator.py for tasks to queue
[2026-06-03T12:20:16.556+0000] {logging_mixin.py:188} INFO - [2026-06-03T12:20:16.556+0000] {dagbag.py:538} INFO - Filling up the DagBag from /home/airflow/.local/lib/python3.8/site-packages/airflow/example_dags/example_task_group_decorator.py
[2026-06-03T12:20:16.563+0000] {processor.py:840} INFO - DAG(s) 'example_task_group_decorator' retrieved from /home/airflow/.local/lib/python3.8/site-packages/airflow/example_dags/example_task_group_decorator.py
[2026-06-03T12:20:16.576+0000] {logging_mixin.py:188} INFO - [2026-06-03T12:20:16.576+0000] {dag.py:3033} INFO - Sync 1 DAGs
[2026-06-03T12:20:16.587+0000] {logging_mixin.py:188} INFO - [2026-06-03T12:20:16.586+0000] {dag.py:3820} INFO - Setting next_dagrun for example_task_group_decorator to 2026-06-02T00:00:00+00:00, run_after=2026-06-03T00:00:00+00:00
[2026-06-03T12:20:16.597+0000] {processor.py:183} INFO - Processing /home/airflow/.local/lib/python3.8/site-packages/airflow/example_dags/example_task_group_decorator.py took 0.045 seconds
[2026-06-03T12:20:46.748+0000] {processor.py:161} INFO - Started process (PID=3575) to work on /home/airflow/.local/lib/python3.8/site-packages/airflow/example_dags/example_task_group_decorator.py
[2026-06-03T12:20:46.752+0000] {processor.py:830} INFO - Processing file /home/airflow/.local/lib/python3.8/site-packages/airflow/example_dags/example_task_group_decorator.py for tasks to queue
[2026-06-03T12:20:46.753+0000] {logging_mixin.py:188} INFO - [2026-06-03T12:20:46.753+0000] {dagbag.py:538} INFO - Filling up the DagBag from /home/airflow/.local/lib/python3.8/site-packages/airflow/example_dags/example_task_group_decorator.py
[2026-06-03T12:20:46.766+0000] {processor.py:840} INFO - DAG(s) 'example_task_group_decorator' retrieved from /home/airflow/.local/lib/python3.8/site-packages/airflow/example_dags/example_task_group_decorator.py
[2026-06-03T12:20:46.781+0000] {logging_mixin.py:188} INFO - [2026-06-03T12:20:46.781+0000] {dag.py:3033} INFO - Sync 1 DAGs
[2026-06-03T12:20:46.790+0000] {logging_mixin.py:188} INFO - [2026-06-03T12:20:46.790+0000] {dag.py:3820} INFO - Setting next_dagrun for example_task_group_decorator to 2026-06-02T00:00:00+00:00, run_after=2026-06-03T00:00:00+00:00
[2026-06-03T12:20:46.797+0000] {processor.py:183} INFO - Processing /home/airflow/.local/lib/python3.8/site-packages/airflow/example_dags/example_task_group_decorator.py took 0.051 seconds
[2026-06-03T12:21:17.194+0000] {processor.py:161} INFO - Started process (PID=3631) to work on /home/airflow/.local/lib/python3.8/site-packages/airflow/example_dags/example_task_group_decorator.py
[2026-06-03T12:21:17.195+0000] {processor.py:830} INFO - Processing file /home/airflow/.local/lib/python3.8/site-packages/airflow/example_dags/example_task_group_decorator.py for tasks to queue
[2026-06-03T12:21:17.197+0000] {logging_mixin.py:188} INFO - [2026-06-03T12:21:17.197+0000] {dagbag.py:538} INFO - Filling up the DagBag from /home/airflow/.local/lib/python3.8/site-packages/airflow/example_dags/example_task_group_decorator.py
[2026-06-03T12:21:17.204+0000] {processor.py:840} INFO - DAG(s) 'example_task_group_decorator' retrieved from /home/airflow/.local/lib/python3.8/site-packages/airflow/example_dags/example_task_group_decorator.py
[2026-06-03T12:21:17.217+0000] {logging_mixin.py:188} INFO - [2026-06-03T12:21:17.217+0000] {dag.py:3033} INFO - Sync 1 DAGs
[2026-06-03T12:21:17.231+0000] {logging_mixin.py:188} INFO - [2026-06-03T12:21:17.231+0000] {dag.py:3820} INFO - Setting next_dagrun for example_task_group_decorator to 2026-06-02T00:00:00+00:00, run_after=2026-06-03T00:00:00+00:00
[2026-06-03T12:21:17.244+0000] {processor.py:183} INFO - Processing /home/airflow/.local/lib/python3.8/site-packages/airflow/example_dags/example_task_group_decorator.py took 0.052 seconds
[2026-06-03T12:21:47.859+0000] {processor.py:161} INFO - Started process (PID=3687) to work on /home/airflow/.local/lib/python3.8/site-packages/airflow/example_dags/example_task_group_decorator.py
[2026-06-03T12:21:47.859+0000] {processor.py:830} INFO - Processing file /home/airflow/.local/lib/python3.8/site-packages/airflow/example_dags/example_task_group_decorator.py for tasks to queue
[2026-06-03T12:21:47.860+0000] {logging_mixin.py:188} INFO - [2026-06-03T12:21:47.860+0000] {dagbag.py:538} INFO - Filling up the DagBag from /home/airflow/.local/lib/python3.8/site-packages/airflow/example_dags/example_task_group_decorator.py
[2026-06-03T12:21:47.867+0000] {processor.py:840} INFO - DAG(s) 'example_task_group_decorator' retrieved from /home/airflow/.local/lib/python3.8/site-packages/airflow/example_dags/example_task_group_decorator.py
[2026-06-03T12:21:47.880+0000] {logging_mixin.py:188} INFO - [2026-06-03T12:21:47.880+0000] {dag.py:3033} INFO - Sync 1 DAGs
[2026-06-03T12:21:47.890+0000] {logging_mixin.py:188} INFO - [2026-06-03T12:21:47.890+0000] {dag.py:3820} INFO - Setting next_dagrun for example_task_group_decorator to 2026-06-02T00:00:00+00:00, run_after=2026-06-03T00:00:00+00:00
[2026-06-03T12:21:47.902+0000] {processor.py:183} INFO - Processing /home/airflow/.local/lib/python3.8/site-packages/airflow/example_dags/example_task_group_decorator.py took 0.044 seconds
[2026-06-03T12:22:18.594+0000] {processor.py:161} INFO - Started process (PID=3743) to work on /home/airflow/.local/lib/python3.8/site-packages/airflow/example_dags/example_task_group_decorator.py
[2026-06-03T12:22:18.597+0000] {processor.py:830} INFO - Processing file /home/airflow/.local/lib/python3.8/site-packages/airflow/example_dags/example_task_group_decorator.py for tasks to queue
[2026-06-03T12:22:18.599+0000] {logging_mixin.py:188} INFO - [2026-06-03T12:22:18.599+0000] {dagbag.py:538} INFO - Filling up the DagBag from /home/airflow/.local/lib/python3.8/site-packages/airflow/example_dags/example_task_group_decorator.py
[2026-06-03T12:22:18.609+0000] {processor.py:840} INFO - DAG(s) 'example_task_group_decorator' retrieved from /home/airflow/.local/lib/python3.8/site-packages/airflow/example_dags/example_task_group_decorator.py
[2026-06-03T12:22:18.632+0000] {logging_mixin.py:188} INFO - [2026-06-03T12:22:18.632+0000] {dag.py:3033} INFO - Sync 1 DAGs
[2026-06-03T12:22:18.653+0000] {logging_mixin.py:188} INFO - [2026-06-03T12:22:18.652+0000] {dag.py:3820} INFO - Setting next_dagrun for example_task_group_decorator to 2026-06-02T00:00:00+00:00, run_after=2026-06-03T00:00:00+00:00
[2026-06-03T12:22:18.671+0000] {processor.py:183} INFO - Processing /home/airflow/.local/lib/python3.8/site-packages/airflow/example_dags/example_task_group_decorator.py took 0.083 seconds
[2026-06-03T12:22:49.662+0000] {processor.py:161} INFO - Started process (PID=3805) to work on /home/airflow/.local/lib/python3.8/site-packages/airflow/example_dags/example_task_group_decorator.py
[2026-06-03T12:22:49.664+0000] {processor.py:830} INFO - Processing file /home/airflow/.local/lib/python3.8/site-packages/airflow/example_dags/example_task_group_decorator.py for tasks to queue
[2026-06-03T12:22:49.666+0000] {logging_mixin.py:188} INFO - [2026-06-03T12:22:49.665+0000] {dagbag.py:538} INFO - Filling up the DagBag from /home/airflow/.local/lib/python3.8/site-packages/airflow/example_dags/example_task_group_decorator.py
[2026-06-03T12:22:49.674+0000] {processor.py:840} INFO - DAG(s) 'example_task_group_decorator' retrieved from /home/airflow/.local/lib/python3.8/site-packages/airflow/example_dags/example_task_group_decorator.py
[2026-06-03T12:22:49.688+0000] {logging_mixin.py:188} INFO - [2026-06-03T12:22:49.688+0000] {dag.py:3033} INFO - Sync 1 DAGs
[2026-06-03T12:22:49.702+0000] {logging_mixin.py:188} INFO - [2026-06-03T12:22:49.702+0000] {dag.py:3820} INFO - Setting next_dagrun for example_task_group_decorator to 2026-06-02T00:00:00+00:00, run_after=2026-06-03T00:00:00+00:00
[2026-06-03T12:22:49.714+0000] {processor.py:183} INFO - Processing /home/airflow/.local/lib/python3.8/site-packages/airflow/example_dags/example_task_group_decorator.py took 0.054 seconds
[2026-06-03T12:23:20.038+0000] {processor.py:161} INFO - Started process (PID=3861) to work on /home/airflow/.local/lib/python3.8/site-packages/airflow/example_dags/example_task_group_decorator.py
[2026-06-03T12:23:20.039+0000] {processor.py:830} INFO - Processing file /home/airflow/.local/lib/python3.8/site-packages/airflow/example_dags/example_task_group_decorator.py for tasks to queue
[2026-06-03T12:23:20.040+0000] {logging_mixin.py:188} INFO - [2026-06-03T12:23:20.040+0000] {dagbag.py:538} INFO - Filling up the DagBag from /home/airflow/.local/lib/python3.8/site-packages/airflow/example_dags/example_task_group_decorator.py
[2026-06-03T12:23:20.049+0000] {processor.py:840} INFO - DAG(s) 'example_task_group_decorator' retrieved from /home/airflow/.local/lib/python3.8/site-packages/airflow/example_dags/example_task_group_decorator.py
[2026-06-03T12:23:20.068+0000] {logging_mixin.py:188} INFO - [2026-06-03T12:23:20.068+0000] {dag.py:3033} INFO - Sync 1 DAGs
[2026-06-03T12:23:20.081+0000] {logging_mixin.py:188} INFO - [2026-06-03T12:23:20.081+0000] {dag.py:3820} INFO - Setting next_dagrun for example_task_group_decorator to 2026-06-02T00:00:00+00:00, run_after=2026-06-03T00:00:00+00:00
[2026-06-03T12:23:20.098+0000] {processor.py:183} INFO - Processing /home/airflow/.local/lib/python3.8/site-packages/airflow/example_dags/example_task_group_decorator.py took 0.062 seconds
[2026-06-03T12:23:50.376+0000] {processor.py:161} INFO - Started process (PID=3917) to work on /home/airflow/.local/lib/python3.8/site-packages/airflow/example_dags/example_task_group_decorator.py
[2026-06-03T12:23:50.377+0000] {processor.py:830} INFO - Processing file /home/airflow/.local/lib/python3.8/site-packages/airflow/example_dags/example_task_group_decorator.py for tasks to queue
[2026-06-03T12:23:50.377+0000] {logging_mixin.py:188} INFO - [2026-06-03T12:23:50.377+0000] {dagbag.py:538} INFO - Filling up the DagBag from /home/airflow/.local/lib/python3.8/site-packages/airflow/example_dags/example_task_group_decorator.py
[2026-06-03T12:23:50.385+0000] {processor.py:840} INFO - DAG(s) 'example_task_group_decorator' retrieved from /home/airflow/.local/lib/python3.8/site-packages/airflow/example_dags/example_task_group_decorator.py
[2026-06-03T12:23:50.399+0000] {logging_mixin.py:188} INFO - [2026-06-03T12:23:50.399+0000] {dag.py:3033} INFO - Sync 1 DAGs
[2026-06-03T12:23:50.410+0000] {logging_mixin.py:188} INFO - [2026-06-03T12:23:50.410+0000] {dag.py:3820} INFO - Setting next_dagrun for example_task_group_decorator to 2026-06-02T00:00:00+00:00, run_after=2026-06-03T00:00:00+00:00
[2026-06-03T12:23:50.421+0000] {processor.py:183} INFO - Processing /home/airflow/.local/lib/python3.8/site-packages/airflow/example_dags/example_task_group_decorator.py took 0.046 seconds
[2026-06-03T12:24:21.245+0000] {processor.py:161} INFO - Started process (PID=3973) to work on /home/airflow/.local/lib/python3.8/site-packages/airflow/example_dags/example_task_group_decorator.py
[2026-06-03T12:24:21.246+0000] {processor.py:830} INFO - Processing file /home/airflow/.local/lib/python3.8/site-packages/airflow/example_dags/example_task_group_decorator.py for tasks to queue
[2026-06-03T12:24:21.248+0000] {logging_mixin.py:188} INFO - [2026-06-03T12:24:21.248+0000] {dagbag.py:538} INFO - Filling up the DagBag from /home/airflow/.local/lib/python3.8/site-packages/airflow/example_dags/example_task_group_decorator.py
[2026-06-03T12:24:21.261+0000] {processor.py:840} INFO - DAG(s) 'example_task_group_decorator' retrieved from /home/airflow/.local/lib/python3.8/site-packages/airflow/example_dags/example_task_group_decorator.py
[2026-06-03T12:24:21.279+0000] {logging_mixin.py:188} INFO - [2026-06-03T12:24:21.279+0000] {dag.py:3033} INFO - Sync 1 DAGs
[2026-06-03T12:24:21.293+0000] {logging_mixin.py:188} INFO - [2026-06-03T12:24:21.293+0000] {dag.py:3820} INFO - Setting next_dagrun for example_task_group_decorator to 2026-06-02T00:00:00+00:00, run_after=2026-06-03T00:00:00+00:00
[2026-06-03T12:24:21.308+0000] {processor.py:183} INFO - Processing /home/airflow/.local/lib/python3.8/site-packages/airflow/example_dags/example_task_group_decorator.py took 0.066 seconds
[2026-06-03T12:24:51.872+0000] {processor.py:161} INFO - Started process (PID=4029) to work on /home/airflow/.local/lib/python3.8/site-packages/airflow/example_dags/example_task_group_decorator.py
[2026-06-03T12:24:51.874+0000] {processor.py:830} INFO - Processing file /home/airflow/.local/lib/python3.8/site-packages/airflow/example_dags/example_task_group_decorator.py for tasks to queue
[2026-06-03T12:24:51.875+0000] {logging_mixin.py:188} INFO - [2026-06-03T12:24:51.875+0000] {dagbag.py:538} INFO - Filling up the DagBag from /home/airflow/.local/lib/python3.8/site-packages/airflow/example_dags/example_task_group_decorator.py
[2026-06-03T12:24:51.883+0000] {processor.py:840} INFO - DAG(s) 'example_task_group_decorator' retrieved from /home/airflow/.local/lib/python3.8/site-packages/airflow/example_dags/example_task_group_decorator.py
[2026-06-03T12:24:51.896+0000] {logging_mixin.py:188} INFO - [2026-06-03T12:24:51.896+0000] {dag.py:3033} INFO - Sync 1 DAGs
[2026-06-03T12:24:51.908+0000] {logging_mixin.py:188} INFO - [2026-06-03T12:24:51.908+0000] {dag.py:3820} INFO - Setting next_dagrun for example_task_group_decorator to 2026-06-02T00:00:00+00:00, run_after=2026-06-03T00:00:00+00:00
[2026-06-03T12:24:51.920+0000] {processor.py:183} INFO - Processing /home/airflow/.local/lib/python3.8/site-packages/airflow/example_dags/example_task_group_decorator.py took 0.049 seconds
[2026-06-03T12:25:22.294+0000] {processor.py:161} INFO - Started process (PID=4085) to work on /home/airflow/.local/lib/python3.8/site-packages/airflow/example_dags/example_task_group_decorator.py
[2026-06-03T12:25:22.295+0000] {processor.py:830} INFO - Processing file /home/airflow/.local/lib/python3.8/site-packages/airflow/example_dags/example_task_group_decorator.py for tasks to queue
[2026-06-03T12:25:22.296+0000] {logging_mixin.py:188} INFO - [2026-06-03T12:25:22.296+0000] {dagbag.py:538} INFO - Filling up the DagBag from /home/airflow/.local/lib/python3.8/site-packages/airflow/example_dags/example_task_group_decorator.py
[2026-06-03T12:25:22.302+0000] {processor.py:840} INFO - DAG(s) 'example_task_group_decorator' retrieved from /home/airflow/.local/lib/python3.8/site-packages/airflow/example_dags/example_task_group_decorator.py
[2026-06-03T12:25:22.314+0000] {logging_mixin.py:188} INFO - [2026-06-03T12:25:22.314+0000] {dag.py:3033} INFO - Sync 1 DAGs
[2026-06-03T12:25:22.324+0000] {logging_mixin.py:188} INFO - [2026-06-03T12:25:22.324+0000] {dag.py:3820} INFO - Setting next_dagrun for example_task_group_decorator to 2026-06-02T00:00:00+00:00, run_after=2026-06-03T00:00:00+00:00
[2026-06-03T12:25:22.334+0000] {processor.py:183} INFO - Processing /home/airflow/.local/lib/python3.8/site-packages/airflow/example_dags/example_task_group_decorator.py took 0.041 seconds
[2026-06-03T12:25:52.558+0000] {processor.py:161} INFO - Started process (PID=4141) to work on /home/airflow/.local/lib/python3.8/site-packages/airflow/example_dags/example_task_group_decorator.py
[2026-06-03T12:25:52.559+0000] {processor.py:830} INFO - Processing file /home/airflow/.local/lib/python3.8/site-packages/airflow/example_dags/example_task_group_decorator.py for tasks to queue
[2026-06-03T12:25:52.560+0000] {logging_mixin.py:188} INFO - [2026-06-03T12:25:52.560+0000] {dagbag.py:538} INFO - Filling up the DagBag from /home/airflow/.local/lib/python3.8/site-packages/airflow/example_dags/example_task_group_decorator.py
[2026-06-03T12:25:52.569+0000] {processor.py:840} INFO - DAG(s) 'example_task_group_decorator' retrieved from /home/airflow/.local/lib/python3.8/site-packages/airflow/example_dags/example_task_group_decorator.py
[2026-06-03T12:25:52.581+0000] {logging_mixin.py:188} INFO - [2026-06-03T12:25:52.581+0000] {dag.py:3033} INFO - Sync 1 DAGs
[2026-06-03T12:25:52.591+0000] {logging_mixin.py:188} INFO - [2026-06-03T12:25:52.591+0000] {dag.py:3820} INFO - Setting next_dagrun for example_task_group_decorator to 2026-06-02T00:00:00+00:00, run_after=2026-06-03T00:00:00+00:00
[2026-06-03T12:25:52.601+0000] {processor.py:183} INFO - Processing /home/airflow/.local/lib/python3.8/site-packages/airflow/example_dags/example_task_group_decorator.py took 0.044 seconds
[2026-06-03T12:26:22.699+0000] {processor.py:161} INFO - Started process (PID=4197) to work on /home/airflow/.local/lib/python3.8/site-packages/airflow/example_dags/example_task_group_decorator.py
[2026-06-03T12:26:22.700+0000] {processor.py:830} INFO - Processing file /home/airflow/.local/lib/python3.8/site-packages/airflow/example_dags/example_task_group_decorator.py for tasks to queue
[2026-06-03T12:26:22.702+0000] {logging_mixin.py:188} INFO - [2026-06-03T12:26:22.701+0000] {dagbag.py:538} INFO - Filling up the DagBag from /home/airflow/.local/lib/python3.8/site-packages/airflow/example_dags/example_task_group_decorator.py
[2026-06-03T12:26:22.710+0000] {processor.py:840} INFO - DAG(s) 'example_task_group_decorator' retrieved from /home/airflow/.local/lib/python3.8/site-packages/airflow/example_dags/example_task_group_decorator.py
[2026-06-03T12:26:22.720+0000] {logging_mixin.py:188} INFO - [2026-06-03T12:26:22.720+0000] {dag.py:3033} INFO - Sync 1 DAGs
[2026-06-03T12:26:22.730+0000] {logging_mixin.py:188} INFO - [2026-06-03T12:26:22.730+0000] {dag.py:3820} INFO - Setting next_dagrun for example_task_group_decorator to 2026-06-02T00:00:00+00:00, run_after=2026-06-03T00:00:00+00:00
[2026-06-03T12:26:22.742+0000] {processor.py:183} INFO - Processing /home/airflow/.local/lib/python3.8/site-packages/airflow/example_dags/example_task_group_decorator.py took 0.045 seconds
[2026-06-03T12:26:52.957+0000] {processor.py:161} INFO - Started process (PID=4253) to work on /home/airflow/.local/lib/python3.8/site-packages/airflow/example_dags/example_task_group_decorator.py
[2026-06-03T12:26:52.958+0000] {processor.py:830} INFO - Processing file /home/airflow/.local/lib/python3.8/site-packages/airflow/example_dags/example_task_group_decorator.py for tasks to queue
[2026-06-03T12:26:52.958+0000] {logging_mixin.py:188} INFO - [2026-06-03T12:26:52.958+0000] {dagbag.py:538} INFO - Filling up the DagBag from /home/airflow/.local/lib/python3.8/site-packages/airflow/example_dags/example_task_group_decorator.py
[2026-06-03T12:26:52.965+0000] {processor.py:840} INFO - DAG(s) 'example_task_group_decorator' retrieved from /home/airflow/.local/lib/python3.8/site-packages/airflow/example_dags/example_task_group_decorator.py
[2026-06-03T12:26:52.977+0000] {logging_mixin.py:188} INFO - [2026-06-03T12:26:52.977+0000] {dag.py:3033} INFO - Sync 1 DAGs
[2026-06-03T12:26:52.988+0000] {logging_mixin.py:188} INFO - [2026-06-03T12:26:52.988+0000] {dag.py:3820} INFO - Setting next_dagrun for example_task_group_decorator to 2026-06-02T00:00:00+00:00, run_after=2026-06-03T00:00:00+00:00
[2026-06-03T12:26:53.001+0000] {processor.py:183} INFO - Processing /home/airflow/.local/lib/python3.8/site-packages/airflow/example_dags/example_task_group_decorator.py took 0.046 seconds
[2026-06-03T12:27:23.250+0000] {processor.py:161} INFO - Started process (PID=4307) to work on /home/airflow/.local/lib/python3.8/site-packages/airflow/example_dags/example_task_group_decorator.py
[2026-06-03T12:27:23.251+0000] {processor.py:830} INFO - Processing file /home/airflow/.local/lib/python3.8/site-packages/airflow/example_dags/example_task_group_decorator.py for tasks to queue
[2026-06-03T12:27:23.252+0000] {logging_mixin.py:188} INFO - [2026-06-03T12:27:23.252+0000] {dagbag.py:538} INFO - Filling up the DagBag from /home/airflow/.local/lib/python3.8/site-packages/airflow/example_dags/example_task_group_decorator.py
[2026-06-03T12:27:23.261+0000] {processor.py:840} INFO - DAG(s) 'example_task_group_decorator' retrieved from /home/airflow/.local/lib/python3.8/site-packages/airflow/example_dags/example_task_group_decorator.py
[2026-06-03T12:27:23.275+0000] {logging_mixin.py:188} INFO - [2026-06-03T12:27:23.275+0000] {dag.py:3033} INFO - Sync 1 DAGs
[2026-06-03T12:27:23.285+0000] {logging_mixin.py:188} INFO - [2026-06-03T12:27:23.285+0000] {dag.py:3820} INFO - Setting next_dagrun for example_task_group_decorator to 2026-06-02T00:00:00+00:00, run_after=2026-06-03T00:00:00+00:00
[2026-06-03T12:27:23.294+0000] {processor.py:183} INFO - Processing /home/airflow/.local/lib/python3.8/site-packages/airflow/example_dags/example_task_group_decorator.py took 0.045 seconds
[2026-06-03T12:27:53.437+0000] {processor.py:161} INFO - Started process (PID=4363) to work on /home/airflow/.local/lib/python3.8/site-packages/airflow/example_dags/example_task_group_decorator.py
[2026-06-03T12:27:53.437+0000] {processor.py:830} INFO - Processing file /home/airflow/.local/lib/python3.8/site-packages/airflow/example_dags/example_task_group_decorator.py for tasks to queue
[2026-06-03T12:27:53.438+0000] {logging_mixin.py:188} INFO - [2026-06-03T12:27:53.438+0000] {dagbag.py:538} INFO - Filling up the DagBag from /home/airflow/.local/lib/python3.8/site-packages/airflow/example_dags/example_task_group_decorator.py
[2026-06-03T12:27:53.445+0000] {processor.py:840} INFO - DAG(s) 'example_task_group_decorator' retrieved from /home/airflow/.local/lib/python3.8/site-packages/airflow/example_dags/example_task_group_decorator.py
[2026-06-03T12:27:53.462+0000] {logging_mixin.py:188} INFO - [2026-06-03T12:27:53.461+0000] {dag.py:3033} INFO - Sync 1 DAGs
[2026-06-03T12:27:53.476+0000] {logging_mixin.py:188} INFO - [2026-06-03T12:27:53.476+0000] {dag.py:3820} INFO - Setting next_dagrun for example_task_group_decorator to 2026-06-02T00:00:00+00:00, run_after=2026-06-03T00:00:00+00:00
[2026-06-03T12:27:53.488+0000] {processor.py:183} INFO - Processing /home/airflow/.local/lib/python3.8/site-packages/airflow/example_dags/example_task_group_decorator.py took 0.053 seconds
[2026-06-03T12:28:23.857+0000] {processor.py:161} INFO - Started process (PID=4419) to work on /home/airflow/.local/lib/python3.8/site-packages/airflow/example_dags/example_task_group_decorator.py
[2026-06-03T12:28:23.858+0000] {processor.py:830} INFO - Processing file /home/airflow/.local/lib/python3.8/site-packages/airflow/example_dags/example_task_group_decorator.py for tasks to queue
[2026-06-03T12:28:23.859+0000] {logging_mixin.py:188} INFO - [2026-06-03T12:28:23.859+0000] {dagbag.py:538} INFO - Filling up the DagBag from /home/airflow/.local/lib/python3.8/site-packages/airflow/example_dags/example_task_group_decorator.py
[2026-06-03T12:28:23.867+0000] {processor.py:840} INFO - DAG(s) 'example_task_group_decorator' retrieved from /home/airflow/.local/lib/python3.8/site-packages/airflow/example_dags/example_task_group_decorator.py
[2026-06-03T12:28:23.882+0000] {logging_mixin.py:188} INFO - [2026-06-03T12:28:23.882+0000] {dag.py:3033} INFO - Sync 1 DAGs
[2026-06-03T12:28:23.893+0000] {logging_mixin.py:188} INFO - [2026-06-03T12:28:23.893+0000] {dag.py:3820} INFO - Setting next_dagrun for example_task_group_decorator to 2026-06-02T00:00:00+00:00, run_after=2026-06-03T00:00:00+00:00
[2026-06-03T12:28:23.902+0000] {processor.py:183} INFO - Processing /home/airflow/.local/lib/python3.8/site-packages/airflow/example_dags/example_task_group_decorator.py took 0.046 seconds
[2026-06-03T12:28:54.169+0000] {processor.py:161} INFO - Started process (PID=4475) to work on /home/airflow/.local/lib/python3.8/site-packages/airflow/example_dags/example_task_group_decorator.py
[2026-06-03T12:28:54.171+0000] {processor.py:830} INFO - Processing file /home/airflow/.local/lib/python3.8/site-packages/airflow/example_dags/example_task_group_decorator.py for tasks to queue
[2026-06-03T12:28:54.172+0000] {logging_mixin.py:188} INFO - [2026-06-03T12:28:54.172+0000] {dagbag.py:538} INFO - Filling up the DagBag from /home/airflow/.local/lib/python3.8/site-packages/airflow/example_dags/example_task_group_decorator.py
[2026-06-03T12:28:54.179+0000] {processor.py:840} INFO - DAG(s) 'example_task_group_decorator' retrieved from /home/airflow/.local/lib/python3.8/site-packages/airflow/example_dags/example_task_group_decorator.py
[2026-06-03T12:28:54.189+0000] {logging_mixin.py:188} INFO - [2026-06-03T12:28:54.189+0000] {dag.py:3033} INFO - Sync 1 DAGs
[2026-06-03T12:28:54.200+0000] {logging_mixin.py:188} INFO - [2026-06-03T12:28:54.200+0000] {dag.py:3820} INFO - Setting next_dagrun for example_task_group_decorator to 2026-06-02T00:00:00+00:00, run_after=2026-06-03T00:00:00+00:00
[2026-06-03T12:28:54.212+0000] {processor.py:183} INFO - Processing /home/airflow/.local/lib/python3.8/site-packages/airflow/example_dags/example_task_group_decorator.py took 0.045 seconds
[2026-06-03T12:29:24.558+0000] {processor.py:161} INFO - Started process (PID=4531) to work on /home/airflow/.local/lib/python3.8/site-packages/airflow/example_dags/example_task_group_decorator.py
[2026-06-03T12:29:24.559+0000] {processor.py:830} INFO - Processing file /home/airflow/.local/lib/python3.8/site-packages/airflow/example_dags/example_task_group_decorator.py for tasks to queue
[2026-06-03T12:29:24.560+0000] {logging_mixin.py:188} INFO - [2026-06-03T12:29:24.560+0000] {dagbag.py:538} INFO - Filling up the DagBag from /home/airflow/.local/lib/python3.8/site-packages/airflow/example_dags/example_task_group_decorator.py
[2026-06-03T12:29:24.569+0000] {processor.py:840} INFO - DAG(s) 'example_task_group_decorator' retrieved from /home/airflow/.local/lib/python3.8/site-packages/airflow/example_dags/example_task_group_decorator.py
[2026-06-03T12:29:24.583+0000] {logging_mixin.py:188} INFO - [2026-06-03T12:29:24.583+0000] {dag.py:3033} INFO - Sync 1 DAGs
[2026-06-03T12:29:24.594+0000] {logging_mixin.py:188} INFO - [2026-06-03T12:29:24.594+0000] {dag.py:3820} INFO - Setting next_dagrun for example_task_group_decorator to 2026-06-02T00:00:00+00:00, run_after=2026-06-03T00:00:00+00:00
[2026-06-03T12:29:24.605+0000] {processor.py:183} INFO - Processing /home/airflow/.local/lib/python3.8/site-packages/airflow/example_dags/example_task_group_decorator.py took 0.050 seconds
[2026-06-03T12:29:55.085+0000] {processor.py:161} INFO - Started process (PID=4586) to work on /home/airflow/.local/lib/python3.8/site-packages/airflow/example_dags/example_task_group_decorator.py
[2026-06-03T12:29:55.088+0000] {processor.py:830} INFO - Processing file /home/airflow/.local/lib/python3.8/site-packages/airflow/example_dags/example_task_group_decorator.py for tasks to queue
[2026-06-03T12:29:55.092+0000] {logging_mixin.py:188} INFO - [2026-06-03T12:29:55.092+0000] {dagbag.py:538} INFO - Filling up the DagBag from /home/airflow/.local/lib/python3.8/site-packages/airflow/example_dags/example_task_group_decorator.py
[2026-06-03T12:29:55.116+0000] {processor.py:840} INFO - DAG(s) 'example_task_group_decorator' retrieved from /home/airflow/.local/lib/python3.8/site-packages/airflow/example_dags/example_task_group_decorator.py
[2026-06-03T12:29:55.137+0000] {logging_mixin.py:188} INFO - [2026-06-03T12:29:55.137+0000] {dag.py:3033} INFO - Sync 1 DAGs
[2026-06-03T12:29:55.150+0000] {logging_mixin.py:188} INFO - [2026-06-03T12:29:55.150+0000] {dag.py:3820} INFO - Setting next_dagrun for example_task_group_decorator to 2026-06-02T00:00:00+00:00, run_after=2026-06-03T00:00:00+00:00
[2026-06-03T12:29:55.163+0000] {processor.py:183} INFO - Processing /home/airflow/.local/lib/python3.8/site-packages/airflow/example_dags/example_task_group_decorator.py took 0.084 seconds
[2026-06-03T12:30:25.656+0000] {processor.py:161} INFO - Started process (PID=4642) to work on /home/airflow/.local/lib/python3.8/site-packages/airflow/example_dags/example_task_group_decorator.py
[2026-06-03T12:30:25.658+0000] {processor.py:830} INFO - Processing file /home/airflow/.local/lib/python3.8/site-packages/airflow/example_dags/example_task_group_decorator.py for tasks to queue
[2026-06-03T12:30:25.659+0000] {logging_mixin.py:188} INFO - [2026-06-03T12:30:25.659+0000] {dagbag.py:538} INFO - Filling up the DagBag from /home/airflow/.local/lib/python3.8/site-packages/airflow/example_dags/example_task_group_decorator.py
[2026-06-03T12:30:25.675+0000] {processor.py:840} INFO - DAG(s) 'example_task_group_decorator' retrieved from /home/airflow/.local/lib/python3.8/site-packages/airflow/example_dags/example_task_group_decorator.py
[2026-06-03T12:30:25.699+0000] {logging_mixin.py:188} INFO - [2026-06-03T12:30:25.699+0000] {dag.py:3033} INFO - Sync 1 DAGs
[2026-06-03T12:30:25.718+0000] {logging_mixin.py:188} INFO - [2026-06-03T12:30:25.718+0000] {dag.py:3820} INFO - Setting next_dagrun for example_task_group_decorator to 2026-06-02T00:00:00+00:00, run_after=2026-06-03T00:00:00+00:00
[2026-06-03T12:30:25.733+0000] {processor.py:183} INFO - Processing /home/airflow/.local/lib/python3.8/site-packages/airflow/example_dags/example_task_group_decorator.py took 0.079 seconds
[2026-06-03T12:30:56.272+0000] {processor.py:161} INFO - Started process (PID=4698) to work on /home/airflow/.local/lib/python3.8/site-packages/airflow/example_dags/example_task_group_decorator.py
[2026-06-03T12:30:56.273+0000] {processor.py:830} INFO - Processing file /home/airflow/.local/lib/python3.8/site-packages/airflow/example_dags/example_task_group_decorator.py for tasks to queue
[2026-06-03T12:30:56.274+0000] {logging_mixin.py:188} INFO - [2026-06-03T12:30:56.274+0000] {dagbag.py:538} INFO - Filling up the DagBag from /home/airflow/.local/lib/python3.8/site-packages/airflow/example_dags/example_task_group_decorator.py
[2026-06-03T12:30:56.284+0000] {processor.py:840} INFO - DAG(s) 'example_task_group_decorator' retrieved from /home/airflow/.local/lib/python3.8/site-packages/airflow/example_dags/example_task_group_decorator.py
[2026-06-03T12:30:56.301+0000] {logging_mixin.py:188} INFO - [2026-06-03T12:30:56.301+0000] {dag.py:3033} INFO - Sync 1 DAGs
[2026-06-03T12:30:56.312+0000] {logging_mixin.py:188} INFO - [2026-06-03T12:30:56.312+0000] {dag.py:3820} INFO - Setting next_dagrun for example_task_group_decorator to 2026-06-02T00:00:00+00:00, run_after=2026-06-03T00:00:00+00:00
[2026-06-03T12:30:56.319+0000] {processor.py:183} INFO - Processing /home/airflow/.local/lib/python3.8/site-packages/airflow/example_dags/example_task_group_decorator.py took 0.052 seconds
[2026-06-03T12:31:26.869+0000] {processor.py:161} INFO - Started process (PID=4754) to work on /home/airflow/.local/lib/python3.8/site-packages/airflow/example_dags/example_task_group_decorator.py
[2026-06-03T12:31:26.871+0000] {processor.py:830} INFO - Processing file /home/airflow/.local/lib/python3.8/site-packages/airflow/example_dags/example_task_group_decorator.py for tasks to queue
[2026-06-03T12:31:26.873+0000] {logging_mixin.py:188} INFO - [2026-06-03T12:31:26.873+0000] {dagbag.py:538} INFO - Filling up the DagBag from /home/airflow/.local/lib/python3.8/site-packages/airflow/example_dags/example_task_group_decorator.py
[2026-06-03T12:31:26.883+0000] {processor.py:840} INFO - DAG(s) 'example_task_group_decorator' retrieved from /home/airflow/.local/lib/python3.8/site-packages/airflow/example_dags/example_task_group_decorator.py
[2026-06-03T12:31:26.903+0000] {logging_mixin.py:188} INFO - [2026-06-03T12:31:26.903+0000] {dag.py:3033} INFO - Sync 1 DAGs
[2026-06-03T12:31:26.920+0000] {logging_mixin.py:188} INFO - [2026-06-03T12:31:26.920+0000] {dag.py:3820} INFO - Setting next_dagrun for example_task_group_decorator to 2026-06-02T00:00:00+00:00, run_after=2026-06-03T00:00:00+00:00
[2026-06-03T12:31:26.935+0000] {processor.py:183} INFO - Processing /home/airflow/.local/lib/python3.8/site-packages/airflow/example_dags/example_task_group_decorator.py took 0.077 seconds
[2026-06-03T12:31:57.875+0000] {processor.py:161} INFO - Started process (PID=4810) to work on /home/airflow/.local/lib/python3.8/site-packages/airflow/example_dags/example_task_group_decorator.py
[2026-06-03T12:31:57.876+0000] {processor.py:830} INFO - Processing file /home/airflow/.local/lib/python3.8/site-packages/airflow/example_dags/example_task_group_decorator.py for tasks to queue
[2026-06-03T12:31:57.877+0000] {logging_mixin.py:188} INFO - [2026-06-03T12:31:57.876+0000] {dagbag.py:538} INFO - Filling up the DagBag from /home/airflow/.local/lib/python3.8/site-packages/airflow/example_dags/example_task_group_decorator.py
[2026-06-03T12:31:57.888+0000] {processor.py:840} INFO - DAG(s) 'example_task_group_decorator' retrieved from /home/airflow/.local/lib/python3.8/site-packages/airflow/example_dags/example_task_group_decorator.py
[2026-06-03T12:31:57.905+0000] {logging_mixin.py:188} INFO - [2026-06-03T12:31:57.905+0000] {dag.py:3033} INFO - Sync 1 DAGs
[2026-06-03T12:31:57.926+0000] {logging_mixin.py:188} INFO - [2026-06-03T12:31:57.925+0000] {dag.py:3820} INFO - Setting next_dagrun for example_task_group_decorator to 2026-06-02T00:00:00+00:00, run_after=2026-06-03T00:00:00+00:00
[2026-06-03T12:31:57.939+0000] {processor.py:183} INFO - Processing /home/airflow/.local/lib/python3.8/site-packages/airflow/example_dags/example_task_group_decorator.py took 0.066 seconds
[2026-06-03T12:32:28.529+0000] {processor.py:161} INFO - Started process (PID=4866) to work on /home/airflow/.local/lib/python3.8/site-packages/airflow/example_dags/example_task_group_decorator.py
[2026-06-03T12:32:28.530+0000] {processor.py:830} INFO - Processing file /home/airflow/.local/lib/python3.8/site-packages/airflow/example_dags/example_task_group_decorator.py for tasks to queue
[2026-06-03T12:32:28.534+0000] {logging_mixin.py:188} INFO - [2026-06-03T12:32:28.534+0000] {dagbag.py:538} INFO - Filling up the DagBag from /home/airflow/.local/lib/python3.8/site-packages/airflow/example_dags/example_task_group_decorator.py
[2026-06-03T12:32:28.545+0000] {processor.py:840} INFO - DAG(s) 'example_task_group_decorator' retrieved from /home/airflow/.local/lib/python3.8/site-packages/airflow/example_dags/example_task_group_decorator.py
[2026-06-03T12:32:28.577+0000] {logging_mixin.py:188} INFO - [2026-06-03T12:32:28.577+0000] {dag.py:3033} INFO - Sync 1 DAGs
[2026-06-03T12:32:28.622+0000] {logging_mixin.py:188} INFO - [2026-06-03T12:32:28.622+0000] {dag.py:3820} INFO - Setting next_dagrun for example_task_group_decorator to 2026-06-02T00:00:00+00:00, run_after=2026-06-03T00:00:00+00:00
[2026-06-03T12:32:28.643+0000] {processor.py:183} INFO - Processing /home/airflow/.local/lib/python3.8/site-packages/airflow/example_dags/example_task_group_decorator.py took 0.117 seconds
[2026-06-03T12:32:59.030+0000] {processor.py:161} INFO - Started process (PID=4922) to work on /home/airflow/.local/lib/python3.8/site-packages/airflow/example_dags/example_task_group_decorator.py
[2026-06-03T12:32:59.030+0000] {processor.py:830} INFO - Processing file /home/airflow/.local/lib/python3.8/site-packages/airflow/example_dags/example_task_group_decorator.py for tasks to queue
[2026-06-03T12:32:59.031+0000] {logging_mixin.py:188} INFO - [2026-06-03T12:32:59.031+0000] {dagbag.py:538} INFO - Filling up the DagBag from /home/airflow/.local/lib/python3.8/site-packages/airflow/example_dags/example_task_group_decorator.py
[2026-06-03T12:32:59.039+0000] {processor.py:840} INFO - DAG(s) 'example_task_group_decorator' retrieved from /home/airflow/.local/lib/python3.8/site-packages/airflow/example_dags/example_task_group_decorator.py
[2026-06-03T12:32:59.053+0000] {logging_mixin.py:188} INFO - [2026-06-03T12:32:59.053+0000] {dag.py:3033} INFO - Sync 1 DAGs
[2026-06-03T12:32:59.072+0000] {logging_mixin.py:188} INFO - [2026-06-03T12:32:59.071+0000] {dag.py:3820} INFO - Setting next_dagrun for example_task_group_decorator to 2026-06-02T00:00:00+00:00, run_after=2026-06-03T00:00:00+00:00
[2026-06-03T12:32:59.083+0000] {processor.py:183} INFO - Processing /home/airflow/.local/lib/python3.8/site-packages/airflow/example_dags/example_task_group_decorator.py took 0.054 seconds
[2026-06-03T12:33:29.302+0000] {processor.py:161} INFO - Started process (PID=4978) to work on /home/airflow/.local/lib/python3.8/site-packages/airflow/example_dags/example_task_group_decorator.py
[2026-06-03T12:33:29.303+0000] {processor.py:830} INFO - Processing file /home/airflow/.local/lib/python3.8/site-packages/airflow/example_dags/example_task_group_decorator.py for tasks to queue
[2026-06-03T12:33:29.304+0000] {logging_mixin.py:188} INFO - [2026-06-03T12:33:29.304+0000] {dagbag.py:538} INFO - Filling up the DagBag from /home/airflow/.local/lib/python3.8/site-packages/airflow/example_dags/example_task_group_decorator.py
[2026-06-03T12:33:29.311+0000] {processor.py:840} INFO - DAG(s) 'example_task_group_decorator' retrieved from /home/airflow/.local/lib/python3.8/site-packages/airflow/example_dags/example_task_group_decorator.py
[2026-06-03T12:33:29.326+0000] {logging_mixin.py:188} INFO - [2026-06-03T12:33:29.326+0000] {dag.py:3033} INFO - Sync 1 DAGs
[2026-06-03T12:33:29.346+0000] {logging_mixin.py:188} INFO - [2026-06-03T12:33:29.346+0000] {dag.py:3820} INFO - Setting next_dagrun for example_task_group_decorator to 2026-06-02T00:00:00+00:00, run_after=2026-06-03T00:00:00+00:00
[2026-06-03T12:33:29.357+0000] {processor.py:183} INFO - Processing /home/airflow/.local/lib/python3.8/site-packages/airflow/example_dags/example_task_group_decorator.py took 0.056 seconds
[2026-06-03T12:33:59.676+0000] {processor.py:161} INFO - Started process (PID=5034) to work on /home/airflow/.local/lib/python3.8/site-packages/airflow/example_dags/example_task_group_decorator.py
[2026-06-03T12:33:59.676+0000] {processor.py:830} INFO - Processing file /home/airflow/.local/lib/python3.8/site-packages/airflow/example_dags/example_task_group_decorator.py for tasks to queue
[2026-06-03T12:33:59.677+0000] {logging_mixin.py:188} INFO - [2026-06-03T12:33:59.677+0000] {dagbag.py:538} INFO - Filling up the DagBag from /home/airflow/.local/lib/python3.8/site-packages/airflow/example_dags/example_task_group_decorator.py
[2026-06-03T12:33:59.684+0000] {processor.py:840} INFO - DAG(s) 'example_task_group_decorator' retrieved from /home/airflow/.local/lib/python3.8/site-packages/airflow/example_dags/example_task_group_decorator.py
[2026-06-03T12:33:59.698+0000] {logging_mixin.py:188} INFO - [2026-06-03T12:33:59.698+0000] {dag.py:3033} INFO - Sync 1 DAGs
[2026-06-03T12:33:59.708+0000] {logging_mixin.py:188} INFO - [2026-06-03T12:33:59.708+0000] {dag.py:3820} INFO - Setting next_dagrun for example_task_group_decorator to 2026-06-02T00:00:00+00:00, run_after=2026-06-03T00:00:00+00:00
[2026-06-03T12:33:59.719+0000] {processor.py:183} INFO - Processing /home/airflow/.local/lib/python3.8/site-packages/airflow/example_dags/example_task_group_decorator.py took 0.045 seconds
[2026-06-03T12:34:30.014+0000] {processor.py:161} INFO - Started process (PID=5090) to work on /home/airflow/.local/lib/python3.8/site-packages/airflow/example_dags/example_task_group_decorator.py
[2026-06-03T12:34:30.015+0000] {processor.py:830} INFO - Processing file /home/airflow/.local/lib/python3.8/site-packages/airflow/example_dags/example_task_group_decorator.py for tasks to queue
[2026-06-03T12:34:30.016+0000] {logging_mixin.py:188} INFO - [2026-06-03T12:34:30.016+0000] {dagbag.py:538} INFO - Filling up the DagBag from /home/airflow/.local/lib/python3.8/site-packages/airflow/example_dags/example_task_group_decorator.py
[2026-06-03T12:34:30.031+0000] {processor.py:840} INFO - DAG(s) 'example_task_group_decorator' retrieved from /home/airflow/.local/lib/python3.8/site-packages/airflow/example_dags/example_task_group_decorator.py
[2026-06-03T12:34:30.048+0000] {logging_mixin.py:188} INFO - [2026-06-03T12:34:30.048+0000] {dag.py:3033} INFO - Sync 1 DAGs
[2026-06-03T12:34:30.062+0000] {logging_mixin.py:188} INFO - [2026-06-03T12:34:30.062+0000] {dag.py:3820} INFO - Setting next_dagrun for example_task_group_decorator to 2026-06-02T00:00:00+00:00, run_after=2026-06-03T00:00:00+00:00
[2026-06-03T12:34:30.075+0000] {processor.py:183} INFO - Processing /home/airflow/.local/lib/python3.8/site-packages/airflow/example_dags/example_task_group_decorator.py took 0.063 seconds
[2026-06-03T12:35:00.370+0000] {processor.py:161} INFO - Started process (PID=5146) to work on /home/airflow/.local/lib/python3.8/site-packages/airflow/example_dags/example_task_group_decorator.py
[2026-06-03T12:35:00.370+0000] {processor.py:830} INFO - Processing file /home/airflow/.local/lib/python3.8/site-packages/airflow/example_dags/example_task_group_decorator.py for tasks to queue
[2026-06-03T12:35:00.371+0000] {logging_mixin.py:188} INFO - [2026-06-03T12:35:00.371+0000] {dagbag.py:538} INFO - Filling up the DagBag from /home/airflow/.local/lib/python3.8/site-packages/airflow/example_dags/example_task_group_decorator.py
[2026-06-03T12:35:00.380+0000] {processor.py:840} INFO - DAG(s) 'example_task_group_decorator' retrieved from /home/airflow/.local/lib/python3.8/site-packages/airflow/example_dags/example_task_group_decorator.py
[2026-06-03T12:35:00.395+0000] {logging_mixin.py:188} INFO - [2026-06-03T12:35:00.395+0000] {dag.py:3033} INFO - Sync 1 DAGs
[2026-06-03T12:35:00.407+0000] {logging_mixin.py:188} INFO - [2026-06-03T12:35:00.407+0000] {dag.py:3820} INFO - Setting next_dagrun for example_task_group_decorator to 2026-06-02T00:00:00+00:00, run_after=2026-06-03T00:00:00+00:00
[2026-06-03T12:35:00.417+0000] {processor.py:183} INFO - Processing /home/airflow/.local/lib/python3.8/site-packages/airflow/example_dags/example_task_group_decorator.py took 0.049 seconds
[2026-06-03T12:35:30.727+0000] {processor.py:161} INFO - Started process (PID=5202) to work on /home/airflow/.local/lib/python3.8/site-packages/airflow/example_dags/example_task_group_decorator.py
[2026-06-03T12:35:30.727+0000] {processor.py:830} INFO - Processing file /home/airflow/.local/lib/python3.8/site-packages/airflow/example_dags/example_task_group_decorator.py for tasks to queue
[2026-06-03T12:35:30.728+0000] {logging_mixin.py:188} INFO - [2026-06-03T12:35:30.728+0000] {dagbag.py:538} INFO - Filling up the DagBag from /home/airflow/.local/lib/python3.8/site-packages/airflow/example_dags/example_task_group_decorator.py
[2026-06-03T12:35:30.736+0000] {processor.py:840} INFO - DAG(s) 'example_task_group_decorator' retrieved from /home/airflow/.local/lib/python3.8/site-packages/airflow/example_dags/example_task_group_decorator.py
[2026-06-03T12:35:30.753+0000] {logging_mixin.py:188} INFO - [2026-06-03T12:35:30.753+0000] {dag.py:3033} INFO - Sync 1 DAGs
[2026-06-03T12:35:30.763+0000] {logging_mixin.py:188} INFO - [2026-06-03T12:35:30.763+0000] {dag.py:3820} INFO - Setting next_dagrun for example_task_group_decorator to 2026-06-02T00:00:00+00:00, run_after=2026-06-03T00:00:00+00:00
[2026-06-03T12:35:30.770+0000] {processor.py:183} INFO - Processing /home/airflow/.local/lib/python3.8/site-packages/airflow/example_dags/example_task_group_decorator.py took 0.046 seconds
[2026-06-03T12:36:00.961+0000] {processor.py:161} INFO - Started process (PID=5258) to work on /home/airflow/.local/lib/python3.8/site-packages/airflow/example_dags/example_task_group_decorator.py
[2026-06-03T12:36:00.963+0000] {processor.py:830} INFO - Processing file /home/airflow/.local/lib/python3.8/site-packages/airflow/example_dags/example_task_group_decorator.py for tasks to queue
[2026-06-03T12:36:00.964+0000] {logging_mixin.py:188} INFO - [2026-06-03T12:36:00.964+0000] {dagbag.py:538} INFO - Filling up the DagBag from /home/airflow/.local/lib/python3.8/site-packages/airflow/example_dags/example_task_group_decorator.py
[2026-06-03T12:36:00.973+0000] {processor.py:840} INFO - DAG(s) 'example_task_group_decorator' retrieved from /home/airflow/.local/lib/python3.8/site-packages/airflow/example_dags/example_task_group_decorator.py
[2026-06-03T12:36:00.988+0000] {logging_mixin.py:188} INFO - [2026-06-03T12:36:00.988+0000] {dag.py:3033} INFO - Sync 1 DAGs
[2026-06-03T12:36:00.997+0000] {logging_mixin.py:188} INFO - [2026-06-03T12:36:00.997+0000] {dag.py:3820} INFO - Setting next_dagrun for example_task_group_decorator to 2026-06-02T00:00:00+00:00, run_after=2026-06-03T00:00:00+00:00
[2026-06-03T12:36:01.007+0000] {processor.py:183} INFO - Processing /home/airflow/.local/lib/python3.8/site-packages/airflow/example_dags/example_task_group_decorator.py took 0.048 seconds
[2026-06-03T12:36:31.201+0000] {processor.py:161} INFO - Started process (PID=5314) to work on /home/airflow/.local/lib/python3.8/site-packages/airflow/example_dags/example_task_group_decorator.py
[2026-06-03T12:36:31.203+0000] {processor.py:830} INFO - Processing file /home/airflow/.local/lib/python3.8/site-packages/airflow/example_dags/example_task_group_decorator.py for tasks to queue
[2026-06-03T12:36:31.206+0000] {logging_mixin.py:188} INFO - [2026-06-03T12:36:31.206+0000] {dagbag.py:538} INFO - Filling up the DagBag from /home/airflow/.local/lib/python3.8/site-packages/airflow/example_dags/example_task_group_decorator.py
[2026-06-03T12:36:31.212+0000] {processor.py:840} INFO - DAG(s) 'example_task_group_decorator' retrieved from /home/airflow/.local/lib/python3.8/site-packages/airflow/example_dags/example_task_group_decorator.py
[2026-06-03T12:36:31.228+0000] {logging_mixin.py:188} INFO - [2026-06-03T12:36:31.228+0000] {dag.py:3033} INFO - Sync 1 DAGs
[2026-06-03T12:36:31.236+0000] {logging_mixin.py:188} INFO - [2026-06-03T12:36:31.236+0000] {dag.py:3820} INFO - Setting next_dagrun for example_task_group_decorator to 2026-06-02T00:00:00+00:00, run_after=2026-06-03T00:00:00+00:00
[2026-06-03T12:36:31.245+0000] {processor.py:183} INFO - Processing /home/airflow/.local/lib/python3.8/site-packages/airflow/example_dags/example_task_group_decorator.py took 0.046 seconds
[2026-06-03T12:37:01.440+0000] {processor.py:161} INFO - Started process (PID=5370) to work on /home/airflow/.local/lib/python3.8/site-packages/airflow/example_dags/example_task_group_decorator.py
[2026-06-03T12:37:01.440+0000] {processor.py:830} INFO - Processing file /home/airflow/.local/lib/python3.8/site-packages/airflow/example_dags/example_task_group_decorator.py for tasks to queue
[2026-06-03T12:37:01.442+0000] {logging_mixin.py:188} INFO - [2026-06-03T12:37:01.441+0000] {dagbag.py:538} INFO - Filling up the DagBag from /home/airflow/.local/lib/python3.8/site-packages/airflow/example_dags/example_task_group_decorator.py
[2026-06-03T12:37:01.458+0000] {processor.py:840} INFO - DAG(s) 'example_task_group_decorator' retrieved from /home/airflow/.local/lib/python3.8/site-packages/airflow/example_dags/example_task_group_decorator.py
[2026-06-03T12:37:01.478+0000] {logging_mixin.py:188} INFO - [2026-06-03T12:37:01.478+0000] {dag.py:3033} INFO - Sync 1 DAGs
[2026-06-03T12:37:01.489+0000] {logging_mixin.py:188} INFO - [2026-06-03T12:37:01.489+0000] {dag.py:3820} INFO - Setting next_dagrun for example_task_group_decorator to 2026-06-02T00:00:00+00:00, run_after=2026-06-03T00:00:00+00:00
[2026-06-03T12:37:01.500+0000] {processor.py:183} INFO - Processing /home/airflow/.local/lib/python3.8/site-packages/airflow/example_dags/example_task_group_decorator.py took 0.061 seconds
[2026-06-03T12:37:31.946+0000] {processor.py:161} INFO - Started process (PID=5426) to work on /home/airflow/.local/lib/python3.8/site-packages/airflow/example_dags/example_task_group_decorator.py
[2026-06-03T12:37:31.947+0000] {processor.py:830} INFO - Processing file /home/airflow/.local/lib/python3.8/site-packages/airflow/example_dags/example_task_group_decorator.py for tasks to queue
[2026-06-03T12:37:31.948+0000] {logging_mixin.py:188} INFO - [2026-06-03T12:37:31.948+0000] {dagbag.py:538} INFO - Filling up the DagBag from /home/airflow/.local/lib/python3.8/site-packages/airflow/example_dags/example_task_group_decorator.py
[2026-06-03T12:37:31.967+0000] {processor.py:840} INFO - DAG(s) 'example_task_group_decorator' retrieved from /home/airflow/.local/lib/python3.8/site-packages/airflow/example_dags/example_task_group_decorator.py
[2026-06-03T12:37:31.990+0000] {logging_mixin.py:188} INFO - [2026-06-03T12:37:31.990+0000] {dag.py:3033} INFO - Sync 1 DAGs
[2026-06-03T12:37:32.008+0000] {logging_mixin.py:188} INFO - [2026-06-03T12:37:32.008+0000] {dag.py:3820} INFO - Setting next_dagrun for example_task_group_decorator to 2026-06-02T00:00:00+00:00, run_after=2026-06-03T00:00:00+00:00
[2026-06-03T12:37:32.023+0000] {processor.py:183} INFO - Processing /home/airflow/.local/lib/python3.8/site-packages/airflow/example_dags/example_task_group_decorator.py took 0.080 seconds
[2026-06-03T12:38:02.077+0000] {processor.py:161} INFO - Started process (PID=5482) to work on /home/airflow/.local/lib/python3.8/site-packages/airflow/example_dags/example_task_group_decorator.py
[2026-06-03T12:38:02.078+0000] {processor.py:830} INFO - Processing file /home/airflow/.local/lib/python3.8/site-packages/airflow/example_dags/example_task_group_decorator.py for tasks to queue
[2026-06-03T12:38:02.079+0000] {logging_mixin.py:188} INFO - [2026-06-03T12:38:02.079+0000] {dagbag.py:538} INFO - Filling up the DagBag from /home/airflow/.local/lib/python3.8/site-packages/airflow/example_dags/example_task_group_decorator.py
[2026-06-03T12:38:02.087+0000] {processor.py:840} INFO - DAG(s) 'example_task_group_decorator' retrieved from /home/airflow/.local/lib/python3.8/site-packages/airflow/example_dags/example_task_group_decorator.py
[2026-06-03T12:38:02.099+0000] {logging_mixin.py:188} INFO - [2026-06-03T12:38:02.099+0000] {dag.py:3033} INFO - Sync 1 DAGs
[2026-06-03T12:38:02.114+0000] {logging_mixin.py:188} INFO - [2026-06-03T12:38:02.114+0000] {dag.py:3820} INFO - Setting next_dagrun for example_task_group_decorator to 2026-06-02T00:00:00+00:00, run_after=2026-06-03T00:00:00+00:00
[2026-06-03T12:38:02.123+0000] {processor.py:183} INFO - Processing /home/airflow/.local/lib/python3.8/site-packages/airflow/example_dags/example_task_group_decorator.py took 0.047 seconds
[2026-06-03T12:38:32.277+0000] {processor.py:161} INFO - Started process (PID=5538) to work on /home/airflow/.local/lib/python3.8/site-packages/airflow/example_dags/example_task_group_decorator.py
[2026-06-03T12:38:32.278+0000] {processor.py:830} INFO - Processing file /home/airflow/.local/lib/python3.8/site-packages/airflow/example_dags/example_task_group_decorator.py for tasks to queue
[2026-06-03T12:38:32.281+0000] {logging_mixin.py:188} INFO - [2026-06-03T12:38:32.281+0000] {dagbag.py:538} INFO - Filling up the DagBag from /home/airflow/.local/lib/python3.8/site-packages/airflow/example_dags/example_task_group_decorator.py
[2026-06-03T12:38:32.292+0000] {processor.py:840} INFO - DAG(s) 'example_task_group_decorator' retrieved from /home/airflow/.local/lib/python3.8/site-packages/airflow/example_dags/example_task_group_decorator.py
[2026-06-03T12:38:32.318+0000] {logging_mixin.py:188} INFO - [2026-06-03T12:38:32.318+0000] {dag.py:3033} INFO - Sync 1 DAGs
[2026-06-03T12:38:32.331+0000] {logging_mixin.py:188} INFO - [2026-06-03T12:38:32.331+0000] {dag.py:3820} INFO - Setting next_dagrun for example_task_group_decorator to 2026-06-02T00:00:00+00:00, run_after=2026-06-03T00:00:00+00:00
[2026-06-03T12:38:32.346+0000] {processor.py:183} INFO - Processing /home/airflow/.local/lib/python3.8/site-packages/airflow/example_dags/example_task_group_decorator.py took 0.071 seconds
[2026-06-03T12:39:02.667+0000] {processor.py:161} INFO - Started process (PID=5594) to work on /home/airflow/.local/lib/python3.8/site-packages/airflow/example_dags/example_task_group_decorator.py
[2026-06-03T12:39:02.669+0000] {processor.py:830} INFO - Processing file /home/airflow/.local/lib/python3.8/site-packages/airflow/example_dags/example_task_group_decorator.py for tasks to queue
[2026-06-03T12:39:02.670+0000] {logging_mixin.py:188} INFO - [2026-06-03T12:39:02.670+0000] {dagbag.py:538} INFO - Filling up the DagBag from /home/airflow/.local/lib/python3.8/site-packages/airflow/example_dags/example_task_group_decorator.py
[2026-06-03T12:39:02.680+0000] {processor.py:840} INFO - DAG(s) 'example_task_group_decorator' retrieved from /home/airflow/.local/lib/python3.8/site-packages/airflow/example_dags/example_task_group_decorator.py
[2026-06-03T12:39:02.698+0000] {logging_mixin.py:188} INFO - [2026-06-03T12:39:02.698+0000] {dag.py:3033} INFO - Sync 1 DAGs
[2026-06-03T12:39:02.713+0000] {logging_mixin.py:188} INFO - [2026-06-03T12:39:02.713+0000] {dag.py:3820} INFO - Setting next_dagrun for example_task_group_decorator to 2026-06-02T00:00:00+00:00, run_after=2026-06-03T00:00:00+00:00
[2026-06-03T12:39:02.722+0000] {processor.py:183} INFO - Processing /home/airflow/.local/lib/python3.8/site-packages/airflow/example_dags/example_task_group_decorator.py took 0.057 seconds
[2026-06-03T12:39:33.789+0000] {processor.py:161} INFO - Started process (PID=5650) to work on /home/airflow/.local/lib/python3.8/site-packages/airflow/example_dags/example_task_group_decorator.py
[2026-06-03T12:39:33.789+0000] {processor.py:830} INFO - Processing file /home/airflow/.local/lib/python3.8/site-packages/airflow/example_dags/example_task_group_decorator.py for tasks to queue
[2026-06-03T12:39:33.791+0000] {logging_mixin.py:188} INFO - [2026-06-03T12:39:33.791+0000] {dagbag.py:538} INFO - Filling up the DagBag from /home/airflow/.local/lib/python3.8/site-packages/airflow/example_dags/example_task_group_decorator.py
[2026-06-03T12:39:33.802+0000] {processor.py:840} INFO - DAG(s) 'example_task_group_decorator' retrieved from /home/airflow/.local/lib/python3.8/site-packages/airflow/example_dags/example_task_group_decorator.py
[2026-06-03T12:39:33.823+0000] {logging_mixin.py:188} INFO - [2026-06-03T12:39:33.823+0000] {dag.py:3033} INFO - Sync 1 DAGs
[2026-06-03T12:39:33.837+0000] {logging_mixin.py:188} INFO - [2026-06-03T12:39:33.837+0000] {dag.py:3820} INFO - Setting next_dagrun for example_task_group_decorator to 2026-06-02T00:00:00+00:00, run_after=2026-06-03T00:00:00+00:00
[2026-06-03T12:39:33.850+0000] {processor.py:183} INFO - Processing /home/airflow/.local/lib/python3.8/site-packages/airflow/example_dags/example_task_group_decorator.py took 0.066 seconds
[2026-06-03T12:40:04.194+0000] {processor.py:161} INFO - Started process (PID=5706) to work on /home/airflow/.local/lib/python3.8/site-packages/airflow/example_dags/example_task_group_decorator.py
[2026-06-03T12:40:04.195+0000] {processor.py:830} INFO - Processing file /home/airflow/.local/lib/python3.8/site-packages/airflow/example_dags/example_task_group_decorator.py for tasks to queue
[2026-06-03T12:40:04.196+0000] {logging_mixin.py:188} INFO - [2026-06-03T12:40:04.196+0000] {dagbag.py:538} INFO - Filling up the DagBag from /home/airflow/.local/lib/python3.8/site-packages/airflow/example_dags/example_task_group_decorator.py
[2026-06-03T12:40:04.208+0000] {processor.py:840} INFO - DAG(s) 'example_task_group_decorator' retrieved from /home/airflow/.local/lib/python3.8/site-packages/airflow/example_dags/example_task_group_decorator.py
[2026-06-03T12:40:04.223+0000] {logging_mixin.py:188} INFO - [2026-06-03T12:40:04.222+0000] {dag.py:3033} INFO - Sync 1 DAGs
[2026-06-03T12:40:04.236+0000] {logging_mixin.py:188} INFO - [2026-06-03T12:40:04.236+0000] {dag.py:3820} INFO - Setting next_dagrun for example_task_group_decorator to 2026-06-02T00:00:00+00:00, run_after=2026-06-03T00:00:00+00:00
[2026-06-03T12:40:04.250+0000] {processor.py:183} INFO - Processing /home/airflow/.local/lib/python3.8/site-packages/airflow/example_dags/example_task_group_decorator.py took 0.057 seconds
[2026-06-03T12:40:35.158+0000] {processor.py:161} INFO - Started process (PID=5762) to work on /home/airflow/.local/lib/python3.8/site-packages/airflow/example_dags/example_task_group_decorator.py
[2026-06-03T12:40:35.159+0000] {processor.py:830} INFO - Processing file /home/airflow/.local/lib/python3.8/site-packages/airflow/example_dags/example_task_group_decorator.py for tasks to queue
[2026-06-03T12:40:35.164+0000] {logging_mixin.py:188} INFO - [2026-06-03T12:40:35.164+0000] {dagbag.py:538} INFO - Filling up the DagBag from /home/airflow/.local/lib/python3.8/site-packages/airflow/example_dags/example_task_group_decorator.py
[2026-06-03T12:40:35.175+0000] {processor.py:840} INFO - DAG(s) 'example_task_group_decorator' retrieved from /home/airflow/.local/lib/python3.8/site-packages/airflow/example_dags/example_task_group_decorator.py
[2026-06-03T12:40:35.189+0000] {logging_mixin.py:188} INFO - [2026-06-03T12:40:35.189+0000] {dag.py:3033} INFO - Sync 1 DAGs
[2026-06-03T12:40:35.199+0000] {logging_mixin.py:188} INFO - [2026-06-03T12:40:35.199+0000] {dag.py:3820} INFO - Setting next_dagrun for example_task_group_decorator to 2026-06-02T00:00:00+00:00, run_after=2026-06-03T00:00:00+00:00
[2026-06-03T12:40:35.208+0000] {processor.py:183} INFO - Processing /home/airflow/.local/lib/python3.8/site-packages/airflow/example_dags/example_task_group_decorator.py took 0.052 seconds
[2026-06-03T12:41:05.743+0000] {processor.py:161} INFO - Started process (PID=5818) to work on /home/airflow/.local/lib/python3.8/site-packages/airflow/example_dags/example_task_group_decorator.py
[2026-06-03T12:41:05.743+0000] {processor.py:830} INFO - Processing file /home/airflow/.local/lib/python3.8/site-packages/airflow/example_dags/example_task_group_decorator.py for tasks to queue
[2026-06-03T12:41:05.744+0000] {logging_mixin.py:188} INFO - [2026-06-03T12:41:05.744+0000] {dagbag.py:538} INFO - Filling up the DagBag from /home/airflow/.local/lib/python3.8/site-packages/airflow/example_dags/example_task_group_decorator.py
[2026-06-03T12:41:05.753+0000] {processor.py:840} INFO - DAG(s) 'example_task_group_decorator' retrieved from /home/airflow/.local/lib/python3.8/site-packages/airflow/example_dags/example_task_group_decorator.py
[2026-06-03T12:41:05.770+0000] {logging_mixin.py:188} INFO - [2026-06-03T12:41:05.769+0000] {dag.py:3033} INFO - Sync 1 DAGs
[2026-06-03T12:41:05.783+0000] {logging_mixin.py:188} INFO - [2026-06-03T12:41:05.783+0000] {dag.py:3820} INFO - Setting next_dagrun for example_task_group_decorator to 2026-06-02T00:00:00+00:00, run_after=2026-06-03T00:00:00+00:00
[2026-06-03T12:41:05.794+0000] {processor.py:183} INFO - Processing /home/airflow/.local/lib/python3.8/site-packages/airflow/example_dags/example_task_group_decorator.py took 0.053 seconds
[2026-06-03T12:41:36.321+0000] {processor.py:161} INFO - Started process (PID=5874) to work on /home/airflow/.local/lib/python3.8/site-packages/airflow/example_dags/example_task_group_decorator.py
[2026-06-03T12:41:36.322+0000] {processor.py:830} INFO - Processing file /home/airflow/.local/lib/python3.8/site-packages/airflow/example_dags/example_task_group_decorator.py for tasks to queue
[2026-06-03T12:41:36.323+0000] {logging_mixin.py:188} INFO - [2026-06-03T12:41:36.323+0000] {dagbag.py:538} INFO - Filling up the DagBag from /home/airflow/.local/lib/python3.8/site-packages/airflow/example_dags/example_task_group_decorator.py
[2026-06-03T12:41:36.337+0000] {processor.py:840} INFO - DAG(s) 'example_task_group_decorator' retrieved from /home/airflow/.local/lib/python3.8/site-packages/airflow/example_dags/example_task_group_decorator.py
[2026-06-03T12:41:36.357+0000] {logging_mixin.py:188} INFO - [2026-06-03T12:41:36.357+0000] {dag.py:3033} INFO - Sync 1 DAGs
[2026-06-03T12:41:36.368+0000] {logging_mixin.py:188} INFO - [2026-06-03T12:41:36.368+0000] {dag.py:3820} INFO - Setting next_dagrun for example_task_group_decorator to 2026-06-02T00:00:00+00:00, run_after=2026-06-03T00:00:00+00:00
[2026-06-03T12:41:36.379+0000] {processor.py:183} INFO - Processing /home/airflow/.local/lib/python3.8/site-packages/airflow/example_dags/example_task_group_decorator.py took 0.061 seconds
[2026-06-03T12:42:06.862+0000] {processor.py:161} INFO - Started process (PID=5930) to work on /home/airflow/.local/lib/python3.8/site-packages/airflow/example_dags/example_task_group_decorator.py
[2026-06-03T12:42:06.864+0000] {processor.py:830} INFO - Processing file /home/airflow/.local/lib/python3.8/site-packages/airflow/example_dags/example_task_group_decorator.py for tasks to queue
[2026-06-03T12:42:06.865+0000] {logging_mixin.py:188} INFO - [2026-06-03T12:42:06.865+0000] {dagbag.py:538} INFO - Filling up the DagBag from /home/airflow/.local/lib/python3.8/site-packages/airflow/example_dags/example_task_group_decorator.py
[2026-06-03T12:42:06.874+0000] {processor.py:840} INFO - DAG(s) 'example_task_group_decorator' retrieved from /home/airflow/.local/lib/python3.8/site-packages/airflow/example_dags/example_task_group_decorator.py
[2026-06-03T12:42:06.885+0000] {logging_mixin.py:188} INFO - [2026-06-03T12:42:06.885+0000] {dag.py:3033} INFO - Sync 1 DAGs
[2026-06-03T12:42:06.899+0000] {logging_mixin.py:188} INFO - [2026-06-03T12:42:06.899+0000] {dag.py:3820} INFO - Setting next_dagrun for example_task_group_decorator to 2026-06-02T00:00:00+00:00, run_after=2026-06-03T00:00:00+00:00
[2026-06-03T12:42:06.907+0000] {processor.py:183} INFO - Processing /home/airflow/.local/lib/python3.8/site-packages/airflow/example_dags/example_task_group_decorator.py took 0.047 seconds
[2026-06-03T12:42:37.997+0000] {processor.py:161} INFO - Started process (PID=5986) to work on /home/airflow/.local/lib/python3.8/site-packages/airflow/example_dags/example_task_group_decorator.py
[2026-06-03T12:42:37.998+0000] {processor.py:830} INFO - Processing file /home/airflow/.local/lib/python3.8/site-packages/airflow/example_dags/example_task_group_decorator.py for tasks to queue
[2026-06-03T12:42:38.000+0000] {logging_mixin.py:188} INFO - [2026-06-03T12:42:37.999+0000] {dagbag.py:538} INFO - Filling up the DagBag from /home/airflow/.local/lib/python3.8/site-packages/airflow/example_dags/example_task_group_decorator.py
[2026-06-03T12:42:38.007+0000] {processor.py:840} INFO - DAG(s) 'example_task_group_decorator' retrieved from /home/airflow/.local/lib/python3.8/site-packages/airflow/example_dags/example_task_group_decorator.py
[2026-06-03T12:42:38.020+0000] {logging_mixin.py:188} INFO - [2026-06-03T12:42:38.020+0000] {dag.py:3033} INFO - Sync 1 DAGs
[2026-06-03T12:42:38.033+0000] {logging_mixin.py:188} INFO - [2026-06-03T12:42:38.032+0000] {dag.py:3820} INFO - Setting next_dagrun for example_task_group_decorator to 2026-06-02T00:00:00+00:00, run_after=2026-06-03T00:00:00+00:00
[2026-06-03T12:42:38.044+0000] {processor.py:183} INFO - Processing /home/airflow/.local/lib/python3.8/site-packages/airflow/example_dags/example_task_group_decorator.py took 0.048 seconds
[2026-06-03T12:43:08.362+0000] {processor.py:161} INFO - Started process (PID=6042) to work on /home/airflow/.local/lib/python3.8/site-packages/airflow/example_dags/example_task_group_decorator.py
[2026-06-03T12:43:08.362+0000] {processor.py:830} INFO - Processing file /home/airflow/.local/lib/python3.8/site-packages/airflow/example_dags/example_task_group_decorator.py for tasks to queue
[2026-06-03T12:43:08.363+0000] {logging_mixin.py:188} INFO - [2026-06-03T12:43:08.363+0000] {dagbag.py:538} INFO - Filling up the DagBag from /home/airflow/.local/lib/python3.8/site-packages/airflow/example_dags/example_task_group_decorator.py
[2026-06-03T12:43:08.371+0000] {processor.py:840} INFO - DAG(s) 'example_task_group_decorator' retrieved from /home/airflow/.local/lib/python3.8/site-packages/airflow/example_dags/example_task_group_decorator.py
[2026-06-03T12:43:08.388+0000] {logging_mixin.py:188} INFO - [2026-06-03T12:43:08.388+0000] {dag.py:3033} INFO - Sync 1 DAGs
[2026-06-03T12:43:08.400+0000] {logging_mixin.py:188} INFO - [2026-06-03T12:43:08.400+0000] {dag.py:3820} INFO - Setting next_dagrun for example_task_group_decorator to 2026-06-02T00:00:00+00:00, run_after=2026-06-03T00:00:00+00:00
[2026-06-03T12:43:08.412+0000] {processor.py:183} INFO - Processing /home/airflow/.local/lib/python3.8/site-packages/airflow/example_dags/example_task_group_decorator.py took 0.051 seconds
[2026-06-03T12:43:39.583+0000] {processor.py:161} INFO - Started process (PID=6098) to work on /home/airflow/.local/lib/python3.8/site-packages/airflow/example_dags/example_task_group_decorator.py
[2026-06-03T12:43:39.584+0000] {processor.py:830} INFO - Processing file /home/airflow/.local/lib/python3.8/site-packages/airflow/example_dags/example_task_group_decorator.py for tasks to queue
[2026-06-03T12:43:39.586+0000] {logging_mixin.py:188} INFO - [2026-06-03T12:43:39.586+0000] {dagbag.py:538} INFO - Filling up the DagBag from /home/airflow/.local/lib/python3.8/site-packages/airflow/example_dags/example_task_group_decorator.py
[2026-06-03T12:43:39.595+0000] {processor.py:840} INFO - DAG(s) 'example_task_group_decorator' retrieved from /home/airflow/.local/lib/python3.8/site-packages/airflow/example_dags/example_task_group_decorator.py
[2026-06-03T12:43:39.611+0000] {logging_mixin.py:188} INFO - [2026-06-03T12:43:39.611+0000] {dag.py:3033} INFO - Sync 1 DAGs
[2026-06-03T12:43:39.621+0000] {logging_mixin.py:188} INFO - [2026-06-03T12:43:39.621+0000] {dag.py:3820} INFO - Setting next_dagrun for example_task_group_decorator to 2026-06-02T00:00:00+00:00, run_after=2026-06-03T00:00:00+00:00
[2026-06-03T12:43:39.633+0000] {processor.py:183} INFO - Processing /home/airflow/.local/lib/python3.8/site-packages/airflow/example_dags/example_task_group_decorator.py took 0.052 seconds
[2026-06-03T12:44:11.039+0000] {processor.py:161} INFO - Started process (PID=6155) to work on /home/airflow/.local/lib/python3.8/site-packages/airflow/example_dags/example_task_group_decorator.py
[2026-06-03T12:44:11.040+0000] {processor.py:830} INFO - Processing file /home/airflow/.local/lib/python3.8/site-packages/airflow/example_dags/example_task_group_decorator.py for tasks to queue
[2026-06-03T12:44:11.041+0000] {logging_mixin.py:188} INFO - [2026-06-03T12:44:11.041+0000] {dagbag.py:538} INFO - Filling up the DagBag from /home/airflow/.local/lib/python3.8/site-packages/airflow/example_dags/example_task_group_decorator.py
[2026-06-03T12:44:11.053+0000] {processor.py:840} INFO - DAG(s) 'example_task_group_decorator' retrieved from /home/airflow/.local/lib/python3.8/site-packages/airflow/example_dags/example_task_group_decorator.py
[2026-06-03T12:44:11.078+0000] {logging_mixin.py:188} INFO - [2026-06-03T12:44:11.078+0000] {dag.py:3033} INFO - Sync 1 DAGs
[2026-06-03T12:44:11.104+0000] {logging_mixin.py:188} INFO - [2026-06-03T12:44:11.104+0000] {dag.py:3820} INFO - Setting next_dagrun for example_task_group_decorator to 2026-06-02T00:00:00+00:00, run_after=2026-06-03T00:00:00+00:00
[2026-06-03T12:44:11.131+0000] {processor.py:183} INFO - Processing /home/airflow/.local/lib/python3.8/site-packages/airflow/example_dags/example_task_group_decorator.py took 0.095 seconds
[2026-06-03T12:44:41.223+0000] {processor.py:161} INFO - Started process (PID=6224) to work on /home/airflow/.local/lib/python3.8/site-packages/airflow/example_dags/example_task_group_decorator.py
[2026-06-03T12:44:41.224+0000] {processor.py:830} INFO - Processing file /home/airflow/.local/lib/python3.8/site-packages/airflow/example_dags/example_task_group_decorator.py for tasks to queue
[2026-06-03T12:44:41.226+0000] {logging_mixin.py:188} INFO - [2026-06-03T12:44:41.225+0000] {dagbag.py:538} INFO - Filling up the DagBag from /home/airflow/.local/lib/python3.8/site-packages/airflow/example_dags/example_task_group_decorator.py
[2026-06-03T12:44:41.236+0000] {processor.py:840} INFO - DAG(s) 'example_task_group_decorator' retrieved from /home/airflow/.local/lib/python3.8/site-packages/airflow/example_dags/example_task_group_decorator.py
[2026-06-03T12:44:41.248+0000] {logging_mixin.py:188} INFO - [2026-06-03T12:44:41.248+0000] {dag.py:3033} INFO - Sync 1 DAGs
[2026-06-03T12:44:41.257+0000] {logging_mixin.py:188} INFO - [2026-06-03T12:44:41.257+0000] {dag.py:3820} INFO - Setting next_dagrun for example_task_group_decorator to 2026-06-02T00:00:00+00:00, run_after=2026-06-03T00:00:00+00:00
[2026-06-03T12:44:41.269+0000] {processor.py:183} INFO - Processing /home/airflow/.local/lib/python3.8/site-packages/airflow/example_dags/example_task_group_decorator.py took 0.048 seconds
[2026-06-03T12:45:11.837+0000] {processor.py:161} INFO - Started process (PID=6286) to work on /home/airflow/.local/lib/python3.8/site-packages/airflow/example_dags/example_task_group_decorator.py
[2026-06-03T12:45:11.839+0000] {processor.py:830} INFO - Processing file /home/airflow/.local/lib/python3.8/site-packages/airflow/example_dags/example_task_group_decorator.py for tasks to queue
[2026-06-03T12:45:11.842+0000] {logging_mixin.py:188} INFO - [2026-06-03T12:45:11.842+0000] {dagbag.py:538} INFO - Filling up the DagBag from /home/airflow/.local/lib/python3.8/site-packages/airflow/example_dags/example_task_group_decorator.py
[2026-06-03T12:45:11.854+0000] {processor.py:840} INFO - DAG(s) 'example_task_group_decorator' retrieved from /home/airflow/.local/lib/python3.8/site-packages/airflow/example_dags/example_task_group_decorator.py
[2026-06-03T12:45:11.885+0000] {logging_mixin.py:188} INFO - [2026-06-03T12:45:11.884+0000] {dag.py:3033} INFO - Sync 1 DAGs
[2026-06-03T12:45:11.907+0000] {logging_mixin.py:188} INFO - [2026-06-03T12:45:11.906+0000] {dag.py:3820} INFO - Setting next_dagrun for example_task_group_decorator to 2026-06-02T00:00:00+00:00, run_after=2026-06-03T00:00:00+00:00
[2026-06-03T12:45:11.927+0000] {processor.py:183} INFO - Processing /home/airflow/.local/lib/python3.8/site-packages/airflow/example_dags/example_task_group_decorator.py took 0.093 seconds
[2026-06-03T12:45:42.959+0000] {processor.py:161} INFO - Started process (PID=6348) to work on /home/airflow/.local/lib/python3.8/site-packages/airflow/example_dags/example_task_group_decorator.py
[2026-06-03T12:45:42.961+0000] {processor.py:830} INFO - Processing file /home/airflow/.local/lib/python3.8/site-packages/airflow/example_dags/example_task_group_decorator.py for tasks to queue
[2026-06-03T12:45:42.963+0000] {logging_mixin.py:188} INFO - [2026-06-03T12:45:42.962+0000] {dagbag.py:538} INFO - Filling up the DagBag from /home/airflow/.local/lib/python3.8/site-packages/airflow/example_dags/example_task_group_decorator.py
[2026-06-03T12:45:42.970+0000] {processor.py:840} INFO - DAG(s) 'example_task_group_decorator' retrieved from /home/airflow/.local/lib/python3.8/site-packages/airflow/example_dags/example_task_group_decorator.py
[2026-06-03T12:45:42.988+0000] {logging_mixin.py:188} INFO - [2026-06-03T12:45:42.988+0000] {dag.py:3033} INFO - Sync 1 DAGs
[2026-06-03T12:45:43.003+0000] {logging_mixin.py:188} INFO - [2026-06-03T12:45:43.003+0000] {dag.py:3820} INFO - Setting next_dagrun for example_task_group_decorator to 2026-06-02T00:00:00+00:00, run_after=2026-06-03T00:00:00+00:00
[2026-06-03T12:45:43.017+0000] {processor.py:183} INFO - Processing /home/airflow/.local/lib/python3.8/site-packages/airflow/example_dags/example_task_group_decorator.py took 0.060 seconds
[2026-06-03T12:46:13.543+0000] {processor.py:161} INFO - Started process (PID=6403) to work on /home/airflow/.local/lib/python3.8/site-packages/airflow/example_dags/example_task_group_decorator.py
[2026-06-03T12:46:13.543+0000] {processor.py:830} INFO - Processing file /home/airflow/.local/lib/python3.8/site-packages/airflow/example_dags/example_task_group_decorator.py for tasks to queue
[2026-06-03T12:46:13.545+0000] {logging_mixin.py:188} INFO - [2026-06-03T12:46:13.545+0000] {dagbag.py:538} INFO - Filling up the DagBag from /home/airflow/.local/lib/python3.8/site-packages/airflow/example_dags/example_task_group_decorator.py
[2026-06-03T12:46:13.552+0000] {processor.py:840} INFO - DAG(s) 'example_task_group_decorator' retrieved from /home/airflow/.local/lib/python3.8/site-packages/airflow/example_dags/example_task_group_decorator.py
[2026-06-03T12:46:13.563+0000] {logging_mixin.py:188} INFO - [2026-06-03T12:46:13.563+0000] {dag.py:3033} INFO - Sync 1 DAGs
[2026-06-03T12:46:13.576+0000] {logging_mixin.py:188} INFO - [2026-06-03T12:46:13.576+0000] {dag.py:3820} INFO - Setting next_dagrun for example_task_group_decorator to 2026-06-02T00:00:00+00:00, run_after=2026-06-03T00:00:00+00:00
[2026-06-03T12:46:13.589+0000] {processor.py:183} INFO - Processing /home/airflow/.local/lib/python3.8/site-packages/airflow/example_dags/example_task_group_decorator.py took 0.048 seconds
[2026-06-03T12:46:43.760+0000] {processor.py:161} INFO - Started process (PID=6459) to work on /home/airflow/.local/lib/python3.8/site-packages/airflow/example_dags/example_task_group_decorator.py
[2026-06-03T12:46:43.762+0000] {processor.py:830} INFO - Processing file /home/airflow/.local/lib/python3.8/site-packages/airflow/example_dags/example_task_group_decorator.py for tasks to queue
[2026-06-03T12:46:43.763+0000] {logging_mixin.py:188} INFO - [2026-06-03T12:46:43.763+0000] {dagbag.py:538} INFO - Filling up the DagBag from /home/airflow/.local/lib/python3.8/site-packages/airflow/example_dags/example_task_group_decorator.py
[2026-06-03T12:46:43.780+0000] {processor.py:840} INFO - DAG(s) 'example_task_group_decorator' retrieved from /home/airflow/.local/lib/python3.8/site-packages/airflow/example_dags/example_task_group_decorator.py
[2026-06-03T12:46:43.815+0000] {logging_mixin.py:188} INFO - [2026-06-03T12:46:43.815+0000] {dag.py:3033} INFO - Sync 1 DAGs
[2026-06-03T12:46:43.829+0000] {logging_mixin.py:188} INFO - [2026-06-03T12:46:43.829+0000] {dag.py:3820} INFO - Setting next_dagrun for example_task_group_decorator to 2026-06-02T00:00:00+00:00, run_after=2026-06-03T00:00:00+00:00
[2026-06-03T12:46:43.837+0000] {processor.py:183} INFO - Processing /home/airflow/.local/lib/python3.8/site-packages/airflow/example_dags/example_task_group_decorator.py took 0.081 seconds
[2026-06-03T12:47:14.463+0000] {processor.py:161} INFO - Started process (PID=6515) to work on /home/airflow/.local/lib/python3.8/site-packages/airflow/example_dags/example_task_group_decorator.py
[2026-06-03T12:47:14.465+0000] {processor.py:830} INFO - Processing file /home/airflow/.local/lib/python3.8/site-packages/airflow/example_dags/example_task_group_decorator.py for tasks to queue
[2026-06-03T12:47:14.466+0000] {logging_mixin.py:188} INFO - [2026-06-03T12:47:14.466+0000] {dagbag.py:538} INFO - Filling up the DagBag from /home/airflow/.local/lib/python3.8/site-packages/airflow/example_dags/example_task_group_decorator.py
[2026-06-03T12:47:14.475+0000] {processor.py:840} INFO - DAG(s) 'example_task_group_decorator' retrieved from /home/airflow/.local/lib/python3.8/site-packages/airflow/example_dags/example_task_group_decorator.py
[2026-06-03T12:47:14.486+0000] {logging_mixin.py:188} INFO - [2026-06-03T12:47:14.486+0000] {dag.py:3033} INFO - Sync 1 DAGs
[2026-06-03T12:47:14.498+0000] {logging_mixin.py:188} INFO - [2026-06-03T12:47:14.498+0000] {dag.py:3820} INFO - Setting next_dagrun for example_task_group_decorator to 2026-06-02T00:00:00+00:00, run_after=2026-06-03T00:00:00+00:00
[2026-06-03T12:47:14.507+0000] {processor.py:183} INFO - Processing /home/airflow/.local/lib/python3.8/site-packages/airflow/example_dags/example_task_group_decorator.py took 0.045 seconds
[2026-06-03T12:47:45.210+0000] {processor.py:161} INFO - Started process (PID=6571) to work on /home/airflow/.local/lib/python3.8/site-packages/airflow/example_dags/example_task_group_decorator.py
[2026-06-03T12:47:45.210+0000] {processor.py:830} INFO - Processing file /home/airflow/.local/lib/python3.8/site-packages/airflow/example_dags/example_task_group_decorator.py for tasks to queue
[2026-06-03T12:47:45.211+0000] {logging_mixin.py:188} INFO - [2026-06-03T12:47:45.211+0000] {dagbag.py:538} INFO - Filling up the DagBag from /home/airflow/.local/lib/python3.8/site-packages/airflow/example_dags/example_task_group_decorator.py
[2026-06-03T12:47:45.217+0000] {processor.py:840} INFO - DAG(s) 'example_task_group_decorator' retrieved from /home/airflow/.local/lib/python3.8/site-packages/airflow/example_dags/example_task_group_decorator.py
[2026-06-03T12:47:45.233+0000] {logging_mixin.py:188} INFO - [2026-06-03T12:47:45.233+0000] {dag.py:3033} INFO - Sync 1 DAGs
[2026-06-03T12:47:45.243+0000] {logging_mixin.py:188} INFO - [2026-06-03T12:47:45.243+0000] {dag.py:3820} INFO - Setting next_dagrun for example_task_group_decorator to 2026-06-02T00:00:00+00:00, run_after=2026-06-03T00:00:00+00:00
[2026-06-03T12:47:45.252+0000] {processor.py:183} INFO - Processing /home/airflow/.local/lib/python3.8/site-packages/airflow/example_dags/example_task_group_decorator.py took 0.044 seconds
[2026-06-03T12:48:15.610+0000] {processor.py:161} INFO - Started process (PID=6627) to work on /home/airflow/.local/lib/python3.8/site-packages/airflow/example_dags/example_task_group_decorator.py
[2026-06-03T12:48:15.612+0000] {processor.py:830} INFO - Processing file /home/airflow/.local/lib/python3.8/site-packages/airflow/example_dags/example_task_group_decorator.py for tasks to queue
[2026-06-03T12:48:15.615+0000] {logging_mixin.py:188} INFO - [2026-06-03T12:48:15.615+0000] {dagbag.py:538} INFO - Filling up the DagBag from /home/airflow/.local/lib/python3.8/site-packages/airflow/example_dags/example_task_group_decorator.py
[2026-06-03T12:48:15.627+0000] {processor.py:840} INFO - DAG(s) 'example_task_group_decorator' retrieved from /home/airflow/.local/lib/python3.8/site-packages/airflow/example_dags/example_task_group_decorator.py
[2026-06-03T12:48:15.643+0000] {logging_mixin.py:188} INFO - [2026-06-03T12:48:15.643+0000] {dag.py:3033} INFO - Sync 1 DAGs
[2026-06-03T12:48:15.679+0000] {logging_mixin.py:188} INFO - [2026-06-03T12:48:15.675+0000] {dag.py:3820} INFO - Setting next_dagrun for example_task_group_decorator to 2026-06-02T00:00:00+00:00, run_after=2026-06-03T00:00:00+00:00
[2026-06-03T12:48:15.747+0000] {processor.py:183} INFO - Processing /home/airflow/.local/lib/python3.8/site-packages/airflow/example_dags/example_task_group_decorator.py took 0.140 seconds
[2026-06-03T12:48:46.779+0000] {processor.py:161} INFO - Started process (PID=6683) to work on /home/airflow/.local/lib/python3.8/site-packages/airflow/example_dags/example_task_group_decorator.py
[2026-06-03T12:48:46.781+0000] {processor.py:830} INFO - Processing file /home/airflow/.local/lib/python3.8/site-packages/airflow/example_dags/example_task_group_decorator.py for tasks to queue
[2026-06-03T12:48:46.787+0000] {logging_mixin.py:188} INFO - [2026-06-03T12:48:46.787+0000] {dagbag.py:538} INFO - Filling up the DagBag from /home/airflow/.local/lib/python3.8/site-packages/airflow/example_dags/example_task_group_decorator.py
[2026-06-03T12:48:46.805+0000] {processor.py:840} INFO - DAG(s) 'example_task_group_decorator' retrieved from /home/airflow/.local/lib/python3.8/site-packages/airflow/example_dags/example_task_group_decorator.py
[2026-06-03T12:48:46.842+0000] {logging_mixin.py:188} INFO - [2026-06-03T12:48:46.842+0000] {dag.py:3033} INFO - Sync 1 DAGs
[2026-06-03T12:48:46.873+0000] {logging_mixin.py:188} INFO - [2026-06-03T12:48:46.873+0000] {dag.py:3820} INFO - Setting next_dagrun for example_task_group_decorator to 2026-06-02T00:00:00+00:00, run_after=2026-06-03T00:00:00+00:00
[2026-06-03T12:48:46.908+0000] {processor.py:183} INFO - Processing /home/airflow/.local/lib/python3.8/site-packages/airflow/example_dags/example_task_group_decorator.py took 0.152 seconds
[2026-06-03T12:49:17.467+0000] {processor.py:161} INFO - Started process (PID=6739) to work on /home/airflow/.local/lib/python3.8/site-packages/airflow/example_dags/example_task_group_decorator.py
[2026-06-03T12:49:17.468+0000] {processor.py:830} INFO - Processing file /home/airflow/.local/lib/python3.8/site-packages/airflow/example_dags/example_task_group_decorator.py for tasks to queue
[2026-06-03T12:49:17.471+0000] {logging_mixin.py:188} INFO - [2026-06-03T12:49:17.471+0000] {dagbag.py:538} INFO - Filling up the DagBag from /home/airflow/.local/lib/python3.8/site-packages/airflow/example_dags/example_task_group_decorator.py
[2026-06-03T12:49:17.485+0000] {processor.py:840} INFO - DAG(s) 'example_task_group_decorator' retrieved from /home/airflow/.local/lib/python3.8/site-packages/airflow/example_dags/example_task_group_decorator.py
[2026-06-03T12:49:17.514+0000] {logging_mixin.py:188} INFO - [2026-06-03T12:49:17.514+0000] {dag.py:3033} INFO - Sync 1 DAGs
[2026-06-03T12:49:17.530+0000] {logging_mixin.py:188} INFO - [2026-06-03T12:49:17.530+0000] {dag.py:3820} INFO - Setting next_dagrun for example_task_group_decorator to 2026-06-02T00:00:00+00:00, run_after=2026-06-03T00:00:00+00:00
[2026-06-03T12:49:17.546+0000] {processor.py:183} INFO - Processing /home/airflow/.local/lib/python3.8/site-packages/airflow/example_dags/example_task_group_decorator.py took 0.083 seconds
[2026-06-03T12:49:48.126+0000] {processor.py:161} INFO - Started process (PID=6795) to work on /home/airflow/.local/lib/python3.8/site-packages/airflow/example_dags/example_task_group_decorator.py
[2026-06-03T12:49:48.130+0000] {processor.py:830} INFO - Processing file /home/airflow/.local/lib/python3.8/site-packages/airflow/example_dags/example_task_group_decorator.py for tasks to queue
[2026-06-03T12:49:48.138+0000] {logging_mixin.py:188} INFO - [2026-06-03T12:49:48.138+0000] {dagbag.py:538} INFO - Filling up the DagBag from /home/airflow/.local/lib/python3.8/site-packages/airflow/example_dags/example_task_group_decorator.py
[2026-06-03T12:49:48.183+0000] {processor.py:840} INFO - DAG(s) 'example_task_group_decorator' retrieved from /home/airflow/.local/lib/python3.8/site-packages/airflow/example_dags/example_task_group_decorator.py
[2026-06-03T12:49:48.267+0000] {logging_mixin.py:188} INFO - [2026-06-03T12:49:48.267+0000] {dag.py:3033} INFO - Sync 1 DAGs
[2026-06-03T12:49:48.294+0000] {logging_mixin.py:188} INFO - [2026-06-03T12:49:48.294+0000] {dag.py:3820} INFO - Setting next_dagrun for example_task_group_decorator to 2026-06-02T00:00:00+00:00, run_after=2026-06-03T00:00:00+00:00
[2026-06-03T12:49:48.311+0000] {processor.py:183} INFO - Processing /home/airflow/.local/lib/python3.8/site-packages/airflow/example_dags/example_task_group_decorator.py took 0.195 seconds
[2026-06-03T12:50:19.205+0000] {processor.py:161} INFO - Started process (PID=6851) to work on /home/airflow/.local/lib/python3.8/site-packages/airflow/example_dags/example_task_group_decorator.py
[2026-06-03T12:50:19.208+0000] {processor.py:830} INFO - Processing file /home/airflow/.local/lib/python3.8/site-packages/airflow/example_dags/example_task_group_decorator.py for tasks to queue
[2026-06-03T12:50:19.215+0000] {logging_mixin.py:188} INFO - [2026-06-03T12:50:19.215+0000] {dagbag.py:538} INFO - Filling up the DagBag from /home/airflow/.local/lib/python3.8/site-packages/airflow/example_dags/example_task_group_decorator.py
[2026-06-03T12:50:19.235+0000] {processor.py:840} INFO - DAG(s) 'example_task_group_decorator' retrieved from /home/airflow/.local/lib/python3.8/site-packages/airflow/example_dags/example_task_group_decorator.py
[2026-06-03T12:50:19.283+0000] {logging_mixin.py:188} INFO - [2026-06-03T12:50:19.283+0000] {dag.py:3033} INFO - Sync 1 DAGs
[2026-06-03T12:50:19.310+0000] {logging_mixin.py:188} INFO - [2026-06-03T12:50:19.310+0000] {dag.py:3820} INFO - Setting next_dagrun for example_task_group_decorator to 2026-06-02T00:00:00+00:00, run_after=2026-06-03T00:00:00+00:00
[2026-06-03T12:50:19.326+0000] {processor.py:183} INFO - Processing /home/airflow/.local/lib/python3.8/site-packages/airflow/example_dags/example_task_group_decorator.py took 0.128 seconds
[2026-06-03T12:50:59.117+0000] {processor.py:161} INFO - Started process (PID=66) to work on /home/airflow/.local/lib/python3.8/site-packages/airflow/example_dags/example_task_group_decorator.py
[2026-06-03T12:50:59.118+0000] {processor.py:830} INFO - Processing file /home/airflow/.local/lib/python3.8/site-packages/airflow/example_dags/example_task_group_decorator.py for tasks to queue
[2026-06-03T12:50:59.120+0000] {logging_mixin.py:188} INFO - [2026-06-03T12:50:59.119+0000] {dagbag.py:538} INFO - Filling up the DagBag from /home/airflow/.local/lib/python3.8/site-packages/airflow/example_dags/example_task_group_decorator.py
[2026-06-03T12:50:59.130+0000] {processor.py:840} INFO - DAG(s) 'example_task_group_decorator' retrieved from /home/airflow/.local/lib/python3.8/site-packages/airflow/example_dags/example_task_group_decorator.py
[2026-06-03T12:50:59.162+0000] {logging_mixin.py:188} INFO - [2026-06-03T12:50:59.162+0000] {dag.py:3033} INFO - Sync 1 DAGs
[2026-06-03T12:50:59.191+0000] {logging_mixin.py:188} INFO - [2026-06-03T12:50:59.190+0000] {dag.py:3820} INFO - Setting next_dagrun for example_task_group_decorator to 2026-06-02T00:00:00+00:00, run_after=2026-06-03T00:00:00+00:00
[2026-06-03T12:50:59.213+0000] {processor.py:183} INFO - Processing /home/airflow/.local/lib/python3.8/site-packages/airflow/example_dags/example_task_group_decorator.py took 0.097 seconds
[2026-06-03T12:51:29.410+0000] {processor.py:161} INFO - Started process (PID=122) to work on /home/airflow/.local/lib/python3.8/site-packages/airflow/example_dags/example_task_group_decorator.py
[2026-06-03T12:51:29.411+0000] {processor.py:830} INFO - Processing file /home/airflow/.local/lib/python3.8/site-packages/airflow/example_dags/example_task_group_decorator.py for tasks to queue
[2026-06-03T12:51:29.411+0000] {logging_mixin.py:188} INFO - [2026-06-03T12:51:29.411+0000] {dagbag.py:538} INFO - Filling up the DagBag from /home/airflow/.local/lib/python3.8/site-packages/airflow/example_dags/example_task_group_decorator.py
[2026-06-03T12:51:29.419+0000] {processor.py:840} INFO - DAG(s) 'example_task_group_decorator' retrieved from /home/airflow/.local/lib/python3.8/site-packages/airflow/example_dags/example_task_group_decorator.py
[2026-06-03T12:51:29.476+0000] {logging_mixin.py:188} INFO - [2026-06-03T12:51:29.476+0000] {dag.py:3033} INFO - Sync 1 DAGs
[2026-06-03T12:51:29.489+0000] {logging_mixin.py:188} INFO - [2026-06-03T12:51:29.489+0000] {dag.py:3820} INFO - Setting next_dagrun for example_task_group_decorator to 2026-06-02T00:00:00+00:00, run_after=2026-06-03T00:00:00+00:00
[2026-06-03T12:51:29.508+0000] {processor.py:183} INFO - Processing /home/airflow/.local/lib/python3.8/site-packages/airflow/example_dags/example_task_group_decorator.py took 0.100 seconds
[2026-06-03T12:52:00.489+0000] {processor.py:161} INFO - Started process (PID=178) to work on /home/airflow/.local/lib/python3.8/site-packages/airflow/example_dags/example_task_group_decorator.py
[2026-06-03T12:52:00.491+0000] {processor.py:830} INFO - Processing file /home/airflow/.local/lib/python3.8/site-packages/airflow/example_dags/example_task_group_decorator.py for tasks to queue
[2026-06-03T12:52:00.492+0000] {logging_mixin.py:188} INFO - [2026-06-03T12:52:00.492+0000] {dagbag.py:538} INFO - Filling up the DagBag from /home/airflow/.local/lib/python3.8/site-packages/airflow/example_dags/example_task_group_decorator.py
[2026-06-03T12:52:00.501+0000] {processor.py:840} INFO - DAG(s) 'example_task_group_decorator' retrieved from /home/airflow/.local/lib/python3.8/site-packages/airflow/example_dags/example_task_group_decorator.py
[2026-06-03T12:52:00.526+0000] {logging_mixin.py:188} INFO - [2026-06-03T12:52:00.526+0000] {dag.py:3033} INFO - Sync 1 DAGs
[2026-06-03T12:52:00.541+0000] {logging_mixin.py:188} INFO - [2026-06-03T12:52:00.541+0000] {dag.py:3820} INFO - Setting next_dagrun for example_task_group_decorator to 2026-06-02T00:00:00+00:00, run_after=2026-06-03T00:00:00+00:00
[2026-06-03T12:52:00.555+0000] {processor.py:183} INFO - Processing /home/airflow/.local/lib/python3.8/site-packages/airflow/example_dags/example_task_group_decorator.py took 0.068 seconds
[2026-06-03T12:52:31.339+0000] {processor.py:161} INFO - Started process (PID=234) to work on /home/airflow/.local/lib/python3.8/site-packages/airflow/example_dags/example_task_group_decorator.py
[2026-06-03T12:52:31.339+0000] {processor.py:830} INFO - Processing file /home/airflow/.local/lib/python3.8/site-packages/airflow/example_dags/example_task_group_decorator.py for tasks to queue
[2026-06-03T12:52:31.343+0000] {logging_mixin.py:188} INFO - [2026-06-03T12:52:31.342+0000] {dagbag.py:538} INFO - Filling up the DagBag from /home/airflow/.local/lib/python3.8/site-packages/airflow/example_dags/example_task_group_decorator.py
[2026-06-03T12:52:31.352+0000] {processor.py:840} INFO - DAG(s) 'example_task_group_decorator' retrieved from /home/airflow/.local/lib/python3.8/site-packages/airflow/example_dags/example_task_group_decorator.py
[2026-06-03T12:52:31.363+0000] {logging_mixin.py:188} INFO - [2026-06-03T12:52:31.363+0000] {dag.py:3033} INFO - Sync 1 DAGs
[2026-06-03T12:52:31.381+0000] {logging_mixin.py:188} INFO - [2026-06-03T12:52:31.381+0000] {dag.py:3820} INFO - Setting next_dagrun for example_task_group_decorator to 2026-06-02T00:00:00+00:00, run_after=2026-06-03T00:00:00+00:00
[2026-06-03T12:52:31.394+0000] {processor.py:183} INFO - Processing /home/airflow/.local/lib/python3.8/site-packages/airflow/example_dags/example_task_group_decorator.py took 0.058 seconds
[2026-06-03T12:53:01.928+0000] {processor.py:161} INFO - Started process (PID=290) to work on /home/airflow/.local/lib/python3.8/site-packages/airflow/example_dags/example_task_group_decorator.py
[2026-06-03T12:53:01.930+0000] {processor.py:830} INFO - Processing file /home/airflow/.local/lib/python3.8/site-packages/airflow/example_dags/example_task_group_decorator.py for tasks to queue
[2026-06-03T12:53:01.930+0000] {logging_mixin.py:188} INFO - [2026-06-03T12:53:01.930+0000] {dagbag.py:538} INFO - Filling up the DagBag from /home/airflow/.local/lib/python3.8/site-packages/airflow/example_dags/example_task_group_decorator.py
[2026-06-03T12:53:01.938+0000] {processor.py:840} INFO - DAG(s) 'example_task_group_decorator' retrieved from /home/airflow/.local/lib/python3.8/site-packages/airflow/example_dags/example_task_group_decorator.py
[2026-06-03T12:53:01.951+0000] {logging_mixin.py:188} INFO - [2026-06-03T12:53:01.951+0000] {dag.py:3033} INFO - Sync 1 DAGs
[2026-06-03T12:53:01.964+0000] {logging_mixin.py:188} INFO - [2026-06-03T12:53:01.963+0000] {dag.py:3820} INFO - Setting next_dagrun for example_task_group_decorator to 2026-06-02T00:00:00+00:00, run_after=2026-06-03T00:00:00+00:00
[2026-06-03T12:53:01.973+0000] {processor.py:183} INFO - Processing /home/airflow/.local/lib/python3.8/site-packages/airflow/example_dags/example_task_group_decorator.py took 0.047 seconds
[2026-06-03T12:53:33.094+0000] {processor.py:161} INFO - Started process (PID=352) to work on /home/airflow/.local/lib/python3.8/site-packages/airflow/example_dags/example_task_group_decorator.py
[2026-06-03T12:53:33.095+0000] {processor.py:830} INFO - Processing file /home/airflow/.local/lib/python3.8/site-packages/airflow/example_dags/example_task_group_decorator.py for tasks to queue
[2026-06-03T12:53:33.098+0000] {logging_mixin.py:188} INFO - [2026-06-03T12:53:33.098+0000] {dagbag.py:538} INFO - Filling up the DagBag from /home/airflow/.local/lib/python3.8/site-packages/airflow/example_dags/example_task_group_decorator.py
[2026-06-03T12:53:33.105+0000] {processor.py:840} INFO - DAG(s) 'example_task_group_decorator' retrieved from /home/airflow/.local/lib/python3.8/site-packages/airflow/example_dags/example_task_group_decorator.py
[2026-06-03T12:53:33.121+0000] {logging_mixin.py:188} INFO - [2026-06-03T12:53:33.121+0000] {dag.py:3033} INFO - Sync 1 DAGs
[2026-06-03T12:53:33.131+0000] {logging_mixin.py:188} INFO - [2026-06-03T12:53:33.131+0000] {dag.py:3820} INFO - Setting next_dagrun for example_task_group_decorator to 2026-06-02T00:00:00+00:00, run_after=2026-06-03T00:00:00+00:00
[2026-06-03T12:53:33.141+0000] {processor.py:183} INFO - Processing /home/airflow/.local/lib/python3.8/site-packages/airflow/example_dags/example_task_group_decorator.py took 0.048 seconds
[2026-06-03T12:54:04.245+0000] {processor.py:161} INFO - Started process (PID=408) to work on /home/airflow/.local/lib/python3.8/site-packages/airflow/example_dags/example_task_group_decorator.py
[2026-06-03T12:54:04.246+0000] {processor.py:830} INFO - Processing file /home/airflow/.local/lib/python3.8/site-packages/airflow/example_dags/example_task_group_decorator.py for tasks to queue
[2026-06-03T12:54:04.248+0000] {logging_mixin.py:188} INFO - [2026-06-03T12:54:04.248+0000] {dagbag.py:538} INFO - Filling up the DagBag from /home/airflow/.local/lib/python3.8/site-packages/airflow/example_dags/example_task_group_decorator.py
[2026-06-03T12:54:04.259+0000] {processor.py:840} INFO - DAG(s) 'example_task_group_decorator' retrieved from /home/airflow/.local/lib/python3.8/site-packages/airflow/example_dags/example_task_group_decorator.py
[2026-06-03T12:54:04.276+0000] {logging_mixin.py:188} INFO - [2026-06-03T12:54:04.275+0000] {dag.py:3033} INFO - Sync 1 DAGs
[2026-06-03T12:54:04.288+0000] {logging_mixin.py:188} INFO - [2026-06-03T12:54:04.288+0000] {dag.py:3820} INFO - Setting next_dagrun for example_task_group_decorator to 2026-06-02T00:00:00+00:00, run_after=2026-06-03T00:00:00+00:00
[2026-06-03T12:54:04.309+0000] {processor.py:183} INFO - Processing /home/airflow/.local/lib/python3.8/site-packages/airflow/example_dags/example_task_group_decorator.py took 0.066 seconds
[2026-06-03T12:54:34.641+0000] {processor.py:161} INFO - Started process (PID=464) to work on /home/airflow/.local/lib/python3.8/site-packages/airflow/example_dags/example_task_group_decorator.py
[2026-06-03T12:54:34.642+0000] {processor.py:830} INFO - Processing file /home/airflow/.local/lib/python3.8/site-packages/airflow/example_dags/example_task_group_decorator.py for tasks to queue
[2026-06-03T12:54:34.644+0000] {logging_mixin.py:188} INFO - [2026-06-03T12:54:34.643+0000] {dagbag.py:538} INFO - Filling up the DagBag from /home/airflow/.local/lib/python3.8/site-packages/airflow/example_dags/example_task_group_decorator.py
[2026-06-03T12:54:34.658+0000] {processor.py:840} INFO - DAG(s) 'example_task_group_decorator' retrieved from /home/airflow/.local/lib/python3.8/site-packages/airflow/example_dags/example_task_group_decorator.py
[2026-06-03T12:54:34.680+0000] {logging_mixin.py:188} INFO - [2026-06-03T12:54:34.680+0000] {dag.py:3033} INFO - Sync 1 DAGs
[2026-06-03T12:54:34.692+0000] {logging_mixin.py:188} INFO - [2026-06-03T12:54:34.692+0000] {dag.py:3820} INFO - Setting next_dagrun for example_task_group_decorator to 2026-06-02T00:00:00+00:00, run_after=2026-06-03T00:00:00+00:00
[2026-06-03T12:54:34.700+0000] {processor.py:183} INFO - Processing /home/airflow/.local/lib/python3.8/site-packages/airflow/example_dags/example_task_group_decorator.py took 0.061 seconds
[2026-06-03T12:55:05.106+0000] {processor.py:161} INFO - Started process (PID=520) to work on /home/airflow/.local/lib/python3.8/site-packages/airflow/example_dags/example_task_group_decorator.py
[2026-06-03T12:55:05.107+0000] {processor.py:830} INFO - Processing file /home/airflow/.local/lib/python3.8/site-packages/airflow/example_dags/example_task_group_decorator.py for tasks to queue
[2026-06-03T12:55:05.108+0000] {logging_mixin.py:188} INFO - [2026-06-03T12:55:05.108+0000] {dagbag.py:538} INFO - Filling up the DagBag from /home/airflow/.local/lib/python3.8/site-packages/airflow/example_dags/example_task_group_decorator.py
[2026-06-03T12:55:05.119+0000] {processor.py:840} INFO - DAG(s) 'example_task_group_decorator' retrieved from /home/airflow/.local/lib/python3.8/site-packages/airflow/example_dags/example_task_group_decorator.py
[2026-06-03T12:55:05.132+0000] {logging_mixin.py:188} INFO - [2026-06-03T12:55:05.132+0000] {dag.py:3033} INFO - Sync 1 DAGs
[2026-06-03T12:55:05.142+0000] {logging_mixin.py:188} INFO - [2026-06-03T12:55:05.142+0000] {dag.py:3820} INFO - Setting next_dagrun for example_task_group_decorator to 2026-06-02T00:00:00+00:00, run_after=2026-06-03T00:00:00+00:00
[2026-06-03T12:55:05.173+0000] {processor.py:183} INFO - Processing /home/airflow/.local/lib/python3.8/site-packages/airflow/example_dags/example_task_group_decorator.py took 0.068 seconds
[2026-06-03T12:55:36.320+0000] {processor.py:161} INFO - Started process (PID=576) to work on /home/airflow/.local/lib/python3.8/site-packages/airflow/example_dags/example_task_group_decorator.py
[2026-06-03T12:55:36.321+0000] {processor.py:830} INFO - Processing file /home/airflow/.local/lib/python3.8/site-packages/airflow/example_dags/example_task_group_decorator.py for tasks to queue
[2026-06-03T12:55:36.322+0000] {logging_mixin.py:188} INFO - [2026-06-03T12:55:36.322+0000] {dagbag.py:538} INFO - Filling up the DagBag from /home/airflow/.local/lib/python3.8/site-packages/airflow/example_dags/example_task_group_decorator.py
[2026-06-03T12:55:36.331+0000] {processor.py:840} INFO - DAG(s) 'example_task_group_decorator' retrieved from /home/airflow/.local/lib/python3.8/site-packages/airflow/example_dags/example_task_group_decorator.py
[2026-06-03T12:55:36.342+0000] {logging_mixin.py:188} INFO - [2026-06-03T12:55:36.342+0000] {dag.py:3033} INFO - Sync 1 DAGs
[2026-06-03T12:55:36.361+0000] {logging_mixin.py:188} INFO - [2026-06-03T12:55:36.361+0000] {dag.py:3820} INFO - Setting next_dagrun for example_task_group_decorator to 2026-06-02T00:00:00+00:00, run_after=2026-06-03T00:00:00+00:00
[2026-06-03T12:55:36.393+0000] {processor.py:183} INFO - Processing /home/airflow/.local/lib/python3.8/site-packages/airflow/example_dags/example_task_group_decorator.py took 0.075 seconds
[2026-06-03T12:56:06.519+0000] {processor.py:161} INFO - Started process (PID=638) to work on /home/airflow/.local/lib/python3.8/site-packages/airflow/example_dags/example_task_group_decorator.py
[2026-06-03T12:56:06.520+0000] {processor.py:830} INFO - Processing file /home/airflow/.local/lib/python3.8/site-packages/airflow/example_dags/example_task_group_decorator.py for tasks to queue
[2026-06-03T12:56:06.522+0000] {logging_mixin.py:188} INFO - [2026-06-03T12:56:06.521+0000] {dagbag.py:538} INFO - Filling up the DagBag from /home/airflow/.local/lib/python3.8/site-packages/airflow/example_dags/example_task_group_decorator.py
[2026-06-03T12:56:06.532+0000] {processor.py:840} INFO - DAG(s) 'example_task_group_decorator' retrieved from /home/airflow/.local/lib/python3.8/site-packages/airflow/example_dags/example_task_group_decorator.py
[2026-06-03T12:56:06.551+0000] {logging_mixin.py:188} INFO - [2026-06-03T12:56:06.551+0000] {dag.py:3033} INFO - Sync 1 DAGs
[2026-06-03T12:56:06.565+0000] {logging_mixin.py:188} INFO - [2026-06-03T12:56:06.564+0000] {dag.py:3820} INFO - Setting next_dagrun for example_task_group_decorator to 2026-06-02T00:00:00+00:00, run_after=2026-06-03T00:00:00+00:00
[2026-06-03T12:56:06.580+0000] {processor.py:183} INFO - Processing /home/airflow/.local/lib/python3.8/site-packages/airflow/example_dags/example_task_group_decorator.py took 0.064 seconds
[2026-06-03T12:56:37.611+0000] {processor.py:161} INFO - Started process (PID=756) to work on /home/airflow/.local/lib/python3.8/site-packages/airflow/example_dags/example_task_group_decorator.py
[2026-06-03T12:56:37.612+0000] {processor.py:830} INFO - Processing file /home/airflow/.local/lib/python3.8/site-packages/airflow/example_dags/example_task_group_decorator.py for tasks to queue
[2026-06-03T12:56:37.613+0000] {logging_mixin.py:188} INFO - [2026-06-03T12:56:37.613+0000] {dagbag.py:538} INFO - Filling up the DagBag from /home/airflow/.local/lib/python3.8/site-packages/airflow/example_dags/example_task_group_decorator.py
[2026-06-03T12:56:37.625+0000] {processor.py:840} INFO - DAG(s) 'example_task_group_decorator' retrieved from /home/airflow/.local/lib/python3.8/site-packages/airflow/example_dags/example_task_group_decorator.py
[2026-06-03T12:56:37.648+0000] {logging_mixin.py:188} INFO - [2026-06-03T12:56:37.648+0000] {dag.py:3033} INFO - Sync 1 DAGs
[2026-06-03T12:56:37.660+0000] {logging_mixin.py:188} INFO - [2026-06-03T12:56:37.660+0000] {dag.py:3820} INFO - Setting next_dagrun for example_task_group_decorator to 2026-06-02T00:00:00+00:00, run_after=2026-06-03T00:00:00+00:00
[2026-06-03T12:56:37.672+0000] {processor.py:183} INFO - Processing /home/airflow/.local/lib/python3.8/site-packages/airflow/example_dags/example_task_group_decorator.py took 0.062 seconds
[2026-06-03T12:57:08.455+0000] {processor.py:161} INFO - Started process (PID=834) to work on /home/airflow/.local/lib/python3.8/site-packages/airflow/example_dags/example_task_group_decorator.py
[2026-06-03T12:57:08.456+0000] {processor.py:830} INFO - Processing file /home/airflow/.local/lib/python3.8/site-packages/airflow/example_dags/example_task_group_decorator.py for tasks to queue
[2026-06-03T12:57:08.457+0000] {logging_mixin.py:188} INFO - [2026-06-03T12:57:08.457+0000] {dagbag.py:538} INFO - Filling up the DagBag from /home/airflow/.local/lib/python3.8/site-packages/airflow/example_dags/example_task_group_decorator.py
[2026-06-03T12:57:08.474+0000] {processor.py:840} INFO - DAG(s) 'example_task_group_decorator' retrieved from /home/airflow/.local/lib/python3.8/site-packages/airflow/example_dags/example_task_group_decorator.py
[2026-06-03T12:57:08.501+0000] {logging_mixin.py:188} INFO - [2026-06-03T12:57:08.501+0000] {dag.py:3033} INFO - Sync 1 DAGs
[2026-06-03T12:57:08.513+0000] {logging_mixin.py:188} INFO - [2026-06-03T12:57:08.513+0000] {dag.py:3820} INFO - Setting next_dagrun for example_task_group_decorator to 2026-06-02T00:00:00+00:00, run_after=2026-06-03T00:00:00+00:00
[2026-06-03T12:57:08.524+0000] {processor.py:183} INFO - Processing /home/airflow/.local/lib/python3.8/site-packages/airflow/example_dags/example_task_group_decorator.py took 0.071 seconds
[2026-06-03T12:57:39.146+0000] {processor.py:161} INFO - Started process (PID=890) to work on /home/airflow/.local/lib/python3.8/site-packages/airflow/example_dags/example_task_group_decorator.py
[2026-06-03T12:57:39.148+0000] {processor.py:830} INFO - Processing file /home/airflow/.local/lib/python3.8/site-packages/airflow/example_dags/example_task_group_decorator.py for tasks to queue
[2026-06-03T12:57:39.150+0000] {logging_mixin.py:188} INFO - [2026-06-03T12:57:39.150+0000] {dagbag.py:538} INFO - Filling up the DagBag from /home/airflow/.local/lib/python3.8/site-packages/airflow/example_dags/example_task_group_decorator.py
[2026-06-03T12:57:39.159+0000] {processor.py:840} INFO - DAG(s) 'example_task_group_decorator' retrieved from /home/airflow/.local/lib/python3.8/site-packages/airflow/example_dags/example_task_group_decorator.py
[2026-06-03T12:57:39.170+0000] {logging_mixin.py:188} INFO - [2026-06-03T12:57:39.170+0000] {dag.py:3033} INFO - Sync 1 DAGs
[2026-06-03T12:57:39.186+0000] {logging_mixin.py:188} INFO - [2026-06-03T12:57:39.186+0000] {dag.py:3820} INFO - Setting next_dagrun for example_task_group_decorator to 2026-06-02T00:00:00+00:00, run_after=2026-06-03T00:00:00+00:00
[2026-06-03T12:57:39.197+0000] {processor.py:183} INFO - Processing /home/airflow/.local/lib/python3.8/site-packages/airflow/example_dags/example_task_group_decorator.py took 0.053 seconds
[2026-06-03T12:58:09.397+0000] {processor.py:161} INFO - Started process (PID=946) to work on /home/airflow/.local/lib/python3.8/site-packages/airflow/example_dags/example_task_group_decorator.py
[2026-06-03T12:58:09.397+0000] {processor.py:830} INFO - Processing file /home/airflow/.local/lib/python3.8/site-packages/airflow/example_dags/example_task_group_decorator.py for tasks to queue
[2026-06-03T12:58:09.398+0000] {logging_mixin.py:188} INFO - [2026-06-03T12:58:09.398+0000] {dagbag.py:538} INFO - Filling up the DagBag from /home/airflow/.local/lib/python3.8/site-packages/airflow/example_dags/example_task_group_decorator.py
[2026-06-03T12:58:09.405+0000] {processor.py:840} INFO - DAG(s) 'example_task_group_decorator' retrieved from /home/airflow/.local/lib/python3.8/site-packages/airflow/example_dags/example_task_group_decorator.py
[2026-06-03T12:58:09.416+0000] {logging_mixin.py:188} INFO - [2026-06-03T12:58:09.416+0000] {dag.py:3033} INFO - Sync 1 DAGs
[2026-06-03T12:58:09.424+0000] {logging_mixin.py:188} INFO - [2026-06-03T12:58:09.424+0000] {dag.py:3820} INFO - Setting next_dagrun for example_task_group_decorator to 2026-06-02T00:00:00+00:00, run_after=2026-06-03T00:00:00+00:00
[2026-06-03T12:58:09.434+0000] {processor.py:183} INFO - Processing /home/airflow/.local/lib/python3.8/site-packages/airflow/example_dags/example_task_group_decorator.py took 0.039 seconds
[2026-06-03T12:58:39.988+0000] {processor.py:161} INFO - Started process (PID=1002) to work on /home/airflow/.local/lib/python3.8/site-packages/airflow/example_dags/example_task_group_decorator.py
[2026-06-03T12:58:39.988+0000] {processor.py:830} INFO - Processing file /home/airflow/.local/lib/python3.8/site-packages/airflow/example_dags/example_task_group_decorator.py for tasks to queue
[2026-06-03T12:58:39.989+0000] {logging_mixin.py:188} INFO - [2026-06-03T12:58:39.989+0000] {dagbag.py:538} INFO - Filling up the DagBag from /home/airflow/.local/lib/python3.8/site-packages/airflow/example_dags/example_task_group_decorator.py
[2026-06-03T12:58:39.997+0000] {processor.py:840} INFO - DAG(s) 'example_task_group_decorator' retrieved from /home/airflow/.local/lib/python3.8/site-packages/airflow/example_dags/example_task_group_decorator.py
[2026-06-03T12:58:40.009+0000] {logging_mixin.py:188} INFO - [2026-06-03T12:58:40.009+0000] {dag.py:3033} INFO - Sync 1 DAGs
[2026-06-03T12:58:40.022+0000] {logging_mixin.py:188} INFO - [2026-06-03T12:58:40.021+0000] {dag.py:3820} INFO - Setting next_dagrun for example_task_group_decorator to 2026-06-02T00:00:00+00:00, run_after=2026-06-03T00:00:00+00:00
[2026-06-03T12:58:40.032+0000] {processor.py:183} INFO - Processing /home/airflow/.local/lib/python3.8/site-packages/airflow/example_dags/example_task_group_decorator.py took 0.046 seconds
[2026-06-03T12:59:10.997+0000] {processor.py:161} INFO - Started process (PID=1058) to work on /home/airflow/.local/lib/python3.8/site-packages/airflow/example_dags/example_task_group_decorator.py
[2026-06-03T12:59:10.999+0000] {processor.py:830} INFO - Processing file /home/airflow/.local/lib/python3.8/site-packages/airflow/example_dags/example_task_group_decorator.py for tasks to queue
[2026-06-03T12:59:11.000+0000] {logging_mixin.py:188} INFO - [2026-06-03T12:59:11.000+0000] {dagbag.py:538} INFO - Filling up the DagBag from /home/airflow/.local/lib/python3.8/site-packages/airflow/example_dags/example_task_group_decorator.py
[2026-06-03T12:59:11.008+0000] {processor.py:840} INFO - DAG(s) 'example_task_group_decorator' retrieved from /home/airflow/.local/lib/python3.8/site-packages/airflow/example_dags/example_task_group_decorator.py
[2026-06-03T12:59:11.022+0000] {logging_mixin.py:188} INFO - [2026-06-03T12:59:11.022+0000] {dag.py:3033} INFO - Sync 1 DAGs
[2026-06-03T12:59:11.032+0000] {logging_mixin.py:188} INFO - [2026-06-03T12:59:11.032+0000] {dag.py:3820} INFO - Setting next_dagrun for example_task_group_decorator to 2026-06-02T00:00:00+00:00, run_after=2026-06-03T00:00:00+00:00
[2026-06-03T12:59:11.045+0000] {processor.py:183} INFO - Processing /home/airflow/.local/lib/python3.8/site-packages/airflow/example_dags/example_task_group_decorator.py took 0.049 seconds
[2026-06-03T12:59:41.306+0000] {processor.py:161} INFO - Started process (PID=1114) to work on /home/airflow/.local/lib/python3.8/site-packages/airflow/example_dags/example_task_group_decorator.py
[2026-06-03T12:59:41.307+0000] {processor.py:830} INFO - Processing file /home/airflow/.local/lib/python3.8/site-packages/airflow/example_dags/example_task_group_decorator.py for tasks to queue
[2026-06-03T12:59:41.308+0000] {logging_mixin.py:188} INFO - [2026-06-03T12:59:41.308+0000] {dagbag.py:538} INFO - Filling up the DagBag from /home/airflow/.local/lib/python3.8/site-packages/airflow/example_dags/example_task_group_decorator.py
[2026-06-03T12:59:41.316+0000] {processor.py:840} INFO - DAG(s) 'example_task_group_decorator' retrieved from /home/airflow/.local/lib/python3.8/site-packages/airflow/example_dags/example_task_group_decorator.py
[2026-06-03T12:59:41.329+0000] {logging_mixin.py:188} INFO - [2026-06-03T12:59:41.329+0000] {dag.py:3033} INFO - Sync 1 DAGs
[2026-06-03T12:59:41.342+0000] {logging_mixin.py:188} INFO - [2026-06-03T12:59:41.342+0000] {dag.py:3820} INFO - Setting next_dagrun for example_task_group_decorator to 2026-06-02T00:00:00+00:00, run_after=2026-06-03T00:00:00+00:00
[2026-06-03T12:59:41.348+0000] {processor.py:183} INFO - Processing /home/airflow/.local/lib/python3.8/site-packages/airflow/example_dags/example_task_group_decorator.py took 0.044 seconds
[2026-06-03T13:00:11.771+0000] {processor.py:161} INFO - Started process (PID=1170) to work on /home/airflow/.local/lib/python3.8/site-packages/airflow/example_dags/example_task_group_decorator.py
[2026-06-03T13:00:11.772+0000] {processor.py:830} INFO - Processing file /home/airflow/.local/lib/python3.8/site-packages/airflow/example_dags/example_task_group_decorator.py for tasks to queue
[2026-06-03T13:00:11.774+0000] {logging_mixin.py:188} INFO - [2026-06-03T13:00:11.774+0000] {dagbag.py:538} INFO - Filling up the DagBag from /home/airflow/.local/lib/python3.8/site-packages/airflow/example_dags/example_task_group_decorator.py
[2026-06-03T13:00:11.781+0000] {processor.py:840} INFO - DAG(s) 'example_task_group_decorator' retrieved from /home/airflow/.local/lib/python3.8/site-packages/airflow/example_dags/example_task_group_decorator.py
[2026-06-03T13:00:11.798+0000] {logging_mixin.py:188} INFO - [2026-06-03T13:00:11.798+0000] {dag.py:3033} INFO - Sync 1 DAGs
[2026-06-03T13:00:11.815+0000] {logging_mixin.py:188} INFO - [2026-06-03T13:00:11.815+0000] {dag.py:3820} INFO - Setting next_dagrun for example_task_group_decorator to 2026-06-02T00:00:00+00:00, run_after=2026-06-03T00:00:00+00:00
[2026-06-03T13:00:11.830+0000] {processor.py:183} INFO - Processing /home/airflow/.local/lib/python3.8/site-packages/airflow/example_dags/example_task_group_decorator.py took 0.061 seconds
[2026-06-03T13:00:42.183+0000] {processor.py:161} INFO - Started process (PID=1226) to work on /home/airflow/.local/lib/python3.8/site-packages/airflow/example_dags/example_task_group_decorator.py
[2026-06-03T13:00:42.183+0000] {processor.py:830} INFO - Processing file /home/airflow/.local/lib/python3.8/site-packages/airflow/example_dags/example_task_group_decorator.py for tasks to queue
[2026-06-03T13:00:42.184+0000] {logging_mixin.py:188} INFO - [2026-06-03T13:00:42.184+0000] {dagbag.py:538} INFO - Filling up the DagBag from /home/airflow/.local/lib/python3.8/site-packages/airflow/example_dags/example_task_group_decorator.py
[2026-06-03T13:00:42.192+0000] {processor.py:840} INFO - DAG(s) 'example_task_group_decorator' retrieved from /home/airflow/.local/lib/python3.8/site-packages/airflow/example_dags/example_task_group_decorator.py
[2026-06-03T13:00:42.204+0000] {logging_mixin.py:188} INFO - [2026-06-03T13:00:42.204+0000] {dag.py:3033} INFO - Sync 1 DAGs
[2026-06-03T13:00:42.217+0000] {logging_mixin.py:188} INFO - [2026-06-03T13:00:42.216+0000] {dag.py:3820} INFO - Setting next_dagrun for example_task_group_decorator to 2026-06-02T00:00:00+00:00, run_after=2026-06-03T00:00:00+00:00
[2026-06-03T13:00:42.228+0000] {processor.py:183} INFO - Processing /home/airflow/.local/lib/python3.8/site-packages/airflow/example_dags/example_task_group_decorator.py took 0.047 seconds
[2026-06-03T13:01:13.013+0000] {processor.py:161} INFO - Started process (PID=1282) to work on /home/airflow/.local/lib/python3.8/site-packages/airflow/example_dags/example_task_group_decorator.py
[2026-06-03T13:01:13.015+0000] {processor.py:830} INFO - Processing file /home/airflow/.local/lib/python3.8/site-packages/airflow/example_dags/example_task_group_decorator.py for tasks to queue
[2026-06-03T13:01:13.016+0000] {logging_mixin.py:188} INFO - [2026-06-03T13:01:13.016+0000] {dagbag.py:538} INFO - Filling up the DagBag from /home/airflow/.local/lib/python3.8/site-packages/airflow/example_dags/example_task_group_decorator.py
[2026-06-03T13:01:13.027+0000] {processor.py:840} INFO - DAG(s) 'example_task_group_decorator' retrieved from /home/airflow/.local/lib/python3.8/site-packages/airflow/example_dags/example_task_group_decorator.py
[2026-06-03T13:01:13.057+0000] {logging_mixin.py:188} INFO - [2026-06-03T13:01:13.057+0000] {dag.py:3033} INFO - Sync 1 DAGs
[2026-06-03T13:01:13.072+0000] {logging_mixin.py:188} INFO - [2026-06-03T13:01:13.072+0000] {dag.py:3820} INFO - Setting next_dagrun for example_task_group_decorator to 2026-06-02T00:00:00+00:00, run_after=2026-06-03T00:00:00+00:00
[2026-06-03T13:01:13.086+0000] {processor.py:183} INFO - Processing /home/airflow/.local/lib/python3.8/site-packages/airflow/example_dags/example_task_group_decorator.py took 0.075 seconds
[2026-06-03T13:01:43.528+0000] {processor.py:161} INFO - Started process (PID=1338) to work on /home/airflow/.local/lib/python3.8/site-packages/airflow/example_dags/example_task_group_decorator.py
[2026-06-03T13:01:43.530+0000] {processor.py:830} INFO - Processing file /home/airflow/.local/lib/python3.8/site-packages/airflow/example_dags/example_task_group_decorator.py for tasks to queue
[2026-06-03T13:01:43.532+0000] {logging_mixin.py:188} INFO - [2026-06-03T13:01:43.532+0000] {dagbag.py:538} INFO - Filling up the DagBag from /home/airflow/.local/lib/python3.8/site-packages/airflow/example_dags/example_task_group_decorator.py
[2026-06-03T13:01:43.540+0000] {processor.py:840} INFO - DAG(s) 'example_task_group_decorator' retrieved from /home/airflow/.local/lib/python3.8/site-packages/airflow/example_dags/example_task_group_decorator.py
[2026-06-03T13:01:43.556+0000] {logging_mixin.py:188} INFO - [2026-06-03T13:01:43.555+0000] {dag.py:3033} INFO - Sync 1 DAGs
[2026-06-03T13:01:43.568+0000] {logging_mixin.py:188} INFO - [2026-06-03T13:01:43.568+0000] {dag.py:3820} INFO - Setting next_dagrun for example_task_group_decorator to 2026-06-02T00:00:00+00:00, run_after=2026-06-03T00:00:00+00:00
[2026-06-03T13:01:43.581+0000] {processor.py:183} INFO - Processing /home/airflow/.local/lib/python3.8/site-packages/airflow/example_dags/example_task_group_decorator.py took 0.055 seconds
[2026-06-03T13:02:15.593+0000] {processor.py:161} INFO - Started process (PID=1394) to work on /home/airflow/.local/lib/python3.8/site-packages/airflow/example_dags/example_task_group_decorator.py
[2026-06-03T13:02:15.595+0000] {processor.py:830} INFO - Processing file /home/airflow/.local/lib/python3.8/site-packages/airflow/example_dags/example_task_group_decorator.py for tasks to queue
[2026-06-03T13:02:15.604+0000] {logging_mixin.py:188} INFO - [2026-06-03T13:02:15.602+0000] {dagbag.py:538} INFO - Filling up the DagBag from /home/airflow/.local/lib/python3.8/site-packages/airflow/example_dags/example_task_group_decorator.py
[2026-06-03T13:02:15.646+0000] {processor.py:840} INFO - DAG(s) 'example_task_group_decorator' retrieved from /home/airflow/.local/lib/python3.8/site-packages/airflow/example_dags/example_task_group_decorator.py
[2026-06-03T13:02:15.668+0000] {logging_mixin.py:188} INFO - [2026-06-03T13:02:15.668+0000] {dag.py:3033} INFO - Sync 1 DAGs
[2026-06-03T13:02:15.689+0000] {logging_mixin.py:188} INFO - [2026-06-03T13:02:15.688+0000] {dag.py:3820} INFO - Setting next_dagrun for example_task_group_decorator to 2026-06-02T00:00:00+00:00, run_after=2026-06-03T00:00:00+00:00
[2026-06-03T13:02:15.716+0000] {processor.py:183} INFO - Processing /home/airflow/.local/lib/python3.8/site-packages/airflow/example_dags/example_task_group_decorator.py took 0.126 seconds
[2026-06-03T13:02:46.671+0000] {processor.py:161} INFO - Started process (PID=1450) to work on /home/airflow/.local/lib/python3.8/site-packages/airflow/example_dags/example_task_group_decorator.py
[2026-06-03T13:02:46.672+0000] {processor.py:830} INFO - Processing file /home/airflow/.local/lib/python3.8/site-packages/airflow/example_dags/example_task_group_decorator.py for tasks to queue
[2026-06-03T13:02:46.675+0000] {logging_mixin.py:188} INFO - [2026-06-03T13:02:46.675+0000] {dagbag.py:538} INFO - Filling up the DagBag from /home/airflow/.local/lib/python3.8/site-packages/airflow/example_dags/example_task_group_decorator.py
[2026-06-03T13:02:46.693+0000] {processor.py:840} INFO - DAG(s) 'example_task_group_decorator' retrieved from /home/airflow/.local/lib/python3.8/site-packages/airflow/example_dags/example_task_group_decorator.py
[2026-06-03T13:02:46.750+0000] {logging_mixin.py:188} INFO - [2026-06-03T13:02:46.749+0000] {dag.py:3033} INFO - Sync 1 DAGs
[2026-06-03T13:02:46.887+0000] {logging_mixin.py:188} INFO - [2026-06-03T13:02:46.882+0000] {dag.py:3820} INFO - Setting next_dagrun for example_task_group_decorator to 2026-06-02T00:00:00+00:00, run_after=2026-06-03T00:00:00+00:00
[2026-06-03T13:02:46.967+0000] {processor.py:183} INFO - Processing /home/airflow/.local/lib/python3.8/site-packages/airflow/example_dags/example_task_group_decorator.py took 0.300 seconds
[2026-06-03T13:03:17.944+0000] {processor.py:161} INFO - Started process (PID=1506) to work on /home/airflow/.local/lib/python3.8/site-packages/airflow/example_dags/example_task_group_decorator.py
[2026-06-03T13:03:17.945+0000] {processor.py:830} INFO - Processing file /home/airflow/.local/lib/python3.8/site-packages/airflow/example_dags/example_task_group_decorator.py for tasks to queue
[2026-06-03T13:03:17.945+0000] {logging_mixin.py:188} INFO - [2026-06-03T13:03:17.945+0000] {dagbag.py:538} INFO - Filling up the DagBag from /home/airflow/.local/lib/python3.8/site-packages/airflow/example_dags/example_task_group_decorator.py
[2026-06-03T13:03:17.959+0000] {processor.py:840} INFO - DAG(s) 'example_task_group_decorator' retrieved from /home/airflow/.local/lib/python3.8/site-packages/airflow/example_dags/example_task_group_decorator.py
[2026-06-03T13:03:17.981+0000] {logging_mixin.py:188} INFO - [2026-06-03T13:03:17.981+0000] {dag.py:3033} INFO - Sync 1 DAGs
[2026-06-03T13:03:18.011+0000] {logging_mixin.py:188} INFO - [2026-06-03T13:03:18.010+0000] {dag.py:3820} INFO - Setting next_dagrun for example_task_group_decorator to 2026-06-02T00:00:00+00:00, run_after=2026-06-03T00:00:00+00:00
[2026-06-03T13:03:18.034+0000] {processor.py:183} INFO - Processing /home/airflow/.local/lib/python3.8/site-packages/airflow/example_dags/example_task_group_decorator.py took 0.093 seconds
[2026-06-03T13:03:49.076+0000] {processor.py:161} INFO - Started process (PID=1562) to work on /home/airflow/.local/lib/python3.8/site-packages/airflow/example_dags/example_task_group_decorator.py
[2026-06-03T13:03:49.078+0000] {processor.py:830} INFO - Processing file /home/airflow/.local/lib/python3.8/site-packages/airflow/example_dags/example_task_group_decorator.py for tasks to queue
[2026-06-03T13:03:49.080+0000] {logging_mixin.py:188} INFO - [2026-06-03T13:03:49.079+0000] {dagbag.py:538} INFO - Filling up the DagBag from /home/airflow/.local/lib/python3.8/site-packages/airflow/example_dags/example_task_group_decorator.py
[2026-06-03T13:03:49.098+0000] {processor.py:840} INFO - DAG(s) 'example_task_group_decorator' retrieved from /home/airflow/.local/lib/python3.8/site-packages/airflow/example_dags/example_task_group_decorator.py
[2026-06-03T13:03:49.116+0000] {logging_mixin.py:188} INFO - [2026-06-03T13:03:49.115+0000] {dag.py:3033} INFO - Sync 1 DAGs
[2026-06-03T13:03:49.130+0000] {logging_mixin.py:188} INFO - [2026-06-03T13:03:49.129+0000] {dag.py:3820} INFO - Setting next_dagrun for example_task_group_decorator to 2026-06-02T00:00:00+00:00, run_after=2026-06-03T00:00:00+00:00
[2026-06-03T13:03:49.154+0000] {processor.py:183} INFO - Processing /home/airflow/.local/lib/python3.8/site-packages/airflow/example_dags/example_task_group_decorator.py took 0.087 seconds
[2026-06-03T13:04:19.960+0000] {processor.py:161} INFO - Started process (PID=1618) to work on /home/airflow/.local/lib/python3.8/site-packages/airflow/example_dags/example_task_group_decorator.py
[2026-06-03T13:04:19.961+0000] {processor.py:830} INFO - Processing file /home/airflow/.local/lib/python3.8/site-packages/airflow/example_dags/example_task_group_decorator.py for tasks to queue
[2026-06-03T13:04:19.963+0000] {logging_mixin.py:188} INFO - [2026-06-03T13:04:19.963+0000] {dagbag.py:538} INFO - Filling up the DagBag from /home/airflow/.local/lib/python3.8/site-packages/airflow/example_dags/example_task_group_decorator.py
[2026-06-03T13:04:19.969+0000] {processor.py:840} INFO - DAG(s) 'example_task_group_decorator' retrieved from /home/airflow/.local/lib/python3.8/site-packages/airflow/example_dags/example_task_group_decorator.py
[2026-06-03T13:04:19.989+0000] {logging_mixin.py:188} INFO - [2026-06-03T13:04:19.989+0000] {dag.py:3033} INFO - Sync 1 DAGs
[2026-06-03T13:04:20.008+0000] {logging_mixin.py:188} INFO - [2026-06-03T13:04:20.007+0000] {dag.py:3820} INFO - Setting next_dagrun for example_task_group_decorator to 2026-06-02T00:00:00+00:00, run_after=2026-06-03T00:00:00+00:00
[2026-06-03T13:04:20.015+0000] {processor.py:183} INFO - Processing /home/airflow/.local/lib/python3.8/site-packages/airflow/example_dags/example_task_group_decorator.py took 0.056 seconds
[2026-06-03T13:04:50.732+0000] {processor.py:161} INFO - Started process (PID=1674) to work on /home/airflow/.local/lib/python3.8/site-packages/airflow/example_dags/example_task_group_decorator.py
[2026-06-03T13:04:50.733+0000] {processor.py:830} INFO - Processing file /home/airflow/.local/lib/python3.8/site-packages/airflow/example_dags/example_task_group_decorator.py for tasks to queue
[2026-06-03T13:04:50.734+0000] {logging_mixin.py:188} INFO - [2026-06-03T13:04:50.734+0000] {dagbag.py:538} INFO - Filling up the DagBag from /home/airflow/.local/lib/python3.8/site-packages/airflow/example_dags/example_task_group_decorator.py
[2026-06-03T13:04:50.743+0000] {processor.py:840} INFO - DAG(s) 'example_task_group_decorator' retrieved from /home/airflow/.local/lib/python3.8/site-packages/airflow/example_dags/example_task_group_decorator.py
[2026-06-03T13:04:50.760+0000] {logging_mixin.py:188} INFO - [2026-06-03T13:04:50.759+0000] {dag.py:3033} INFO - Sync 1 DAGs
[2026-06-03T13:04:50.772+0000] {logging_mixin.py:188} INFO - [2026-06-03T13:04:50.772+0000] {dag.py:3820} INFO - Setting next_dagrun for example_task_group_decorator to 2026-06-02T00:00:00+00:00, run_after=2026-06-03T00:00:00+00:00
[2026-06-03T13:04:50.782+0000] {processor.py:183} INFO - Processing /home/airflow/.local/lib/python3.8/site-packages/airflow/example_dags/example_task_group_decorator.py took 0.052 seconds
[2026-06-03T13:05:21.696+0000] {processor.py:161} INFO - Started process (PID=1730) to work on /home/airflow/.local/lib/python3.8/site-packages/airflow/example_dags/example_task_group_decorator.py
[2026-06-03T13:05:21.697+0000] {processor.py:830} INFO - Processing file /home/airflow/.local/lib/python3.8/site-packages/airflow/example_dags/example_task_group_decorator.py for tasks to queue
[2026-06-03T13:05:21.698+0000] {logging_mixin.py:188} INFO - [2026-06-03T13:05:21.698+0000] {dagbag.py:538} INFO - Filling up the DagBag from /home/airflow/.local/lib/python3.8/site-packages/airflow/example_dags/example_task_group_decorator.py
[2026-06-03T13:05:21.707+0000] {processor.py:840} INFO - DAG(s) 'example_task_group_decorator' retrieved from /home/airflow/.local/lib/python3.8/site-packages/airflow/example_dags/example_task_group_decorator.py
[2026-06-03T13:05:21.721+0000] {logging_mixin.py:188} INFO - [2026-06-03T13:05:21.721+0000] {dag.py:3033} INFO - Sync 1 DAGs
[2026-06-03T13:05:21.733+0000] {logging_mixin.py:188} INFO - [2026-06-03T13:05:21.733+0000] {dag.py:3820} INFO - Setting next_dagrun for example_task_group_decorator to 2026-06-02T00:00:00+00:00, run_after=2026-06-03T00:00:00+00:00
[2026-06-03T13:05:21.744+0000] {processor.py:183} INFO - Processing /home/airflow/.local/lib/python3.8/site-packages/airflow/example_dags/example_task_group_decorator.py took 0.050 seconds
[2026-06-03T13:05:52.047+0000] {processor.py:161} INFO - Started process (PID=1786) to work on /home/airflow/.local/lib/python3.8/site-packages/airflow/example_dags/example_task_group_decorator.py
[2026-06-03T13:05:52.048+0000] {processor.py:830} INFO - Processing file /home/airflow/.local/lib/python3.8/site-packages/airflow/example_dags/example_task_group_decorator.py for tasks to queue
[2026-06-03T13:05:52.050+0000] {logging_mixin.py:188} INFO - [2026-06-03T13:05:52.050+0000] {dagbag.py:538} INFO - Filling up the DagBag from /home/airflow/.local/lib/python3.8/site-packages/airflow/example_dags/example_task_group_decorator.py
[2026-06-03T13:05:52.060+0000] {processor.py:840} INFO - DAG(s) 'example_task_group_decorator' retrieved from /home/airflow/.local/lib/python3.8/site-packages/airflow/example_dags/example_task_group_decorator.py
[2026-06-03T13:05:52.076+0000] {logging_mixin.py:188} INFO - [2026-06-03T13:05:52.075+0000] {dag.py:3033} INFO - Sync 1 DAGs
[2026-06-03T13:05:52.093+0000] {logging_mixin.py:188} INFO - [2026-06-03T13:05:52.093+0000] {dag.py:3820} INFO - Setting next_dagrun for example_task_group_decorator to 2026-06-02T00:00:00+00:00, run_after=2026-06-03T00:00:00+00:00
[2026-06-03T13:05:52.105+0000] {processor.py:183} INFO - Processing /home/airflow/.local/lib/python3.8/site-packages/airflow/example_dags/example_task_group_decorator.py took 0.060 seconds
[2026-06-03T13:06:22.517+0000] {processor.py:161} INFO - Started process (PID=1842) to work on /home/airflow/.local/lib/python3.8/site-packages/airflow/example_dags/example_task_group_decorator.py
[2026-06-03T13:06:22.518+0000] {processor.py:830} INFO - Processing file /home/airflow/.local/lib/python3.8/site-packages/airflow/example_dags/example_task_group_decorator.py for tasks to queue
[2026-06-03T13:06:22.520+0000] {logging_mixin.py:188} INFO - [2026-06-03T13:06:22.519+0000] {dagbag.py:538} INFO - Filling up the DagBag from /home/airflow/.local/lib/python3.8/site-packages/airflow/example_dags/example_task_group_decorator.py
[2026-06-03T13:06:22.531+0000] {processor.py:840} INFO - DAG(s) 'example_task_group_decorator' retrieved from /home/airflow/.local/lib/python3.8/site-packages/airflow/example_dags/example_task_group_decorator.py
[2026-06-03T13:06:22.549+0000] {logging_mixin.py:188} INFO - [2026-06-03T13:06:22.549+0000] {dag.py:3033} INFO - Sync 1 DAGs
[2026-06-03T13:06:22.739+0000] {logging_mixin.py:188} INFO - [2026-06-03T13:06:22.739+0000] {dag.py:3820} INFO - Setting next_dagrun for example_task_group_decorator to 2026-06-02T00:00:00+00:00, run_after=2026-06-03T00:00:00+00:00
[2026-06-03T13:06:22.748+0000] {processor.py:183} INFO - Processing /home/airflow/.local/lib/python3.8/site-packages/airflow/example_dags/example_task_group_decorator.py took 0.235 seconds
[2026-06-03T13:06:53.073+0000] {processor.py:161} INFO - Started process (PID=1898) to work on /home/airflow/.local/lib/python3.8/site-packages/airflow/example_dags/example_task_group_decorator.py
[2026-06-03T13:06:53.075+0000] {processor.py:830} INFO - Processing file /home/airflow/.local/lib/python3.8/site-packages/airflow/example_dags/example_task_group_decorator.py for tasks to queue
[2026-06-03T13:06:53.078+0000] {logging_mixin.py:188} INFO - [2026-06-03T13:06:53.078+0000] {dagbag.py:538} INFO - Filling up the DagBag from /home/airflow/.local/lib/python3.8/site-packages/airflow/example_dags/example_task_group_decorator.py
[2026-06-03T13:06:53.092+0000] {processor.py:840} INFO - DAG(s) 'example_task_group_decorator' retrieved from /home/airflow/.local/lib/python3.8/site-packages/airflow/example_dags/example_task_group_decorator.py
[2026-06-03T13:06:53.111+0000] {logging_mixin.py:188} INFO - [2026-06-03T13:06:53.111+0000] {dag.py:3033} INFO - Sync 1 DAGs
[2026-06-03T13:06:53.122+0000] {logging_mixin.py:188} INFO - [2026-06-03T13:06:53.122+0000] {dag.py:3820} INFO - Setting next_dagrun for example_task_group_decorator to 2026-06-02T00:00:00+00:00, run_after=2026-06-03T00:00:00+00:00
[2026-06-03T13:06:53.129+0000] {processor.py:183} INFO - Processing /home/airflow/.local/lib/python3.8/site-packages/airflow/example_dags/example_task_group_decorator.py took 0.057 seconds
[2026-06-03T13:07:24.375+0000] {processor.py:161} INFO - Started process (PID=1954) to work on /home/airflow/.local/lib/python3.8/site-packages/airflow/example_dags/example_task_group_decorator.py
[2026-06-03T13:07:24.380+0000] {processor.py:830} INFO - Processing file /home/airflow/.local/lib/python3.8/site-packages/airflow/example_dags/example_task_group_decorator.py for tasks to queue
[2026-06-03T13:07:24.385+0000] {logging_mixin.py:188} INFO - [2026-06-03T13:07:24.385+0000] {dagbag.py:538} INFO - Filling up the DagBag from /home/airflow/.local/lib/python3.8/site-packages/airflow/example_dags/example_task_group_decorator.py
[2026-06-03T13:07:24.401+0000] {processor.py:840} INFO - DAG(s) 'example_task_group_decorator' retrieved from /home/airflow/.local/lib/python3.8/site-packages/airflow/example_dags/example_task_group_decorator.py
[2026-06-03T13:07:24.433+0000] {logging_mixin.py:188} INFO - [2026-06-03T13:07:24.432+0000] {dag.py:3033} INFO - Sync 1 DAGs
[2026-06-03T13:07:24.458+0000] {logging_mixin.py:188} INFO - [2026-06-03T13:07:24.458+0000] {dag.py:3820} INFO - Setting next_dagrun for example_task_group_decorator to 2026-06-02T00:00:00+00:00, run_after=2026-06-03T00:00:00+00:00
[2026-06-03T13:07:24.484+0000] {processor.py:183} INFO - Processing /home/airflow/.local/lib/python3.8/site-packages/airflow/example_dags/example_task_group_decorator.py took 0.140 seconds
[2026-06-03T13:07:54.663+0000] {processor.py:161} INFO - Started process (PID=2017) to work on /home/airflow/.local/lib/python3.8/site-packages/airflow/example_dags/example_task_group_decorator.py
[2026-06-03T13:07:54.663+0000] {processor.py:830} INFO - Processing file /home/airflow/.local/lib/python3.8/site-packages/airflow/example_dags/example_task_group_decorator.py for tasks to queue
[2026-06-03T13:07:54.664+0000] {logging_mixin.py:188} INFO - [2026-06-03T13:07:54.664+0000] {dagbag.py:538} INFO - Filling up the DagBag from /home/airflow/.local/lib/python3.8/site-packages/airflow/example_dags/example_task_group_decorator.py
[2026-06-03T13:07:54.671+0000] {processor.py:840} INFO - DAG(s) 'example_task_group_decorator' retrieved from /home/airflow/.local/lib/python3.8/site-packages/airflow/example_dags/example_task_group_decorator.py
[2026-06-03T13:07:54.681+0000] {logging_mixin.py:188} INFO - [2026-06-03T13:07:54.681+0000] {dag.py:3033} INFO - Sync 1 DAGs
[2026-06-03T13:07:54.689+0000] {logging_mixin.py:188} INFO - [2026-06-03T13:07:54.689+0000] {dag.py:3820} INFO - Setting next_dagrun for example_task_group_decorator to 2026-06-02T00:00:00+00:00, run_after=2026-06-03T00:00:00+00:00
[2026-06-03T13:07:54.698+0000] {processor.py:183} INFO - Processing /home/airflow/.local/lib/python3.8/site-packages/airflow/example_dags/example_task_group_decorator.py took 0.037 seconds
[2026-06-03T13:08:25.929+0000] {processor.py:161} INFO - Started process (PID=2073) to work on /home/airflow/.local/lib/python3.8/site-packages/airflow/example_dags/example_task_group_decorator.py
[2026-06-03T13:08:25.929+0000] {processor.py:830} INFO - Processing file /home/airflow/.local/lib/python3.8/site-packages/airflow/example_dags/example_task_group_decorator.py for tasks to queue
[2026-06-03T13:08:25.930+0000] {logging_mixin.py:188} INFO - [2026-06-03T13:08:25.930+0000] {dagbag.py:538} INFO - Filling up the DagBag from /home/airflow/.local/lib/python3.8/site-packages/airflow/example_dags/example_task_group_decorator.py
[2026-06-03T13:08:25.939+0000] {processor.py:840} INFO - DAG(s) 'example_task_group_decorator' retrieved from /home/airflow/.local/lib/python3.8/site-packages/airflow/example_dags/example_task_group_decorator.py
[2026-06-03T13:08:25.952+0000] {logging_mixin.py:188} INFO - [2026-06-03T13:08:25.952+0000] {dag.py:3033} INFO - Sync 1 DAGs
[2026-06-03T13:08:25.962+0000] {logging_mixin.py:188} INFO - [2026-06-03T13:08:25.962+0000] {dag.py:3820} INFO - Setting next_dagrun for example_task_group_decorator to 2026-06-02T00:00:00+00:00, run_after=2026-06-03T00:00:00+00:00
[2026-06-03T13:08:25.974+0000] {processor.py:183} INFO - Processing /home/airflow/.local/lib/python3.8/site-packages/airflow/example_dags/example_task_group_decorator.py took 0.046 seconds
[2026-06-03T13:08:57.059+0000] {processor.py:161} INFO - Started process (PID=2129) to work on /home/airflow/.local/lib/python3.8/site-packages/airflow/example_dags/example_task_group_decorator.py
[2026-06-03T13:08:57.060+0000] {processor.py:830} INFO - Processing file /home/airflow/.local/lib/python3.8/site-packages/airflow/example_dags/example_task_group_decorator.py for tasks to queue
[2026-06-03T13:08:57.063+0000] {logging_mixin.py:188} INFO - [2026-06-03T13:08:57.062+0000] {dagbag.py:538} INFO - Filling up the DagBag from /home/airflow/.local/lib/python3.8/site-packages/airflow/example_dags/example_task_group_decorator.py
[2026-06-03T13:08:57.073+0000] {processor.py:840} INFO - DAG(s) 'example_task_group_decorator' retrieved from /home/airflow/.local/lib/python3.8/site-packages/airflow/example_dags/example_task_group_decorator.py
[2026-06-03T13:08:57.204+0000] {logging_mixin.py:188} INFO - [2026-06-03T13:08:57.203+0000] {dag.py:3033} INFO - Sync 1 DAGs
[2026-06-03T13:08:57.215+0000] {logging_mixin.py:188} INFO - [2026-06-03T13:08:57.215+0000] {dag.py:3820} INFO - Setting next_dagrun for example_task_group_decorator to 2026-06-02T00:00:00+00:00, run_after=2026-06-03T00:00:00+00:00
[2026-06-03T13:08:57.222+0000] {processor.py:183} INFO - Processing /home/airflow/.local/lib/python3.8/site-packages/airflow/example_dags/example_task_group_decorator.py took 0.165 seconds
[2026-06-03T13:09:27.596+0000] {processor.py:161} INFO - Started process (PID=2185) to work on /home/airflow/.local/lib/python3.8/site-packages/airflow/example_dags/example_task_group_decorator.py
[2026-06-03T13:09:27.597+0000] {processor.py:830} INFO - Processing file /home/airflow/.local/lib/python3.8/site-packages/airflow/example_dags/example_task_group_decorator.py for tasks to queue
[2026-06-03T13:09:27.598+0000] {logging_mixin.py:188} INFO - [2026-06-03T13:09:27.598+0000] {dagbag.py:538} INFO - Filling up the DagBag from /home/airflow/.local/lib/python3.8/site-packages/airflow/example_dags/example_task_group_decorator.py
[2026-06-03T13:09:27.609+0000] {processor.py:840} INFO - DAG(s) 'example_task_group_decorator' retrieved from /home/airflow/.local/lib/python3.8/site-packages/airflow/example_dags/example_task_group_decorator.py
[2026-06-03T13:09:27.626+0000] {logging_mixin.py:188} INFO - [2026-06-03T13:09:27.626+0000] {dag.py:3033} INFO - Sync 1 DAGs
[2026-06-03T13:09:27.735+0000] {logging_mixin.py:188} INFO - [2026-06-03T13:09:27.735+0000] {dag.py:3820} INFO - Setting next_dagrun for example_task_group_decorator to 2026-06-02T00:00:00+00:00, run_after=2026-06-03T00:00:00+00:00
[2026-06-03T13:09:27.742+0000] {processor.py:183} INFO - Processing /home/airflow/.local/lib/python3.8/site-packages/airflow/example_dags/example_task_group_decorator.py took 0.149 seconds
[2026-06-03T13:09:57.765+0000] {processor.py:161} INFO - Started process (PID=2241) to work on /home/airflow/.local/lib/python3.8/site-packages/airflow/example_dags/example_task_group_decorator.py
[2026-06-03T13:09:57.766+0000] {processor.py:830} INFO - Processing file /home/airflow/.local/lib/python3.8/site-packages/airflow/example_dags/example_task_group_decorator.py for tasks to queue
[2026-06-03T13:09:57.767+0000] {logging_mixin.py:188} INFO - [2026-06-03T13:09:57.767+0000] {dagbag.py:538} INFO - Filling up the DagBag from /home/airflow/.local/lib/python3.8/site-packages/airflow/example_dags/example_task_group_decorator.py
[2026-06-03T13:09:57.773+0000] {processor.py:840} INFO - DAG(s) 'example_task_group_decorator' retrieved from /home/airflow/.local/lib/python3.8/site-packages/airflow/example_dags/example_task_group_decorator.py
[2026-06-03T13:09:57.785+0000] {logging_mixin.py:188} INFO - [2026-06-03T13:09:57.785+0000] {dag.py:3033} INFO - Sync 1 DAGs
[2026-06-03T13:09:57.797+0000] {logging_mixin.py:188} INFO - [2026-06-03T13:09:57.797+0000] {dag.py:3820} INFO - Setting next_dagrun for example_task_group_decorator to 2026-06-02T00:00:00+00:00, run_after=2026-06-03T00:00:00+00:00
[2026-06-03T13:09:57.814+0000] {processor.py:183} INFO - Processing /home/airflow/.local/lib/python3.8/site-packages/airflow/example_dags/example_task_group_decorator.py took 0.050 seconds
[2026-06-03T13:10:28.227+0000] {processor.py:161} INFO - Started process (PID=2297) to work on /home/airflow/.local/lib/python3.8/site-packages/airflow/example_dags/example_task_group_decorator.py
[2026-06-03T13:10:28.228+0000] {processor.py:830} INFO - Processing file /home/airflow/.local/lib/python3.8/site-packages/airflow/example_dags/example_task_group_decorator.py for tasks to queue
[2026-06-03T13:10:28.231+0000] {logging_mixin.py:188} INFO - [2026-06-03T13:10:28.231+0000] {dagbag.py:538} INFO - Filling up the DagBag from /home/airflow/.local/lib/python3.8/site-packages/airflow/example_dags/example_task_group_decorator.py
[2026-06-03T13:10:28.247+0000] {processor.py:840} INFO - DAG(s) 'example_task_group_decorator' retrieved from /home/airflow/.local/lib/python3.8/site-packages/airflow/example_dags/example_task_group_decorator.py
[2026-06-03T13:10:28.274+0000] {logging_mixin.py:188} INFO - [2026-06-03T13:10:28.273+0000] {dag.py:3033} INFO - Sync 1 DAGs
[2026-06-03T13:10:28.288+0000] {logging_mixin.py:188} INFO - [2026-06-03T13:10:28.288+0000] {dag.py:3820} INFO - Setting next_dagrun for example_task_group_decorator to 2026-06-02T00:00:00+00:00, run_after=2026-06-03T00:00:00+00:00
[2026-06-03T13:10:28.299+0000] {processor.py:183} INFO - Processing /home/airflow/.local/lib/python3.8/site-packages/airflow/example_dags/example_task_group_decorator.py took 0.076 seconds
[2026-06-03T13:10:59.536+0000] {processor.py:161} INFO - Started process (PID=2353) to work on /home/airflow/.local/lib/python3.8/site-packages/airflow/example_dags/example_task_group_decorator.py
[2026-06-03T13:10:59.537+0000] {processor.py:830} INFO - Processing file /home/airflow/.local/lib/python3.8/site-packages/airflow/example_dags/example_task_group_decorator.py for tasks to queue
[2026-06-03T13:10:59.538+0000] {logging_mixin.py:188} INFO - [2026-06-03T13:10:59.538+0000] {dagbag.py:538} INFO - Filling up the DagBag from /home/airflow/.local/lib/python3.8/site-packages/airflow/example_dags/example_task_group_decorator.py
[2026-06-03T13:10:59.545+0000] {processor.py:840} INFO - DAG(s) 'example_task_group_decorator' retrieved from /home/airflow/.local/lib/python3.8/site-packages/airflow/example_dags/example_task_group_decorator.py
[2026-06-03T13:10:59.563+0000] {logging_mixin.py:188} INFO - [2026-06-03T13:10:59.562+0000] {dag.py:3033} INFO - Sync 1 DAGs
[2026-06-03T13:10:59.575+0000] {logging_mixin.py:188} INFO - [2026-06-03T13:10:59.575+0000] {dag.py:3820} INFO - Setting next_dagrun for example_task_group_decorator to 2026-06-02T00:00:00+00:00, run_after=2026-06-03T00:00:00+00:00
[2026-06-03T13:10:59.587+0000] {processor.py:183} INFO - Processing /home/airflow/.local/lib/python3.8/site-packages/airflow/example_dags/example_task_group_decorator.py took 0.053 seconds
[2026-06-03T13:11:30.204+0000] {processor.py:161} INFO - Started process (PID=2416) to work on /home/airflow/.local/lib/python3.8/site-packages/airflow/example_dags/example_task_group_decorator.py
[2026-06-03T13:11:30.205+0000] {processor.py:830} INFO - Processing file /home/airflow/.local/lib/python3.8/site-packages/airflow/example_dags/example_task_group_decorator.py for tasks to queue
[2026-06-03T13:11:30.206+0000] {logging_mixin.py:188} INFO - [2026-06-03T13:11:30.206+0000] {dagbag.py:538} INFO - Filling up the DagBag from /home/airflow/.local/lib/python3.8/site-packages/airflow/example_dags/example_task_group_decorator.py
[2026-06-03T13:11:30.226+0000] {processor.py:840} INFO - DAG(s) 'example_task_group_decorator' retrieved from /home/airflow/.local/lib/python3.8/site-packages/airflow/example_dags/example_task_group_decorator.py
[2026-06-03T13:11:30.247+0000] {logging_mixin.py:188} INFO - [2026-06-03T13:11:30.247+0000] {dag.py:3033} INFO - Sync 1 DAGs
[2026-06-03T13:11:30.281+0000] {logging_mixin.py:188} INFO - [2026-06-03T13:11:30.280+0000] {dag.py:3820} INFO - Setting next_dagrun for example_task_group_decorator to 2026-06-02T00:00:00+00:00, run_after=2026-06-03T00:00:00+00:00
[2026-06-03T13:11:30.333+0000] {processor.py:183} INFO - Processing /home/airflow/.local/lib/python3.8/site-packages/airflow/example_dags/example_task_group_decorator.py took 0.131 seconds
[2026-06-03T13:12:00.965+0000] {processor.py:161} INFO - Started process (PID=2479) to work on /home/airflow/.local/lib/python3.8/site-packages/airflow/example_dags/example_task_group_decorator.py
[2026-06-03T13:12:00.972+0000] {processor.py:830} INFO - Processing file /home/airflow/.local/lib/python3.8/site-packages/airflow/example_dags/example_task_group_decorator.py for tasks to queue
[2026-06-03T13:12:00.976+0000] {logging_mixin.py:188} INFO - [2026-06-03T13:12:00.976+0000] {dagbag.py:538} INFO - Filling up the DagBag from /home/airflow/.local/lib/python3.8/site-packages/airflow/example_dags/example_task_group_decorator.py
[2026-06-03T13:12:00.993+0000] {processor.py:840} INFO - DAG(s) 'example_task_group_decorator' retrieved from /home/airflow/.local/lib/python3.8/site-packages/airflow/example_dags/example_task_group_decorator.py
[2026-06-03T13:12:01.023+0000] {logging_mixin.py:188} INFO - [2026-06-03T13:12:01.023+0000] {dag.py:3033} INFO - Sync 1 DAGs
[2026-06-03T13:12:01.056+0000] {logging_mixin.py:188} INFO - [2026-06-03T13:12:01.055+0000] {dag.py:3820} INFO - Setting next_dagrun for example_task_group_decorator to 2026-06-02T00:00:00+00:00, run_after=2026-06-03T00:00:00+00:00
[2026-06-03T13:12:01.075+0000] {processor.py:183} INFO - Processing /home/airflow/.local/lib/python3.8/site-packages/airflow/example_dags/example_task_group_decorator.py took 0.119 seconds
[2026-06-03T13:12:31.679+0000] {processor.py:161} INFO - Started process (PID=2542) to work on /home/airflow/.local/lib/python3.8/site-packages/airflow/example_dags/example_task_group_decorator.py
[2026-06-03T13:12:31.679+0000] {processor.py:830} INFO - Processing file /home/airflow/.local/lib/python3.8/site-packages/airflow/example_dags/example_task_group_decorator.py for tasks to queue
[2026-06-03T13:12:31.681+0000] {logging_mixin.py:188} INFO - [2026-06-03T13:12:31.680+0000] {dagbag.py:538} INFO - Filling up the DagBag from /home/airflow/.local/lib/python3.8/site-packages/airflow/example_dags/example_task_group_decorator.py
[2026-06-03T13:12:31.690+0000] {processor.py:840} INFO - DAG(s) 'example_task_group_decorator' retrieved from /home/airflow/.local/lib/python3.8/site-packages/airflow/example_dags/example_task_group_decorator.py
[2026-06-03T13:12:31.722+0000] {logging_mixin.py:188} INFO - [2026-06-03T13:12:31.722+0000] {dag.py:3033} INFO - Sync 1 DAGs
[2026-06-03T13:12:31.731+0000] {logging_mixin.py:188} INFO - [2026-06-03T13:12:31.731+0000] {dag.py:3820} INFO - Setting next_dagrun for example_task_group_decorator to 2026-06-02T00:00:00+00:00, run_after=2026-06-03T00:00:00+00:00
[2026-06-03T13:12:31.743+0000] {processor.py:183} INFO - Processing /home/airflow/.local/lib/python3.8/site-packages/airflow/example_dags/example_task_group_decorator.py took 0.066 seconds
[2026-06-03T13:13:02.124+0000] {processor.py:161} INFO - Started process (PID=2598) to work on /home/airflow/.local/lib/python3.8/site-packages/airflow/example_dags/example_task_group_decorator.py
[2026-06-03T13:13:02.125+0000] {processor.py:830} INFO - Processing file /home/airflow/.local/lib/python3.8/site-packages/airflow/example_dags/example_task_group_decorator.py for tasks to queue
[2026-06-03T13:13:02.126+0000] {logging_mixin.py:188} INFO - [2026-06-03T13:13:02.126+0000] {dagbag.py:538} INFO - Filling up the DagBag from /home/airflow/.local/lib/python3.8/site-packages/airflow/example_dags/example_task_group_decorator.py
[2026-06-03T13:13:02.135+0000] {processor.py:840} INFO - DAG(s) 'example_task_group_decorator' retrieved from /home/airflow/.local/lib/python3.8/site-packages/airflow/example_dags/example_task_group_decorator.py
[2026-06-03T13:13:02.168+0000] {logging_mixin.py:188} INFO - [2026-06-03T13:13:02.168+0000] {dag.py:3033} INFO - Sync 1 DAGs
[2026-06-03T13:13:02.184+0000] {logging_mixin.py:188} INFO - [2026-06-03T13:13:02.184+0000] {dag.py:3820} INFO - Setting next_dagrun for example_task_group_decorator to 2026-06-02T00:00:00+00:00, run_after=2026-06-03T00:00:00+00:00
[2026-06-03T13:13:02.196+0000] {processor.py:183} INFO - Processing /home/airflow/.local/lib/python3.8/site-packages/airflow/example_dags/example_task_group_decorator.py took 0.073 seconds
[2026-06-03T13:13:32.761+0000] {processor.py:161} INFO - Started process (PID=2654) to work on /home/airflow/.local/lib/python3.8/site-packages/airflow/example_dags/example_task_group_decorator.py
[2026-06-03T13:13:32.761+0000] {processor.py:830} INFO - Processing file /home/airflow/.local/lib/python3.8/site-packages/airflow/example_dags/example_task_group_decorator.py for tasks to queue
[2026-06-03T13:13:32.762+0000] {logging_mixin.py:188} INFO - [2026-06-03T13:13:32.762+0000] {dagbag.py:538} INFO - Filling up the DagBag from /home/airflow/.local/lib/python3.8/site-packages/airflow/example_dags/example_task_group_decorator.py
[2026-06-03T13:13:32.770+0000] {processor.py:840} INFO - DAG(s) 'example_task_group_decorator' retrieved from /home/airflow/.local/lib/python3.8/site-packages/airflow/example_dags/example_task_group_decorator.py
[2026-06-03T13:13:32.784+0000] {logging_mixin.py:188} INFO - [2026-06-03T13:13:32.784+0000] {dag.py:3033} INFO - Sync 1 DAGs
[2026-06-03T13:13:32.792+0000] {logging_mixin.py:188} INFO - [2026-06-03T13:13:32.792+0000] {dag.py:3820} INFO - Setting next_dagrun for example_task_group_decorator to 2026-06-02T00:00:00+00:00, run_after=2026-06-03T00:00:00+00:00
[2026-06-03T13:13:32.798+0000] {processor.py:183} INFO - Processing /home/airflow/.local/lib/python3.8/site-packages/airflow/example_dags/example_task_group_decorator.py took 0.039 seconds
[2026-06-03T13:14:04.045+0000] {processor.py:161} INFO - Started process (PID=2710) to work on /home/airflow/.local/lib/python3.8/site-packages/airflow/example_dags/example_task_group_decorator.py
[2026-06-03T13:14:04.047+0000] {processor.py:830} INFO - Processing file /home/airflow/.local/lib/python3.8/site-packages/airflow/example_dags/example_task_group_decorator.py for tasks to queue
[2026-06-03T13:14:04.049+0000] {logging_mixin.py:188} INFO - [2026-06-03T13:14:04.049+0000] {dagbag.py:538} INFO - Filling up the DagBag from /home/airflow/.local/lib/python3.8/site-packages/airflow/example_dags/example_task_group_decorator.py
[2026-06-03T13:14:04.063+0000] {processor.py:840} INFO - DAG(s) 'example_task_group_decorator' retrieved from /home/airflow/.local/lib/python3.8/site-packages/airflow/example_dags/example_task_group_decorator.py
[2026-06-03T13:14:04.087+0000] {logging_mixin.py:188} INFO - [2026-06-03T13:14:04.087+0000] {dag.py:3033} INFO - Sync 1 DAGs
[2026-06-03T13:14:04.104+0000] {logging_mixin.py:188} INFO - [2026-06-03T13:14:04.103+0000] {dag.py:3820} INFO - Setting next_dagrun for example_task_group_decorator to 2026-06-02T00:00:00+00:00, run_after=2026-06-03T00:00:00+00:00
[2026-06-03T13:14:04.120+0000] {processor.py:183} INFO - Processing /home/airflow/.local/lib/python3.8/site-packages/airflow/example_dags/example_task_group_decorator.py took 0.079 seconds
[2026-06-03T13:14:21.042+0000] {processor.py:161} INFO - Started process (PID=61) to work on /home/airflow/.local/lib/python3.8/site-packages/airflow/example_dags/example_task_group_decorator.py
[2026-06-03T13:14:21.043+0000] {processor.py:830} INFO - Processing file /home/airflow/.local/lib/python3.8/site-packages/airflow/example_dags/example_task_group_decorator.py for tasks to queue
[2026-06-03T13:14:21.045+0000] {logging_mixin.py:188} INFO - [2026-06-03T13:14:21.044+0000] {dagbag.py:538} INFO - Filling up the DagBag from /home/airflow/.local/lib/python3.8/site-packages/airflow/example_dags/example_task_group_decorator.py
[2026-06-03T13:14:21.057+0000] {processor.py:840} INFO - DAG(s) 'example_task_group_decorator' retrieved from /home/airflow/.local/lib/python3.8/site-packages/airflow/example_dags/example_task_group_decorator.py
[2026-06-03T13:14:21.073+0000] {logging_mixin.py:188} INFO - [2026-06-03T13:14:21.073+0000] {dag.py:3033} INFO - Sync 1 DAGs
[2026-06-03T13:14:21.090+0000] {logging_mixin.py:188} INFO - [2026-06-03T13:14:21.090+0000] {dag.py:3820} INFO - Setting next_dagrun for example_task_group_decorator to 2026-06-02T00:00:00+00:00, run_after=2026-06-03T00:00:00+00:00
[2026-06-03T13:14:21.104+0000] {processor.py:183} INFO - Processing /home/airflow/.local/lib/python3.8/site-packages/airflow/example_dags/example_task_group_decorator.py took 0.063 seconds
[2026-06-03T13:14:51.151+0000] {processor.py:161} INFO - Started process (PID=117) to work on /home/airflow/.local/lib/python3.8/site-packages/airflow/example_dags/example_task_group_decorator.py
[2026-06-03T13:14:51.152+0000] {processor.py:830} INFO - Processing file /home/airflow/.local/lib/python3.8/site-packages/airflow/example_dags/example_task_group_decorator.py for tasks to queue
[2026-06-03T13:14:51.153+0000] {logging_mixin.py:188} INFO - [2026-06-03T13:14:51.153+0000] {dagbag.py:538} INFO - Filling up the DagBag from /home/airflow/.local/lib/python3.8/site-packages/airflow/example_dags/example_task_group_decorator.py
[2026-06-03T13:14:51.164+0000] {processor.py:840} INFO - DAG(s) 'example_task_group_decorator' retrieved from /home/airflow/.local/lib/python3.8/site-packages/airflow/example_dags/example_task_group_decorator.py
[2026-06-03T13:14:51.177+0000] {logging_mixin.py:188} INFO - [2026-06-03T13:14:51.177+0000] {dag.py:3033} INFO - Sync 1 DAGs
[2026-06-03T13:14:51.193+0000] {logging_mixin.py:188} INFO - [2026-06-03T13:14:51.193+0000] {dag.py:3820} INFO - Setting next_dagrun for example_task_group_decorator to 2026-06-02T00:00:00+00:00, run_after=2026-06-03T00:00:00+00:00
[2026-06-03T13:14:51.206+0000] {processor.py:183} INFO - Processing /home/airflow/.local/lib/python3.8/site-packages/airflow/example_dags/example_task_group_decorator.py took 0.056 seconds
[2026-06-03T13:15:21.807+0000] {processor.py:161} INFO - Started process (PID=173) to work on /home/airflow/.local/lib/python3.8/site-packages/airflow/example_dags/example_task_group_decorator.py
[2026-06-03T13:15:21.808+0000] {processor.py:830} INFO - Processing file /home/airflow/.local/lib/python3.8/site-packages/airflow/example_dags/example_task_group_decorator.py for tasks to queue
[2026-06-03T13:15:21.810+0000] {logging_mixin.py:188} INFO - [2026-06-03T13:15:21.810+0000] {dagbag.py:538} INFO - Filling up the DagBag from /home/airflow/.local/lib/python3.8/site-packages/airflow/example_dags/example_task_group_decorator.py
[2026-06-03T13:15:21.817+0000] {processor.py:840} INFO - DAG(s) 'example_task_group_decorator' retrieved from /home/airflow/.local/lib/python3.8/site-packages/airflow/example_dags/example_task_group_decorator.py
[2026-06-03T13:15:21.827+0000] {logging_mixin.py:188} INFO - [2026-06-03T13:15:21.827+0000] {dag.py:3033} INFO - Sync 1 DAGs
[2026-06-03T13:15:21.838+0000] {logging_mixin.py:188} INFO - [2026-06-03T13:15:21.838+0000] {dag.py:3820} INFO - Setting next_dagrun for example_task_group_decorator to 2026-06-02T00:00:00+00:00, run_after=2026-06-03T00:00:00+00:00
[2026-06-03T13:15:21.851+0000] {processor.py:183} INFO - Processing /home/airflow/.local/lib/python3.8/site-packages/airflow/example_dags/example_task_group_decorator.py took 0.045 seconds
[2026-06-03T13:15:52.014+0000] {processor.py:161} INFO - Started process (PID=230) to work on /home/airflow/.local/lib/python3.8/site-packages/airflow/example_dags/example_task_group_decorator.py
[2026-06-03T13:15:52.016+0000] {processor.py:830} INFO - Processing file /home/airflow/.local/lib/python3.8/site-packages/airflow/example_dags/example_task_group_decorator.py for tasks to queue
[2026-06-03T13:15:52.018+0000] {logging_mixin.py:188} INFO - [2026-06-03T13:15:52.018+0000] {dagbag.py:538} INFO - Filling up the DagBag from /home/airflow/.local/lib/python3.8/site-packages/airflow/example_dags/example_task_group_decorator.py
[2026-06-03T13:15:52.028+0000] {processor.py:840} INFO - DAG(s) 'example_task_group_decorator' retrieved from /home/airflow/.local/lib/python3.8/site-packages/airflow/example_dags/example_task_group_decorator.py
[2026-06-03T13:15:52.054+0000] {logging_mixin.py:188} INFO - [2026-06-03T13:15:52.054+0000] {dag.py:3033} INFO - Sync 1 DAGs
[2026-06-03T13:15:52.075+0000] {logging_mixin.py:188} INFO - [2026-06-03T13:15:52.075+0000] {dag.py:3820} INFO - Setting next_dagrun for example_task_group_decorator to 2026-06-02T00:00:00+00:00, run_after=2026-06-03T00:00:00+00:00
[2026-06-03T13:15:52.086+0000] {processor.py:183} INFO - Processing /home/airflow/.local/lib/python3.8/site-packages/airflow/example_dags/example_task_group_decorator.py took 0.075 seconds
[2026-06-03T13:16:22.575+0000] {processor.py:161} INFO - Started process (PID=286) to work on /home/airflow/.local/lib/python3.8/site-packages/airflow/example_dags/example_task_group_decorator.py
[2026-06-03T13:16:22.575+0000] {processor.py:830} INFO - Processing file /home/airflow/.local/lib/python3.8/site-packages/airflow/example_dags/example_task_group_decorator.py for tasks to queue
[2026-06-03T13:16:22.576+0000] {logging_mixin.py:188} INFO - [2026-06-03T13:16:22.576+0000] {dagbag.py:538} INFO - Filling up the DagBag from /home/airflow/.local/lib/python3.8/site-packages/airflow/example_dags/example_task_group_decorator.py
[2026-06-03T13:16:22.584+0000] {processor.py:840} INFO - DAG(s) 'example_task_group_decorator' retrieved from /home/airflow/.local/lib/python3.8/site-packages/airflow/example_dags/example_task_group_decorator.py
[2026-06-03T13:16:22.602+0000] {logging_mixin.py:188} INFO - [2026-06-03T13:16:22.602+0000] {dag.py:3033} INFO - Sync 1 DAGs
[2026-06-03T13:16:22.612+0000] {logging_mixin.py:188} INFO - [2026-06-03T13:16:22.612+0000] {dag.py:3820} INFO - Setting next_dagrun for example_task_group_decorator to 2026-06-02T00:00:00+00:00, run_after=2026-06-03T00:00:00+00:00
[2026-06-03T13:16:22.621+0000] {processor.py:183} INFO - Processing /home/airflow/.local/lib/python3.8/site-packages/airflow/example_dags/example_task_group_decorator.py took 0.048 seconds
[2026-06-03T13:16:53.084+0000] {processor.py:161} INFO - Started process (PID=342) to work on /home/airflow/.local/lib/python3.8/site-packages/airflow/example_dags/example_task_group_decorator.py
[2026-06-03T13:16:53.085+0000] {processor.py:830} INFO - Processing file /home/airflow/.local/lib/python3.8/site-packages/airflow/example_dags/example_task_group_decorator.py for tasks to queue
[2026-06-03T13:16:53.086+0000] {logging_mixin.py:188} INFO - [2026-06-03T13:16:53.086+0000] {dagbag.py:538} INFO - Filling up the DagBag from /home/airflow/.local/lib/python3.8/site-packages/airflow/example_dags/example_task_group_decorator.py
[2026-06-03T13:16:53.093+0000] {processor.py:840} INFO - DAG(s) 'example_task_group_decorator' retrieved from /home/airflow/.local/lib/python3.8/site-packages/airflow/example_dags/example_task_group_decorator.py
[2026-06-03T13:16:53.104+0000] {logging_mixin.py:188} INFO - [2026-06-03T13:16:53.104+0000] {dag.py:3033} INFO - Sync 1 DAGs
[2026-06-03T13:16:53.112+0000] {logging_mixin.py:188} INFO - [2026-06-03T13:16:53.112+0000] {dag.py:3820} INFO - Setting next_dagrun for example_task_group_decorator to 2026-06-02T00:00:00+00:00, run_after=2026-06-03T00:00:00+00:00
[2026-06-03T13:16:53.119+0000] {processor.py:183} INFO - Processing /home/airflow/.local/lib/python3.8/site-packages/airflow/example_dags/example_task_group_decorator.py took 0.036 seconds
[2026-06-03T13:17:23.819+0000] {processor.py:161} INFO - Started process (PID=404) to work on /home/airflow/.local/lib/python3.8/site-packages/airflow/example_dags/example_task_group_decorator.py
[2026-06-03T13:17:23.823+0000] {processor.py:830} INFO - Processing file /home/airflow/.local/lib/python3.8/site-packages/airflow/example_dags/example_task_group_decorator.py for tasks to queue
[2026-06-03T13:17:23.825+0000] {logging_mixin.py:188} INFO - [2026-06-03T13:17:23.825+0000] {dagbag.py:538} INFO - Filling up the DagBag from /home/airflow/.local/lib/python3.8/site-packages/airflow/example_dags/example_task_group_decorator.py
[2026-06-03T13:17:23.836+0000] {processor.py:840} INFO - DAG(s) 'example_task_group_decorator' retrieved from /home/airflow/.local/lib/python3.8/site-packages/airflow/example_dags/example_task_group_decorator.py
[2026-06-03T13:17:23.858+0000] {logging_mixin.py:188} INFO - [2026-06-03T13:17:23.858+0000] {dag.py:3033} INFO - Sync 1 DAGs
[2026-06-03T13:17:23.871+0000] {logging_mixin.py:188} INFO - [2026-06-03T13:17:23.870+0000] {dag.py:3820} INFO - Setting next_dagrun for example_task_group_decorator to 2026-06-02T00:00:00+00:00, run_after=2026-06-03T00:00:00+00:00
[2026-06-03T13:17:23.884+0000] {processor.py:183} INFO - Processing /home/airflow/.local/lib/python3.8/site-packages/airflow/example_dags/example_task_group_decorator.py took 0.066 seconds
[2026-06-03T13:17:54.097+0000] {processor.py:161} INFO - Started process (PID=460) to work on /home/airflow/.local/lib/python3.8/site-packages/airflow/example_dags/example_task_group_decorator.py
[2026-06-03T13:17:54.097+0000] {processor.py:830} INFO - Processing file /home/airflow/.local/lib/python3.8/site-packages/airflow/example_dags/example_task_group_decorator.py for tasks to queue
[2026-06-03T13:17:54.098+0000] {logging_mixin.py:188} INFO - [2026-06-03T13:17:54.098+0000] {dagbag.py:538} INFO - Filling up the DagBag from /home/airflow/.local/lib/python3.8/site-packages/airflow/example_dags/example_task_group_decorator.py
[2026-06-03T13:17:54.106+0000] {processor.py:840} INFO - DAG(s) 'example_task_group_decorator' retrieved from /home/airflow/.local/lib/python3.8/site-packages/airflow/example_dags/example_task_group_decorator.py
[2026-06-03T13:17:54.120+0000] {logging_mixin.py:188} INFO - [2026-06-03T13:17:54.120+0000] {dag.py:3033} INFO - Sync 1 DAGs
[2026-06-03T13:17:54.131+0000] {logging_mixin.py:188} INFO - [2026-06-03T13:17:54.131+0000] {dag.py:3820} INFO - Setting next_dagrun for example_task_group_decorator to 2026-06-02T00:00:00+00:00, run_after=2026-06-03T00:00:00+00:00
[2026-06-03T13:17:54.148+0000] {processor.py:183} INFO - Processing /home/airflow/.local/lib/python3.8/site-packages/airflow/example_dags/example_task_group_decorator.py took 0.053 seconds
[2026-06-03T13:18:24.377+0000] {processor.py:161} INFO - Started process (PID=516) to work on /home/airflow/.local/lib/python3.8/site-packages/airflow/example_dags/example_task_group_decorator.py
[2026-06-03T13:18:24.378+0000] {processor.py:830} INFO - Processing file /home/airflow/.local/lib/python3.8/site-packages/airflow/example_dags/example_task_group_decorator.py for tasks to queue
[2026-06-03T13:18:24.379+0000] {logging_mixin.py:188} INFO - [2026-06-03T13:18:24.379+0000] {dagbag.py:538} INFO - Filling up the DagBag from /home/airflow/.local/lib/python3.8/site-packages/airflow/example_dags/example_task_group_decorator.py
[2026-06-03T13:18:24.394+0000] {processor.py:840} INFO - DAG(s) 'example_task_group_decorator' retrieved from /home/airflow/.local/lib/python3.8/site-packages/airflow/example_dags/example_task_group_decorator.py
[2026-06-03T13:18:24.410+0000] {logging_mixin.py:188} INFO - [2026-06-03T13:18:24.410+0000] {dag.py:3033} INFO - Sync 1 DAGs
[2026-06-03T13:18:24.420+0000] {logging_mixin.py:188} INFO - [2026-06-03T13:18:24.420+0000] {dag.py:3820} INFO - Setting next_dagrun for example_task_group_decorator to 2026-06-02T00:00:00+00:00, run_after=2026-06-03T00:00:00+00:00
[2026-06-03T13:18:24.431+0000] {processor.py:183} INFO - Processing /home/airflow/.local/lib/python3.8/site-packages/airflow/example_dags/example_task_group_decorator.py took 0.055 seconds
[2026-06-03T13:18:55.058+0000] {processor.py:161} INFO - Started process (PID=572) to work on /home/airflow/.local/lib/python3.8/site-packages/airflow/example_dags/example_task_group_decorator.py
[2026-06-03T13:18:55.060+0000] {processor.py:830} INFO - Processing file /home/airflow/.local/lib/python3.8/site-packages/airflow/example_dags/example_task_group_decorator.py for tasks to queue
[2026-06-03T13:18:55.061+0000] {logging_mixin.py:188} INFO - [2026-06-03T13:18:55.061+0000] {dagbag.py:538} INFO - Filling up the DagBag from /home/airflow/.local/lib/python3.8/site-packages/airflow/example_dags/example_task_group_decorator.py
[2026-06-03T13:18:55.070+0000] {processor.py:840} INFO - DAG(s) 'example_task_group_decorator' retrieved from /home/airflow/.local/lib/python3.8/site-packages/airflow/example_dags/example_task_group_decorator.py
[2026-06-03T13:18:55.099+0000] {logging_mixin.py:188} INFO - [2026-06-03T13:18:55.099+0000] {dag.py:3033} INFO - Sync 1 DAGs
[2026-06-03T13:18:55.115+0000] {logging_mixin.py:188} INFO - [2026-06-03T13:18:55.115+0000] {dag.py:3820} INFO - Setting next_dagrun for example_task_group_decorator to 2026-06-02T00:00:00+00:00, run_after=2026-06-03T00:00:00+00:00
[2026-06-03T13:18:55.135+0000] {processor.py:183} INFO - Processing /home/airflow/.local/lib/python3.8/site-packages/airflow/example_dags/example_task_group_decorator.py took 0.079 seconds
[2026-06-03T13:19:25.802+0000] {processor.py:161} INFO - Started process (PID=628) to work on /home/airflow/.local/lib/python3.8/site-packages/airflow/example_dags/example_task_group_decorator.py
[2026-06-03T13:19:25.803+0000] {processor.py:830} INFO - Processing file /home/airflow/.local/lib/python3.8/site-packages/airflow/example_dags/example_task_group_decorator.py for tasks to queue
[2026-06-03T13:19:25.809+0000] {logging_mixin.py:188} INFO - [2026-06-03T13:19:25.808+0000] {dagbag.py:538} INFO - Filling up the DagBag from /home/airflow/.local/lib/python3.8/site-packages/airflow/example_dags/example_task_group_decorator.py
[2026-06-03T13:19:25.824+0000] {processor.py:840} INFO - DAG(s) 'example_task_group_decorator' retrieved from /home/airflow/.local/lib/python3.8/site-packages/airflow/example_dags/example_task_group_decorator.py
[2026-06-03T13:19:25.850+0000] {logging_mixin.py:188} INFO - [2026-06-03T13:19:25.850+0000] {dag.py:3033} INFO - Sync 1 DAGs
[2026-06-03T13:19:25.875+0000] {logging_mixin.py:188} INFO - [2026-06-03T13:19:25.874+0000] {dag.py:3820} INFO - Setting next_dagrun for example_task_group_decorator to 2026-06-02T00:00:00+00:00, run_after=2026-06-03T00:00:00+00:00
[2026-06-03T13:19:25.894+0000] {processor.py:183} INFO - Processing /home/airflow/.local/lib/python3.8/site-packages/airflow/example_dags/example_task_group_decorator.py took 0.096 seconds
[2026-06-03T13:19:56.632+0000] {processor.py:161} INFO - Started process (PID=684) to work on /home/airflow/.local/lib/python3.8/site-packages/airflow/example_dags/example_task_group_decorator.py
[2026-06-03T13:19:56.634+0000] {processor.py:830} INFO - Processing file /home/airflow/.local/lib/python3.8/site-packages/airflow/example_dags/example_task_group_decorator.py for tasks to queue
[2026-06-03T13:19:56.635+0000] {logging_mixin.py:188} INFO - [2026-06-03T13:19:56.635+0000] {dagbag.py:538} INFO - Filling up the DagBag from /home/airflow/.local/lib/python3.8/site-packages/airflow/example_dags/example_task_group_decorator.py
[2026-06-03T13:19:56.641+0000] {processor.py:840} INFO - DAG(s) 'example_task_group_decorator' retrieved from /home/airflow/.local/lib/python3.8/site-packages/airflow/example_dags/example_task_group_decorator.py
[2026-06-03T13:19:56.652+0000] {logging_mixin.py:188} INFO - [2026-06-03T13:19:56.652+0000] {dag.py:3033} INFO - Sync 1 DAGs
[2026-06-03T13:19:56.671+0000] {logging_mixin.py:188} INFO - [2026-06-03T13:19:56.671+0000] {dag.py:3820} INFO - Setting next_dagrun for example_task_group_decorator to 2026-06-02T00:00:00+00:00, run_after=2026-06-03T00:00:00+00:00
[2026-06-03T13:19:56.689+0000] {processor.py:183} INFO - Processing /home/airflow/.local/lib/python3.8/site-packages/airflow/example_dags/example_task_group_decorator.py took 0.060 seconds
[2026-06-03T13:20:26.976+0000] {processor.py:161} INFO - Started process (PID=740) to work on /home/airflow/.local/lib/python3.8/site-packages/airflow/example_dags/example_task_group_decorator.py
[2026-06-03T13:20:26.981+0000] {processor.py:830} INFO - Processing file /home/airflow/.local/lib/python3.8/site-packages/airflow/example_dags/example_task_group_decorator.py for tasks to queue
[2026-06-03T13:20:26.982+0000] {logging_mixin.py:188} INFO - [2026-06-03T13:20:26.982+0000] {dagbag.py:538} INFO - Filling up the DagBag from /home/airflow/.local/lib/python3.8/site-packages/airflow/example_dags/example_task_group_decorator.py
[2026-06-03T13:20:26.988+0000] {processor.py:840} INFO - DAG(s) 'example_task_group_decorator' retrieved from /home/airflow/.local/lib/python3.8/site-packages/airflow/example_dags/example_task_group_decorator.py
[2026-06-03T13:20:27.005+0000] {logging_mixin.py:188} INFO - [2026-06-03T13:20:27.005+0000] {dag.py:3033} INFO - Sync 1 DAGs
[2026-06-03T13:20:27.014+0000] {logging_mixin.py:188} INFO - [2026-06-03T13:20:27.014+0000] {dag.py:3820} INFO - Setting next_dagrun for example_task_group_decorator to 2026-06-02T00:00:00+00:00, run_after=2026-06-03T00:00:00+00:00
[2026-06-03T13:20:27.029+0000] {processor.py:183} INFO - Processing /home/airflow/.local/lib/python3.8/site-packages/airflow/example_dags/example_task_group_decorator.py took 0.054 seconds
[2026-06-03T13:20:58.791+0000] {processor.py:161} INFO - Started process (PID=796) to work on /home/airflow/.local/lib/python3.8/site-packages/airflow/example_dags/example_task_group_decorator.py
[2026-06-03T13:20:58.792+0000] {processor.py:830} INFO - Processing file /home/airflow/.local/lib/python3.8/site-packages/airflow/example_dags/example_task_group_decorator.py for tasks to queue
[2026-06-03T13:20:58.795+0000] {logging_mixin.py:188} INFO - [2026-06-03T13:20:58.795+0000] {dagbag.py:538} INFO - Filling up the DagBag from /home/airflow/.local/lib/python3.8/site-packages/airflow/example_dags/example_task_group_decorator.py
[2026-06-03T13:20:58.805+0000] {processor.py:840} INFO - DAG(s) 'example_task_group_decorator' retrieved from /home/airflow/.local/lib/python3.8/site-packages/airflow/example_dags/example_task_group_decorator.py
[2026-06-03T13:20:58.830+0000] {logging_mixin.py:188} INFO - [2026-06-03T13:20:58.830+0000] {dag.py:3033} INFO - Sync 1 DAGs
[2026-06-03T13:20:58.851+0000] {logging_mixin.py:188} INFO - [2026-06-03T13:20:58.851+0000] {dag.py:3820} INFO - Setting next_dagrun for example_task_group_decorator to 2026-06-02T00:00:00+00:00, run_after=2026-06-03T00:00:00+00:00
[2026-06-03T13:20:58.860+0000] {processor.py:183} INFO - Processing /home/airflow/.local/lib/python3.8/site-packages/airflow/example_dags/example_task_group_decorator.py took 0.072 seconds
[2026-06-03T13:21:29.705+0000] {processor.py:161} INFO - Started process (PID=852) to work on /home/airflow/.local/lib/python3.8/site-packages/airflow/example_dags/example_task_group_decorator.py
[2026-06-03T13:21:29.706+0000] {processor.py:830} INFO - Processing file /home/airflow/.local/lib/python3.8/site-packages/airflow/example_dags/example_task_group_decorator.py for tasks to queue
[2026-06-03T13:21:29.708+0000] {logging_mixin.py:188} INFO - [2026-06-03T13:21:29.708+0000] {dagbag.py:538} INFO - Filling up the DagBag from /home/airflow/.local/lib/python3.8/site-packages/airflow/example_dags/example_task_group_decorator.py
[2026-06-03T13:21:29.756+0000] {processor.py:840} INFO - DAG(s) 'example_task_group_decorator' retrieved from /home/airflow/.local/lib/python3.8/site-packages/airflow/example_dags/example_task_group_decorator.py
[2026-06-03T13:21:29.777+0000] {logging_mixin.py:188} INFO - [2026-06-03T13:21:29.777+0000] {dag.py:3033} INFO - Sync 1 DAGs
[2026-06-03T13:21:29.790+0000] {logging_mixin.py:188} INFO - [2026-06-03T13:21:29.790+0000] {dag.py:3820} INFO - Setting next_dagrun for example_task_group_decorator to 2026-06-02T00:00:00+00:00, run_after=2026-06-03T00:00:00+00:00
[2026-06-03T13:21:29.809+0000] {processor.py:183} INFO - Processing /home/airflow/.local/lib/python3.8/site-packages/airflow/example_dags/example_task_group_decorator.py took 0.106 seconds
[2026-06-03T13:22:00.218+0000] {processor.py:161} INFO - Started process (PID=908) to work on /home/airflow/.local/lib/python3.8/site-packages/airflow/example_dags/example_task_group_decorator.py
[2026-06-03T13:22:00.219+0000] {processor.py:830} INFO - Processing file /home/airflow/.local/lib/python3.8/site-packages/airflow/example_dags/example_task_group_decorator.py for tasks to queue
[2026-06-03T13:22:00.224+0000] {logging_mixin.py:188} INFO - [2026-06-03T13:22:00.224+0000] {dagbag.py:538} INFO - Filling up the DagBag from /home/airflow/.local/lib/python3.8/site-packages/airflow/example_dags/example_task_group_decorator.py
[2026-06-03T13:22:00.241+0000] {processor.py:840} INFO - DAG(s) 'example_task_group_decorator' retrieved from /home/airflow/.local/lib/python3.8/site-packages/airflow/example_dags/example_task_group_decorator.py
[2026-06-03T13:22:00.268+0000] {logging_mixin.py:188} INFO - [2026-06-03T13:22:00.267+0000] {dag.py:3033} INFO - Sync 1 DAGs
[2026-06-03T13:22:00.281+0000] {logging_mixin.py:188} INFO - [2026-06-03T13:22:00.281+0000] {dag.py:3820} INFO - Setting next_dagrun for example_task_group_decorator to 2026-06-02T00:00:00+00:00, run_after=2026-06-03T00:00:00+00:00
[2026-06-03T13:22:00.300+0000] {processor.py:183} INFO - Processing /home/airflow/.local/lib/python3.8/site-packages/airflow/example_dags/example_task_group_decorator.py took 0.087 seconds
[2026-06-03T13:22:30.735+0000] {processor.py:161} INFO - Started process (PID=964) to work on /home/airflow/.local/lib/python3.8/site-packages/airflow/example_dags/example_task_group_decorator.py
[2026-06-03T13:22:30.736+0000] {processor.py:830} INFO - Processing file /home/airflow/.local/lib/python3.8/site-packages/airflow/example_dags/example_task_group_decorator.py for tasks to queue
[2026-06-03T13:22:30.738+0000] {logging_mixin.py:188} INFO - [2026-06-03T13:22:30.737+0000] {dagbag.py:538} INFO - Filling up the DagBag from /home/airflow/.local/lib/python3.8/site-packages/airflow/example_dags/example_task_group_decorator.py
[2026-06-03T13:22:30.761+0000] {processor.py:840} INFO - DAG(s) 'example_task_group_decorator' retrieved from /home/airflow/.local/lib/python3.8/site-packages/airflow/example_dags/example_task_group_decorator.py
[2026-06-03T13:22:30.784+0000] {logging_mixin.py:188} INFO - [2026-06-03T13:22:30.784+0000] {dag.py:3033} INFO - Sync 1 DAGs
[2026-06-03T13:22:30.807+0000] {logging_mixin.py:188} INFO - [2026-06-03T13:22:30.807+0000] {dag.py:3820} INFO - Setting next_dagrun for example_task_group_decorator to 2026-06-02T00:00:00+00:00, run_after=2026-06-03T00:00:00+00:00
[2026-06-03T13:22:30.824+0000] {processor.py:183} INFO - Processing /home/airflow/.local/lib/python3.8/site-packages/airflow/example_dags/example_task_group_decorator.py took 0.092 seconds
[2026-06-03T13:23:01.253+0000] {processor.py:161} INFO - Started process (PID=1020) to work on /home/airflow/.local/lib/python3.8/site-packages/airflow/example_dags/example_task_group_decorator.py
[2026-06-03T13:23:01.254+0000] {processor.py:830} INFO - Processing file /home/airflow/.local/lib/python3.8/site-packages/airflow/example_dags/example_task_group_decorator.py for tasks to queue
[2026-06-03T13:23:01.255+0000] {logging_mixin.py:188} INFO - [2026-06-03T13:23:01.255+0000] {dagbag.py:538} INFO - Filling up the DagBag from /home/airflow/.local/lib/python3.8/site-packages/airflow/example_dags/example_task_group_decorator.py
[2026-06-03T13:23:01.263+0000] {processor.py:840} INFO - DAG(s) 'example_task_group_decorator' retrieved from /home/airflow/.local/lib/python3.8/site-packages/airflow/example_dags/example_task_group_decorator.py
[2026-06-03T13:23:01.279+0000] {logging_mixin.py:188} INFO - [2026-06-03T13:23:01.279+0000] {dag.py:3033} INFO - Sync 1 DAGs
[2026-06-03T13:23:01.293+0000] {logging_mixin.py:188} INFO - [2026-06-03T13:23:01.293+0000] {dag.py:3820} INFO - Setting next_dagrun for example_task_group_decorator to 2026-06-02T00:00:00+00:00, run_after=2026-06-03T00:00:00+00:00
[2026-06-03T13:23:01.310+0000] {processor.py:183} INFO - Processing /home/airflow/.local/lib/python3.8/site-packages/airflow/example_dags/example_task_group_decorator.py took 0.059 seconds
[2026-06-03T13:23:32.959+0000] {processor.py:161} INFO - Started process (PID=1076) to work on /home/airflow/.local/lib/python3.8/site-packages/airflow/example_dags/example_task_group_decorator.py
[2026-06-03T13:23:32.959+0000] {processor.py:830} INFO - Processing file /home/airflow/.local/lib/python3.8/site-packages/airflow/example_dags/example_task_group_decorator.py for tasks to queue
[2026-06-03T13:23:32.961+0000] {logging_mixin.py:188} INFO - [2026-06-03T13:23:32.960+0000] {dagbag.py:538} INFO - Filling up the DagBag from /home/airflow/.local/lib/python3.8/site-packages/airflow/example_dags/example_task_group_decorator.py
[2026-06-03T13:23:32.970+0000] {processor.py:840} INFO - DAG(s) 'example_task_group_decorator' retrieved from /home/airflow/.local/lib/python3.8/site-packages/airflow/example_dags/example_task_group_decorator.py
[2026-06-03T13:23:32.993+0000] {logging_mixin.py:188} INFO - [2026-06-03T13:23:32.992+0000] {dag.py:3033} INFO - Sync 1 DAGs
[2026-06-03T13:23:33.025+0000] {logging_mixin.py:188} INFO - [2026-06-03T13:23:33.025+0000] {dag.py:3820} INFO - Setting next_dagrun for example_task_group_decorator to 2026-06-02T00:00:00+00:00, run_after=2026-06-03T00:00:00+00:00
[2026-06-03T13:23:33.034+0000] {processor.py:183} INFO - Processing /home/airflow/.local/lib/python3.8/site-packages/airflow/example_dags/example_task_group_decorator.py took 0.077 seconds
[2026-06-03T13:24:03.280+0000] {processor.py:161} INFO - Started process (PID=1132) to work on /home/airflow/.local/lib/python3.8/site-packages/airflow/example_dags/example_task_group_decorator.py
[2026-06-03T13:24:03.282+0000] {processor.py:830} INFO - Processing file /home/airflow/.local/lib/python3.8/site-packages/airflow/example_dags/example_task_group_decorator.py for tasks to queue
[2026-06-03T13:24:03.285+0000] {logging_mixin.py:188} INFO - [2026-06-03T13:24:03.284+0000] {dagbag.py:538} INFO - Filling up the DagBag from /home/airflow/.local/lib/python3.8/site-packages/airflow/example_dags/example_task_group_decorator.py
[2026-06-03T13:24:03.332+0000] {processor.py:840} INFO - DAG(s) 'example_task_group_decorator' retrieved from /home/airflow/.local/lib/python3.8/site-packages/airflow/example_dags/example_task_group_decorator.py
[2026-06-03T13:24:03.404+0000] {logging_mixin.py:188} INFO - [2026-06-03T13:24:03.403+0000] {dag.py:3033} INFO - Sync 1 DAGs
[2026-06-03T13:24:03.457+0000] {logging_mixin.py:188} INFO - [2026-06-03T13:24:03.457+0000] {dag.py:3820} INFO - Setting next_dagrun for example_task_group_decorator to 2026-06-02T00:00:00+00:00, run_after=2026-06-03T00:00:00+00:00
[2026-06-03T13:24:03.481+0000] {processor.py:183} INFO - Processing /home/airflow/.local/lib/python3.8/site-packages/airflow/example_dags/example_task_group_decorator.py took 0.205 seconds
[2026-06-03T13:24:34.189+0000] {processor.py:161} INFO - Started process (PID=1188) to work on /home/airflow/.local/lib/python3.8/site-packages/airflow/example_dags/example_task_group_decorator.py
[2026-06-03T13:24:34.190+0000] {processor.py:830} INFO - Processing file /home/airflow/.local/lib/python3.8/site-packages/airflow/example_dags/example_task_group_decorator.py for tasks to queue
[2026-06-03T13:24:34.192+0000] {logging_mixin.py:188} INFO - [2026-06-03T13:24:34.192+0000] {dagbag.py:538} INFO - Filling up the DagBag from /home/airflow/.local/lib/python3.8/site-packages/airflow/example_dags/example_task_group_decorator.py
[2026-06-03T13:24:34.200+0000] {processor.py:840} INFO - DAG(s) 'example_task_group_decorator' retrieved from /home/airflow/.local/lib/python3.8/site-packages/airflow/example_dags/example_task_group_decorator.py
[2026-06-03T13:24:34.220+0000] {logging_mixin.py:188} INFO - [2026-06-03T13:24:34.220+0000] {dag.py:3033} INFO - Sync 1 DAGs
[2026-06-03T13:24:34.240+0000] {logging_mixin.py:188} INFO - [2026-06-03T13:24:34.239+0000] {dag.py:3820} INFO - Setting next_dagrun for example_task_group_decorator to 2026-06-02T00:00:00+00:00, run_after=2026-06-03T00:00:00+00:00
[2026-06-03T13:24:34.266+0000] {processor.py:183} INFO - Processing /home/airflow/.local/lib/python3.8/site-packages/airflow/example_dags/example_task_group_decorator.py took 0.087 seconds
[2026-06-03T13:25:04.826+0000] {processor.py:161} INFO - Started process (PID=1244) to work on /home/airflow/.local/lib/python3.8/site-packages/airflow/example_dags/example_task_group_decorator.py
[2026-06-03T13:25:04.827+0000] {processor.py:830} INFO - Processing file /home/airflow/.local/lib/python3.8/site-packages/airflow/example_dags/example_task_group_decorator.py for tasks to queue
[2026-06-03T13:25:04.829+0000] {logging_mixin.py:188} INFO - [2026-06-03T13:25:04.829+0000] {dagbag.py:538} INFO - Filling up the DagBag from /home/airflow/.local/lib/python3.8/site-packages/airflow/example_dags/example_task_group_decorator.py
[2026-06-03T13:25:04.839+0000] {processor.py:840} INFO - DAG(s) 'example_task_group_decorator' retrieved from /home/airflow/.local/lib/python3.8/site-packages/airflow/example_dags/example_task_group_decorator.py
[2026-06-03T13:25:04.856+0000] {logging_mixin.py:188} INFO - [2026-06-03T13:25:04.854+0000] {dag.py:3033} INFO - Sync 1 DAGs
[2026-06-03T13:25:04.868+0000] {logging_mixin.py:188} INFO - [2026-06-03T13:25:04.867+0000] {dag.py:3820} INFO - Setting next_dagrun for example_task_group_decorator to 2026-06-02T00:00:00+00:00, run_after=2026-06-03T00:00:00+00:00
[2026-06-03T13:25:04.876+0000] {processor.py:183} INFO - Processing /home/airflow/.local/lib/python3.8/site-packages/airflow/example_dags/example_task_group_decorator.py took 0.052 seconds
[2026-06-03T13:25:35.445+0000] {processor.py:161} INFO - Started process (PID=1301) to work on /home/airflow/.local/lib/python3.8/site-packages/airflow/example_dags/example_task_group_decorator.py
[2026-06-03T13:25:35.445+0000] {processor.py:830} INFO - Processing file /home/airflow/.local/lib/python3.8/site-packages/airflow/example_dags/example_task_group_decorator.py for tasks to queue
[2026-06-03T13:25:35.448+0000] {logging_mixin.py:188} INFO - [2026-06-03T13:25:35.448+0000] {dagbag.py:538} INFO - Filling up the DagBag from /home/airflow/.local/lib/python3.8/site-packages/airflow/example_dags/example_task_group_decorator.py
[2026-06-03T13:25:35.464+0000] {processor.py:840} INFO - DAG(s) 'example_task_group_decorator' retrieved from /home/airflow/.local/lib/python3.8/site-packages/airflow/example_dags/example_task_group_decorator.py
[2026-06-03T13:25:35.483+0000] {logging_mixin.py:188} INFO - [2026-06-03T13:25:35.483+0000] {dag.py:3033} INFO - Sync 1 DAGs
[2026-06-03T13:25:35.501+0000] {logging_mixin.py:188} INFO - [2026-06-03T13:25:35.501+0000] {dag.py:3820} INFO - Setting next_dagrun for example_task_group_decorator to 2026-06-02T00:00:00+00:00, run_after=2026-06-03T00:00:00+00:00
[2026-06-03T13:25:35.509+0000] {processor.py:183} INFO - Processing /home/airflow/.local/lib/python3.8/site-packages/airflow/example_dags/example_task_group_decorator.py took 0.066 seconds
[2026-06-03T13:26:05.897+0000] {processor.py:161} INFO - Started process (PID=1357) to work on /home/airflow/.local/lib/python3.8/site-packages/airflow/example_dags/example_task_group_decorator.py
[2026-06-03T13:26:05.897+0000] {processor.py:830} INFO - Processing file /home/airflow/.local/lib/python3.8/site-packages/airflow/example_dags/example_task_group_decorator.py for tasks to queue
[2026-06-03T13:26:05.898+0000] {logging_mixin.py:188} INFO - [2026-06-03T13:26:05.898+0000] {dagbag.py:538} INFO - Filling up the DagBag from /home/airflow/.local/lib/python3.8/site-packages/airflow/example_dags/example_task_group_decorator.py
[2026-06-03T13:26:05.908+0000] {processor.py:840} INFO - DAG(s) 'example_task_group_decorator' retrieved from /home/airflow/.local/lib/python3.8/site-packages/airflow/example_dags/example_task_group_decorator.py
[2026-06-03T13:26:05.929+0000] {logging_mixin.py:188} INFO - [2026-06-03T13:26:05.929+0000] {dag.py:3033} INFO - Sync 1 DAGs
[2026-06-03T13:26:05.941+0000] {logging_mixin.py:188} INFO - [2026-06-03T13:26:05.941+0000] {dag.py:3820} INFO - Setting next_dagrun for example_task_group_decorator to 2026-06-02T00:00:00+00:00, run_after=2026-06-03T00:00:00+00:00
[2026-06-03T13:26:05.949+0000] {processor.py:183} INFO - Processing /home/airflow/.local/lib/python3.8/site-packages/airflow/example_dags/example_task_group_decorator.py took 0.054 seconds
[2026-06-03T13:26:36.886+0000] {processor.py:161} INFO - Started process (PID=1413) to work on /home/airflow/.local/lib/python3.8/site-packages/airflow/example_dags/example_task_group_decorator.py
[2026-06-03T13:26:36.887+0000] {processor.py:830} INFO - Processing file /home/airflow/.local/lib/python3.8/site-packages/airflow/example_dags/example_task_group_decorator.py for tasks to queue
[2026-06-03T13:26:36.889+0000] {logging_mixin.py:188} INFO - [2026-06-03T13:26:36.889+0000] {dagbag.py:538} INFO - Filling up the DagBag from /home/airflow/.local/lib/python3.8/site-packages/airflow/example_dags/example_task_group_decorator.py
[2026-06-03T13:26:36.896+0000] {processor.py:840} INFO - DAG(s) 'example_task_group_decorator' retrieved from /home/airflow/.local/lib/python3.8/site-packages/airflow/example_dags/example_task_group_decorator.py
[2026-06-03T13:26:36.911+0000] {logging_mixin.py:188} INFO - [2026-06-03T13:26:36.911+0000] {dag.py:3033} INFO - Sync 1 DAGs
[2026-06-03T13:26:36.920+0000] {logging_mixin.py:188} INFO - [2026-06-03T13:26:36.920+0000] {dag.py:3820} INFO - Setting next_dagrun for example_task_group_decorator to 2026-06-02T00:00:00+00:00, run_after=2026-06-03T00:00:00+00:00
[2026-06-03T13:26:36.931+0000] {processor.py:183} INFO - Processing /home/airflow/.local/lib/python3.8/site-packages/airflow/example_dags/example_task_group_decorator.py took 0.046 seconds
[2026-06-03T13:27:07.112+0000] {processor.py:161} INFO - Started process (PID=1469) to work on /home/airflow/.local/lib/python3.8/site-packages/airflow/example_dags/example_task_group_decorator.py
[2026-06-03T13:27:07.112+0000] {processor.py:830} INFO - Processing file /home/airflow/.local/lib/python3.8/site-packages/airflow/example_dags/example_task_group_decorator.py for tasks to queue
[2026-06-03T13:27:07.116+0000] {logging_mixin.py:188} INFO - [2026-06-03T13:27:07.116+0000] {dagbag.py:538} INFO - Filling up the DagBag from /home/airflow/.local/lib/python3.8/site-packages/airflow/example_dags/example_task_group_decorator.py
[2026-06-03T13:27:07.123+0000] {processor.py:840} INFO - DAG(s) 'example_task_group_decorator' retrieved from /home/airflow/.local/lib/python3.8/site-packages/airflow/example_dags/example_task_group_decorator.py
[2026-06-03T13:27:07.135+0000] {logging_mixin.py:188} INFO - [2026-06-03T13:27:07.135+0000] {dag.py:3033} INFO - Sync 1 DAGs
[2026-06-03T13:27:07.143+0000] {logging_mixin.py:188} INFO - [2026-06-03T13:27:07.143+0000] {dag.py:3820} INFO - Setting next_dagrun for example_task_group_decorator to 2026-06-02T00:00:00+00:00, run_after=2026-06-03T00:00:00+00:00
[2026-06-03T13:27:07.154+0000] {processor.py:183} INFO - Processing /home/airflow/.local/lib/python3.8/site-packages/airflow/example_dags/example_task_group_decorator.py took 0.044 seconds
[2026-06-03T13:27:37.948+0000] {processor.py:161} INFO - Started process (PID=1525) to work on /home/airflow/.local/lib/python3.8/site-packages/airflow/example_dags/example_task_group_decorator.py
[2026-06-03T13:27:37.949+0000] {processor.py:830} INFO - Processing file /home/airflow/.local/lib/python3.8/site-packages/airflow/example_dags/example_task_group_decorator.py for tasks to queue
[2026-06-03T13:27:37.950+0000] {logging_mixin.py:188} INFO - [2026-06-03T13:27:37.950+0000] {dagbag.py:538} INFO - Filling up the DagBag from /home/airflow/.local/lib/python3.8/site-packages/airflow/example_dags/example_task_group_decorator.py
[2026-06-03T13:27:37.960+0000] {processor.py:840} INFO - DAG(s) 'example_task_group_decorator' retrieved from /home/airflow/.local/lib/python3.8/site-packages/airflow/example_dags/example_task_group_decorator.py
[2026-06-03T13:27:37.976+0000] {logging_mixin.py:188} INFO - [2026-06-03T13:27:37.976+0000] {dag.py:3033} INFO - Sync 1 DAGs
[2026-06-03T13:27:37.987+0000] {logging_mixin.py:188} INFO - [2026-06-03T13:27:37.987+0000] {dag.py:3820} INFO - Setting next_dagrun for example_task_group_decorator to 2026-06-02T00:00:00+00:00, run_after=2026-06-03T00:00:00+00:00
[2026-06-03T13:27:37.998+0000] {processor.py:183} INFO - Processing /home/airflow/.local/lib/python3.8/site-packages/airflow/example_dags/example_task_group_decorator.py took 0.051 seconds
[2026-06-03T13:28:08.663+0000] {processor.py:161} INFO - Started process (PID=1581) to work on /home/airflow/.local/lib/python3.8/site-packages/airflow/example_dags/example_task_group_decorator.py
[2026-06-03T13:28:08.665+0000] {processor.py:830} INFO - Processing file /home/airflow/.local/lib/python3.8/site-packages/airflow/example_dags/example_task_group_decorator.py for tasks to queue
[2026-06-03T13:28:08.666+0000] {logging_mixin.py:188} INFO - [2026-06-03T13:28:08.666+0000] {dagbag.py:538} INFO - Filling up the DagBag from /home/airflow/.local/lib/python3.8/site-packages/airflow/example_dags/example_task_group_decorator.py
[2026-06-03T13:28:08.673+0000] {processor.py:840} INFO - DAG(s) 'example_task_group_decorator' retrieved from /home/airflow/.local/lib/python3.8/site-packages/airflow/example_dags/example_task_group_decorator.py
[2026-06-03T13:28:08.686+0000] {logging_mixin.py:188} INFO - [2026-06-03T13:28:08.686+0000] {dag.py:3033} INFO - Sync 1 DAGs
[2026-06-03T13:28:08.695+0000] {logging_mixin.py:188} INFO - [2026-06-03T13:28:08.695+0000] {dag.py:3820} INFO - Setting next_dagrun for example_task_group_decorator to 2026-06-02T00:00:00+00:00, run_after=2026-06-03T00:00:00+00:00
[2026-06-03T13:28:08.706+0000] {processor.py:183} INFO - Processing /home/airflow/.local/lib/python3.8/site-packages/airflow/example_dags/example_task_group_decorator.py took 0.045 seconds
[2026-06-03T13:28:38.899+0000] {processor.py:161} INFO - Started process (PID=1637) to work on /home/airflow/.local/lib/python3.8/site-packages/airflow/example_dags/example_task_group_decorator.py
[2026-06-03T13:28:38.899+0000] {processor.py:830} INFO - Processing file /home/airflow/.local/lib/python3.8/site-packages/airflow/example_dags/example_task_group_decorator.py for tasks to queue
[2026-06-03T13:28:38.900+0000] {logging_mixin.py:188} INFO - [2026-06-03T13:28:38.900+0000] {dagbag.py:538} INFO - Filling up the DagBag from /home/airflow/.local/lib/python3.8/site-packages/airflow/example_dags/example_task_group_decorator.py
[2026-06-03T13:28:38.906+0000] {processor.py:840} INFO - DAG(s) 'example_task_group_decorator' retrieved from /home/airflow/.local/lib/python3.8/site-packages/airflow/example_dags/example_task_group_decorator.py
[2026-06-03T13:28:38.919+0000] {logging_mixin.py:188} INFO - [2026-06-03T13:28:38.919+0000] {dag.py:3033} INFO - Sync 1 DAGs
[2026-06-03T13:28:38.930+0000] {logging_mixin.py:188} INFO - [2026-06-03T13:28:38.930+0000] {dag.py:3820} INFO - Setting next_dagrun for example_task_group_decorator to 2026-06-02T00:00:00+00:00, run_after=2026-06-03T00:00:00+00:00
[2026-06-03T13:28:38.943+0000] {processor.py:183} INFO - Processing /home/airflow/.local/lib/python3.8/site-packages/airflow/example_dags/example_task_group_decorator.py took 0.045 seconds
[2026-06-03T13:29:09.030+0000] {processor.py:161} INFO - Started process (PID=1693) to work on /home/airflow/.local/lib/python3.8/site-packages/airflow/example_dags/example_task_group_decorator.py
[2026-06-03T13:29:09.030+0000] {processor.py:830} INFO - Processing file /home/airflow/.local/lib/python3.8/site-packages/airflow/example_dags/example_task_group_decorator.py for tasks to queue
[2026-06-03T13:29:09.031+0000] {logging_mixin.py:188} INFO - [2026-06-03T13:29:09.031+0000] {dagbag.py:538} INFO - Filling up the DagBag from /home/airflow/.local/lib/python3.8/site-packages/airflow/example_dags/example_task_group_decorator.py
[2026-06-03T13:29:09.037+0000] {processor.py:840} INFO - DAG(s) 'example_task_group_decorator' retrieved from /home/airflow/.local/lib/python3.8/site-packages/airflow/example_dags/example_task_group_decorator.py
[2026-06-03T13:29:09.053+0000] {logging_mixin.py:188} INFO - [2026-06-03T13:29:09.053+0000] {dag.py:3033} INFO - Sync 1 DAGs
[2026-06-03T13:29:09.060+0000] {logging_mixin.py:188} INFO - [2026-06-03T13:29:09.060+0000] {dag.py:3820} INFO - Setting next_dagrun for example_task_group_decorator to 2026-06-02T00:00:00+00:00, run_after=2026-06-03T00:00:00+00:00
[2026-06-03T13:29:09.070+0000] {processor.py:183} INFO - Processing /home/airflow/.local/lib/python3.8/site-packages/airflow/example_dags/example_task_group_decorator.py took 0.042 seconds
[2026-06-03T13:29:40.437+0000] {processor.py:161} INFO - Started process (PID=1749) to work on /home/airflow/.local/lib/python3.8/site-packages/airflow/example_dags/example_task_group_decorator.py
[2026-06-03T13:29:40.441+0000] {processor.py:830} INFO - Processing file /home/airflow/.local/lib/python3.8/site-packages/airflow/example_dags/example_task_group_decorator.py for tasks to queue
[2026-06-03T13:29:40.445+0000] {logging_mixin.py:188} INFO - [2026-06-03T13:29:40.445+0000] {dagbag.py:538} INFO - Filling up the DagBag from /home/airflow/.local/lib/python3.8/site-packages/airflow/example_dags/example_task_group_decorator.py
[2026-06-03T13:29:40.458+0000] {processor.py:840} INFO - DAG(s) 'example_task_group_decorator' retrieved from /home/airflow/.local/lib/python3.8/site-packages/airflow/example_dags/example_task_group_decorator.py
[2026-06-03T13:29:40.504+0000] {logging_mixin.py:188} INFO - [2026-06-03T13:29:40.504+0000] {dag.py:3033} INFO - Sync 1 DAGs
[2026-06-03T13:29:40.596+0000] {logging_mixin.py:188} INFO - [2026-06-03T13:29:40.595+0000] {dag.py:3820} INFO - Setting next_dagrun for example_task_group_decorator to 2026-06-02T00:00:00+00:00, run_after=2026-06-03T00:00:00+00:00
[2026-06-03T13:29:40.630+0000] {processor.py:183} INFO - Processing /home/airflow/.local/lib/python3.8/site-packages/airflow/example_dags/example_task_group_decorator.py took 0.202 seconds
[2026-06-03T13:30:11.761+0000] {processor.py:161} INFO - Started process (PID=1805) to work on /home/airflow/.local/lib/python3.8/site-packages/airflow/example_dags/example_task_group_decorator.py
[2026-06-03T13:30:11.763+0000] {processor.py:830} INFO - Processing file /home/airflow/.local/lib/python3.8/site-packages/airflow/example_dags/example_task_group_decorator.py for tasks to queue
[2026-06-03T13:30:11.766+0000] {logging_mixin.py:188} INFO - [2026-06-03T13:30:11.766+0000] {dagbag.py:538} INFO - Filling up the DagBag from /home/airflow/.local/lib/python3.8/site-packages/airflow/example_dags/example_task_group_decorator.py
[2026-06-03T13:30:11.791+0000] {processor.py:840} INFO - DAG(s) 'example_task_group_decorator' retrieved from /home/airflow/.local/lib/python3.8/site-packages/airflow/example_dags/example_task_group_decorator.py
[2026-06-03T13:30:11.825+0000] {logging_mixin.py:188} INFO - [2026-06-03T13:30:11.825+0000] {dag.py:3033} INFO - Sync 1 DAGs
[2026-06-03T13:30:11.843+0000] {logging_mixin.py:188} INFO - [2026-06-03T13:30:11.842+0000] {dag.py:3820} INFO - Setting next_dagrun for example_task_group_decorator to 2026-06-02T00:00:00+00:00, run_after=2026-06-03T00:00:00+00:00
[2026-06-03T13:30:11.864+0000] {processor.py:183} INFO - Processing /home/airflow/.local/lib/python3.8/site-packages/airflow/example_dags/example_task_group_decorator.py took 0.108 seconds
[2026-06-03T13:30:42.266+0000] {processor.py:161} INFO - Started process (PID=1861) to work on /home/airflow/.local/lib/python3.8/site-packages/airflow/example_dags/example_task_group_decorator.py
[2026-06-03T13:30:42.268+0000] {processor.py:830} INFO - Processing file /home/airflow/.local/lib/python3.8/site-packages/airflow/example_dags/example_task_group_decorator.py for tasks to queue
[2026-06-03T13:30:42.275+0000] {logging_mixin.py:188} INFO - [2026-06-03T13:30:42.274+0000] {dagbag.py:538} INFO - Filling up the DagBag from /home/airflow/.local/lib/python3.8/site-packages/airflow/example_dags/example_task_group_decorator.py
[2026-06-03T13:30:42.301+0000] {processor.py:840} INFO - DAG(s) 'example_task_group_decorator' retrieved from /home/airflow/.local/lib/python3.8/site-packages/airflow/example_dags/example_task_group_decorator.py
[2026-06-03T13:30:42.349+0000] {logging_mixin.py:188} INFO - [2026-06-03T13:30:42.348+0000] {dag.py:3033} INFO - Sync 1 DAGs
[2026-06-03T13:30:42.383+0000] {logging_mixin.py:188} INFO - [2026-06-03T13:30:42.383+0000] {dag.py:3820} INFO - Setting next_dagrun for example_task_group_decorator to 2026-06-02T00:00:00+00:00, run_after=2026-06-03T00:00:00+00:00
[2026-06-03T13:30:42.408+0000] {processor.py:183} INFO - Processing /home/airflow/.local/lib/python3.8/site-packages/airflow/example_dags/example_task_group_decorator.py took 0.148 seconds
[2026-06-03T13:31:12.459+0000] {processor.py:161} INFO - Started process (PID=1917) to work on /home/airflow/.local/lib/python3.8/site-packages/airflow/example_dags/example_task_group_decorator.py
[2026-06-03T13:31:12.461+0000] {processor.py:830} INFO - Processing file /home/airflow/.local/lib/python3.8/site-packages/airflow/example_dags/example_task_group_decorator.py for tasks to queue
[2026-06-03T13:31:12.466+0000] {logging_mixin.py:188} INFO - [2026-06-03T13:31:12.466+0000] {dagbag.py:538} INFO - Filling up the DagBag from /home/airflow/.local/lib/python3.8/site-packages/airflow/example_dags/example_task_group_decorator.py
[2026-06-03T13:31:12.488+0000] {processor.py:840} INFO - DAG(s) 'example_task_group_decorator' retrieved from /home/airflow/.local/lib/python3.8/site-packages/airflow/example_dags/example_task_group_decorator.py
[2026-06-03T13:31:12.526+0000] {logging_mixin.py:188} INFO - [2026-06-03T13:31:12.526+0000] {dag.py:3033} INFO - Sync 1 DAGs
[2026-06-03T13:31:12.546+0000] {logging_mixin.py:188} INFO - [2026-06-03T13:31:12.546+0000] {dag.py:3820} INFO - Setting next_dagrun for example_task_group_decorator to 2026-06-02T00:00:00+00:00, run_after=2026-06-03T00:00:00+00:00
[2026-06-03T13:31:12.570+0000] {processor.py:183} INFO - Processing /home/airflow/.local/lib/python3.8/site-packages/airflow/example_dags/example_task_group_decorator.py took 0.116 seconds
[2026-06-03T13:31:42.939+0000] {processor.py:161} INFO - Started process (PID=1972) to work on /home/airflow/.local/lib/python3.8/site-packages/airflow/example_dags/example_task_group_decorator.py
[2026-06-03T13:31:42.941+0000] {processor.py:830} INFO - Processing file /home/airflow/.local/lib/python3.8/site-packages/airflow/example_dags/example_task_group_decorator.py for tasks to queue
[2026-06-03T13:31:42.943+0000] {logging_mixin.py:188} INFO - [2026-06-03T13:31:42.943+0000] {dagbag.py:538} INFO - Filling up the DagBag from /home/airflow/.local/lib/python3.8/site-packages/airflow/example_dags/example_task_group_decorator.py
[2026-06-03T13:31:42.953+0000] {processor.py:840} INFO - DAG(s) 'example_task_group_decorator' retrieved from /home/airflow/.local/lib/python3.8/site-packages/airflow/example_dags/example_task_group_decorator.py
[2026-06-03T13:31:42.969+0000] {logging_mixin.py:188} INFO - [2026-06-03T13:31:42.969+0000] {dag.py:3033} INFO - Sync 1 DAGs
[2026-06-03T13:31:42.979+0000] {logging_mixin.py:188} INFO - [2026-06-03T13:31:42.979+0000] {dag.py:3820} INFO - Setting next_dagrun for example_task_group_decorator to 2026-06-02T00:00:00+00:00, run_after=2026-06-03T00:00:00+00:00
[2026-06-03T13:31:42.986+0000] {processor.py:183} INFO - Processing /home/airflow/.local/lib/python3.8/site-packages/airflow/example_dags/example_task_group_decorator.py took 0.049 seconds
[2026-06-03T13:32:13.146+0000] {processor.py:161} INFO - Started process (PID=2028) to work on /home/airflow/.local/lib/python3.8/site-packages/airflow/example_dags/example_task_group_decorator.py
[2026-06-03T13:32:13.147+0000] {processor.py:830} INFO - Processing file /home/airflow/.local/lib/python3.8/site-packages/airflow/example_dags/example_task_group_decorator.py for tasks to queue
[2026-06-03T13:32:13.148+0000] {logging_mixin.py:188} INFO - [2026-06-03T13:32:13.148+0000] {dagbag.py:538} INFO - Filling up the DagBag from /home/airflow/.local/lib/python3.8/site-packages/airflow/example_dags/example_task_group_decorator.py
[2026-06-03T13:32:13.155+0000] {processor.py:840} INFO - DAG(s) 'example_task_group_decorator' retrieved from /home/airflow/.local/lib/python3.8/site-packages/airflow/example_dags/example_task_group_decorator.py
[2026-06-03T13:32:13.164+0000] {logging_mixin.py:188} INFO - [2026-06-03T13:32:13.164+0000] {dag.py:3033} INFO - Sync 1 DAGs
[2026-06-03T13:32:13.172+0000] {logging_mixin.py:188} INFO - [2026-06-03T13:32:13.172+0000] {dag.py:3820} INFO - Setting next_dagrun for example_task_group_decorator to 2026-06-02T00:00:00+00:00, run_after=2026-06-03T00:00:00+00:00
[2026-06-03T13:32:13.179+0000] {processor.py:183} INFO - Processing /home/airflow/.local/lib/python3.8/site-packages/airflow/example_dags/example_task_group_decorator.py took 0.034 seconds
[2026-06-03T13:32:44.080+0000] {processor.py:161} INFO - Started process (PID=2085) to work on /home/airflow/.local/lib/python3.8/site-packages/airflow/example_dags/example_task_group_decorator.py
[2026-06-03T13:32:44.080+0000] {processor.py:830} INFO - Processing file /home/airflow/.local/lib/python3.8/site-packages/airflow/example_dags/example_task_group_decorator.py for tasks to queue
[2026-06-03T13:32:44.081+0000] {logging_mixin.py:188} INFO - [2026-06-03T13:32:44.081+0000] {dagbag.py:538} INFO - Filling up the DagBag from /home/airflow/.local/lib/python3.8/site-packages/airflow/example_dags/example_task_group_decorator.py
[2026-06-03T13:32:44.089+0000] {processor.py:840} INFO - DAG(s) 'example_task_group_decorator' retrieved from /home/airflow/.local/lib/python3.8/site-packages/airflow/example_dags/example_task_group_decorator.py
[2026-06-03T13:32:44.112+0000] {logging_mixin.py:188} INFO - [2026-06-03T13:32:44.112+0000] {dag.py:3033} INFO - Sync 1 DAGs
[2026-06-03T13:32:44.129+0000] {logging_mixin.py:188} INFO - [2026-06-03T13:32:44.129+0000] {dag.py:3820} INFO - Setting next_dagrun for example_task_group_decorator to 2026-06-02T00:00:00+00:00, run_after=2026-06-03T00:00:00+00:00
[2026-06-03T13:32:44.140+0000] {processor.py:183} INFO - Processing /home/airflow/.local/lib/python3.8/site-packages/airflow/example_dags/example_task_group_decorator.py took 0.062 seconds
[2026-06-03T13:33:14.758+0000] {processor.py:161} INFO - Started process (PID=2141) to work on /home/airflow/.local/lib/python3.8/site-packages/airflow/example_dags/example_task_group_decorator.py
[2026-06-03T13:33:14.762+0000] {processor.py:830} INFO - Processing file /home/airflow/.local/lib/python3.8/site-packages/airflow/example_dags/example_task_group_decorator.py for tasks to queue
[2026-06-03T13:33:14.765+0000] {logging_mixin.py:188} INFO - [2026-06-03T13:33:14.765+0000] {dagbag.py:538} INFO - Filling up the DagBag from /home/airflow/.local/lib/python3.8/site-packages/airflow/example_dags/example_task_group_decorator.py
[2026-06-03T13:33:14.784+0000] {processor.py:840} INFO - DAG(s) 'example_task_group_decorator' retrieved from /home/airflow/.local/lib/python3.8/site-packages/airflow/example_dags/example_task_group_decorator.py
[2026-06-03T13:33:14.807+0000] {logging_mixin.py:188} INFO - [2026-06-03T13:33:14.807+0000] {dag.py:3033} INFO - Sync 1 DAGs
[2026-06-03T13:33:14.821+0000] {logging_mixin.py:188} INFO - [2026-06-03T13:33:14.821+0000] {dag.py:3820} INFO - Setting next_dagrun for example_task_group_decorator to 2026-06-02T00:00:00+00:00, run_after=2026-06-03T00:00:00+00:00
[2026-06-03T13:33:14.947+0000] {processor.py:183} INFO - Processing /home/airflow/.local/lib/python3.8/site-packages/airflow/example_dags/example_task_group_decorator.py took 0.196 seconds
[2026-06-03T13:33:45.690+0000] {processor.py:161} INFO - Started process (PID=2198) to work on /home/airflow/.local/lib/python3.8/site-packages/airflow/example_dags/example_task_group_decorator.py
[2026-06-03T13:33:45.698+0000] {processor.py:830} INFO - Processing file /home/airflow/.local/lib/python3.8/site-packages/airflow/example_dags/example_task_group_decorator.py for tasks to queue
[2026-06-03T13:33:45.702+0000] {logging_mixin.py:188} INFO - [2026-06-03T13:33:45.701+0000] {dagbag.py:538} INFO - Filling up the DagBag from /home/airflow/.local/lib/python3.8/site-packages/airflow/example_dags/example_task_group_decorator.py
[2026-06-03T13:33:45.717+0000] {processor.py:840} INFO - DAG(s) 'example_task_group_decorator' retrieved from /home/airflow/.local/lib/python3.8/site-packages/airflow/example_dags/example_task_group_decorator.py
[2026-06-03T13:33:45.820+0000] {logging_mixin.py:188} INFO - [2026-06-03T13:33:45.819+0000] {dag.py:3033} INFO - Sync 1 DAGs
[2026-06-03T13:33:45.870+0000] {logging_mixin.py:188} INFO - [2026-06-03T13:33:45.870+0000] {dag.py:3820} INFO - Setting next_dagrun for example_task_group_decorator to 2026-06-02T00:00:00+00:00, run_after=2026-06-03T00:00:00+00:00
[2026-06-03T13:33:45.894+0000] {processor.py:183} INFO - Processing /home/airflow/.local/lib/python3.8/site-packages/airflow/example_dags/example_task_group_decorator.py took 0.221 seconds
[2026-06-03T13:34:15.939+0000] {processor.py:161} INFO - Started process (PID=2254) to work on /home/airflow/.local/lib/python3.8/site-packages/airflow/example_dags/example_task_group_decorator.py
[2026-06-03T13:34:15.940+0000] {processor.py:830} INFO - Processing file /home/airflow/.local/lib/python3.8/site-packages/airflow/example_dags/example_task_group_decorator.py for tasks to queue
[2026-06-03T13:34:15.941+0000] {logging_mixin.py:188} INFO - [2026-06-03T13:34:15.941+0000] {dagbag.py:538} INFO - Filling up the DagBag from /home/airflow/.local/lib/python3.8/site-packages/airflow/example_dags/example_task_group_decorator.py
[2026-06-03T13:34:15.947+0000] {processor.py:840} INFO - DAG(s) 'example_task_group_decorator' retrieved from /home/airflow/.local/lib/python3.8/site-packages/airflow/example_dags/example_task_group_decorator.py
[2026-06-03T13:34:15.956+0000] {logging_mixin.py:188} INFO - [2026-06-03T13:34:15.956+0000] {dag.py:3033} INFO - Sync 1 DAGs
[2026-06-03T13:34:15.964+0000] {logging_mixin.py:188} INFO - [2026-06-03T13:34:15.964+0000] {dag.py:3820} INFO - Setting next_dagrun for example_task_group_decorator to 2026-06-02T00:00:00+00:00, run_after=2026-06-03T00:00:00+00:00
[2026-06-03T13:34:15.970+0000] {processor.py:183} INFO - Processing /home/airflow/.local/lib/python3.8/site-packages/airflow/example_dags/example_task_group_decorator.py took 0.032 seconds
[2026-06-03T13:34:48.364+0000] {processor.py:161} INFO - Started process (PID=2309) to work on /home/airflow/.local/lib/python3.8/site-packages/airflow/example_dags/example_task_group_decorator.py
[2026-06-03T13:34:48.367+0000] {processor.py:830} INFO - Processing file /home/airflow/.local/lib/python3.8/site-packages/airflow/example_dags/example_task_group_decorator.py for tasks to queue
[2026-06-03T13:34:48.370+0000] {logging_mixin.py:188} INFO - [2026-06-03T13:34:48.370+0000] {dagbag.py:538} INFO - Filling up the DagBag from /home/airflow/.local/lib/python3.8/site-packages/airflow/example_dags/example_task_group_decorator.py
[2026-06-03T13:34:48.390+0000] {processor.py:840} INFO - DAG(s) 'example_task_group_decorator' retrieved from /home/airflow/.local/lib/python3.8/site-packages/airflow/example_dags/example_task_group_decorator.py
[2026-06-03T13:34:48.427+0000] {logging_mixin.py:188} INFO - [2026-06-03T13:34:48.427+0000] {dag.py:3033} INFO - Sync 1 DAGs
[2026-06-03T13:34:48.478+0000] {logging_mixin.py:188} INFO - [2026-06-03T13:34:48.476+0000] {dag.py:3820} INFO - Setting next_dagrun for example_task_group_decorator to 2026-06-02T00:00:00+00:00, run_after=2026-06-03T00:00:00+00:00
[2026-06-03T13:34:48.536+0000] {processor.py:183} INFO - Processing /home/airflow/.local/lib/python3.8/site-packages/airflow/example_dags/example_task_group_decorator.py took 0.195 seconds
[2026-06-03T13:35:19.206+0000] {processor.py:161} INFO - Started process (PID=2365) to work on /home/airflow/.local/lib/python3.8/site-packages/airflow/example_dags/example_task_group_decorator.py
[2026-06-03T13:35:19.207+0000] {processor.py:830} INFO - Processing file /home/airflow/.local/lib/python3.8/site-packages/airflow/example_dags/example_task_group_decorator.py for tasks to queue
[2026-06-03T13:35:19.208+0000] {logging_mixin.py:188} INFO - [2026-06-03T13:35:19.208+0000] {dagbag.py:538} INFO - Filling up the DagBag from /home/airflow/.local/lib/python3.8/site-packages/airflow/example_dags/example_task_group_decorator.py
[2026-06-03T13:35:19.217+0000] {processor.py:840} INFO - DAG(s) 'example_task_group_decorator' retrieved from /home/airflow/.local/lib/python3.8/site-packages/airflow/example_dags/example_task_group_decorator.py
[2026-06-03T13:35:19.230+0000] {logging_mixin.py:188} INFO - [2026-06-03T13:35:19.230+0000] {dag.py:3033} INFO - Sync 1 DAGs
[2026-06-03T13:35:19.315+0000] {logging_mixin.py:188} INFO - [2026-06-03T13:35:19.315+0000] {dag.py:3820} INFO - Setting next_dagrun for example_task_group_decorator to 2026-06-02T00:00:00+00:00, run_after=2026-06-03T00:00:00+00:00
[2026-06-03T13:35:19.334+0000] {processor.py:183} INFO - Processing /home/airflow/.local/lib/python3.8/site-packages/airflow/example_dags/example_task_group_decorator.py took 0.129 seconds
[2026-06-03T13:35:49.374+0000] {processor.py:161} INFO - Started process (PID=2421) to work on /home/airflow/.local/lib/python3.8/site-packages/airflow/example_dags/example_task_group_decorator.py
[2026-06-03T13:35:49.374+0000] {processor.py:830} INFO - Processing file /home/airflow/.local/lib/python3.8/site-packages/airflow/example_dags/example_task_group_decorator.py for tasks to queue
[2026-06-03T13:35:49.375+0000] {logging_mixin.py:188} INFO - [2026-06-03T13:35:49.375+0000] {dagbag.py:538} INFO - Filling up the DagBag from /home/airflow/.local/lib/python3.8/site-packages/airflow/example_dags/example_task_group_decorator.py
[2026-06-03T13:35:49.382+0000] {processor.py:840} INFO - DAG(s) 'example_task_group_decorator' retrieved from /home/airflow/.local/lib/python3.8/site-packages/airflow/example_dags/example_task_group_decorator.py
[2026-06-03T13:35:49.392+0000] {logging_mixin.py:188} INFO - [2026-06-03T13:35:49.392+0000] {dag.py:3033} INFO - Sync 1 DAGs
[2026-06-03T13:35:49.400+0000] {logging_mixin.py:188} INFO - [2026-06-03T13:35:49.400+0000] {dag.py:3820} INFO - Setting next_dagrun for example_task_group_decorator to 2026-06-02T00:00:00+00:00, run_after=2026-06-03T00:00:00+00:00
[2026-06-03T13:35:49.406+0000] {processor.py:183} INFO - Processing /home/airflow/.local/lib/python3.8/site-packages/airflow/example_dags/example_task_group_decorator.py took 0.035 seconds
[2026-06-03T13:36:19.966+0000] {processor.py:161} INFO - Started process (PID=2477) to work on /home/airflow/.local/lib/python3.8/site-packages/airflow/example_dags/example_task_group_decorator.py
[2026-06-03T13:36:19.967+0000] {processor.py:830} INFO - Processing file /home/airflow/.local/lib/python3.8/site-packages/airflow/example_dags/example_task_group_decorator.py for tasks to queue
[2026-06-03T13:36:19.968+0000] {logging_mixin.py:188} INFO - [2026-06-03T13:36:19.968+0000] {dagbag.py:538} INFO - Filling up the DagBag from /home/airflow/.local/lib/python3.8/site-packages/airflow/example_dags/example_task_group_decorator.py
[2026-06-03T13:36:19.978+0000] {processor.py:840} INFO - DAG(s) 'example_task_group_decorator' retrieved from /home/airflow/.local/lib/python3.8/site-packages/airflow/example_dags/example_task_group_decorator.py
[2026-06-03T13:36:19.993+0000] {logging_mixin.py:188} INFO - [2026-06-03T13:36:19.992+0000] {dag.py:3033} INFO - Sync 1 DAGs
[2026-06-03T13:36:20.005+0000] {logging_mixin.py:188} INFO - [2026-06-03T13:36:20.005+0000] {dag.py:3820} INFO - Setting next_dagrun for example_task_group_decorator to 2026-06-02T00:00:00+00:00, run_after=2026-06-03T00:00:00+00:00
[2026-06-03T13:36:20.019+0000] {processor.py:183} INFO - Processing /home/airflow/.local/lib/python3.8/site-packages/airflow/example_dags/example_task_group_decorator.py took 0.055 seconds
[2026-06-03T13:36:51.071+0000] {processor.py:161} INFO - Started process (PID=2533) to work on /home/airflow/.local/lib/python3.8/site-packages/airflow/example_dags/example_task_group_decorator.py
[2026-06-03T13:36:51.072+0000] {processor.py:830} INFO - Processing file /home/airflow/.local/lib/python3.8/site-packages/airflow/example_dags/example_task_group_decorator.py for tasks to queue
[2026-06-03T13:36:51.074+0000] {logging_mixin.py:188} INFO - [2026-06-03T13:36:51.073+0000] {dagbag.py:538} INFO - Filling up the DagBag from /home/airflow/.local/lib/python3.8/site-packages/airflow/example_dags/example_task_group_decorator.py
[2026-06-03T13:36:51.081+0000] {processor.py:840} INFO - DAG(s) 'example_task_group_decorator' retrieved from /home/airflow/.local/lib/python3.8/site-packages/airflow/example_dags/example_task_group_decorator.py
[2026-06-03T13:36:51.120+0000] {logging_mixin.py:188} INFO - [2026-06-03T13:36:51.120+0000] {dag.py:3033} INFO - Sync 1 DAGs
[2026-06-03T13:36:51.139+0000] {logging_mixin.py:188} INFO - [2026-06-03T13:36:51.139+0000] {dag.py:3820} INFO - Setting next_dagrun for example_task_group_decorator to 2026-06-02T00:00:00+00:00, run_after=2026-06-03T00:00:00+00:00
[2026-06-03T13:36:51.159+0000] {processor.py:183} INFO - Processing /home/airflow/.local/lib/python3.8/site-packages/airflow/example_dags/example_task_group_decorator.py took 0.091 seconds
[2026-06-03T13:37:22.087+0000] {processor.py:161} INFO - Started process (PID=2589) to work on /home/airflow/.local/lib/python3.8/site-packages/airflow/example_dags/example_task_group_decorator.py
[2026-06-03T13:37:22.088+0000] {processor.py:830} INFO - Processing file /home/airflow/.local/lib/python3.8/site-packages/airflow/example_dags/example_task_group_decorator.py for tasks to queue
[2026-06-03T13:37:22.090+0000] {logging_mixin.py:188} INFO - [2026-06-03T13:37:22.090+0000] {dagbag.py:538} INFO - Filling up the DagBag from /home/airflow/.local/lib/python3.8/site-packages/airflow/example_dags/example_task_group_decorator.py
[2026-06-03T13:37:22.096+0000] {processor.py:840} INFO - DAG(s) 'example_task_group_decorator' retrieved from /home/airflow/.local/lib/python3.8/site-packages/airflow/example_dags/example_task_group_decorator.py
[2026-06-03T13:37:22.107+0000] {logging_mixin.py:188} INFO - [2026-06-03T13:37:22.107+0000] {dag.py:3033} INFO - Sync 1 DAGs
[2026-06-03T13:37:22.193+0000] {logging_mixin.py:188} INFO - [2026-06-03T13:37:22.193+0000] {dag.py:3820} INFO - Setting next_dagrun for example_task_group_decorator to 2026-06-02T00:00:00+00:00, run_after=2026-06-03T00:00:00+00:00
[2026-06-03T13:37:22.206+0000] {processor.py:183} INFO - Processing /home/airflow/.local/lib/python3.8/site-packages/airflow/example_dags/example_task_group_decorator.py took 0.120 seconds
[2026-06-03T13:37:53.677+0000] {processor.py:161} INFO - Started process (PID=2645) to work on /home/airflow/.local/lib/python3.8/site-packages/airflow/example_dags/example_task_group_decorator.py
[2026-06-03T13:37:53.678+0000] {processor.py:830} INFO - Processing file /home/airflow/.local/lib/python3.8/site-packages/airflow/example_dags/example_task_group_decorator.py for tasks to queue
[2026-06-03T13:37:53.681+0000] {logging_mixin.py:188} INFO - [2026-06-03T13:37:53.681+0000] {dagbag.py:538} INFO - Filling up the DagBag from /home/airflow/.local/lib/python3.8/site-packages/airflow/example_dags/example_task_group_decorator.py
[2026-06-03T13:37:53.698+0000] {processor.py:840} INFO - DAG(s) 'example_task_group_decorator' retrieved from /home/airflow/.local/lib/python3.8/site-packages/airflow/example_dags/example_task_group_decorator.py
[2026-06-03T13:37:53.730+0000] {logging_mixin.py:188} INFO - [2026-06-03T13:37:53.730+0000] {dag.py:3033} INFO - Sync 1 DAGs
[2026-06-03T13:37:53.748+0000] {logging_mixin.py:188} INFO - [2026-06-03T13:37:53.747+0000] {dag.py:3820} INFO - Setting next_dagrun for example_task_group_decorator to 2026-06-02T00:00:00+00:00, run_after=2026-06-03T00:00:00+00:00
[2026-06-03T13:37:53.968+0000] {processor.py:183} INFO - Processing /home/airflow/.local/lib/python3.8/site-packages/airflow/example_dags/example_task_group_decorator.py took 0.295 seconds
[2026-06-03T13:38:24.772+0000] {processor.py:161} INFO - Started process (PID=2702) to work on /home/airflow/.local/lib/python3.8/site-packages/airflow/example_dags/example_task_group_decorator.py
[2026-06-03T13:38:24.781+0000] {processor.py:830} INFO - Processing file /home/airflow/.local/lib/python3.8/site-packages/airflow/example_dags/example_task_group_decorator.py for tasks to queue
[2026-06-03T13:38:24.792+0000] {logging_mixin.py:188} INFO - [2026-06-03T13:38:24.792+0000] {dagbag.py:538} INFO - Filling up the DagBag from /home/airflow/.local/lib/python3.8/site-packages/airflow/example_dags/example_task_group_decorator.py
[2026-06-03T13:38:24.807+0000] {processor.py:840} INFO - DAG(s) 'example_task_group_decorator' retrieved from /home/airflow/.local/lib/python3.8/site-packages/airflow/example_dags/example_task_group_decorator.py
[2026-06-03T13:38:24.834+0000] {logging_mixin.py:188} INFO - [2026-06-03T13:38:24.834+0000] {dag.py:3033} INFO - Sync 1 DAGs
[2026-06-03T13:38:24.853+0000] {logging_mixin.py:188} INFO - [2026-06-03T13:38:24.853+0000] {dag.py:3820} INFO - Setting next_dagrun for example_task_group_decorator to 2026-06-02T00:00:00+00:00, run_after=2026-06-03T00:00:00+00:00
[2026-06-03T13:38:24.871+0000] {processor.py:183} INFO - Processing /home/airflow/.local/lib/python3.8/site-packages/airflow/example_dags/example_task_group_decorator.py took 0.105 seconds
