[2026-06-03T11:48:40.353+0000] {processor.py:161} INFO - Started process (PID=46) to work on /home/airflow/.local/lib/python3.8/site-packages/airflow/example_dags/tutorial_dag.py
[2026-06-03T11:48:40.355+0000] {processor.py:830} INFO - Processing file /home/airflow/.local/lib/python3.8/site-packages/airflow/example_dags/tutorial_dag.py for tasks to queue
[2026-06-03T11:48:40.362+0000] {logging_mixin.py:188} INFO - [2026-06-03T11:48:40.362+0000] {dagbag.py:538} INFO - Filling up the DagBag from /home/airflow/.local/lib/python3.8/site-packages/airflow/example_dags/tutorial_dag.py
[2026-06-03T11:48:40.379+0000] {processor.py:840} INFO - DAG(s) 'tutorial_dag' retrieved from /home/airflow/.local/lib/python3.8/site-packages/airflow/example_dags/tutorial_dag.py
[2026-06-03T11:48:40.414+0000] {logging_mixin.py:188} INFO - [2026-06-03T11:48:40.413+0000] {dag.py:3033} INFO - Sync 1 DAGs
[2026-06-03T11:48:40.441+0000] {logging_mixin.py:188} INFO - [2026-06-03T11:48:40.440+0000] {dag.py:3820} INFO - Setting next_dagrun for tutorial_dag to None, run_after=None
[2026-06-03T11:48:40.481+0000] {processor.py:183} INFO - Processing /home/airflow/.local/lib/python3.8/site-packages/airflow/example_dags/tutorial_dag.py took 0.131 seconds
[2026-06-03T11:49:11.035+0000] {processor.py:161} INFO - Started process (PID=100) to work on /home/airflow/.local/lib/python3.8/site-packages/airflow/example_dags/tutorial_dag.py
[2026-06-03T11:49:11.036+0000] {processor.py:830} INFO - Processing file /home/airflow/.local/lib/python3.8/site-packages/airflow/example_dags/tutorial_dag.py for tasks to queue
[2026-06-03T11:49:11.038+0000] {logging_mixin.py:188} INFO - [2026-06-03T11:49:11.038+0000] {dagbag.py:538} INFO - Filling up the DagBag from /home/airflow/.local/lib/python3.8/site-packages/airflow/example_dags/tutorial_dag.py
[2026-06-03T11:49:11.041+0000] {processor.py:840} INFO - DAG(s) 'tutorial_dag' retrieved from /home/airflow/.local/lib/python3.8/site-packages/airflow/example_dags/tutorial_dag.py
[2026-06-03T11:49:11.097+0000] {logging_mixin.py:188} INFO - [2026-06-03T11:49:11.097+0000] {dag.py:3033} INFO - Sync 1 DAGs
[2026-06-03T11:49:11.104+0000] {logging_mixin.py:188} INFO - [2026-06-03T11:49:11.104+0000] {dag.py:3820} INFO - Setting next_dagrun for tutorial_dag to None, run_after=None
[2026-06-03T11:49:11.125+0000] {processor.py:183} INFO - Processing /home/airflow/.local/lib/python3.8/site-packages/airflow/example_dags/tutorial_dag.py took 0.091 seconds
[2026-06-03T11:49:41.173+0000] {processor.py:161} INFO - Started process (PID=155) to work on /home/airflow/.local/lib/python3.8/site-packages/airflow/example_dags/tutorial_dag.py
[2026-06-03T11:49:41.173+0000] {processor.py:830} INFO - Processing file /home/airflow/.local/lib/python3.8/site-packages/airflow/example_dags/tutorial_dag.py for tasks to queue
[2026-06-03T11:49:41.174+0000] {logging_mixin.py:188} INFO - [2026-06-03T11:49:41.174+0000] {dagbag.py:538} INFO - Filling up the DagBag from /home/airflow/.local/lib/python3.8/site-packages/airflow/example_dags/tutorial_dag.py
[2026-06-03T11:49:41.177+0000] {processor.py:840} INFO - DAG(s) 'tutorial_dag' retrieved from /home/airflow/.local/lib/python3.8/site-packages/airflow/example_dags/tutorial_dag.py
[2026-06-03T11:49:41.185+0000] {logging_mixin.py:188} INFO - [2026-06-03T11:49:41.185+0000] {dag.py:3033} INFO - Sync 1 DAGs
[2026-06-03T11:49:41.190+0000] {logging_mixin.py:188} INFO - [2026-06-03T11:49:41.190+0000] {dag.py:3820} INFO - Setting next_dagrun for tutorial_dag to None, run_after=None
[2026-06-03T11:49:41.196+0000] {processor.py:183} INFO - Processing /home/airflow/.local/lib/python3.8/site-packages/airflow/example_dags/tutorial_dag.py took 0.025 seconds
[2026-06-03T11:50:11.318+0000] {processor.py:161} INFO - Started process (PID=210) to work on /home/airflow/.local/lib/python3.8/site-packages/airflow/example_dags/tutorial_dag.py
[2026-06-03T11:50:11.320+0000] {processor.py:830} INFO - Processing file /home/airflow/.local/lib/python3.8/site-packages/airflow/example_dags/tutorial_dag.py for tasks to queue
[2026-06-03T11:50:11.322+0000] {logging_mixin.py:188} INFO - [2026-06-03T11:50:11.321+0000] {dagbag.py:538} INFO - Filling up the DagBag from /home/airflow/.local/lib/python3.8/site-packages/airflow/example_dags/tutorial_dag.py
[2026-06-03T11:50:11.327+0000] {processor.py:840} INFO - DAG(s) 'tutorial_dag' retrieved from /home/airflow/.local/lib/python3.8/site-packages/airflow/example_dags/tutorial_dag.py
[2026-06-03T11:50:11.344+0000] {logging_mixin.py:188} INFO - [2026-06-03T11:50:11.343+0000] {dag.py:3033} INFO - Sync 1 DAGs
[2026-06-03T11:50:11.351+0000] {logging_mixin.py:188} INFO - [2026-06-03T11:50:11.351+0000] {dag.py:3820} INFO - Setting next_dagrun for tutorial_dag to None, run_after=None
[2026-06-03T11:50:11.363+0000] {processor.py:183} INFO - Processing /home/airflow/.local/lib/python3.8/site-packages/airflow/example_dags/tutorial_dag.py took 0.053 seconds
[2026-06-03T11:50:41.684+0000] {processor.py:161} INFO - Started process (PID=265) to work on /home/airflow/.local/lib/python3.8/site-packages/airflow/example_dags/tutorial_dag.py
[2026-06-03T11:50:41.685+0000] {processor.py:830} INFO - Processing file /home/airflow/.local/lib/python3.8/site-packages/airflow/example_dags/tutorial_dag.py for tasks to queue
[2026-06-03T11:50:41.686+0000] {logging_mixin.py:188} INFO - [2026-06-03T11:50:41.686+0000] {dagbag.py:538} INFO - Filling up the DagBag from /home/airflow/.local/lib/python3.8/site-packages/airflow/example_dags/tutorial_dag.py
[2026-06-03T11:50:41.688+0000] {processor.py:840} INFO - DAG(s) 'tutorial_dag' retrieved from /home/airflow/.local/lib/python3.8/site-packages/airflow/example_dags/tutorial_dag.py
[2026-06-03T11:50:41.698+0000] {logging_mixin.py:188} INFO - [2026-06-03T11:50:41.698+0000] {dag.py:3033} INFO - Sync 1 DAGs
[2026-06-03T11:50:41.704+0000] {logging_mixin.py:188} INFO - [2026-06-03T11:50:41.704+0000] {dag.py:3820} INFO - Setting next_dagrun for tutorial_dag to None, run_after=None
[2026-06-03T11:50:41.724+0000] {processor.py:183} INFO - Processing /home/airflow/.local/lib/python3.8/site-packages/airflow/example_dags/tutorial_dag.py took 0.042 seconds
[2026-06-03T11:51:11.911+0000] {processor.py:161} INFO - Started process (PID=320) to work on /home/airflow/.local/lib/python3.8/site-packages/airflow/example_dags/tutorial_dag.py
[2026-06-03T11:51:11.913+0000] {processor.py:830} INFO - Processing file /home/airflow/.local/lib/python3.8/site-packages/airflow/example_dags/tutorial_dag.py for tasks to queue
[2026-06-03T11:51:11.914+0000] {logging_mixin.py:188} INFO - [2026-06-03T11:51:11.914+0000] {dagbag.py:538} INFO - Filling up the DagBag from /home/airflow/.local/lib/python3.8/site-packages/airflow/example_dags/tutorial_dag.py
[2026-06-03T11:51:11.916+0000] {processor.py:840} INFO - DAG(s) 'tutorial_dag' retrieved from /home/airflow/.local/lib/python3.8/site-packages/airflow/example_dags/tutorial_dag.py
[2026-06-03T11:51:11.925+0000] {logging_mixin.py:188} INFO - [2026-06-03T11:51:11.924+0000] {dag.py:3033} INFO - Sync 1 DAGs
[2026-06-03T11:51:11.935+0000] {logging_mixin.py:188} INFO - [2026-06-03T11:51:11.935+0000] {dag.py:3820} INFO - Setting next_dagrun for tutorial_dag to None, run_after=None
[2026-06-03T11:51:11.955+0000] {processor.py:183} INFO - Processing /home/airflow/.local/lib/python3.8/site-packages/airflow/example_dags/tutorial_dag.py took 0.046 seconds
[2026-06-03T11:51:42.298+0000] {processor.py:161} INFO - Started process (PID=381) to work on /home/airflow/.local/lib/python3.8/site-packages/airflow/example_dags/tutorial_dag.py
[2026-06-03T11:51:42.299+0000] {processor.py:830} INFO - Processing file /home/airflow/.local/lib/python3.8/site-packages/airflow/example_dags/tutorial_dag.py for tasks to queue
[2026-06-03T11:51:42.300+0000] {logging_mixin.py:188} INFO - [2026-06-03T11:51:42.300+0000] {dagbag.py:538} INFO - Filling up the DagBag from /home/airflow/.local/lib/python3.8/site-packages/airflow/example_dags/tutorial_dag.py
[2026-06-03T11:51:42.303+0000] {processor.py:840} INFO - DAG(s) 'tutorial_dag' retrieved from /home/airflow/.local/lib/python3.8/site-packages/airflow/example_dags/tutorial_dag.py
[2026-06-03T11:51:42.331+0000] {logging_mixin.py:188} INFO - [2026-06-03T11:51:42.331+0000] {dag.py:3033} INFO - Sync 1 DAGs
[2026-06-03T11:51:42.341+0000] {logging_mixin.py:188} INFO - [2026-06-03T11:51:42.341+0000] {dag.py:3820} INFO - Setting next_dagrun for tutorial_dag to None, run_after=None
[2026-06-03T11:51:42.355+0000] {processor.py:183} INFO - Processing /home/airflow/.local/lib/python3.8/site-packages/airflow/example_dags/tutorial_dag.py took 0.059 seconds
[2026-06-03T11:52:12.786+0000] {processor.py:161} INFO - Started process (PID=436) to work on /home/airflow/.local/lib/python3.8/site-packages/airflow/example_dags/tutorial_dag.py
[2026-06-03T11:52:12.787+0000] {processor.py:830} INFO - Processing file /home/airflow/.local/lib/python3.8/site-packages/airflow/example_dags/tutorial_dag.py for tasks to queue
[2026-06-03T11:52:12.788+0000] {logging_mixin.py:188} INFO - [2026-06-03T11:52:12.788+0000] {dagbag.py:538} INFO - Filling up the DagBag from /home/airflow/.local/lib/python3.8/site-packages/airflow/example_dags/tutorial_dag.py
[2026-06-03T11:52:12.791+0000] {processor.py:840} INFO - DAG(s) 'tutorial_dag' retrieved from /home/airflow/.local/lib/python3.8/site-packages/airflow/example_dags/tutorial_dag.py
[2026-06-03T11:52:12.823+0000] {logging_mixin.py:188} INFO - [2026-06-03T11:52:12.823+0000] {dag.py:3033} INFO - Sync 1 DAGs
[2026-06-03T11:52:12.832+0000] {logging_mixin.py:188} INFO - [2026-06-03T11:52:12.832+0000] {dag.py:3820} INFO - Setting next_dagrun for tutorial_dag to None, run_after=None
[2026-06-03T11:52:12.843+0000] {processor.py:183} INFO - Processing /home/airflow/.local/lib/python3.8/site-packages/airflow/example_dags/tutorial_dag.py took 0.058 seconds
[2026-06-03T11:52:43.361+0000] {processor.py:161} INFO - Started process (PID=491) to work on /home/airflow/.local/lib/python3.8/site-packages/airflow/example_dags/tutorial_dag.py
[2026-06-03T11:52:43.362+0000] {processor.py:830} INFO - Processing file /home/airflow/.local/lib/python3.8/site-packages/airflow/example_dags/tutorial_dag.py for tasks to queue
[2026-06-03T11:52:43.363+0000] {logging_mixin.py:188} INFO - [2026-06-03T11:52:43.363+0000] {dagbag.py:538} INFO - Filling up the DagBag from /home/airflow/.local/lib/python3.8/site-packages/airflow/example_dags/tutorial_dag.py
[2026-06-03T11:52:43.366+0000] {processor.py:840} INFO - DAG(s) 'tutorial_dag' retrieved from /home/airflow/.local/lib/python3.8/site-packages/airflow/example_dags/tutorial_dag.py
[2026-06-03T11:52:43.377+0000] {logging_mixin.py:188} INFO - [2026-06-03T11:52:43.377+0000] {dag.py:3033} INFO - Sync 1 DAGs
[2026-06-03T11:52:43.384+0000] {logging_mixin.py:188} INFO - [2026-06-03T11:52:43.384+0000] {dag.py:3820} INFO - Setting next_dagrun for tutorial_dag to None, run_after=None
[2026-06-03T11:52:43.394+0000] {processor.py:183} INFO - Processing /home/airflow/.local/lib/python3.8/site-packages/airflow/example_dags/tutorial_dag.py took 0.035 seconds
[2026-06-03T11:53:13.559+0000] {processor.py:161} INFO - Started process (PID=546) to work on /home/airflow/.local/lib/python3.8/site-packages/airflow/example_dags/tutorial_dag.py
[2026-06-03T11:53:13.559+0000] {processor.py:830} INFO - Processing file /home/airflow/.local/lib/python3.8/site-packages/airflow/example_dags/tutorial_dag.py for tasks to queue
[2026-06-03T11:53:13.560+0000] {logging_mixin.py:188} INFO - [2026-06-03T11:53:13.560+0000] {dagbag.py:538} INFO - Filling up the DagBag from /home/airflow/.local/lib/python3.8/site-packages/airflow/example_dags/tutorial_dag.py
[2026-06-03T11:53:13.563+0000] {processor.py:840} INFO - DAG(s) 'tutorial_dag' retrieved from /home/airflow/.local/lib/python3.8/site-packages/airflow/example_dags/tutorial_dag.py
[2026-06-03T11:53:13.578+0000] {logging_mixin.py:188} INFO - [2026-06-03T11:53:13.578+0000] {dag.py:3033} INFO - Sync 1 DAGs
[2026-06-03T11:53:13.584+0000] {logging_mixin.py:188} INFO - [2026-06-03T11:53:13.584+0000] {dag.py:3820} INFO - Setting next_dagrun for tutorial_dag to None, run_after=None
[2026-06-03T11:53:13.597+0000] {processor.py:183} INFO - Processing /home/airflow/.local/lib/python3.8/site-packages/airflow/example_dags/tutorial_dag.py took 0.039 seconds
[2026-06-03T11:53:43.699+0000] {processor.py:161} INFO - Started process (PID=601) to work on /home/airflow/.local/lib/python3.8/site-packages/airflow/example_dags/tutorial_dag.py
[2026-06-03T11:53:43.700+0000] {processor.py:830} INFO - Processing file /home/airflow/.local/lib/python3.8/site-packages/airflow/example_dags/tutorial_dag.py for tasks to queue
[2026-06-03T11:53:43.702+0000] {logging_mixin.py:188} INFO - [2026-06-03T11:53:43.702+0000] {dagbag.py:538} INFO - Filling up the DagBag from /home/airflow/.local/lib/python3.8/site-packages/airflow/example_dags/tutorial_dag.py
[2026-06-03T11:53:43.705+0000] {processor.py:840} INFO - DAG(s) 'tutorial_dag' retrieved from /home/airflow/.local/lib/python3.8/site-packages/airflow/example_dags/tutorial_dag.py
[2026-06-03T11:53:43.714+0000] {logging_mixin.py:188} INFO - [2026-06-03T11:53:43.713+0000] {dag.py:3033} INFO - Sync 1 DAGs
[2026-06-03T11:53:43.721+0000] {logging_mixin.py:188} INFO - [2026-06-03T11:53:43.721+0000] {dag.py:3820} INFO - Setting next_dagrun for tutorial_dag to None, run_after=None
[2026-06-03T11:53:43.728+0000] {processor.py:183} INFO - Processing /home/airflow/.local/lib/python3.8/site-packages/airflow/example_dags/tutorial_dag.py took 0.031 seconds
[2026-06-03T11:54:14.482+0000] {processor.py:161} INFO - Started process (PID=656) to work on /home/airflow/.local/lib/python3.8/site-packages/airflow/example_dags/tutorial_dag.py
[2026-06-03T11:54:14.482+0000] {processor.py:830} INFO - Processing file /home/airflow/.local/lib/python3.8/site-packages/airflow/example_dags/tutorial_dag.py for tasks to queue
[2026-06-03T11:54:14.484+0000] {logging_mixin.py:188} INFO - [2026-06-03T11:54:14.483+0000] {dagbag.py:538} INFO - Filling up the DagBag from /home/airflow/.local/lib/python3.8/site-packages/airflow/example_dags/tutorial_dag.py
[2026-06-03T11:54:14.488+0000] {processor.py:840} INFO - DAG(s) 'tutorial_dag' retrieved from /home/airflow/.local/lib/python3.8/site-packages/airflow/example_dags/tutorial_dag.py
[2026-06-03T11:54:14.524+0000] {logging_mixin.py:188} INFO - [2026-06-03T11:54:14.524+0000] {dag.py:3033} INFO - Sync 1 DAGs
[2026-06-03T11:54:14.538+0000] {logging_mixin.py:188} INFO - [2026-06-03T11:54:14.537+0000] {dag.py:3820} INFO - Setting next_dagrun for tutorial_dag to None, run_after=None
[2026-06-03T11:54:14.552+0000] {processor.py:183} INFO - Processing /home/airflow/.local/lib/python3.8/site-packages/airflow/example_dags/tutorial_dag.py took 0.073 seconds
[2026-06-03T11:54:44.641+0000] {processor.py:161} INFO - Started process (PID=711) to work on /home/airflow/.local/lib/python3.8/site-packages/airflow/example_dags/tutorial_dag.py
[2026-06-03T11:54:44.642+0000] {processor.py:830} INFO - Processing file /home/airflow/.local/lib/python3.8/site-packages/airflow/example_dags/tutorial_dag.py for tasks to queue
[2026-06-03T11:54:44.643+0000] {logging_mixin.py:188} INFO - [2026-06-03T11:54:44.643+0000] {dagbag.py:538} INFO - Filling up the DagBag from /home/airflow/.local/lib/python3.8/site-packages/airflow/example_dags/tutorial_dag.py
[2026-06-03T11:54:44.648+0000] {processor.py:840} INFO - DAG(s) 'tutorial_dag' retrieved from /home/airflow/.local/lib/python3.8/site-packages/airflow/example_dags/tutorial_dag.py
[2026-06-03T11:54:44.664+0000] {logging_mixin.py:188} INFO - [2026-06-03T11:54:44.664+0000] {dag.py:3033} INFO - Sync 1 DAGs
[2026-06-03T11:54:44.673+0000] {logging_mixin.py:188} INFO - [2026-06-03T11:54:44.673+0000] {dag.py:3820} INFO - Setting next_dagrun for tutorial_dag to None, run_after=None
[2026-06-03T11:54:44.691+0000] {processor.py:183} INFO - Processing /home/airflow/.local/lib/python3.8/site-packages/airflow/example_dags/tutorial_dag.py took 0.052 seconds
[2026-06-03T11:55:14.883+0000] {processor.py:161} INFO - Started process (PID=766) to work on /home/airflow/.local/lib/python3.8/site-packages/airflow/example_dags/tutorial_dag.py
[2026-06-03T11:55:14.883+0000] {processor.py:830} INFO - Processing file /home/airflow/.local/lib/python3.8/site-packages/airflow/example_dags/tutorial_dag.py for tasks to queue
[2026-06-03T11:55:14.885+0000] {logging_mixin.py:188} INFO - [2026-06-03T11:55:14.885+0000] {dagbag.py:538} INFO - Filling up the DagBag from /home/airflow/.local/lib/python3.8/site-packages/airflow/example_dags/tutorial_dag.py
[2026-06-03T11:55:14.897+0000] {processor.py:840} INFO - DAG(s) 'tutorial_dag' retrieved from /home/airflow/.local/lib/python3.8/site-packages/airflow/example_dags/tutorial_dag.py
[2026-06-03T11:55:14.913+0000] {logging_mixin.py:188} INFO - [2026-06-03T11:55:14.913+0000] {dag.py:3033} INFO - Sync 1 DAGs
[2026-06-03T11:55:14.924+0000] {logging_mixin.py:188} INFO - [2026-06-03T11:55:14.924+0000] {dag.py:3820} INFO - Setting next_dagrun for tutorial_dag to None, run_after=None
[2026-06-03T11:55:14.937+0000] {processor.py:183} INFO - Processing /home/airflow/.local/lib/python3.8/site-packages/airflow/example_dags/tutorial_dag.py took 0.055 seconds
[2026-06-03T11:55:45.182+0000] {processor.py:161} INFO - Started process (PID=821) to work on /home/airflow/.local/lib/python3.8/site-packages/airflow/example_dags/tutorial_dag.py
[2026-06-03T11:55:45.183+0000] {processor.py:830} INFO - Processing file /home/airflow/.local/lib/python3.8/site-packages/airflow/example_dags/tutorial_dag.py for tasks to queue
[2026-06-03T11:55:45.184+0000] {logging_mixin.py:188} INFO - [2026-06-03T11:55:45.184+0000] {dagbag.py:538} INFO - Filling up the DagBag from /home/airflow/.local/lib/python3.8/site-packages/airflow/example_dags/tutorial_dag.py
[2026-06-03T11:55:45.186+0000] {processor.py:840} INFO - DAG(s) 'tutorial_dag' retrieved from /home/airflow/.local/lib/python3.8/site-packages/airflow/example_dags/tutorial_dag.py
[2026-06-03T11:55:45.199+0000] {logging_mixin.py:188} INFO - [2026-06-03T11:55:45.199+0000] {dag.py:3033} INFO - Sync 1 DAGs
[2026-06-03T11:55:45.205+0000] {logging_mixin.py:188} INFO - [2026-06-03T11:55:45.205+0000] {dag.py:3820} INFO - Setting next_dagrun for tutorial_dag to None, run_after=None
[2026-06-03T11:55:45.212+0000] {processor.py:183} INFO - Processing /home/airflow/.local/lib/python3.8/site-packages/airflow/example_dags/tutorial_dag.py took 0.031 seconds
[2026-06-03T11:56:15.968+0000] {processor.py:161} INFO - Started process (PID=876) to work on /home/airflow/.local/lib/python3.8/site-packages/airflow/example_dags/tutorial_dag.py
[2026-06-03T11:56:15.969+0000] {processor.py:830} INFO - Processing file /home/airflow/.local/lib/python3.8/site-packages/airflow/example_dags/tutorial_dag.py for tasks to queue
[2026-06-03T11:56:15.970+0000] {logging_mixin.py:188} INFO - [2026-06-03T11:56:15.970+0000] {dagbag.py:538} INFO - Filling up the DagBag from /home/airflow/.local/lib/python3.8/site-packages/airflow/example_dags/tutorial_dag.py
[2026-06-03T11:56:15.973+0000] {processor.py:840} INFO - DAG(s) 'tutorial_dag' retrieved from /home/airflow/.local/lib/python3.8/site-packages/airflow/example_dags/tutorial_dag.py
[2026-06-03T11:56:15.981+0000] {logging_mixin.py:188} INFO - [2026-06-03T11:56:15.981+0000] {dag.py:3033} INFO - Sync 1 DAGs
[2026-06-03T11:56:15.986+0000] {logging_mixin.py:188} INFO - [2026-06-03T11:56:15.985+0000] {dag.py:3820} INFO - Setting next_dagrun for tutorial_dag to None, run_after=None
[2026-06-03T11:56:15.992+0000] {processor.py:183} INFO - Processing /home/airflow/.local/lib/python3.8/site-packages/airflow/example_dags/tutorial_dag.py took 0.026 seconds
[2026-06-03T11:56:46.295+0000] {processor.py:161} INFO - Started process (PID=931) to work on /home/airflow/.local/lib/python3.8/site-packages/airflow/example_dags/tutorial_dag.py
[2026-06-03T11:56:46.296+0000] {processor.py:830} INFO - Processing file /home/airflow/.local/lib/python3.8/site-packages/airflow/example_dags/tutorial_dag.py for tasks to queue
[2026-06-03T11:56:46.297+0000] {logging_mixin.py:188} INFO - [2026-06-03T11:56:46.297+0000] {dagbag.py:538} INFO - Filling up the DagBag from /home/airflow/.local/lib/python3.8/site-packages/airflow/example_dags/tutorial_dag.py
[2026-06-03T11:56:46.302+0000] {processor.py:840} INFO - DAG(s) 'tutorial_dag' retrieved from /home/airflow/.local/lib/python3.8/site-packages/airflow/example_dags/tutorial_dag.py
[2026-06-03T11:56:46.317+0000] {logging_mixin.py:188} INFO - [2026-06-03T11:56:46.316+0000] {dag.py:3033} INFO - Sync 1 DAGs
[2026-06-03T11:56:46.322+0000] {logging_mixin.py:188} INFO - [2026-06-03T11:56:46.322+0000] {dag.py:3820} INFO - Setting next_dagrun for tutorial_dag to None, run_after=None
[2026-06-03T11:56:46.330+0000] {processor.py:183} INFO - Processing /home/airflow/.local/lib/python3.8/site-packages/airflow/example_dags/tutorial_dag.py took 0.039 seconds
[2026-06-03T11:57:16.604+0000] {processor.py:161} INFO - Started process (PID=986) to work on /home/airflow/.local/lib/python3.8/site-packages/airflow/example_dags/tutorial_dag.py
[2026-06-03T11:57:16.605+0000] {processor.py:830} INFO - Processing file /home/airflow/.local/lib/python3.8/site-packages/airflow/example_dags/tutorial_dag.py for tasks to queue
[2026-06-03T11:57:16.608+0000] {logging_mixin.py:188} INFO - [2026-06-03T11:57:16.608+0000] {dagbag.py:538} INFO - Filling up the DagBag from /home/airflow/.local/lib/python3.8/site-packages/airflow/example_dags/tutorial_dag.py
[2026-06-03T11:57:16.611+0000] {processor.py:840} INFO - DAG(s) 'tutorial_dag' retrieved from /home/airflow/.local/lib/python3.8/site-packages/airflow/example_dags/tutorial_dag.py
[2026-06-03T11:57:16.625+0000] {logging_mixin.py:188} INFO - [2026-06-03T11:57:16.625+0000] {dag.py:3033} INFO - Sync 1 DAGs
[2026-06-03T11:57:16.634+0000] {logging_mixin.py:188} INFO - [2026-06-03T11:57:16.634+0000] {dag.py:3820} INFO - Setting next_dagrun for tutorial_dag to None, run_after=None
[2026-06-03T11:57:16.642+0000] {processor.py:183} INFO - Processing /home/airflow/.local/lib/python3.8/site-packages/airflow/example_dags/tutorial_dag.py took 0.040 seconds
[2026-06-03T11:57:46.717+0000] {processor.py:161} INFO - Started process (PID=1041) to work on /home/airflow/.local/lib/python3.8/site-packages/airflow/example_dags/tutorial_dag.py
[2026-06-03T11:57:46.719+0000] {processor.py:830} INFO - Processing file /home/airflow/.local/lib/python3.8/site-packages/airflow/example_dags/tutorial_dag.py for tasks to queue
[2026-06-03T11:57:46.722+0000] {logging_mixin.py:188} INFO - [2026-06-03T11:57:46.721+0000] {dagbag.py:538} INFO - Filling up the DagBag from /home/airflow/.local/lib/python3.8/site-packages/airflow/example_dags/tutorial_dag.py
[2026-06-03T11:57:46.731+0000] {processor.py:840} INFO - DAG(s) 'tutorial_dag' retrieved from /home/airflow/.local/lib/python3.8/site-packages/airflow/example_dags/tutorial_dag.py
[2026-06-03T11:57:46.776+0000] {logging_mixin.py:188} INFO - [2026-06-03T11:57:46.775+0000] {dag.py:3033} INFO - Sync 1 DAGs
[2026-06-03T11:57:46.792+0000] {logging_mixin.py:188} INFO - [2026-06-03T11:57:46.792+0000] {dag.py:3820} INFO - Setting next_dagrun for tutorial_dag to None, run_after=None
[2026-06-03T11:57:46.805+0000] {processor.py:183} INFO - Processing /home/airflow/.local/lib/python3.8/site-packages/airflow/example_dags/tutorial_dag.py took 0.091 seconds
[2026-06-03T11:58:16.875+0000] {processor.py:161} INFO - Started process (PID=1096) to work on /home/airflow/.local/lib/python3.8/site-packages/airflow/example_dags/tutorial_dag.py
[2026-06-03T11:58:16.876+0000] {processor.py:830} INFO - Processing file /home/airflow/.local/lib/python3.8/site-packages/airflow/example_dags/tutorial_dag.py for tasks to queue
[2026-06-03T11:58:16.878+0000] {logging_mixin.py:188} INFO - [2026-06-03T11:58:16.877+0000] {dagbag.py:538} INFO - Filling up the DagBag from /home/airflow/.local/lib/python3.8/site-packages/airflow/example_dags/tutorial_dag.py
[2026-06-03T11:58:16.882+0000] {processor.py:840} INFO - DAG(s) 'tutorial_dag' retrieved from /home/airflow/.local/lib/python3.8/site-packages/airflow/example_dags/tutorial_dag.py
[2026-06-03T11:58:16.893+0000] {logging_mixin.py:188} INFO - [2026-06-03T11:58:16.893+0000] {dag.py:3033} INFO - Sync 1 DAGs
[2026-06-03T11:58:16.904+0000] {logging_mixin.py:188} INFO - [2026-06-03T11:58:16.904+0000] {dag.py:3820} INFO - Setting next_dagrun for tutorial_dag to None, run_after=None
[2026-06-03T11:58:16.918+0000] {processor.py:183} INFO - Processing /home/airflow/.local/lib/python3.8/site-packages/airflow/example_dags/tutorial_dag.py took 0.046 seconds
[2026-06-03T11:58:47.877+0000] {processor.py:161} INFO - Started process (PID=1152) to work on /home/airflow/.local/lib/python3.8/site-packages/airflow/example_dags/tutorial_dag.py
[2026-06-03T11:58:47.877+0000] {processor.py:830} INFO - Processing file /home/airflow/.local/lib/python3.8/site-packages/airflow/example_dags/tutorial_dag.py for tasks to queue
[2026-06-03T11:58:47.880+0000] {logging_mixin.py:188} INFO - [2026-06-03T11:58:47.879+0000] {dagbag.py:538} INFO - Filling up the DagBag from /home/airflow/.local/lib/python3.8/site-packages/airflow/example_dags/tutorial_dag.py
[2026-06-03T11:58:47.884+0000] {processor.py:840} INFO - DAG(s) 'tutorial_dag' retrieved from /home/airflow/.local/lib/python3.8/site-packages/airflow/example_dags/tutorial_dag.py
[2026-06-03T11:58:47.897+0000] {logging_mixin.py:188} INFO - [2026-06-03T11:58:47.897+0000] {dag.py:3033} INFO - Sync 1 DAGs
[2026-06-03T11:58:47.903+0000] {logging_mixin.py:188} INFO - [2026-06-03T11:58:47.903+0000] {dag.py:3820} INFO - Setting next_dagrun for tutorial_dag to None, run_after=None
[2026-06-03T11:58:47.917+0000] {processor.py:183} INFO - Processing /home/airflow/.local/lib/python3.8/site-packages/airflow/example_dags/tutorial_dag.py took 0.042 seconds
[2026-06-03T11:59:18.124+0000] {processor.py:161} INFO - Started process (PID=1208) to work on /home/airflow/.local/lib/python3.8/site-packages/airflow/example_dags/tutorial_dag.py
[2026-06-03T11:59:18.125+0000] {processor.py:830} INFO - Processing file /home/airflow/.local/lib/python3.8/site-packages/airflow/example_dags/tutorial_dag.py for tasks to queue
[2026-06-03T11:59:18.126+0000] {logging_mixin.py:188} INFO - [2026-06-03T11:59:18.126+0000] {dagbag.py:538} INFO - Filling up the DagBag from /home/airflow/.local/lib/python3.8/site-packages/airflow/example_dags/tutorial_dag.py
[2026-06-03T11:59:18.131+0000] {processor.py:840} INFO - DAG(s) 'tutorial_dag' retrieved from /home/airflow/.local/lib/python3.8/site-packages/airflow/example_dags/tutorial_dag.py
[2026-06-03T11:59:18.147+0000] {logging_mixin.py:188} INFO - [2026-06-03T11:59:18.147+0000] {dag.py:3033} INFO - Sync 1 DAGs
[2026-06-03T11:59:18.154+0000] {logging_mixin.py:188} INFO - [2026-06-03T11:59:18.154+0000] {dag.py:3820} INFO - Setting next_dagrun for tutorial_dag to None, run_after=None
[2026-06-03T11:59:18.161+0000] {processor.py:183} INFO - Processing /home/airflow/.local/lib/python3.8/site-packages/airflow/example_dags/tutorial_dag.py took 0.040 seconds
[2026-06-03T11:59:48.482+0000] {processor.py:161} INFO - Started process (PID=1264) to work on /home/airflow/.local/lib/python3.8/site-packages/airflow/example_dags/tutorial_dag.py
[2026-06-03T11:59:48.483+0000] {processor.py:830} INFO - Processing file /home/airflow/.local/lib/python3.8/site-packages/airflow/example_dags/tutorial_dag.py for tasks to queue
[2026-06-03T11:59:48.485+0000] {logging_mixin.py:188} INFO - [2026-06-03T11:59:48.485+0000] {dagbag.py:538} INFO - Filling up the DagBag from /home/airflow/.local/lib/python3.8/site-packages/airflow/example_dags/tutorial_dag.py
[2026-06-03T11:59:48.489+0000] {processor.py:840} INFO - DAG(s) 'tutorial_dag' retrieved from /home/airflow/.local/lib/python3.8/site-packages/airflow/example_dags/tutorial_dag.py
[2026-06-03T11:59:48.500+0000] {logging_mixin.py:188} INFO - [2026-06-03T11:59:48.500+0000] {dag.py:3033} INFO - Sync 1 DAGs
[2026-06-03T11:59:48.507+0000] {logging_mixin.py:188} INFO - [2026-06-03T11:59:48.507+0000] {dag.py:3820} INFO - Setting next_dagrun for tutorial_dag to None, run_after=None
[2026-06-03T11:59:48.515+0000] {processor.py:183} INFO - Processing /home/airflow/.local/lib/python3.8/site-packages/airflow/example_dags/tutorial_dag.py took 0.038 seconds
[2026-06-03T12:00:18.669+0000] {processor.py:161} INFO - Started process (PID=1320) to work on /home/airflow/.local/lib/python3.8/site-packages/airflow/example_dags/tutorial_dag.py
[2026-06-03T12:00:18.671+0000] {processor.py:830} INFO - Processing file /home/airflow/.local/lib/python3.8/site-packages/airflow/example_dags/tutorial_dag.py for tasks to queue
[2026-06-03T12:00:18.673+0000] {logging_mixin.py:188} INFO - [2026-06-03T12:00:18.673+0000] {dagbag.py:538} INFO - Filling up the DagBag from /home/airflow/.local/lib/python3.8/site-packages/airflow/example_dags/tutorial_dag.py
[2026-06-03T12:00:18.676+0000] {processor.py:840} INFO - DAG(s) 'tutorial_dag' retrieved from /home/airflow/.local/lib/python3.8/site-packages/airflow/example_dags/tutorial_dag.py
[2026-06-03T12:00:18.690+0000] {logging_mixin.py:188} INFO - [2026-06-03T12:00:18.689+0000] {dag.py:3033} INFO - Sync 1 DAGs
[2026-06-03T12:00:18.696+0000] {logging_mixin.py:188} INFO - [2026-06-03T12:00:18.695+0000] {dag.py:3820} INFO - Setting next_dagrun for tutorial_dag to None, run_after=None
[2026-06-03T12:00:18.710+0000] {processor.py:183} INFO - Processing /home/airflow/.local/lib/python3.8/site-packages/airflow/example_dags/tutorial_dag.py took 0.044 seconds
[2026-06-03T12:00:48.933+0000] {processor.py:161} INFO - Started process (PID=1376) to work on /home/airflow/.local/lib/python3.8/site-packages/airflow/example_dags/tutorial_dag.py
[2026-06-03T12:00:48.934+0000] {processor.py:830} INFO - Processing file /home/airflow/.local/lib/python3.8/site-packages/airflow/example_dags/tutorial_dag.py for tasks to queue
[2026-06-03T12:00:48.934+0000] {logging_mixin.py:188} INFO - [2026-06-03T12:00:48.934+0000] {dagbag.py:538} INFO - Filling up the DagBag from /home/airflow/.local/lib/python3.8/site-packages/airflow/example_dags/tutorial_dag.py
[2026-06-03T12:00:48.937+0000] {processor.py:840} INFO - DAG(s) 'tutorial_dag' retrieved from /home/airflow/.local/lib/python3.8/site-packages/airflow/example_dags/tutorial_dag.py
[2026-06-03T12:00:48.951+0000] {logging_mixin.py:188} INFO - [2026-06-03T12:00:48.951+0000] {dag.py:3033} INFO - Sync 1 DAGs
[2026-06-03T12:00:48.957+0000] {logging_mixin.py:188} INFO - [2026-06-03T12:00:48.957+0000] {dag.py:3820} INFO - Setting next_dagrun for tutorial_dag to None, run_after=None
[2026-06-03T12:00:48.967+0000] {processor.py:183} INFO - Processing /home/airflow/.local/lib/python3.8/site-packages/airflow/example_dags/tutorial_dag.py took 0.036 seconds
[2026-06-03T12:01:19.301+0000] {processor.py:161} INFO - Started process (PID=1432) to work on /home/airflow/.local/lib/python3.8/site-packages/airflow/example_dags/tutorial_dag.py
[2026-06-03T12:01:19.302+0000] {processor.py:830} INFO - Processing file /home/airflow/.local/lib/python3.8/site-packages/airflow/example_dags/tutorial_dag.py for tasks to queue
[2026-06-03T12:01:19.304+0000] {logging_mixin.py:188} INFO - [2026-06-03T12:01:19.303+0000] {dagbag.py:538} INFO - Filling up the DagBag from /home/airflow/.local/lib/python3.8/site-packages/airflow/example_dags/tutorial_dag.py
[2026-06-03T12:01:19.307+0000] {processor.py:840} INFO - DAG(s) 'tutorial_dag' retrieved from /home/airflow/.local/lib/python3.8/site-packages/airflow/example_dags/tutorial_dag.py
[2026-06-03T12:01:19.316+0000] {logging_mixin.py:188} INFO - [2026-06-03T12:01:19.316+0000] {dag.py:3033} INFO - Sync 1 DAGs
[2026-06-03T12:01:19.322+0000] {logging_mixin.py:188} INFO - [2026-06-03T12:01:19.322+0000] {dag.py:3820} INFO - Setting next_dagrun for tutorial_dag to None, run_after=None
[2026-06-03T12:01:19.337+0000] {processor.py:183} INFO - Processing /home/airflow/.local/lib/python3.8/site-packages/airflow/example_dags/tutorial_dag.py took 0.048 seconds
[2026-06-03T12:01:49.426+0000] {processor.py:161} INFO - Started process (PID=1488) to work on /home/airflow/.local/lib/python3.8/site-packages/airflow/example_dags/tutorial_dag.py
[2026-06-03T12:01:49.427+0000] {processor.py:830} INFO - Processing file /home/airflow/.local/lib/python3.8/site-packages/airflow/example_dags/tutorial_dag.py for tasks to queue
[2026-06-03T12:01:49.428+0000] {logging_mixin.py:188} INFO - [2026-06-03T12:01:49.428+0000] {dagbag.py:538} INFO - Filling up the DagBag from /home/airflow/.local/lib/python3.8/site-packages/airflow/example_dags/tutorial_dag.py
[2026-06-03T12:01:49.431+0000] {processor.py:840} INFO - DAG(s) 'tutorial_dag' retrieved from /home/airflow/.local/lib/python3.8/site-packages/airflow/example_dags/tutorial_dag.py
[2026-06-03T12:01:49.450+0000] {logging_mixin.py:188} INFO - [2026-06-03T12:01:49.450+0000] {dag.py:3033} INFO - Sync 1 DAGs
[2026-06-03T12:01:49.455+0000] {logging_mixin.py:188} INFO - [2026-06-03T12:01:49.455+0000] {dag.py:3820} INFO - Setting next_dagrun for tutorial_dag to None, run_after=None
[2026-06-03T12:01:49.467+0000] {processor.py:183} INFO - Processing /home/airflow/.local/lib/python3.8/site-packages/airflow/example_dags/tutorial_dag.py took 0.043 seconds
[2026-06-03T12:02:20.474+0000] {processor.py:161} INFO - Started process (PID=1544) to work on /home/airflow/.local/lib/python3.8/site-packages/airflow/example_dags/tutorial_dag.py
[2026-06-03T12:02:20.475+0000] {processor.py:830} INFO - Processing file /home/airflow/.local/lib/python3.8/site-packages/airflow/example_dags/tutorial_dag.py for tasks to queue
[2026-06-03T12:02:20.476+0000] {logging_mixin.py:188} INFO - [2026-06-03T12:02:20.475+0000] {dagbag.py:538} INFO - Filling up the DagBag from /home/airflow/.local/lib/python3.8/site-packages/airflow/example_dags/tutorial_dag.py
[2026-06-03T12:02:20.478+0000] {processor.py:840} INFO - DAG(s) 'tutorial_dag' retrieved from /home/airflow/.local/lib/python3.8/site-packages/airflow/example_dags/tutorial_dag.py
[2026-06-03T12:02:20.488+0000] {logging_mixin.py:188} INFO - [2026-06-03T12:02:20.488+0000] {dag.py:3033} INFO - Sync 1 DAGs
[2026-06-03T12:02:20.494+0000] {logging_mixin.py:188} INFO - [2026-06-03T12:02:20.494+0000] {dag.py:3820} INFO - Setting next_dagrun for tutorial_dag to None, run_after=None
[2026-06-03T12:02:20.504+0000] {processor.py:183} INFO - Processing /home/airflow/.local/lib/python3.8/site-packages/airflow/example_dags/tutorial_dag.py took 0.031 seconds
[2026-06-03T12:02:50.633+0000] {processor.py:161} INFO - Started process (PID=1600) to work on /home/airflow/.local/lib/python3.8/site-packages/airflow/example_dags/tutorial_dag.py
[2026-06-03T12:02:50.634+0000] {processor.py:830} INFO - Processing file /home/airflow/.local/lib/python3.8/site-packages/airflow/example_dags/tutorial_dag.py for tasks to queue
[2026-06-03T12:02:50.636+0000] {logging_mixin.py:188} INFO - [2026-06-03T12:02:50.636+0000] {dagbag.py:538} INFO - Filling up the DagBag from /home/airflow/.local/lib/python3.8/site-packages/airflow/example_dags/tutorial_dag.py
[2026-06-03T12:02:50.641+0000] {processor.py:840} INFO - DAG(s) 'tutorial_dag' retrieved from /home/airflow/.local/lib/python3.8/site-packages/airflow/example_dags/tutorial_dag.py
[2026-06-03T12:02:50.654+0000] {logging_mixin.py:188} INFO - [2026-06-03T12:02:50.654+0000] {dag.py:3033} INFO - Sync 1 DAGs
[2026-06-03T12:02:50.661+0000] {logging_mixin.py:188} INFO - [2026-06-03T12:02:50.661+0000] {dag.py:3820} INFO - Setting next_dagrun for tutorial_dag to None, run_after=None
[2026-06-03T12:02:50.672+0000] {processor.py:183} INFO - Processing /home/airflow/.local/lib/python3.8/site-packages/airflow/example_dags/tutorial_dag.py took 0.042 seconds
[2026-06-03T12:03:20.913+0000] {processor.py:161} INFO - Started process (PID=1656) to work on /home/airflow/.local/lib/python3.8/site-packages/airflow/example_dags/tutorial_dag.py
[2026-06-03T12:03:20.913+0000] {processor.py:830} INFO - Processing file /home/airflow/.local/lib/python3.8/site-packages/airflow/example_dags/tutorial_dag.py for tasks to queue
[2026-06-03T12:03:20.914+0000] {logging_mixin.py:188} INFO - [2026-06-03T12:03:20.914+0000] {dagbag.py:538} INFO - Filling up the DagBag from /home/airflow/.local/lib/python3.8/site-packages/airflow/example_dags/tutorial_dag.py
[2026-06-03T12:03:20.917+0000] {processor.py:840} INFO - DAG(s) 'tutorial_dag' retrieved from /home/airflow/.local/lib/python3.8/site-packages/airflow/example_dags/tutorial_dag.py
[2026-06-03T12:03:20.928+0000] {logging_mixin.py:188} INFO - [2026-06-03T12:03:20.928+0000] {dag.py:3033} INFO - Sync 1 DAGs
[2026-06-03T12:03:20.933+0000] {logging_mixin.py:188} INFO - [2026-06-03T12:03:20.932+0000] {dag.py:3820} INFO - Setting next_dagrun for tutorial_dag to None, run_after=None
[2026-06-03T12:03:20.944+0000] {processor.py:183} INFO - Processing /home/airflow/.local/lib/python3.8/site-packages/airflow/example_dags/tutorial_dag.py took 0.033 seconds
[2026-06-03T12:03:51.382+0000] {processor.py:161} INFO - Started process (PID=1712) to work on /home/airflow/.local/lib/python3.8/site-packages/airflow/example_dags/tutorial_dag.py
[2026-06-03T12:03:51.384+0000] {processor.py:830} INFO - Processing file /home/airflow/.local/lib/python3.8/site-packages/airflow/example_dags/tutorial_dag.py for tasks to queue
[2026-06-03T12:03:51.389+0000] {logging_mixin.py:188} INFO - [2026-06-03T12:03:51.388+0000] {dagbag.py:538} INFO - Filling up the DagBag from /home/airflow/.local/lib/python3.8/site-packages/airflow/example_dags/tutorial_dag.py
[2026-06-03T12:03:51.394+0000] {processor.py:840} INFO - DAG(s) 'tutorial_dag' retrieved from /home/airflow/.local/lib/python3.8/site-packages/airflow/example_dags/tutorial_dag.py
[2026-06-03T12:03:51.410+0000] {logging_mixin.py:188} INFO - [2026-06-03T12:03:51.410+0000] {dag.py:3033} INFO - Sync 1 DAGs
[2026-06-03T12:03:51.418+0000] {logging_mixin.py:188} INFO - [2026-06-03T12:03:51.418+0000] {dag.py:3820} INFO - Setting next_dagrun for tutorial_dag to None, run_after=None
[2026-06-03T12:03:51.438+0000] {processor.py:183} INFO - Processing /home/airflow/.local/lib/python3.8/site-packages/airflow/example_dags/tutorial_dag.py took 0.059 seconds
[2026-06-03T12:04:21.634+0000] {processor.py:161} INFO - Started process (PID=1768) to work on /home/airflow/.local/lib/python3.8/site-packages/airflow/example_dags/tutorial_dag.py
[2026-06-03T12:04:21.634+0000] {processor.py:830} INFO - Processing file /home/airflow/.local/lib/python3.8/site-packages/airflow/example_dags/tutorial_dag.py for tasks to queue
[2026-06-03T12:04:21.636+0000] {logging_mixin.py:188} INFO - [2026-06-03T12:04:21.636+0000] {dagbag.py:538} INFO - Filling up the DagBag from /home/airflow/.local/lib/python3.8/site-packages/airflow/example_dags/tutorial_dag.py
[2026-06-03T12:04:21.639+0000] {processor.py:840} INFO - DAG(s) 'tutorial_dag' retrieved from /home/airflow/.local/lib/python3.8/site-packages/airflow/example_dags/tutorial_dag.py
[2026-06-03T12:04:21.649+0000] {logging_mixin.py:188} INFO - [2026-06-03T12:04:21.649+0000] {dag.py:3033} INFO - Sync 1 DAGs
[2026-06-03T12:04:21.656+0000] {logging_mixin.py:188} INFO - [2026-06-03T12:04:21.656+0000] {dag.py:3820} INFO - Setting next_dagrun for tutorial_dag to None, run_after=None
[2026-06-03T12:04:21.664+0000] {processor.py:183} INFO - Processing /home/airflow/.local/lib/python3.8/site-packages/airflow/example_dags/tutorial_dag.py took 0.032 seconds
[2026-06-03T12:04:52.156+0000] {processor.py:161} INFO - Started process (PID=1824) to work on /home/airflow/.local/lib/python3.8/site-packages/airflow/example_dags/tutorial_dag.py
[2026-06-03T12:04:52.157+0000] {processor.py:830} INFO - Processing file /home/airflow/.local/lib/python3.8/site-packages/airflow/example_dags/tutorial_dag.py for tasks to queue
[2026-06-03T12:04:52.159+0000] {logging_mixin.py:188} INFO - [2026-06-03T12:04:52.159+0000] {dagbag.py:538} INFO - Filling up the DagBag from /home/airflow/.local/lib/python3.8/site-packages/airflow/example_dags/tutorial_dag.py
[2026-06-03T12:04:52.162+0000] {processor.py:840} INFO - DAG(s) 'tutorial_dag' retrieved from /home/airflow/.local/lib/python3.8/site-packages/airflow/example_dags/tutorial_dag.py
[2026-06-03T12:04:52.174+0000] {logging_mixin.py:188} INFO - [2026-06-03T12:04:52.174+0000] {dag.py:3033} INFO - Sync 1 DAGs
[2026-06-03T12:04:52.182+0000] {logging_mixin.py:188} INFO - [2026-06-03T12:04:52.182+0000] {dag.py:3820} INFO - Setting next_dagrun for tutorial_dag to None, run_after=None
[2026-06-03T12:04:52.192+0000] {processor.py:183} INFO - Processing /home/airflow/.local/lib/python3.8/site-packages/airflow/example_dags/tutorial_dag.py took 0.041 seconds
[2026-06-03T12:05:22.594+0000] {processor.py:161} INFO - Started process (PID=1880) to work on /home/airflow/.local/lib/python3.8/site-packages/airflow/example_dags/tutorial_dag.py
[2026-06-03T12:05:22.594+0000] {processor.py:830} INFO - Processing file /home/airflow/.local/lib/python3.8/site-packages/airflow/example_dags/tutorial_dag.py for tasks to queue
[2026-06-03T12:05:22.595+0000] {logging_mixin.py:188} INFO - [2026-06-03T12:05:22.595+0000] {dagbag.py:538} INFO - Filling up the DagBag from /home/airflow/.local/lib/python3.8/site-packages/airflow/example_dags/tutorial_dag.py
[2026-06-03T12:05:22.598+0000] {processor.py:840} INFO - DAG(s) 'tutorial_dag' retrieved from /home/airflow/.local/lib/python3.8/site-packages/airflow/example_dags/tutorial_dag.py
[2026-06-03T12:05:22.606+0000] {logging_mixin.py:188} INFO - [2026-06-03T12:05:22.606+0000] {dag.py:3033} INFO - Sync 1 DAGs
[2026-06-03T12:05:22.611+0000] {logging_mixin.py:188} INFO - [2026-06-03T12:05:22.610+0000] {dag.py:3820} INFO - Setting next_dagrun for tutorial_dag to None, run_after=None
[2026-06-03T12:05:22.698+0000] {processor.py:183} INFO - Processing /home/airflow/.local/lib/python3.8/site-packages/airflow/example_dags/tutorial_dag.py took 0.106 seconds
[2026-06-03T12:05:52.786+0000] {processor.py:161} INFO - Started process (PID=1936) to work on /home/airflow/.local/lib/python3.8/site-packages/airflow/example_dags/tutorial_dag.py
[2026-06-03T12:05:52.786+0000] {processor.py:830} INFO - Processing file /home/airflow/.local/lib/python3.8/site-packages/airflow/example_dags/tutorial_dag.py for tasks to queue
[2026-06-03T12:05:52.788+0000] {logging_mixin.py:188} INFO - [2026-06-03T12:05:52.788+0000] {dagbag.py:538} INFO - Filling up the DagBag from /home/airflow/.local/lib/python3.8/site-packages/airflow/example_dags/tutorial_dag.py
[2026-06-03T12:05:52.791+0000] {processor.py:840} INFO - DAG(s) 'tutorial_dag' retrieved from /home/airflow/.local/lib/python3.8/site-packages/airflow/example_dags/tutorial_dag.py
[2026-06-03T12:05:52.809+0000] {logging_mixin.py:188} INFO - [2026-06-03T12:05:52.808+0000] {dag.py:3033} INFO - Sync 1 DAGs
[2026-06-03T12:05:52.814+0000] {logging_mixin.py:188} INFO - [2026-06-03T12:05:52.814+0000] {dag.py:3820} INFO - Setting next_dagrun for tutorial_dag to None, run_after=None
[2026-06-03T12:05:52.826+0000] {processor.py:183} INFO - Processing /home/airflow/.local/lib/python3.8/site-packages/airflow/example_dags/tutorial_dag.py took 0.042 seconds
[2026-06-03T12:06:23.322+0000] {processor.py:161} INFO - Started process (PID=1992) to work on /home/airflow/.local/lib/python3.8/site-packages/airflow/example_dags/tutorial_dag.py
[2026-06-03T12:06:23.324+0000] {processor.py:830} INFO - Processing file /home/airflow/.local/lib/python3.8/site-packages/airflow/example_dags/tutorial_dag.py for tasks to queue
[2026-06-03T12:06:23.326+0000] {logging_mixin.py:188} INFO - [2026-06-03T12:06:23.326+0000] {dagbag.py:538} INFO - Filling up the DagBag from /home/airflow/.local/lib/python3.8/site-packages/airflow/example_dags/tutorial_dag.py
[2026-06-03T12:06:23.331+0000] {processor.py:840} INFO - DAG(s) 'tutorial_dag' retrieved from /home/airflow/.local/lib/python3.8/site-packages/airflow/example_dags/tutorial_dag.py
[2026-06-03T12:06:23.347+0000] {logging_mixin.py:188} INFO - [2026-06-03T12:06:23.347+0000] {dag.py:3033} INFO - Sync 1 DAGs
[2026-06-03T12:06:23.355+0000] {logging_mixin.py:188} INFO - [2026-06-03T12:06:23.355+0000] {dag.py:3820} INFO - Setting next_dagrun for tutorial_dag to None, run_after=None
[2026-06-03T12:06:23.366+0000] {processor.py:183} INFO - Processing /home/airflow/.local/lib/python3.8/site-packages/airflow/example_dags/tutorial_dag.py took 0.046 seconds
[2026-06-03T12:06:53.577+0000] {processor.py:161} INFO - Started process (PID=2048) to work on /home/airflow/.local/lib/python3.8/site-packages/airflow/example_dags/tutorial_dag.py
[2026-06-03T12:06:53.577+0000] {processor.py:830} INFO - Processing file /home/airflow/.local/lib/python3.8/site-packages/airflow/example_dags/tutorial_dag.py for tasks to queue
[2026-06-03T12:06:53.578+0000] {logging_mixin.py:188} INFO - [2026-06-03T12:06:53.578+0000] {dagbag.py:538} INFO - Filling up the DagBag from /home/airflow/.local/lib/python3.8/site-packages/airflow/example_dags/tutorial_dag.py
[2026-06-03T12:06:53.581+0000] {processor.py:840} INFO - DAG(s) 'tutorial_dag' retrieved from /home/airflow/.local/lib/python3.8/site-packages/airflow/example_dags/tutorial_dag.py
[2026-06-03T12:06:53.594+0000] {logging_mixin.py:188} INFO - [2026-06-03T12:06:53.594+0000] {dag.py:3033} INFO - Sync 1 DAGs
[2026-06-03T12:06:53.603+0000] {logging_mixin.py:188} INFO - [2026-06-03T12:06:53.603+0000] {dag.py:3820} INFO - Setting next_dagrun for tutorial_dag to None, run_after=None
[2026-06-03T12:06:53.616+0000] {processor.py:183} INFO - Processing /home/airflow/.local/lib/python3.8/site-packages/airflow/example_dags/tutorial_dag.py took 0.040 seconds
[2026-06-03T12:07:24.451+0000] {processor.py:161} INFO - Started process (PID=2104) to work on /home/airflow/.local/lib/python3.8/site-packages/airflow/example_dags/tutorial_dag.py
[2026-06-03T12:07:24.452+0000] {processor.py:830} INFO - Processing file /home/airflow/.local/lib/python3.8/site-packages/airflow/example_dags/tutorial_dag.py for tasks to queue
[2026-06-03T12:07:24.453+0000] {logging_mixin.py:188} INFO - [2026-06-03T12:07:24.453+0000] {dagbag.py:538} INFO - Filling up the DagBag from /home/airflow/.local/lib/python3.8/site-packages/airflow/example_dags/tutorial_dag.py
[2026-06-03T12:07:24.457+0000] {processor.py:840} INFO - DAG(s) 'tutorial_dag' retrieved from /home/airflow/.local/lib/python3.8/site-packages/airflow/example_dags/tutorial_dag.py
[2026-06-03T12:07:24.547+0000] {logging_mixin.py:188} INFO - [2026-06-03T12:07:24.547+0000] {dag.py:3033} INFO - Sync 1 DAGs
[2026-06-03T12:07:24.551+0000] {logging_mixin.py:188} INFO - [2026-06-03T12:07:24.551+0000] {dag.py:3820} INFO - Setting next_dagrun for tutorial_dag to None, run_after=None
[2026-06-03T12:07:24.560+0000] {processor.py:183} INFO - Processing /home/airflow/.local/lib/python3.8/site-packages/airflow/example_dags/tutorial_dag.py took 0.113 seconds
[2026-06-03T12:07:55.385+0000] {processor.py:161} INFO - Started process (PID=2160) to work on /home/airflow/.local/lib/python3.8/site-packages/airflow/example_dags/tutorial_dag.py
[2026-06-03T12:07:55.389+0000] {processor.py:830} INFO - Processing file /home/airflow/.local/lib/python3.8/site-packages/airflow/example_dags/tutorial_dag.py for tasks to queue
[2026-06-03T12:07:55.402+0000] {logging_mixin.py:188} INFO - [2026-06-03T12:07:55.400+0000] {dagbag.py:538} INFO - Filling up the DagBag from /home/airflow/.local/lib/python3.8/site-packages/airflow/example_dags/tutorial_dag.py
[2026-06-03T12:07:55.417+0000] {processor.py:840} INFO - DAG(s) 'tutorial_dag' retrieved from /home/airflow/.local/lib/python3.8/site-packages/airflow/example_dags/tutorial_dag.py
[2026-06-03T12:07:55.438+0000] {logging_mixin.py:188} INFO - [2026-06-03T12:07:55.438+0000] {dag.py:3033} INFO - Sync 1 DAGs
[2026-06-03T12:07:55.455+0000] {logging_mixin.py:188} INFO - [2026-06-03T12:07:55.455+0000] {dag.py:3820} INFO - Setting next_dagrun for tutorial_dag to None, run_after=None
[2026-06-03T12:07:55.700+0000] {processor.py:183} INFO - Processing /home/airflow/.local/lib/python3.8/site-packages/airflow/example_dags/tutorial_dag.py took 0.326 seconds
[2026-06-03T12:08:26.385+0000] {processor.py:161} INFO - Started process (PID=2216) to work on /home/airflow/.local/lib/python3.8/site-packages/airflow/example_dags/tutorial_dag.py
[2026-06-03T12:08:26.386+0000] {processor.py:830} INFO - Processing file /home/airflow/.local/lib/python3.8/site-packages/airflow/example_dags/tutorial_dag.py for tasks to queue
[2026-06-03T12:08:26.388+0000] {logging_mixin.py:188} INFO - [2026-06-03T12:08:26.388+0000] {dagbag.py:538} INFO - Filling up the DagBag from /home/airflow/.local/lib/python3.8/site-packages/airflow/example_dags/tutorial_dag.py
[2026-06-03T12:08:26.391+0000] {processor.py:840} INFO - DAG(s) 'tutorial_dag' retrieved from /home/airflow/.local/lib/python3.8/site-packages/airflow/example_dags/tutorial_dag.py
[2026-06-03T12:08:26.400+0000] {logging_mixin.py:188} INFO - [2026-06-03T12:08:26.400+0000] {dag.py:3033} INFO - Sync 1 DAGs
[2026-06-03T12:08:26.406+0000] {logging_mixin.py:188} INFO - [2026-06-03T12:08:26.406+0000] {dag.py:3820} INFO - Setting next_dagrun for tutorial_dag to None, run_after=None
[2026-06-03T12:08:26.417+0000] {processor.py:183} INFO - Processing /home/airflow/.local/lib/python3.8/site-packages/airflow/example_dags/tutorial_dag.py took 0.034 seconds
[2026-06-03T12:08:56.653+0000] {processor.py:161} INFO - Started process (PID=2272) to work on /home/airflow/.local/lib/python3.8/site-packages/airflow/example_dags/tutorial_dag.py
[2026-06-03T12:08:56.654+0000] {processor.py:830} INFO - Processing file /home/airflow/.local/lib/python3.8/site-packages/airflow/example_dags/tutorial_dag.py for tasks to queue
[2026-06-03T12:08:56.655+0000] {logging_mixin.py:188} INFO - [2026-06-03T12:08:56.654+0000] {dagbag.py:538} INFO - Filling up the DagBag from /home/airflow/.local/lib/python3.8/site-packages/airflow/example_dags/tutorial_dag.py
[2026-06-03T12:08:56.657+0000] {processor.py:840} INFO - DAG(s) 'tutorial_dag' retrieved from /home/airflow/.local/lib/python3.8/site-packages/airflow/example_dags/tutorial_dag.py
[2026-06-03T12:08:56.667+0000] {logging_mixin.py:188} INFO - [2026-06-03T12:08:56.667+0000] {dag.py:3033} INFO - Sync 1 DAGs
[2026-06-03T12:08:56.673+0000] {logging_mixin.py:188} INFO - [2026-06-03T12:08:56.673+0000] {dag.py:3820} INFO - Setting next_dagrun for tutorial_dag to None, run_after=None
[2026-06-03T12:08:56.686+0000] {processor.py:183} INFO - Processing /home/airflow/.local/lib/python3.8/site-packages/airflow/example_dags/tutorial_dag.py took 0.036 seconds
[2026-06-03T12:09:26.783+0000] {processor.py:161} INFO - Started process (PID=2328) to work on /home/airflow/.local/lib/python3.8/site-packages/airflow/example_dags/tutorial_dag.py
[2026-06-03T12:09:26.784+0000] {processor.py:830} INFO - Processing file /home/airflow/.local/lib/python3.8/site-packages/airflow/example_dags/tutorial_dag.py for tasks to queue
[2026-06-03T12:09:26.785+0000] {logging_mixin.py:188} INFO - [2026-06-03T12:09:26.785+0000] {dagbag.py:538} INFO - Filling up the DagBag from /home/airflow/.local/lib/python3.8/site-packages/airflow/example_dags/tutorial_dag.py
[2026-06-03T12:09:26.788+0000] {processor.py:840} INFO - DAG(s) 'tutorial_dag' retrieved from /home/airflow/.local/lib/python3.8/site-packages/airflow/example_dags/tutorial_dag.py
[2026-06-03T12:09:26.798+0000] {logging_mixin.py:188} INFO - [2026-06-03T12:09:26.798+0000] {dag.py:3033} INFO - Sync 1 DAGs
[2026-06-03T12:09:26.804+0000] {logging_mixin.py:188} INFO - [2026-06-03T12:09:26.804+0000] {dag.py:3820} INFO - Setting next_dagrun for tutorial_dag to None, run_after=None
[2026-06-03T12:09:26.814+0000] {processor.py:183} INFO - Processing /home/airflow/.local/lib/python3.8/site-packages/airflow/example_dags/tutorial_dag.py took 0.033 seconds
[2026-06-03T12:09:56.920+0000] {processor.py:161} INFO - Started process (PID=2384) to work on /home/airflow/.local/lib/python3.8/site-packages/airflow/example_dags/tutorial_dag.py
[2026-06-03T12:09:56.921+0000] {processor.py:830} INFO - Processing file /home/airflow/.local/lib/python3.8/site-packages/airflow/example_dags/tutorial_dag.py for tasks to queue
[2026-06-03T12:09:56.922+0000] {logging_mixin.py:188} INFO - [2026-06-03T12:09:56.922+0000] {dagbag.py:538} INFO - Filling up the DagBag from /home/airflow/.local/lib/python3.8/site-packages/airflow/example_dags/tutorial_dag.py
[2026-06-03T12:09:56.925+0000] {processor.py:840} INFO - DAG(s) 'tutorial_dag' retrieved from /home/airflow/.local/lib/python3.8/site-packages/airflow/example_dags/tutorial_dag.py
[2026-06-03T12:09:56.940+0000] {logging_mixin.py:188} INFO - [2026-06-03T12:09:56.940+0000] {dag.py:3033} INFO - Sync 1 DAGs
[2026-06-03T12:09:56.946+0000] {logging_mixin.py:188} INFO - [2026-06-03T12:09:56.946+0000] {dag.py:3820} INFO - Setting next_dagrun for tutorial_dag to None, run_after=None
[2026-06-03T12:09:56.959+0000] {processor.py:183} INFO - Processing /home/airflow/.local/lib/python3.8/site-packages/airflow/example_dags/tutorial_dag.py took 0.041 seconds
[2026-06-03T12:10:27.149+0000] {processor.py:161} INFO - Started process (PID=2440) to work on /home/airflow/.local/lib/python3.8/site-packages/airflow/example_dags/tutorial_dag.py
[2026-06-03T12:10:27.150+0000] {processor.py:830} INFO - Processing file /home/airflow/.local/lib/python3.8/site-packages/airflow/example_dags/tutorial_dag.py for tasks to queue
[2026-06-03T12:10:27.153+0000] {logging_mixin.py:188} INFO - [2026-06-03T12:10:27.153+0000] {dagbag.py:538} INFO - Filling up the DagBag from /home/airflow/.local/lib/python3.8/site-packages/airflow/example_dags/tutorial_dag.py
[2026-06-03T12:10:27.156+0000] {processor.py:840} INFO - DAG(s) 'tutorial_dag' retrieved from /home/airflow/.local/lib/python3.8/site-packages/airflow/example_dags/tutorial_dag.py
[2026-06-03T12:10:27.163+0000] {logging_mixin.py:188} INFO - [2026-06-03T12:10:27.163+0000] {dag.py:3033} INFO - Sync 1 DAGs
[2026-06-03T12:10:27.170+0000] {logging_mixin.py:188} INFO - [2026-06-03T12:10:27.170+0000] {dag.py:3820} INFO - Setting next_dagrun for tutorial_dag to None, run_after=None
[2026-06-03T12:10:27.180+0000] {processor.py:183} INFO - Processing /home/airflow/.local/lib/python3.8/site-packages/airflow/example_dags/tutorial_dag.py took 0.033 seconds
[2026-06-03T12:10:57.394+0000] {processor.py:161} INFO - Started process (PID=2496) to work on /home/airflow/.local/lib/python3.8/site-packages/airflow/example_dags/tutorial_dag.py
[2026-06-03T12:10:57.396+0000] {processor.py:830} INFO - Processing file /home/airflow/.local/lib/python3.8/site-packages/airflow/example_dags/tutorial_dag.py for tasks to queue
[2026-06-03T12:10:57.399+0000] {logging_mixin.py:188} INFO - [2026-06-03T12:10:57.399+0000] {dagbag.py:538} INFO - Filling up the DagBag from /home/airflow/.local/lib/python3.8/site-packages/airflow/example_dags/tutorial_dag.py
[2026-06-03T12:10:57.405+0000] {processor.py:840} INFO - DAG(s) 'tutorial_dag' retrieved from /home/airflow/.local/lib/python3.8/site-packages/airflow/example_dags/tutorial_dag.py
[2026-06-03T12:10:57.421+0000] {logging_mixin.py:188} INFO - [2026-06-03T12:10:57.421+0000] {dag.py:3033} INFO - Sync 1 DAGs
[2026-06-03T12:10:57.430+0000] {logging_mixin.py:188} INFO - [2026-06-03T12:10:57.430+0000] {dag.py:3820} INFO - Setting next_dagrun for tutorial_dag to None, run_after=None
[2026-06-03T12:10:57.441+0000] {processor.py:183} INFO - Processing /home/airflow/.local/lib/python3.8/site-packages/airflow/example_dags/tutorial_dag.py took 0.053 seconds
[2026-06-03T12:11:28.346+0000] {processor.py:161} INFO - Started process (PID=2550) to work on /home/airflow/.local/lib/python3.8/site-packages/airflow/example_dags/tutorial_dag.py
[2026-06-03T12:11:28.346+0000] {processor.py:830} INFO - Processing file /home/airflow/.local/lib/python3.8/site-packages/airflow/example_dags/tutorial_dag.py for tasks to queue
[2026-06-03T12:11:28.349+0000] {logging_mixin.py:188} INFO - [2026-06-03T12:11:28.349+0000] {dagbag.py:538} INFO - Filling up the DagBag from /home/airflow/.local/lib/python3.8/site-packages/airflow/example_dags/tutorial_dag.py
[2026-06-03T12:11:28.353+0000] {processor.py:840} INFO - DAG(s) 'tutorial_dag' retrieved from /home/airflow/.local/lib/python3.8/site-packages/airflow/example_dags/tutorial_dag.py
[2026-06-03T12:11:28.364+0000] {logging_mixin.py:188} INFO - [2026-06-03T12:11:28.363+0000] {dag.py:3033} INFO - Sync 1 DAGs
[2026-06-03T12:11:28.371+0000] {logging_mixin.py:188} INFO - [2026-06-03T12:11:28.371+0000] {dag.py:3820} INFO - Setting next_dagrun for tutorial_dag to None, run_after=None
[2026-06-03T12:11:28.383+0000] {processor.py:183} INFO - Processing /home/airflow/.local/lib/python3.8/site-packages/airflow/example_dags/tutorial_dag.py took 0.039 seconds
[2026-06-03T12:11:59.348+0000] {processor.py:161} INFO - Started process (PID=2606) to work on /home/airflow/.local/lib/python3.8/site-packages/airflow/example_dags/tutorial_dag.py
[2026-06-03T12:11:59.349+0000] {processor.py:830} INFO - Processing file /home/airflow/.local/lib/python3.8/site-packages/airflow/example_dags/tutorial_dag.py for tasks to queue
[2026-06-03T12:11:59.351+0000] {logging_mixin.py:188} INFO - [2026-06-03T12:11:59.351+0000] {dagbag.py:538} INFO - Filling up the DagBag from /home/airflow/.local/lib/python3.8/site-packages/airflow/example_dags/tutorial_dag.py
[2026-06-03T12:11:59.354+0000] {processor.py:840} INFO - DAG(s) 'tutorial_dag' retrieved from /home/airflow/.local/lib/python3.8/site-packages/airflow/example_dags/tutorial_dag.py
[2026-06-03T12:11:59.365+0000] {logging_mixin.py:188} INFO - [2026-06-03T12:11:59.365+0000] {dag.py:3033} INFO - Sync 1 DAGs
[2026-06-03T12:11:59.372+0000] {logging_mixin.py:188} INFO - [2026-06-03T12:11:59.372+0000] {dag.py:3820} INFO - Setting next_dagrun for tutorial_dag to None, run_after=None
[2026-06-03T12:11:59.380+0000] {processor.py:183} INFO - Processing /home/airflow/.local/lib/python3.8/site-packages/airflow/example_dags/tutorial_dag.py took 0.034 seconds
[2026-06-03T12:12:30.115+0000] {processor.py:161} INFO - Started process (PID=2662) to work on /home/airflow/.local/lib/python3.8/site-packages/airflow/example_dags/tutorial_dag.py
[2026-06-03T12:12:30.119+0000] {processor.py:830} INFO - Processing file /home/airflow/.local/lib/python3.8/site-packages/airflow/example_dags/tutorial_dag.py for tasks to queue
[2026-06-03T12:12:30.122+0000] {logging_mixin.py:188} INFO - [2026-06-03T12:12:30.121+0000] {dagbag.py:538} INFO - Filling up the DagBag from /home/airflow/.local/lib/python3.8/site-packages/airflow/example_dags/tutorial_dag.py
[2026-06-03T12:12:30.128+0000] {processor.py:840} INFO - DAG(s) 'tutorial_dag' retrieved from /home/airflow/.local/lib/python3.8/site-packages/airflow/example_dags/tutorial_dag.py
[2026-06-03T12:12:30.139+0000] {logging_mixin.py:188} INFO - [2026-06-03T12:12:30.139+0000] {dag.py:3033} INFO - Sync 1 DAGs
[2026-06-03T12:12:30.149+0000] {logging_mixin.py:188} INFO - [2026-06-03T12:12:30.149+0000] {dag.py:3820} INFO - Setting next_dagrun for tutorial_dag to None, run_after=None
[2026-06-03T12:12:30.163+0000] {processor.py:183} INFO - Processing /home/airflow/.local/lib/python3.8/site-packages/airflow/example_dags/tutorial_dag.py took 0.055 seconds
[2026-06-03T12:13:00.798+0000] {processor.py:161} INFO - Started process (PID=2717) to work on /home/airflow/.local/lib/python3.8/site-packages/airflow/example_dags/tutorial_dag.py
[2026-06-03T12:13:00.798+0000] {processor.py:830} INFO - Processing file /home/airflow/.local/lib/python3.8/site-packages/airflow/example_dags/tutorial_dag.py for tasks to queue
[2026-06-03T12:13:00.800+0000] {logging_mixin.py:188} INFO - [2026-06-03T12:13:00.800+0000] {dagbag.py:538} INFO - Filling up the DagBag from /home/airflow/.local/lib/python3.8/site-packages/airflow/example_dags/tutorial_dag.py
[2026-06-03T12:13:00.804+0000] {processor.py:840} INFO - DAG(s) 'tutorial_dag' retrieved from /home/airflow/.local/lib/python3.8/site-packages/airflow/example_dags/tutorial_dag.py
[2026-06-03T12:13:00.827+0000] {logging_mixin.py:188} INFO - [2026-06-03T12:13:00.827+0000] {dag.py:3033} INFO - Sync 1 DAGs
[2026-06-03T12:13:00.834+0000] {logging_mixin.py:188} INFO - [2026-06-03T12:13:00.834+0000] {dag.py:3820} INFO - Setting next_dagrun for tutorial_dag to None, run_after=None
[2026-06-03T12:13:00.855+0000] {processor.py:183} INFO - Processing /home/airflow/.local/lib/python3.8/site-packages/airflow/example_dags/tutorial_dag.py took 0.059 seconds
[2026-06-03T12:13:31.467+0000] {processor.py:161} INFO - Started process (PID=2773) to work on /home/airflow/.local/lib/python3.8/site-packages/airflow/example_dags/tutorial_dag.py
[2026-06-03T12:13:31.468+0000] {processor.py:830} INFO - Processing file /home/airflow/.local/lib/python3.8/site-packages/airflow/example_dags/tutorial_dag.py for tasks to queue
[2026-06-03T12:13:31.469+0000] {logging_mixin.py:188} INFO - [2026-06-03T12:13:31.468+0000] {dagbag.py:538} INFO - Filling up the DagBag from /home/airflow/.local/lib/python3.8/site-packages/airflow/example_dags/tutorial_dag.py
[2026-06-03T12:13:31.472+0000] {processor.py:840} INFO - DAG(s) 'tutorial_dag' retrieved from /home/airflow/.local/lib/python3.8/site-packages/airflow/example_dags/tutorial_dag.py
[2026-06-03T12:13:31.480+0000] {logging_mixin.py:188} INFO - [2026-06-03T12:13:31.480+0000] {dag.py:3033} INFO - Sync 1 DAGs
[2026-06-03T12:13:31.485+0000] {logging_mixin.py:188} INFO - [2026-06-03T12:13:31.485+0000] {dag.py:3820} INFO - Setting next_dagrun for tutorial_dag to None, run_after=None
[2026-06-03T12:13:31.491+0000] {processor.py:183} INFO - Processing /home/airflow/.local/lib/python3.8/site-packages/airflow/example_dags/tutorial_dag.py took 0.026 seconds
[2026-06-03T12:14:02.177+0000] {processor.py:161} INFO - Started process (PID=2829) to work on /home/airflow/.local/lib/python3.8/site-packages/airflow/example_dags/tutorial_dag.py
[2026-06-03T12:14:02.178+0000] {processor.py:830} INFO - Processing file /home/airflow/.local/lib/python3.8/site-packages/airflow/example_dags/tutorial_dag.py for tasks to queue
[2026-06-03T12:14:02.180+0000] {logging_mixin.py:188} INFO - [2026-06-03T12:14:02.180+0000] {dagbag.py:538} INFO - Filling up the DagBag from /home/airflow/.local/lib/python3.8/site-packages/airflow/example_dags/tutorial_dag.py
[2026-06-03T12:14:02.188+0000] {processor.py:840} INFO - DAG(s) 'tutorial_dag' retrieved from /home/airflow/.local/lib/python3.8/site-packages/airflow/example_dags/tutorial_dag.py
[2026-06-03T12:14:02.203+0000] {logging_mixin.py:188} INFO - [2026-06-03T12:14:02.203+0000] {dag.py:3033} INFO - Sync 1 DAGs
[2026-06-03T12:14:02.208+0000] {logging_mixin.py:188} INFO - [2026-06-03T12:14:02.208+0000] {dag.py:3820} INFO - Setting next_dagrun for tutorial_dag to None, run_after=None
[2026-06-03T12:14:02.218+0000] {processor.py:183} INFO - Processing /home/airflow/.local/lib/python3.8/site-packages/airflow/example_dags/tutorial_dag.py took 0.044 seconds
[2026-06-03T12:14:32.355+0000] {processor.py:161} INFO - Started process (PID=2885) to work on /home/airflow/.local/lib/python3.8/site-packages/airflow/example_dags/tutorial_dag.py
[2026-06-03T12:14:32.356+0000] {processor.py:830} INFO - Processing file /home/airflow/.local/lib/python3.8/site-packages/airflow/example_dags/tutorial_dag.py for tasks to queue
[2026-06-03T12:14:32.358+0000] {logging_mixin.py:188} INFO - [2026-06-03T12:14:32.358+0000] {dagbag.py:538} INFO - Filling up the DagBag from /home/airflow/.local/lib/python3.8/site-packages/airflow/example_dags/tutorial_dag.py
[2026-06-03T12:14:32.362+0000] {processor.py:840} INFO - DAG(s) 'tutorial_dag' retrieved from /home/airflow/.local/lib/python3.8/site-packages/airflow/example_dags/tutorial_dag.py
[2026-06-03T12:14:32.377+0000] {logging_mixin.py:188} INFO - [2026-06-03T12:14:32.377+0000] {dag.py:3033} INFO - Sync 1 DAGs
[2026-06-03T12:14:32.384+0000] {logging_mixin.py:188} INFO - [2026-06-03T12:14:32.384+0000] {dag.py:3820} INFO - Setting next_dagrun for tutorial_dag to None, run_after=None
[2026-06-03T12:14:32.392+0000] {processor.py:183} INFO - Processing /home/airflow/.local/lib/python3.8/site-packages/airflow/example_dags/tutorial_dag.py took 0.039 seconds
[2026-06-03T12:15:02.679+0000] {processor.py:161} INFO - Started process (PID=2941) to work on /home/airflow/.local/lib/python3.8/site-packages/airflow/example_dags/tutorial_dag.py
[2026-06-03T12:15:02.681+0000] {processor.py:830} INFO - Processing file /home/airflow/.local/lib/python3.8/site-packages/airflow/example_dags/tutorial_dag.py for tasks to queue
[2026-06-03T12:15:02.682+0000] {logging_mixin.py:188} INFO - [2026-06-03T12:15:02.682+0000] {dagbag.py:538} INFO - Filling up the DagBag from /home/airflow/.local/lib/python3.8/site-packages/airflow/example_dags/tutorial_dag.py
[2026-06-03T12:15:02.685+0000] {processor.py:840} INFO - DAG(s) 'tutorial_dag' retrieved from /home/airflow/.local/lib/python3.8/site-packages/airflow/example_dags/tutorial_dag.py
[2026-06-03T12:15:02.694+0000] {logging_mixin.py:188} INFO - [2026-06-03T12:15:02.694+0000] {dag.py:3033} INFO - Sync 1 DAGs
[2026-06-03T12:15:02.700+0000] {logging_mixin.py:188} INFO - [2026-06-03T12:15:02.700+0000] {dag.py:3820} INFO - Setting next_dagrun for tutorial_dag to None, run_after=None
[2026-06-03T12:15:02.713+0000] {processor.py:183} INFO - Processing /home/airflow/.local/lib/python3.8/site-packages/airflow/example_dags/tutorial_dag.py took 0.036 seconds
[2026-06-03T12:15:33.308+0000] {processor.py:161} INFO - Started process (PID=2997) to work on /home/airflow/.local/lib/python3.8/site-packages/airflow/example_dags/tutorial_dag.py
[2026-06-03T12:15:33.312+0000] {processor.py:830} INFO - Processing file /home/airflow/.local/lib/python3.8/site-packages/airflow/example_dags/tutorial_dag.py for tasks to queue
[2026-06-03T12:15:33.315+0000] {logging_mixin.py:188} INFO - [2026-06-03T12:15:33.314+0000] {dagbag.py:538} INFO - Filling up the DagBag from /home/airflow/.local/lib/python3.8/site-packages/airflow/example_dags/tutorial_dag.py
[2026-06-03T12:15:33.319+0000] {processor.py:840} INFO - DAG(s) 'tutorial_dag' retrieved from /home/airflow/.local/lib/python3.8/site-packages/airflow/example_dags/tutorial_dag.py
[2026-06-03T12:15:33.341+0000] {logging_mixin.py:188} INFO - [2026-06-03T12:15:33.341+0000] {dag.py:3033} INFO - Sync 1 DAGs
[2026-06-03T12:15:33.352+0000] {logging_mixin.py:188} INFO - [2026-06-03T12:15:33.352+0000] {dag.py:3820} INFO - Setting next_dagrun for tutorial_dag to None, run_after=None
[2026-06-03T12:15:33.363+0000] {processor.py:183} INFO - Processing /home/airflow/.local/lib/python3.8/site-packages/airflow/example_dags/tutorial_dag.py took 0.072 seconds
[2026-06-03T12:16:04.013+0000] {processor.py:161} INFO - Started process (PID=3053) to work on /home/airflow/.local/lib/python3.8/site-packages/airflow/example_dags/tutorial_dag.py
[2026-06-03T12:16:04.014+0000] {processor.py:830} INFO - Processing file /home/airflow/.local/lib/python3.8/site-packages/airflow/example_dags/tutorial_dag.py for tasks to queue
[2026-06-03T12:16:04.015+0000] {logging_mixin.py:188} INFO - [2026-06-03T12:16:04.015+0000] {dagbag.py:538} INFO - Filling up the DagBag from /home/airflow/.local/lib/python3.8/site-packages/airflow/example_dags/tutorial_dag.py
[2026-06-03T12:16:04.018+0000] {processor.py:840} INFO - DAG(s) 'tutorial_dag' retrieved from /home/airflow/.local/lib/python3.8/site-packages/airflow/example_dags/tutorial_dag.py
[2026-06-03T12:16:04.029+0000] {logging_mixin.py:188} INFO - [2026-06-03T12:16:04.029+0000] {dag.py:3033} INFO - Sync 1 DAGs
[2026-06-03T12:16:04.034+0000] {logging_mixin.py:188} INFO - [2026-06-03T12:16:04.034+0000] {dag.py:3820} INFO - Setting next_dagrun for tutorial_dag to None, run_after=None
[2026-06-03T12:16:04.040+0000] {processor.py:183} INFO - Processing /home/airflow/.local/lib/python3.8/site-packages/airflow/example_dags/tutorial_dag.py took 0.028 seconds
[2026-06-03T12:16:34.352+0000] {processor.py:161} INFO - Started process (PID=3109) to work on /home/airflow/.local/lib/python3.8/site-packages/airflow/example_dags/tutorial_dag.py
[2026-06-03T12:16:34.353+0000] {processor.py:830} INFO - Processing file /home/airflow/.local/lib/python3.8/site-packages/airflow/example_dags/tutorial_dag.py for tasks to queue
[2026-06-03T12:16:34.354+0000] {logging_mixin.py:188} INFO - [2026-06-03T12:16:34.354+0000] {dagbag.py:538} INFO - Filling up the DagBag from /home/airflow/.local/lib/python3.8/site-packages/airflow/example_dags/tutorial_dag.py
[2026-06-03T12:16:34.357+0000] {processor.py:840} INFO - DAG(s) 'tutorial_dag' retrieved from /home/airflow/.local/lib/python3.8/site-packages/airflow/example_dags/tutorial_dag.py
[2026-06-03T12:16:34.369+0000] {logging_mixin.py:188} INFO - [2026-06-03T12:16:34.369+0000] {dag.py:3033} INFO - Sync 1 DAGs
[2026-06-03T12:16:34.375+0000] {logging_mixin.py:188} INFO - [2026-06-03T12:16:34.374+0000] {dag.py:3820} INFO - Setting next_dagrun for tutorial_dag to None, run_after=None
[2026-06-03T12:16:34.388+0000] {processor.py:183} INFO - Processing /home/airflow/.local/lib/python3.8/site-packages/airflow/example_dags/tutorial_dag.py took 0.038 seconds
[2026-06-03T12:17:04.996+0000] {processor.py:161} INFO - Started process (PID=3165) to work on /home/airflow/.local/lib/python3.8/site-packages/airflow/example_dags/tutorial_dag.py
[2026-06-03T12:17:04.997+0000] {processor.py:830} INFO - Processing file /home/airflow/.local/lib/python3.8/site-packages/airflow/example_dags/tutorial_dag.py for tasks to queue
[2026-06-03T12:17:04.999+0000] {logging_mixin.py:188} INFO - [2026-06-03T12:17:04.999+0000] {dagbag.py:538} INFO - Filling up the DagBag from /home/airflow/.local/lib/python3.8/site-packages/airflow/example_dags/tutorial_dag.py
[2026-06-03T12:17:05.009+0000] {processor.py:840} INFO - DAG(s) 'tutorial_dag' retrieved from /home/airflow/.local/lib/python3.8/site-packages/airflow/example_dags/tutorial_dag.py
[2026-06-03T12:17:05.040+0000] {logging_mixin.py:188} INFO - [2026-06-03T12:17:05.040+0000] {dag.py:3033} INFO - Sync 1 DAGs
[2026-06-03T12:17:05.048+0000] {logging_mixin.py:188} INFO - [2026-06-03T12:17:05.048+0000] {dag.py:3820} INFO - Setting next_dagrun for tutorial_dag to None, run_after=None
[2026-06-03T12:17:05.060+0000] {processor.py:183} INFO - Processing /home/airflow/.local/lib/python3.8/site-packages/airflow/example_dags/tutorial_dag.py took 0.068 seconds
[2026-06-03T12:17:35.789+0000] {processor.py:161} INFO - Started process (PID=3220) to work on /home/airflow/.local/lib/python3.8/site-packages/airflow/example_dags/tutorial_dag.py
[2026-06-03T12:17:35.790+0000] {processor.py:830} INFO - Processing file /home/airflow/.local/lib/python3.8/site-packages/airflow/example_dags/tutorial_dag.py for tasks to queue
[2026-06-03T12:17:35.791+0000] {logging_mixin.py:188} INFO - [2026-06-03T12:17:35.791+0000] {dagbag.py:538} INFO - Filling up the DagBag from /home/airflow/.local/lib/python3.8/site-packages/airflow/example_dags/tutorial_dag.py
[2026-06-03T12:17:35.810+0000] {processor.py:840} INFO - DAG(s) 'tutorial_dag' retrieved from /home/airflow/.local/lib/python3.8/site-packages/airflow/example_dags/tutorial_dag.py
[2026-06-03T12:17:35.824+0000] {logging_mixin.py:188} INFO - [2026-06-03T12:17:35.824+0000] {dag.py:3033} INFO - Sync 1 DAGs
[2026-06-03T12:17:35.835+0000] {logging_mixin.py:188} INFO - [2026-06-03T12:17:35.835+0000] {dag.py:3820} INFO - Setting next_dagrun for tutorial_dag to None, run_after=None
[2026-06-03T12:17:35.849+0000] {processor.py:183} INFO - Processing /home/airflow/.local/lib/python3.8/site-packages/airflow/example_dags/tutorial_dag.py took 0.062 seconds
[2026-06-03T12:18:06.927+0000] {processor.py:161} INFO - Started process (PID=3276) to work on /home/airflow/.local/lib/python3.8/site-packages/airflow/example_dags/tutorial_dag.py
[2026-06-03T12:18:06.928+0000] {processor.py:830} INFO - Processing file /home/airflow/.local/lib/python3.8/site-packages/airflow/example_dags/tutorial_dag.py for tasks to queue
[2026-06-03T12:18:06.929+0000] {logging_mixin.py:188} INFO - [2026-06-03T12:18:06.929+0000] {dagbag.py:538} INFO - Filling up the DagBag from /home/airflow/.local/lib/python3.8/site-packages/airflow/example_dags/tutorial_dag.py
[2026-06-03T12:18:06.932+0000] {processor.py:840} INFO - DAG(s) 'tutorial_dag' retrieved from /home/airflow/.local/lib/python3.8/site-packages/airflow/example_dags/tutorial_dag.py
[2026-06-03T12:18:06.944+0000] {logging_mixin.py:188} INFO - [2026-06-03T12:18:06.944+0000] {dag.py:3033} INFO - Sync 1 DAGs
[2026-06-03T12:18:06.954+0000] {logging_mixin.py:188} INFO - [2026-06-03T12:18:06.953+0000] {dag.py:3820} INFO - Setting next_dagrun for tutorial_dag to None, run_after=None
[2026-06-03T12:18:06.966+0000] {processor.py:183} INFO - Processing /home/airflow/.local/lib/python3.8/site-packages/airflow/example_dags/tutorial_dag.py took 0.043 seconds
[2026-06-03T12:18:37.298+0000] {processor.py:161} INFO - Started process (PID=3332) to work on /home/airflow/.local/lib/python3.8/site-packages/airflow/example_dags/tutorial_dag.py
[2026-06-03T12:18:37.300+0000] {processor.py:830} INFO - Processing file /home/airflow/.local/lib/python3.8/site-packages/airflow/example_dags/tutorial_dag.py for tasks to queue
[2026-06-03T12:18:37.302+0000] {logging_mixin.py:188} INFO - [2026-06-03T12:18:37.302+0000] {dagbag.py:538} INFO - Filling up the DagBag from /home/airflow/.local/lib/python3.8/site-packages/airflow/example_dags/tutorial_dag.py
[2026-06-03T12:18:37.306+0000] {processor.py:840} INFO - DAG(s) 'tutorial_dag' retrieved from /home/airflow/.local/lib/python3.8/site-packages/airflow/example_dags/tutorial_dag.py
[2026-06-03T12:18:37.319+0000] {logging_mixin.py:188} INFO - [2026-06-03T12:18:37.319+0000] {dag.py:3033} INFO - Sync 1 DAGs
[2026-06-03T12:18:37.326+0000] {logging_mixin.py:188} INFO - [2026-06-03T12:18:37.325+0000] {dag.py:3820} INFO - Setting next_dagrun for tutorial_dag to None, run_after=None
[2026-06-03T12:18:37.333+0000] {processor.py:183} INFO - Processing /home/airflow/.local/lib/python3.8/site-packages/airflow/example_dags/tutorial_dag.py took 0.037 seconds
[2026-06-03T12:19:07.813+0000] {processor.py:161} INFO - Started process (PID=3388) to work on /home/airflow/.local/lib/python3.8/site-packages/airflow/example_dags/tutorial_dag.py
[2026-06-03T12:19:07.816+0000] {processor.py:830} INFO - Processing file /home/airflow/.local/lib/python3.8/site-packages/airflow/example_dags/tutorial_dag.py for tasks to queue
[2026-06-03T12:19:07.817+0000] {logging_mixin.py:188} INFO - [2026-06-03T12:19:07.817+0000] {dagbag.py:538} INFO - Filling up the DagBag from /home/airflow/.local/lib/python3.8/site-packages/airflow/example_dags/tutorial_dag.py
[2026-06-03T12:19:07.821+0000] {processor.py:840} INFO - DAG(s) 'tutorial_dag' retrieved from /home/airflow/.local/lib/python3.8/site-packages/airflow/example_dags/tutorial_dag.py
[2026-06-03T12:19:07.831+0000] {logging_mixin.py:188} INFO - [2026-06-03T12:19:07.831+0000] {dag.py:3033} INFO - Sync 1 DAGs
[2026-06-03T12:19:07.838+0000] {logging_mixin.py:188} INFO - [2026-06-03T12:19:07.838+0000] {dag.py:3820} INFO - Setting next_dagrun for tutorial_dag to None, run_after=None
[2026-06-03T12:19:07.855+0000] {processor.py:183} INFO - Processing /home/airflow/.local/lib/python3.8/site-packages/airflow/example_dags/tutorial_dag.py took 0.050 seconds
[2026-06-03T12:19:38.308+0000] {processor.py:161} INFO - Started process (PID=3444) to work on /home/airflow/.local/lib/python3.8/site-packages/airflow/example_dags/tutorial_dag.py
[2026-06-03T12:19:38.311+0000] {processor.py:830} INFO - Processing file /home/airflow/.local/lib/python3.8/site-packages/airflow/example_dags/tutorial_dag.py for tasks to queue
[2026-06-03T12:19:38.312+0000] {logging_mixin.py:188} INFO - [2026-06-03T12:19:38.311+0000] {dagbag.py:538} INFO - Filling up the DagBag from /home/airflow/.local/lib/python3.8/site-packages/airflow/example_dags/tutorial_dag.py
[2026-06-03T12:19:38.315+0000] {processor.py:840} INFO - DAG(s) 'tutorial_dag' retrieved from /home/airflow/.local/lib/python3.8/site-packages/airflow/example_dags/tutorial_dag.py
[2026-06-03T12:19:38.327+0000] {logging_mixin.py:188} INFO - [2026-06-03T12:19:38.327+0000] {dag.py:3033} INFO - Sync 1 DAGs
[2026-06-03T12:19:38.333+0000] {logging_mixin.py:188} INFO - [2026-06-03T12:19:38.333+0000] {dag.py:3820} INFO - Setting next_dagrun for tutorial_dag to None, run_after=None
[2026-06-03T12:19:38.347+0000] {processor.py:183} INFO - Processing /home/airflow/.local/lib/python3.8/site-packages/airflow/example_dags/tutorial_dag.py took 0.042 seconds
[2026-06-03T12:20:08.636+0000] {processor.py:161} INFO - Started process (PID=3500) to work on /home/airflow/.local/lib/python3.8/site-packages/airflow/example_dags/tutorial_dag.py
[2026-06-03T12:20:08.637+0000] {processor.py:830} INFO - Processing file /home/airflow/.local/lib/python3.8/site-packages/airflow/example_dags/tutorial_dag.py for tasks to queue
[2026-06-03T12:20:08.639+0000] {logging_mixin.py:188} INFO - [2026-06-03T12:20:08.638+0000] {dagbag.py:538} INFO - Filling up the DagBag from /home/airflow/.local/lib/python3.8/site-packages/airflow/example_dags/tutorial_dag.py
[2026-06-03T12:20:08.641+0000] {processor.py:840} INFO - DAG(s) 'tutorial_dag' retrieved from /home/airflow/.local/lib/python3.8/site-packages/airflow/example_dags/tutorial_dag.py
[2026-06-03T12:20:08.654+0000] {logging_mixin.py:188} INFO - [2026-06-03T12:20:08.654+0000] {dag.py:3033} INFO - Sync 1 DAGs
[2026-06-03T12:20:08.662+0000] {logging_mixin.py:188} INFO - [2026-06-03T12:20:08.662+0000] {dag.py:3820} INFO - Setting next_dagrun for tutorial_dag to None, run_after=None
[2026-06-03T12:20:08.673+0000] {processor.py:183} INFO - Processing /home/airflow/.local/lib/python3.8/site-packages/airflow/example_dags/tutorial_dag.py took 0.040 seconds
[2026-06-03T12:20:38.906+0000] {processor.py:161} INFO - Started process (PID=3556) to work on /home/airflow/.local/lib/python3.8/site-packages/airflow/example_dags/tutorial_dag.py
[2026-06-03T12:20:38.906+0000] {processor.py:830} INFO - Processing file /home/airflow/.local/lib/python3.8/site-packages/airflow/example_dags/tutorial_dag.py for tasks to queue
[2026-06-03T12:20:38.908+0000] {logging_mixin.py:188} INFO - [2026-06-03T12:20:38.908+0000] {dagbag.py:538} INFO - Filling up the DagBag from /home/airflow/.local/lib/python3.8/site-packages/airflow/example_dags/tutorial_dag.py
[2026-06-03T12:20:38.911+0000] {processor.py:840} INFO - DAG(s) 'tutorial_dag' retrieved from /home/airflow/.local/lib/python3.8/site-packages/airflow/example_dags/tutorial_dag.py
[2026-06-03T12:20:38.929+0000] {logging_mixin.py:188} INFO - [2026-06-03T12:20:38.928+0000] {dag.py:3033} INFO - Sync 1 DAGs
[2026-06-03T12:20:38.940+0000] {logging_mixin.py:188} INFO - [2026-06-03T12:20:38.940+0000] {dag.py:3820} INFO - Setting next_dagrun for tutorial_dag to None, run_after=None
[2026-06-03T12:20:38.954+0000] {processor.py:183} INFO - Processing /home/airflow/.local/lib/python3.8/site-packages/airflow/example_dags/tutorial_dag.py took 0.052 seconds
[2026-06-03T12:21:09.486+0000] {processor.py:161} INFO - Started process (PID=3613) to work on /home/airflow/.local/lib/python3.8/site-packages/airflow/example_dags/tutorial_dag.py
[2026-06-03T12:21:09.487+0000] {processor.py:830} INFO - Processing file /home/airflow/.local/lib/python3.8/site-packages/airflow/example_dags/tutorial_dag.py for tasks to queue
[2026-06-03T12:21:09.488+0000] {logging_mixin.py:188} INFO - [2026-06-03T12:21:09.488+0000] {dagbag.py:538} INFO - Filling up the DagBag from /home/airflow/.local/lib/python3.8/site-packages/airflow/example_dags/tutorial_dag.py
[2026-06-03T12:21:09.492+0000] {processor.py:840} INFO - DAG(s) 'tutorial_dag' retrieved from /home/airflow/.local/lib/python3.8/site-packages/airflow/example_dags/tutorial_dag.py
[2026-06-03T12:21:09.506+0000] {logging_mixin.py:188} INFO - [2026-06-03T12:21:09.506+0000] {dag.py:3033} INFO - Sync 1 DAGs
[2026-06-03T12:21:09.514+0000] {logging_mixin.py:188} INFO - [2026-06-03T12:21:09.514+0000] {dag.py:3820} INFO - Setting next_dagrun for tutorial_dag to None, run_after=None
[2026-06-03T12:21:09.527+0000] {processor.py:183} INFO - Processing /home/airflow/.local/lib/python3.8/site-packages/airflow/example_dags/tutorial_dag.py took 0.043 seconds
[2026-06-03T12:21:39.946+0000] {processor.py:161} INFO - Started process (PID=3669) to work on /home/airflow/.local/lib/python3.8/site-packages/airflow/example_dags/tutorial_dag.py
[2026-06-03T12:21:39.947+0000] {processor.py:830} INFO - Processing file /home/airflow/.local/lib/python3.8/site-packages/airflow/example_dags/tutorial_dag.py for tasks to queue
[2026-06-03T12:21:39.950+0000] {logging_mixin.py:188} INFO - [2026-06-03T12:21:39.949+0000] {dagbag.py:538} INFO - Filling up the DagBag from /home/airflow/.local/lib/python3.8/site-packages/airflow/example_dags/tutorial_dag.py
[2026-06-03T12:21:39.953+0000] {processor.py:840} INFO - DAG(s) 'tutorial_dag' retrieved from /home/airflow/.local/lib/python3.8/site-packages/airflow/example_dags/tutorial_dag.py
[2026-06-03T12:21:39.965+0000] {logging_mixin.py:188} INFO - [2026-06-03T12:21:39.964+0000] {dag.py:3033} INFO - Sync 1 DAGs
[2026-06-03T12:21:39.973+0000] {logging_mixin.py:188} INFO - [2026-06-03T12:21:39.973+0000] {dag.py:3820} INFO - Setting next_dagrun for tutorial_dag to None, run_after=None
[2026-06-03T12:21:39.987+0000] {processor.py:183} INFO - Processing /home/airflow/.local/lib/python3.8/site-packages/airflow/example_dags/tutorial_dag.py took 0.044 seconds
[2026-06-03T12:22:10.637+0000] {processor.py:161} INFO - Started process (PID=3725) to work on /home/airflow/.local/lib/python3.8/site-packages/airflow/example_dags/tutorial_dag.py
[2026-06-03T12:22:10.639+0000] {processor.py:830} INFO - Processing file /home/airflow/.local/lib/python3.8/site-packages/airflow/example_dags/tutorial_dag.py for tasks to queue
[2026-06-03T12:22:10.640+0000] {logging_mixin.py:188} INFO - [2026-06-03T12:22:10.640+0000] {dagbag.py:538} INFO - Filling up the DagBag from /home/airflow/.local/lib/python3.8/site-packages/airflow/example_dags/tutorial_dag.py
[2026-06-03T12:22:10.651+0000] {processor.py:840} INFO - DAG(s) 'tutorial_dag' retrieved from /home/airflow/.local/lib/python3.8/site-packages/airflow/example_dags/tutorial_dag.py
[2026-06-03T12:22:10.665+0000] {logging_mixin.py:188} INFO - [2026-06-03T12:22:10.664+0000] {dag.py:3033} INFO - Sync 1 DAGs
[2026-06-03T12:22:10.672+0000] {logging_mixin.py:188} INFO - [2026-06-03T12:22:10.672+0000] {dag.py:3820} INFO - Setting next_dagrun for tutorial_dag to None, run_after=None
[2026-06-03T12:22:10.684+0000] {processor.py:183} INFO - Processing /home/airflow/.local/lib/python3.8/site-packages/airflow/example_dags/tutorial_dag.py took 0.048 seconds
[2026-06-03T12:22:41.701+0000] {processor.py:161} INFO - Started process (PID=3781) to work on /home/airflow/.local/lib/python3.8/site-packages/airflow/example_dags/tutorial_dag.py
[2026-06-03T12:22:41.702+0000] {processor.py:830} INFO - Processing file /home/airflow/.local/lib/python3.8/site-packages/airflow/example_dags/tutorial_dag.py for tasks to queue
[2026-06-03T12:22:41.704+0000] {logging_mixin.py:188} INFO - [2026-06-03T12:22:41.703+0000] {dagbag.py:538} INFO - Filling up the DagBag from /home/airflow/.local/lib/python3.8/site-packages/airflow/example_dags/tutorial_dag.py
[2026-06-03T12:22:41.710+0000] {processor.py:840} INFO - DAG(s) 'tutorial_dag' retrieved from /home/airflow/.local/lib/python3.8/site-packages/airflow/example_dags/tutorial_dag.py
[2026-06-03T12:22:41.722+0000] {logging_mixin.py:188} INFO - [2026-06-03T12:22:41.722+0000] {dag.py:3033} INFO - Sync 1 DAGs
[2026-06-03T12:22:41.727+0000] {logging_mixin.py:188} INFO - [2026-06-03T12:22:41.727+0000] {dag.py:3820} INFO - Setting next_dagrun for tutorial_dag to None, run_after=None
[2026-06-03T12:22:41.734+0000] {processor.py:183} INFO - Processing /home/airflow/.local/lib/python3.8/site-packages/airflow/example_dags/tutorial_dag.py took 0.035 seconds
[2026-06-03T12:23:12.015+0000] {processor.py:161} INFO - Started process (PID=3837) to work on /home/airflow/.local/lib/python3.8/site-packages/airflow/example_dags/tutorial_dag.py
[2026-06-03T12:23:12.016+0000] {processor.py:830} INFO - Processing file /home/airflow/.local/lib/python3.8/site-packages/airflow/example_dags/tutorial_dag.py for tasks to queue
[2026-06-03T12:23:12.018+0000] {logging_mixin.py:188} INFO - [2026-06-03T12:23:12.018+0000] {dagbag.py:538} INFO - Filling up the DagBag from /home/airflow/.local/lib/python3.8/site-packages/airflow/example_dags/tutorial_dag.py
[2026-06-03T12:23:12.020+0000] {processor.py:840} INFO - DAG(s) 'tutorial_dag' retrieved from /home/airflow/.local/lib/python3.8/site-packages/airflow/example_dags/tutorial_dag.py
[2026-06-03T12:23:12.031+0000] {logging_mixin.py:188} INFO - [2026-06-03T12:23:12.031+0000] {dag.py:3033} INFO - Sync 1 DAGs
[2026-06-03T12:23:12.041+0000] {logging_mixin.py:188} INFO - [2026-06-03T12:23:12.041+0000] {dag.py:3820} INFO - Setting next_dagrun for tutorial_dag to None, run_after=None
[2026-06-03T12:23:12.055+0000] {processor.py:183} INFO - Processing /home/airflow/.local/lib/python3.8/site-packages/airflow/example_dags/tutorial_dag.py took 0.042 seconds
[2026-06-03T12:23:42.512+0000] {processor.py:161} INFO - Started process (PID=3893) to work on /home/airflow/.local/lib/python3.8/site-packages/airflow/example_dags/tutorial_dag.py
[2026-06-03T12:23:42.513+0000] {processor.py:830} INFO - Processing file /home/airflow/.local/lib/python3.8/site-packages/airflow/example_dags/tutorial_dag.py for tasks to queue
[2026-06-03T12:23:42.514+0000] {logging_mixin.py:188} INFO - [2026-06-03T12:23:42.514+0000] {dagbag.py:538} INFO - Filling up the DagBag from /home/airflow/.local/lib/python3.8/site-packages/airflow/example_dags/tutorial_dag.py
[2026-06-03T12:23:42.517+0000] {processor.py:840} INFO - DAG(s) 'tutorial_dag' retrieved from /home/airflow/.local/lib/python3.8/site-packages/airflow/example_dags/tutorial_dag.py
[2026-06-03T12:23:42.533+0000] {logging_mixin.py:188} INFO - [2026-06-03T12:23:42.533+0000] {dag.py:3033} INFO - Sync 1 DAGs
[2026-06-03T12:23:42.539+0000] {logging_mixin.py:188} INFO - [2026-06-03T12:23:42.539+0000] {dag.py:3820} INFO - Setting next_dagrun for tutorial_dag to None, run_after=None
[2026-06-03T12:23:42.551+0000] {processor.py:183} INFO - Processing /home/airflow/.local/lib/python3.8/site-packages/airflow/example_dags/tutorial_dag.py took 0.041 seconds
[2026-06-03T12:24:13.374+0000] {processor.py:161} INFO - Started process (PID=3949) to work on /home/airflow/.local/lib/python3.8/site-packages/airflow/example_dags/tutorial_dag.py
[2026-06-03T12:24:13.376+0000] {processor.py:830} INFO - Processing file /home/airflow/.local/lib/python3.8/site-packages/airflow/example_dags/tutorial_dag.py for tasks to queue
[2026-06-03T12:24:13.377+0000] {logging_mixin.py:188} INFO - [2026-06-03T12:24:13.377+0000] {dagbag.py:538} INFO - Filling up the DagBag from /home/airflow/.local/lib/python3.8/site-packages/airflow/example_dags/tutorial_dag.py
[2026-06-03T12:24:13.383+0000] {processor.py:840} INFO - DAG(s) 'tutorial_dag' retrieved from /home/airflow/.local/lib/python3.8/site-packages/airflow/example_dags/tutorial_dag.py
[2026-06-03T12:24:13.398+0000] {logging_mixin.py:188} INFO - [2026-06-03T12:24:13.398+0000] {dag.py:3033} INFO - Sync 1 DAGs
[2026-06-03T12:24:13.404+0000] {logging_mixin.py:188} INFO - [2026-06-03T12:24:13.404+0000] {dag.py:3820} INFO - Setting next_dagrun for tutorial_dag to None, run_after=None
[2026-06-03T12:24:13.421+0000] {processor.py:183} INFO - Processing /home/airflow/.local/lib/python3.8/site-packages/airflow/example_dags/tutorial_dag.py took 0.051 seconds
[2026-06-03T12:24:44.090+0000] {processor.py:161} INFO - Started process (PID=4005) to work on /home/airflow/.local/lib/python3.8/site-packages/airflow/example_dags/tutorial_dag.py
[2026-06-03T12:24:44.091+0000] {processor.py:830} INFO - Processing file /home/airflow/.local/lib/python3.8/site-packages/airflow/example_dags/tutorial_dag.py for tasks to queue
[2026-06-03T12:24:44.092+0000] {logging_mixin.py:188} INFO - [2026-06-03T12:24:44.092+0000] {dagbag.py:538} INFO - Filling up the DagBag from /home/airflow/.local/lib/python3.8/site-packages/airflow/example_dags/tutorial_dag.py
[2026-06-03T12:24:44.094+0000] {processor.py:840} INFO - DAG(s) 'tutorial_dag' retrieved from /home/airflow/.local/lib/python3.8/site-packages/airflow/example_dags/tutorial_dag.py
[2026-06-03T12:24:44.110+0000] {logging_mixin.py:188} INFO - [2026-06-03T12:24:44.110+0000] {dag.py:3033} INFO - Sync 1 DAGs
[2026-06-03T12:24:44.116+0000] {logging_mixin.py:188} INFO - [2026-06-03T12:24:44.116+0000] {dag.py:3820} INFO - Setting next_dagrun for tutorial_dag to None, run_after=None
[2026-06-03T12:24:44.122+0000] {processor.py:183} INFO - Processing /home/airflow/.local/lib/python3.8/site-packages/airflow/example_dags/tutorial_dag.py took 0.033 seconds
[2026-06-03T12:25:14.431+0000] {processor.py:161} INFO - Started process (PID=4061) to work on /home/airflow/.local/lib/python3.8/site-packages/airflow/example_dags/tutorial_dag.py
[2026-06-03T12:25:14.431+0000] {processor.py:830} INFO - Processing file /home/airflow/.local/lib/python3.8/site-packages/airflow/example_dags/tutorial_dag.py for tasks to queue
[2026-06-03T12:25:14.432+0000] {logging_mixin.py:188} INFO - [2026-06-03T12:25:14.432+0000] {dagbag.py:538} INFO - Filling up the DagBag from /home/airflow/.local/lib/python3.8/site-packages/airflow/example_dags/tutorial_dag.py
[2026-06-03T12:25:14.435+0000] {processor.py:840} INFO - DAG(s) 'tutorial_dag' retrieved from /home/airflow/.local/lib/python3.8/site-packages/airflow/example_dags/tutorial_dag.py
[2026-06-03T12:25:14.447+0000] {logging_mixin.py:188} INFO - [2026-06-03T12:25:14.447+0000] {dag.py:3033} INFO - Sync 1 DAGs
[2026-06-03T12:25:14.453+0000] {logging_mixin.py:188} INFO - [2026-06-03T12:25:14.453+0000] {dag.py:3820} INFO - Setting next_dagrun for tutorial_dag to None, run_after=None
[2026-06-03T12:25:14.465+0000] {processor.py:183} INFO - Processing /home/airflow/.local/lib/python3.8/site-packages/airflow/example_dags/tutorial_dag.py took 0.037 seconds
[2026-06-03T12:25:44.767+0000] {processor.py:161} INFO - Started process (PID=4117) to work on /home/airflow/.local/lib/python3.8/site-packages/airflow/example_dags/tutorial_dag.py
[2026-06-03T12:25:44.767+0000] {processor.py:830} INFO - Processing file /home/airflow/.local/lib/python3.8/site-packages/airflow/example_dags/tutorial_dag.py for tasks to queue
[2026-06-03T12:25:44.769+0000] {logging_mixin.py:188} INFO - [2026-06-03T12:25:44.769+0000] {dagbag.py:538} INFO - Filling up the DagBag from /home/airflow/.local/lib/python3.8/site-packages/airflow/example_dags/tutorial_dag.py
[2026-06-03T12:25:44.774+0000] {processor.py:840} INFO - DAG(s) 'tutorial_dag' retrieved from /home/airflow/.local/lib/python3.8/site-packages/airflow/example_dags/tutorial_dag.py
[2026-06-03T12:25:44.791+0000] {logging_mixin.py:188} INFO - [2026-06-03T12:25:44.791+0000] {dag.py:3033} INFO - Sync 1 DAGs
[2026-06-03T12:25:44.799+0000] {logging_mixin.py:188} INFO - [2026-06-03T12:25:44.799+0000] {dag.py:3820} INFO - Setting next_dagrun for tutorial_dag to None, run_after=None
[2026-06-03T12:25:44.814+0000] {processor.py:183} INFO - Processing /home/airflow/.local/lib/python3.8/site-packages/airflow/example_dags/tutorial_dag.py took 0.050 seconds
[2026-06-03T12:26:14.911+0000] {processor.py:161} INFO - Started process (PID=4173) to work on /home/airflow/.local/lib/python3.8/site-packages/airflow/example_dags/tutorial_dag.py
[2026-06-03T12:26:14.912+0000] {processor.py:830} INFO - Processing file /home/airflow/.local/lib/python3.8/site-packages/airflow/example_dags/tutorial_dag.py for tasks to queue
[2026-06-03T12:26:14.914+0000] {logging_mixin.py:188} INFO - [2026-06-03T12:26:14.914+0000] {dagbag.py:538} INFO - Filling up the DagBag from /home/airflow/.local/lib/python3.8/site-packages/airflow/example_dags/tutorial_dag.py
[2026-06-03T12:26:14.931+0000] {processor.py:840} INFO - DAG(s) 'tutorial_dag' retrieved from /home/airflow/.local/lib/python3.8/site-packages/airflow/example_dags/tutorial_dag.py
[2026-06-03T12:26:14.953+0000] {logging_mixin.py:188} INFO - [2026-06-03T12:26:14.953+0000] {dag.py:3033} INFO - Sync 1 DAGs
[2026-06-03T12:26:14.962+0000] {logging_mixin.py:188} INFO - [2026-06-03T12:26:14.962+0000] {dag.py:3820} INFO - Setting next_dagrun for tutorial_dag to None, run_after=None
[2026-06-03T12:26:14.975+0000] {processor.py:183} INFO - Processing /home/airflow/.local/lib/python3.8/site-packages/airflow/example_dags/tutorial_dag.py took 0.067 seconds
[2026-06-03T12:26:45.254+0000] {processor.py:161} INFO - Started process (PID=4229) to work on /home/airflow/.local/lib/python3.8/site-packages/airflow/example_dags/tutorial_dag.py
[2026-06-03T12:26:45.255+0000] {processor.py:830} INFO - Processing file /home/airflow/.local/lib/python3.8/site-packages/airflow/example_dags/tutorial_dag.py for tasks to queue
[2026-06-03T12:26:45.257+0000] {logging_mixin.py:188} INFO - [2026-06-03T12:26:45.256+0000] {dagbag.py:538} INFO - Filling up the DagBag from /home/airflow/.local/lib/python3.8/site-packages/airflow/example_dags/tutorial_dag.py
[2026-06-03T12:26:45.259+0000] {processor.py:840} INFO - DAG(s) 'tutorial_dag' retrieved from /home/airflow/.local/lib/python3.8/site-packages/airflow/example_dags/tutorial_dag.py
[2026-06-03T12:26:45.271+0000] {logging_mixin.py:188} INFO - [2026-06-03T12:26:45.271+0000] {dag.py:3033} INFO - Sync 1 DAGs
[2026-06-03T12:26:45.277+0000] {logging_mixin.py:188} INFO - [2026-06-03T12:26:45.277+0000] {dag.py:3820} INFO - Setting next_dagrun for tutorial_dag to None, run_after=None
[2026-06-03T12:26:45.286+0000] {processor.py:183} INFO - Processing /home/airflow/.local/lib/python3.8/site-packages/airflow/example_dags/tutorial_dag.py took 0.034 seconds
[2026-06-03T12:27:15.576+0000] {processor.py:161} INFO - Started process (PID=4285) to work on /home/airflow/.local/lib/python3.8/site-packages/airflow/example_dags/tutorial_dag.py
[2026-06-03T12:27:15.579+0000] {processor.py:830} INFO - Processing file /home/airflow/.local/lib/python3.8/site-packages/airflow/example_dags/tutorial_dag.py for tasks to queue
[2026-06-03T12:27:15.581+0000] {logging_mixin.py:188} INFO - [2026-06-03T12:27:15.581+0000] {dagbag.py:538} INFO - Filling up the DagBag from /home/airflow/.local/lib/python3.8/site-packages/airflow/example_dags/tutorial_dag.py
[2026-06-03T12:27:15.586+0000] {processor.py:840} INFO - DAG(s) 'tutorial_dag' retrieved from /home/airflow/.local/lib/python3.8/site-packages/airflow/example_dags/tutorial_dag.py
[2026-06-03T12:27:15.600+0000] {logging_mixin.py:188} INFO - [2026-06-03T12:27:15.599+0000] {dag.py:3033} INFO - Sync 1 DAGs
[2026-06-03T12:27:15.605+0000] {logging_mixin.py:188} INFO - [2026-06-03T12:27:15.605+0000] {dag.py:3820} INFO - Setting next_dagrun for tutorial_dag to None, run_after=None
[2026-06-03T12:27:15.613+0000] {processor.py:183} INFO - Processing /home/airflow/.local/lib/python3.8/site-packages/airflow/example_dags/tutorial_dag.py took 0.039 seconds
[2026-06-03T12:27:45.791+0000] {processor.py:161} INFO - Started process (PID=4341) to work on /home/airflow/.local/lib/python3.8/site-packages/airflow/example_dags/tutorial_dag.py
[2026-06-03T12:27:45.792+0000] {processor.py:830} INFO - Processing file /home/airflow/.local/lib/python3.8/site-packages/airflow/example_dags/tutorial_dag.py for tasks to queue
[2026-06-03T12:27:45.793+0000] {logging_mixin.py:188} INFO - [2026-06-03T12:27:45.793+0000] {dagbag.py:538} INFO - Filling up the DagBag from /home/airflow/.local/lib/python3.8/site-packages/airflow/example_dags/tutorial_dag.py
[2026-06-03T12:27:45.796+0000] {processor.py:840} INFO - DAG(s) 'tutorial_dag' retrieved from /home/airflow/.local/lib/python3.8/site-packages/airflow/example_dags/tutorial_dag.py
[2026-06-03T12:27:45.807+0000] {logging_mixin.py:188} INFO - [2026-06-03T12:27:45.807+0000] {dag.py:3033} INFO - Sync 1 DAGs
[2026-06-03T12:27:45.813+0000] {logging_mixin.py:188} INFO - [2026-06-03T12:27:45.813+0000] {dag.py:3820} INFO - Setting next_dagrun for tutorial_dag to None, run_after=None
[2026-06-03T12:27:45.826+0000] {processor.py:183} INFO - Processing /home/airflow/.local/lib/python3.8/site-packages/airflow/example_dags/tutorial_dag.py took 0.036 seconds
[2026-06-03T12:28:16.038+0000] {processor.py:161} INFO - Started process (PID=4397) to work on /home/airflow/.local/lib/python3.8/site-packages/airflow/example_dags/tutorial_dag.py
[2026-06-03T12:28:16.038+0000] {processor.py:830} INFO - Processing file /home/airflow/.local/lib/python3.8/site-packages/airflow/example_dags/tutorial_dag.py for tasks to queue
[2026-06-03T12:28:16.039+0000] {logging_mixin.py:188} INFO - [2026-06-03T12:28:16.039+0000] {dagbag.py:538} INFO - Filling up the DagBag from /home/airflow/.local/lib/python3.8/site-packages/airflow/example_dags/tutorial_dag.py
[2026-06-03T12:28:16.043+0000] {processor.py:840} INFO - DAG(s) 'tutorial_dag' retrieved from /home/airflow/.local/lib/python3.8/site-packages/airflow/example_dags/tutorial_dag.py
[2026-06-03T12:28:16.053+0000] {logging_mixin.py:188} INFO - [2026-06-03T12:28:16.053+0000] {dag.py:3033} INFO - Sync 1 DAGs
[2026-06-03T12:28:16.070+0000] {logging_mixin.py:188} INFO - [2026-06-03T12:28:16.070+0000] {dag.py:3820} INFO - Setting next_dagrun for tutorial_dag to None, run_after=None
[2026-06-03T12:28:16.090+0000] {processor.py:183} INFO - Processing /home/airflow/.local/lib/python3.8/site-packages/airflow/example_dags/tutorial_dag.py took 0.054 seconds
[2026-06-03T12:28:46.487+0000] {processor.py:161} INFO - Started process (PID=4453) to work on /home/airflow/.local/lib/python3.8/site-packages/airflow/example_dags/tutorial_dag.py
[2026-06-03T12:28:46.488+0000] {processor.py:830} INFO - Processing file /home/airflow/.local/lib/python3.8/site-packages/airflow/example_dags/tutorial_dag.py for tasks to queue
[2026-06-03T12:28:46.488+0000] {logging_mixin.py:188} INFO - [2026-06-03T12:28:46.488+0000] {dagbag.py:538} INFO - Filling up the DagBag from /home/airflow/.local/lib/python3.8/site-packages/airflow/example_dags/tutorial_dag.py
[2026-06-03T12:28:46.492+0000] {processor.py:840} INFO - DAG(s) 'tutorial_dag' retrieved from /home/airflow/.local/lib/python3.8/site-packages/airflow/example_dags/tutorial_dag.py
[2026-06-03T12:28:46.508+0000] {logging_mixin.py:188} INFO - [2026-06-03T12:28:46.508+0000] {dag.py:3033} INFO - Sync 1 DAGs
[2026-06-03T12:28:46.515+0000] {logging_mixin.py:188} INFO - [2026-06-03T12:28:46.515+0000] {dag.py:3820} INFO - Setting next_dagrun for tutorial_dag to None, run_after=None
[2026-06-03T12:28:46.531+0000] {processor.py:183} INFO - Processing /home/airflow/.local/lib/python3.8/site-packages/airflow/example_dags/tutorial_dag.py took 0.047 seconds
[2026-06-03T12:29:16.834+0000] {processor.py:161} INFO - Started process (PID=4509) to work on /home/airflow/.local/lib/python3.8/site-packages/airflow/example_dags/tutorial_dag.py
[2026-06-03T12:29:16.836+0000] {processor.py:830} INFO - Processing file /home/airflow/.local/lib/python3.8/site-packages/airflow/example_dags/tutorial_dag.py for tasks to queue
[2026-06-03T12:29:16.838+0000] {logging_mixin.py:188} INFO - [2026-06-03T12:29:16.838+0000] {dagbag.py:538} INFO - Filling up the DagBag from /home/airflow/.local/lib/python3.8/site-packages/airflow/example_dags/tutorial_dag.py
[2026-06-03T12:29:16.843+0000] {processor.py:840} INFO - DAG(s) 'tutorial_dag' retrieved from /home/airflow/.local/lib/python3.8/site-packages/airflow/example_dags/tutorial_dag.py
[2026-06-03T12:29:16.858+0000] {logging_mixin.py:188} INFO - [2026-06-03T12:29:16.858+0000] {dag.py:3033} INFO - Sync 1 DAGs
[2026-06-03T12:29:16.864+0000] {logging_mixin.py:188} INFO - [2026-06-03T12:29:16.864+0000] {dag.py:3820} INFO - Setting next_dagrun for tutorial_dag to None, run_after=None
[2026-06-03T12:29:16.887+0000] {processor.py:183} INFO - Processing /home/airflow/.local/lib/python3.8/site-packages/airflow/example_dags/tutorial_dag.py took 0.056 seconds
[2026-06-03T12:29:47.312+0000] {processor.py:161} INFO - Started process (PID=4565) to work on /home/airflow/.local/lib/python3.8/site-packages/airflow/example_dags/tutorial_dag.py
[2026-06-03T12:29:47.313+0000] {processor.py:830} INFO - Processing file /home/airflow/.local/lib/python3.8/site-packages/airflow/example_dags/tutorial_dag.py for tasks to queue
[2026-06-03T12:29:47.314+0000] {logging_mixin.py:188} INFO - [2026-06-03T12:29:47.314+0000] {dagbag.py:538} INFO - Filling up the DagBag from /home/airflow/.local/lib/python3.8/site-packages/airflow/example_dags/tutorial_dag.py
[2026-06-03T12:29:47.317+0000] {processor.py:840} INFO - DAG(s) 'tutorial_dag' retrieved from /home/airflow/.local/lib/python3.8/site-packages/airflow/example_dags/tutorial_dag.py
[2026-06-03T12:29:47.329+0000] {logging_mixin.py:188} INFO - [2026-06-03T12:29:47.329+0000] {dag.py:3033} INFO - Sync 1 DAGs
[2026-06-03T12:29:47.334+0000] {logging_mixin.py:188} INFO - [2026-06-03T12:29:47.334+0000] {dag.py:3820} INFO - Setting next_dagrun for tutorial_dag to None, run_after=None
[2026-06-03T12:29:47.347+0000] {processor.py:183} INFO - Processing /home/airflow/.local/lib/python3.8/site-packages/airflow/example_dags/tutorial_dag.py took 0.038 seconds
[2026-06-03T12:30:17.846+0000] {processor.py:161} INFO - Started process (PID=4620) to work on /home/airflow/.local/lib/python3.8/site-packages/airflow/example_dags/tutorial_dag.py
[2026-06-03T12:30:17.847+0000] {processor.py:830} INFO - Processing file /home/airflow/.local/lib/python3.8/site-packages/airflow/example_dags/tutorial_dag.py for tasks to queue
[2026-06-03T12:30:17.847+0000] {logging_mixin.py:188} INFO - [2026-06-03T12:30:17.847+0000] {dagbag.py:538} INFO - Filling up the DagBag from /home/airflow/.local/lib/python3.8/site-packages/airflow/example_dags/tutorial_dag.py
[2026-06-03T12:30:17.850+0000] {processor.py:840} INFO - DAG(s) 'tutorial_dag' retrieved from /home/airflow/.local/lib/python3.8/site-packages/airflow/example_dags/tutorial_dag.py
[2026-06-03T12:30:17.860+0000] {logging_mixin.py:188} INFO - [2026-06-03T12:30:17.860+0000] {dag.py:3033} INFO - Sync 1 DAGs
[2026-06-03T12:30:17.866+0000] {logging_mixin.py:188} INFO - [2026-06-03T12:30:17.866+0000] {dag.py:3820} INFO - Setting next_dagrun for tutorial_dag to None, run_after=None
[2026-06-03T12:30:17.873+0000] {processor.py:183} INFO - Processing /home/airflow/.local/lib/python3.8/site-packages/airflow/example_dags/tutorial_dag.py took 0.029 seconds
[2026-06-03T12:30:48.356+0000] {processor.py:161} INFO - Started process (PID=4676) to work on /home/airflow/.local/lib/python3.8/site-packages/airflow/example_dags/tutorial_dag.py
[2026-06-03T12:30:48.357+0000] {processor.py:830} INFO - Processing file /home/airflow/.local/lib/python3.8/site-packages/airflow/example_dags/tutorial_dag.py for tasks to queue
[2026-06-03T12:30:48.359+0000] {logging_mixin.py:188} INFO - [2026-06-03T12:30:48.359+0000] {dagbag.py:538} INFO - Filling up the DagBag from /home/airflow/.local/lib/python3.8/site-packages/airflow/example_dags/tutorial_dag.py
[2026-06-03T12:30:48.364+0000] {processor.py:840} INFO - DAG(s) 'tutorial_dag' retrieved from /home/airflow/.local/lib/python3.8/site-packages/airflow/example_dags/tutorial_dag.py
[2026-06-03T12:30:48.376+0000] {logging_mixin.py:188} INFO - [2026-06-03T12:30:48.376+0000] {dag.py:3033} INFO - Sync 1 DAGs
[2026-06-03T12:30:48.382+0000] {logging_mixin.py:188} INFO - [2026-06-03T12:30:48.381+0000] {dag.py:3820} INFO - Setting next_dagrun for tutorial_dag to None, run_after=None
[2026-06-03T12:30:48.389+0000] {processor.py:183} INFO - Processing /home/airflow/.local/lib/python3.8/site-packages/airflow/example_dags/tutorial_dag.py took 0.035 seconds
[2026-06-03T12:31:18.966+0000] {processor.py:161} INFO - Started process (PID=4732) to work on /home/airflow/.local/lib/python3.8/site-packages/airflow/example_dags/tutorial_dag.py
[2026-06-03T12:31:18.967+0000] {processor.py:830} INFO - Processing file /home/airflow/.local/lib/python3.8/site-packages/airflow/example_dags/tutorial_dag.py for tasks to queue
[2026-06-03T12:31:18.968+0000] {logging_mixin.py:188} INFO - [2026-06-03T12:31:18.968+0000] {dagbag.py:538} INFO - Filling up the DagBag from /home/airflow/.local/lib/python3.8/site-packages/airflow/example_dags/tutorial_dag.py
[2026-06-03T12:31:18.973+0000] {processor.py:840} INFO - DAG(s) 'tutorial_dag' retrieved from /home/airflow/.local/lib/python3.8/site-packages/airflow/example_dags/tutorial_dag.py
[2026-06-03T12:31:19.015+0000] {logging_mixin.py:188} INFO - [2026-06-03T12:31:19.015+0000] {dag.py:3033} INFO - Sync 1 DAGs
[2026-06-03T12:31:19.034+0000] {logging_mixin.py:188} INFO - [2026-06-03T12:31:19.034+0000] {dag.py:3820} INFO - Setting next_dagrun for tutorial_dag to None, run_after=None
[2026-06-03T12:31:19.052+0000] {processor.py:183} INFO - Processing /home/airflow/.local/lib/python3.8/site-packages/airflow/example_dags/tutorial_dag.py took 0.090 seconds
[2026-06-03T12:31:49.669+0000] {processor.py:161} INFO - Started process (PID=4788) to work on /home/airflow/.local/lib/python3.8/site-packages/airflow/example_dags/tutorial_dag.py
[2026-06-03T12:31:49.670+0000] {processor.py:830} INFO - Processing file /home/airflow/.local/lib/python3.8/site-packages/airflow/example_dags/tutorial_dag.py for tasks to queue
[2026-06-03T12:31:49.671+0000] {logging_mixin.py:188} INFO - [2026-06-03T12:31:49.671+0000] {dagbag.py:538} INFO - Filling up the DagBag from /home/airflow/.local/lib/python3.8/site-packages/airflow/example_dags/tutorial_dag.py
[2026-06-03T12:31:49.675+0000] {processor.py:840} INFO - DAG(s) 'tutorial_dag' retrieved from /home/airflow/.local/lib/python3.8/site-packages/airflow/example_dags/tutorial_dag.py
[2026-06-03T12:31:49.693+0000] {logging_mixin.py:188} INFO - [2026-06-03T12:31:49.692+0000] {dag.py:3033} INFO - Sync 1 DAGs
[2026-06-03T12:31:49.707+0000] {logging_mixin.py:188} INFO - [2026-06-03T12:31:49.707+0000] {dag.py:3820} INFO - Setting next_dagrun for tutorial_dag to None, run_after=None
[2026-06-03T12:31:49.721+0000] {processor.py:183} INFO - Processing /home/airflow/.local/lib/python3.8/site-packages/airflow/example_dags/tutorial_dag.py took 0.056 seconds
[2026-06-03T12:32:19.831+0000] {processor.py:161} INFO - Started process (PID=4844) to work on /home/airflow/.local/lib/python3.8/site-packages/airflow/example_dags/tutorial_dag.py
[2026-06-03T12:32:19.834+0000] {processor.py:830} INFO - Processing file /home/airflow/.local/lib/python3.8/site-packages/airflow/example_dags/tutorial_dag.py for tasks to queue
[2026-06-03T12:32:19.835+0000] {logging_mixin.py:188} INFO - [2026-06-03T12:32:19.835+0000] {dagbag.py:538} INFO - Filling up the DagBag from /home/airflow/.local/lib/python3.8/site-packages/airflow/example_dags/tutorial_dag.py
[2026-06-03T12:32:19.838+0000] {processor.py:840} INFO - DAG(s) 'tutorial_dag' retrieved from /home/airflow/.local/lib/python3.8/site-packages/airflow/example_dags/tutorial_dag.py
[2026-06-03T12:32:19.849+0000] {logging_mixin.py:188} INFO - [2026-06-03T12:32:19.849+0000] {dag.py:3033} INFO - Sync 1 DAGs
[2026-06-03T12:32:19.862+0000] {logging_mixin.py:188} INFO - [2026-06-03T12:32:19.862+0000] {dag.py:3820} INFO - Setting next_dagrun for tutorial_dag to None, run_after=None
[2026-06-03T12:32:19.882+0000] {processor.py:183} INFO - Processing /home/airflow/.local/lib/python3.8/site-packages/airflow/example_dags/tutorial_dag.py took 0.056 seconds
[2026-06-03T12:32:50.310+0000] {processor.py:161} INFO - Started process (PID=4900) to work on /home/airflow/.local/lib/python3.8/site-packages/airflow/example_dags/tutorial_dag.py
[2026-06-03T12:32:50.311+0000] {processor.py:830} INFO - Processing file /home/airflow/.local/lib/python3.8/site-packages/airflow/example_dags/tutorial_dag.py for tasks to queue
[2026-06-03T12:32:50.312+0000] {logging_mixin.py:188} INFO - [2026-06-03T12:32:50.312+0000] {dagbag.py:538} INFO - Filling up the DagBag from /home/airflow/.local/lib/python3.8/site-packages/airflow/example_dags/tutorial_dag.py
[2026-06-03T12:32:50.315+0000] {processor.py:840} INFO - DAG(s) 'tutorial_dag' retrieved from /home/airflow/.local/lib/python3.8/site-packages/airflow/example_dags/tutorial_dag.py
[2026-06-03T12:32:50.327+0000] {logging_mixin.py:188} INFO - [2026-06-03T12:32:50.326+0000] {dag.py:3033} INFO - Sync 1 DAGs
[2026-06-03T12:32:50.334+0000] {logging_mixin.py:188} INFO - [2026-06-03T12:32:50.334+0000] {dag.py:3820} INFO - Setting next_dagrun for tutorial_dag to None, run_after=None
[2026-06-03T12:32:50.348+0000] {processor.py:183} INFO - Processing /home/airflow/.local/lib/python3.8/site-packages/airflow/example_dags/tutorial_dag.py took 0.040 seconds
[2026-06-03T12:33:20.475+0000] {processor.py:161} INFO - Started process (PID=4956) to work on /home/airflow/.local/lib/python3.8/site-packages/airflow/example_dags/tutorial_dag.py
[2026-06-03T12:33:20.476+0000] {processor.py:830} INFO - Processing file /home/airflow/.local/lib/python3.8/site-packages/airflow/example_dags/tutorial_dag.py for tasks to queue
[2026-06-03T12:33:20.479+0000] {logging_mixin.py:188} INFO - [2026-06-03T12:33:20.478+0000] {dagbag.py:538} INFO - Filling up the DagBag from /home/airflow/.local/lib/python3.8/site-packages/airflow/example_dags/tutorial_dag.py
[2026-06-03T12:33:20.482+0000] {processor.py:840} INFO - DAG(s) 'tutorial_dag' retrieved from /home/airflow/.local/lib/python3.8/site-packages/airflow/example_dags/tutorial_dag.py
[2026-06-03T12:33:20.498+0000] {logging_mixin.py:188} INFO - [2026-06-03T12:33:20.498+0000] {dag.py:3033} INFO - Sync 1 DAGs
[2026-06-03T12:33:20.512+0000] {logging_mixin.py:188} INFO - [2026-06-03T12:33:20.512+0000] {dag.py:3820} INFO - Setting next_dagrun for tutorial_dag to None, run_after=None
[2026-06-03T12:33:20.521+0000] {processor.py:183} INFO - Processing /home/airflow/.local/lib/python3.8/site-packages/airflow/example_dags/tutorial_dag.py took 0.048 seconds
[2026-06-03T12:33:50.855+0000] {processor.py:161} INFO - Started process (PID=5012) to work on /home/airflow/.local/lib/python3.8/site-packages/airflow/example_dags/tutorial_dag.py
[2026-06-03T12:33:50.856+0000] {processor.py:830} INFO - Processing file /home/airflow/.local/lib/python3.8/site-packages/airflow/example_dags/tutorial_dag.py for tasks to queue
[2026-06-03T12:33:50.857+0000] {logging_mixin.py:188} INFO - [2026-06-03T12:33:50.857+0000] {dagbag.py:538} INFO - Filling up the DagBag from /home/airflow/.local/lib/python3.8/site-packages/airflow/example_dags/tutorial_dag.py
[2026-06-03T12:33:50.861+0000] {processor.py:840} INFO - DAG(s) 'tutorial_dag' retrieved from /home/airflow/.local/lib/python3.8/site-packages/airflow/example_dags/tutorial_dag.py
[2026-06-03T12:33:50.878+0000] {logging_mixin.py:188} INFO - [2026-06-03T12:33:50.878+0000] {dag.py:3033} INFO - Sync 1 DAGs
[2026-06-03T12:33:50.884+0000] {logging_mixin.py:188} INFO - [2026-06-03T12:33:50.884+0000] {dag.py:3820} INFO - Setting next_dagrun for tutorial_dag to None, run_after=None
[2026-06-03T12:33:50.898+0000] {processor.py:183} INFO - Processing /home/airflow/.local/lib/python3.8/site-packages/airflow/example_dags/tutorial_dag.py took 0.046 seconds
[2026-06-03T12:34:21.179+0000] {processor.py:161} INFO - Started process (PID=5068) to work on /home/airflow/.local/lib/python3.8/site-packages/airflow/example_dags/tutorial_dag.py
[2026-06-03T12:34:21.180+0000] {processor.py:830} INFO - Processing file /home/airflow/.local/lib/python3.8/site-packages/airflow/example_dags/tutorial_dag.py for tasks to queue
[2026-06-03T12:34:21.184+0000] {logging_mixin.py:188} INFO - [2026-06-03T12:34:21.184+0000] {dagbag.py:538} INFO - Filling up the DagBag from /home/airflow/.local/lib/python3.8/site-packages/airflow/example_dags/tutorial_dag.py
[2026-06-03T12:34:21.199+0000] {processor.py:840} INFO - DAG(s) 'tutorial_dag' retrieved from /home/airflow/.local/lib/python3.8/site-packages/airflow/example_dags/tutorial_dag.py
[2026-06-03T12:34:21.214+0000] {logging_mixin.py:188} INFO - [2026-06-03T12:34:21.214+0000] {dag.py:3033} INFO - Sync 1 DAGs
[2026-06-03T12:34:21.220+0000] {logging_mixin.py:188} INFO - [2026-06-03T12:34:21.220+0000] {dag.py:3820} INFO - Setting next_dagrun for tutorial_dag to None, run_after=None
[2026-06-03T12:34:21.234+0000] {processor.py:183} INFO - Processing /home/airflow/.local/lib/python3.8/site-packages/airflow/example_dags/tutorial_dag.py took 0.057 seconds
[2026-06-03T12:34:51.646+0000] {processor.py:161} INFO - Started process (PID=5124) to work on /home/airflow/.local/lib/python3.8/site-packages/airflow/example_dags/tutorial_dag.py
[2026-06-03T12:34:51.646+0000] {processor.py:830} INFO - Processing file /home/airflow/.local/lib/python3.8/site-packages/airflow/example_dags/tutorial_dag.py for tasks to queue
[2026-06-03T12:34:51.647+0000] {logging_mixin.py:188} INFO - [2026-06-03T12:34:51.647+0000] {dagbag.py:538} INFO - Filling up the DagBag from /home/airflow/.local/lib/python3.8/site-packages/airflow/example_dags/tutorial_dag.py
[2026-06-03T12:34:51.655+0000] {processor.py:840} INFO - DAG(s) 'tutorial_dag' retrieved from /home/airflow/.local/lib/python3.8/site-packages/airflow/example_dags/tutorial_dag.py
[2026-06-03T12:34:51.670+0000] {logging_mixin.py:188} INFO - [2026-06-03T12:34:51.670+0000] {dag.py:3033} INFO - Sync 1 DAGs
[2026-06-03T12:34:51.675+0000] {logging_mixin.py:188} INFO - [2026-06-03T12:34:51.675+0000] {dag.py:3820} INFO - Setting next_dagrun for tutorial_dag to None, run_after=None
[2026-06-03T12:34:51.688+0000] {processor.py:183} INFO - Processing /home/airflow/.local/lib/python3.8/site-packages/airflow/example_dags/tutorial_dag.py took 0.044 seconds
[2026-06-03T12:35:21.972+0000] {processor.py:161} INFO - Started process (PID=5180) to work on /home/airflow/.local/lib/python3.8/site-packages/airflow/example_dags/tutorial_dag.py
[2026-06-03T12:35:21.974+0000] {processor.py:830} INFO - Processing file /home/airflow/.local/lib/python3.8/site-packages/airflow/example_dags/tutorial_dag.py for tasks to queue
[2026-06-03T12:35:21.975+0000] {logging_mixin.py:188} INFO - [2026-06-03T12:35:21.975+0000] {dagbag.py:538} INFO - Filling up the DagBag from /home/airflow/.local/lib/python3.8/site-packages/airflow/example_dags/tutorial_dag.py
[2026-06-03T12:35:21.982+0000] {processor.py:840} INFO - DAG(s) 'tutorial_dag' retrieved from /home/airflow/.local/lib/python3.8/site-packages/airflow/example_dags/tutorial_dag.py
[2026-06-03T12:35:22.003+0000] {logging_mixin.py:188} INFO - [2026-06-03T12:35:22.003+0000] {dag.py:3033} INFO - Sync 1 DAGs
[2026-06-03T12:35:22.009+0000] {logging_mixin.py:188} INFO - [2026-06-03T12:35:22.009+0000] {dag.py:3820} INFO - Setting next_dagrun for tutorial_dag to None, run_after=None
[2026-06-03T12:35:22.016+0000] {processor.py:183} INFO - Processing /home/airflow/.local/lib/python3.8/site-packages/airflow/example_dags/tutorial_dag.py took 0.045 seconds
[2026-06-03T12:35:52.180+0000] {processor.py:161} INFO - Started process (PID=5236) to work on /home/airflow/.local/lib/python3.8/site-packages/airflow/example_dags/tutorial_dag.py
[2026-06-03T12:35:52.181+0000] {processor.py:830} INFO - Processing file /home/airflow/.local/lib/python3.8/site-packages/airflow/example_dags/tutorial_dag.py for tasks to queue
[2026-06-03T12:35:52.183+0000] {logging_mixin.py:188} INFO - [2026-06-03T12:35:52.183+0000] {dagbag.py:538} INFO - Filling up the DagBag from /home/airflow/.local/lib/python3.8/site-packages/airflow/example_dags/tutorial_dag.py
[2026-06-03T12:35:52.187+0000] {processor.py:840} INFO - DAG(s) 'tutorial_dag' retrieved from /home/airflow/.local/lib/python3.8/site-packages/airflow/example_dags/tutorial_dag.py
[2026-06-03T12:35:52.200+0000] {logging_mixin.py:188} INFO - [2026-06-03T12:35:52.200+0000] {dag.py:3033} INFO - Sync 1 DAGs
[2026-06-03T12:35:52.210+0000] {logging_mixin.py:188} INFO - [2026-06-03T12:35:52.210+0000] {dag.py:3820} INFO - Setting next_dagrun for tutorial_dag to None, run_after=None
[2026-06-03T12:35:52.220+0000] {processor.py:183} INFO - Processing /home/airflow/.local/lib/python3.8/site-packages/airflow/example_dags/tutorial_dag.py took 0.045 seconds
[2026-06-03T12:36:22.424+0000] {processor.py:161} INFO - Started process (PID=5298) to work on /home/airflow/.local/lib/python3.8/site-packages/airflow/example_dags/tutorial_dag.py
[2026-06-03T12:36:22.425+0000] {processor.py:830} INFO - Processing file /home/airflow/.local/lib/python3.8/site-packages/airflow/example_dags/tutorial_dag.py for tasks to queue
[2026-06-03T12:36:22.426+0000] {logging_mixin.py:188} INFO - [2026-06-03T12:36:22.426+0000] {dagbag.py:538} INFO - Filling up the DagBag from /home/airflow/.local/lib/python3.8/site-packages/airflow/example_dags/tutorial_dag.py
[2026-06-03T12:36:22.429+0000] {processor.py:840} INFO - DAG(s) 'tutorial_dag' retrieved from /home/airflow/.local/lib/python3.8/site-packages/airflow/example_dags/tutorial_dag.py
[2026-06-03T12:36:22.440+0000] {logging_mixin.py:188} INFO - [2026-06-03T12:36:22.440+0000] {dag.py:3033} INFO - Sync 1 DAGs
[2026-06-03T12:36:22.447+0000] {logging_mixin.py:188} INFO - [2026-06-03T12:36:22.447+0000] {dag.py:3820} INFO - Setting next_dagrun for tutorial_dag to None, run_after=None
[2026-06-03T12:36:22.462+0000] {processor.py:183} INFO - Processing /home/airflow/.local/lib/python3.8/site-packages/airflow/example_dags/tutorial_dag.py took 0.040 seconds
[2026-06-03T12:36:52.716+0000] {processor.py:161} INFO - Started process (PID=5354) to work on /home/airflow/.local/lib/python3.8/site-packages/airflow/example_dags/tutorial_dag.py
[2026-06-03T12:36:52.719+0000] {processor.py:830} INFO - Processing file /home/airflow/.local/lib/python3.8/site-packages/airflow/example_dags/tutorial_dag.py for tasks to queue
[2026-06-03T12:36:52.721+0000] {logging_mixin.py:188} INFO - [2026-06-03T12:36:52.721+0000] {dagbag.py:538} INFO - Filling up the DagBag from /home/airflow/.local/lib/python3.8/site-packages/airflow/example_dags/tutorial_dag.py
[2026-06-03T12:36:52.725+0000] {processor.py:840} INFO - DAG(s) 'tutorial_dag' retrieved from /home/airflow/.local/lib/python3.8/site-packages/airflow/example_dags/tutorial_dag.py
[2026-06-03T12:36:52.743+0000] {logging_mixin.py:188} INFO - [2026-06-03T12:36:52.743+0000] {dag.py:3033} INFO - Sync 1 DAGs
[2026-06-03T12:36:52.749+0000] {logging_mixin.py:188} INFO - [2026-06-03T12:36:52.749+0000] {dag.py:3820} INFO - Setting next_dagrun for tutorial_dag to None, run_after=None
[2026-06-03T12:36:52.764+0000] {processor.py:183} INFO - Processing /home/airflow/.local/lib/python3.8/site-packages/airflow/example_dags/tutorial_dag.py took 0.061 seconds
[2026-06-03T12:37:22.941+0000] {processor.py:161} INFO - Started process (PID=5410) to work on /home/airflow/.local/lib/python3.8/site-packages/airflow/example_dags/tutorial_dag.py
[2026-06-03T12:37:22.942+0000] {processor.py:830} INFO - Processing file /home/airflow/.local/lib/python3.8/site-packages/airflow/example_dags/tutorial_dag.py for tasks to queue
[2026-06-03T12:37:22.943+0000] {logging_mixin.py:188} INFO - [2026-06-03T12:37:22.943+0000] {dagbag.py:538} INFO - Filling up the DagBag from /home/airflow/.local/lib/python3.8/site-packages/airflow/example_dags/tutorial_dag.py
[2026-06-03T12:37:22.946+0000] {processor.py:840} INFO - DAG(s) 'tutorial_dag' retrieved from /home/airflow/.local/lib/python3.8/site-packages/airflow/example_dags/tutorial_dag.py
[2026-06-03T12:37:22.956+0000] {logging_mixin.py:188} INFO - [2026-06-03T12:37:22.956+0000] {dag.py:3033} INFO - Sync 1 DAGs
[2026-06-03T12:37:22.964+0000] {logging_mixin.py:188} INFO - [2026-06-03T12:37:22.964+0000] {dag.py:3820} INFO - Setting next_dagrun for tutorial_dag to None, run_after=None
[2026-06-03T12:37:22.977+0000] {processor.py:183} INFO - Processing /home/airflow/.local/lib/python3.8/site-packages/airflow/example_dags/tutorial_dag.py took 0.039 seconds
[2026-06-03T12:37:53.343+0000] {processor.py:161} INFO - Started process (PID=5466) to work on /home/airflow/.local/lib/python3.8/site-packages/airflow/example_dags/tutorial_dag.py
[2026-06-03T12:37:53.344+0000] {processor.py:830} INFO - Processing file /home/airflow/.local/lib/python3.8/site-packages/airflow/example_dags/tutorial_dag.py for tasks to queue
[2026-06-03T12:37:53.346+0000] {logging_mixin.py:188} INFO - [2026-06-03T12:37:53.346+0000] {dagbag.py:538} INFO - Filling up the DagBag from /home/airflow/.local/lib/python3.8/site-packages/airflow/example_dags/tutorial_dag.py
[2026-06-03T12:37:53.350+0000] {processor.py:840} INFO - DAG(s) 'tutorial_dag' retrieved from /home/airflow/.local/lib/python3.8/site-packages/airflow/example_dags/tutorial_dag.py
[2026-06-03T12:37:53.365+0000] {logging_mixin.py:188} INFO - [2026-06-03T12:37:53.365+0000] {dag.py:3033} INFO - Sync 1 DAGs
[2026-06-03T12:37:53.370+0000] {logging_mixin.py:188} INFO - [2026-06-03T12:37:53.370+0000] {dag.py:3820} INFO - Setting next_dagrun for tutorial_dag to None, run_after=None
[2026-06-03T12:37:53.380+0000] {processor.py:183} INFO - Processing /home/airflow/.local/lib/python3.8/site-packages/airflow/example_dags/tutorial_dag.py took 0.040 seconds
[2026-06-03T12:38:23.965+0000] {processor.py:161} INFO - Started process (PID=5522) to work on /home/airflow/.local/lib/python3.8/site-packages/airflow/example_dags/tutorial_dag.py
[2026-06-03T12:38:23.966+0000] {processor.py:830} INFO - Processing file /home/airflow/.local/lib/python3.8/site-packages/airflow/example_dags/tutorial_dag.py for tasks to queue
[2026-06-03T12:38:23.969+0000] {logging_mixin.py:188} INFO - [2026-06-03T12:38:23.969+0000] {dagbag.py:538} INFO - Filling up the DagBag from /home/airflow/.local/lib/python3.8/site-packages/airflow/example_dags/tutorial_dag.py
[2026-06-03T12:38:23.975+0000] {processor.py:840} INFO - DAG(s) 'tutorial_dag' retrieved from /home/airflow/.local/lib/python3.8/site-packages/airflow/example_dags/tutorial_dag.py
[2026-06-03T12:38:23.999+0000] {logging_mixin.py:188} INFO - [2026-06-03T12:38:23.999+0000] {dag.py:3033} INFO - Sync 1 DAGs
[2026-06-03T12:38:24.007+0000] {logging_mixin.py:188} INFO - [2026-06-03T12:38:24.007+0000] {dag.py:3820} INFO - Setting next_dagrun for tutorial_dag to None, run_after=None
[2026-06-03T12:38:24.016+0000] {processor.py:183} INFO - Processing /home/airflow/.local/lib/python3.8/site-packages/airflow/example_dags/tutorial_dag.py took 0.063 seconds
[2026-06-03T12:38:54.546+0000] {processor.py:161} INFO - Started process (PID=5578) to work on /home/airflow/.local/lib/python3.8/site-packages/airflow/example_dags/tutorial_dag.py
[2026-06-03T12:38:54.548+0000] {processor.py:830} INFO - Processing file /home/airflow/.local/lib/python3.8/site-packages/airflow/example_dags/tutorial_dag.py for tasks to queue
[2026-06-03T12:38:54.551+0000] {logging_mixin.py:188} INFO - [2026-06-03T12:38:54.551+0000] {dagbag.py:538} INFO - Filling up the DagBag from /home/airflow/.local/lib/python3.8/site-packages/airflow/example_dags/tutorial_dag.py
[2026-06-03T12:38:54.558+0000] {processor.py:840} INFO - DAG(s) 'tutorial_dag' retrieved from /home/airflow/.local/lib/python3.8/site-packages/airflow/example_dags/tutorial_dag.py
[2026-06-03T12:38:54.573+0000] {logging_mixin.py:188} INFO - [2026-06-03T12:38:54.573+0000] {dag.py:3033} INFO - Sync 1 DAGs
[2026-06-03T12:38:54.582+0000] {logging_mixin.py:188} INFO - [2026-06-03T12:38:54.581+0000] {dag.py:3820} INFO - Setting next_dagrun for tutorial_dag to None, run_after=None
[2026-06-03T12:38:54.598+0000] {processor.py:183} INFO - Processing /home/airflow/.local/lib/python3.8/site-packages/airflow/example_dags/tutorial_dag.py took 0.056 seconds
[2026-06-03T12:39:24.733+0000] {processor.py:161} INFO - Started process (PID=5634) to work on /home/airflow/.local/lib/python3.8/site-packages/airflow/example_dags/tutorial_dag.py
[2026-06-03T12:39:24.738+0000] {processor.py:830} INFO - Processing file /home/airflow/.local/lib/python3.8/site-packages/airflow/example_dags/tutorial_dag.py for tasks to queue
[2026-06-03T12:39:24.742+0000] {logging_mixin.py:188} INFO - [2026-06-03T12:39:24.742+0000] {dagbag.py:538} INFO - Filling up the DagBag from /home/airflow/.local/lib/python3.8/site-packages/airflow/example_dags/tutorial_dag.py
[2026-06-03T12:39:24.746+0000] {processor.py:840} INFO - DAG(s) 'tutorial_dag' retrieved from /home/airflow/.local/lib/python3.8/site-packages/airflow/example_dags/tutorial_dag.py
[2026-06-03T12:39:24.769+0000] {logging_mixin.py:188} INFO - [2026-06-03T12:39:24.769+0000] {dag.py:3033} INFO - Sync 1 DAGs
[2026-06-03T12:39:24.777+0000] {logging_mixin.py:188} INFO - [2026-06-03T12:39:24.777+0000] {dag.py:3820} INFO - Setting next_dagrun for tutorial_dag to None, run_after=None
[2026-06-03T12:39:24.792+0000] {processor.py:183} INFO - Processing /home/airflow/.local/lib/python3.8/site-packages/airflow/example_dags/tutorial_dag.py took 0.067 seconds
[2026-06-03T12:39:55.152+0000] {processor.py:161} INFO - Started process (PID=5690) to work on /home/airflow/.local/lib/python3.8/site-packages/airflow/example_dags/tutorial_dag.py
[2026-06-03T12:39:55.152+0000] {processor.py:830} INFO - Processing file /home/airflow/.local/lib/python3.8/site-packages/airflow/example_dags/tutorial_dag.py for tasks to queue
[2026-06-03T12:39:55.153+0000] {logging_mixin.py:188} INFO - [2026-06-03T12:39:55.153+0000] {dagbag.py:538} INFO - Filling up the DagBag from /home/airflow/.local/lib/python3.8/site-packages/airflow/example_dags/tutorial_dag.py
[2026-06-03T12:39:55.155+0000] {processor.py:840} INFO - DAG(s) 'tutorial_dag' retrieved from /home/airflow/.local/lib/python3.8/site-packages/airflow/example_dags/tutorial_dag.py
[2026-06-03T12:39:55.172+0000] {logging_mixin.py:188} INFO - [2026-06-03T12:39:55.172+0000] {dag.py:3033} INFO - Sync 1 DAGs
[2026-06-03T12:39:55.179+0000] {logging_mixin.py:188} INFO - [2026-06-03T12:39:55.178+0000] {dag.py:3820} INFO - Setting next_dagrun for tutorial_dag to None, run_after=None
[2026-06-03T12:39:55.186+0000] {processor.py:183} INFO - Processing /home/airflow/.local/lib/python3.8/site-packages/airflow/example_dags/tutorial_dag.py took 0.036 seconds
[2026-06-03T12:40:25.288+0000] {processor.py:161} INFO - Started process (PID=5746) to work on /home/airflow/.local/lib/python3.8/site-packages/airflow/example_dags/tutorial_dag.py
[2026-06-03T12:40:25.288+0000] {processor.py:830} INFO - Processing file /home/airflow/.local/lib/python3.8/site-packages/airflow/example_dags/tutorial_dag.py for tasks to queue
[2026-06-03T12:40:25.289+0000] {logging_mixin.py:188} INFO - [2026-06-03T12:40:25.289+0000] {dagbag.py:538} INFO - Filling up the DagBag from /home/airflow/.local/lib/python3.8/site-packages/airflow/example_dags/tutorial_dag.py
[2026-06-03T12:40:25.293+0000] {processor.py:840} INFO - DAG(s) 'tutorial_dag' retrieved from /home/airflow/.local/lib/python3.8/site-packages/airflow/example_dags/tutorial_dag.py
[2026-06-03T12:40:25.306+0000] {logging_mixin.py:188} INFO - [2026-06-03T12:40:25.306+0000] {dag.py:3033} INFO - Sync 1 DAGs
[2026-06-03T12:40:25.314+0000] {logging_mixin.py:188} INFO - [2026-06-03T12:40:25.314+0000] {dag.py:3820} INFO - Setting next_dagrun for tutorial_dag to None, run_after=None
[2026-06-03T12:40:25.330+0000] {processor.py:183} INFO - Processing /home/airflow/.local/lib/python3.8/site-packages/airflow/example_dags/tutorial_dag.py took 0.044 seconds
[2026-06-03T12:40:55.799+0000] {processor.py:161} INFO - Started process (PID=5802) to work on /home/airflow/.local/lib/python3.8/site-packages/airflow/example_dags/tutorial_dag.py
[2026-06-03T12:40:55.801+0000] {processor.py:830} INFO - Processing file /home/airflow/.local/lib/python3.8/site-packages/airflow/example_dags/tutorial_dag.py for tasks to queue
[2026-06-03T12:40:55.803+0000] {logging_mixin.py:188} INFO - [2026-06-03T12:40:55.803+0000] {dagbag.py:538} INFO - Filling up the DagBag from /home/airflow/.local/lib/python3.8/site-packages/airflow/example_dags/tutorial_dag.py
[2026-06-03T12:40:55.808+0000] {processor.py:840} INFO - DAG(s) 'tutorial_dag' retrieved from /home/airflow/.local/lib/python3.8/site-packages/airflow/example_dags/tutorial_dag.py
[2026-06-03T12:40:55.819+0000] {logging_mixin.py:188} INFO - [2026-06-03T12:40:55.819+0000] {dag.py:3033} INFO - Sync 1 DAGs
[2026-06-03T12:40:55.825+0000] {logging_mixin.py:188} INFO - [2026-06-03T12:40:55.825+0000] {dag.py:3820} INFO - Setting next_dagrun for tutorial_dag to None, run_after=None
[2026-06-03T12:40:55.844+0000] {processor.py:183} INFO - Processing /home/airflow/.local/lib/python3.8/site-packages/airflow/example_dags/tutorial_dag.py took 0.051 seconds
[2026-06-03T12:41:26.068+0000] {processor.py:161} INFO - Started process (PID=5858) to work on /home/airflow/.local/lib/python3.8/site-packages/airflow/example_dags/tutorial_dag.py
[2026-06-03T12:41:26.071+0000] {processor.py:830} INFO - Processing file /home/airflow/.local/lib/python3.8/site-packages/airflow/example_dags/tutorial_dag.py for tasks to queue
[2026-06-03T12:41:26.073+0000] {logging_mixin.py:188} INFO - [2026-06-03T12:41:26.073+0000] {dagbag.py:538} INFO - Filling up the DagBag from /home/airflow/.local/lib/python3.8/site-packages/airflow/example_dags/tutorial_dag.py
[2026-06-03T12:41:26.078+0000] {processor.py:840} INFO - DAG(s) 'tutorial_dag' retrieved from /home/airflow/.local/lib/python3.8/site-packages/airflow/example_dags/tutorial_dag.py
[2026-06-03T12:41:26.097+0000] {logging_mixin.py:188} INFO - [2026-06-03T12:41:26.097+0000] {dag.py:3033} INFO - Sync 1 DAGs
[2026-06-03T12:41:26.110+0000] {logging_mixin.py:188} INFO - [2026-06-03T12:41:26.110+0000] {dag.py:3820} INFO - Setting next_dagrun for tutorial_dag to None, run_after=None
[2026-06-03T12:41:26.122+0000] {processor.py:183} INFO - Processing /home/airflow/.local/lib/python3.8/site-packages/airflow/example_dags/tutorial_dag.py took 0.061 seconds
[2026-06-03T12:41:56.839+0000] {processor.py:161} INFO - Started process (PID=5915) to work on /home/airflow/.local/lib/python3.8/site-packages/airflow/example_dags/tutorial_dag.py
[2026-06-03T12:41:56.840+0000] {processor.py:830} INFO - Processing file /home/airflow/.local/lib/python3.8/site-packages/airflow/example_dags/tutorial_dag.py for tasks to queue
[2026-06-03T12:41:56.841+0000] {logging_mixin.py:188} INFO - [2026-06-03T12:41:56.841+0000] {dagbag.py:538} INFO - Filling up the DagBag from /home/airflow/.local/lib/python3.8/site-packages/airflow/example_dags/tutorial_dag.py
[2026-06-03T12:41:56.844+0000] {processor.py:840} INFO - DAG(s) 'tutorial_dag' retrieved from /home/airflow/.local/lib/python3.8/site-packages/airflow/example_dags/tutorial_dag.py
[2026-06-03T12:41:56.866+0000] {logging_mixin.py:188} INFO - [2026-06-03T12:41:56.865+0000] {dag.py:3033} INFO - Sync 1 DAGs
[2026-06-03T12:41:56.873+0000] {logging_mixin.py:188} INFO - [2026-06-03T12:41:56.872+0000] {dag.py:3820} INFO - Setting next_dagrun for tutorial_dag to None, run_after=None
[2026-06-03T12:41:56.882+0000] {processor.py:183} INFO - Processing /home/airflow/.local/lib/python3.8/site-packages/airflow/example_dags/tutorial_dag.py took 0.044 seconds
[2026-06-03T12:42:27.756+0000] {processor.py:161} INFO - Started process (PID=5971) to work on /home/airflow/.local/lib/python3.8/site-packages/airflow/example_dags/tutorial_dag.py
[2026-06-03T12:42:27.757+0000] {processor.py:830} INFO - Processing file /home/airflow/.local/lib/python3.8/site-packages/airflow/example_dags/tutorial_dag.py for tasks to queue
[2026-06-03T12:42:27.758+0000] {logging_mixin.py:188} INFO - [2026-06-03T12:42:27.758+0000] {dagbag.py:538} INFO - Filling up the DagBag from /home/airflow/.local/lib/python3.8/site-packages/airflow/example_dags/tutorial_dag.py
[2026-06-03T12:42:27.761+0000] {processor.py:840} INFO - DAG(s) 'tutorial_dag' retrieved from /home/airflow/.local/lib/python3.8/site-packages/airflow/example_dags/tutorial_dag.py
[2026-06-03T12:42:27.794+0000] {logging_mixin.py:188} INFO - [2026-06-03T12:42:27.794+0000] {dag.py:3033} INFO - Sync 1 DAGs
[2026-06-03T12:42:27.803+0000] {logging_mixin.py:188} INFO - [2026-06-03T12:42:27.803+0000] {dag.py:3820} INFO - Setting next_dagrun for tutorial_dag to None, run_after=None
[2026-06-03T12:42:27.826+0000] {processor.py:183} INFO - Processing /home/airflow/.local/lib/python3.8/site-packages/airflow/example_dags/tutorial_dag.py took 0.073 seconds
[2026-06-03T12:42:58.306+0000] {processor.py:161} INFO - Started process (PID=6027) to work on /home/airflow/.local/lib/python3.8/site-packages/airflow/example_dags/tutorial_dag.py
[2026-06-03T12:42:58.307+0000] {processor.py:830} INFO - Processing file /home/airflow/.local/lib/python3.8/site-packages/airflow/example_dags/tutorial_dag.py for tasks to queue
[2026-06-03T12:42:58.309+0000] {logging_mixin.py:188} INFO - [2026-06-03T12:42:58.309+0000] {dagbag.py:538} INFO - Filling up the DagBag from /home/airflow/.local/lib/python3.8/site-packages/airflow/example_dags/tutorial_dag.py
[2026-06-03T12:42:58.317+0000] {processor.py:840} INFO - DAG(s) 'tutorial_dag' retrieved from /home/airflow/.local/lib/python3.8/site-packages/airflow/example_dags/tutorial_dag.py
[2026-06-03T12:42:58.343+0000] {logging_mixin.py:188} INFO - [2026-06-03T12:42:58.342+0000] {dag.py:3033} INFO - Sync 1 DAGs
[2026-06-03T12:42:58.357+0000] {logging_mixin.py:188} INFO - [2026-06-03T12:42:58.356+0000] {dag.py:3820} INFO - Setting next_dagrun for tutorial_dag to None, run_after=None
[2026-06-03T12:42:58.368+0000] {processor.py:183} INFO - Processing /home/airflow/.local/lib/python3.8/site-packages/airflow/example_dags/tutorial_dag.py took 0.068 seconds
[2026-06-03T12:43:29.404+0000] {processor.py:161} INFO - Started process (PID=6083) to work on /home/airflow/.local/lib/python3.8/site-packages/airflow/example_dags/tutorial_dag.py
[2026-06-03T12:43:29.405+0000] {processor.py:830} INFO - Processing file /home/airflow/.local/lib/python3.8/site-packages/airflow/example_dags/tutorial_dag.py for tasks to queue
[2026-06-03T12:43:29.406+0000] {logging_mixin.py:188} INFO - [2026-06-03T12:43:29.406+0000] {dagbag.py:538} INFO - Filling up the DagBag from /home/airflow/.local/lib/python3.8/site-packages/airflow/example_dags/tutorial_dag.py
[2026-06-03T12:43:29.409+0000] {processor.py:840} INFO - DAG(s) 'tutorial_dag' retrieved from /home/airflow/.local/lib/python3.8/site-packages/airflow/example_dags/tutorial_dag.py
[2026-06-03T12:43:29.426+0000] {logging_mixin.py:188} INFO - [2026-06-03T12:43:29.426+0000] {dag.py:3033} INFO - Sync 1 DAGs
[2026-06-03T12:43:29.434+0000] {logging_mixin.py:188} INFO - [2026-06-03T12:43:29.434+0000] {dag.py:3820} INFO - Setting next_dagrun for tutorial_dag to None, run_after=None
[2026-06-03T12:43:29.447+0000] {processor.py:183} INFO - Processing /home/airflow/.local/lib/python3.8/site-packages/airflow/example_dags/tutorial_dag.py took 0.044 seconds
[2026-06-03T12:43:59.714+0000] {processor.py:161} INFO - Started process (PID=6140) to work on /home/airflow/.local/lib/python3.8/site-packages/airflow/example_dags/tutorial_dag.py
[2026-06-03T12:43:59.715+0000] {processor.py:830} INFO - Processing file /home/airflow/.local/lib/python3.8/site-packages/airflow/example_dags/tutorial_dag.py for tasks to queue
[2026-06-03T12:43:59.717+0000] {logging_mixin.py:188} INFO - [2026-06-03T12:43:59.717+0000] {dagbag.py:538} INFO - Filling up the DagBag from /home/airflow/.local/lib/python3.8/site-packages/airflow/example_dags/tutorial_dag.py
[2026-06-03T12:43:59.724+0000] {processor.py:840} INFO - DAG(s) 'tutorial_dag' retrieved from /home/airflow/.local/lib/python3.8/site-packages/airflow/example_dags/tutorial_dag.py
[2026-06-03T12:43:59.737+0000] {logging_mixin.py:188} INFO - [2026-06-03T12:43:59.737+0000] {dag.py:3033} INFO - Sync 1 DAGs
[2026-06-03T12:43:59.744+0000] {logging_mixin.py:188} INFO - [2026-06-03T12:43:59.744+0000] {dag.py:3820} INFO - Setting next_dagrun for tutorial_dag to None, run_after=None
[2026-06-03T12:43:59.758+0000] {processor.py:183} INFO - Processing /home/airflow/.local/lib/python3.8/site-packages/airflow/example_dags/tutorial_dag.py took 0.047 seconds
[2026-06-03T12:44:30.360+0000] {processor.py:161} INFO - Started process (PID=6202) to work on /home/airflow/.local/lib/python3.8/site-packages/airflow/example_dags/tutorial_dag.py
[2026-06-03T12:44:30.361+0000] {processor.py:830} INFO - Processing file /home/airflow/.local/lib/python3.8/site-packages/airflow/example_dags/tutorial_dag.py for tasks to queue
[2026-06-03T12:44:30.362+0000] {logging_mixin.py:188} INFO - [2026-06-03T12:44:30.361+0000] {dagbag.py:538} INFO - Filling up the DagBag from /home/airflow/.local/lib/python3.8/site-packages/airflow/example_dags/tutorial_dag.py
[2026-06-03T12:44:30.366+0000] {processor.py:840} INFO - DAG(s) 'tutorial_dag' retrieved from /home/airflow/.local/lib/python3.8/site-packages/airflow/example_dags/tutorial_dag.py
[2026-06-03T12:44:30.375+0000] {logging_mixin.py:188} INFO - [2026-06-03T12:44:30.375+0000] {dag.py:3033} INFO - Sync 1 DAGs
[2026-06-03T12:44:30.382+0000] {logging_mixin.py:188} INFO - [2026-06-03T12:44:30.382+0000] {dag.py:3820} INFO - Setting next_dagrun for tutorial_dag to None, run_after=None
[2026-06-03T12:44:30.390+0000] {processor.py:183} INFO - Processing /home/airflow/.local/lib/python3.8/site-packages/airflow/example_dags/tutorial_dag.py took 0.031 seconds
[2026-06-03T12:45:00.807+0000] {processor.py:161} INFO - Started process (PID=6271) to work on /home/airflow/.local/lib/python3.8/site-packages/airflow/example_dags/tutorial_dag.py
[2026-06-03T12:45:00.808+0000] {processor.py:830} INFO - Processing file /home/airflow/.local/lib/python3.8/site-packages/airflow/example_dags/tutorial_dag.py for tasks to queue
[2026-06-03T12:45:00.809+0000] {logging_mixin.py:188} INFO - [2026-06-03T12:45:00.809+0000] {dagbag.py:538} INFO - Filling up the DagBag from /home/airflow/.local/lib/python3.8/site-packages/airflow/example_dags/tutorial_dag.py
[2026-06-03T12:45:00.812+0000] {processor.py:840} INFO - DAG(s) 'tutorial_dag' retrieved from /home/airflow/.local/lib/python3.8/site-packages/airflow/example_dags/tutorial_dag.py
[2026-06-03T12:45:00.832+0000] {logging_mixin.py:188} INFO - [2026-06-03T12:45:00.832+0000] {dag.py:3033} INFO - Sync 1 DAGs
[2026-06-03T12:45:00.843+0000] {logging_mixin.py:188} INFO - [2026-06-03T12:45:00.843+0000] {dag.py:3820} INFO - Setting next_dagrun for tutorial_dag to None, run_after=None
[2026-06-03T12:45:00.866+0000] {processor.py:183} INFO - Processing /home/airflow/.local/lib/python3.8/site-packages/airflow/example_dags/tutorial_dag.py took 0.062 seconds
[2026-06-03T12:45:30.986+0000] {processor.py:161} INFO - Started process (PID=6333) to work on /home/airflow/.local/lib/python3.8/site-packages/airflow/example_dags/tutorial_dag.py
[2026-06-03T12:45:30.988+0000] {processor.py:830} INFO - Processing file /home/airflow/.local/lib/python3.8/site-packages/airflow/example_dags/tutorial_dag.py for tasks to queue
[2026-06-03T12:45:30.992+0000] {logging_mixin.py:188} INFO - [2026-06-03T12:45:30.992+0000] {dagbag.py:538} INFO - Filling up the DagBag from /home/airflow/.local/lib/python3.8/site-packages/airflow/example_dags/tutorial_dag.py
[2026-06-03T12:45:30.996+0000] {processor.py:840} INFO - DAG(s) 'tutorial_dag' retrieved from /home/airflow/.local/lib/python3.8/site-packages/airflow/example_dags/tutorial_dag.py
[2026-06-03T12:45:31.006+0000] {logging_mixin.py:188} INFO - [2026-06-03T12:45:31.006+0000] {dag.py:3033} INFO - Sync 1 DAGs
[2026-06-03T12:45:31.013+0000] {logging_mixin.py:188} INFO - [2026-06-03T12:45:31.013+0000] {dag.py:3820} INFO - Setting next_dagrun for tutorial_dag to None, run_after=None
[2026-06-03T12:45:31.023+0000] {processor.py:183} INFO - Processing /home/airflow/.local/lib/python3.8/site-packages/airflow/example_dags/tutorial_dag.py took 0.038 seconds
[2026-06-03T12:46:01.700+0000] {processor.py:161} INFO - Started process (PID=6388) to work on /home/airflow/.local/lib/python3.8/site-packages/airflow/example_dags/tutorial_dag.py
[2026-06-03T12:46:01.702+0000] {processor.py:830} INFO - Processing file /home/airflow/.local/lib/python3.8/site-packages/airflow/example_dags/tutorial_dag.py for tasks to queue
[2026-06-03T12:46:01.705+0000] {logging_mixin.py:188} INFO - [2026-06-03T12:46:01.705+0000] {dagbag.py:538} INFO - Filling up the DagBag from /home/airflow/.local/lib/python3.8/site-packages/airflow/example_dags/tutorial_dag.py
[2026-06-03T12:46:01.711+0000] {processor.py:840} INFO - DAG(s) 'tutorial_dag' retrieved from /home/airflow/.local/lib/python3.8/site-packages/airflow/example_dags/tutorial_dag.py
[2026-06-03T12:46:01.722+0000] {logging_mixin.py:188} INFO - [2026-06-03T12:46:01.722+0000] {dag.py:3033} INFO - Sync 1 DAGs
[2026-06-03T12:46:01.730+0000] {logging_mixin.py:188} INFO - [2026-06-03T12:46:01.730+0000] {dag.py:3820} INFO - Setting next_dagrun for tutorial_dag to None, run_after=None
[2026-06-03T12:46:01.745+0000] {processor.py:183} INFO - Processing /home/airflow/.local/lib/python3.8/site-packages/airflow/example_dags/tutorial_dag.py took 0.048 seconds
[2026-06-03T12:46:32.510+0000] {processor.py:161} INFO - Started process (PID=6444) to work on /home/airflow/.local/lib/python3.8/site-packages/airflow/example_dags/tutorial_dag.py
[2026-06-03T12:46:32.511+0000] {processor.py:830} INFO - Processing file /home/airflow/.local/lib/python3.8/site-packages/airflow/example_dags/tutorial_dag.py for tasks to queue
[2026-06-03T12:46:32.513+0000] {logging_mixin.py:188} INFO - [2026-06-03T12:46:32.513+0000] {dagbag.py:538} INFO - Filling up the DagBag from /home/airflow/.local/lib/python3.8/site-packages/airflow/example_dags/tutorial_dag.py
[2026-06-03T12:46:32.519+0000] {processor.py:840} INFO - DAG(s) 'tutorial_dag' retrieved from /home/airflow/.local/lib/python3.8/site-packages/airflow/example_dags/tutorial_dag.py
[2026-06-03T12:46:32.532+0000] {logging_mixin.py:188} INFO - [2026-06-03T12:46:32.532+0000] {dag.py:3033} INFO - Sync 1 DAGs
[2026-06-03T12:46:32.539+0000] {logging_mixin.py:188} INFO - [2026-06-03T12:46:32.539+0000] {dag.py:3820} INFO - Setting next_dagrun for tutorial_dag to None, run_after=None
[2026-06-03T12:46:32.562+0000] {processor.py:183} INFO - Processing /home/airflow/.local/lib/python3.8/site-packages/airflow/example_dags/tutorial_dag.py took 0.054 seconds
[2026-06-03T12:47:02.943+0000] {processor.py:161} INFO - Started process (PID=6500) to work on /home/airflow/.local/lib/python3.8/site-packages/airflow/example_dags/tutorial_dag.py
[2026-06-03T12:47:02.944+0000] {processor.py:830} INFO - Processing file /home/airflow/.local/lib/python3.8/site-packages/airflow/example_dags/tutorial_dag.py for tasks to queue
[2026-06-03T12:47:02.945+0000] {logging_mixin.py:188} INFO - [2026-06-03T12:47:02.945+0000] {dagbag.py:538} INFO - Filling up the DagBag from /home/airflow/.local/lib/python3.8/site-packages/airflow/example_dags/tutorial_dag.py
[2026-06-03T12:47:02.952+0000] {processor.py:840} INFO - DAG(s) 'tutorial_dag' retrieved from /home/airflow/.local/lib/python3.8/site-packages/airflow/example_dags/tutorial_dag.py
[2026-06-03T12:47:02.967+0000] {logging_mixin.py:188} INFO - [2026-06-03T12:47:02.967+0000] {dag.py:3033} INFO - Sync 1 DAGs
[2026-06-03T12:47:02.974+0000] {logging_mixin.py:188} INFO - [2026-06-03T12:47:02.974+0000] {dag.py:3820} INFO - Setting next_dagrun for tutorial_dag to None, run_after=None
[2026-06-03T12:47:02.987+0000] {processor.py:183} INFO - Processing /home/airflow/.local/lib/python3.8/site-packages/airflow/example_dags/tutorial_dag.py took 0.046 seconds
[2026-06-03T12:47:34.034+0000] {processor.py:161} INFO - Started process (PID=6556) to work on /home/airflow/.local/lib/python3.8/site-packages/airflow/example_dags/tutorial_dag.py
[2026-06-03T12:47:34.036+0000] {processor.py:830} INFO - Processing file /home/airflow/.local/lib/python3.8/site-packages/airflow/example_dags/tutorial_dag.py for tasks to queue
[2026-06-03T12:47:34.040+0000] {logging_mixin.py:188} INFO - [2026-06-03T12:47:34.040+0000] {dagbag.py:538} INFO - Filling up the DagBag from /home/airflow/.local/lib/python3.8/site-packages/airflow/example_dags/tutorial_dag.py
[2026-06-03T12:47:34.047+0000] {processor.py:840} INFO - DAG(s) 'tutorial_dag' retrieved from /home/airflow/.local/lib/python3.8/site-packages/airflow/example_dags/tutorial_dag.py
[2026-06-03T12:47:34.066+0000] {logging_mixin.py:188} INFO - [2026-06-03T12:47:34.066+0000] {dag.py:3033} INFO - Sync 1 DAGs
[2026-06-03T12:47:34.079+0000] {logging_mixin.py:188} INFO - [2026-06-03T12:47:34.079+0000] {dag.py:3820} INFO - Setting next_dagrun for tutorial_dag to None, run_after=None
[2026-06-03T12:47:34.097+0000] {processor.py:183} INFO - Processing /home/airflow/.local/lib/python3.8/site-packages/airflow/example_dags/tutorial_dag.py took 0.068 seconds
[2026-06-03T12:48:04.621+0000] {processor.py:161} INFO - Started process (PID=6612) to work on /home/airflow/.local/lib/python3.8/site-packages/airflow/example_dags/tutorial_dag.py
[2026-06-03T12:48:04.623+0000] {processor.py:830} INFO - Processing file /home/airflow/.local/lib/python3.8/site-packages/airflow/example_dags/tutorial_dag.py for tasks to queue
[2026-06-03T12:48:04.626+0000] {logging_mixin.py:188} INFO - [2026-06-03T12:48:04.626+0000] {dagbag.py:538} INFO - Filling up the DagBag from /home/airflow/.local/lib/python3.8/site-packages/airflow/example_dags/tutorial_dag.py
[2026-06-03T12:48:04.630+0000] {processor.py:840} INFO - DAG(s) 'tutorial_dag' retrieved from /home/airflow/.local/lib/python3.8/site-packages/airflow/example_dags/tutorial_dag.py
[2026-06-03T12:48:04.662+0000] {logging_mixin.py:188} INFO - [2026-06-03T12:48:04.662+0000] {dag.py:3033} INFO - Sync 1 DAGs
[2026-06-03T12:48:04.672+0000] {logging_mixin.py:188} INFO - [2026-06-03T12:48:04.672+0000] {dag.py:3820} INFO - Setting next_dagrun for tutorial_dag to None, run_after=None
[2026-06-03T12:48:04.688+0000] {processor.py:183} INFO - Processing /home/airflow/.local/lib/python3.8/site-packages/airflow/example_dags/tutorial_dag.py took 0.074 seconds
[2026-06-03T12:48:35.744+0000] {processor.py:161} INFO - Started process (PID=6668) to work on /home/airflow/.local/lib/python3.8/site-packages/airflow/example_dags/tutorial_dag.py
[2026-06-03T12:48:35.746+0000] {processor.py:830} INFO - Processing file /home/airflow/.local/lib/python3.8/site-packages/airflow/example_dags/tutorial_dag.py for tasks to queue
[2026-06-03T12:48:35.747+0000] {logging_mixin.py:188} INFO - [2026-06-03T12:48:35.747+0000] {dagbag.py:538} INFO - Filling up the DagBag from /home/airflow/.local/lib/python3.8/site-packages/airflow/example_dags/tutorial_dag.py
[2026-06-03T12:48:35.750+0000] {processor.py:840} INFO - DAG(s) 'tutorial_dag' retrieved from /home/airflow/.local/lib/python3.8/site-packages/airflow/example_dags/tutorial_dag.py
[2026-06-03T12:48:35.769+0000] {logging_mixin.py:188} INFO - [2026-06-03T12:48:35.769+0000] {dag.py:3033} INFO - Sync 1 DAGs
[2026-06-03T12:48:35.780+0000] {logging_mixin.py:188} INFO - [2026-06-03T12:48:35.780+0000] {dag.py:3820} INFO - Setting next_dagrun for tutorial_dag to None, run_after=None
[2026-06-03T12:48:35.793+0000] {processor.py:183} INFO - Processing /home/airflow/.local/lib/python3.8/site-packages/airflow/example_dags/tutorial_dag.py took 0.052 seconds
[2026-06-03T12:49:06.618+0000] {processor.py:161} INFO - Started process (PID=6724) to work on /home/airflow/.local/lib/python3.8/site-packages/airflow/example_dags/tutorial_dag.py
[2026-06-03T12:49:06.618+0000] {processor.py:830} INFO - Processing file /home/airflow/.local/lib/python3.8/site-packages/airflow/example_dags/tutorial_dag.py for tasks to queue
[2026-06-03T12:49:06.619+0000] {logging_mixin.py:188} INFO - [2026-06-03T12:49:06.619+0000] {dagbag.py:538} INFO - Filling up the DagBag from /home/airflow/.local/lib/python3.8/site-packages/airflow/example_dags/tutorial_dag.py
[2026-06-03T12:49:06.623+0000] {processor.py:840} INFO - DAG(s) 'tutorial_dag' retrieved from /home/airflow/.local/lib/python3.8/site-packages/airflow/example_dags/tutorial_dag.py
[2026-06-03T12:49:06.633+0000] {logging_mixin.py:188} INFO - [2026-06-03T12:49:06.633+0000] {dag.py:3033} INFO - Sync 1 DAGs
[2026-06-03T12:49:06.639+0000] {logging_mixin.py:188} INFO - [2026-06-03T12:49:06.639+0000] {dag.py:3820} INFO - Setting next_dagrun for tutorial_dag to None, run_after=None
[2026-06-03T12:49:06.650+0000] {processor.py:183} INFO - Processing /home/airflow/.local/lib/python3.8/site-packages/airflow/example_dags/tutorial_dag.py took 0.034 seconds
[2026-06-03T12:49:36.834+0000] {processor.py:161} INFO - Started process (PID=6780) to work on /home/airflow/.local/lib/python3.8/site-packages/airflow/example_dags/tutorial_dag.py
[2026-06-03T12:49:36.835+0000] {processor.py:830} INFO - Processing file /home/airflow/.local/lib/python3.8/site-packages/airflow/example_dags/tutorial_dag.py for tasks to queue
[2026-06-03T12:49:36.837+0000] {logging_mixin.py:188} INFO - [2026-06-03T12:49:36.836+0000] {dagbag.py:538} INFO - Filling up the DagBag from /home/airflow/.local/lib/python3.8/site-packages/airflow/example_dags/tutorial_dag.py
[2026-06-03T12:49:36.840+0000] {processor.py:840} INFO - DAG(s) 'tutorial_dag' retrieved from /home/airflow/.local/lib/python3.8/site-packages/airflow/example_dags/tutorial_dag.py
[2026-06-03T12:49:36.852+0000] {logging_mixin.py:188} INFO - [2026-06-03T12:49:36.852+0000] {dag.py:3033} INFO - Sync 1 DAGs
[2026-06-03T12:49:36.862+0000] {logging_mixin.py:188} INFO - [2026-06-03T12:49:36.862+0000] {dag.py:3820} INFO - Setting next_dagrun for tutorial_dag to None, run_after=None
[2026-06-03T12:49:36.885+0000] {processor.py:183} INFO - Processing /home/airflow/.local/lib/python3.8/site-packages/airflow/example_dags/tutorial_dag.py took 0.062 seconds
[2026-06-03T12:50:07.143+0000] {processor.py:161} INFO - Started process (PID=6836) to work on /home/airflow/.local/lib/python3.8/site-packages/airflow/example_dags/tutorial_dag.py
[2026-06-03T12:50:07.144+0000] {processor.py:830} INFO - Processing file /home/airflow/.local/lib/python3.8/site-packages/airflow/example_dags/tutorial_dag.py for tasks to queue
[2026-06-03T12:50:07.145+0000] {logging_mixin.py:188} INFO - [2026-06-03T12:50:07.144+0000] {dagbag.py:538} INFO - Filling up the DagBag from /home/airflow/.local/lib/python3.8/site-packages/airflow/example_dags/tutorial_dag.py
[2026-06-03T12:50:07.148+0000] {processor.py:840} INFO - DAG(s) 'tutorial_dag' retrieved from /home/airflow/.local/lib/python3.8/site-packages/airflow/example_dags/tutorial_dag.py
[2026-06-03T12:50:07.162+0000] {logging_mixin.py:188} INFO - [2026-06-03T12:50:07.162+0000] {dag.py:3033} INFO - Sync 1 DAGs
[2026-06-03T12:50:07.168+0000] {logging_mixin.py:188} INFO - [2026-06-03T12:50:07.168+0000] {dag.py:3820} INFO - Setting next_dagrun for tutorial_dag to None, run_after=None
[2026-06-03T12:50:07.182+0000] {processor.py:183} INFO - Processing /home/airflow/.local/lib/python3.8/site-packages/airflow/example_dags/tutorial_dag.py took 0.041 seconds
[2026-06-03T12:50:58.155+0000] {processor.py:161} INFO - Started process (PID=51) to work on /home/airflow/.local/lib/python3.8/site-packages/airflow/example_dags/tutorial_dag.py
[2026-06-03T12:50:58.156+0000] {processor.py:830} INFO - Processing file /home/airflow/.local/lib/python3.8/site-packages/airflow/example_dags/tutorial_dag.py for tasks to queue
[2026-06-03T12:50:58.157+0000] {logging_mixin.py:188} INFO - [2026-06-03T12:50:58.157+0000] {dagbag.py:538} INFO - Filling up the DagBag from /home/airflow/.local/lib/python3.8/site-packages/airflow/example_dags/tutorial_dag.py
[2026-06-03T12:50:58.165+0000] {processor.py:840} INFO - DAG(s) 'tutorial_dag' retrieved from /home/airflow/.local/lib/python3.8/site-packages/airflow/example_dags/tutorial_dag.py
[2026-06-03T12:50:58.189+0000] {logging_mixin.py:188} INFO - [2026-06-03T12:50:58.189+0000] {dag.py:3033} INFO - Sync 1 DAGs
[2026-06-03T12:50:58.216+0000] {logging_mixin.py:188} INFO - [2026-06-03T12:50:58.216+0000] {dag.py:3820} INFO - Setting next_dagrun for tutorial_dag to None, run_after=None
[2026-06-03T12:50:58.233+0000] {processor.py:183} INFO - Processing /home/airflow/.local/lib/python3.8/site-packages/airflow/example_dags/tutorial_dag.py took 0.082 seconds
[2026-06-03T12:51:28.621+0000] {processor.py:161} INFO - Started process (PID=107) to work on /home/airflow/.local/lib/python3.8/site-packages/airflow/example_dags/tutorial_dag.py
[2026-06-03T12:51:28.622+0000] {processor.py:830} INFO - Processing file /home/airflow/.local/lib/python3.8/site-packages/airflow/example_dags/tutorial_dag.py for tasks to queue
[2026-06-03T12:51:28.624+0000] {logging_mixin.py:188} INFO - [2026-06-03T12:51:28.624+0000] {dagbag.py:538} INFO - Filling up the DagBag from /home/airflow/.local/lib/python3.8/site-packages/airflow/example_dags/tutorial_dag.py
[2026-06-03T12:51:28.639+0000] {processor.py:840} INFO - DAG(s) 'tutorial_dag' retrieved from /home/airflow/.local/lib/python3.8/site-packages/airflow/example_dags/tutorial_dag.py
[2026-06-03T12:51:28.708+0000] {logging_mixin.py:188} INFO - [2026-06-03T12:51:28.707+0000] {dag.py:3033} INFO - Sync 1 DAGs
[2026-06-03T12:51:28.715+0000] {logging_mixin.py:188} INFO - [2026-06-03T12:51:28.715+0000] {dag.py:3820} INFO - Setting next_dagrun for tutorial_dag to None, run_after=None
[2026-06-03T12:51:28.726+0000] {processor.py:183} INFO - Processing /home/airflow/.local/lib/python3.8/site-packages/airflow/example_dags/tutorial_dag.py took 0.106 seconds
[2026-06-03T12:51:59.868+0000] {processor.py:161} INFO - Started process (PID=163) to work on /home/airflow/.local/lib/python3.8/site-packages/airflow/example_dags/tutorial_dag.py
[2026-06-03T12:51:59.870+0000] {processor.py:830} INFO - Processing file /home/airflow/.local/lib/python3.8/site-packages/airflow/example_dags/tutorial_dag.py for tasks to queue
[2026-06-03T12:51:59.875+0000] {logging_mixin.py:188} INFO - [2026-06-03T12:51:59.874+0000] {dagbag.py:538} INFO - Filling up the DagBag from /home/airflow/.local/lib/python3.8/site-packages/airflow/example_dags/tutorial_dag.py
[2026-06-03T12:51:59.881+0000] {processor.py:840} INFO - DAG(s) 'tutorial_dag' retrieved from /home/airflow/.local/lib/python3.8/site-packages/airflow/example_dags/tutorial_dag.py
[2026-06-03T12:51:59.903+0000] {logging_mixin.py:188} INFO - [2026-06-03T12:51:59.903+0000] {dag.py:3033} INFO - Sync 1 DAGs
[2026-06-03T12:51:59.916+0000] {logging_mixin.py:188} INFO - [2026-06-03T12:51:59.916+0000] {dag.py:3820} INFO - Setting next_dagrun for tutorial_dag to None, run_after=None
[2026-06-03T12:51:59.925+0000] {processor.py:183} INFO - Processing /home/airflow/.local/lib/python3.8/site-packages/airflow/example_dags/tutorial_dag.py took 0.063 seconds
[2026-06-03T12:52:30.722+0000] {processor.py:161} INFO - Started process (PID=219) to work on /home/airflow/.local/lib/python3.8/site-packages/airflow/example_dags/tutorial_dag.py
[2026-06-03T12:52:30.723+0000] {processor.py:830} INFO - Processing file /home/airflow/.local/lib/python3.8/site-packages/airflow/example_dags/tutorial_dag.py for tasks to queue
[2026-06-03T12:52:30.724+0000] {logging_mixin.py:188} INFO - [2026-06-03T12:52:30.724+0000] {dagbag.py:538} INFO - Filling up the DagBag from /home/airflow/.local/lib/python3.8/site-packages/airflow/example_dags/tutorial_dag.py
[2026-06-03T12:52:30.728+0000] {processor.py:840} INFO - DAG(s) 'tutorial_dag' retrieved from /home/airflow/.local/lib/python3.8/site-packages/airflow/example_dags/tutorial_dag.py
[2026-06-03T12:52:30.741+0000] {logging_mixin.py:188} INFO - [2026-06-03T12:52:30.741+0000] {dag.py:3033} INFO - Sync 1 DAGs
[2026-06-03T12:52:30.755+0000] {logging_mixin.py:188} INFO - [2026-06-03T12:52:30.755+0000] {dag.py:3820} INFO - Setting next_dagrun for tutorial_dag to None, run_after=None
[2026-06-03T12:52:30.765+0000] {processor.py:183} INFO - Processing /home/airflow/.local/lib/python3.8/site-packages/airflow/example_dags/tutorial_dag.py took 0.045 seconds
[2026-06-03T12:53:01.424+0000] {processor.py:161} INFO - Started process (PID=275) to work on /home/airflow/.local/lib/python3.8/site-packages/airflow/example_dags/tutorial_dag.py
[2026-06-03T12:53:01.425+0000] {processor.py:830} INFO - Processing file /home/airflow/.local/lib/python3.8/site-packages/airflow/example_dags/tutorial_dag.py for tasks to queue
[2026-06-03T12:53:01.427+0000] {logging_mixin.py:188} INFO - [2026-06-03T12:53:01.426+0000] {dagbag.py:538} INFO - Filling up the DagBag from /home/airflow/.local/lib/python3.8/site-packages/airflow/example_dags/tutorial_dag.py
[2026-06-03T12:53:01.431+0000] {processor.py:840} INFO - DAG(s) 'tutorial_dag' retrieved from /home/airflow/.local/lib/python3.8/site-packages/airflow/example_dags/tutorial_dag.py
[2026-06-03T12:53:01.450+0000] {logging_mixin.py:188} INFO - [2026-06-03T12:53:01.450+0000] {dag.py:3033} INFO - Sync 1 DAGs
[2026-06-03T12:53:01.457+0000] {logging_mixin.py:188} INFO - [2026-06-03T12:53:01.456+0000] {dag.py:3820} INFO - Setting next_dagrun for tutorial_dag to None, run_after=None
[2026-06-03T12:53:01.467+0000] {processor.py:183} INFO - Processing /home/airflow/.local/lib/python3.8/site-packages/airflow/example_dags/tutorial_dag.py took 0.044 seconds
[2026-06-03T12:53:32.594+0000] {processor.py:161} INFO - Started process (PID=331) to work on /home/airflow/.local/lib/python3.8/site-packages/airflow/example_dags/tutorial_dag.py
[2026-06-03T12:53:32.595+0000] {processor.py:830} INFO - Processing file /home/airflow/.local/lib/python3.8/site-packages/airflow/example_dags/tutorial_dag.py for tasks to queue
[2026-06-03T12:53:32.596+0000] {logging_mixin.py:188} INFO - [2026-06-03T12:53:32.596+0000] {dagbag.py:538} INFO - Filling up the DagBag from /home/airflow/.local/lib/python3.8/site-packages/airflow/example_dags/tutorial_dag.py
[2026-06-03T12:53:32.598+0000] {processor.py:840} INFO - DAG(s) 'tutorial_dag' retrieved from /home/airflow/.local/lib/python3.8/site-packages/airflow/example_dags/tutorial_dag.py
[2026-06-03T12:53:32.606+0000] {logging_mixin.py:188} INFO - [2026-06-03T12:53:32.606+0000] {dag.py:3033} INFO - Sync 1 DAGs
[2026-06-03T12:53:32.611+0000] {logging_mixin.py:188} INFO - [2026-06-03T12:53:32.611+0000] {dag.py:3820} INFO - Setting next_dagrun for tutorial_dag to None, run_after=None
[2026-06-03T12:53:32.620+0000] {processor.py:183} INFO - Processing /home/airflow/.local/lib/python3.8/site-packages/airflow/example_dags/tutorial_dag.py took 0.029 seconds
[2026-06-03T12:54:03.705+0000] {processor.py:161} INFO - Started process (PID=393) to work on /home/airflow/.local/lib/python3.8/site-packages/airflow/example_dags/tutorial_dag.py
[2026-06-03T12:54:03.705+0000] {processor.py:830} INFO - Processing file /home/airflow/.local/lib/python3.8/site-packages/airflow/example_dags/tutorial_dag.py for tasks to queue
[2026-06-03T12:54:03.708+0000] {logging_mixin.py:188} INFO - [2026-06-03T12:54:03.708+0000] {dagbag.py:538} INFO - Filling up the DagBag from /home/airflow/.local/lib/python3.8/site-packages/airflow/example_dags/tutorial_dag.py
[2026-06-03T12:54:03.715+0000] {processor.py:840} INFO - DAG(s) 'tutorial_dag' retrieved from /home/airflow/.local/lib/python3.8/site-packages/airflow/example_dags/tutorial_dag.py
[2026-06-03T12:54:03.740+0000] {logging_mixin.py:188} INFO - [2026-06-03T12:54:03.739+0000] {dag.py:3033} INFO - Sync 1 DAGs
[2026-06-03T12:54:03.753+0000] {logging_mixin.py:188} INFO - [2026-06-03T12:54:03.753+0000] {dag.py:3820} INFO - Setting next_dagrun for tutorial_dag to None, run_after=None
[2026-06-03T12:54:03.776+0000] {processor.py:183} INFO - Processing /home/airflow/.local/lib/python3.8/site-packages/airflow/example_dags/tutorial_dag.py took 0.073 seconds
[2026-06-03T12:54:34.204+0000] {processor.py:161} INFO - Started process (PID=449) to work on /home/airflow/.local/lib/python3.8/site-packages/airflow/example_dags/tutorial_dag.py
[2026-06-03T12:54:34.205+0000] {processor.py:830} INFO - Processing file /home/airflow/.local/lib/python3.8/site-packages/airflow/example_dags/tutorial_dag.py for tasks to queue
[2026-06-03T12:54:34.206+0000] {logging_mixin.py:188} INFO - [2026-06-03T12:54:34.205+0000] {dagbag.py:538} INFO - Filling up the DagBag from /home/airflow/.local/lib/python3.8/site-packages/airflow/example_dags/tutorial_dag.py
[2026-06-03T12:54:34.209+0000] {processor.py:840} INFO - DAG(s) 'tutorial_dag' retrieved from /home/airflow/.local/lib/python3.8/site-packages/airflow/example_dags/tutorial_dag.py
[2026-06-03T12:54:34.218+0000] {logging_mixin.py:188} INFO - [2026-06-03T12:54:34.218+0000] {dag.py:3033} INFO - Sync 1 DAGs
[2026-06-03T12:54:34.225+0000] {logging_mixin.py:188} INFO - [2026-06-03T12:54:34.225+0000] {dag.py:3820} INFO - Setting next_dagrun for tutorial_dag to None, run_after=None
[2026-06-03T12:54:34.242+0000] {processor.py:183} INFO - Processing /home/airflow/.local/lib/python3.8/site-packages/airflow/example_dags/tutorial_dag.py took 0.040 seconds
[2026-06-03T12:55:04.528+0000] {processor.py:161} INFO - Started process (PID=505) to work on /home/airflow/.local/lib/python3.8/site-packages/airflow/example_dags/tutorial_dag.py
[2026-06-03T12:55:04.529+0000] {processor.py:830} INFO - Processing file /home/airflow/.local/lib/python3.8/site-packages/airflow/example_dags/tutorial_dag.py for tasks to queue
[2026-06-03T12:55:04.533+0000] {logging_mixin.py:188} INFO - [2026-06-03T12:55:04.532+0000] {dagbag.py:538} INFO - Filling up the DagBag from /home/airflow/.local/lib/python3.8/site-packages/airflow/example_dags/tutorial_dag.py
[2026-06-03T12:55:04.541+0000] {processor.py:840} INFO - DAG(s) 'tutorial_dag' retrieved from /home/airflow/.local/lib/python3.8/site-packages/airflow/example_dags/tutorial_dag.py
[2026-06-03T12:55:04.557+0000] {logging_mixin.py:188} INFO - [2026-06-03T12:55:04.556+0000] {dag.py:3033} INFO - Sync 1 DAGs
[2026-06-03T12:55:04.563+0000] {logging_mixin.py:188} INFO - [2026-06-03T12:55:04.563+0000] {dag.py:3820} INFO - Setting next_dagrun for tutorial_dag to None, run_after=None
[2026-06-03T12:55:04.573+0000] {processor.py:183} INFO - Processing /home/airflow/.local/lib/python3.8/site-packages/airflow/example_dags/tutorial_dag.py took 0.047 seconds
[2026-06-03T12:55:35.718+0000] {processor.py:161} INFO - Started process (PID=561) to work on /home/airflow/.local/lib/python3.8/site-packages/airflow/example_dags/tutorial_dag.py
[2026-06-03T12:55:35.720+0000] {processor.py:830} INFO - Processing file /home/airflow/.local/lib/python3.8/site-packages/airflow/example_dags/tutorial_dag.py for tasks to queue
[2026-06-03T12:55:35.723+0000] {logging_mixin.py:188} INFO - [2026-06-03T12:55:35.722+0000] {dagbag.py:538} INFO - Filling up the DagBag from /home/airflow/.local/lib/python3.8/site-packages/airflow/example_dags/tutorial_dag.py
[2026-06-03T12:55:35.730+0000] {processor.py:840} INFO - DAG(s) 'tutorial_dag' retrieved from /home/airflow/.local/lib/python3.8/site-packages/airflow/example_dags/tutorial_dag.py
[2026-06-03T12:55:35.772+0000] {logging_mixin.py:188} INFO - [2026-06-03T12:55:35.772+0000] {dag.py:3033} INFO - Sync 1 DAGs
[2026-06-03T12:55:35.781+0000] {logging_mixin.py:188} INFO - [2026-06-03T12:55:35.781+0000] {dag.py:3820} INFO - Setting next_dagrun for tutorial_dag to None, run_after=None
[2026-06-03T12:55:35.798+0000] {processor.py:183} INFO - Processing /home/airflow/.local/lib/python3.8/site-packages/airflow/example_dags/tutorial_dag.py took 0.085 seconds
[2026-06-03T12:56:05.874+0000] {processor.py:161} INFO - Started process (PID=623) to work on /home/airflow/.local/lib/python3.8/site-packages/airflow/example_dags/tutorial_dag.py
[2026-06-03T12:56:05.875+0000] {processor.py:830} INFO - Processing file /home/airflow/.local/lib/python3.8/site-packages/airflow/example_dags/tutorial_dag.py for tasks to queue
[2026-06-03T12:56:05.876+0000] {logging_mixin.py:188} INFO - [2026-06-03T12:56:05.876+0000] {dagbag.py:538} INFO - Filling up the DagBag from /home/airflow/.local/lib/python3.8/site-packages/airflow/example_dags/tutorial_dag.py
[2026-06-03T12:56:05.881+0000] {processor.py:840} INFO - DAG(s) 'tutorial_dag' retrieved from /home/airflow/.local/lib/python3.8/site-packages/airflow/example_dags/tutorial_dag.py
[2026-06-03T12:56:05.896+0000] {logging_mixin.py:188} INFO - [2026-06-03T12:56:05.896+0000] {dag.py:3033} INFO - Sync 1 DAGs
[2026-06-03T12:56:05.904+0000] {logging_mixin.py:188} INFO - [2026-06-03T12:56:05.904+0000] {dag.py:3820} INFO - Setting next_dagrun for tutorial_dag to None, run_after=None
[2026-06-03T12:56:05.918+0000] {processor.py:183} INFO - Processing /home/airflow/.local/lib/python3.8/site-packages/airflow/example_dags/tutorial_dag.py took 0.049 seconds
[2026-06-03T12:56:36.182+0000] {processor.py:161} INFO - Started process (PID=725) to work on /home/airflow/.local/lib/python3.8/site-packages/airflow/example_dags/tutorial_dag.py
[2026-06-03T12:56:36.184+0000] {processor.py:830} INFO - Processing file /home/airflow/.local/lib/python3.8/site-packages/airflow/example_dags/tutorial_dag.py for tasks to queue
[2026-06-03T12:56:36.187+0000] {logging_mixin.py:188} INFO - [2026-06-03T12:56:36.186+0000] {dagbag.py:538} INFO - Filling up the DagBag from /home/airflow/.local/lib/python3.8/site-packages/airflow/example_dags/tutorial_dag.py
[2026-06-03T12:56:36.193+0000] {processor.py:840} INFO - DAG(s) 'tutorial_dag' retrieved from /home/airflow/.local/lib/python3.8/site-packages/airflow/example_dags/tutorial_dag.py
[2026-06-03T12:56:36.213+0000] {logging_mixin.py:188} INFO - [2026-06-03T12:56:36.212+0000] {dag.py:3033} INFO - Sync 1 DAGs
[2026-06-03T12:56:36.237+0000] {logging_mixin.py:188} INFO - [2026-06-03T12:56:36.236+0000] {dag.py:3820} INFO - Setting next_dagrun for tutorial_dag to None, run_after=None
[2026-06-03T12:56:36.285+0000] {processor.py:183} INFO - Processing /home/airflow/.local/lib/python3.8/site-packages/airflow/example_dags/tutorial_dag.py took 0.106 seconds
[2026-06-03T12:57:06.749+0000] {processor.py:161} INFO - Started process (PID=818) to work on /home/airflow/.local/lib/python3.8/site-packages/airflow/example_dags/tutorial_dag.py
[2026-06-03T12:57:06.752+0000] {processor.py:830} INFO - Processing file /home/airflow/.local/lib/python3.8/site-packages/airflow/example_dags/tutorial_dag.py for tasks to queue
[2026-06-03T12:57:06.753+0000] {logging_mixin.py:188} INFO - [2026-06-03T12:57:06.753+0000] {dagbag.py:538} INFO - Filling up the DagBag from /home/airflow/.local/lib/python3.8/site-packages/airflow/example_dags/tutorial_dag.py
[2026-06-03T12:57:06.766+0000] {processor.py:840} INFO - DAG(s) 'tutorial_dag' retrieved from /home/airflow/.local/lib/python3.8/site-packages/airflow/example_dags/tutorial_dag.py
[2026-06-03T12:57:06.787+0000] {logging_mixin.py:188} INFO - [2026-06-03T12:57:06.787+0000] {dag.py:3033} INFO - Sync 1 DAGs
[2026-06-03T12:57:06.793+0000] {logging_mixin.py:188} INFO - [2026-06-03T12:57:06.793+0000] {dag.py:3820} INFO - Setting next_dagrun for tutorial_dag to None, run_after=None
[2026-06-03T12:57:06.804+0000] {processor.py:183} INFO - Processing /home/airflow/.local/lib/python3.8/site-packages/airflow/example_dags/tutorial_dag.py took 0.056 seconds
[2026-06-03T12:57:37.287+0000] {processor.py:161} INFO - Started process (PID=875) to work on /home/airflow/.local/lib/python3.8/site-packages/airflow/example_dags/tutorial_dag.py
[2026-06-03T12:57:37.288+0000] {processor.py:830} INFO - Processing file /home/airflow/.local/lib/python3.8/site-packages/airflow/example_dags/tutorial_dag.py for tasks to queue
[2026-06-03T12:57:37.291+0000] {logging_mixin.py:188} INFO - [2026-06-03T12:57:37.291+0000] {dagbag.py:538} INFO - Filling up the DagBag from /home/airflow/.local/lib/python3.8/site-packages/airflow/example_dags/tutorial_dag.py
[2026-06-03T12:57:37.294+0000] {processor.py:840} INFO - DAG(s) 'tutorial_dag' retrieved from /home/airflow/.local/lib/python3.8/site-packages/airflow/example_dags/tutorial_dag.py
[2026-06-03T12:57:37.377+0000] {logging_mixin.py:188} INFO - [2026-06-03T12:57:37.377+0000] {dag.py:3033} INFO - Sync 1 DAGs
[2026-06-03T12:57:37.398+0000] {logging_mixin.py:188} INFO - [2026-06-03T12:57:37.398+0000] {dag.py:3820} INFO - Setting next_dagrun for tutorial_dag to None, run_after=None
[2026-06-03T12:57:37.408+0000] {processor.py:183} INFO - Processing /home/airflow/.local/lib/python3.8/site-packages/airflow/example_dags/tutorial_dag.py took 0.123 seconds
[2026-06-03T12:58:07.917+0000] {processor.py:161} INFO - Started process (PID=931) to work on /home/airflow/.local/lib/python3.8/site-packages/airflow/example_dags/tutorial_dag.py
[2026-06-03T12:58:07.918+0000] {processor.py:830} INFO - Processing file /home/airflow/.local/lib/python3.8/site-packages/airflow/example_dags/tutorial_dag.py for tasks to queue
[2026-06-03T12:58:07.919+0000] {logging_mixin.py:188} INFO - [2026-06-03T12:58:07.919+0000] {dagbag.py:538} INFO - Filling up the DagBag from /home/airflow/.local/lib/python3.8/site-packages/airflow/example_dags/tutorial_dag.py
[2026-06-03T12:58:07.922+0000] {processor.py:840} INFO - DAG(s) 'tutorial_dag' retrieved from /home/airflow/.local/lib/python3.8/site-packages/airflow/example_dags/tutorial_dag.py
[2026-06-03T12:58:07.932+0000] {logging_mixin.py:188} INFO - [2026-06-03T12:58:07.932+0000] {dag.py:3033} INFO - Sync 1 DAGs
[2026-06-03T12:58:07.938+0000] {logging_mixin.py:188} INFO - [2026-06-03T12:58:07.938+0000] {dag.py:3820} INFO - Setting next_dagrun for tutorial_dag to None, run_after=None
[2026-06-03T12:58:07.944+0000] {processor.py:183} INFO - Processing /home/airflow/.local/lib/python3.8/site-packages/airflow/example_dags/tutorial_dag.py took 0.032 seconds
[2026-06-03T12:58:38.275+0000] {processor.py:161} INFO - Started process (PID=987) to work on /home/airflow/.local/lib/python3.8/site-packages/airflow/example_dags/tutorial_dag.py
[2026-06-03T12:58:38.277+0000] {processor.py:830} INFO - Processing file /home/airflow/.local/lib/python3.8/site-packages/airflow/example_dags/tutorial_dag.py for tasks to queue
[2026-06-03T12:58:38.278+0000] {logging_mixin.py:188} INFO - [2026-06-03T12:58:38.278+0000] {dagbag.py:538} INFO - Filling up the DagBag from /home/airflow/.local/lib/python3.8/site-packages/airflow/example_dags/tutorial_dag.py
[2026-06-03T12:58:38.282+0000] {processor.py:840} INFO - DAG(s) 'tutorial_dag' retrieved from /home/airflow/.local/lib/python3.8/site-packages/airflow/example_dags/tutorial_dag.py
[2026-06-03T12:58:38.293+0000] {logging_mixin.py:188} INFO - [2026-06-03T12:58:38.293+0000] {dag.py:3033} INFO - Sync 1 DAGs
[2026-06-03T12:58:38.299+0000] {logging_mixin.py:188} INFO - [2026-06-03T12:58:38.299+0000] {dag.py:3820} INFO - Setting next_dagrun for tutorial_dag to None, run_after=None
[2026-06-03T12:58:38.306+0000] {processor.py:183} INFO - Processing /home/airflow/.local/lib/python3.8/site-packages/airflow/example_dags/tutorial_dag.py took 0.034 seconds
[2026-06-03T12:59:08.386+0000] {processor.py:161} INFO - Started process (PID=1043) to work on /home/airflow/.local/lib/python3.8/site-packages/airflow/example_dags/tutorial_dag.py
[2026-06-03T12:59:08.387+0000] {processor.py:830} INFO - Processing file /home/airflow/.local/lib/python3.8/site-packages/airflow/example_dags/tutorial_dag.py for tasks to queue
[2026-06-03T12:59:08.388+0000] {logging_mixin.py:188} INFO - [2026-06-03T12:59:08.388+0000] {dagbag.py:538} INFO - Filling up the DagBag from /home/airflow/.local/lib/python3.8/site-packages/airflow/example_dags/tutorial_dag.py
[2026-06-03T12:59:08.391+0000] {processor.py:840} INFO - DAG(s) 'tutorial_dag' retrieved from /home/airflow/.local/lib/python3.8/site-packages/airflow/example_dags/tutorial_dag.py
[2026-06-03T12:59:08.400+0000] {logging_mixin.py:188} INFO - [2026-06-03T12:59:08.400+0000] {dag.py:3033} INFO - Sync 1 DAGs
[2026-06-03T12:59:08.405+0000] {logging_mixin.py:188} INFO - [2026-06-03T12:59:08.405+0000] {dag.py:3820} INFO - Setting next_dagrun for tutorial_dag to None, run_after=None
[2026-06-03T12:59:08.411+0000] {processor.py:183} INFO - Processing /home/airflow/.local/lib/python3.8/site-packages/airflow/example_dags/tutorial_dag.py took 0.026 seconds
[2026-06-03T12:59:38.735+0000] {processor.py:161} INFO - Started process (PID=1099) to work on /home/airflow/.local/lib/python3.8/site-packages/airflow/example_dags/tutorial_dag.py
[2026-06-03T12:59:38.735+0000] {processor.py:830} INFO - Processing file /home/airflow/.local/lib/python3.8/site-packages/airflow/example_dags/tutorial_dag.py for tasks to queue
[2026-06-03T12:59:38.736+0000] {logging_mixin.py:188} INFO - [2026-06-03T12:59:38.736+0000] {dagbag.py:538} INFO - Filling up the DagBag from /home/airflow/.local/lib/python3.8/site-packages/airflow/example_dags/tutorial_dag.py
[2026-06-03T12:59:38.739+0000] {processor.py:840} INFO - DAG(s) 'tutorial_dag' retrieved from /home/airflow/.local/lib/python3.8/site-packages/airflow/example_dags/tutorial_dag.py
[2026-06-03T12:59:38.748+0000] {logging_mixin.py:188} INFO - [2026-06-03T12:59:38.748+0000] {dag.py:3033} INFO - Sync 1 DAGs
[2026-06-03T12:59:38.752+0000] {logging_mixin.py:188} INFO - [2026-06-03T12:59:38.752+0000] {dag.py:3820} INFO - Setting next_dagrun for tutorial_dag to None, run_after=None
[2026-06-03T12:59:38.758+0000] {processor.py:183} INFO - Processing /home/airflow/.local/lib/python3.8/site-packages/airflow/example_dags/tutorial_dag.py took 0.026 seconds
[2026-06-03T13:00:09.140+0000] {processor.py:161} INFO - Started process (PID=1155) to work on /home/airflow/.local/lib/python3.8/site-packages/airflow/example_dags/tutorial_dag.py
[2026-06-03T13:00:09.141+0000] {processor.py:830} INFO - Processing file /home/airflow/.local/lib/python3.8/site-packages/airflow/example_dags/tutorial_dag.py for tasks to queue
[2026-06-03T13:00:09.144+0000] {logging_mixin.py:188} INFO - [2026-06-03T13:00:09.144+0000] {dagbag.py:538} INFO - Filling up the DagBag from /home/airflow/.local/lib/python3.8/site-packages/airflow/example_dags/tutorial_dag.py
[2026-06-03T13:00:09.147+0000] {processor.py:840} INFO - DAG(s) 'tutorial_dag' retrieved from /home/airflow/.local/lib/python3.8/site-packages/airflow/example_dags/tutorial_dag.py
[2026-06-03T13:00:09.165+0000] {logging_mixin.py:188} INFO - [2026-06-03T13:00:09.164+0000] {dag.py:3033} INFO - Sync 1 DAGs
[2026-06-03T13:00:09.171+0000] {logging_mixin.py:188} INFO - [2026-06-03T13:00:09.171+0000] {dag.py:3820} INFO - Setting next_dagrun for tutorial_dag to None, run_after=None
[2026-06-03T13:00:09.183+0000] {processor.py:183} INFO - Processing /home/airflow/.local/lib/python3.8/site-packages/airflow/example_dags/tutorial_dag.py took 0.046 seconds
[2026-06-03T13:00:39.637+0000] {processor.py:161} INFO - Started process (PID=1211) to work on /home/airflow/.local/lib/python3.8/site-packages/airflow/example_dags/tutorial_dag.py
[2026-06-03T13:00:39.638+0000] {processor.py:830} INFO - Processing file /home/airflow/.local/lib/python3.8/site-packages/airflow/example_dags/tutorial_dag.py for tasks to queue
[2026-06-03T13:00:39.640+0000] {logging_mixin.py:188} INFO - [2026-06-03T13:00:39.640+0000] {dagbag.py:538} INFO - Filling up the DagBag from /home/airflow/.local/lib/python3.8/site-packages/airflow/example_dags/tutorial_dag.py
[2026-06-03T13:00:39.643+0000] {processor.py:840} INFO - DAG(s) 'tutorial_dag' retrieved from /home/airflow/.local/lib/python3.8/site-packages/airflow/example_dags/tutorial_dag.py
[2026-06-03T13:00:39.657+0000] {logging_mixin.py:188} INFO - [2026-06-03T13:00:39.657+0000] {dag.py:3033} INFO - Sync 1 DAGs
[2026-06-03T13:00:39.666+0000] {logging_mixin.py:188} INFO - [2026-06-03T13:00:39.666+0000] {dag.py:3820} INFO - Setting next_dagrun for tutorial_dag to None, run_after=None
[2026-06-03T13:00:39.674+0000] {processor.py:183} INFO - Processing /home/airflow/.local/lib/python3.8/site-packages/airflow/example_dags/tutorial_dag.py took 0.044 seconds
[2026-06-03T13:01:09.947+0000] {processor.py:161} INFO - Started process (PID=1267) to work on /home/airflow/.local/lib/python3.8/site-packages/airflow/example_dags/tutorial_dag.py
[2026-06-03T13:01:09.948+0000] {processor.py:830} INFO - Processing file /home/airflow/.local/lib/python3.8/site-packages/airflow/example_dags/tutorial_dag.py for tasks to queue
[2026-06-03T13:01:09.951+0000] {logging_mixin.py:188} INFO - [2026-06-03T13:01:09.951+0000] {dagbag.py:538} INFO - Filling up the DagBag from /home/airflow/.local/lib/python3.8/site-packages/airflow/example_dags/tutorial_dag.py
[2026-06-03T13:01:09.954+0000] {processor.py:840} INFO - DAG(s) 'tutorial_dag' retrieved from /home/airflow/.local/lib/python3.8/site-packages/airflow/example_dags/tutorial_dag.py
[2026-06-03T13:01:09.970+0000] {logging_mixin.py:188} INFO - [2026-06-03T13:01:09.969+0000] {dag.py:3033} INFO - Sync 1 DAGs
[2026-06-03T13:01:09.979+0000] {logging_mixin.py:188} INFO - [2026-06-03T13:01:09.979+0000] {dag.py:3820} INFO - Setting next_dagrun for tutorial_dag to None, run_after=None
[2026-06-03T13:01:10.001+0000] {processor.py:183} INFO - Processing /home/airflow/.local/lib/python3.8/site-packages/airflow/example_dags/tutorial_dag.py took 0.055 seconds
[2026-06-03T13:01:40.671+0000] {processor.py:161} INFO - Started process (PID=1323) to work on /home/airflow/.local/lib/python3.8/site-packages/airflow/example_dags/tutorial_dag.py
[2026-06-03T13:01:40.676+0000] {processor.py:830} INFO - Processing file /home/airflow/.local/lib/python3.8/site-packages/airflow/example_dags/tutorial_dag.py for tasks to queue
[2026-06-03T13:01:40.678+0000] {logging_mixin.py:188} INFO - [2026-06-03T13:01:40.678+0000] {dagbag.py:538} INFO - Filling up the DagBag from /home/airflow/.local/lib/python3.8/site-packages/airflow/example_dags/tutorial_dag.py
[2026-06-03T13:01:40.684+0000] {processor.py:840} INFO - DAG(s) 'tutorial_dag' retrieved from /home/airflow/.local/lib/python3.8/site-packages/airflow/example_dags/tutorial_dag.py
[2026-06-03T13:01:40.708+0000] {logging_mixin.py:188} INFO - [2026-06-03T13:01:40.708+0000] {dag.py:3033} INFO - Sync 1 DAGs
[2026-06-03T13:01:40.717+0000] {logging_mixin.py:188} INFO - [2026-06-03T13:01:40.717+0000] {dag.py:3820} INFO - Setting next_dagrun for tutorial_dag to None, run_after=None
[2026-06-03T13:01:40.729+0000] {processor.py:183} INFO - Processing /home/airflow/.local/lib/python3.8/site-packages/airflow/example_dags/tutorial_dag.py took 0.063 seconds
[2026-06-03T13:02:11.109+0000] {processor.py:161} INFO - Started process (PID=1379) to work on /home/airflow/.local/lib/python3.8/site-packages/airflow/example_dags/tutorial_dag.py
[2026-06-03T13:02:11.113+0000] {processor.py:830} INFO - Processing file /home/airflow/.local/lib/python3.8/site-packages/airflow/example_dags/tutorial_dag.py for tasks to queue
[2026-06-03T13:02:11.118+0000] {logging_mixin.py:188} INFO - [2026-06-03T13:02:11.117+0000] {dagbag.py:538} INFO - Filling up the DagBag from /home/airflow/.local/lib/python3.8/site-packages/airflow/example_dags/tutorial_dag.py
[2026-06-03T13:02:11.123+0000] {processor.py:840} INFO - DAG(s) 'tutorial_dag' retrieved from /home/airflow/.local/lib/python3.8/site-packages/airflow/example_dags/tutorial_dag.py
[2026-06-03T13:02:11.151+0000] {logging_mixin.py:188} INFO - [2026-06-03T13:02:11.151+0000] {dag.py:3033} INFO - Sync 1 DAGs
[2026-06-03T13:02:11.207+0000] {logging_mixin.py:188} INFO - [2026-06-03T13:02:11.207+0000] {dag.py:3820} INFO - Setting next_dagrun for tutorial_dag to None, run_after=None
[2026-06-03T13:02:11.266+0000] {processor.py:183} INFO - Processing /home/airflow/.local/lib/python3.8/site-packages/airflow/example_dags/tutorial_dag.py took 0.169 seconds
[2026-06-03T13:02:41.892+0000] {processor.py:161} INFO - Started process (PID=1435) to work on /home/airflow/.local/lib/python3.8/site-packages/airflow/example_dags/tutorial_dag.py
[2026-06-03T13:02:41.894+0000] {processor.py:830} INFO - Processing file /home/airflow/.local/lib/python3.8/site-packages/airflow/example_dags/tutorial_dag.py for tasks to queue
[2026-06-03T13:02:41.896+0000] {logging_mixin.py:188} INFO - [2026-06-03T13:02:41.896+0000] {dagbag.py:538} INFO - Filling up the DagBag from /home/airflow/.local/lib/python3.8/site-packages/airflow/example_dags/tutorial_dag.py
[2026-06-03T13:02:41.898+0000] {processor.py:840} INFO - DAG(s) 'tutorial_dag' retrieved from /home/airflow/.local/lib/python3.8/site-packages/airflow/example_dags/tutorial_dag.py
[2026-06-03T13:02:41.910+0000] {logging_mixin.py:188} INFO - [2026-06-03T13:02:41.910+0000] {dag.py:3033} INFO - Sync 1 DAGs
[2026-06-03T13:02:41.916+0000] {logging_mixin.py:188} INFO - [2026-06-03T13:02:41.916+0000] {dag.py:3820} INFO - Setting next_dagrun for tutorial_dag to None, run_after=None
[2026-06-03T13:02:41.924+0000] {processor.py:183} INFO - Processing /home/airflow/.local/lib/python3.8/site-packages/airflow/example_dags/tutorial_dag.py took 0.035 seconds
[2026-06-03T13:03:12.675+0000] {processor.py:161} INFO - Started process (PID=1491) to work on /home/airflow/.local/lib/python3.8/site-packages/airflow/example_dags/tutorial_dag.py
[2026-06-03T13:03:12.675+0000] {processor.py:830} INFO - Processing file /home/airflow/.local/lib/python3.8/site-packages/airflow/example_dags/tutorial_dag.py for tasks to queue
[2026-06-03T13:03:12.676+0000] {logging_mixin.py:188} INFO - [2026-06-03T13:03:12.676+0000] {dagbag.py:538} INFO - Filling up the DagBag from /home/airflow/.local/lib/python3.8/site-packages/airflow/example_dags/tutorial_dag.py
[2026-06-03T13:03:12.680+0000] {processor.py:840} INFO - DAG(s) 'tutorial_dag' retrieved from /home/airflow/.local/lib/python3.8/site-packages/airflow/example_dags/tutorial_dag.py
[2026-06-03T13:03:12.697+0000] {logging_mixin.py:188} INFO - [2026-06-03T13:03:12.697+0000] {dag.py:3033} INFO - Sync 1 DAGs
[2026-06-03T13:03:12.704+0000] {logging_mixin.py:188} INFO - [2026-06-03T13:03:12.704+0000] {dag.py:3820} INFO - Setting next_dagrun for tutorial_dag to None, run_after=None
[2026-06-03T13:03:12.710+0000] {processor.py:183} INFO - Processing /home/airflow/.local/lib/python3.8/site-packages/airflow/example_dags/tutorial_dag.py took 0.037 seconds
[2026-06-03T13:03:43.403+0000] {processor.py:161} INFO - Started process (PID=1547) to work on /home/airflow/.local/lib/python3.8/site-packages/airflow/example_dags/tutorial_dag.py
[2026-06-03T13:03:43.404+0000] {processor.py:830} INFO - Processing file /home/airflow/.local/lib/python3.8/site-packages/airflow/example_dags/tutorial_dag.py for tasks to queue
[2026-06-03T13:03:43.405+0000] {logging_mixin.py:188} INFO - [2026-06-03T13:03:43.405+0000] {dagbag.py:538} INFO - Filling up the DagBag from /home/airflow/.local/lib/python3.8/site-packages/airflow/example_dags/tutorial_dag.py
[2026-06-03T13:03:43.409+0000] {processor.py:840} INFO - DAG(s) 'tutorial_dag' retrieved from /home/airflow/.local/lib/python3.8/site-packages/airflow/example_dags/tutorial_dag.py
[2026-06-03T13:03:43.429+0000] {logging_mixin.py:188} INFO - [2026-06-03T13:03:43.428+0000] {dag.py:3033} INFO - Sync 1 DAGs
[2026-06-03T13:03:43.441+0000] {logging_mixin.py:188} INFO - [2026-06-03T13:03:43.441+0000] {dag.py:3820} INFO - Setting next_dagrun for tutorial_dag to None, run_after=None
[2026-06-03T13:03:43.452+0000] {processor.py:183} INFO - Processing /home/airflow/.local/lib/python3.8/site-packages/airflow/example_dags/tutorial_dag.py took 0.051 seconds
[2026-06-03T13:04:13.761+0000] {processor.py:161} INFO - Started process (PID=1603) to work on /home/airflow/.local/lib/python3.8/site-packages/airflow/example_dags/tutorial_dag.py
[2026-06-03T13:04:13.762+0000] {processor.py:830} INFO - Processing file /home/airflow/.local/lib/python3.8/site-packages/airflow/example_dags/tutorial_dag.py for tasks to queue
[2026-06-03T13:04:13.764+0000] {logging_mixin.py:188} INFO - [2026-06-03T13:04:13.764+0000] {dagbag.py:538} INFO - Filling up the DagBag from /home/airflow/.local/lib/python3.8/site-packages/airflow/example_dags/tutorial_dag.py
[2026-06-03T13:04:13.767+0000] {processor.py:840} INFO - DAG(s) 'tutorial_dag' retrieved from /home/airflow/.local/lib/python3.8/site-packages/airflow/example_dags/tutorial_dag.py
[2026-06-03T13:04:13.778+0000] {logging_mixin.py:188} INFO - [2026-06-03T13:04:13.778+0000] {dag.py:3033} INFO - Sync 1 DAGs
[2026-06-03T13:04:13.783+0000] {logging_mixin.py:188} INFO - [2026-06-03T13:04:13.782+0000] {dag.py:3820} INFO - Setting next_dagrun for tutorial_dag to None, run_after=None
[2026-06-03T13:04:13.790+0000] {processor.py:183} INFO - Processing /home/airflow/.local/lib/python3.8/site-packages/airflow/example_dags/tutorial_dag.py took 0.031 seconds
[2026-06-03T13:04:44.022+0000] {processor.py:161} INFO - Started process (PID=1659) to work on /home/airflow/.local/lib/python3.8/site-packages/airflow/example_dags/tutorial_dag.py
[2026-06-03T13:04:44.024+0000] {processor.py:830} INFO - Processing file /home/airflow/.local/lib/python3.8/site-packages/airflow/example_dags/tutorial_dag.py for tasks to queue
[2026-06-03T13:04:44.026+0000] {logging_mixin.py:188} INFO - [2026-06-03T13:04:44.026+0000] {dagbag.py:538} INFO - Filling up the DagBag from /home/airflow/.local/lib/python3.8/site-packages/airflow/example_dags/tutorial_dag.py
[2026-06-03T13:04:44.029+0000] {processor.py:840} INFO - DAG(s) 'tutorial_dag' retrieved from /home/airflow/.local/lib/python3.8/site-packages/airflow/example_dags/tutorial_dag.py
[2026-06-03T13:04:44.040+0000] {logging_mixin.py:188} INFO - [2026-06-03T13:04:44.040+0000] {dag.py:3033} INFO - Sync 1 DAGs
[2026-06-03T13:04:44.048+0000] {logging_mixin.py:188} INFO - [2026-06-03T13:04:44.048+0000] {dag.py:3820} INFO - Setting next_dagrun for tutorial_dag to None, run_after=None
[2026-06-03T13:04:44.059+0000] {processor.py:183} INFO - Processing /home/airflow/.local/lib/python3.8/site-packages/airflow/example_dags/tutorial_dag.py took 0.038 seconds
[2026-06-03T13:05:14.670+0000] {processor.py:161} INFO - Started process (PID=1715) to work on /home/airflow/.local/lib/python3.8/site-packages/airflow/example_dags/tutorial_dag.py
[2026-06-03T13:05:14.671+0000] {processor.py:830} INFO - Processing file /home/airflow/.local/lib/python3.8/site-packages/airflow/example_dags/tutorial_dag.py for tasks to queue
[2026-06-03T13:05:14.672+0000] {logging_mixin.py:188} INFO - [2026-06-03T13:05:14.672+0000] {dagbag.py:538} INFO - Filling up the DagBag from /home/airflow/.local/lib/python3.8/site-packages/airflow/example_dags/tutorial_dag.py
[2026-06-03T13:05:14.677+0000] {processor.py:840} INFO - DAG(s) 'tutorial_dag' retrieved from /home/airflow/.local/lib/python3.8/site-packages/airflow/example_dags/tutorial_dag.py
[2026-06-03T13:05:14.693+0000] {logging_mixin.py:188} INFO - [2026-06-03T13:05:14.693+0000] {dag.py:3033} INFO - Sync 1 DAGs
[2026-06-03T13:05:14.700+0000] {logging_mixin.py:188} INFO - [2026-06-03T13:05:14.699+0000] {dag.py:3820} INFO - Setting next_dagrun for tutorial_dag to None, run_after=None
[2026-06-03T13:05:14.707+0000] {processor.py:183} INFO - Processing /home/airflow/.local/lib/python3.8/site-packages/airflow/example_dags/tutorial_dag.py took 0.039 seconds
[2026-06-03T13:05:45.627+0000] {processor.py:161} INFO - Started process (PID=1771) to work on /home/airflow/.local/lib/python3.8/site-packages/airflow/example_dags/tutorial_dag.py
[2026-06-03T13:05:45.628+0000] {processor.py:830} INFO - Processing file /home/airflow/.local/lib/python3.8/site-packages/airflow/example_dags/tutorial_dag.py for tasks to queue
[2026-06-03T13:05:45.629+0000] {logging_mixin.py:188} INFO - [2026-06-03T13:05:45.629+0000] {dagbag.py:538} INFO - Filling up the DagBag from /home/airflow/.local/lib/python3.8/site-packages/airflow/example_dags/tutorial_dag.py
[2026-06-03T13:05:45.631+0000] {processor.py:840} INFO - DAG(s) 'tutorial_dag' retrieved from /home/airflow/.local/lib/python3.8/site-packages/airflow/example_dags/tutorial_dag.py
[2026-06-03T13:05:45.648+0000] {logging_mixin.py:188} INFO - [2026-06-03T13:05:45.647+0000] {dag.py:3033} INFO - Sync 1 DAGs
[2026-06-03T13:05:45.654+0000] {logging_mixin.py:188} INFO - [2026-06-03T13:05:45.654+0000] {dag.py:3820} INFO - Setting next_dagrun for tutorial_dag to None, run_after=None
[2026-06-03T13:05:45.662+0000] {processor.py:183} INFO - Processing /home/airflow/.local/lib/python3.8/site-packages/airflow/example_dags/tutorial_dag.py took 0.037 seconds
[2026-06-03T13:06:16.410+0000] {processor.py:161} INFO - Started process (PID=1827) to work on /home/airflow/.local/lib/python3.8/site-packages/airflow/example_dags/tutorial_dag.py
[2026-06-03T13:06:16.411+0000] {processor.py:830} INFO - Processing file /home/airflow/.local/lib/python3.8/site-packages/airflow/example_dags/tutorial_dag.py for tasks to queue
[2026-06-03T13:06:16.412+0000] {logging_mixin.py:188} INFO - [2026-06-03T13:06:16.412+0000] {dagbag.py:538} INFO - Filling up the DagBag from /home/airflow/.local/lib/python3.8/site-packages/airflow/example_dags/tutorial_dag.py
[2026-06-03T13:06:16.415+0000] {processor.py:840} INFO - DAG(s) 'tutorial_dag' retrieved from /home/airflow/.local/lib/python3.8/site-packages/airflow/example_dags/tutorial_dag.py
[2026-06-03T13:06:16.425+0000] {logging_mixin.py:188} INFO - [2026-06-03T13:06:16.425+0000] {dag.py:3033} INFO - Sync 1 DAGs
[2026-06-03T13:06:16.430+0000] {logging_mixin.py:188} INFO - [2026-06-03T13:06:16.430+0000] {dag.py:3820} INFO - Setting next_dagrun for tutorial_dag to None, run_after=None
[2026-06-03T13:06:16.436+0000] {processor.py:183} INFO - Processing /home/airflow/.local/lib/python3.8/site-packages/airflow/example_dags/tutorial_dag.py took 0.029 seconds
[2026-06-03T13:06:47.300+0000] {processor.py:161} INFO - Started process (PID=1883) to work on /home/airflow/.local/lib/python3.8/site-packages/airflow/example_dags/tutorial_dag.py
[2026-06-03T13:06:47.301+0000] {processor.py:830} INFO - Processing file /home/airflow/.local/lib/python3.8/site-packages/airflow/example_dags/tutorial_dag.py for tasks to queue
[2026-06-03T13:06:47.304+0000] {logging_mixin.py:188} INFO - [2026-06-03T13:06:47.303+0000] {dagbag.py:538} INFO - Filling up the DagBag from /home/airflow/.local/lib/python3.8/site-packages/airflow/example_dags/tutorial_dag.py
[2026-06-03T13:06:47.307+0000] {processor.py:840} INFO - DAG(s) 'tutorial_dag' retrieved from /home/airflow/.local/lib/python3.8/site-packages/airflow/example_dags/tutorial_dag.py
[2026-06-03T13:06:47.316+0000] {logging_mixin.py:188} INFO - [2026-06-03T13:06:47.316+0000] {dag.py:3033} INFO - Sync 1 DAGs
[2026-06-03T13:06:47.322+0000] {logging_mixin.py:188} INFO - [2026-06-03T13:06:47.322+0000] {dag.py:3820} INFO - Setting next_dagrun for tutorial_dag to None, run_after=None
[2026-06-03T13:06:47.328+0000] {processor.py:183} INFO - Processing /home/airflow/.local/lib/python3.8/site-packages/airflow/example_dags/tutorial_dag.py took 0.030 seconds
[2026-06-03T13:07:17.817+0000] {processor.py:161} INFO - Started process (PID=1939) to work on /home/airflow/.local/lib/python3.8/site-packages/airflow/example_dags/tutorial_dag.py
[2026-06-03T13:07:17.818+0000] {processor.py:830} INFO - Processing file /home/airflow/.local/lib/python3.8/site-packages/airflow/example_dags/tutorial_dag.py for tasks to queue
[2026-06-03T13:07:17.820+0000] {logging_mixin.py:188} INFO - [2026-06-03T13:07:17.820+0000] {dagbag.py:538} INFO - Filling up the DagBag from /home/airflow/.local/lib/python3.8/site-packages/airflow/example_dags/tutorial_dag.py
[2026-06-03T13:07:17.824+0000] {processor.py:840} INFO - DAG(s) 'tutorial_dag' retrieved from /home/airflow/.local/lib/python3.8/site-packages/airflow/example_dags/tutorial_dag.py
[2026-06-03T13:07:17.847+0000] {logging_mixin.py:188} INFO - [2026-06-03T13:07:17.847+0000] {dag.py:3033} INFO - Sync 1 DAGs
[2026-06-03T13:07:17.854+0000] {logging_mixin.py:188} INFO - [2026-06-03T13:07:17.854+0000] {dag.py:3820} INFO - Setting next_dagrun for tutorial_dag to None, run_after=None
[2026-06-03T13:07:17.864+0000] {processor.py:183} INFO - Processing /home/airflow/.local/lib/python3.8/site-packages/airflow/example_dags/tutorial_dag.py took 0.051 seconds
[2026-06-03T13:07:48.923+0000] {processor.py:161} INFO - Started process (PID=2002) to work on /home/airflow/.local/lib/python3.8/site-packages/airflow/example_dags/tutorial_dag.py
[2026-06-03T13:07:48.923+0000] {processor.py:830} INFO - Processing file /home/airflow/.local/lib/python3.8/site-packages/airflow/example_dags/tutorial_dag.py for tasks to queue
[2026-06-03T13:07:48.924+0000] {logging_mixin.py:188} INFO - [2026-06-03T13:07:48.924+0000] {dagbag.py:538} INFO - Filling up the DagBag from /home/airflow/.local/lib/python3.8/site-packages/airflow/example_dags/tutorial_dag.py
[2026-06-03T13:07:48.927+0000] {processor.py:840} INFO - DAG(s) 'tutorial_dag' retrieved from /home/airflow/.local/lib/python3.8/site-packages/airflow/example_dags/tutorial_dag.py
[2026-06-03T13:07:48.940+0000] {logging_mixin.py:188} INFO - [2026-06-03T13:07:48.940+0000] {dag.py:3033} INFO - Sync 1 DAGs
[2026-06-03T13:07:48.947+0000] {logging_mixin.py:188} INFO - [2026-06-03T13:07:48.947+0000] {dag.py:3820} INFO - Setting next_dagrun for tutorial_dag to None, run_after=None
[2026-06-03T13:07:48.954+0000] {processor.py:183} INFO - Processing /home/airflow/.local/lib/python3.8/site-packages/airflow/example_dags/tutorial_dag.py took 0.033 seconds
[2026-06-03T13:08:19.878+0000] {processor.py:161} INFO - Started process (PID=2058) to work on /home/airflow/.local/lib/python3.8/site-packages/airflow/example_dags/tutorial_dag.py
[2026-06-03T13:08:19.880+0000] {processor.py:830} INFO - Processing file /home/airflow/.local/lib/python3.8/site-packages/airflow/example_dags/tutorial_dag.py for tasks to queue
[2026-06-03T13:08:19.880+0000] {logging_mixin.py:188} INFO - [2026-06-03T13:08:19.880+0000] {dagbag.py:538} INFO - Filling up the DagBag from /home/airflow/.local/lib/python3.8/site-packages/airflow/example_dags/tutorial_dag.py
[2026-06-03T13:08:19.884+0000] {processor.py:840} INFO - DAG(s) 'tutorial_dag' retrieved from /home/airflow/.local/lib/python3.8/site-packages/airflow/example_dags/tutorial_dag.py
[2026-06-03T13:08:19.906+0000] {logging_mixin.py:188} INFO - [2026-06-03T13:08:19.906+0000] {dag.py:3033} INFO - Sync 1 DAGs
[2026-06-03T13:08:19.913+0000] {logging_mixin.py:188} INFO - [2026-06-03T13:08:19.913+0000] {dag.py:3820} INFO - Setting next_dagrun for tutorial_dag to None, run_after=None
[2026-06-03T13:08:20.017+0000] {processor.py:183} INFO - Processing /home/airflow/.local/lib/python3.8/site-packages/airflow/example_dags/tutorial_dag.py took 0.141 seconds
[2026-06-03T13:08:50.539+0000] {processor.py:161} INFO - Started process (PID=2114) to work on /home/airflow/.local/lib/python3.8/site-packages/airflow/example_dags/tutorial_dag.py
[2026-06-03T13:08:50.540+0000] {processor.py:830} INFO - Processing file /home/airflow/.local/lib/python3.8/site-packages/airflow/example_dags/tutorial_dag.py for tasks to queue
[2026-06-03T13:08:50.541+0000] {logging_mixin.py:188} INFO - [2026-06-03T13:08:50.541+0000] {dagbag.py:538} INFO - Filling up the DagBag from /home/airflow/.local/lib/python3.8/site-packages/airflow/example_dags/tutorial_dag.py
[2026-06-03T13:08:50.547+0000] {processor.py:840} INFO - DAG(s) 'tutorial_dag' retrieved from /home/airflow/.local/lib/python3.8/site-packages/airflow/example_dags/tutorial_dag.py
[2026-06-03T13:08:50.558+0000] {logging_mixin.py:188} INFO - [2026-06-03T13:08:50.558+0000] {dag.py:3033} INFO - Sync 1 DAGs
[2026-06-03T13:08:50.566+0000] {logging_mixin.py:188} INFO - [2026-06-03T13:08:50.566+0000] {dag.py:3820} INFO - Setting next_dagrun for tutorial_dag to None, run_after=None
[2026-06-03T13:08:50.577+0000] {processor.py:183} INFO - Processing /home/airflow/.local/lib/python3.8/site-packages/airflow/example_dags/tutorial_dag.py took 0.039 seconds
[2026-06-03T13:09:20.656+0000] {processor.py:161} INFO - Started process (PID=2169) to work on /home/airflow/.local/lib/python3.8/site-packages/airflow/example_dags/tutorial_dag.py
[2026-06-03T13:09:20.658+0000] {processor.py:830} INFO - Processing file /home/airflow/.local/lib/python3.8/site-packages/airflow/example_dags/tutorial_dag.py for tasks to queue
[2026-06-03T13:09:20.659+0000] {logging_mixin.py:188} INFO - [2026-06-03T13:09:20.659+0000] {dagbag.py:538} INFO - Filling up the DagBag from /home/airflow/.local/lib/python3.8/site-packages/airflow/example_dags/tutorial_dag.py
[2026-06-03T13:09:20.661+0000] {processor.py:840} INFO - DAG(s) 'tutorial_dag' retrieved from /home/airflow/.local/lib/python3.8/site-packages/airflow/example_dags/tutorial_dag.py
[2026-06-03T13:09:20.672+0000] {logging_mixin.py:188} INFO - [2026-06-03T13:09:20.672+0000] {dag.py:3033} INFO - Sync 1 DAGs
[2026-06-03T13:09:20.686+0000] {logging_mixin.py:188} INFO - [2026-06-03T13:09:20.686+0000] {dag.py:3820} INFO - Setting next_dagrun for tutorial_dag to None, run_after=None
[2026-06-03T13:09:20.702+0000] {processor.py:183} INFO - Processing /home/airflow/.local/lib/python3.8/site-packages/airflow/example_dags/tutorial_dag.py took 0.047 seconds
[2026-06-03T13:09:51.675+0000] {processor.py:161} INFO - Started process (PID=2225) to work on /home/airflow/.local/lib/python3.8/site-packages/airflow/example_dags/tutorial_dag.py
[2026-06-03T13:09:51.676+0000] {processor.py:830} INFO - Processing file /home/airflow/.local/lib/python3.8/site-packages/airflow/example_dags/tutorial_dag.py for tasks to queue
[2026-06-03T13:09:51.677+0000] {logging_mixin.py:188} INFO - [2026-06-03T13:09:51.677+0000] {dagbag.py:538} INFO - Filling up the DagBag from /home/airflow/.local/lib/python3.8/site-packages/airflow/example_dags/tutorial_dag.py
[2026-06-03T13:09:51.680+0000] {processor.py:840} INFO - DAG(s) 'tutorial_dag' retrieved from /home/airflow/.local/lib/python3.8/site-packages/airflow/example_dags/tutorial_dag.py
[2026-06-03T13:09:51.766+0000] {logging_mixin.py:188} INFO - [2026-06-03T13:09:51.766+0000] {dag.py:3033} INFO - Sync 1 DAGs
[2026-06-03T13:09:51.773+0000] {logging_mixin.py:188} INFO - [2026-06-03T13:09:51.773+0000] {dag.py:3820} INFO - Setting next_dagrun for tutorial_dag to None, run_after=None
[2026-06-03T13:09:51.784+0000] {processor.py:183} INFO - Processing /home/airflow/.local/lib/python3.8/site-packages/airflow/example_dags/tutorial_dag.py took 0.111 seconds
[2026-06-03T13:10:22.295+0000] {processor.py:161} INFO - Started process (PID=2281) to work on /home/airflow/.local/lib/python3.8/site-packages/airflow/example_dags/tutorial_dag.py
[2026-06-03T13:10:22.296+0000] {processor.py:830} INFO - Processing file /home/airflow/.local/lib/python3.8/site-packages/airflow/example_dags/tutorial_dag.py for tasks to queue
[2026-06-03T13:10:22.298+0000] {logging_mixin.py:188} INFO - [2026-06-03T13:10:22.297+0000] {dagbag.py:538} INFO - Filling up the DagBag from /home/airflow/.local/lib/python3.8/site-packages/airflow/example_dags/tutorial_dag.py
[2026-06-03T13:10:22.303+0000] {processor.py:840} INFO - DAG(s) 'tutorial_dag' retrieved from /home/airflow/.local/lib/python3.8/site-packages/airflow/example_dags/tutorial_dag.py
[2026-06-03T13:10:22.318+0000] {logging_mixin.py:188} INFO - [2026-06-03T13:10:22.318+0000] {dag.py:3033} INFO - Sync 1 DAGs
[2026-06-03T13:10:22.345+0000] {logging_mixin.py:188} INFO - [2026-06-03T13:10:22.345+0000] {dag.py:3820} INFO - Setting next_dagrun for tutorial_dag to None, run_after=None
[2026-06-03T13:10:22.358+0000] {processor.py:183} INFO - Processing /home/airflow/.local/lib/python3.8/site-packages/airflow/example_dags/tutorial_dag.py took 0.064 seconds
[2026-06-03T13:10:52.674+0000] {processor.py:161} INFO - Started process (PID=2337) to work on /home/airflow/.local/lib/python3.8/site-packages/airflow/example_dags/tutorial_dag.py
[2026-06-03T13:10:52.677+0000] {processor.py:830} INFO - Processing file /home/airflow/.local/lib/python3.8/site-packages/airflow/example_dags/tutorial_dag.py for tasks to queue
[2026-06-03T13:10:52.681+0000] {logging_mixin.py:188} INFO - [2026-06-03T13:10:52.681+0000] {dagbag.py:538} INFO - Filling up the DagBag from /home/airflow/.local/lib/python3.8/site-packages/airflow/example_dags/tutorial_dag.py
[2026-06-03T13:10:52.690+0000] {processor.py:840} INFO - DAG(s) 'tutorial_dag' retrieved from /home/airflow/.local/lib/python3.8/site-packages/airflow/example_dags/tutorial_dag.py
[2026-06-03T13:10:52.729+0000] {logging_mixin.py:188} INFO - [2026-06-03T13:10:52.728+0000] {dag.py:3033} INFO - Sync 1 DAGs
[2026-06-03T13:10:52.739+0000] {logging_mixin.py:188} INFO - [2026-06-03T13:10:52.739+0000] {dag.py:3820} INFO - Setting next_dagrun for tutorial_dag to None, run_after=None
[2026-06-03T13:10:52.760+0000] {processor.py:183} INFO - Processing /home/airflow/.local/lib/python3.8/site-packages/airflow/example_dags/tutorial_dag.py took 0.100 seconds
[2026-06-03T13:11:22.915+0000] {processor.py:161} INFO - Started process (PID=2400) to work on /home/airflow/.local/lib/python3.8/site-packages/airflow/example_dags/tutorial_dag.py
[2026-06-03T13:11:22.917+0000] {processor.py:830} INFO - Processing file /home/airflow/.local/lib/python3.8/site-packages/airflow/example_dags/tutorial_dag.py for tasks to queue
[2026-06-03T13:11:22.918+0000] {logging_mixin.py:188} INFO - [2026-06-03T13:11:22.917+0000] {dagbag.py:538} INFO - Filling up the DagBag from /home/airflow/.local/lib/python3.8/site-packages/airflow/example_dags/tutorial_dag.py
[2026-06-03T13:11:22.921+0000] {processor.py:840} INFO - DAG(s) 'tutorial_dag' retrieved from /home/airflow/.local/lib/python3.8/site-packages/airflow/example_dags/tutorial_dag.py
[2026-06-03T13:11:22.934+0000] {logging_mixin.py:188} INFO - [2026-06-03T13:11:22.934+0000] {dag.py:3033} INFO - Sync 1 DAGs
[2026-06-03T13:11:22.945+0000] {logging_mixin.py:188} INFO - [2026-06-03T13:11:22.945+0000] {dag.py:3820} INFO - Setting next_dagrun for tutorial_dag to None, run_after=None
[2026-06-03T13:11:22.954+0000] {processor.py:183} INFO - Processing /home/airflow/.local/lib/python3.8/site-packages/airflow/example_dags/tutorial_dag.py took 0.041 seconds
[2026-06-03T13:11:53.532+0000] {processor.py:161} INFO - Started process (PID=2463) to work on /home/airflow/.local/lib/python3.8/site-packages/airflow/example_dags/tutorial_dag.py
[2026-06-03T13:11:53.534+0000] {processor.py:830} INFO - Processing file /home/airflow/.local/lib/python3.8/site-packages/airflow/example_dags/tutorial_dag.py for tasks to queue
[2026-06-03T13:11:53.537+0000] {logging_mixin.py:188} INFO - [2026-06-03T13:11:53.537+0000] {dagbag.py:538} INFO - Filling up the DagBag from /home/airflow/.local/lib/python3.8/site-packages/airflow/example_dags/tutorial_dag.py
[2026-06-03T13:11:53.543+0000] {processor.py:840} INFO - DAG(s) 'tutorial_dag' retrieved from /home/airflow/.local/lib/python3.8/site-packages/airflow/example_dags/tutorial_dag.py
[2026-06-03T13:11:53.572+0000] {logging_mixin.py:188} INFO - [2026-06-03T13:11:53.572+0000] {dag.py:3033} INFO - Sync 1 DAGs
[2026-06-03T13:11:53.600+0000] {logging_mixin.py:188} INFO - [2026-06-03T13:11:53.600+0000] {dag.py:3820} INFO - Setting next_dagrun for tutorial_dag to None, run_after=None
[2026-06-03T13:11:53.641+0000] {processor.py:183} INFO - Processing /home/airflow/.local/lib/python3.8/site-packages/airflow/example_dags/tutorial_dag.py took 0.112 seconds
[2026-06-03T13:12:23.821+0000] {processor.py:161} INFO - Started process (PID=2526) to work on /home/airflow/.local/lib/python3.8/site-packages/airflow/example_dags/tutorial_dag.py
[2026-06-03T13:12:23.822+0000] {processor.py:830} INFO - Processing file /home/airflow/.local/lib/python3.8/site-packages/airflow/example_dags/tutorial_dag.py for tasks to queue
[2026-06-03T13:12:23.823+0000] {logging_mixin.py:188} INFO - [2026-06-03T13:12:23.823+0000] {dagbag.py:538} INFO - Filling up the DagBag from /home/airflow/.local/lib/python3.8/site-packages/airflow/example_dags/tutorial_dag.py
[2026-06-03T13:12:23.827+0000] {processor.py:840} INFO - DAG(s) 'tutorial_dag' retrieved from /home/airflow/.local/lib/python3.8/site-packages/airflow/example_dags/tutorial_dag.py
[2026-06-03T13:12:23.839+0000] {logging_mixin.py:188} INFO - [2026-06-03T13:12:23.839+0000] {dag.py:3033} INFO - Sync 1 DAGs
[2026-06-03T13:12:23.846+0000] {logging_mixin.py:188} INFO - [2026-06-03T13:12:23.846+0000] {dag.py:3820} INFO - Setting next_dagrun for tutorial_dag to None, run_after=None
[2026-06-03T13:12:23.861+0000] {processor.py:183} INFO - Processing /home/airflow/.local/lib/python3.8/site-packages/airflow/example_dags/tutorial_dag.py took 0.041 seconds
[2026-06-03T13:12:54.134+0000] {processor.py:161} INFO - Started process (PID=2582) to work on /home/airflow/.local/lib/python3.8/site-packages/airflow/example_dags/tutorial_dag.py
[2026-06-03T13:12:54.134+0000] {processor.py:830} INFO - Processing file /home/airflow/.local/lib/python3.8/site-packages/airflow/example_dags/tutorial_dag.py for tasks to queue
[2026-06-03T13:12:54.136+0000] {logging_mixin.py:188} INFO - [2026-06-03T13:12:54.135+0000] {dagbag.py:538} INFO - Filling up the DagBag from /home/airflow/.local/lib/python3.8/site-packages/airflow/example_dags/tutorial_dag.py
[2026-06-03T13:12:54.140+0000] {processor.py:840} INFO - DAG(s) 'tutorial_dag' retrieved from /home/airflow/.local/lib/python3.8/site-packages/airflow/example_dags/tutorial_dag.py
[2026-06-03T13:12:54.161+0000] {logging_mixin.py:188} INFO - [2026-06-03T13:12:54.161+0000] {dag.py:3033} INFO - Sync 1 DAGs
[2026-06-03T13:12:54.174+0000] {logging_mixin.py:188} INFO - [2026-06-03T13:12:54.174+0000] {dag.py:3820} INFO - Setting next_dagrun for tutorial_dag to None, run_after=None
[2026-06-03T13:12:54.188+0000] {processor.py:183} INFO - Processing /home/airflow/.local/lib/python3.8/site-packages/airflow/example_dags/tutorial_dag.py took 0.056 seconds
[2026-06-03T13:13:24.793+0000] {processor.py:161} INFO - Started process (PID=2638) to work on /home/airflow/.local/lib/python3.8/site-packages/airflow/example_dags/tutorial_dag.py
[2026-06-03T13:13:24.794+0000] {processor.py:830} INFO - Processing file /home/airflow/.local/lib/python3.8/site-packages/airflow/example_dags/tutorial_dag.py for tasks to queue
[2026-06-03T13:13:24.796+0000] {logging_mixin.py:188} INFO - [2026-06-03T13:13:24.796+0000] {dagbag.py:538} INFO - Filling up the DagBag from /home/airflow/.local/lib/python3.8/site-packages/airflow/example_dags/tutorial_dag.py
[2026-06-03T13:13:24.802+0000] {processor.py:840} INFO - DAG(s) 'tutorial_dag' retrieved from /home/airflow/.local/lib/python3.8/site-packages/airflow/example_dags/tutorial_dag.py
[2026-06-03T13:13:24.827+0000] {logging_mixin.py:188} INFO - [2026-06-03T13:13:24.827+0000] {dag.py:3033} INFO - Sync 1 DAGs
[2026-06-03T13:13:24.838+0000] {logging_mixin.py:188} INFO - [2026-06-03T13:13:24.837+0000] {dag.py:3820} INFO - Setting next_dagrun for tutorial_dag to None, run_after=None
[2026-06-03T13:13:24.864+0000] {processor.py:183} INFO - Processing /home/airflow/.local/lib/python3.8/site-packages/airflow/example_dags/tutorial_dag.py took 0.074 seconds
[2026-06-03T13:13:55.088+0000] {processor.py:161} INFO - Started process (PID=2694) to work on /home/airflow/.local/lib/python3.8/site-packages/airflow/example_dags/tutorial_dag.py
[2026-06-03T13:13:55.089+0000] {processor.py:830} INFO - Processing file /home/airflow/.local/lib/python3.8/site-packages/airflow/example_dags/tutorial_dag.py for tasks to queue
[2026-06-03T13:13:55.090+0000] {logging_mixin.py:188} INFO - [2026-06-03T13:13:55.090+0000] {dagbag.py:538} INFO - Filling up the DagBag from /home/airflow/.local/lib/python3.8/site-packages/airflow/example_dags/tutorial_dag.py
[2026-06-03T13:13:55.094+0000] {processor.py:840} INFO - DAG(s) 'tutorial_dag' retrieved from /home/airflow/.local/lib/python3.8/site-packages/airflow/example_dags/tutorial_dag.py
[2026-06-03T13:13:55.106+0000] {logging_mixin.py:188} INFO - [2026-06-03T13:13:55.106+0000] {dag.py:3033} INFO - Sync 1 DAGs
[2026-06-03T13:13:55.116+0000] {logging_mixin.py:188} INFO - [2026-06-03T13:13:55.116+0000] {dag.py:3820} INFO - Setting next_dagrun for tutorial_dag to None, run_after=None
[2026-06-03T13:13:55.138+0000] {processor.py:183} INFO - Processing /home/airflow/.local/lib/python3.8/site-packages/airflow/example_dags/tutorial_dag.py took 0.052 seconds
[2026-06-03T13:14:19.840+0000] {processor.py:161} INFO - Started process (PID=46) to work on /home/airflow/.local/lib/python3.8/site-packages/airflow/example_dags/tutorial_dag.py
[2026-06-03T13:14:19.842+0000] {processor.py:830} INFO - Processing file /home/airflow/.local/lib/python3.8/site-packages/airflow/example_dags/tutorial_dag.py for tasks to queue
[2026-06-03T13:14:19.843+0000] {logging_mixin.py:188} INFO - [2026-06-03T13:14:19.843+0000] {dagbag.py:538} INFO - Filling up the DagBag from /home/airflow/.local/lib/python3.8/site-packages/airflow/example_dags/tutorial_dag.py
[2026-06-03T13:14:19.847+0000] {processor.py:840} INFO - DAG(s) 'tutorial_dag' retrieved from /home/airflow/.local/lib/python3.8/site-packages/airflow/example_dags/tutorial_dag.py
[2026-06-03T13:14:19.880+0000] {logging_mixin.py:188} INFO - [2026-06-03T13:14:19.880+0000] {dag.py:3033} INFO - Sync 1 DAGs
[2026-06-03T13:14:19.894+0000] {logging_mixin.py:188} INFO - [2026-06-03T13:14:19.894+0000] {dag.py:3820} INFO - Setting next_dagrun for tutorial_dag to None, run_after=None
[2026-06-03T13:14:19.924+0000] {processor.py:183} INFO - Processing /home/airflow/.local/lib/python3.8/site-packages/airflow/example_dags/tutorial_dag.py took 0.097 seconds
[2026-06-03T13:14:50.667+0000] {processor.py:161} INFO - Started process (PID=102) to work on /home/airflow/.local/lib/python3.8/site-packages/airflow/example_dags/tutorial_dag.py
[2026-06-03T13:14:50.668+0000] {processor.py:830} INFO - Processing file /home/airflow/.local/lib/python3.8/site-packages/airflow/example_dags/tutorial_dag.py for tasks to queue
[2026-06-03T13:14:50.669+0000] {logging_mixin.py:188} INFO - [2026-06-03T13:14:50.669+0000] {dagbag.py:538} INFO - Filling up the DagBag from /home/airflow/.local/lib/python3.8/site-packages/airflow/example_dags/tutorial_dag.py
[2026-06-03T13:14:50.673+0000] {processor.py:840} INFO - DAG(s) 'tutorial_dag' retrieved from /home/airflow/.local/lib/python3.8/site-packages/airflow/example_dags/tutorial_dag.py
[2026-06-03T13:14:50.692+0000] {logging_mixin.py:188} INFO - [2026-06-03T13:14:50.692+0000] {dag.py:3033} INFO - Sync 1 DAGs
[2026-06-03T13:14:50.698+0000] {logging_mixin.py:188} INFO - [2026-06-03T13:14:50.698+0000] {dag.py:3820} INFO - Setting next_dagrun for tutorial_dag to None, run_after=None
[2026-06-03T13:14:50.712+0000] {processor.py:183} INFO - Processing /home/airflow/.local/lib/python3.8/site-packages/airflow/example_dags/tutorial_dag.py took 0.046 seconds
[2026-06-03T13:15:21.382+0000] {processor.py:161} INFO - Started process (PID=158) to work on /home/airflow/.local/lib/python3.8/site-packages/airflow/example_dags/tutorial_dag.py
[2026-06-03T13:15:21.383+0000] {processor.py:830} INFO - Processing file /home/airflow/.local/lib/python3.8/site-packages/airflow/example_dags/tutorial_dag.py for tasks to queue
[2026-06-03T13:15:21.384+0000] {logging_mixin.py:188} INFO - [2026-06-03T13:15:21.384+0000] {dagbag.py:538} INFO - Filling up the DagBag from /home/airflow/.local/lib/python3.8/site-packages/airflow/example_dags/tutorial_dag.py
[2026-06-03T13:15:21.386+0000] {processor.py:840} INFO - DAG(s) 'tutorial_dag' retrieved from /home/airflow/.local/lib/python3.8/site-packages/airflow/example_dags/tutorial_dag.py
[2026-06-03T13:15:21.400+0000] {logging_mixin.py:188} INFO - [2026-06-03T13:15:21.400+0000] {dag.py:3033} INFO - Sync 1 DAGs
[2026-06-03T13:15:21.409+0000] {logging_mixin.py:188} INFO - [2026-06-03T13:15:21.409+0000] {dag.py:3820} INFO - Setting next_dagrun for tutorial_dag to None, run_after=None
[2026-06-03T13:15:21.421+0000] {processor.py:183} INFO - Processing /home/airflow/.local/lib/python3.8/site-packages/airflow/example_dags/tutorial_dag.py took 0.040 seconds
[2026-06-03T13:15:51.627+0000] {processor.py:161} INFO - Started process (PID=215) to work on /home/airflow/.local/lib/python3.8/site-packages/airflow/example_dags/tutorial_dag.py
[2026-06-03T13:15:51.627+0000] {processor.py:830} INFO - Processing file /home/airflow/.local/lib/python3.8/site-packages/airflow/example_dags/tutorial_dag.py for tasks to queue
[2026-06-03T13:15:51.628+0000] {logging_mixin.py:188} INFO - [2026-06-03T13:15:51.628+0000] {dagbag.py:538} INFO - Filling up the DagBag from /home/airflow/.local/lib/python3.8/site-packages/airflow/example_dags/tutorial_dag.py
[2026-06-03T13:15:51.631+0000] {processor.py:840} INFO - DAG(s) 'tutorial_dag' retrieved from /home/airflow/.local/lib/python3.8/site-packages/airflow/example_dags/tutorial_dag.py
[2026-06-03T13:15:51.641+0000] {logging_mixin.py:188} INFO - [2026-06-03T13:15:51.641+0000] {dag.py:3033} INFO - Sync 1 DAGs
[2026-06-03T13:15:51.648+0000] {logging_mixin.py:188} INFO - [2026-06-03T13:15:51.648+0000] {dag.py:3820} INFO - Setting next_dagrun for tutorial_dag to None, run_after=None
[2026-06-03T13:15:51.659+0000] {processor.py:183} INFO - Processing /home/airflow/.local/lib/python3.8/site-packages/airflow/example_dags/tutorial_dag.py took 0.034 seconds
[2026-06-03T13:16:22.140+0000] {processor.py:161} INFO - Started process (PID=271) to work on /home/airflow/.local/lib/python3.8/site-packages/airflow/example_dags/tutorial_dag.py
[2026-06-03T13:16:22.141+0000] {processor.py:830} INFO - Processing file /home/airflow/.local/lib/python3.8/site-packages/airflow/example_dags/tutorial_dag.py for tasks to queue
[2026-06-03T13:16:22.142+0000] {logging_mixin.py:188} INFO - [2026-06-03T13:16:22.142+0000] {dagbag.py:538} INFO - Filling up the DagBag from /home/airflow/.local/lib/python3.8/site-packages/airflow/example_dags/tutorial_dag.py
[2026-06-03T13:16:22.144+0000] {processor.py:840} INFO - DAG(s) 'tutorial_dag' retrieved from /home/airflow/.local/lib/python3.8/site-packages/airflow/example_dags/tutorial_dag.py
[2026-06-03T13:16:22.152+0000] {logging_mixin.py:188} INFO - [2026-06-03T13:16:22.152+0000] {dag.py:3033} INFO - Sync 1 DAGs
[2026-06-03T13:16:22.164+0000] {logging_mixin.py:188} INFO - [2026-06-03T13:16:22.164+0000] {dag.py:3820} INFO - Setting next_dagrun for tutorial_dag to None, run_after=None
[2026-06-03T13:16:22.180+0000] {processor.py:183} INFO - Processing /home/airflow/.local/lib/python3.8/site-packages/airflow/example_dags/tutorial_dag.py took 0.041 seconds
[2026-06-03T13:16:52.433+0000] {processor.py:161} INFO - Started process (PID=327) to work on /home/airflow/.local/lib/python3.8/site-packages/airflow/example_dags/tutorial_dag.py
[2026-06-03T13:16:52.434+0000] {processor.py:830} INFO - Processing file /home/airflow/.local/lib/python3.8/site-packages/airflow/example_dags/tutorial_dag.py for tasks to queue
[2026-06-03T13:16:52.435+0000] {logging_mixin.py:188} INFO - [2026-06-03T13:16:52.435+0000] {dagbag.py:538} INFO - Filling up the DagBag from /home/airflow/.local/lib/python3.8/site-packages/airflow/example_dags/tutorial_dag.py
[2026-06-03T13:16:52.438+0000] {processor.py:840} INFO - DAG(s) 'tutorial_dag' retrieved from /home/airflow/.local/lib/python3.8/site-packages/airflow/example_dags/tutorial_dag.py
[2026-06-03T13:16:52.455+0000] {logging_mixin.py:188} INFO - [2026-06-03T13:16:52.455+0000] {dag.py:3033} INFO - Sync 1 DAGs
[2026-06-03T13:16:52.465+0000] {logging_mixin.py:188} INFO - [2026-06-03T13:16:52.465+0000] {dag.py:3820} INFO - Setting next_dagrun for tutorial_dag to None, run_after=None
[2026-06-03T13:16:52.482+0000] {processor.py:183} INFO - Processing /home/airflow/.local/lib/python3.8/site-packages/airflow/example_dags/tutorial_dag.py took 0.052 seconds
[2026-06-03T13:17:23.247+0000] {processor.py:161} INFO - Started process (PID=383) to work on /home/airflow/.local/lib/python3.8/site-packages/airflow/example_dags/tutorial_dag.py
[2026-06-03T13:17:23.248+0000] {processor.py:830} INFO - Processing file /home/airflow/.local/lib/python3.8/site-packages/airflow/example_dags/tutorial_dag.py for tasks to queue
[2026-06-03T13:17:23.250+0000] {logging_mixin.py:188} INFO - [2026-06-03T13:17:23.250+0000] {dagbag.py:538} INFO - Filling up the DagBag from /home/airflow/.local/lib/python3.8/site-packages/airflow/example_dags/tutorial_dag.py
[2026-06-03T13:17:23.253+0000] {processor.py:840} INFO - DAG(s) 'tutorial_dag' retrieved from /home/airflow/.local/lib/python3.8/site-packages/airflow/example_dags/tutorial_dag.py
[2026-06-03T13:17:23.273+0000] {logging_mixin.py:188} INFO - [2026-06-03T13:17:23.272+0000] {dag.py:3033} INFO - Sync 1 DAGs
[2026-06-03T13:17:23.283+0000] {logging_mixin.py:188} INFO - [2026-06-03T13:17:23.283+0000] {dag.py:3820} INFO - Setting next_dagrun for tutorial_dag to None, run_after=None
[2026-06-03T13:17:23.300+0000] {processor.py:183} INFO - Processing /home/airflow/.local/lib/python3.8/site-packages/airflow/example_dags/tutorial_dag.py took 0.058 seconds
[2026-06-03T13:17:53.524+0000] {processor.py:161} INFO - Started process (PID=439) to work on /home/airflow/.local/lib/python3.8/site-packages/airflow/example_dags/tutorial_dag.py
[2026-06-03T13:17:53.525+0000] {processor.py:830} INFO - Processing file /home/airflow/.local/lib/python3.8/site-packages/airflow/example_dags/tutorial_dag.py for tasks to queue
[2026-06-03T13:17:53.527+0000] {logging_mixin.py:188} INFO - [2026-06-03T13:17:53.527+0000] {dagbag.py:538} INFO - Filling up the DagBag from /home/airflow/.local/lib/python3.8/site-packages/airflow/example_dags/tutorial_dag.py
[2026-06-03T13:17:53.534+0000] {processor.py:840} INFO - DAG(s) 'tutorial_dag' retrieved from /home/airflow/.local/lib/python3.8/site-packages/airflow/example_dags/tutorial_dag.py
[2026-06-03T13:17:53.550+0000] {logging_mixin.py:188} INFO - [2026-06-03T13:17:53.550+0000] {dag.py:3033} INFO - Sync 1 DAGs
[2026-06-03T13:17:53.556+0000] {logging_mixin.py:188} INFO - [2026-06-03T13:17:53.556+0000] {dag.py:3820} INFO - Setting next_dagrun for tutorial_dag to None, run_after=None
[2026-06-03T13:17:53.570+0000] {processor.py:183} INFO - Processing /home/airflow/.local/lib/python3.8/site-packages/airflow/example_dags/tutorial_dag.py took 0.049 seconds
[2026-06-03T13:18:23.878+0000] {processor.py:161} INFO - Started process (PID=495) to work on /home/airflow/.local/lib/python3.8/site-packages/airflow/example_dags/tutorial_dag.py
[2026-06-03T13:18:23.879+0000] {processor.py:830} INFO - Processing file /home/airflow/.local/lib/python3.8/site-packages/airflow/example_dags/tutorial_dag.py for tasks to queue
[2026-06-03T13:18:23.883+0000] {logging_mixin.py:188} INFO - [2026-06-03T13:18:23.883+0000] {dagbag.py:538} INFO - Filling up the DagBag from /home/airflow/.local/lib/python3.8/site-packages/airflow/example_dags/tutorial_dag.py
[2026-06-03T13:18:23.895+0000] {processor.py:840} INFO - DAG(s) 'tutorial_dag' retrieved from /home/airflow/.local/lib/python3.8/site-packages/airflow/example_dags/tutorial_dag.py
[2026-06-03T13:18:23.914+0000] {logging_mixin.py:188} INFO - [2026-06-03T13:18:23.914+0000] {dag.py:3033} INFO - Sync 1 DAGs
[2026-06-03T13:18:23.923+0000] {logging_mixin.py:188} INFO - [2026-06-03T13:18:23.923+0000] {dag.py:3820} INFO - Setting next_dagrun for tutorial_dag to None, run_after=None
[2026-06-03T13:18:23.937+0000] {processor.py:183} INFO - Processing /home/airflow/.local/lib/python3.8/site-packages/airflow/example_dags/tutorial_dag.py took 0.066 seconds
[2026-06-03T13:18:54.339+0000] {processor.py:161} INFO - Started process (PID=557) to work on /home/airflow/.local/lib/python3.8/site-packages/airflow/example_dags/tutorial_dag.py
[2026-06-03T13:18:54.341+0000] {processor.py:830} INFO - Processing file /home/airflow/.local/lib/python3.8/site-packages/airflow/example_dags/tutorial_dag.py for tasks to queue
[2026-06-03T13:18:54.342+0000] {logging_mixin.py:188} INFO - [2026-06-03T13:18:54.342+0000] {dagbag.py:538} INFO - Filling up the DagBag from /home/airflow/.local/lib/python3.8/site-packages/airflow/example_dags/tutorial_dag.py
[2026-06-03T13:18:54.347+0000] {processor.py:840} INFO - DAG(s) 'tutorial_dag' retrieved from /home/airflow/.local/lib/python3.8/site-packages/airflow/example_dags/tutorial_dag.py
[2026-06-03T13:18:54.365+0000] {logging_mixin.py:188} INFO - [2026-06-03T13:18:54.365+0000] {dag.py:3033} INFO - Sync 1 DAGs
[2026-06-03T13:18:54.377+0000] {logging_mixin.py:188} INFO - [2026-06-03T13:18:54.377+0000] {dag.py:3820} INFO - Setting next_dagrun for tutorial_dag to None, run_after=None
[2026-06-03T13:18:54.398+0000] {processor.py:183} INFO - Processing /home/airflow/.local/lib/python3.8/site-packages/airflow/example_dags/tutorial_dag.py took 0.067 seconds
[2026-06-03T13:19:24.834+0000] {processor.py:161} INFO - Started process (PID=613) to work on /home/airflow/.local/lib/python3.8/site-packages/airflow/example_dags/tutorial_dag.py
[2026-06-03T13:19:24.835+0000] {processor.py:830} INFO - Processing file /home/airflow/.local/lib/python3.8/site-packages/airflow/example_dags/tutorial_dag.py for tasks to queue
[2026-06-03T13:19:24.836+0000] {logging_mixin.py:188} INFO - [2026-06-03T13:19:24.836+0000] {dagbag.py:538} INFO - Filling up the DagBag from /home/airflow/.local/lib/python3.8/site-packages/airflow/example_dags/tutorial_dag.py
[2026-06-03T13:19:24.839+0000] {processor.py:840} INFO - DAG(s) 'tutorial_dag' retrieved from /home/airflow/.local/lib/python3.8/site-packages/airflow/example_dags/tutorial_dag.py
[2026-06-03T13:19:24.850+0000] {logging_mixin.py:188} INFO - [2026-06-03T13:19:24.850+0000] {dag.py:3033} INFO - Sync 1 DAGs
[2026-06-03T13:19:24.858+0000] {logging_mixin.py:188} INFO - [2026-06-03T13:19:24.858+0000] {dag.py:3820} INFO - Setting next_dagrun for tutorial_dag to None, run_after=None
[2026-06-03T13:19:24.875+0000] {processor.py:183} INFO - Processing /home/airflow/.local/lib/python3.8/site-packages/airflow/example_dags/tutorial_dag.py took 0.043 seconds
[2026-06-03T13:19:56.010+0000] {processor.py:161} INFO - Started process (PID=669) to work on /home/airflow/.local/lib/python3.8/site-packages/airflow/example_dags/tutorial_dag.py
[2026-06-03T13:19:56.011+0000] {processor.py:830} INFO - Processing file /home/airflow/.local/lib/python3.8/site-packages/airflow/example_dags/tutorial_dag.py for tasks to queue
[2026-06-03T13:19:56.012+0000] {logging_mixin.py:188} INFO - [2026-06-03T13:19:56.011+0000] {dagbag.py:538} INFO - Filling up the DagBag from /home/airflow/.local/lib/python3.8/site-packages/airflow/example_dags/tutorial_dag.py
[2026-06-03T13:19:56.014+0000] {processor.py:840} INFO - DAG(s) 'tutorial_dag' retrieved from /home/airflow/.local/lib/python3.8/site-packages/airflow/example_dags/tutorial_dag.py
[2026-06-03T13:19:56.026+0000] {logging_mixin.py:188} INFO - [2026-06-03T13:19:56.026+0000] {dag.py:3033} INFO - Sync 1 DAGs
[2026-06-03T13:19:56.031+0000] {logging_mixin.py:188} INFO - [2026-06-03T13:19:56.031+0000] {dag.py:3820} INFO - Setting next_dagrun for tutorial_dag to None, run_after=None
[2026-06-03T13:19:56.040+0000] {processor.py:183} INFO - Processing /home/airflow/.local/lib/python3.8/site-packages/airflow/example_dags/tutorial_dag.py took 0.031 seconds
[2026-06-03T13:20:26.514+0000] {processor.py:161} INFO - Started process (PID=725) to work on /home/airflow/.local/lib/python3.8/site-packages/airflow/example_dags/tutorial_dag.py
[2026-06-03T13:20:26.514+0000] {processor.py:830} INFO - Processing file /home/airflow/.local/lib/python3.8/site-packages/airflow/example_dags/tutorial_dag.py for tasks to queue
[2026-06-03T13:20:26.516+0000] {logging_mixin.py:188} INFO - [2026-06-03T13:20:26.516+0000] {dagbag.py:538} INFO - Filling up the DagBag from /home/airflow/.local/lib/python3.8/site-packages/airflow/example_dags/tutorial_dag.py
[2026-06-03T13:20:26.519+0000] {processor.py:840} INFO - DAG(s) 'tutorial_dag' retrieved from /home/airflow/.local/lib/python3.8/site-packages/airflow/example_dags/tutorial_dag.py
[2026-06-03T13:20:26.531+0000] {logging_mixin.py:188} INFO - [2026-06-03T13:20:26.531+0000] {dag.py:3033} INFO - Sync 1 DAGs
[2026-06-03T13:20:26.536+0000] {logging_mixin.py:188} INFO - [2026-06-03T13:20:26.536+0000] {dag.py:3820} INFO - Setting next_dagrun for tutorial_dag to None, run_after=None
[2026-06-03T13:20:26.548+0000] {processor.py:183} INFO - Processing /home/airflow/.local/lib/python3.8/site-packages/airflow/example_dags/tutorial_dag.py took 0.036 seconds
[2026-06-03T13:20:57.856+0000] {processor.py:161} INFO - Started process (PID=781) to work on /home/airflow/.local/lib/python3.8/site-packages/airflow/example_dags/tutorial_dag.py
[2026-06-03T13:20:57.857+0000] {processor.py:830} INFO - Processing file /home/airflow/.local/lib/python3.8/site-packages/airflow/example_dags/tutorial_dag.py for tasks to queue
[2026-06-03T13:20:57.858+0000] {logging_mixin.py:188} INFO - [2026-06-03T13:20:57.858+0000] {dagbag.py:538} INFO - Filling up the DagBag from /home/airflow/.local/lib/python3.8/site-packages/airflow/example_dags/tutorial_dag.py
[2026-06-03T13:20:57.861+0000] {processor.py:840} INFO - DAG(s) 'tutorial_dag' retrieved from /home/airflow/.local/lib/python3.8/site-packages/airflow/example_dags/tutorial_dag.py
[2026-06-03T13:20:57.871+0000] {logging_mixin.py:188} INFO - [2026-06-03T13:20:57.870+0000] {dag.py:3033} INFO - Sync 1 DAGs
[2026-06-03T13:20:57.875+0000] {logging_mixin.py:188} INFO - [2026-06-03T13:20:57.875+0000] {dag.py:3820} INFO - Setting next_dagrun for tutorial_dag to None, run_after=None
[2026-06-03T13:20:57.883+0000] {processor.py:183} INFO - Processing /home/airflow/.local/lib/python3.8/site-packages/airflow/example_dags/tutorial_dag.py took 0.029 seconds
[2026-06-03T13:21:28.891+0000] {processor.py:161} INFO - Started process (PID=837) to work on /home/airflow/.local/lib/python3.8/site-packages/airflow/example_dags/tutorial_dag.py
[2026-06-03T13:21:28.894+0000] {processor.py:830} INFO - Processing file /home/airflow/.local/lib/python3.8/site-packages/airflow/example_dags/tutorial_dag.py for tasks to queue
[2026-06-03T13:21:28.896+0000] {logging_mixin.py:188} INFO - [2026-06-03T13:21:28.896+0000] {dagbag.py:538} INFO - Filling up the DagBag from /home/airflow/.local/lib/python3.8/site-packages/airflow/example_dags/tutorial_dag.py
[2026-06-03T13:21:28.900+0000] {processor.py:840} INFO - DAG(s) 'tutorial_dag' retrieved from /home/airflow/.local/lib/python3.8/site-packages/airflow/example_dags/tutorial_dag.py
[2026-06-03T13:21:28.914+0000] {logging_mixin.py:188} INFO - [2026-06-03T13:21:28.914+0000] {dag.py:3033} INFO - Sync 1 DAGs
[2026-06-03T13:21:28.926+0000] {logging_mixin.py:188} INFO - [2026-06-03T13:21:28.925+0000] {dag.py:3820} INFO - Setting next_dagrun for tutorial_dag to None, run_after=None
[2026-06-03T13:21:28.940+0000] {processor.py:183} INFO - Processing /home/airflow/.local/lib/python3.8/site-packages/airflow/example_dags/tutorial_dag.py took 0.052 seconds
[2026-06-03T13:21:59.484+0000] {processor.py:161} INFO - Started process (PID=893) to work on /home/airflow/.local/lib/python3.8/site-packages/airflow/example_dags/tutorial_dag.py
[2026-06-03T13:21:59.485+0000] {processor.py:830} INFO - Processing file /home/airflow/.local/lib/python3.8/site-packages/airflow/example_dags/tutorial_dag.py for tasks to queue
[2026-06-03T13:21:59.486+0000] {logging_mixin.py:188} INFO - [2026-06-03T13:21:59.485+0000] {dagbag.py:538} INFO - Filling up the DagBag from /home/airflow/.local/lib/python3.8/site-packages/airflow/example_dags/tutorial_dag.py
[2026-06-03T13:21:59.489+0000] {processor.py:840} INFO - DAG(s) 'tutorial_dag' retrieved from /home/airflow/.local/lib/python3.8/site-packages/airflow/example_dags/tutorial_dag.py
[2026-06-03T13:21:59.504+0000] {logging_mixin.py:188} INFO - [2026-06-03T13:21:59.504+0000] {dag.py:3033} INFO - Sync 1 DAGs
[2026-06-03T13:21:59.513+0000] {logging_mixin.py:188} INFO - [2026-06-03T13:21:59.513+0000] {dag.py:3820} INFO - Setting next_dagrun for tutorial_dag to None, run_after=None
[2026-06-03T13:21:59.527+0000] {processor.py:183} INFO - Processing /home/airflow/.local/lib/python3.8/site-packages/airflow/example_dags/tutorial_dag.py took 0.044 seconds
[2026-06-03T13:22:29.986+0000] {processor.py:161} INFO - Started process (PID=949) to work on /home/airflow/.local/lib/python3.8/site-packages/airflow/example_dags/tutorial_dag.py
[2026-06-03T13:22:29.987+0000] {processor.py:830} INFO - Processing file /home/airflow/.local/lib/python3.8/site-packages/airflow/example_dags/tutorial_dag.py for tasks to queue
[2026-06-03T13:22:29.989+0000] {logging_mixin.py:188} INFO - [2026-06-03T13:22:29.989+0000] {dagbag.py:538} INFO - Filling up the DagBag from /home/airflow/.local/lib/python3.8/site-packages/airflow/example_dags/tutorial_dag.py
[2026-06-03T13:22:29.994+0000] {processor.py:840} INFO - DAG(s) 'tutorial_dag' retrieved from /home/airflow/.local/lib/python3.8/site-packages/airflow/example_dags/tutorial_dag.py
[2026-06-03T13:22:30.022+0000] {logging_mixin.py:188} INFO - [2026-06-03T13:22:30.022+0000] {dag.py:3033} INFO - Sync 1 DAGs
[2026-06-03T13:22:30.030+0000] {logging_mixin.py:188} INFO - [2026-06-03T13:22:30.030+0000] {dag.py:3820} INFO - Setting next_dagrun for tutorial_dag to None, run_after=None
[2026-06-03T13:22:30.045+0000] {processor.py:183} INFO - Processing /home/airflow/.local/lib/python3.8/site-packages/airflow/example_dags/tutorial_dag.py took 0.063 seconds
[2026-06-03T13:23:00.641+0000] {processor.py:161} INFO - Started process (PID=1005) to work on /home/airflow/.local/lib/python3.8/site-packages/airflow/example_dags/tutorial_dag.py
[2026-06-03T13:23:00.642+0000] {processor.py:830} INFO - Processing file /home/airflow/.local/lib/python3.8/site-packages/airflow/example_dags/tutorial_dag.py for tasks to queue
[2026-06-03T13:23:00.644+0000] {logging_mixin.py:188} INFO - [2026-06-03T13:23:00.643+0000] {dagbag.py:538} INFO - Filling up the DagBag from /home/airflow/.local/lib/python3.8/site-packages/airflow/example_dags/tutorial_dag.py
[2026-06-03T13:23:00.648+0000] {processor.py:840} INFO - DAG(s) 'tutorial_dag' retrieved from /home/airflow/.local/lib/python3.8/site-packages/airflow/example_dags/tutorial_dag.py
[2026-06-03T13:23:00.662+0000] {logging_mixin.py:188} INFO - [2026-06-03T13:23:00.661+0000] {dag.py:3033} INFO - Sync 1 DAGs
[2026-06-03T13:23:00.670+0000] {logging_mixin.py:188} INFO - [2026-06-03T13:23:00.670+0000] {dag.py:3820} INFO - Setting next_dagrun for tutorial_dag to None, run_after=None
[2026-06-03T13:23:00.687+0000] {processor.py:183} INFO - Processing /home/airflow/.local/lib/python3.8/site-packages/airflow/example_dags/tutorial_dag.py took 0.047 seconds
[2026-06-03T13:23:31.454+0000] {processor.py:161} INFO - Started process (PID=1061) to work on /home/airflow/.local/lib/python3.8/site-packages/airflow/example_dags/tutorial_dag.py
[2026-06-03T13:23:31.456+0000] {processor.py:830} INFO - Processing file /home/airflow/.local/lib/python3.8/site-packages/airflow/example_dags/tutorial_dag.py for tasks to queue
[2026-06-03T13:23:31.457+0000] {logging_mixin.py:188} INFO - [2026-06-03T13:23:31.457+0000] {dagbag.py:538} INFO - Filling up the DagBag from /home/airflow/.local/lib/python3.8/site-packages/airflow/example_dags/tutorial_dag.py
[2026-06-03T13:23:31.461+0000] {processor.py:840} INFO - DAG(s) 'tutorial_dag' retrieved from /home/airflow/.local/lib/python3.8/site-packages/airflow/example_dags/tutorial_dag.py
[2026-06-03T13:23:31.489+0000] {logging_mixin.py:188} INFO - [2026-06-03T13:23:31.489+0000] {dag.py:3033} INFO - Sync 1 DAGs
[2026-06-03T13:23:31.499+0000] {logging_mixin.py:188} INFO - [2026-06-03T13:23:31.499+0000] {dag.py:3820} INFO - Setting next_dagrun for tutorial_dag to None, run_after=None
[2026-06-03T13:23:31.544+0000] {processor.py:183} INFO - Processing /home/airflow/.local/lib/python3.8/site-packages/airflow/example_dags/tutorial_dag.py took 0.092 seconds
[2026-06-03T13:24:01.730+0000] {processor.py:161} INFO - Started process (PID=1116) to work on /home/airflow/.local/lib/python3.8/site-packages/airflow/example_dags/tutorial_dag.py
[2026-06-03T13:24:01.731+0000] {processor.py:830} INFO - Processing file /home/airflow/.local/lib/python3.8/site-packages/airflow/example_dags/tutorial_dag.py for tasks to queue
[2026-06-03T13:24:01.733+0000] {logging_mixin.py:188} INFO - [2026-06-03T13:24:01.732+0000] {dagbag.py:538} INFO - Filling up the DagBag from /home/airflow/.local/lib/python3.8/site-packages/airflow/example_dags/tutorial_dag.py
[2026-06-03T13:24:01.736+0000] {processor.py:840} INFO - DAG(s) 'tutorial_dag' retrieved from /home/airflow/.local/lib/python3.8/site-packages/airflow/example_dags/tutorial_dag.py
[2026-06-03T13:24:01.749+0000] {logging_mixin.py:188} INFO - [2026-06-03T13:24:01.749+0000] {dag.py:3033} INFO - Sync 1 DAGs
[2026-06-03T13:24:01.756+0000] {logging_mixin.py:188} INFO - [2026-06-03T13:24:01.756+0000] {dag.py:3820} INFO - Setting next_dagrun for tutorial_dag to None, run_after=None
[2026-06-03T13:24:01.779+0000] {processor.py:183} INFO - Processing /home/airflow/.local/lib/python3.8/site-packages/airflow/example_dags/tutorial_dag.py took 0.052 seconds
[2026-06-03T13:24:32.445+0000] {processor.py:161} INFO - Started process (PID=1173) to work on /home/airflow/.local/lib/python3.8/site-packages/airflow/example_dags/tutorial_dag.py
[2026-06-03T13:24:32.446+0000] {processor.py:830} INFO - Processing file /home/airflow/.local/lib/python3.8/site-packages/airflow/example_dags/tutorial_dag.py for tasks to queue
[2026-06-03T13:24:32.449+0000] {logging_mixin.py:188} INFO - [2026-06-03T13:24:32.448+0000] {dagbag.py:538} INFO - Filling up the DagBag from /home/airflow/.local/lib/python3.8/site-packages/airflow/example_dags/tutorial_dag.py
[2026-06-03T13:24:32.454+0000] {processor.py:840} INFO - DAG(s) 'tutorial_dag' retrieved from /home/airflow/.local/lib/python3.8/site-packages/airflow/example_dags/tutorial_dag.py
[2026-06-03T13:24:32.469+0000] {logging_mixin.py:188} INFO - [2026-06-03T13:24:32.469+0000] {dag.py:3033} INFO - Sync 1 DAGs
[2026-06-03T13:24:32.478+0000] {logging_mixin.py:188} INFO - [2026-06-03T13:24:32.478+0000] {dag.py:3820} INFO - Setting next_dagrun for tutorial_dag to None, run_after=None
[2026-06-03T13:24:32.490+0000] {processor.py:183} INFO - Processing /home/airflow/.local/lib/python3.8/site-packages/airflow/example_dags/tutorial_dag.py took 0.049 seconds
[2026-06-03T13:25:03.037+0000] {processor.py:161} INFO - Started process (PID=1229) to work on /home/airflow/.local/lib/python3.8/site-packages/airflow/example_dags/tutorial_dag.py
[2026-06-03T13:25:03.038+0000] {processor.py:830} INFO - Processing file /home/airflow/.local/lib/python3.8/site-packages/airflow/example_dags/tutorial_dag.py for tasks to queue
[2026-06-03T13:25:03.040+0000] {logging_mixin.py:188} INFO - [2026-06-03T13:25:03.040+0000] {dagbag.py:538} INFO - Filling up the DagBag from /home/airflow/.local/lib/python3.8/site-packages/airflow/example_dags/tutorial_dag.py
[2026-06-03T13:25:03.044+0000] {processor.py:840} INFO - DAG(s) 'tutorial_dag' retrieved from /home/airflow/.local/lib/python3.8/site-packages/airflow/example_dags/tutorial_dag.py
[2026-06-03T13:25:03.059+0000] {logging_mixin.py:188} INFO - [2026-06-03T13:25:03.059+0000] {dag.py:3033} INFO - Sync 1 DAGs
[2026-06-03T13:25:03.065+0000] {logging_mixin.py:188} INFO - [2026-06-03T13:25:03.065+0000] {dag.py:3820} INFO - Setting next_dagrun for tutorial_dag to None, run_after=None
[2026-06-03T13:25:03.072+0000] {processor.py:183} INFO - Processing /home/airflow/.local/lib/python3.8/site-packages/airflow/example_dags/tutorial_dag.py took 0.037 seconds
[2026-06-03T13:25:33.857+0000] {processor.py:161} INFO - Started process (PID=1286) to work on /home/airflow/.local/lib/python3.8/site-packages/airflow/example_dags/tutorial_dag.py
[2026-06-03T13:25:33.858+0000] {processor.py:830} INFO - Processing file /home/airflow/.local/lib/python3.8/site-packages/airflow/example_dags/tutorial_dag.py for tasks to queue
[2026-06-03T13:25:33.859+0000] {logging_mixin.py:188} INFO - [2026-06-03T13:25:33.859+0000] {dagbag.py:538} INFO - Filling up the DagBag from /home/airflow/.local/lib/python3.8/site-packages/airflow/example_dags/tutorial_dag.py
[2026-06-03T13:25:33.863+0000] {processor.py:840} INFO - DAG(s) 'tutorial_dag' retrieved from /home/airflow/.local/lib/python3.8/site-packages/airflow/example_dags/tutorial_dag.py
[2026-06-03T13:25:33.879+0000] {logging_mixin.py:188} INFO - [2026-06-03T13:25:33.879+0000] {dag.py:3033} INFO - Sync 1 DAGs
[2026-06-03T13:25:33.884+0000] {logging_mixin.py:188} INFO - [2026-06-03T13:25:33.884+0000] {dag.py:3820} INFO - Setting next_dagrun for tutorial_dag to None, run_after=None
[2026-06-03T13:25:33.895+0000] {processor.py:183} INFO - Processing /home/airflow/.local/lib/python3.8/site-packages/airflow/example_dags/tutorial_dag.py took 0.040 seconds
[2026-06-03T13:26:04.125+0000] {processor.py:161} INFO - Started process (PID=1342) to work on /home/airflow/.local/lib/python3.8/site-packages/airflow/example_dags/tutorial_dag.py
[2026-06-03T13:26:04.125+0000] {processor.py:830} INFO - Processing file /home/airflow/.local/lib/python3.8/site-packages/airflow/example_dags/tutorial_dag.py for tasks to queue
[2026-06-03T13:26:04.127+0000] {logging_mixin.py:188} INFO - [2026-06-03T13:26:04.126+0000] {dagbag.py:538} INFO - Filling up the DagBag from /home/airflow/.local/lib/python3.8/site-packages/airflow/example_dags/tutorial_dag.py
[2026-06-03T13:26:04.130+0000] {processor.py:840} INFO - DAG(s) 'tutorial_dag' retrieved from /home/airflow/.local/lib/python3.8/site-packages/airflow/example_dags/tutorial_dag.py
[2026-06-03T13:26:04.137+0000] {logging_mixin.py:188} INFO - [2026-06-03T13:26:04.137+0000] {dag.py:3033} INFO - Sync 1 DAGs
[2026-06-03T13:26:04.142+0000] {logging_mixin.py:188} INFO - [2026-06-03T13:26:04.142+0000] {dag.py:3820} INFO - Setting next_dagrun for tutorial_dag to None, run_after=None
[2026-06-03T13:26:04.148+0000] {processor.py:183} INFO - Processing /home/airflow/.local/lib/python3.8/site-packages/airflow/example_dags/tutorial_dag.py took 0.025 seconds
[2026-06-03T13:26:34.415+0000] {processor.py:161} INFO - Started process (PID=1398) to work on /home/airflow/.local/lib/python3.8/site-packages/airflow/example_dags/tutorial_dag.py
[2026-06-03T13:26:34.416+0000] {processor.py:830} INFO - Processing file /home/airflow/.local/lib/python3.8/site-packages/airflow/example_dags/tutorial_dag.py for tasks to queue
[2026-06-03T13:26:34.417+0000] {logging_mixin.py:188} INFO - [2026-06-03T13:26:34.417+0000] {dagbag.py:538} INFO - Filling up the DagBag from /home/airflow/.local/lib/python3.8/site-packages/airflow/example_dags/tutorial_dag.py
[2026-06-03T13:26:34.421+0000] {processor.py:840} INFO - DAG(s) 'tutorial_dag' retrieved from /home/airflow/.local/lib/python3.8/site-packages/airflow/example_dags/tutorial_dag.py
[2026-06-03T13:26:34.436+0000] {logging_mixin.py:188} INFO - [2026-06-03T13:26:34.436+0000] {dag.py:3033} INFO - Sync 1 DAGs
[2026-06-03T13:26:34.443+0000] {logging_mixin.py:188} INFO - [2026-06-03T13:26:34.443+0000] {dag.py:3820} INFO - Setting next_dagrun for tutorial_dag to None, run_after=None
[2026-06-03T13:26:34.455+0000] {processor.py:183} INFO - Processing /home/airflow/.local/lib/python3.8/site-packages/airflow/example_dags/tutorial_dag.py took 0.044 seconds
[2026-06-03T13:27:04.612+0000] {processor.py:161} INFO - Started process (PID=1454) to work on /home/airflow/.local/lib/python3.8/site-packages/airflow/example_dags/tutorial_dag.py
[2026-06-03T13:27:04.613+0000] {processor.py:830} INFO - Processing file /home/airflow/.local/lib/python3.8/site-packages/airflow/example_dags/tutorial_dag.py for tasks to queue
[2026-06-03T13:27:04.614+0000] {logging_mixin.py:188} INFO - [2026-06-03T13:27:04.614+0000] {dagbag.py:538} INFO - Filling up the DagBag from /home/airflow/.local/lib/python3.8/site-packages/airflow/example_dags/tutorial_dag.py
[2026-06-03T13:27:04.617+0000] {processor.py:840} INFO - DAG(s) 'tutorial_dag' retrieved from /home/airflow/.local/lib/python3.8/site-packages/airflow/example_dags/tutorial_dag.py
[2026-06-03T13:27:04.625+0000] {logging_mixin.py:188} INFO - [2026-06-03T13:27:04.625+0000] {dag.py:3033} INFO - Sync 1 DAGs
[2026-06-03T13:27:04.630+0000] {logging_mixin.py:188} INFO - [2026-06-03T13:27:04.630+0000] {dag.py:3820} INFO - Setting next_dagrun for tutorial_dag to None, run_after=None
[2026-06-03T13:27:04.640+0000] {processor.py:183} INFO - Processing /home/airflow/.local/lib/python3.8/site-packages/airflow/example_dags/tutorial_dag.py took 0.029 seconds
[2026-06-03T13:27:35.166+0000] {processor.py:161} INFO - Started process (PID=1510) to work on /home/airflow/.local/lib/python3.8/site-packages/airflow/example_dags/tutorial_dag.py
[2026-06-03T13:27:35.167+0000] {processor.py:830} INFO - Processing file /home/airflow/.local/lib/python3.8/site-packages/airflow/example_dags/tutorial_dag.py for tasks to queue
[2026-06-03T13:27:35.168+0000] {logging_mixin.py:188} INFO - [2026-06-03T13:27:35.168+0000] {dagbag.py:538} INFO - Filling up the DagBag from /home/airflow/.local/lib/python3.8/site-packages/airflow/example_dags/tutorial_dag.py
[2026-06-03T13:27:35.171+0000] {processor.py:840} INFO - DAG(s) 'tutorial_dag' retrieved from /home/airflow/.local/lib/python3.8/site-packages/airflow/example_dags/tutorial_dag.py
[2026-06-03T13:27:35.186+0000] {logging_mixin.py:188} INFO - [2026-06-03T13:27:35.186+0000] {dag.py:3033} INFO - Sync 1 DAGs
[2026-06-03T13:27:35.196+0000] {logging_mixin.py:188} INFO - [2026-06-03T13:27:35.196+0000] {dag.py:3820} INFO - Setting next_dagrun for tutorial_dag to None, run_after=None
[2026-06-03T13:27:35.211+0000] {processor.py:183} INFO - Processing /home/airflow/.local/lib/python3.8/site-packages/airflow/example_dags/tutorial_dag.py took 0.048 seconds
[2026-06-03T13:28:06.199+0000] {processor.py:161} INFO - Started process (PID=1566) to work on /home/airflow/.local/lib/python3.8/site-packages/airflow/example_dags/tutorial_dag.py
[2026-06-03T13:28:06.200+0000] {processor.py:830} INFO - Processing file /home/airflow/.local/lib/python3.8/site-packages/airflow/example_dags/tutorial_dag.py for tasks to queue
[2026-06-03T13:28:06.202+0000] {logging_mixin.py:188} INFO - [2026-06-03T13:28:06.202+0000] {dagbag.py:538} INFO - Filling up the DagBag from /home/airflow/.local/lib/python3.8/site-packages/airflow/example_dags/tutorial_dag.py
[2026-06-03T13:28:06.206+0000] {processor.py:840} INFO - DAG(s) 'tutorial_dag' retrieved from /home/airflow/.local/lib/python3.8/site-packages/airflow/example_dags/tutorial_dag.py
[2026-06-03T13:28:06.222+0000] {logging_mixin.py:188} INFO - [2026-06-03T13:28:06.222+0000] {dag.py:3033} INFO - Sync 1 DAGs
[2026-06-03T13:28:06.231+0000] {logging_mixin.py:188} INFO - [2026-06-03T13:28:06.230+0000] {dag.py:3820} INFO - Setting next_dagrun for tutorial_dag to None, run_after=None
[2026-06-03T13:28:06.244+0000] {processor.py:183} INFO - Processing /home/airflow/.local/lib/python3.8/site-packages/airflow/example_dags/tutorial_dag.py took 0.049 seconds
[2026-06-03T13:28:36.434+0000] {processor.py:161} INFO - Started process (PID=1622) to work on /home/airflow/.local/lib/python3.8/site-packages/airflow/example_dags/tutorial_dag.py
[2026-06-03T13:28:36.435+0000] {processor.py:830} INFO - Processing file /home/airflow/.local/lib/python3.8/site-packages/airflow/example_dags/tutorial_dag.py for tasks to queue
[2026-06-03T13:28:36.438+0000] {logging_mixin.py:188} INFO - [2026-06-03T13:28:36.437+0000] {dagbag.py:538} INFO - Filling up the DagBag from /home/airflow/.local/lib/python3.8/site-packages/airflow/example_dags/tutorial_dag.py
[2026-06-03T13:28:36.444+0000] {processor.py:840} INFO - DAG(s) 'tutorial_dag' retrieved from /home/airflow/.local/lib/python3.8/site-packages/airflow/example_dags/tutorial_dag.py
[2026-06-03T13:28:36.465+0000] {logging_mixin.py:188} INFO - [2026-06-03T13:28:36.465+0000] {dag.py:3033} INFO - Sync 1 DAGs
[2026-06-03T13:28:36.474+0000] {logging_mixin.py:188} INFO - [2026-06-03T13:28:36.474+0000] {dag.py:3820} INFO - Setting next_dagrun for tutorial_dag to None, run_after=None
[2026-06-03T13:28:36.487+0000] {processor.py:183} INFO - Processing /home/airflow/.local/lib/python3.8/site-packages/airflow/example_dags/tutorial_dag.py took 0.058 seconds
[2026-06-03T13:29:06.586+0000] {processor.py:161} INFO - Started process (PID=1678) to work on /home/airflow/.local/lib/python3.8/site-packages/airflow/example_dags/tutorial_dag.py
[2026-06-03T13:29:06.587+0000] {processor.py:830} INFO - Processing file /home/airflow/.local/lib/python3.8/site-packages/airflow/example_dags/tutorial_dag.py for tasks to queue
[2026-06-03T13:29:06.589+0000] {logging_mixin.py:188} INFO - [2026-06-03T13:29:06.589+0000] {dagbag.py:538} INFO - Filling up the DagBag from /home/airflow/.local/lib/python3.8/site-packages/airflow/example_dags/tutorial_dag.py
[2026-06-03T13:29:06.595+0000] {processor.py:840} INFO - DAG(s) 'tutorial_dag' retrieved from /home/airflow/.local/lib/python3.8/site-packages/airflow/example_dags/tutorial_dag.py
[2026-06-03T13:29:06.613+0000] {logging_mixin.py:188} INFO - [2026-06-03T13:29:06.613+0000] {dag.py:3033} INFO - Sync 1 DAGs
[2026-06-03T13:29:06.619+0000] {logging_mixin.py:188} INFO - [2026-06-03T13:29:06.619+0000] {dag.py:3820} INFO - Setting next_dagrun for tutorial_dag to None, run_after=None
[2026-06-03T13:29:06.630+0000] {processor.py:183} INFO - Processing /home/airflow/.local/lib/python3.8/site-packages/airflow/example_dags/tutorial_dag.py took 0.047 seconds
[2026-06-03T13:29:37.115+0000] {processor.py:161} INFO - Started process (PID=1734) to work on /home/airflow/.local/lib/python3.8/site-packages/airflow/example_dags/tutorial_dag.py
[2026-06-03T13:29:37.124+0000] {processor.py:830} INFO - Processing file /home/airflow/.local/lib/python3.8/site-packages/airflow/example_dags/tutorial_dag.py for tasks to queue
[2026-06-03T13:29:37.138+0000] {logging_mixin.py:188} INFO - [2026-06-03T13:29:37.137+0000] {dagbag.py:538} INFO - Filling up the DagBag from /home/airflow/.local/lib/python3.8/site-packages/airflow/example_dags/tutorial_dag.py
[2026-06-03T13:29:37.149+0000] {processor.py:840} INFO - DAG(s) 'tutorial_dag' retrieved from /home/airflow/.local/lib/python3.8/site-packages/airflow/example_dags/tutorial_dag.py
[2026-06-03T13:29:37.198+0000] {logging_mixin.py:188} INFO - [2026-06-03T13:29:37.198+0000] {dag.py:3033} INFO - Sync 1 DAGs
[2026-06-03T13:29:37.221+0000] {logging_mixin.py:188} INFO - [2026-06-03T13:29:37.221+0000] {dag.py:3820} INFO - Setting next_dagrun for tutorial_dag to None, run_after=None
[2026-06-03T13:29:37.248+0000] {processor.py:183} INFO - Processing /home/airflow/.local/lib/python3.8/site-packages/airflow/example_dags/tutorial_dag.py took 0.147 seconds
[2026-06-03T13:30:07.874+0000] {processor.py:161} INFO - Started process (PID=1790) to work on /home/airflow/.local/lib/python3.8/site-packages/airflow/example_dags/tutorial_dag.py
[2026-06-03T13:30:07.877+0000] {processor.py:830} INFO - Processing file /home/airflow/.local/lib/python3.8/site-packages/airflow/example_dags/tutorial_dag.py for tasks to queue
[2026-06-03T13:30:07.881+0000] {logging_mixin.py:188} INFO - [2026-06-03T13:30:07.881+0000] {dagbag.py:538} INFO - Filling up the DagBag from /home/airflow/.local/lib/python3.8/site-packages/airflow/example_dags/tutorial_dag.py
[2026-06-03T13:30:07.895+0000] {processor.py:840} INFO - DAG(s) 'tutorial_dag' retrieved from /home/airflow/.local/lib/python3.8/site-packages/airflow/example_dags/tutorial_dag.py
[2026-06-03T13:30:07.917+0000] {logging_mixin.py:188} INFO - [2026-06-03T13:30:07.916+0000] {dag.py:3033} INFO - Sync 1 DAGs
[2026-06-03T13:30:07.926+0000] {logging_mixin.py:188} INFO - [2026-06-03T13:30:07.926+0000] {dag.py:3820} INFO - Setting next_dagrun for tutorial_dag to None, run_after=None
[2026-06-03T13:30:07.945+0000] {processor.py:183} INFO - Processing /home/airflow/.local/lib/python3.8/site-packages/airflow/example_dags/tutorial_dag.py took 0.083 seconds
[2026-06-03T13:30:38.121+0000] {processor.py:161} INFO - Started process (PID=1846) to work on /home/airflow/.local/lib/python3.8/site-packages/airflow/example_dags/tutorial_dag.py
[2026-06-03T13:30:38.124+0000] {processor.py:830} INFO - Processing file /home/airflow/.local/lib/python3.8/site-packages/airflow/example_dags/tutorial_dag.py for tasks to queue
[2026-06-03T13:30:38.137+0000] {logging_mixin.py:188} INFO - [2026-06-03T13:30:38.134+0000] {dagbag.py:538} INFO - Filling up the DagBag from /home/airflow/.local/lib/python3.8/site-packages/airflow/example_dags/tutorial_dag.py
[2026-06-03T13:30:38.159+0000] {processor.py:840} INFO - DAG(s) 'tutorial_dag' retrieved from /home/airflow/.local/lib/python3.8/site-packages/airflow/example_dags/tutorial_dag.py
[2026-06-03T13:30:38.197+0000] {logging_mixin.py:188} INFO - [2026-06-03T13:30:38.197+0000] {dag.py:3033} INFO - Sync 1 DAGs
[2026-06-03T13:30:38.226+0000] {logging_mixin.py:188} INFO - [2026-06-03T13:30:38.226+0000] {dag.py:3820} INFO - Setting next_dagrun for tutorial_dag to None, run_after=None
[2026-06-03T13:30:38.264+0000] {processor.py:183} INFO - Processing /home/airflow/.local/lib/python3.8/site-packages/airflow/example_dags/tutorial_dag.py took 0.167 seconds
[2026-06-03T13:31:08.419+0000] {processor.py:161} INFO - Started process (PID=1902) to work on /home/airflow/.local/lib/python3.8/site-packages/airflow/example_dags/tutorial_dag.py
[2026-06-03T13:31:08.420+0000] {processor.py:830} INFO - Processing file /home/airflow/.local/lib/python3.8/site-packages/airflow/example_dags/tutorial_dag.py for tasks to queue
[2026-06-03T13:31:08.422+0000] {logging_mixin.py:188} INFO - [2026-06-03T13:31:08.421+0000] {dagbag.py:538} INFO - Filling up the DagBag from /home/airflow/.local/lib/python3.8/site-packages/airflow/example_dags/tutorial_dag.py
[2026-06-03T13:31:08.424+0000] {processor.py:840} INFO - DAG(s) 'tutorial_dag' retrieved from /home/airflow/.local/lib/python3.8/site-packages/airflow/example_dags/tutorial_dag.py
[2026-06-03T13:31:08.442+0000] {logging_mixin.py:188} INFO - [2026-06-03T13:31:08.441+0000] {dag.py:3033} INFO - Sync 1 DAGs
[2026-06-03T13:31:08.455+0000] {logging_mixin.py:188} INFO - [2026-06-03T13:31:08.455+0000] {dag.py:3820} INFO - Setting next_dagrun for tutorial_dag to None, run_after=None
[2026-06-03T13:31:08.473+0000] {processor.py:183} INFO - Processing /home/airflow/.local/lib/python3.8/site-packages/airflow/example_dags/tutorial_dag.py took 0.056 seconds
[2026-06-03T13:31:38.954+0000] {processor.py:161} INFO - Started process (PID=1958) to work on /home/airflow/.local/lib/python3.8/site-packages/airflow/example_dags/tutorial_dag.py
[2026-06-03T13:31:38.956+0000] {processor.py:830} INFO - Processing file /home/airflow/.local/lib/python3.8/site-packages/airflow/example_dags/tutorial_dag.py for tasks to queue
[2026-06-03T13:31:38.963+0000] {logging_mixin.py:188} INFO - [2026-06-03T13:31:38.963+0000] {dagbag.py:538} INFO - Filling up the DagBag from /home/airflow/.local/lib/python3.8/site-packages/airflow/example_dags/tutorial_dag.py
[2026-06-03T13:31:38.971+0000] {processor.py:840} INFO - DAG(s) 'tutorial_dag' retrieved from /home/airflow/.local/lib/python3.8/site-packages/airflow/example_dags/tutorial_dag.py
[2026-06-03T13:31:38.996+0000] {logging_mixin.py:188} INFO - [2026-06-03T13:31:38.996+0000] {dag.py:3033} INFO - Sync 1 DAGs
[2026-06-03T13:31:39.011+0000] {logging_mixin.py:188} INFO - [2026-06-03T13:31:39.011+0000] {dag.py:3820} INFO - Setting next_dagrun for tutorial_dag to None, run_after=None
[2026-06-03T13:31:39.030+0000] {processor.py:183} INFO - Processing /home/airflow/.local/lib/python3.8/site-packages/airflow/example_dags/tutorial_dag.py took 0.085 seconds
[2026-06-03T13:32:09.142+0000] {processor.py:161} INFO - Started process (PID=2014) to work on /home/airflow/.local/lib/python3.8/site-packages/airflow/example_dags/tutorial_dag.py
[2026-06-03T13:32:09.143+0000] {processor.py:830} INFO - Processing file /home/airflow/.local/lib/python3.8/site-packages/airflow/example_dags/tutorial_dag.py for tasks to queue
[2026-06-03T13:32:09.148+0000] {logging_mixin.py:188} INFO - [2026-06-03T13:32:09.147+0000] {dagbag.py:538} INFO - Filling up the DagBag from /home/airflow/.local/lib/python3.8/site-packages/airflow/example_dags/tutorial_dag.py
[2026-06-03T13:32:09.175+0000] {processor.py:840} INFO - DAG(s) 'tutorial_dag' retrieved from /home/airflow/.local/lib/python3.8/site-packages/airflow/example_dags/tutorial_dag.py
[2026-06-03T13:32:09.204+0000] {logging_mixin.py:188} INFO - [2026-06-03T13:32:09.204+0000] {dag.py:3033} INFO - Sync 1 DAGs
[2026-06-03T13:32:09.226+0000] {logging_mixin.py:188} INFO - [2026-06-03T13:32:09.225+0000] {dag.py:3820} INFO - Setting next_dagrun for tutorial_dag to None, run_after=None
[2026-06-03T13:32:09.241+0000] {processor.py:183} INFO - Processing /home/airflow/.local/lib/python3.8/site-packages/airflow/example_dags/tutorial_dag.py took 0.113 seconds
[2026-06-03T13:32:40.206+0000] {processor.py:161} INFO - Started process (PID=2070) to work on /home/airflow/.local/lib/python3.8/site-packages/airflow/example_dags/tutorial_dag.py
[2026-06-03T13:32:40.207+0000] {processor.py:830} INFO - Processing file /home/airflow/.local/lib/python3.8/site-packages/airflow/example_dags/tutorial_dag.py for tasks to queue
[2026-06-03T13:32:40.209+0000] {logging_mixin.py:188} INFO - [2026-06-03T13:32:40.209+0000] {dagbag.py:538} INFO - Filling up the DagBag from /home/airflow/.local/lib/python3.8/site-packages/airflow/example_dags/tutorial_dag.py
[2026-06-03T13:32:40.213+0000] {processor.py:840} INFO - DAG(s) 'tutorial_dag' retrieved from /home/airflow/.local/lib/python3.8/site-packages/airflow/example_dags/tutorial_dag.py
[2026-06-03T13:32:40.231+0000] {logging_mixin.py:188} INFO - [2026-06-03T13:32:40.231+0000] {dag.py:3033} INFO - Sync 1 DAGs
[2026-06-03T13:32:40.238+0000] {logging_mixin.py:188} INFO - [2026-06-03T13:32:40.238+0000] {dag.py:3820} INFO - Setting next_dagrun for tutorial_dag to None, run_after=None
[2026-06-03T13:32:40.253+0000] {processor.py:183} INFO - Processing /home/airflow/.local/lib/python3.8/site-packages/airflow/example_dags/tutorial_dag.py took 0.054 seconds
[2026-06-03T13:33:10.590+0000] {processor.py:161} INFO - Started process (PID=2126) to work on /home/airflow/.local/lib/python3.8/site-packages/airflow/example_dags/tutorial_dag.py
[2026-06-03T13:33:10.592+0000] {processor.py:830} INFO - Processing file /home/airflow/.local/lib/python3.8/site-packages/airflow/example_dags/tutorial_dag.py for tasks to queue
[2026-06-03T13:33:10.600+0000] {logging_mixin.py:188} INFO - [2026-06-03T13:33:10.599+0000] {dagbag.py:538} INFO - Filling up the DagBag from /home/airflow/.local/lib/python3.8/site-packages/airflow/example_dags/tutorial_dag.py
[2026-06-03T13:33:10.617+0000] {processor.py:840} INFO - DAG(s) 'tutorial_dag' retrieved from /home/airflow/.local/lib/python3.8/site-packages/airflow/example_dags/tutorial_dag.py
[2026-06-03T13:33:10.664+0000] {logging_mixin.py:188} INFO - [2026-06-03T13:33:10.663+0000] {dag.py:3033} INFO - Sync 1 DAGs
[2026-06-03T13:33:10.689+0000] {logging_mixin.py:188} INFO - [2026-06-03T13:33:10.689+0000] {dag.py:3820} INFO - Setting next_dagrun for tutorial_dag to None, run_after=None
[2026-06-03T13:33:10.706+0000] {processor.py:183} INFO - Processing /home/airflow/.local/lib/python3.8/site-packages/airflow/example_dags/tutorial_dag.py took 0.126 seconds
[2026-06-03T13:33:41.105+0000] {processor.py:161} INFO - Started process (PID=2182) to work on /home/airflow/.local/lib/python3.8/site-packages/airflow/example_dags/tutorial_dag.py
[2026-06-03T13:33:41.108+0000] {processor.py:830} INFO - Processing file /home/airflow/.local/lib/python3.8/site-packages/airflow/example_dags/tutorial_dag.py for tasks to queue
[2026-06-03T13:33:41.114+0000] {logging_mixin.py:188} INFO - [2026-06-03T13:33:41.114+0000] {dagbag.py:538} INFO - Filling up the DagBag from /home/airflow/.local/lib/python3.8/site-packages/airflow/example_dags/tutorial_dag.py
[2026-06-03T13:33:41.124+0000] {processor.py:840} INFO - DAG(s) 'tutorial_dag' retrieved from /home/airflow/.local/lib/python3.8/site-packages/airflow/example_dags/tutorial_dag.py
[2026-06-03T13:33:41.168+0000] {logging_mixin.py:188} INFO - [2026-06-03T13:33:41.168+0000] {dag.py:3033} INFO - Sync 1 DAGs
[2026-06-03T13:33:41.189+0000] {logging_mixin.py:188} INFO - [2026-06-03T13:33:41.189+0000] {dag.py:3820} INFO - Setting next_dagrun for tutorial_dag to None, run_after=None
[2026-06-03T13:33:41.205+0000] {processor.py:183} INFO - Processing /home/airflow/.local/lib/python3.8/site-packages/airflow/example_dags/tutorial_dag.py took 0.121 seconds
[2026-06-03T13:34:12.179+0000] {processor.py:161} INFO - Started process (PID=2238) to work on /home/airflow/.local/lib/python3.8/site-packages/airflow/example_dags/tutorial_dag.py
[2026-06-03T13:34:12.186+0000] {processor.py:830} INFO - Processing file /home/airflow/.local/lib/python3.8/site-packages/airflow/example_dags/tutorial_dag.py for tasks to queue
[2026-06-03T13:34:12.199+0000] {logging_mixin.py:188} INFO - [2026-06-03T13:34:12.199+0000] {dagbag.py:538} INFO - Filling up the DagBag from /home/airflow/.local/lib/python3.8/site-packages/airflow/example_dags/tutorial_dag.py
[2026-06-03T13:34:12.215+0000] {processor.py:840} INFO - DAG(s) 'tutorial_dag' retrieved from /home/airflow/.local/lib/python3.8/site-packages/airflow/example_dags/tutorial_dag.py
[2026-06-03T13:34:12.246+0000] {logging_mixin.py:188} INFO - [2026-06-03T13:34:12.246+0000] {dag.py:3033} INFO - Sync 1 DAGs
[2026-06-03T13:34:12.256+0000] {logging_mixin.py:188} INFO - [2026-06-03T13:34:12.256+0000] {dag.py:3820} INFO - Setting next_dagrun for tutorial_dag to None, run_after=None
[2026-06-03T13:34:12.272+0000] {processor.py:183} INFO - Processing /home/airflow/.local/lib/python3.8/site-packages/airflow/example_dags/tutorial_dag.py took 0.110 seconds
[2026-06-03T13:34:43.022+0000] {processor.py:161} INFO - Started process (PID=2294) to work on /home/airflow/.local/lib/python3.8/site-packages/airflow/example_dags/tutorial_dag.py
[2026-06-03T13:34:43.026+0000] {processor.py:830} INFO - Processing file /home/airflow/.local/lib/python3.8/site-packages/airflow/example_dags/tutorial_dag.py for tasks to queue
[2026-06-03T13:34:43.038+0000] {logging_mixin.py:188} INFO - [2026-06-03T13:34:43.036+0000] {dagbag.py:538} INFO - Filling up the DagBag from /home/airflow/.local/lib/python3.8/site-packages/airflow/example_dags/tutorial_dag.py
[2026-06-03T13:34:43.064+0000] {processor.py:840} INFO - DAG(s) 'tutorial_dag' retrieved from /home/airflow/.local/lib/python3.8/site-packages/airflow/example_dags/tutorial_dag.py
[2026-06-03T13:34:43.121+0000] {logging_mixin.py:188} INFO - [2026-06-03T13:34:43.121+0000] {dag.py:3033} INFO - Sync 1 DAGs
[2026-06-03T13:34:43.136+0000] {logging_mixin.py:188} INFO - [2026-06-03T13:34:43.136+0000] {dag.py:3820} INFO - Setting next_dagrun for tutorial_dag to None, run_after=None
[2026-06-03T13:34:43.163+0000] {processor.py:183} INFO - Processing /home/airflow/.local/lib/python3.8/site-packages/airflow/example_dags/tutorial_dag.py took 0.159 seconds
[2026-06-03T13:35:13.644+0000] {processor.py:161} INFO - Started process (PID=2350) to work on /home/airflow/.local/lib/python3.8/site-packages/airflow/example_dags/tutorial_dag.py
[2026-06-03T13:35:13.651+0000] {processor.py:830} INFO - Processing file /home/airflow/.local/lib/python3.8/site-packages/airflow/example_dags/tutorial_dag.py for tasks to queue
[2026-06-03T13:35:13.658+0000] {logging_mixin.py:188} INFO - [2026-06-03T13:35:13.658+0000] {dagbag.py:538} INFO - Filling up the DagBag from /home/airflow/.local/lib/python3.8/site-packages/airflow/example_dags/tutorial_dag.py
[2026-06-03T13:35:13.675+0000] {processor.py:840} INFO - DAG(s) 'tutorial_dag' retrieved from /home/airflow/.local/lib/python3.8/site-packages/airflow/example_dags/tutorial_dag.py
[2026-06-03T13:35:13.730+0000] {logging_mixin.py:188} INFO - [2026-06-03T13:35:13.729+0000] {dag.py:3033} INFO - Sync 1 DAGs
[2026-06-03T13:35:13.743+0000] {logging_mixin.py:188} INFO - [2026-06-03T13:35:13.743+0000] {dag.py:3820} INFO - Setting next_dagrun for tutorial_dag to None, run_after=None
[2026-06-03T13:35:13.775+0000] {processor.py:183} INFO - Processing /home/airflow/.local/lib/python3.8/site-packages/airflow/example_dags/tutorial_dag.py took 0.144 seconds
[2026-06-03T13:35:44.198+0000] {processor.py:161} INFO - Started process (PID=2406) to work on /home/airflow/.local/lib/python3.8/site-packages/airflow/example_dags/tutorial_dag.py
[2026-06-03T13:35:44.200+0000] {processor.py:830} INFO - Processing file /home/airflow/.local/lib/python3.8/site-packages/airflow/example_dags/tutorial_dag.py for tasks to queue
[2026-06-03T13:35:44.205+0000] {logging_mixin.py:188} INFO - [2026-06-03T13:35:44.204+0000] {dagbag.py:538} INFO - Filling up the DagBag from /home/airflow/.local/lib/python3.8/site-packages/airflow/example_dags/tutorial_dag.py
[2026-06-03T13:35:44.226+0000] {processor.py:840} INFO - DAG(s) 'tutorial_dag' retrieved from /home/airflow/.local/lib/python3.8/site-packages/airflow/example_dags/tutorial_dag.py
[2026-06-03T13:35:44.262+0000] {logging_mixin.py:188} INFO - [2026-06-03T13:35:44.262+0000] {dag.py:3033} INFO - Sync 1 DAGs
[2026-06-03T13:35:44.282+0000] {logging_mixin.py:188} INFO - [2026-06-03T13:35:44.282+0000] {dag.py:3820} INFO - Setting next_dagrun for tutorial_dag to None, run_after=None
[2026-06-03T13:35:44.300+0000] {processor.py:183} INFO - Processing /home/airflow/.local/lib/python3.8/site-packages/airflow/example_dags/tutorial_dag.py took 0.110 seconds
[2026-06-03T13:36:14.649+0000] {processor.py:161} INFO - Started process (PID=2462) to work on /home/airflow/.local/lib/python3.8/site-packages/airflow/example_dags/tutorial_dag.py
[2026-06-03T13:36:14.652+0000] {processor.py:830} INFO - Processing file /home/airflow/.local/lib/python3.8/site-packages/airflow/example_dags/tutorial_dag.py for tasks to queue
[2026-06-03T13:36:14.658+0000] {logging_mixin.py:188} INFO - [2026-06-03T13:36:14.657+0000] {dagbag.py:538} INFO - Filling up the DagBag from /home/airflow/.local/lib/python3.8/site-packages/airflow/example_dags/tutorial_dag.py
[2026-06-03T13:36:14.672+0000] {processor.py:840} INFO - DAG(s) 'tutorial_dag' retrieved from /home/airflow/.local/lib/python3.8/site-packages/airflow/example_dags/tutorial_dag.py
[2026-06-03T13:36:14.703+0000] {logging_mixin.py:188} INFO - [2026-06-03T13:36:14.703+0000] {dag.py:3033} INFO - Sync 1 DAGs
[2026-06-03T13:36:14.713+0000] {logging_mixin.py:188} INFO - [2026-06-03T13:36:14.713+0000] {dag.py:3820} INFO - Setting next_dagrun for tutorial_dag to None, run_after=None
[2026-06-03T13:36:14.739+0000] {processor.py:183} INFO - Processing /home/airflow/.local/lib/python3.8/site-packages/airflow/example_dags/tutorial_dag.py took 0.102 seconds
[2026-06-03T13:36:45.149+0000] {processor.py:161} INFO - Started process (PID=2518) to work on /home/airflow/.local/lib/python3.8/site-packages/airflow/example_dags/tutorial_dag.py
[2026-06-03T13:36:45.151+0000] {processor.py:830} INFO - Processing file /home/airflow/.local/lib/python3.8/site-packages/airflow/example_dags/tutorial_dag.py for tasks to queue
[2026-06-03T13:36:45.154+0000] {logging_mixin.py:188} INFO - [2026-06-03T13:36:45.154+0000] {dagbag.py:538} INFO - Filling up the DagBag from /home/airflow/.local/lib/python3.8/site-packages/airflow/example_dags/tutorial_dag.py
[2026-06-03T13:36:45.167+0000] {processor.py:840} INFO - DAG(s) 'tutorial_dag' retrieved from /home/airflow/.local/lib/python3.8/site-packages/airflow/example_dags/tutorial_dag.py
[2026-06-03T13:36:45.186+0000] {logging_mixin.py:188} INFO - [2026-06-03T13:36:45.186+0000] {dag.py:3033} INFO - Sync 1 DAGs
[2026-06-03T13:36:45.196+0000] {logging_mixin.py:188} INFO - [2026-06-03T13:36:45.195+0000] {dag.py:3820} INFO - Setting next_dagrun for tutorial_dag to None, run_after=None
[2026-06-03T13:36:45.479+0000] {processor.py:183} INFO - Processing /home/airflow/.local/lib/python3.8/site-packages/airflow/example_dags/tutorial_dag.py took 0.334 seconds
[2026-06-03T13:37:16.306+0000] {processor.py:161} INFO - Started process (PID=2574) to work on /home/airflow/.local/lib/python3.8/site-packages/airflow/example_dags/tutorial_dag.py
[2026-06-03T13:37:16.310+0000] {processor.py:830} INFO - Processing file /home/airflow/.local/lib/python3.8/site-packages/airflow/example_dags/tutorial_dag.py for tasks to queue
[2026-06-03T13:37:16.330+0000] {logging_mixin.py:188} INFO - [2026-06-03T13:37:16.330+0000] {dagbag.py:538} INFO - Filling up the DagBag from /home/airflow/.local/lib/python3.8/site-packages/airflow/example_dags/tutorial_dag.py
[2026-06-03T13:37:16.342+0000] {processor.py:840} INFO - DAG(s) 'tutorial_dag' retrieved from /home/airflow/.local/lib/python3.8/site-packages/airflow/example_dags/tutorial_dag.py
[2026-06-03T13:37:16.398+0000] {logging_mixin.py:188} INFO - [2026-06-03T13:37:16.398+0000] {dag.py:3033} INFO - Sync 1 DAGs
[2026-06-03T13:37:16.410+0000] {logging_mixin.py:188} INFO - [2026-06-03T13:37:16.410+0000] {dag.py:3820} INFO - Setting next_dagrun for tutorial_dag to None, run_after=None
[2026-06-03T13:37:16.462+0000] {processor.py:183} INFO - Processing /home/airflow/.local/lib/python3.8/site-packages/airflow/example_dags/tutorial_dag.py took 0.164 seconds
[2026-06-03T13:37:47.280+0000] {processor.py:161} INFO - Started process (PID=2630) to work on /home/airflow/.local/lib/python3.8/site-packages/airflow/example_dags/tutorial_dag.py
[2026-06-03T13:37:47.282+0000] {processor.py:830} INFO - Processing file /home/airflow/.local/lib/python3.8/site-packages/airflow/example_dags/tutorial_dag.py for tasks to queue
[2026-06-03T13:37:47.288+0000] {logging_mixin.py:188} INFO - [2026-06-03T13:37:47.288+0000] {dagbag.py:538} INFO - Filling up the DagBag from /home/airflow/.local/lib/python3.8/site-packages/airflow/example_dags/tutorial_dag.py
[2026-06-03T13:37:47.312+0000] {processor.py:840} INFO - DAG(s) 'tutorial_dag' retrieved from /home/airflow/.local/lib/python3.8/site-packages/airflow/example_dags/tutorial_dag.py
[2026-06-03T13:37:47.385+0000] {logging_mixin.py:188} INFO - [2026-06-03T13:37:47.384+0000] {dag.py:3033} INFO - Sync 1 DAGs
[2026-06-03T13:37:47.400+0000] {logging_mixin.py:188} INFO - [2026-06-03T13:37:47.399+0000] {dag.py:3820} INFO - Setting next_dagrun for tutorial_dag to None, run_after=None
[2026-06-03T13:37:47.424+0000] {processor.py:183} INFO - Processing /home/airflow/.local/lib/python3.8/site-packages/airflow/example_dags/tutorial_dag.py took 0.157 seconds
[2026-06-03T13:38:17.556+0000] {processor.py:161} INFO - Started process (PID=2687) to work on /home/airflow/.local/lib/python3.8/site-packages/airflow/example_dags/tutorial_dag.py
[2026-06-03T13:38:17.558+0000] {processor.py:830} INFO - Processing file /home/airflow/.local/lib/python3.8/site-packages/airflow/example_dags/tutorial_dag.py for tasks to queue
[2026-06-03T13:38:17.561+0000] {logging_mixin.py:188} INFO - [2026-06-03T13:38:17.561+0000] {dagbag.py:538} INFO - Filling up the DagBag from /home/airflow/.local/lib/python3.8/site-packages/airflow/example_dags/tutorial_dag.py
[2026-06-03T13:38:17.581+0000] {processor.py:840} INFO - DAG(s) 'tutorial_dag' retrieved from /home/airflow/.local/lib/python3.8/site-packages/airflow/example_dags/tutorial_dag.py
[2026-06-03T13:38:17.975+0000] {logging_mixin.py:188} INFO - [2026-06-03T13:38:17.975+0000] {dag.py:3033} INFO - Sync 1 DAGs
[2026-06-03T13:38:17.986+0000] {logging_mixin.py:188} INFO - [2026-06-03T13:38:17.986+0000] {dag.py:3820} INFO - Setting next_dagrun for tutorial_dag to None, run_after=None
[2026-06-03T13:38:18.015+0000] {processor.py:183} INFO - Processing /home/airflow/.local/lib/python3.8/site-packages/airflow/example_dags/tutorial_dag.py took 0.465 seconds
