[2026-06-04T06:36:37.118+0000] {processor.py:161} INFO - Started process (PID=77) to work on /home/airflow/.local/lib/python3.8/site-packages/airflow/example_dags/example_latest_only_with_trigger.py
[2026-06-04T06:36:37.120+0000] {processor.py:830} INFO - Processing file /home/airflow/.local/lib/python3.8/site-packages/airflow/example_dags/example_latest_only_with_trigger.py for tasks to queue
[2026-06-04T06:36:37.122+0000] {logging_mixin.py:188} INFO - [2026-06-04T06:36:37.122+0000] {dagbag.py:538} INFO - Filling up the DagBag from /home/airflow/.local/lib/python3.8/site-packages/airflow/example_dags/example_latest_only_with_trigger.py
[2026-06-04T06:36:37.137+0000] {processor.py:840} INFO - DAG(s) 'latest_only_with_trigger' retrieved from /home/airflow/.local/lib/python3.8/site-packages/airflow/example_dags/example_latest_only_with_trigger.py
[2026-06-04T06:36:37.172+0000] {logging_mixin.py:188} INFO - [2026-06-04T06:36:37.171+0000] {dag.py:3033} INFO - Sync 1 DAGs
[2026-06-04T06:36:37.209+0000] {logging_mixin.py:188} INFO - [2026-06-04T06:36:37.209+0000] {dag.py:3820} INFO - Setting next_dagrun for latest_only_with_trigger to 2026-06-04T00:00:00+00:00, run_after=2026-06-04T04:00:00+00:00
[2026-06-04T06:36:37.298+0000] {processor.py:183} INFO - Processing /home/airflow/.local/lib/python3.8/site-packages/airflow/example_dags/example_latest_only_with_trigger.py took 0.184 seconds
[2026-06-04T06:37:07.440+0000] {processor.py:161} INFO - Started process (PID=134) to work on /home/airflow/.local/lib/python3.8/site-packages/airflow/example_dags/example_latest_only_with_trigger.py
[2026-06-04T06:37:07.441+0000] {processor.py:830} INFO - Processing file /home/airflow/.local/lib/python3.8/site-packages/airflow/example_dags/example_latest_only_with_trigger.py for tasks to queue
[2026-06-04T06:37:07.444+0000] {logging_mixin.py:188} INFO - [2026-06-04T06:37:07.444+0000] {dagbag.py:538} INFO - Filling up the DagBag from /home/airflow/.local/lib/python3.8/site-packages/airflow/example_dags/example_latest_only_with_trigger.py
[2026-06-04T06:37:07.448+0000] {processor.py:840} INFO - DAG(s) 'latest_only_with_trigger' retrieved from /home/airflow/.local/lib/python3.8/site-packages/airflow/example_dags/example_latest_only_with_trigger.py
[2026-06-04T06:37:07.502+0000] {logging_mixin.py:188} INFO - [2026-06-04T06:37:07.501+0000] {dag.py:3033} INFO - Sync 1 DAGs
[2026-06-04T06:37:07.517+0000] {logging_mixin.py:188} INFO - [2026-06-04T06:37:07.517+0000] {dag.py:3820} INFO - Setting next_dagrun for latest_only_with_trigger to 2026-06-04T00:00:00+00:00, run_after=2026-06-04T04:00:00+00:00
[2026-06-04T06:37:07.535+0000] {processor.py:183} INFO - Processing /home/airflow/.local/lib/python3.8/site-packages/airflow/example_dags/example_latest_only_with_trigger.py took 0.096 seconds
[2026-06-04T06:37:37.965+0000] {processor.py:161} INFO - Started process (PID=190) to work on /home/airflow/.local/lib/python3.8/site-packages/airflow/example_dags/example_latest_only_with_trigger.py
[2026-06-04T06:37:37.966+0000] {processor.py:830} INFO - Processing file /home/airflow/.local/lib/python3.8/site-packages/airflow/example_dags/example_latest_only_with_trigger.py for tasks to queue
[2026-06-04T06:37:37.967+0000] {logging_mixin.py:188} INFO - [2026-06-04T06:37:37.967+0000] {dagbag.py:538} INFO - Filling up the DagBag from /home/airflow/.local/lib/python3.8/site-packages/airflow/example_dags/example_latest_only_with_trigger.py
[2026-06-04T06:37:37.969+0000] {processor.py:840} INFO - DAG(s) 'latest_only_with_trigger' retrieved from /home/airflow/.local/lib/python3.8/site-packages/airflow/example_dags/example_latest_only_with_trigger.py
[2026-06-04T06:37:37.981+0000] {logging_mixin.py:188} INFO - [2026-06-04T06:37:37.981+0000] {dag.py:3033} INFO - Sync 1 DAGs
[2026-06-04T06:37:37.991+0000] {logging_mixin.py:188} INFO - [2026-06-04T06:37:37.991+0000] {dag.py:3820} INFO - Setting next_dagrun for latest_only_with_trigger to 2026-06-04T00:00:00+00:00, run_after=2026-06-04T04:00:00+00:00
[2026-06-04T06:37:38.001+0000] {processor.py:183} INFO - Processing /home/airflow/.local/lib/python3.8/site-packages/airflow/example_dags/example_latest_only_with_trigger.py took 0.037 seconds
[2026-06-04T06:38:08.730+0000] {processor.py:161} INFO - Started process (PID=246) to work on /home/airflow/.local/lib/python3.8/site-packages/airflow/example_dags/example_latest_only_with_trigger.py
[2026-06-04T06:38:08.731+0000] {processor.py:830} INFO - Processing file /home/airflow/.local/lib/python3.8/site-packages/airflow/example_dags/example_latest_only_with_trigger.py for tasks to queue
[2026-06-04T06:38:08.732+0000] {logging_mixin.py:188} INFO - [2026-06-04T06:38:08.732+0000] {dagbag.py:538} INFO - Filling up the DagBag from /home/airflow/.local/lib/python3.8/site-packages/airflow/example_dags/example_latest_only_with_trigger.py
[2026-06-04T06:38:08.735+0000] {processor.py:840} INFO - DAG(s) 'latest_only_with_trigger' retrieved from /home/airflow/.local/lib/python3.8/site-packages/airflow/example_dags/example_latest_only_with_trigger.py
[2026-06-04T06:38:08.750+0000] {logging_mixin.py:188} INFO - [2026-06-04T06:38:08.749+0000] {dag.py:3033} INFO - Sync 1 DAGs
[2026-06-04T06:38:08.758+0000] {logging_mixin.py:188} INFO - [2026-06-04T06:38:08.758+0000] {dag.py:3820} INFO - Setting next_dagrun for latest_only_with_trigger to 2026-06-04T00:00:00+00:00, run_after=2026-06-04T04:00:00+00:00
[2026-06-04T06:38:08.771+0000] {processor.py:183} INFO - Processing /home/airflow/.local/lib/python3.8/site-packages/airflow/example_dags/example_latest_only_with_trigger.py took 0.043 seconds
[2026-06-04T06:38:38.876+0000] {processor.py:161} INFO - Started process (PID=302) to work on /home/airflow/.local/lib/python3.8/site-packages/airflow/example_dags/example_latest_only_with_trigger.py
[2026-06-04T06:38:38.878+0000] {processor.py:830} INFO - Processing file /home/airflow/.local/lib/python3.8/site-packages/airflow/example_dags/example_latest_only_with_trigger.py for tasks to queue
[2026-06-04T06:38:38.879+0000] {logging_mixin.py:188} INFO - [2026-06-04T06:38:38.879+0000] {dagbag.py:538} INFO - Filling up the DagBag from /home/airflow/.local/lib/python3.8/site-packages/airflow/example_dags/example_latest_only_with_trigger.py
[2026-06-04T06:38:38.882+0000] {processor.py:840} INFO - DAG(s) 'latest_only_with_trigger' retrieved from /home/airflow/.local/lib/python3.8/site-packages/airflow/example_dags/example_latest_only_with_trigger.py
[2026-06-04T06:38:38.894+0000] {logging_mixin.py:188} INFO - [2026-06-04T06:38:38.894+0000] {dag.py:3033} INFO - Sync 1 DAGs
[2026-06-04T06:38:38.906+0000] {logging_mixin.py:188} INFO - [2026-06-04T06:38:38.906+0000] {dag.py:3820} INFO - Setting next_dagrun for latest_only_with_trigger to 2026-06-04T00:00:00+00:00, run_after=2026-06-04T04:00:00+00:00
[2026-06-04T06:38:38.920+0000] {processor.py:183} INFO - Processing /home/airflow/.local/lib/python3.8/site-packages/airflow/example_dags/example_latest_only_with_trigger.py took 0.045 seconds
[2026-06-04T06:39:09.627+0000] {processor.py:161} INFO - Started process (PID=357) to work on /home/airflow/.local/lib/python3.8/site-packages/airflow/example_dags/example_latest_only_with_trigger.py
[2026-06-04T06:39:09.628+0000] {processor.py:830} INFO - Processing file /home/airflow/.local/lib/python3.8/site-packages/airflow/example_dags/example_latest_only_with_trigger.py for tasks to queue
[2026-06-04T06:39:09.630+0000] {logging_mixin.py:188} INFO - [2026-06-04T06:39:09.629+0000] {dagbag.py:538} INFO - Filling up the DagBag from /home/airflow/.local/lib/python3.8/site-packages/airflow/example_dags/example_latest_only_with_trigger.py
[2026-06-04T06:39:09.632+0000] {processor.py:840} INFO - DAG(s) 'latest_only_with_trigger' retrieved from /home/airflow/.local/lib/python3.8/site-packages/airflow/example_dags/example_latest_only_with_trigger.py
[2026-06-04T06:39:09.650+0000] {logging_mixin.py:188} INFO - [2026-06-04T06:39:09.650+0000] {dag.py:3033} INFO - Sync 1 DAGs
[2026-06-04T06:39:09.661+0000] {logging_mixin.py:188} INFO - [2026-06-04T06:39:09.661+0000] {dag.py:3820} INFO - Setting next_dagrun for latest_only_with_trigger to 2026-06-04T00:00:00+00:00, run_after=2026-06-04T04:00:00+00:00
[2026-06-04T06:39:09.670+0000] {processor.py:183} INFO - Processing /home/airflow/.local/lib/python3.8/site-packages/airflow/example_dags/example_latest_only_with_trigger.py took 0.045 seconds
[2026-06-04T06:39:40.704+0000] {processor.py:161} INFO - Started process (PID=413) to work on /home/airflow/.local/lib/python3.8/site-packages/airflow/example_dags/example_latest_only_with_trigger.py
[2026-06-04T06:39:40.706+0000] {processor.py:830} INFO - Processing file /home/airflow/.local/lib/python3.8/site-packages/airflow/example_dags/example_latest_only_with_trigger.py for tasks to queue
[2026-06-04T06:39:40.707+0000] {logging_mixin.py:188} INFO - [2026-06-04T06:39:40.707+0000] {dagbag.py:538} INFO - Filling up the DagBag from /home/airflow/.local/lib/python3.8/site-packages/airflow/example_dags/example_latest_only_with_trigger.py
[2026-06-04T06:39:40.710+0000] {processor.py:840} INFO - DAG(s) 'latest_only_with_trigger' retrieved from /home/airflow/.local/lib/python3.8/site-packages/airflow/example_dags/example_latest_only_with_trigger.py
[2026-06-04T06:39:40.719+0000] {logging_mixin.py:188} INFO - [2026-06-04T06:39:40.719+0000] {dag.py:3033} INFO - Sync 1 DAGs
[2026-06-04T06:39:40.730+0000] {logging_mixin.py:188} INFO - [2026-06-04T06:39:40.730+0000] {dag.py:3820} INFO - Setting next_dagrun for latest_only_with_trigger to 2026-06-04T00:00:00+00:00, run_after=2026-06-04T04:00:00+00:00
[2026-06-04T06:39:40.738+0000] {processor.py:183} INFO - Processing /home/airflow/.local/lib/python3.8/site-packages/airflow/example_dags/example_latest_only_with_trigger.py took 0.036 seconds
[2026-06-04T06:40:11.487+0000] {processor.py:161} INFO - Started process (PID=469) to work on /home/airflow/.local/lib/python3.8/site-packages/airflow/example_dags/example_latest_only_with_trigger.py
[2026-06-04T06:40:11.488+0000] {processor.py:830} INFO - Processing file /home/airflow/.local/lib/python3.8/site-packages/airflow/example_dags/example_latest_only_with_trigger.py for tasks to queue
[2026-06-04T06:40:11.489+0000] {logging_mixin.py:188} INFO - [2026-06-04T06:40:11.489+0000] {dagbag.py:538} INFO - Filling up the DagBag from /home/airflow/.local/lib/python3.8/site-packages/airflow/example_dags/example_latest_only_with_trigger.py
[2026-06-04T06:40:11.491+0000] {processor.py:840} INFO - DAG(s) 'latest_only_with_trigger' retrieved from /home/airflow/.local/lib/python3.8/site-packages/airflow/example_dags/example_latest_only_with_trigger.py
[2026-06-04T06:40:11.505+0000] {logging_mixin.py:188} INFO - [2026-06-04T06:40:11.505+0000] {dag.py:3033} INFO - Sync 1 DAGs
[2026-06-04T06:40:11.513+0000] {logging_mixin.py:188} INFO - [2026-06-04T06:40:11.513+0000] {dag.py:3820} INFO - Setting next_dagrun for latest_only_with_trigger to 2026-06-04T00:00:00+00:00, run_after=2026-06-04T04:00:00+00:00
[2026-06-04T06:40:11.524+0000] {processor.py:183} INFO - Processing /home/airflow/.local/lib/python3.8/site-packages/airflow/example_dags/example_latest_only_with_trigger.py took 0.038 seconds
[2026-06-04T06:40:42.669+0000] {processor.py:161} INFO - Started process (PID=525) to work on /home/airflow/.local/lib/python3.8/site-packages/airflow/example_dags/example_latest_only_with_trigger.py
[2026-06-04T06:40:42.670+0000] {processor.py:830} INFO - Processing file /home/airflow/.local/lib/python3.8/site-packages/airflow/example_dags/example_latest_only_with_trigger.py for tasks to queue
[2026-06-04T06:40:42.671+0000] {logging_mixin.py:188} INFO - [2026-06-04T06:40:42.671+0000] {dagbag.py:538} INFO - Filling up the DagBag from /home/airflow/.local/lib/python3.8/site-packages/airflow/example_dags/example_latest_only_with_trigger.py
[2026-06-04T06:40:42.673+0000] {processor.py:840} INFO - DAG(s) 'latest_only_with_trigger' retrieved from /home/airflow/.local/lib/python3.8/site-packages/airflow/example_dags/example_latest_only_with_trigger.py
[2026-06-04T06:40:42.686+0000] {logging_mixin.py:188} INFO - [2026-06-04T06:40:42.686+0000] {dag.py:3033} INFO - Sync 1 DAGs
[2026-06-04T06:40:42.697+0000] {logging_mixin.py:188} INFO - [2026-06-04T06:40:42.697+0000] {dag.py:3820} INFO - Setting next_dagrun for latest_only_with_trigger to 2026-06-04T00:00:00+00:00, run_after=2026-06-04T04:00:00+00:00
[2026-06-04T06:40:42.707+0000] {processor.py:183} INFO - Processing /home/airflow/.local/lib/python3.8/site-packages/airflow/example_dags/example_latest_only_with_trigger.py took 0.039 seconds
[2026-06-04T06:41:13.421+0000] {processor.py:161} INFO - Started process (PID=581) to work on /home/airflow/.local/lib/python3.8/site-packages/airflow/example_dags/example_latest_only_with_trigger.py
[2026-06-04T06:41:13.421+0000] {processor.py:830} INFO - Processing file /home/airflow/.local/lib/python3.8/site-packages/airflow/example_dags/example_latest_only_with_trigger.py for tasks to queue
[2026-06-04T06:41:13.423+0000] {logging_mixin.py:188} INFO - [2026-06-04T06:41:13.422+0000] {dagbag.py:538} INFO - Filling up the DagBag from /home/airflow/.local/lib/python3.8/site-packages/airflow/example_dags/example_latest_only_with_trigger.py
[2026-06-04T06:41:13.425+0000] {processor.py:840} INFO - DAG(s) 'latest_only_with_trigger' retrieved from /home/airflow/.local/lib/python3.8/site-packages/airflow/example_dags/example_latest_only_with_trigger.py
[2026-06-04T06:41:13.435+0000] {logging_mixin.py:188} INFO - [2026-06-04T06:41:13.435+0000] {dag.py:3033} INFO - Sync 1 DAGs
[2026-06-04T06:41:13.446+0000] {logging_mixin.py:188} INFO - [2026-06-04T06:41:13.446+0000] {dag.py:3820} INFO - Setting next_dagrun for latest_only_with_trigger to 2026-06-04T00:00:00+00:00, run_after=2026-06-04T04:00:00+00:00
[2026-06-04T06:41:13.453+0000] {processor.py:183} INFO - Processing /home/airflow/.local/lib/python3.8/site-packages/airflow/example_dags/example_latest_only_with_trigger.py took 0.034 seconds
[2026-06-04T06:41:44.141+0000] {processor.py:161} INFO - Started process (PID=636) to work on /home/airflow/.local/lib/python3.8/site-packages/airflow/example_dags/example_latest_only_with_trigger.py
[2026-06-04T06:41:44.142+0000] {processor.py:830} INFO - Processing file /home/airflow/.local/lib/python3.8/site-packages/airflow/example_dags/example_latest_only_with_trigger.py for tasks to queue
[2026-06-04T06:41:44.143+0000] {logging_mixin.py:188} INFO - [2026-06-04T06:41:44.143+0000] {dagbag.py:538} INFO - Filling up the DagBag from /home/airflow/.local/lib/python3.8/site-packages/airflow/example_dags/example_latest_only_with_trigger.py
[2026-06-04T06:41:44.145+0000] {processor.py:840} INFO - DAG(s) 'latest_only_with_trigger' retrieved from /home/airflow/.local/lib/python3.8/site-packages/airflow/example_dags/example_latest_only_with_trigger.py
[2026-06-04T06:41:44.158+0000] {logging_mixin.py:188} INFO - [2026-06-04T06:41:44.158+0000] {dag.py:3033} INFO - Sync 1 DAGs
[2026-06-04T06:41:44.165+0000] {logging_mixin.py:188} INFO - [2026-06-04T06:41:44.165+0000] {dag.py:3820} INFO - Setting next_dagrun for latest_only_with_trigger to 2026-06-04T00:00:00+00:00, run_after=2026-06-04T04:00:00+00:00
[2026-06-04T06:41:44.172+0000] {processor.py:183} INFO - Processing /home/airflow/.local/lib/python3.8/site-packages/airflow/example_dags/example_latest_only_with_trigger.py took 0.032 seconds
[2026-06-04T06:42:15.389+0000] {processor.py:161} INFO - Started process (PID=693) to work on /home/airflow/.local/lib/python3.8/site-packages/airflow/example_dags/example_latest_only_with_trigger.py
[2026-06-04T06:42:15.389+0000] {processor.py:830} INFO - Processing file /home/airflow/.local/lib/python3.8/site-packages/airflow/example_dags/example_latest_only_with_trigger.py for tasks to queue
[2026-06-04T06:42:15.391+0000] {logging_mixin.py:188} INFO - [2026-06-04T06:42:15.390+0000] {dagbag.py:538} INFO - Filling up the DagBag from /home/airflow/.local/lib/python3.8/site-packages/airflow/example_dags/example_latest_only_with_trigger.py
[2026-06-04T06:42:15.393+0000] {processor.py:840} INFO - DAG(s) 'latest_only_with_trigger' retrieved from /home/airflow/.local/lib/python3.8/site-packages/airflow/example_dags/example_latest_only_with_trigger.py
[2026-06-04T06:42:15.405+0000] {logging_mixin.py:188} INFO - [2026-06-04T06:42:15.405+0000] {dag.py:3033} INFO - Sync 1 DAGs
[2026-06-04T06:42:15.416+0000] {logging_mixin.py:188} INFO - [2026-06-04T06:42:15.416+0000] {dag.py:3820} INFO - Setting next_dagrun for latest_only_with_trigger to 2026-06-04T00:00:00+00:00, run_after=2026-06-04T04:00:00+00:00
[2026-06-04T06:42:15.429+0000] {processor.py:183} INFO - Processing /home/airflow/.local/lib/python3.8/site-packages/airflow/example_dags/example_latest_only_with_trigger.py took 0.041 seconds
[2026-06-04T06:42:45.712+0000] {processor.py:161} INFO - Started process (PID=749) to work on /home/airflow/.local/lib/python3.8/site-packages/airflow/example_dags/example_latest_only_with_trigger.py
[2026-06-04T06:42:45.713+0000] {processor.py:830} INFO - Processing file /home/airflow/.local/lib/python3.8/site-packages/airflow/example_dags/example_latest_only_with_trigger.py for tasks to queue
[2026-06-04T06:42:45.714+0000] {logging_mixin.py:188} INFO - [2026-06-04T06:42:45.714+0000] {dagbag.py:538} INFO - Filling up the DagBag from /home/airflow/.local/lib/python3.8/site-packages/airflow/example_dags/example_latest_only_with_trigger.py
[2026-06-04T06:42:45.717+0000] {processor.py:840} INFO - DAG(s) 'latest_only_with_trigger' retrieved from /home/airflow/.local/lib/python3.8/site-packages/airflow/example_dags/example_latest_only_with_trigger.py
[2026-06-04T06:42:45.728+0000] {logging_mixin.py:188} INFO - [2026-06-04T06:42:45.728+0000] {dag.py:3033} INFO - Sync 1 DAGs
[2026-06-04T06:42:45.738+0000] {logging_mixin.py:188} INFO - [2026-06-04T06:42:45.738+0000] {dag.py:3820} INFO - Setting next_dagrun for latest_only_with_trigger to 2026-06-04T00:00:00+00:00, run_after=2026-06-04T04:00:00+00:00
[2026-06-04T06:42:45.748+0000] {processor.py:183} INFO - Processing /home/airflow/.local/lib/python3.8/site-packages/airflow/example_dags/example_latest_only_with_trigger.py took 0.038 seconds
[2026-06-04T06:43:15.766+0000] {processor.py:161} INFO - Started process (PID=804) to work on /home/airflow/.local/lib/python3.8/site-packages/airflow/example_dags/example_latest_only_with_trigger.py
[2026-06-04T06:43:15.766+0000] {processor.py:830} INFO - Processing file /home/airflow/.local/lib/python3.8/site-packages/airflow/example_dags/example_latest_only_with_trigger.py for tasks to queue
[2026-06-04T06:43:15.769+0000] {logging_mixin.py:188} INFO - [2026-06-04T06:43:15.769+0000] {dagbag.py:538} INFO - Filling up the DagBag from /home/airflow/.local/lib/python3.8/site-packages/airflow/example_dags/example_latest_only_with_trigger.py
[2026-06-04T06:43:15.773+0000] {processor.py:840} INFO - DAG(s) 'latest_only_with_trigger' retrieved from /home/airflow/.local/lib/python3.8/site-packages/airflow/example_dags/example_latest_only_with_trigger.py
[2026-06-04T06:43:15.783+0000] {logging_mixin.py:188} INFO - [2026-06-04T06:43:15.783+0000] {dag.py:3033} INFO - Sync 1 DAGs
[2026-06-04T06:43:15.792+0000] {logging_mixin.py:188} INFO - [2026-06-04T06:43:15.792+0000] {dag.py:3820} INFO - Setting next_dagrun for latest_only_with_trigger to 2026-06-04T00:00:00+00:00, run_after=2026-06-04T04:00:00+00:00
[2026-06-04T06:43:15.799+0000] {processor.py:183} INFO - Processing /home/airflow/.local/lib/python3.8/site-packages/airflow/example_dags/example_latest_only_with_trigger.py took 0.036 seconds
[2026-06-04T06:43:45.963+0000] {processor.py:161} INFO - Started process (PID=860) to work on /home/airflow/.local/lib/python3.8/site-packages/airflow/example_dags/example_latest_only_with_trigger.py
[2026-06-04T06:43:45.963+0000] {processor.py:830} INFO - Processing file /home/airflow/.local/lib/python3.8/site-packages/airflow/example_dags/example_latest_only_with_trigger.py for tasks to queue
[2026-06-04T06:43:45.964+0000] {logging_mixin.py:188} INFO - [2026-06-04T06:43:45.964+0000] {dagbag.py:538} INFO - Filling up the DagBag from /home/airflow/.local/lib/python3.8/site-packages/airflow/example_dags/example_latest_only_with_trigger.py
[2026-06-04T06:43:45.967+0000] {processor.py:840} INFO - DAG(s) 'latest_only_with_trigger' retrieved from /home/airflow/.local/lib/python3.8/site-packages/airflow/example_dags/example_latest_only_with_trigger.py
[2026-06-04T06:43:45.975+0000] {logging_mixin.py:188} INFO - [2026-06-04T06:43:45.975+0000] {dag.py:3033} INFO - Sync 1 DAGs
[2026-06-04T06:43:45.982+0000] {logging_mixin.py:188} INFO - [2026-06-04T06:43:45.982+0000] {dag.py:3820} INFO - Setting next_dagrun for latest_only_with_trigger to 2026-06-04T00:00:00+00:00, run_after=2026-06-04T04:00:00+00:00
[2026-06-04T06:43:45.988+0000] {processor.py:183} INFO - Processing /home/airflow/.local/lib/python3.8/site-packages/airflow/example_dags/example_latest_only_with_trigger.py took 0.027 seconds
[2026-06-04T06:44:16.069+0000] {processor.py:161} INFO - Started process (PID=916) to work on /home/airflow/.local/lib/python3.8/site-packages/airflow/example_dags/example_latest_only_with_trigger.py
[2026-06-04T06:44:16.069+0000] {processor.py:830} INFO - Processing file /home/airflow/.local/lib/python3.8/site-packages/airflow/example_dags/example_latest_only_with_trigger.py for tasks to queue
[2026-06-04T06:44:16.071+0000] {logging_mixin.py:188} INFO - [2026-06-04T06:44:16.071+0000] {dagbag.py:538} INFO - Filling up the DagBag from /home/airflow/.local/lib/python3.8/site-packages/airflow/example_dags/example_latest_only_with_trigger.py
[2026-06-04T06:44:16.073+0000] {processor.py:840} INFO - DAG(s) 'latest_only_with_trigger' retrieved from /home/airflow/.local/lib/python3.8/site-packages/airflow/example_dags/example_latest_only_with_trigger.py
[2026-06-04T06:44:16.084+0000] {logging_mixin.py:188} INFO - [2026-06-04T06:44:16.084+0000] {dag.py:3033} INFO - Sync 1 DAGs
[2026-06-04T06:44:16.093+0000] {logging_mixin.py:188} INFO - [2026-06-04T06:44:16.093+0000] {dag.py:3820} INFO - Setting next_dagrun for latest_only_with_trigger to 2026-06-04T00:00:00+00:00, run_after=2026-06-04T04:00:00+00:00
[2026-06-04T06:44:16.103+0000] {processor.py:183} INFO - Processing /home/airflow/.local/lib/python3.8/site-packages/airflow/example_dags/example_latest_only_with_trigger.py took 0.036 seconds
[2026-06-04T06:44:46.975+0000] {processor.py:161} INFO - Started process (PID=971) to work on /home/airflow/.local/lib/python3.8/site-packages/airflow/example_dags/example_latest_only_with_trigger.py
[2026-06-04T06:44:46.976+0000] {processor.py:830} INFO - Processing file /home/airflow/.local/lib/python3.8/site-packages/airflow/example_dags/example_latest_only_with_trigger.py for tasks to queue
[2026-06-04T06:44:46.976+0000] {logging_mixin.py:188} INFO - [2026-06-04T06:44:46.976+0000] {dagbag.py:538} INFO - Filling up the DagBag from /home/airflow/.local/lib/python3.8/site-packages/airflow/example_dags/example_latest_only_with_trigger.py
[2026-06-04T06:44:46.978+0000] {processor.py:840} INFO - DAG(s) 'latest_only_with_trigger' retrieved from /home/airflow/.local/lib/python3.8/site-packages/airflow/example_dags/example_latest_only_with_trigger.py
[2026-06-04T06:44:46.986+0000] {logging_mixin.py:188} INFO - [2026-06-04T06:44:46.986+0000] {dag.py:3033} INFO - Sync 1 DAGs
[2026-06-04T06:44:46.993+0000] {logging_mixin.py:188} INFO - [2026-06-04T06:44:46.993+0000] {dag.py:3820} INFO - Setting next_dagrun for latest_only_with_trigger to 2026-06-04T00:00:00+00:00, run_after=2026-06-04T04:00:00+00:00
[2026-06-04T06:44:46.999+0000] {processor.py:183} INFO - Processing /home/airflow/.local/lib/python3.8/site-packages/airflow/example_dags/example_latest_only_with_trigger.py took 0.025 seconds
[2026-06-04T06:45:17.134+0000] {processor.py:161} INFO - Started process (PID=1027) to work on /home/airflow/.local/lib/python3.8/site-packages/airflow/example_dags/example_latest_only_with_trigger.py
[2026-06-04T06:45:17.135+0000] {processor.py:830} INFO - Processing file /home/airflow/.local/lib/python3.8/site-packages/airflow/example_dags/example_latest_only_with_trigger.py for tasks to queue
[2026-06-04T06:45:17.136+0000] {logging_mixin.py:188} INFO - [2026-06-04T06:45:17.136+0000] {dagbag.py:538} INFO - Filling up the DagBag from /home/airflow/.local/lib/python3.8/site-packages/airflow/example_dags/example_latest_only_with_trigger.py
[2026-06-04T06:45:17.140+0000] {processor.py:840} INFO - DAG(s) 'latest_only_with_trigger' retrieved from /home/airflow/.local/lib/python3.8/site-packages/airflow/example_dags/example_latest_only_with_trigger.py
[2026-06-04T06:45:17.148+0000] {logging_mixin.py:188} INFO - [2026-06-04T06:45:17.148+0000] {dag.py:3033} INFO - Sync 1 DAGs
[2026-06-04T06:45:17.155+0000] {logging_mixin.py:188} INFO - [2026-06-04T06:45:17.155+0000] {dag.py:3820} INFO - Setting next_dagrun for latest_only_with_trigger to 2026-06-04T00:00:00+00:00, run_after=2026-06-04T04:00:00+00:00
[2026-06-04T06:45:17.165+0000] {processor.py:183} INFO - Processing /home/airflow/.local/lib/python3.8/site-packages/airflow/example_dags/example_latest_only_with_trigger.py took 0.033 seconds
[2026-06-04T06:45:47.358+0000] {processor.py:161} INFO - Started process (PID=1083) to work on /home/airflow/.local/lib/python3.8/site-packages/airflow/example_dags/example_latest_only_with_trigger.py
[2026-06-04T06:45:47.359+0000] {processor.py:830} INFO - Processing file /home/airflow/.local/lib/python3.8/site-packages/airflow/example_dags/example_latest_only_with_trigger.py for tasks to queue
[2026-06-04T06:45:47.360+0000] {logging_mixin.py:188} INFO - [2026-06-04T06:45:47.360+0000] {dagbag.py:538} INFO - Filling up the DagBag from /home/airflow/.local/lib/python3.8/site-packages/airflow/example_dags/example_latest_only_with_trigger.py
[2026-06-04T06:45:47.362+0000] {processor.py:840} INFO - DAG(s) 'latest_only_with_trigger' retrieved from /home/airflow/.local/lib/python3.8/site-packages/airflow/example_dags/example_latest_only_with_trigger.py
[2026-06-04T06:45:47.371+0000] {logging_mixin.py:188} INFO - [2026-06-04T06:45:47.371+0000] {dag.py:3033} INFO - Sync 1 DAGs
[2026-06-04T06:45:47.381+0000] {logging_mixin.py:188} INFO - [2026-06-04T06:45:47.381+0000] {dag.py:3820} INFO - Setting next_dagrun for latest_only_with_trigger to 2026-06-04T00:00:00+00:00, run_after=2026-06-04T04:00:00+00:00
[2026-06-04T06:45:47.393+0000] {processor.py:183} INFO - Processing /home/airflow/.local/lib/python3.8/site-packages/airflow/example_dags/example_latest_only_with_trigger.py took 0.036 seconds
[2026-06-04T06:46:18.258+0000] {processor.py:161} INFO - Started process (PID=1139) to work on /home/airflow/.local/lib/python3.8/site-packages/airflow/example_dags/example_latest_only_with_trigger.py
[2026-06-04T06:46:18.259+0000] {processor.py:830} INFO - Processing file /home/airflow/.local/lib/python3.8/site-packages/airflow/example_dags/example_latest_only_with_trigger.py for tasks to queue
[2026-06-04T06:46:18.261+0000] {logging_mixin.py:188} INFO - [2026-06-04T06:46:18.261+0000] {dagbag.py:538} INFO - Filling up the DagBag from /home/airflow/.local/lib/python3.8/site-packages/airflow/example_dags/example_latest_only_with_trigger.py
[2026-06-04T06:46:18.263+0000] {processor.py:840} INFO - DAG(s) 'latest_only_with_trigger' retrieved from /home/airflow/.local/lib/python3.8/site-packages/airflow/example_dags/example_latest_only_with_trigger.py
[2026-06-04T06:46:18.271+0000] {logging_mixin.py:188} INFO - [2026-06-04T06:46:18.271+0000] {dag.py:3033} INFO - Sync 1 DAGs
[2026-06-04T06:46:18.281+0000] {logging_mixin.py:188} INFO - [2026-06-04T06:46:18.281+0000] {dag.py:3820} INFO - Setting next_dagrun for latest_only_with_trigger to 2026-06-04T00:00:00+00:00, run_after=2026-06-04T04:00:00+00:00
[2026-06-04T06:46:18.294+0000] {processor.py:183} INFO - Processing /home/airflow/.local/lib/python3.8/site-packages/airflow/example_dags/example_latest_only_with_trigger.py took 0.037 seconds
[2026-06-04T06:46:48.459+0000] {processor.py:161} INFO - Started process (PID=1195) to work on /home/airflow/.local/lib/python3.8/site-packages/airflow/example_dags/example_latest_only_with_trigger.py
[2026-06-04T06:46:48.460+0000] {processor.py:830} INFO - Processing file /home/airflow/.local/lib/python3.8/site-packages/airflow/example_dags/example_latest_only_with_trigger.py for tasks to queue
[2026-06-04T06:46:48.461+0000] {logging_mixin.py:188} INFO - [2026-06-04T06:46:48.461+0000] {dagbag.py:538} INFO - Filling up the DagBag from /home/airflow/.local/lib/python3.8/site-packages/airflow/example_dags/example_latest_only_with_trigger.py
[2026-06-04T06:46:48.463+0000] {processor.py:840} INFO - DAG(s) 'latest_only_with_trigger' retrieved from /home/airflow/.local/lib/python3.8/site-packages/airflow/example_dags/example_latest_only_with_trigger.py
[2026-06-04T06:46:48.473+0000] {logging_mixin.py:188} INFO - [2026-06-04T06:46:48.473+0000] {dag.py:3033} INFO - Sync 1 DAGs
[2026-06-04T06:46:48.486+0000] {logging_mixin.py:188} INFO - [2026-06-04T06:46:48.486+0000] {dag.py:3820} INFO - Setting next_dagrun for latest_only_with_trigger to 2026-06-04T00:00:00+00:00, run_after=2026-06-04T04:00:00+00:00
[2026-06-04T06:46:48.497+0000] {processor.py:183} INFO - Processing /home/airflow/.local/lib/python3.8/site-packages/airflow/example_dags/example_latest_only_with_trigger.py took 0.040 seconds
[2026-06-04T06:47:18.640+0000] {processor.py:161} INFO - Started process (PID=1251) to work on /home/airflow/.local/lib/python3.8/site-packages/airflow/example_dags/example_latest_only_with_trigger.py
[2026-06-04T06:47:18.640+0000] {processor.py:830} INFO - Processing file /home/airflow/.local/lib/python3.8/site-packages/airflow/example_dags/example_latest_only_with_trigger.py for tasks to queue
[2026-06-04T06:47:18.642+0000] {logging_mixin.py:188} INFO - [2026-06-04T06:47:18.642+0000] {dagbag.py:538} INFO - Filling up the DagBag from /home/airflow/.local/lib/python3.8/site-packages/airflow/example_dags/example_latest_only_with_trigger.py
[2026-06-04T06:47:18.645+0000] {processor.py:840} INFO - DAG(s) 'latest_only_with_trigger' retrieved from /home/airflow/.local/lib/python3.8/site-packages/airflow/example_dags/example_latest_only_with_trigger.py
[2026-06-04T06:47:18.660+0000] {logging_mixin.py:188} INFO - [2026-06-04T06:47:18.659+0000] {dag.py:3033} INFO - Sync 1 DAGs
[2026-06-04T06:47:18.670+0000] {logging_mixin.py:188} INFO - [2026-06-04T06:47:18.670+0000] {dag.py:3820} INFO - Setting next_dagrun for latest_only_with_trigger to 2026-06-04T00:00:00+00:00, run_after=2026-06-04T04:00:00+00:00
[2026-06-04T06:47:18.686+0000] {processor.py:183} INFO - Processing /home/airflow/.local/lib/python3.8/site-packages/airflow/example_dags/example_latest_only_with_trigger.py took 0.049 seconds
[2026-06-04T06:47:49.521+0000] {processor.py:161} INFO - Started process (PID=1307) to work on /home/airflow/.local/lib/python3.8/site-packages/airflow/example_dags/example_latest_only_with_trigger.py
[2026-06-04T06:47:49.521+0000] {processor.py:830} INFO - Processing file /home/airflow/.local/lib/python3.8/site-packages/airflow/example_dags/example_latest_only_with_trigger.py for tasks to queue
[2026-06-04T06:47:49.522+0000] {logging_mixin.py:188} INFO - [2026-06-04T06:47:49.522+0000] {dagbag.py:538} INFO - Filling up the DagBag from /home/airflow/.local/lib/python3.8/site-packages/airflow/example_dags/example_latest_only_with_trigger.py
[2026-06-04T06:47:49.525+0000] {processor.py:840} INFO - DAG(s) 'latest_only_with_trigger' retrieved from /home/airflow/.local/lib/python3.8/site-packages/airflow/example_dags/example_latest_only_with_trigger.py
[2026-06-04T06:47:49.533+0000] {logging_mixin.py:188} INFO - [2026-06-04T06:47:49.533+0000] {dag.py:3033} INFO - Sync 1 DAGs
[2026-06-04T06:47:49.544+0000] {logging_mixin.py:188} INFO - [2026-06-04T06:47:49.544+0000] {dag.py:3820} INFO - Setting next_dagrun for latest_only_with_trigger to 2026-06-04T00:00:00+00:00, run_after=2026-06-04T04:00:00+00:00
[2026-06-04T06:47:49.554+0000] {processor.py:183} INFO - Processing /home/airflow/.local/lib/python3.8/site-packages/airflow/example_dags/example_latest_only_with_trigger.py took 0.035 seconds
[2026-06-04T06:48:20.363+0000] {processor.py:161} INFO - Started process (PID=1363) to work on /home/airflow/.local/lib/python3.8/site-packages/airflow/example_dags/example_latest_only_with_trigger.py
[2026-06-04T06:48:20.363+0000] {processor.py:830} INFO - Processing file /home/airflow/.local/lib/python3.8/site-packages/airflow/example_dags/example_latest_only_with_trigger.py for tasks to queue
[2026-06-04T06:48:20.364+0000] {logging_mixin.py:188} INFO - [2026-06-04T06:48:20.364+0000] {dagbag.py:538} INFO - Filling up the DagBag from /home/airflow/.local/lib/python3.8/site-packages/airflow/example_dags/example_latest_only_with_trigger.py
[2026-06-04T06:48:20.366+0000] {processor.py:840} INFO - DAG(s) 'latest_only_with_trigger' retrieved from /home/airflow/.local/lib/python3.8/site-packages/airflow/example_dags/example_latest_only_with_trigger.py
[2026-06-04T06:48:20.378+0000] {logging_mixin.py:188} INFO - [2026-06-04T06:48:20.378+0000] {dag.py:3033} INFO - Sync 1 DAGs
[2026-06-04T06:48:20.388+0000] {logging_mixin.py:188} INFO - [2026-06-04T06:48:20.387+0000] {dag.py:3820} INFO - Setting next_dagrun for latest_only_with_trigger to 2026-06-04T00:00:00+00:00, run_after=2026-06-04T04:00:00+00:00
[2026-06-04T06:48:20.402+0000] {processor.py:183} INFO - Processing /home/airflow/.local/lib/python3.8/site-packages/airflow/example_dags/example_latest_only_with_trigger.py took 0.040 seconds
[2026-06-04T06:48:51.406+0000] {processor.py:161} INFO - Started process (PID=1419) to work on /home/airflow/.local/lib/python3.8/site-packages/airflow/example_dags/example_latest_only_with_trigger.py
[2026-06-04T06:48:51.407+0000] {processor.py:830} INFO - Processing file /home/airflow/.local/lib/python3.8/site-packages/airflow/example_dags/example_latest_only_with_trigger.py for tasks to queue
[2026-06-04T06:48:51.409+0000] {logging_mixin.py:188} INFO - [2026-06-04T06:48:51.409+0000] {dagbag.py:538} INFO - Filling up the DagBag from /home/airflow/.local/lib/python3.8/site-packages/airflow/example_dags/example_latest_only_with_trigger.py
[2026-06-04T06:48:51.412+0000] {processor.py:840} INFO - DAG(s) 'latest_only_with_trigger' retrieved from /home/airflow/.local/lib/python3.8/site-packages/airflow/example_dags/example_latest_only_with_trigger.py
[2026-06-04T06:48:51.421+0000] {logging_mixin.py:188} INFO - [2026-06-04T06:48:51.421+0000] {dag.py:3033} INFO - Sync 1 DAGs
[2026-06-04T06:48:51.431+0000] {logging_mixin.py:188} INFO - [2026-06-04T06:48:51.431+0000] {dag.py:3820} INFO - Setting next_dagrun for latest_only_with_trigger to 2026-06-04T00:00:00+00:00, run_after=2026-06-04T04:00:00+00:00
[2026-06-04T06:48:51.442+0000] {processor.py:183} INFO - Processing /home/airflow/.local/lib/python3.8/site-packages/airflow/example_dags/example_latest_only_with_trigger.py took 0.038 seconds
[2026-06-04T06:49:22.496+0000] {processor.py:161} INFO - Started process (PID=1475) to work on /home/airflow/.local/lib/python3.8/site-packages/airflow/example_dags/example_latest_only_with_trigger.py
[2026-06-04T06:49:22.498+0000] {processor.py:830} INFO - Processing file /home/airflow/.local/lib/python3.8/site-packages/airflow/example_dags/example_latest_only_with_trigger.py for tasks to queue
[2026-06-04T06:49:22.501+0000] {logging_mixin.py:188} INFO - [2026-06-04T06:49:22.501+0000] {dagbag.py:538} INFO - Filling up the DagBag from /home/airflow/.local/lib/python3.8/site-packages/airflow/example_dags/example_latest_only_with_trigger.py
[2026-06-04T06:49:22.507+0000] {processor.py:840} INFO - DAG(s) 'latest_only_with_trigger' retrieved from /home/airflow/.local/lib/python3.8/site-packages/airflow/example_dags/example_latest_only_with_trigger.py
[2026-06-04T06:49:22.525+0000] {logging_mixin.py:188} INFO - [2026-06-04T06:49:22.525+0000] {dag.py:3033} INFO - Sync 1 DAGs
[2026-06-04T06:49:22.536+0000] {logging_mixin.py:188} INFO - [2026-06-04T06:49:22.536+0000] {dag.py:3820} INFO - Setting next_dagrun for latest_only_with_trigger to 2026-06-04T00:00:00+00:00, run_after=2026-06-04T04:00:00+00:00
[2026-06-04T06:49:22.553+0000] {processor.py:183} INFO - Processing /home/airflow/.local/lib/python3.8/site-packages/airflow/example_dags/example_latest_only_with_trigger.py took 0.060 seconds
[2026-06-04T06:49:52.695+0000] {processor.py:161} INFO - Started process (PID=1531) to work on /home/airflow/.local/lib/python3.8/site-packages/airflow/example_dags/example_latest_only_with_trigger.py
[2026-06-04T06:49:52.697+0000] {processor.py:830} INFO - Processing file /home/airflow/.local/lib/python3.8/site-packages/airflow/example_dags/example_latest_only_with_trigger.py for tasks to queue
[2026-06-04T06:49:52.698+0000] {logging_mixin.py:188} INFO - [2026-06-04T06:49:52.698+0000] {dagbag.py:538} INFO - Filling up the DagBag from /home/airflow/.local/lib/python3.8/site-packages/airflow/example_dags/example_latest_only_with_trigger.py
[2026-06-04T06:49:52.703+0000] {processor.py:840} INFO - DAG(s) 'latest_only_with_trigger' retrieved from /home/airflow/.local/lib/python3.8/site-packages/airflow/example_dags/example_latest_only_with_trigger.py
[2026-06-04T06:49:52.719+0000] {logging_mixin.py:188} INFO - [2026-06-04T06:49:52.719+0000] {dag.py:3033} INFO - Sync 1 DAGs
[2026-06-04T06:49:52.731+0000] {logging_mixin.py:188} INFO - [2026-06-04T06:49:52.730+0000] {dag.py:3820} INFO - Setting next_dagrun for latest_only_with_trigger to 2026-06-04T00:00:00+00:00, run_after=2026-06-04T04:00:00+00:00
[2026-06-04T06:49:52.738+0000] {processor.py:183} INFO - Processing /home/airflow/.local/lib/python3.8/site-packages/airflow/example_dags/example_latest_only_with_trigger.py took 0.044 seconds
[2026-06-04T06:50:22.856+0000] {processor.py:161} INFO - Started process (PID=1587) to work on /home/airflow/.local/lib/python3.8/site-packages/airflow/example_dags/example_latest_only_with_trigger.py
[2026-06-04T06:50:22.857+0000] {processor.py:830} INFO - Processing file /home/airflow/.local/lib/python3.8/site-packages/airflow/example_dags/example_latest_only_with_trigger.py for tasks to queue
[2026-06-04T06:50:22.859+0000] {logging_mixin.py:188} INFO - [2026-06-04T06:50:22.859+0000] {dagbag.py:538} INFO - Filling up the DagBag from /home/airflow/.local/lib/python3.8/site-packages/airflow/example_dags/example_latest_only_with_trigger.py
[2026-06-04T06:50:22.862+0000] {processor.py:840} INFO - DAG(s) 'latest_only_with_trigger' retrieved from /home/airflow/.local/lib/python3.8/site-packages/airflow/example_dags/example_latest_only_with_trigger.py
[2026-06-04T06:50:22.872+0000] {logging_mixin.py:188} INFO - [2026-06-04T06:50:22.872+0000] {dag.py:3033} INFO - Sync 1 DAGs
[2026-06-04T06:50:22.881+0000] {logging_mixin.py:188} INFO - [2026-06-04T06:50:22.881+0000] {dag.py:3820} INFO - Setting next_dagrun for latest_only_with_trigger to 2026-06-04T00:00:00+00:00, run_after=2026-06-04T04:00:00+00:00
[2026-06-04T06:50:22.890+0000] {processor.py:183} INFO - Processing /home/airflow/.local/lib/python3.8/site-packages/airflow/example_dags/example_latest_only_with_trigger.py took 0.036 seconds
[2026-06-04T06:50:53.907+0000] {processor.py:161} INFO - Started process (PID=1643) to work on /home/airflow/.local/lib/python3.8/site-packages/airflow/example_dags/example_latest_only_with_trigger.py
[2026-06-04T06:50:53.908+0000] {processor.py:830} INFO - Processing file /home/airflow/.local/lib/python3.8/site-packages/airflow/example_dags/example_latest_only_with_trigger.py for tasks to queue
[2026-06-04T06:50:53.909+0000] {logging_mixin.py:188} INFO - [2026-06-04T06:50:53.909+0000] {dagbag.py:538} INFO - Filling up the DagBag from /home/airflow/.local/lib/python3.8/site-packages/airflow/example_dags/example_latest_only_with_trigger.py
[2026-06-04T06:50:53.911+0000] {processor.py:840} INFO - DAG(s) 'latest_only_with_trigger' retrieved from /home/airflow/.local/lib/python3.8/site-packages/airflow/example_dags/example_latest_only_with_trigger.py
[2026-06-04T06:50:53.924+0000] {logging_mixin.py:188} INFO - [2026-06-04T06:50:53.923+0000] {dag.py:3033} INFO - Sync 1 DAGs
[2026-06-04T06:50:53.932+0000] {logging_mixin.py:188} INFO - [2026-06-04T06:50:53.932+0000] {dag.py:3820} INFO - Setting next_dagrun for latest_only_with_trigger to 2026-06-04T00:00:00+00:00, run_after=2026-06-04T04:00:00+00:00
[2026-06-04T06:50:53.948+0000] {processor.py:183} INFO - Processing /home/airflow/.local/lib/python3.8/site-packages/airflow/example_dags/example_latest_only_with_trigger.py took 0.043 seconds
[2026-06-04T06:51:25.027+0000] {processor.py:161} INFO - Started process (PID=1699) to work on /home/airflow/.local/lib/python3.8/site-packages/airflow/example_dags/example_latest_only_with_trigger.py
[2026-06-04T06:51:25.028+0000] {processor.py:830} INFO - Processing file /home/airflow/.local/lib/python3.8/site-packages/airflow/example_dags/example_latest_only_with_trigger.py for tasks to queue
[2026-06-04T06:51:25.031+0000] {logging_mixin.py:188} INFO - [2026-06-04T06:51:25.031+0000] {dagbag.py:538} INFO - Filling up the DagBag from /home/airflow/.local/lib/python3.8/site-packages/airflow/example_dags/example_latest_only_with_trigger.py
[2026-06-04T06:51:25.034+0000] {processor.py:840} INFO - DAG(s) 'latest_only_with_trigger' retrieved from /home/airflow/.local/lib/python3.8/site-packages/airflow/example_dags/example_latest_only_with_trigger.py
[2026-06-04T06:51:25.045+0000] {logging_mixin.py:188} INFO - [2026-06-04T06:51:25.045+0000] {dag.py:3033} INFO - Sync 1 DAGs
[2026-06-04T06:51:25.054+0000] {logging_mixin.py:188} INFO - [2026-06-04T06:51:25.054+0000] {dag.py:3820} INFO - Setting next_dagrun for latest_only_with_trigger to 2026-06-04T00:00:00+00:00, run_after=2026-06-04T04:00:00+00:00
[2026-06-04T06:51:25.068+0000] {processor.py:183} INFO - Processing /home/airflow/.local/lib/python3.8/site-packages/airflow/example_dags/example_latest_only_with_trigger.py took 0.043 seconds
[2026-06-04T06:51:55.754+0000] {processor.py:161} INFO - Started process (PID=1755) to work on /home/airflow/.local/lib/python3.8/site-packages/airflow/example_dags/example_latest_only_with_trigger.py
[2026-06-04T06:51:55.754+0000] {processor.py:830} INFO - Processing file /home/airflow/.local/lib/python3.8/site-packages/airflow/example_dags/example_latest_only_with_trigger.py for tasks to queue
[2026-06-04T06:51:55.756+0000] {logging_mixin.py:188} INFO - [2026-06-04T06:51:55.756+0000] {dagbag.py:538} INFO - Filling up the DagBag from /home/airflow/.local/lib/python3.8/site-packages/airflow/example_dags/example_latest_only_with_trigger.py
[2026-06-04T06:51:55.759+0000] {processor.py:840} INFO - DAG(s) 'latest_only_with_trigger' retrieved from /home/airflow/.local/lib/python3.8/site-packages/airflow/example_dags/example_latest_only_with_trigger.py
[2026-06-04T06:51:55.771+0000] {logging_mixin.py:188} INFO - [2026-06-04T06:51:55.770+0000] {dag.py:3033} INFO - Sync 1 DAGs
[2026-06-04T06:51:55.785+0000] {logging_mixin.py:188} INFO - [2026-06-04T06:51:55.785+0000] {dag.py:3820} INFO - Setting next_dagrun for latest_only_with_trigger to 2026-06-04T00:00:00+00:00, run_after=2026-06-04T04:00:00+00:00
[2026-06-04T06:51:55.799+0000] {processor.py:183} INFO - Processing /home/airflow/.local/lib/python3.8/site-packages/airflow/example_dags/example_latest_only_with_trigger.py took 0.046 seconds
[2026-06-04T06:52:26.062+0000] {processor.py:161} INFO - Started process (PID=1811) to work on /home/airflow/.local/lib/python3.8/site-packages/airflow/example_dags/example_latest_only_with_trigger.py
[2026-06-04T06:52:26.063+0000] {processor.py:830} INFO - Processing file /home/airflow/.local/lib/python3.8/site-packages/airflow/example_dags/example_latest_only_with_trigger.py for tasks to queue
[2026-06-04T06:52:26.064+0000] {logging_mixin.py:188} INFO - [2026-06-04T06:52:26.064+0000] {dagbag.py:538} INFO - Filling up the DagBag from /home/airflow/.local/lib/python3.8/site-packages/airflow/example_dags/example_latest_only_with_trigger.py
[2026-06-04T06:52:26.067+0000] {processor.py:840} INFO - DAG(s) 'latest_only_with_trigger' retrieved from /home/airflow/.local/lib/python3.8/site-packages/airflow/example_dags/example_latest_only_with_trigger.py
[2026-06-04T06:52:26.077+0000] {logging_mixin.py:188} INFO - [2026-06-04T06:52:26.077+0000] {dag.py:3033} INFO - Sync 1 DAGs
[2026-06-04T06:52:26.087+0000] {logging_mixin.py:188} INFO - [2026-06-04T06:52:26.087+0000] {dag.py:3820} INFO - Setting next_dagrun for latest_only_with_trigger to 2026-06-04T00:00:00+00:00, run_after=2026-06-04T04:00:00+00:00
[2026-06-04T06:52:26.099+0000] {processor.py:183} INFO - Processing /home/airflow/.local/lib/python3.8/site-packages/airflow/example_dags/example_latest_only_with_trigger.py took 0.038 seconds
[2026-06-04T06:52:56.624+0000] {processor.py:161} INFO - Started process (PID=1867) to work on /home/airflow/.local/lib/python3.8/site-packages/airflow/example_dags/example_latest_only_with_trigger.py
[2026-06-04T06:52:56.626+0000] {processor.py:830} INFO - Processing file /home/airflow/.local/lib/python3.8/site-packages/airflow/example_dags/example_latest_only_with_trigger.py for tasks to queue
[2026-06-04T06:52:56.628+0000] {logging_mixin.py:188} INFO - [2026-06-04T06:52:56.628+0000] {dagbag.py:538} INFO - Filling up the DagBag from /home/airflow/.local/lib/python3.8/site-packages/airflow/example_dags/example_latest_only_with_trigger.py
[2026-06-04T06:52:56.630+0000] {processor.py:840} INFO - DAG(s) 'latest_only_with_trigger' retrieved from /home/airflow/.local/lib/python3.8/site-packages/airflow/example_dags/example_latest_only_with_trigger.py
[2026-06-04T06:52:56.642+0000] {logging_mixin.py:188} INFO - [2026-06-04T06:52:56.641+0000] {dag.py:3033} INFO - Sync 1 DAGs
[2026-06-04T06:52:56.651+0000] {logging_mixin.py:188} INFO - [2026-06-04T06:52:56.651+0000] {dag.py:3820} INFO - Setting next_dagrun for latest_only_with_trigger to 2026-06-04T00:00:00+00:00, run_after=2026-06-04T04:00:00+00:00
[2026-06-04T06:52:56.657+0000] {processor.py:183} INFO - Processing /home/airflow/.local/lib/python3.8/site-packages/airflow/example_dags/example_latest_only_with_trigger.py took 0.035 seconds
[2026-06-04T06:53:27.797+0000] {processor.py:161} INFO - Started process (PID=1923) to work on /home/airflow/.local/lib/python3.8/site-packages/airflow/example_dags/example_latest_only_with_trigger.py
[2026-06-04T06:53:27.797+0000] {processor.py:830} INFO - Processing file /home/airflow/.local/lib/python3.8/site-packages/airflow/example_dags/example_latest_only_with_trigger.py for tasks to queue
[2026-06-04T06:53:27.798+0000] {logging_mixin.py:188} INFO - [2026-06-04T06:53:27.798+0000] {dagbag.py:538} INFO - Filling up the DagBag from /home/airflow/.local/lib/python3.8/site-packages/airflow/example_dags/example_latest_only_with_trigger.py
[2026-06-04T06:53:27.802+0000] {processor.py:840} INFO - DAG(s) 'latest_only_with_trigger' retrieved from /home/airflow/.local/lib/python3.8/site-packages/airflow/example_dags/example_latest_only_with_trigger.py
[2026-06-04T06:53:27.817+0000] {logging_mixin.py:188} INFO - [2026-06-04T06:53:27.817+0000] {dag.py:3033} INFO - Sync 1 DAGs
[2026-06-04T06:53:27.827+0000] {logging_mixin.py:188} INFO - [2026-06-04T06:53:27.827+0000] {dag.py:3820} INFO - Setting next_dagrun for latest_only_with_trigger to 2026-06-04T00:00:00+00:00, run_after=2026-06-04T04:00:00+00:00
[2026-06-04T06:53:27.957+0000] {processor.py:183} INFO - Processing /home/airflow/.local/lib/python3.8/site-packages/airflow/example_dags/example_latest_only_with_trigger.py took 0.162 seconds
[2026-06-04T06:53:58.735+0000] {processor.py:161} INFO - Started process (PID=1979) to work on /home/airflow/.local/lib/python3.8/site-packages/airflow/example_dags/example_latest_only_with_trigger.py
[2026-06-04T06:53:58.735+0000] {processor.py:830} INFO - Processing file /home/airflow/.local/lib/python3.8/site-packages/airflow/example_dags/example_latest_only_with_trigger.py for tasks to queue
[2026-06-04T06:53:58.736+0000] {logging_mixin.py:188} INFO - [2026-06-04T06:53:58.736+0000] {dagbag.py:538} INFO - Filling up the DagBag from /home/airflow/.local/lib/python3.8/site-packages/airflow/example_dags/example_latest_only_with_trigger.py
[2026-06-04T06:53:58.740+0000] {processor.py:840} INFO - DAG(s) 'latest_only_with_trigger' retrieved from /home/airflow/.local/lib/python3.8/site-packages/airflow/example_dags/example_latest_only_with_trigger.py
[2026-06-04T06:53:58.752+0000] {logging_mixin.py:188} INFO - [2026-06-04T06:53:58.752+0000] {dag.py:3033} INFO - Sync 1 DAGs
[2026-06-04T06:53:58.762+0000] {logging_mixin.py:188} INFO - [2026-06-04T06:53:58.761+0000] {dag.py:3820} INFO - Setting next_dagrun for latest_only_with_trigger to 2026-06-04T00:00:00+00:00, run_after=2026-06-04T04:00:00+00:00
[2026-06-04T06:53:58.776+0000] {processor.py:183} INFO - Processing /home/airflow/.local/lib/python3.8/site-packages/airflow/example_dags/example_latest_only_with_trigger.py took 0.042 seconds
[2026-06-04T06:54:29.004+0000] {processor.py:161} INFO - Started process (PID=2035) to work on /home/airflow/.local/lib/python3.8/site-packages/airflow/example_dags/example_latest_only_with_trigger.py
[2026-06-04T06:54:29.005+0000] {processor.py:830} INFO - Processing file /home/airflow/.local/lib/python3.8/site-packages/airflow/example_dags/example_latest_only_with_trigger.py for tasks to queue
[2026-06-04T06:54:29.006+0000] {logging_mixin.py:188} INFO - [2026-06-04T06:54:29.006+0000] {dagbag.py:538} INFO - Filling up the DagBag from /home/airflow/.local/lib/python3.8/site-packages/airflow/example_dags/example_latest_only_with_trigger.py
[2026-06-04T06:54:29.009+0000] {processor.py:840} INFO - DAG(s) 'latest_only_with_trigger' retrieved from /home/airflow/.local/lib/python3.8/site-packages/airflow/example_dags/example_latest_only_with_trigger.py
[2026-06-04T06:54:29.020+0000] {logging_mixin.py:188} INFO - [2026-06-04T06:54:29.020+0000] {dag.py:3033} INFO - Sync 1 DAGs
[2026-06-04T06:54:29.029+0000] {logging_mixin.py:188} INFO - [2026-06-04T06:54:29.029+0000] {dag.py:3820} INFO - Setting next_dagrun for latest_only_with_trigger to 2026-06-04T00:00:00+00:00, run_after=2026-06-04T04:00:00+00:00
[2026-06-04T06:54:29.042+0000] {processor.py:183} INFO - Processing /home/airflow/.local/lib/python3.8/site-packages/airflow/example_dags/example_latest_only_with_trigger.py took 0.040 seconds
[2026-06-04T06:55:00.642+0000] {processor.py:161} INFO - Started process (PID=2091) to work on /home/airflow/.local/lib/python3.8/site-packages/airflow/example_dags/example_latest_only_with_trigger.py
[2026-06-04T06:55:00.643+0000] {processor.py:830} INFO - Processing file /home/airflow/.local/lib/python3.8/site-packages/airflow/example_dags/example_latest_only_with_trigger.py for tasks to queue
[2026-06-04T06:55:00.646+0000] {logging_mixin.py:188} INFO - [2026-06-04T06:55:00.646+0000] {dagbag.py:538} INFO - Filling up the DagBag from /home/airflow/.local/lib/python3.8/site-packages/airflow/example_dags/example_latest_only_with_trigger.py
[2026-06-04T06:55:00.649+0000] {processor.py:840} INFO - DAG(s) 'latest_only_with_trigger' retrieved from /home/airflow/.local/lib/python3.8/site-packages/airflow/example_dags/example_latest_only_with_trigger.py
[2026-06-04T06:55:00.663+0000] {logging_mixin.py:188} INFO - [2026-06-04T06:55:00.663+0000] {dag.py:3033} INFO - Sync 1 DAGs
[2026-06-04T06:55:00.675+0000] {logging_mixin.py:188} INFO - [2026-06-04T06:55:00.675+0000] {dag.py:3820} INFO - Setting next_dagrun for latest_only_with_trigger to 2026-06-04T00:00:00+00:00, run_after=2026-06-04T04:00:00+00:00
[2026-06-04T06:55:00.689+0000] {processor.py:183} INFO - Processing /home/airflow/.local/lib/python3.8/site-packages/airflow/example_dags/example_latest_only_with_trigger.py took 0.049 seconds
[2026-06-04T06:55:30.843+0000] {processor.py:161} INFO - Started process (PID=2147) to work on /home/airflow/.local/lib/python3.8/site-packages/airflow/example_dags/example_latest_only_with_trigger.py
[2026-06-04T06:55:30.844+0000] {processor.py:830} INFO - Processing file /home/airflow/.local/lib/python3.8/site-packages/airflow/example_dags/example_latest_only_with_trigger.py for tasks to queue
[2026-06-04T06:55:30.845+0000] {logging_mixin.py:188} INFO - [2026-06-04T06:55:30.845+0000] {dagbag.py:538} INFO - Filling up the DagBag from /home/airflow/.local/lib/python3.8/site-packages/airflow/example_dags/example_latest_only_with_trigger.py
[2026-06-04T06:55:30.848+0000] {processor.py:840} INFO - DAG(s) 'latest_only_with_trigger' retrieved from /home/airflow/.local/lib/python3.8/site-packages/airflow/example_dags/example_latest_only_with_trigger.py
[2026-06-04T06:55:30.859+0000] {logging_mixin.py:188} INFO - [2026-06-04T06:55:30.858+0000] {dag.py:3033} INFO - Sync 1 DAGs
[2026-06-04T06:55:30.942+0000] {logging_mixin.py:188} INFO - [2026-06-04T06:55:30.941+0000] {dag.py:3820} INFO - Setting next_dagrun for latest_only_with_trigger to 2026-06-04T00:00:00+00:00, run_after=2026-06-04T04:00:00+00:00
[2026-06-04T06:55:30.952+0000] {processor.py:183} INFO - Processing /home/airflow/.local/lib/python3.8/site-packages/airflow/example_dags/example_latest_only_with_trigger.py took 0.110 seconds
[2026-06-04T06:56:01.766+0000] {processor.py:161} INFO - Started process (PID=2203) to work on /home/airflow/.local/lib/python3.8/site-packages/airflow/example_dags/example_latest_only_with_trigger.py
[2026-06-04T06:56:01.767+0000] {processor.py:830} INFO - Processing file /home/airflow/.local/lib/python3.8/site-packages/airflow/example_dags/example_latest_only_with_trigger.py for tasks to queue
[2026-06-04T06:56:01.772+0000] {logging_mixin.py:188} INFO - [2026-06-04T06:56:01.771+0000] {dagbag.py:538} INFO - Filling up the DagBag from /home/airflow/.local/lib/python3.8/site-packages/airflow/example_dags/example_latest_only_with_trigger.py
[2026-06-04T06:56:01.779+0000] {processor.py:840} INFO - DAG(s) 'latest_only_with_trigger' retrieved from /home/airflow/.local/lib/python3.8/site-packages/airflow/example_dags/example_latest_only_with_trigger.py
[2026-06-04T06:56:01.795+0000] {logging_mixin.py:188} INFO - [2026-06-04T06:56:01.795+0000] {dag.py:3033} INFO - Sync 1 DAGs
[2026-06-04T06:56:01.805+0000] {logging_mixin.py:188} INFO - [2026-06-04T06:56:01.805+0000] {dag.py:3820} INFO - Setting next_dagrun for latest_only_with_trigger to 2026-06-04T00:00:00+00:00, run_after=2026-06-04T04:00:00+00:00
[2026-06-04T06:56:01.940+0000] {processor.py:183} INFO - Processing /home/airflow/.local/lib/python3.8/site-packages/airflow/example_dags/example_latest_only_with_trigger.py took 0.176 seconds
[2026-06-04T06:56:32.856+0000] {processor.py:161} INFO - Started process (PID=2260) to work on /home/airflow/.local/lib/python3.8/site-packages/airflow/example_dags/example_latest_only_with_trigger.py
[2026-06-04T06:56:32.857+0000] {processor.py:830} INFO - Processing file /home/airflow/.local/lib/python3.8/site-packages/airflow/example_dags/example_latest_only_with_trigger.py for tasks to queue
[2026-06-04T06:56:32.859+0000] {logging_mixin.py:188} INFO - [2026-06-04T06:56:32.859+0000] {dagbag.py:538} INFO - Filling up the DagBag from /home/airflow/.local/lib/python3.8/site-packages/airflow/example_dags/example_latest_only_with_trigger.py
[2026-06-04T06:56:32.862+0000] {processor.py:840} INFO - DAG(s) 'latest_only_with_trigger' retrieved from /home/airflow/.local/lib/python3.8/site-packages/airflow/example_dags/example_latest_only_with_trigger.py
[2026-06-04T06:56:32.875+0000] {logging_mixin.py:188} INFO - [2026-06-04T06:56:32.875+0000] {dag.py:3033} INFO - Sync 1 DAGs
[2026-06-04T06:56:32.887+0000] {logging_mixin.py:188} INFO - [2026-06-04T06:56:32.886+0000] {dag.py:3820} INFO - Setting next_dagrun for latest_only_with_trigger to 2026-06-04T00:00:00+00:00, run_after=2026-06-04T04:00:00+00:00
[2026-06-04T06:56:32.904+0000] {processor.py:183} INFO - Processing /home/airflow/.local/lib/python3.8/site-packages/airflow/example_dags/example_latest_only_with_trigger.py took 0.050 seconds
[2026-06-04T06:57:03.159+0000] {processor.py:161} INFO - Started process (PID=2316) to work on /home/airflow/.local/lib/python3.8/site-packages/airflow/example_dags/example_latest_only_with_trigger.py
[2026-06-04T06:57:03.161+0000] {processor.py:830} INFO - Processing file /home/airflow/.local/lib/python3.8/site-packages/airflow/example_dags/example_latest_only_with_trigger.py for tasks to queue
[2026-06-04T06:57:03.165+0000] {logging_mixin.py:188} INFO - [2026-06-04T06:57:03.165+0000] {dagbag.py:538} INFO - Filling up the DagBag from /home/airflow/.local/lib/python3.8/site-packages/airflow/example_dags/example_latest_only_with_trigger.py
[2026-06-04T06:57:03.171+0000] {processor.py:840} INFO - DAG(s) 'latest_only_with_trigger' retrieved from /home/airflow/.local/lib/python3.8/site-packages/airflow/example_dags/example_latest_only_with_trigger.py
[2026-06-04T06:57:03.200+0000] {logging_mixin.py:188} INFO - [2026-06-04T06:57:03.200+0000] {dag.py:3033} INFO - Sync 1 DAGs
[2026-06-04T06:57:03.218+0000] {logging_mixin.py:188} INFO - [2026-06-04T06:57:03.218+0000] {dag.py:3820} INFO - Setting next_dagrun for latest_only_with_trigger to 2026-06-04T00:00:00+00:00, run_after=2026-06-04T04:00:00+00:00
[2026-06-04T06:57:03.241+0000] {processor.py:183} INFO - Processing /home/airflow/.local/lib/python3.8/site-packages/airflow/example_dags/example_latest_only_with_trigger.py took 0.096 seconds
[2026-06-04T06:57:33.806+0000] {processor.py:161} INFO - Started process (PID=2372) to work on /home/airflow/.local/lib/python3.8/site-packages/airflow/example_dags/example_latest_only_with_trigger.py
[2026-06-04T06:57:33.807+0000] {processor.py:830} INFO - Processing file /home/airflow/.local/lib/python3.8/site-packages/airflow/example_dags/example_latest_only_with_trigger.py for tasks to queue
[2026-06-04T06:57:33.809+0000] {logging_mixin.py:188} INFO - [2026-06-04T06:57:33.809+0000] {dagbag.py:538} INFO - Filling up the DagBag from /home/airflow/.local/lib/python3.8/site-packages/airflow/example_dags/example_latest_only_with_trigger.py
[2026-06-04T06:57:33.811+0000] {processor.py:840} INFO - DAG(s) 'latest_only_with_trigger' retrieved from /home/airflow/.local/lib/python3.8/site-packages/airflow/example_dags/example_latest_only_with_trigger.py
[2026-06-04T06:57:33.821+0000] {logging_mixin.py:188} INFO - [2026-06-04T06:57:33.820+0000] {dag.py:3033} INFO - Sync 1 DAGs
[2026-06-04T06:57:33.835+0000] {logging_mixin.py:188} INFO - [2026-06-04T06:57:33.835+0000] {dag.py:3820} INFO - Setting next_dagrun for latest_only_with_trigger to 2026-06-04T00:00:00+00:00, run_after=2026-06-04T04:00:00+00:00
[2026-06-04T06:57:33.842+0000] {processor.py:183} INFO - Processing /home/airflow/.local/lib/python3.8/site-packages/airflow/example_dags/example_latest_only_with_trigger.py took 0.037 seconds
[2026-06-04T06:58:04.964+0000] {processor.py:161} INFO - Started process (PID=2428) to work on /home/airflow/.local/lib/python3.8/site-packages/airflow/example_dags/example_latest_only_with_trigger.py
[2026-06-04T06:58:04.965+0000] {processor.py:830} INFO - Processing file /home/airflow/.local/lib/python3.8/site-packages/airflow/example_dags/example_latest_only_with_trigger.py for tasks to queue
[2026-06-04T06:58:04.967+0000] {logging_mixin.py:188} INFO - [2026-06-04T06:58:04.967+0000] {dagbag.py:538} INFO - Filling up the DagBag from /home/airflow/.local/lib/python3.8/site-packages/airflow/example_dags/example_latest_only_with_trigger.py
[2026-06-04T06:58:04.973+0000] {processor.py:840} INFO - DAG(s) 'latest_only_with_trigger' retrieved from /home/airflow/.local/lib/python3.8/site-packages/airflow/example_dags/example_latest_only_with_trigger.py
[2026-06-04T06:58:04.987+0000] {logging_mixin.py:188} INFO - [2026-06-04T06:58:04.987+0000] {dag.py:3033} INFO - Sync 1 DAGs
[2026-06-04T06:58:04.996+0000] {logging_mixin.py:188} INFO - [2026-06-04T06:58:04.996+0000] {dag.py:3820} INFO - Setting next_dagrun for latest_only_with_trigger to 2026-06-04T00:00:00+00:00, run_after=2026-06-04T04:00:00+00:00
[2026-06-04T06:58:05.011+0000] {processor.py:183} INFO - Processing /home/airflow/.local/lib/python3.8/site-packages/airflow/example_dags/example_latest_only_with_trigger.py took 0.049 seconds
[2026-06-04T06:58:35.575+0000] {processor.py:161} INFO - Started process (PID=2484) to work on /home/airflow/.local/lib/python3.8/site-packages/airflow/example_dags/example_latest_only_with_trigger.py
[2026-06-04T06:58:35.577+0000] {processor.py:830} INFO - Processing file /home/airflow/.local/lib/python3.8/site-packages/airflow/example_dags/example_latest_only_with_trigger.py for tasks to queue
[2026-06-04T06:58:35.578+0000] {logging_mixin.py:188} INFO - [2026-06-04T06:58:35.578+0000] {dagbag.py:538} INFO - Filling up the DagBag from /home/airflow/.local/lib/python3.8/site-packages/airflow/example_dags/example_latest_only_with_trigger.py
[2026-06-04T06:58:35.580+0000] {processor.py:840} INFO - DAG(s) 'latest_only_with_trigger' retrieved from /home/airflow/.local/lib/python3.8/site-packages/airflow/example_dags/example_latest_only_with_trigger.py
[2026-06-04T06:58:35.598+0000] {logging_mixin.py:188} INFO - [2026-06-04T06:58:35.598+0000] {dag.py:3033} INFO - Sync 1 DAGs
[2026-06-04T06:58:35.610+0000] {logging_mixin.py:188} INFO - [2026-06-04T06:58:35.610+0000] {dag.py:3820} INFO - Setting next_dagrun for latest_only_with_trigger to 2026-06-04T00:00:00+00:00, run_after=2026-06-04T04:00:00+00:00
[2026-06-04T06:58:35.621+0000] {processor.py:183} INFO - Processing /home/airflow/.local/lib/python3.8/site-packages/airflow/example_dags/example_latest_only_with_trigger.py took 0.047 seconds
[2026-06-04T06:59:05.968+0000] {processor.py:161} INFO - Started process (PID=2540) to work on /home/airflow/.local/lib/python3.8/site-packages/airflow/example_dags/example_latest_only_with_trigger.py
[2026-06-04T06:59:05.969+0000] {processor.py:830} INFO - Processing file /home/airflow/.local/lib/python3.8/site-packages/airflow/example_dags/example_latest_only_with_trigger.py for tasks to queue
[2026-06-04T06:59:05.971+0000] {logging_mixin.py:188} INFO - [2026-06-04T06:59:05.971+0000] {dagbag.py:538} INFO - Filling up the DagBag from /home/airflow/.local/lib/python3.8/site-packages/airflow/example_dags/example_latest_only_with_trigger.py
[2026-06-04T06:59:05.974+0000] {processor.py:840} INFO - DAG(s) 'latest_only_with_trigger' retrieved from /home/airflow/.local/lib/python3.8/site-packages/airflow/example_dags/example_latest_only_with_trigger.py
[2026-06-04T06:59:05.986+0000] {logging_mixin.py:188} INFO - [2026-06-04T06:59:05.986+0000] {dag.py:3033} INFO - Sync 1 DAGs
[2026-06-04T06:59:05.998+0000] {logging_mixin.py:188} INFO - [2026-06-04T06:59:05.998+0000] {dag.py:3820} INFO - Setting next_dagrun for latest_only_with_trigger to 2026-06-04T00:00:00+00:00, run_after=2026-06-04T04:00:00+00:00
[2026-06-04T06:59:06.008+0000] {processor.py:183} INFO - Processing /home/airflow/.local/lib/python3.8/site-packages/airflow/example_dags/example_latest_only_with_trigger.py took 0.041 seconds
[2026-06-04T06:59:37.483+0000] {processor.py:161} INFO - Started process (PID=2596) to work on /home/airflow/.local/lib/python3.8/site-packages/airflow/example_dags/example_latest_only_with_trigger.py
[2026-06-04T06:59:37.485+0000] {processor.py:830} INFO - Processing file /home/airflow/.local/lib/python3.8/site-packages/airflow/example_dags/example_latest_only_with_trigger.py for tasks to queue
[2026-06-04T06:59:37.488+0000] {logging_mixin.py:188} INFO - [2026-06-04T06:59:37.487+0000] {dagbag.py:538} INFO - Filling up the DagBag from /home/airflow/.local/lib/python3.8/site-packages/airflow/example_dags/example_latest_only_with_trigger.py
[2026-06-04T06:59:37.492+0000] {processor.py:840} INFO - DAG(s) 'latest_only_with_trigger' retrieved from /home/airflow/.local/lib/python3.8/site-packages/airflow/example_dags/example_latest_only_with_trigger.py
[2026-06-04T06:59:37.505+0000] {logging_mixin.py:188} INFO - [2026-06-04T06:59:37.505+0000] {dag.py:3033} INFO - Sync 1 DAGs
[2026-06-04T06:59:37.516+0000] {logging_mixin.py:188} INFO - [2026-06-04T06:59:37.516+0000] {dag.py:3820} INFO - Setting next_dagrun for latest_only_with_trigger to 2026-06-04T00:00:00+00:00, run_after=2026-06-04T04:00:00+00:00
[2026-06-04T06:59:37.525+0000] {processor.py:183} INFO - Processing /home/airflow/.local/lib/python3.8/site-packages/airflow/example_dags/example_latest_only_with_trigger.py took 0.060 seconds
[2026-06-04T07:00:08.149+0000] {processor.py:161} INFO - Started process (PID=2652) to work on /home/airflow/.local/lib/python3.8/site-packages/airflow/example_dags/example_latest_only_with_trigger.py
[2026-06-04T07:00:08.151+0000] {processor.py:830} INFO - Processing file /home/airflow/.local/lib/python3.8/site-packages/airflow/example_dags/example_latest_only_with_trigger.py for tasks to queue
[2026-06-04T07:00:08.153+0000] {logging_mixin.py:188} INFO - [2026-06-04T07:00:08.153+0000] {dagbag.py:538} INFO - Filling up the DagBag from /home/airflow/.local/lib/python3.8/site-packages/airflow/example_dags/example_latest_only_with_trigger.py
[2026-06-04T07:00:08.157+0000] {processor.py:840} INFO - DAG(s) 'latest_only_with_trigger' retrieved from /home/airflow/.local/lib/python3.8/site-packages/airflow/example_dags/example_latest_only_with_trigger.py
[2026-06-04T07:00:08.172+0000] {logging_mixin.py:188} INFO - [2026-06-04T07:00:08.172+0000] {dag.py:3033} INFO - Sync 1 DAGs
[2026-06-04T07:00:08.182+0000] {logging_mixin.py:188} INFO - [2026-06-04T07:00:08.182+0000] {dag.py:3820} INFO - Setting next_dagrun for latest_only_with_trigger to 2026-06-04T00:00:00+00:00, run_after=2026-06-04T04:00:00+00:00
[2026-06-04T07:00:08.195+0000] {processor.py:183} INFO - Processing /home/airflow/.local/lib/python3.8/site-packages/airflow/example_dags/example_latest_only_with_trigger.py took 0.047 seconds
[2026-06-04T07:00:38.796+0000] {processor.py:161} INFO - Started process (PID=2708) to work on /home/airflow/.local/lib/python3.8/site-packages/airflow/example_dags/example_latest_only_with_trigger.py
[2026-06-04T07:00:38.797+0000] {processor.py:830} INFO - Processing file /home/airflow/.local/lib/python3.8/site-packages/airflow/example_dags/example_latest_only_with_trigger.py for tasks to queue
[2026-06-04T07:00:38.800+0000] {logging_mixin.py:188} INFO - [2026-06-04T07:00:38.800+0000] {dagbag.py:538} INFO - Filling up the DagBag from /home/airflow/.local/lib/python3.8/site-packages/airflow/example_dags/example_latest_only_with_trigger.py
[2026-06-04T07:00:38.817+0000] {processor.py:840} INFO - DAG(s) 'latest_only_with_trigger' retrieved from /home/airflow/.local/lib/python3.8/site-packages/airflow/example_dags/example_latest_only_with_trigger.py
[2026-06-04T07:00:38.845+0000] {logging_mixin.py:188} INFO - [2026-06-04T07:00:38.845+0000] {dag.py:3033} INFO - Sync 1 DAGs
[2026-06-04T07:00:38.871+0000] {logging_mixin.py:188} INFO - [2026-06-04T07:00:38.870+0000] {dag.py:3820} INFO - Setting next_dagrun for latest_only_with_trigger to 2026-06-04T00:00:00+00:00, run_after=2026-06-04T04:00:00+00:00
[2026-06-04T07:00:38.885+0000] {processor.py:183} INFO - Processing /home/airflow/.local/lib/python3.8/site-packages/airflow/example_dags/example_latest_only_with_trigger.py took 0.093 seconds
[2026-06-04T07:01:09.919+0000] {processor.py:161} INFO - Started process (PID=2764) to work on /home/airflow/.local/lib/python3.8/site-packages/airflow/example_dags/example_latest_only_with_trigger.py
[2026-06-04T07:01:09.921+0000] {processor.py:830} INFO - Processing file /home/airflow/.local/lib/python3.8/site-packages/airflow/example_dags/example_latest_only_with_trigger.py for tasks to queue
[2026-06-04T07:01:09.924+0000] {logging_mixin.py:188} INFO - [2026-06-04T07:01:09.923+0000] {dagbag.py:538} INFO - Filling up the DagBag from /home/airflow/.local/lib/python3.8/site-packages/airflow/example_dags/example_latest_only_with_trigger.py
[2026-06-04T07:01:09.934+0000] {processor.py:840} INFO - DAG(s) 'latest_only_with_trigger' retrieved from /home/airflow/.local/lib/python3.8/site-packages/airflow/example_dags/example_latest_only_with_trigger.py
[2026-06-04T07:01:09.957+0000] {logging_mixin.py:188} INFO - [2026-06-04T07:01:09.957+0000] {dag.py:3033} INFO - Sync 1 DAGs
[2026-06-04T07:01:09.972+0000] {logging_mixin.py:188} INFO - [2026-06-04T07:01:09.972+0000] {dag.py:3820} INFO - Setting next_dagrun for latest_only_with_trigger to 2026-06-04T00:00:00+00:00, run_after=2026-06-04T04:00:00+00:00
[2026-06-04T07:01:09.982+0000] {processor.py:183} INFO - Processing /home/airflow/.local/lib/python3.8/site-packages/airflow/example_dags/example_latest_only_with_trigger.py took 0.065 seconds
[2026-06-04T07:01:40.232+0000] {processor.py:161} INFO - Started process (PID=2820) to work on /home/airflow/.local/lib/python3.8/site-packages/airflow/example_dags/example_latest_only_with_trigger.py
[2026-06-04T07:01:40.233+0000] {processor.py:830} INFO - Processing file /home/airflow/.local/lib/python3.8/site-packages/airflow/example_dags/example_latest_only_with_trigger.py for tasks to queue
[2026-06-04T07:01:40.236+0000] {logging_mixin.py:188} INFO - [2026-06-04T07:01:40.236+0000] {dagbag.py:538} INFO - Filling up the DagBag from /home/airflow/.local/lib/python3.8/site-packages/airflow/example_dags/example_latest_only_with_trigger.py
[2026-06-04T07:01:40.240+0000] {processor.py:840} INFO - DAG(s) 'latest_only_with_trigger' retrieved from /home/airflow/.local/lib/python3.8/site-packages/airflow/example_dags/example_latest_only_with_trigger.py
[2026-06-04T07:01:40.255+0000] {logging_mixin.py:188} INFO - [2026-06-04T07:01:40.255+0000] {dag.py:3033} INFO - Sync 1 DAGs
[2026-06-04T07:01:40.270+0000] {logging_mixin.py:188} INFO - [2026-06-04T07:01:40.270+0000] {dag.py:3820} INFO - Setting next_dagrun for latest_only_with_trigger to 2026-06-04T00:00:00+00:00, run_after=2026-06-04T04:00:00+00:00
[2026-06-04T07:01:40.279+0000] {processor.py:183} INFO - Processing /home/airflow/.local/lib/python3.8/site-packages/airflow/example_dags/example_latest_only_with_trigger.py took 0.049 seconds
[2026-06-04T07:02:13.897+0000] {processor.py:161} INFO - Started process (PID=2882) to work on /home/airflow/.local/lib/python3.8/site-packages/airflow/example_dags/example_latest_only_with_trigger.py
[2026-06-04T07:02:13.900+0000] {processor.py:830} INFO - Processing file /home/airflow/.local/lib/python3.8/site-packages/airflow/example_dags/example_latest_only_with_trigger.py for tasks to queue
[2026-06-04T07:02:13.905+0000] {logging_mixin.py:188} INFO - [2026-06-04T07:02:13.905+0000] {dagbag.py:538} INFO - Filling up the DagBag from /home/airflow/.local/lib/python3.8/site-packages/airflow/example_dags/example_latest_only_with_trigger.py
[2026-06-04T07:02:13.915+0000] {processor.py:840} INFO - DAG(s) 'latest_only_with_trigger' retrieved from /home/airflow/.local/lib/python3.8/site-packages/airflow/example_dags/example_latest_only_with_trigger.py
[2026-06-04T07:02:14.046+0000] {logging_mixin.py:188} INFO - [2026-06-04T07:02:14.037+0000] {dag.py:3033} INFO - Sync 1 DAGs
[2026-06-04T07:02:14.115+0000] {logging_mixin.py:188} INFO - [2026-06-04T07:02:14.115+0000] {dag.py:3820} INFO - Setting next_dagrun for latest_only_with_trigger to 2026-06-04T00:00:00+00:00, run_after=2026-06-04T04:00:00+00:00
[2026-06-04T07:02:14.140+0000] {processor.py:183} INFO - Processing /home/airflow/.local/lib/python3.8/site-packages/airflow/example_dags/example_latest_only_with_trigger.py took 0.252 seconds
[2026-06-04T07:02:44.987+0000] {processor.py:161} INFO - Started process (PID=2939) to work on /home/airflow/.local/lib/python3.8/site-packages/airflow/example_dags/example_latest_only_with_trigger.py
[2026-06-04T07:02:44.987+0000] {processor.py:830} INFO - Processing file /home/airflow/.local/lib/python3.8/site-packages/airflow/example_dags/example_latest_only_with_trigger.py for tasks to queue
[2026-06-04T07:02:44.988+0000] {logging_mixin.py:188} INFO - [2026-06-04T07:02:44.988+0000] {dagbag.py:538} INFO - Filling up the DagBag from /home/airflow/.local/lib/python3.8/site-packages/airflow/example_dags/example_latest_only_with_trigger.py
[2026-06-04T07:02:44.991+0000] {processor.py:840} INFO - DAG(s) 'latest_only_with_trigger' retrieved from /home/airflow/.local/lib/python3.8/site-packages/airflow/example_dags/example_latest_only_with_trigger.py
[2026-06-04T07:02:45.006+0000] {logging_mixin.py:188} INFO - [2026-06-04T07:02:45.005+0000] {dag.py:3033} INFO - Sync 1 DAGs
[2026-06-04T07:02:45.017+0000] {logging_mixin.py:188} INFO - [2026-06-04T07:02:45.017+0000] {dag.py:3820} INFO - Setting next_dagrun for latest_only_with_trigger to 2026-06-04T00:00:00+00:00, run_after=2026-06-04T04:00:00+00:00
[2026-06-04T07:02:45.025+0000] {processor.py:183} INFO - Processing /home/airflow/.local/lib/python3.8/site-packages/airflow/example_dags/example_latest_only_with_trigger.py took 0.040 seconds
[2026-06-04T07:03:16.270+0000] {processor.py:161} INFO - Started process (PID=2996) to work on /home/airflow/.local/lib/python3.8/site-packages/airflow/example_dags/example_latest_only_with_trigger.py
[2026-06-04T07:03:16.271+0000] {processor.py:830} INFO - Processing file /home/airflow/.local/lib/python3.8/site-packages/airflow/example_dags/example_latest_only_with_trigger.py for tasks to queue
[2026-06-04T07:03:16.273+0000] {logging_mixin.py:188} INFO - [2026-06-04T07:03:16.272+0000] {dagbag.py:538} INFO - Filling up the DagBag from /home/airflow/.local/lib/python3.8/site-packages/airflow/example_dags/example_latest_only_with_trigger.py
[2026-06-04T07:03:16.286+0000] {processor.py:840} INFO - DAG(s) 'latest_only_with_trigger' retrieved from /home/airflow/.local/lib/python3.8/site-packages/airflow/example_dags/example_latest_only_with_trigger.py
[2026-06-04T07:03:16.317+0000] {logging_mixin.py:188} INFO - [2026-06-04T07:03:16.317+0000] {dag.py:3033} INFO - Sync 1 DAGs
[2026-06-04T07:03:16.330+0000] {logging_mixin.py:188} INFO - [2026-06-04T07:03:16.329+0000] {dag.py:3820} INFO - Setting next_dagrun for latest_only_with_trigger to 2026-06-04T00:00:00+00:00, run_after=2026-06-04T04:00:00+00:00
[2026-06-04T07:03:16.349+0000] {processor.py:183} INFO - Processing /home/airflow/.local/lib/python3.8/site-packages/airflow/example_dags/example_latest_only_with_trigger.py took 0.082 seconds
[2026-06-04T07:03:46.634+0000] {processor.py:161} INFO - Started process (PID=3052) to work on /home/airflow/.local/lib/python3.8/site-packages/airflow/example_dags/example_latest_only_with_trigger.py
[2026-06-04T07:03:46.635+0000] {processor.py:830} INFO - Processing file /home/airflow/.local/lib/python3.8/site-packages/airflow/example_dags/example_latest_only_with_trigger.py for tasks to queue
[2026-06-04T07:03:46.636+0000] {logging_mixin.py:188} INFO - [2026-06-04T07:03:46.636+0000] {dagbag.py:538} INFO - Filling up the DagBag from /home/airflow/.local/lib/python3.8/site-packages/airflow/example_dags/example_latest_only_with_trigger.py
[2026-06-04T07:03:46.639+0000] {processor.py:840} INFO - DAG(s) 'latest_only_with_trigger' retrieved from /home/airflow/.local/lib/python3.8/site-packages/airflow/example_dags/example_latest_only_with_trigger.py
[2026-06-04T07:03:46.652+0000] {logging_mixin.py:188} INFO - [2026-06-04T07:03:46.652+0000] {dag.py:3033} INFO - Sync 1 DAGs
[2026-06-04T07:03:46.675+0000] {logging_mixin.py:188} INFO - [2026-06-04T07:03:46.675+0000] {dag.py:3820} INFO - Setting next_dagrun for latest_only_with_trigger to 2026-06-04T00:00:00+00:00, run_after=2026-06-04T04:00:00+00:00
[2026-06-04T07:03:46.692+0000] {processor.py:183} INFO - Processing /home/airflow/.local/lib/python3.8/site-packages/airflow/example_dags/example_latest_only_with_trigger.py took 0.060 seconds
[2026-06-04T07:04:17.516+0000] {processor.py:161} INFO - Started process (PID=3108) to work on /home/airflow/.local/lib/python3.8/site-packages/airflow/example_dags/example_latest_only_with_trigger.py
[2026-06-04T07:04:17.517+0000] {processor.py:830} INFO - Processing file /home/airflow/.local/lib/python3.8/site-packages/airflow/example_dags/example_latest_only_with_trigger.py for tasks to queue
[2026-06-04T07:04:17.517+0000] {logging_mixin.py:188} INFO - [2026-06-04T07:04:17.517+0000] {dagbag.py:538} INFO - Filling up the DagBag from /home/airflow/.local/lib/python3.8/site-packages/airflow/example_dags/example_latest_only_with_trigger.py
[2026-06-04T07:04:17.535+0000] {processor.py:840} INFO - DAG(s) 'latest_only_with_trigger' retrieved from /home/airflow/.local/lib/python3.8/site-packages/airflow/example_dags/example_latest_only_with_trigger.py
[2026-06-04T07:04:17.581+0000] {logging_mixin.py:188} INFO - [2026-06-04T07:04:17.581+0000] {dag.py:3033} INFO - Sync 1 DAGs
[2026-06-04T07:04:17.612+0000] {logging_mixin.py:188} INFO - [2026-06-04T07:04:17.612+0000] {dag.py:3820} INFO - Setting next_dagrun for latest_only_with_trigger to 2026-06-04T00:00:00+00:00, run_after=2026-06-04T04:00:00+00:00
[2026-06-04T07:04:17.625+0000] {processor.py:183} INFO - Processing /home/airflow/.local/lib/python3.8/site-packages/airflow/example_dags/example_latest_only_with_trigger.py took 0.110 seconds
[2026-06-04T07:04:47.981+0000] {processor.py:161} INFO - Started process (PID=3163) to work on /home/airflow/.local/lib/python3.8/site-packages/airflow/example_dags/example_latest_only_with_trigger.py
[2026-06-04T07:04:47.983+0000] {processor.py:830} INFO - Processing file /home/airflow/.local/lib/python3.8/site-packages/airflow/example_dags/example_latest_only_with_trigger.py for tasks to queue
[2026-06-04T07:04:47.985+0000] {logging_mixin.py:188} INFO - [2026-06-04T07:04:47.984+0000] {dagbag.py:538} INFO - Filling up the DagBag from /home/airflow/.local/lib/python3.8/site-packages/airflow/example_dags/example_latest_only_with_trigger.py
[2026-06-04T07:04:47.992+0000] {processor.py:840} INFO - DAG(s) 'latest_only_with_trigger' retrieved from /home/airflow/.local/lib/python3.8/site-packages/airflow/example_dags/example_latest_only_with_trigger.py
[2026-06-04T07:04:48.008+0000] {logging_mixin.py:188} INFO - [2026-06-04T07:04:48.008+0000] {dag.py:3033} INFO - Sync 1 DAGs
[2026-06-04T07:04:48.033+0000] {logging_mixin.py:188} INFO - [2026-06-04T07:04:48.033+0000] {dag.py:3820} INFO - Setting next_dagrun for latest_only_with_trigger to 2026-06-04T00:00:00+00:00, run_after=2026-06-04T04:00:00+00:00
[2026-06-04T07:04:48.046+0000] {processor.py:183} INFO - Processing /home/airflow/.local/lib/python3.8/site-packages/airflow/example_dags/example_latest_only_with_trigger.py took 0.068 seconds
[2026-06-04T07:05:18.842+0000] {processor.py:161} INFO - Started process (PID=3219) to work on /home/airflow/.local/lib/python3.8/site-packages/airflow/example_dags/example_latest_only_with_trigger.py
[2026-06-04T07:05:18.842+0000] {processor.py:830} INFO - Processing file /home/airflow/.local/lib/python3.8/site-packages/airflow/example_dags/example_latest_only_with_trigger.py for tasks to queue
[2026-06-04T07:05:18.843+0000] {logging_mixin.py:188} INFO - [2026-06-04T07:05:18.843+0000] {dagbag.py:538} INFO - Filling up the DagBag from /home/airflow/.local/lib/python3.8/site-packages/airflow/example_dags/example_latest_only_with_trigger.py
[2026-06-04T07:05:18.847+0000] {processor.py:840} INFO - DAG(s) 'latest_only_with_trigger' retrieved from /home/airflow/.local/lib/python3.8/site-packages/airflow/example_dags/example_latest_only_with_trigger.py
[2026-06-04T07:05:18.866+0000] {logging_mixin.py:188} INFO - [2026-06-04T07:05:18.865+0000] {dag.py:3033} INFO - Sync 1 DAGs
[2026-06-04T07:05:18.880+0000] {logging_mixin.py:188} INFO - [2026-06-04T07:05:18.880+0000] {dag.py:3820} INFO - Setting next_dagrun for latest_only_with_trigger to 2026-06-04T00:00:00+00:00, run_after=2026-06-04T04:00:00+00:00
[2026-06-04T07:05:18.890+0000] {processor.py:183} INFO - Processing /home/airflow/.local/lib/python3.8/site-packages/airflow/example_dags/example_latest_only_with_trigger.py took 0.050 seconds
[2026-06-04T07:05:49.687+0000] {processor.py:161} INFO - Started process (PID=3275) to work on /home/airflow/.local/lib/python3.8/site-packages/airflow/example_dags/example_latest_only_with_trigger.py
[2026-06-04T07:05:49.689+0000] {processor.py:830} INFO - Processing file /home/airflow/.local/lib/python3.8/site-packages/airflow/example_dags/example_latest_only_with_trigger.py for tasks to queue
[2026-06-04T07:05:49.691+0000] {logging_mixin.py:188} INFO - [2026-06-04T07:05:49.691+0000] {dagbag.py:538} INFO - Filling up the DagBag from /home/airflow/.local/lib/python3.8/site-packages/airflow/example_dags/example_latest_only_with_trigger.py
[2026-06-04T07:05:49.696+0000] {processor.py:840} INFO - DAG(s) 'latest_only_with_trigger' retrieved from /home/airflow/.local/lib/python3.8/site-packages/airflow/example_dags/example_latest_only_with_trigger.py
[2026-06-04T07:05:49.708+0000] {logging_mixin.py:188} INFO - [2026-06-04T07:05:49.708+0000] {dag.py:3033} INFO - Sync 1 DAGs
[2026-06-04T07:05:49.729+0000] {logging_mixin.py:188} INFO - [2026-06-04T07:05:49.729+0000] {dag.py:3820} INFO - Setting next_dagrun for latest_only_with_trigger to 2026-06-04T00:00:00+00:00, run_after=2026-06-04T04:00:00+00:00
[2026-06-04T07:05:49.745+0000] {processor.py:183} INFO - Processing /home/airflow/.local/lib/python3.8/site-packages/airflow/example_dags/example_latest_only_with_trigger.py took 0.060 seconds
[2026-06-04T07:06:20.239+0000] {processor.py:161} INFO - Started process (PID=3330) to work on /home/airflow/.local/lib/python3.8/site-packages/airflow/example_dags/example_latest_only_with_trigger.py
[2026-06-04T07:06:20.239+0000] {processor.py:830} INFO - Processing file /home/airflow/.local/lib/python3.8/site-packages/airflow/example_dags/example_latest_only_with_trigger.py for tasks to queue
[2026-06-04T07:06:20.240+0000] {logging_mixin.py:188} INFO - [2026-06-04T07:06:20.240+0000] {dagbag.py:538} INFO - Filling up the DagBag from /home/airflow/.local/lib/python3.8/site-packages/airflow/example_dags/example_latest_only_with_trigger.py
[2026-06-04T07:06:20.243+0000] {processor.py:840} INFO - DAG(s) 'latest_only_with_trigger' retrieved from /home/airflow/.local/lib/python3.8/site-packages/airflow/example_dags/example_latest_only_with_trigger.py
[2026-06-04T07:06:20.252+0000] {logging_mixin.py:188} INFO - [2026-06-04T07:06:20.252+0000] {dag.py:3033} INFO - Sync 1 DAGs
[2026-06-04T07:06:20.260+0000] {logging_mixin.py:188} INFO - [2026-06-04T07:06:20.260+0000] {dag.py:3820} INFO - Setting next_dagrun for latest_only_with_trigger to 2026-06-04T00:00:00+00:00, run_after=2026-06-04T04:00:00+00:00
[2026-06-04T07:06:20.266+0000] {processor.py:183} INFO - Processing /home/airflow/.local/lib/python3.8/site-packages/airflow/example_dags/example_latest_only_with_trigger.py took 0.029 seconds
[2026-06-04T07:06:51.597+0000] {processor.py:161} INFO - Started process (PID=3387) to work on /home/airflow/.local/lib/python3.8/site-packages/airflow/example_dags/example_latest_only_with_trigger.py
[2026-06-04T07:06:51.598+0000] {processor.py:830} INFO - Processing file /home/airflow/.local/lib/python3.8/site-packages/airflow/example_dags/example_latest_only_with_trigger.py for tasks to queue
[2026-06-04T07:06:51.599+0000] {logging_mixin.py:188} INFO - [2026-06-04T07:06:51.599+0000] {dagbag.py:538} INFO - Filling up the DagBag from /home/airflow/.local/lib/python3.8/site-packages/airflow/example_dags/example_latest_only_with_trigger.py
[2026-06-04T07:06:51.603+0000] {processor.py:840} INFO - DAG(s) 'latest_only_with_trigger' retrieved from /home/airflow/.local/lib/python3.8/site-packages/airflow/example_dags/example_latest_only_with_trigger.py
[2026-06-04T07:06:51.618+0000] {logging_mixin.py:188} INFO - [2026-06-04T07:06:51.617+0000] {dag.py:3033} INFO - Sync 1 DAGs
[2026-06-04T07:06:51.637+0000] {logging_mixin.py:188} INFO - [2026-06-04T07:06:51.637+0000] {dag.py:3820} INFO - Setting next_dagrun for latest_only_with_trigger to 2026-06-04T00:00:00+00:00, run_after=2026-06-04T04:00:00+00:00
[2026-06-04T07:06:51.653+0000] {processor.py:183} INFO - Processing /home/airflow/.local/lib/python3.8/site-packages/airflow/example_dags/example_latest_only_with_trigger.py took 0.060 seconds
[2026-06-04T07:07:22.347+0000] {processor.py:161} INFO - Started process (PID=3443) to work on /home/airflow/.local/lib/python3.8/site-packages/airflow/example_dags/example_latest_only_with_trigger.py
[2026-06-04T07:07:22.349+0000] {processor.py:830} INFO - Processing file /home/airflow/.local/lib/python3.8/site-packages/airflow/example_dags/example_latest_only_with_trigger.py for tasks to queue
[2026-06-04T07:07:22.352+0000] {logging_mixin.py:188} INFO - [2026-06-04T07:07:22.351+0000] {dagbag.py:538} INFO - Filling up the DagBag from /home/airflow/.local/lib/python3.8/site-packages/airflow/example_dags/example_latest_only_with_trigger.py
[2026-06-04T07:07:22.356+0000] {processor.py:840} INFO - DAG(s) 'latest_only_with_trigger' retrieved from /home/airflow/.local/lib/python3.8/site-packages/airflow/example_dags/example_latest_only_with_trigger.py
[2026-06-04T07:07:22.368+0000] {logging_mixin.py:188} INFO - [2026-06-04T07:07:22.368+0000] {dag.py:3033} INFO - Sync 1 DAGs
[2026-06-04T07:07:22.380+0000] {logging_mixin.py:188} INFO - [2026-06-04T07:07:22.379+0000] {dag.py:3820} INFO - Setting next_dagrun for latest_only_with_trigger to 2026-06-04T00:00:00+00:00, run_after=2026-06-04T04:00:00+00:00
[2026-06-04T07:07:22.390+0000] {processor.py:183} INFO - Processing /home/airflow/.local/lib/python3.8/site-packages/airflow/example_dags/example_latest_only_with_trigger.py took 0.045 seconds
[2026-06-04T07:07:53.340+0000] {processor.py:161} INFO - Started process (PID=3499) to work on /home/airflow/.local/lib/python3.8/site-packages/airflow/example_dags/example_latest_only_with_trigger.py
[2026-06-04T07:07:53.341+0000] {processor.py:830} INFO - Processing file /home/airflow/.local/lib/python3.8/site-packages/airflow/example_dags/example_latest_only_with_trigger.py for tasks to queue
[2026-06-04T07:07:53.343+0000] {logging_mixin.py:188} INFO - [2026-06-04T07:07:53.343+0000] {dagbag.py:538} INFO - Filling up the DagBag from /home/airflow/.local/lib/python3.8/site-packages/airflow/example_dags/example_latest_only_with_trigger.py
[2026-06-04T07:07:53.347+0000] {processor.py:840} INFO - DAG(s) 'latest_only_with_trigger' retrieved from /home/airflow/.local/lib/python3.8/site-packages/airflow/example_dags/example_latest_only_with_trigger.py
[2026-06-04T07:07:53.366+0000] {logging_mixin.py:188} INFO - [2026-06-04T07:07:53.366+0000] {dag.py:3033} INFO - Sync 1 DAGs
[2026-06-04T07:07:53.378+0000] {logging_mixin.py:188} INFO - [2026-06-04T07:07:53.378+0000] {dag.py:3820} INFO - Setting next_dagrun for latest_only_with_trigger to 2026-06-04T00:00:00+00:00, run_after=2026-06-04T04:00:00+00:00
[2026-06-04T07:07:53.388+0000] {processor.py:183} INFO - Processing /home/airflow/.local/lib/python3.8/site-packages/airflow/example_dags/example_latest_only_with_trigger.py took 0.049 seconds
[2026-06-04T07:08:24.810+0000] {processor.py:161} INFO - Started process (PID=3555) to work on /home/airflow/.local/lib/python3.8/site-packages/airflow/example_dags/example_latest_only_with_trigger.py
[2026-06-04T07:08:24.812+0000] {processor.py:830} INFO - Processing file /home/airflow/.local/lib/python3.8/site-packages/airflow/example_dags/example_latest_only_with_trigger.py for tasks to queue
[2026-06-04T07:08:24.828+0000] {logging_mixin.py:188} INFO - [2026-06-04T07:08:24.826+0000] {dagbag.py:538} INFO - Filling up the DagBag from /home/airflow/.local/lib/python3.8/site-packages/airflow/example_dags/example_latest_only_with_trigger.py
[2026-06-04T07:08:24.846+0000] {processor.py:840} INFO - DAG(s) 'latest_only_with_trigger' retrieved from /home/airflow/.local/lib/python3.8/site-packages/airflow/example_dags/example_latest_only_with_trigger.py
[2026-06-04T07:08:24.890+0000] {logging_mixin.py:188} INFO - [2026-06-04T07:08:24.890+0000] {dag.py:3033} INFO - Sync 1 DAGs
[2026-06-04T07:08:24.915+0000] {logging_mixin.py:188} INFO - [2026-06-04T07:08:24.915+0000] {dag.py:3820} INFO - Setting next_dagrun for latest_only_with_trigger to 2026-06-04T00:00:00+00:00, run_after=2026-06-04T04:00:00+00:00
[2026-06-04T07:08:24.926+0000] {processor.py:183} INFO - Processing /home/airflow/.local/lib/python3.8/site-packages/airflow/example_dags/example_latest_only_with_trigger.py took 0.128 seconds
[2026-06-04T07:08:55.012+0000] {processor.py:161} INFO - Started process (PID=3611) to work on /home/airflow/.local/lib/python3.8/site-packages/airflow/example_dags/example_latest_only_with_trigger.py
[2026-06-04T07:08:55.013+0000] {processor.py:830} INFO - Processing file /home/airflow/.local/lib/python3.8/site-packages/airflow/example_dags/example_latest_only_with_trigger.py for tasks to queue
[2026-06-04T07:08:55.015+0000] {logging_mixin.py:188} INFO - [2026-06-04T07:08:55.015+0000] {dagbag.py:538} INFO - Filling up the DagBag from /home/airflow/.local/lib/python3.8/site-packages/airflow/example_dags/example_latest_only_with_trigger.py
[2026-06-04T07:08:55.019+0000] {processor.py:840} INFO - DAG(s) 'latest_only_with_trigger' retrieved from /home/airflow/.local/lib/python3.8/site-packages/airflow/example_dags/example_latest_only_with_trigger.py
[2026-06-04T07:08:55.029+0000] {logging_mixin.py:188} INFO - [2026-06-04T07:08:55.029+0000] {dag.py:3033} INFO - Sync 1 DAGs
[2026-06-04T07:08:55.037+0000] {logging_mixin.py:188} INFO - [2026-06-04T07:08:55.037+0000] {dag.py:3820} INFO - Setting next_dagrun for latest_only_with_trigger to 2026-06-04T00:00:00+00:00, run_after=2026-06-04T04:00:00+00:00
[2026-06-04T07:08:55.043+0000] {processor.py:183} INFO - Processing /home/airflow/.local/lib/python3.8/site-packages/airflow/example_dags/example_latest_only_with_trigger.py took 0.033 seconds
[2026-06-04T07:09:26.039+0000] {processor.py:161} INFO - Started process (PID=3667) to work on /home/airflow/.local/lib/python3.8/site-packages/airflow/example_dags/example_latest_only_with_trigger.py
[2026-06-04T07:09:26.040+0000] {processor.py:830} INFO - Processing file /home/airflow/.local/lib/python3.8/site-packages/airflow/example_dags/example_latest_only_with_trigger.py for tasks to queue
[2026-06-04T07:09:26.042+0000] {logging_mixin.py:188} INFO - [2026-06-04T07:09:26.042+0000] {dagbag.py:538} INFO - Filling up the DagBag from /home/airflow/.local/lib/python3.8/site-packages/airflow/example_dags/example_latest_only_with_trigger.py
[2026-06-04T07:09:26.045+0000] {processor.py:840} INFO - DAG(s) 'latest_only_with_trigger' retrieved from /home/airflow/.local/lib/python3.8/site-packages/airflow/example_dags/example_latest_only_with_trigger.py
[2026-06-04T07:09:26.058+0000] {logging_mixin.py:188} INFO - [2026-06-04T07:09:26.058+0000] {dag.py:3033} INFO - Sync 1 DAGs
[2026-06-04T07:09:26.081+0000] {logging_mixin.py:188} INFO - [2026-06-04T07:09:26.081+0000] {dag.py:3820} INFO - Setting next_dagrun for latest_only_with_trigger to 2026-06-04T00:00:00+00:00, run_after=2026-06-04T04:00:00+00:00
[2026-06-04T07:09:26.088+0000] {processor.py:183} INFO - Processing /home/airflow/.local/lib/python3.8/site-packages/airflow/example_dags/example_latest_only_with_trigger.py took 0.054 seconds
[2026-06-04T07:09:56.966+0000] {processor.py:161} INFO - Started process (PID=3723) to work on /home/airflow/.local/lib/python3.8/site-packages/airflow/example_dags/example_latest_only_with_trigger.py
[2026-06-04T07:09:56.967+0000] {processor.py:830} INFO - Processing file /home/airflow/.local/lib/python3.8/site-packages/airflow/example_dags/example_latest_only_with_trigger.py for tasks to queue
[2026-06-04T07:09:56.970+0000] {logging_mixin.py:188} INFO - [2026-06-04T07:09:56.970+0000] {dagbag.py:538} INFO - Filling up the DagBag from /home/airflow/.local/lib/python3.8/site-packages/airflow/example_dags/example_latest_only_with_trigger.py
[2026-06-04T07:09:56.974+0000] {processor.py:840} INFO - DAG(s) 'latest_only_with_trigger' retrieved from /home/airflow/.local/lib/python3.8/site-packages/airflow/example_dags/example_latest_only_with_trigger.py
[2026-06-04T07:09:56.997+0000] {logging_mixin.py:188} INFO - [2026-06-04T07:09:56.997+0000] {dag.py:3033} INFO - Sync 1 DAGs
[2026-06-04T07:09:57.012+0000] {logging_mixin.py:188} INFO - [2026-06-04T07:09:57.011+0000] {dag.py:3820} INFO - Setting next_dagrun for latest_only_with_trigger to 2026-06-04T00:00:00+00:00, run_after=2026-06-04T04:00:00+00:00
[2026-06-04T07:09:57.028+0000] {processor.py:183} INFO - Processing /home/airflow/.local/lib/python3.8/site-packages/airflow/example_dags/example_latest_only_with_trigger.py took 0.065 seconds
[2026-06-04T07:10:27.917+0000] {processor.py:161} INFO - Started process (PID=3779) to work on /home/airflow/.local/lib/python3.8/site-packages/airflow/example_dags/example_latest_only_with_trigger.py
[2026-06-04T07:10:27.919+0000] {processor.py:830} INFO - Processing file /home/airflow/.local/lib/python3.8/site-packages/airflow/example_dags/example_latest_only_with_trigger.py for tasks to queue
[2026-06-04T07:10:27.921+0000] {logging_mixin.py:188} INFO - [2026-06-04T07:10:27.921+0000] {dagbag.py:538} INFO - Filling up the DagBag from /home/airflow/.local/lib/python3.8/site-packages/airflow/example_dags/example_latest_only_with_trigger.py
[2026-06-04T07:10:27.927+0000] {processor.py:840} INFO - DAG(s) 'latest_only_with_trigger' retrieved from /home/airflow/.local/lib/python3.8/site-packages/airflow/example_dags/example_latest_only_with_trigger.py
[2026-06-04T07:10:27.952+0000] {logging_mixin.py:188} INFO - [2026-06-04T07:10:27.951+0000] {dag.py:3033} INFO - Sync 1 DAGs
[2026-06-04T07:10:27.971+0000] {logging_mixin.py:188} INFO - [2026-06-04T07:10:27.971+0000] {dag.py:3820} INFO - Setting next_dagrun for latest_only_with_trigger to 2026-06-04T00:00:00+00:00, run_after=2026-06-04T04:00:00+00:00
[2026-06-04T07:10:27.985+0000] {processor.py:183} INFO - Processing /home/airflow/.local/lib/python3.8/site-packages/airflow/example_dags/example_latest_only_with_trigger.py took 0.070 seconds
[2026-06-04T07:10:58.135+0000] {processor.py:161} INFO - Started process (PID=3834) to work on /home/airflow/.local/lib/python3.8/site-packages/airflow/example_dags/example_latest_only_with_trigger.py
[2026-06-04T07:10:58.139+0000] {processor.py:830} INFO - Processing file /home/airflow/.local/lib/python3.8/site-packages/airflow/example_dags/example_latest_only_with_trigger.py for tasks to queue
[2026-06-04T07:10:58.152+0000] {logging_mixin.py:188} INFO - [2026-06-04T07:10:58.151+0000] {dagbag.py:538} INFO - Filling up the DagBag from /home/airflow/.local/lib/python3.8/site-packages/airflow/example_dags/example_latest_only_with_trigger.py
[2026-06-04T07:10:58.170+0000] {processor.py:840} INFO - DAG(s) 'latest_only_with_trigger' retrieved from /home/airflow/.local/lib/python3.8/site-packages/airflow/example_dags/example_latest_only_with_trigger.py
[2026-06-04T07:10:58.208+0000] {logging_mixin.py:188} INFO - [2026-06-04T07:10:58.208+0000] {dag.py:3033} INFO - Sync 1 DAGs
[2026-06-04T07:10:58.234+0000] {logging_mixin.py:188} INFO - [2026-06-04T07:10:58.234+0000] {dag.py:3820} INFO - Setting next_dagrun for latest_only_with_trigger to 2026-06-04T00:00:00+00:00, run_after=2026-06-04T04:00:00+00:00
[2026-06-04T07:10:58.251+0000] {processor.py:183} INFO - Processing /home/airflow/.local/lib/python3.8/site-packages/airflow/example_dags/example_latest_only_with_trigger.py took 0.129 seconds
[2026-06-04T07:11:29.122+0000] {processor.py:161} INFO - Started process (PID=3891) to work on /home/airflow/.local/lib/python3.8/site-packages/airflow/example_dags/example_latest_only_with_trigger.py
[2026-06-04T07:11:29.125+0000] {processor.py:830} INFO - Processing file /home/airflow/.local/lib/python3.8/site-packages/airflow/example_dags/example_latest_only_with_trigger.py for tasks to queue
[2026-06-04T07:11:29.128+0000] {logging_mixin.py:188} INFO - [2026-06-04T07:11:29.128+0000] {dagbag.py:538} INFO - Filling up the DagBag from /home/airflow/.local/lib/python3.8/site-packages/airflow/example_dags/example_latest_only_with_trigger.py
[2026-06-04T07:11:29.132+0000] {processor.py:840} INFO - DAG(s) 'latest_only_with_trigger' retrieved from /home/airflow/.local/lib/python3.8/site-packages/airflow/example_dags/example_latest_only_with_trigger.py
[2026-06-04T07:11:29.148+0000] {logging_mixin.py:188} INFO - [2026-06-04T07:11:29.147+0000] {dag.py:3033} INFO - Sync 1 DAGs
[2026-06-04T07:11:29.158+0000] {logging_mixin.py:188} INFO - [2026-06-04T07:11:29.158+0000] {dag.py:3820} INFO - Setting next_dagrun for latest_only_with_trigger to 2026-06-04T00:00:00+00:00, run_after=2026-06-04T04:00:00+00:00
[2026-06-04T07:11:29.169+0000] {processor.py:183} INFO - Processing /home/airflow/.local/lib/python3.8/site-packages/airflow/example_dags/example_latest_only_with_trigger.py took 0.056 seconds
[2026-06-04T07:11:59.649+0000] {processor.py:161} INFO - Started process (PID=3947) to work on /home/airflow/.local/lib/python3.8/site-packages/airflow/example_dags/example_latest_only_with_trigger.py
[2026-06-04T07:11:59.649+0000] {processor.py:830} INFO - Processing file /home/airflow/.local/lib/python3.8/site-packages/airflow/example_dags/example_latest_only_with_trigger.py for tasks to queue
[2026-06-04T07:11:59.654+0000] {logging_mixin.py:188} INFO - [2026-06-04T07:11:59.654+0000] {dagbag.py:538} INFO - Filling up the DagBag from /home/airflow/.local/lib/python3.8/site-packages/airflow/example_dags/example_latest_only_with_trigger.py
[2026-06-04T07:11:59.659+0000] {processor.py:840} INFO - DAG(s) 'latest_only_with_trigger' retrieved from /home/airflow/.local/lib/python3.8/site-packages/airflow/example_dags/example_latest_only_with_trigger.py
[2026-06-04T07:11:59.677+0000] {logging_mixin.py:188} INFO - [2026-06-04T07:11:59.677+0000] {dag.py:3033} INFO - Sync 1 DAGs
[2026-06-04T07:11:59.692+0000] {logging_mixin.py:188} INFO - [2026-06-04T07:11:59.692+0000] {dag.py:3820} INFO - Setting next_dagrun for latest_only_with_trigger to 2026-06-04T00:00:00+00:00, run_after=2026-06-04T04:00:00+00:00
[2026-06-04T07:11:59.713+0000] {processor.py:183} INFO - Processing /home/airflow/.local/lib/python3.8/site-packages/airflow/example_dags/example_latest_only_with_trigger.py took 0.066 seconds
[2026-06-04T07:12:30.752+0000] {processor.py:161} INFO - Started process (PID=4003) to work on /home/airflow/.local/lib/python3.8/site-packages/airflow/example_dags/example_latest_only_with_trigger.py
[2026-06-04T07:12:30.753+0000] {processor.py:830} INFO - Processing file /home/airflow/.local/lib/python3.8/site-packages/airflow/example_dags/example_latest_only_with_trigger.py for tasks to queue
[2026-06-04T07:12:30.759+0000] {logging_mixin.py:188} INFO - [2026-06-04T07:12:30.759+0000] {dagbag.py:538} INFO - Filling up the DagBag from /home/airflow/.local/lib/python3.8/site-packages/airflow/example_dags/example_latest_only_with_trigger.py
[2026-06-04T07:12:30.770+0000] {processor.py:840} INFO - DAG(s) 'latest_only_with_trigger' retrieved from /home/airflow/.local/lib/python3.8/site-packages/airflow/example_dags/example_latest_only_with_trigger.py
[2026-06-04T07:12:30.830+0000] {logging_mixin.py:188} INFO - [2026-06-04T07:12:30.829+0000] {dag.py:3033} INFO - Sync 1 DAGs
[2026-06-04T07:12:30.850+0000] {logging_mixin.py:188} INFO - [2026-06-04T07:12:30.850+0000] {dag.py:3820} INFO - Setting next_dagrun for latest_only_with_trigger to 2026-06-04T00:00:00+00:00, run_after=2026-06-04T04:00:00+00:00
[2026-06-04T07:12:30.870+0000] {processor.py:183} INFO - Processing /home/airflow/.local/lib/python3.8/site-packages/airflow/example_dags/example_latest_only_with_trigger.py took 0.130 seconds
[2026-06-04T07:13:01.184+0000] {processor.py:161} INFO - Started process (PID=4059) to work on /home/airflow/.local/lib/python3.8/site-packages/airflow/example_dags/example_latest_only_with_trigger.py
[2026-06-04T07:13:01.186+0000] {processor.py:830} INFO - Processing file /home/airflow/.local/lib/python3.8/site-packages/airflow/example_dags/example_latest_only_with_trigger.py for tasks to queue
[2026-06-04T07:13:01.190+0000] {logging_mixin.py:188} INFO - [2026-06-04T07:13:01.190+0000] {dagbag.py:538} INFO - Filling up the DagBag from /home/airflow/.local/lib/python3.8/site-packages/airflow/example_dags/example_latest_only_with_trigger.py
[2026-06-04T07:13:01.204+0000] {processor.py:840} INFO - DAG(s) 'latest_only_with_trigger' retrieved from /home/airflow/.local/lib/python3.8/site-packages/airflow/example_dags/example_latest_only_with_trigger.py
[2026-06-04T07:13:01.226+0000] {logging_mixin.py:188} INFO - [2026-06-04T07:13:01.226+0000] {dag.py:3033} INFO - Sync 1 DAGs
[2026-06-04T07:13:01.240+0000] {logging_mixin.py:188} INFO - [2026-06-04T07:13:01.240+0000] {dag.py:3820} INFO - Setting next_dagrun for latest_only_with_trigger to 2026-06-04T00:00:00+00:00, run_after=2026-06-04T04:00:00+00:00
[2026-06-04T07:13:01.251+0000] {processor.py:183} INFO - Processing /home/airflow/.local/lib/python3.8/site-packages/airflow/example_dags/example_latest_only_with_trigger.py took 0.073 seconds
[2026-06-04T07:13:34.533+0000] {processor.py:161} INFO - Started process (PID=4115) to work on /home/airflow/.local/lib/python3.8/site-packages/airflow/example_dags/example_latest_only_with_trigger.py
[2026-06-04T07:13:34.534+0000] {processor.py:830} INFO - Processing file /home/airflow/.local/lib/python3.8/site-packages/airflow/example_dags/example_latest_only_with_trigger.py for tasks to queue
[2026-06-04T07:13:34.540+0000] {logging_mixin.py:188} INFO - [2026-06-04T07:13:34.540+0000] {dagbag.py:538} INFO - Filling up the DagBag from /home/airflow/.local/lib/python3.8/site-packages/airflow/example_dags/example_latest_only_with_trigger.py
[2026-06-04T07:13:34.559+0000] {processor.py:840} INFO - DAG(s) 'latest_only_with_trigger' retrieved from /home/airflow/.local/lib/python3.8/site-packages/airflow/example_dags/example_latest_only_with_trigger.py
[2026-06-04T07:13:34.650+0000] {logging_mixin.py:188} INFO - [2026-06-04T07:13:34.646+0000] {dag.py:3033} INFO - Sync 1 DAGs
[2026-06-04T07:13:34.690+0000] {logging_mixin.py:188} INFO - [2026-06-04T07:13:34.690+0000] {dag.py:3820} INFO - Setting next_dagrun for latest_only_with_trigger to 2026-06-04T00:00:00+00:00, run_after=2026-06-04T04:00:00+00:00
[2026-06-04T07:13:34.718+0000] {processor.py:183} INFO - Processing /home/airflow/.local/lib/python3.8/site-packages/airflow/example_dags/example_latest_only_with_trigger.py took 0.191 seconds
[2026-06-04T07:14:05.047+0000] {processor.py:161} INFO - Started process (PID=4171) to work on /home/airflow/.local/lib/python3.8/site-packages/airflow/example_dags/example_latest_only_with_trigger.py
[2026-06-04T07:14:05.055+0000] {processor.py:830} INFO - Processing file /home/airflow/.local/lib/python3.8/site-packages/airflow/example_dags/example_latest_only_with_trigger.py for tasks to queue
[2026-06-04T07:14:05.057+0000] {logging_mixin.py:188} INFO - [2026-06-04T07:14:05.057+0000] {dagbag.py:538} INFO - Filling up the DagBag from /home/airflow/.local/lib/python3.8/site-packages/airflow/example_dags/example_latest_only_with_trigger.py
[2026-06-04T07:14:05.061+0000] {processor.py:840} INFO - DAG(s) 'latest_only_with_trigger' retrieved from /home/airflow/.local/lib/python3.8/site-packages/airflow/example_dags/example_latest_only_with_trigger.py
[2026-06-04T07:14:05.077+0000] {logging_mixin.py:188} INFO - [2026-06-04T07:14:05.077+0000] {dag.py:3033} INFO - Sync 1 DAGs
[2026-06-04T07:14:05.091+0000] {logging_mixin.py:188} INFO - [2026-06-04T07:14:05.091+0000] {dag.py:3820} INFO - Setting next_dagrun for latest_only_with_trigger to 2026-06-04T00:00:00+00:00, run_after=2026-06-04T04:00:00+00:00
[2026-06-04T07:14:05.099+0000] {processor.py:183} INFO - Processing /home/airflow/.local/lib/python3.8/site-packages/airflow/example_dags/example_latest_only_with_trigger.py took 0.080 seconds
[2026-06-04T07:14:35.573+0000] {processor.py:161} INFO - Started process (PID=4227) to work on /home/airflow/.local/lib/python3.8/site-packages/airflow/example_dags/example_latest_only_with_trigger.py
[2026-06-04T07:14:35.574+0000] {processor.py:830} INFO - Processing file /home/airflow/.local/lib/python3.8/site-packages/airflow/example_dags/example_latest_only_with_trigger.py for tasks to queue
[2026-06-04T07:14:35.576+0000] {logging_mixin.py:188} INFO - [2026-06-04T07:14:35.576+0000] {dagbag.py:538} INFO - Filling up the DagBag from /home/airflow/.local/lib/python3.8/site-packages/airflow/example_dags/example_latest_only_with_trigger.py
[2026-06-04T07:14:35.581+0000] {processor.py:840} INFO - DAG(s) 'latest_only_with_trigger' retrieved from /home/airflow/.local/lib/python3.8/site-packages/airflow/example_dags/example_latest_only_with_trigger.py
[2026-06-04T07:14:35.596+0000] {logging_mixin.py:188} INFO - [2026-06-04T07:14:35.596+0000] {dag.py:3033} INFO - Sync 1 DAGs
[2026-06-04T07:14:35.611+0000] {logging_mixin.py:188} INFO - [2026-06-04T07:14:35.610+0000] {dag.py:3820} INFO - Setting next_dagrun for latest_only_with_trigger to 2026-06-04T00:00:00+00:00, run_after=2026-06-04T04:00:00+00:00
[2026-06-04T07:14:35.619+0000] {processor.py:183} INFO - Processing /home/airflow/.local/lib/python3.8/site-packages/airflow/example_dags/example_latest_only_with_trigger.py took 0.051 seconds
[2026-06-04T07:15:06.726+0000] {processor.py:161} INFO - Started process (PID=4283) to work on /home/airflow/.local/lib/python3.8/site-packages/airflow/example_dags/example_latest_only_with_trigger.py
[2026-06-04T07:15:06.728+0000] {processor.py:830} INFO - Processing file /home/airflow/.local/lib/python3.8/site-packages/airflow/example_dags/example_latest_only_with_trigger.py for tasks to queue
[2026-06-04T07:15:06.771+0000] {logging_mixin.py:188} INFO - [2026-06-04T07:15:06.767+0000] {dagbag.py:538} INFO - Filling up the DagBag from /home/airflow/.local/lib/python3.8/site-packages/airflow/example_dags/example_latest_only_with_trigger.py
[2026-06-04T07:15:06.782+0000] {processor.py:840} INFO - DAG(s) 'latest_only_with_trigger' retrieved from /home/airflow/.local/lib/python3.8/site-packages/airflow/example_dags/example_latest_only_with_trigger.py
[2026-06-04T07:15:06.807+0000] {logging_mixin.py:188} INFO - [2026-06-04T07:15:06.807+0000] {dag.py:3033} INFO - Sync 1 DAGs
[2026-06-04T07:15:06.824+0000] {logging_mixin.py:188} INFO - [2026-06-04T07:15:06.823+0000] {dag.py:3820} INFO - Setting next_dagrun for latest_only_with_trigger to 2026-06-04T00:00:00+00:00, run_after=2026-06-04T04:00:00+00:00
[2026-06-04T07:15:06.849+0000] {processor.py:183} INFO - Processing /home/airflow/.local/lib/python3.8/site-packages/airflow/example_dags/example_latest_only_with_trigger.py took 0.126 seconds
[2026-06-04T07:15:37.081+0000] {processor.py:161} INFO - Started process (PID=4339) to work on /home/airflow/.local/lib/python3.8/site-packages/airflow/example_dags/example_latest_only_with_trigger.py
[2026-06-04T07:15:37.087+0000] {processor.py:830} INFO - Processing file /home/airflow/.local/lib/python3.8/site-packages/airflow/example_dags/example_latest_only_with_trigger.py for tasks to queue
[2026-06-04T07:15:37.096+0000] {logging_mixin.py:188} INFO - [2026-06-04T07:15:37.096+0000] {dagbag.py:538} INFO - Filling up the DagBag from /home/airflow/.local/lib/python3.8/site-packages/airflow/example_dags/example_latest_only_with_trigger.py
[2026-06-04T07:15:37.100+0000] {processor.py:840} INFO - DAG(s) 'latest_only_with_trigger' retrieved from /home/airflow/.local/lib/python3.8/site-packages/airflow/example_dags/example_latest_only_with_trigger.py
[2026-06-04T07:15:37.136+0000] {logging_mixin.py:188} INFO - [2026-06-04T07:15:37.136+0000] {dag.py:3033} INFO - Sync 1 DAGs
[2026-06-04T07:15:37.151+0000] {logging_mixin.py:188} INFO - [2026-06-04T07:15:37.150+0000] {dag.py:3820} INFO - Setting next_dagrun for latest_only_with_trigger to 2026-06-04T00:00:00+00:00, run_after=2026-06-04T04:00:00+00:00
[2026-06-04T07:15:37.162+0000] {processor.py:183} INFO - Processing /home/airflow/.local/lib/python3.8/site-packages/airflow/example_dags/example_latest_only_with_trigger.py took 0.088 seconds
[2026-06-04T07:16:07.568+0000] {processor.py:161} INFO - Started process (PID=4395) to work on /home/airflow/.local/lib/python3.8/site-packages/airflow/example_dags/example_latest_only_with_trigger.py
[2026-06-04T07:16:07.570+0000] {processor.py:830} INFO - Processing file /home/airflow/.local/lib/python3.8/site-packages/airflow/example_dags/example_latest_only_with_trigger.py for tasks to queue
[2026-06-04T07:16:07.572+0000] {logging_mixin.py:188} INFO - [2026-06-04T07:16:07.572+0000] {dagbag.py:538} INFO - Filling up the DagBag from /home/airflow/.local/lib/python3.8/site-packages/airflow/example_dags/example_latest_only_with_trigger.py
[2026-06-04T07:16:07.578+0000] {processor.py:840} INFO - DAG(s) 'latest_only_with_trigger' retrieved from /home/airflow/.local/lib/python3.8/site-packages/airflow/example_dags/example_latest_only_with_trigger.py
[2026-06-04T07:16:07.597+0000] {logging_mixin.py:188} INFO - [2026-06-04T07:16:07.597+0000] {dag.py:3033} INFO - Sync 1 DAGs
[2026-06-04T07:16:07.651+0000] {logging_mixin.py:188} INFO - [2026-06-04T07:16:07.650+0000] {dag.py:3820} INFO - Setting next_dagrun for latest_only_with_trigger to 2026-06-04T00:00:00+00:00, run_after=2026-06-04T04:00:00+00:00
[2026-06-04T07:16:07.694+0000] {processor.py:183} INFO - Processing /home/airflow/.local/lib/python3.8/site-packages/airflow/example_dags/example_latest_only_with_trigger.py took 0.128 seconds
