[2026-06-04T06:36:34.660+0000] {processor.py:161} INFO - Started process (PID=43) to work on /home/airflow/.local/lib/python3.8/site-packages/airflow/example_dags/example_python_decorator.py
[2026-06-04T06:36:34.664+0000] {processor.py:830} INFO - Processing file /home/airflow/.local/lib/python3.8/site-packages/airflow/example_dags/example_python_decorator.py for tasks to queue
[2026-06-04T06:36:34.667+0000] {logging_mixin.py:188} INFO - [2026-06-04T06:36:34.666+0000] {dagbag.py:538} INFO - Filling up the DagBag from /home/airflow/.local/lib/python3.8/site-packages/airflow/example_dags/example_python_decorator.py
[2026-06-04T06:36:34.724+0000] {processor.py:840} INFO - DAG(s) 'example_python_decorator' retrieved from /home/airflow/.local/lib/python3.8/site-packages/airflow/example_dags/example_python_decorator.py
[2026-06-04T06:36:34.747+0000] {logging_mixin.py:188} INFO - [2026-06-04T06:36:34.747+0000] {dag.py:3033} INFO - Sync 1 DAGs
[2026-06-04T06:36:34.805+0000] {logging_mixin.py:188} INFO - [2026-06-04T06:36:34.805+0000] {dag.py:3820} INFO - Setting next_dagrun for example_python_decorator to None, run_after=None
[2026-06-04T06:36:34.827+0000] {processor.py:183} INFO - Processing /home/airflow/.local/lib/python3.8/site-packages/airflow/example_dags/example_python_decorator.py took 0.174 seconds
[2026-06-04T06:37:04.884+0000] {processor.py:161} INFO - Started process (PID=99) to work on /home/airflow/.local/lib/python3.8/site-packages/airflow/example_dags/example_python_decorator.py
[2026-06-04T06:37:04.885+0000] {processor.py:830} INFO - Processing file /home/airflow/.local/lib/python3.8/site-packages/airflow/example_dags/example_python_decorator.py for tasks to queue
[2026-06-04T06:37:04.886+0000] {logging_mixin.py:188} INFO - [2026-06-04T06:37:04.886+0000] {dagbag.py:538} INFO - Filling up the DagBag from /home/airflow/.local/lib/python3.8/site-packages/airflow/example_dags/example_python_decorator.py
[2026-06-04T06:37:04.892+0000] {processor.py:840} INFO - DAG(s) 'example_python_decorator' retrieved from /home/airflow/.local/lib/python3.8/site-packages/airflow/example_dags/example_python_decorator.py
[2026-06-04T06:37:04.949+0000] {logging_mixin.py:188} INFO - [2026-06-04T06:37:04.949+0000] {dag.py:3033} INFO - Sync 1 DAGs
[2026-06-04T06:37:04.955+0000] {logging_mixin.py:188} INFO - [2026-06-04T06:37:04.955+0000] {dag.py:3820} INFO - Setting next_dagrun for example_python_decorator to None, run_after=None
[2026-06-04T06:37:04.963+0000] {processor.py:183} INFO - Processing /home/airflow/.local/lib/python3.8/site-packages/airflow/example_dags/example_python_decorator.py took 0.081 seconds
[2026-06-04T06:37:35.100+0000] {processor.py:161} INFO - Started process (PID=156) to work on /home/airflow/.local/lib/python3.8/site-packages/airflow/example_dags/example_python_decorator.py
[2026-06-04T06:37:35.101+0000] {processor.py:830} INFO - Processing file /home/airflow/.local/lib/python3.8/site-packages/airflow/example_dags/example_python_decorator.py for tasks to queue
[2026-06-04T06:37:35.105+0000] {logging_mixin.py:188} INFO - [2026-06-04T06:37:35.105+0000] {dagbag.py:538} INFO - Filling up the DagBag from /home/airflow/.local/lib/python3.8/site-packages/airflow/example_dags/example_python_decorator.py
[2026-06-04T06:37:35.111+0000] {processor.py:840} INFO - DAG(s) 'example_python_decorator' retrieved from /home/airflow/.local/lib/python3.8/site-packages/airflow/example_dags/example_python_decorator.py
[2026-06-04T06:37:35.124+0000] {logging_mixin.py:188} INFO - [2026-06-04T06:37:35.124+0000] {dag.py:3033} INFO - Sync 1 DAGs
[2026-06-04T06:37:35.130+0000] {logging_mixin.py:188} INFO - [2026-06-04T06:37:35.130+0000] {dag.py:3820} INFO - Setting next_dagrun for example_python_decorator to None, run_after=None
[2026-06-04T06:37:35.141+0000] {processor.py:183} INFO - Processing /home/airflow/.local/lib/python3.8/site-packages/airflow/example_dags/example_python_decorator.py took 0.044 seconds
[2026-06-04T06:38:05.807+0000] {processor.py:161} INFO - Started process (PID=218) to work on /home/airflow/.local/lib/python3.8/site-packages/airflow/example_dags/example_python_decorator.py
[2026-06-04T06:38:05.808+0000] {processor.py:830} INFO - Processing file /home/airflow/.local/lib/python3.8/site-packages/airflow/example_dags/example_python_decorator.py for tasks to queue
[2026-06-04T06:38:05.809+0000] {logging_mixin.py:188} INFO - [2026-06-04T06:38:05.809+0000] {dagbag.py:538} INFO - Filling up the DagBag from /home/airflow/.local/lib/python3.8/site-packages/airflow/example_dags/example_python_decorator.py
[2026-06-04T06:38:05.816+0000] {processor.py:840} INFO - DAG(s) 'example_python_decorator' retrieved from /home/airflow/.local/lib/python3.8/site-packages/airflow/example_dags/example_python_decorator.py
[2026-06-04T06:38:05.830+0000] {logging_mixin.py:188} INFO - [2026-06-04T06:38:05.830+0000] {dag.py:3033} INFO - Sync 1 DAGs
[2026-06-04T06:38:05.835+0000] {logging_mixin.py:188} INFO - [2026-06-04T06:38:05.835+0000] {dag.py:3820} INFO - Setting next_dagrun for example_python_decorator to None, run_after=None
[2026-06-04T06:38:05.846+0000] {processor.py:183} INFO - Processing /home/airflow/.local/lib/python3.8/site-packages/airflow/example_dags/example_python_decorator.py took 0.040 seconds
[2026-06-04T06:38:36.018+0000] {processor.py:161} INFO - Started process (PID=274) to work on /home/airflow/.local/lib/python3.8/site-packages/airflow/example_dags/example_python_decorator.py
[2026-06-04T06:38:36.018+0000] {processor.py:830} INFO - Processing file /home/airflow/.local/lib/python3.8/site-packages/airflow/example_dags/example_python_decorator.py for tasks to queue
[2026-06-04T06:38:36.019+0000] {logging_mixin.py:188} INFO - [2026-06-04T06:38:36.019+0000] {dagbag.py:538} INFO - Filling up the DagBag from /home/airflow/.local/lib/python3.8/site-packages/airflow/example_dags/example_python_decorator.py
[2026-06-04T06:38:36.028+0000] {processor.py:840} INFO - DAG(s) 'example_python_decorator' retrieved from /home/airflow/.local/lib/python3.8/site-packages/airflow/example_dags/example_python_decorator.py
[2026-06-04T06:38:36.045+0000] {logging_mixin.py:188} INFO - [2026-06-04T06:38:36.045+0000] {dag.py:3033} INFO - Sync 1 DAGs
[2026-06-04T06:38:36.060+0000] {logging_mixin.py:188} INFO - [2026-06-04T06:38:36.060+0000] {dag.py:3820} INFO - Setting next_dagrun for example_python_decorator to None, run_after=None
[2026-06-04T06:38:36.077+0000] {processor.py:183} INFO - Processing /home/airflow/.local/lib/python3.8/site-packages/airflow/example_dags/example_python_decorator.py took 0.061 seconds
[2026-06-04T06:39:06.709+0000] {processor.py:161} INFO - Started process (PID=329) to work on /home/airflow/.local/lib/python3.8/site-packages/airflow/example_dags/example_python_decorator.py
[2026-06-04T06:39:06.710+0000] {processor.py:830} INFO - Processing file /home/airflow/.local/lib/python3.8/site-packages/airflow/example_dags/example_python_decorator.py for tasks to queue
[2026-06-04T06:39:06.711+0000] {logging_mixin.py:188} INFO - [2026-06-04T06:39:06.711+0000] {dagbag.py:538} INFO - Filling up the DagBag from /home/airflow/.local/lib/python3.8/site-packages/airflow/example_dags/example_python_decorator.py
[2026-06-04T06:39:06.717+0000] {processor.py:840} INFO - DAG(s) 'example_python_decorator' retrieved from /home/airflow/.local/lib/python3.8/site-packages/airflow/example_dags/example_python_decorator.py
[2026-06-04T06:39:06.737+0000] {logging_mixin.py:188} INFO - [2026-06-04T06:39:06.737+0000] {dag.py:3033} INFO - Sync 1 DAGs
[2026-06-04T06:39:06.744+0000] {logging_mixin.py:188} INFO - [2026-06-04T06:39:06.744+0000] {dag.py:3820} INFO - Setting next_dagrun for example_python_decorator to None, run_after=None
[2026-06-04T06:39:06.763+0000] {processor.py:183} INFO - Processing /home/airflow/.local/lib/python3.8/site-packages/airflow/example_dags/example_python_decorator.py took 0.056 seconds
[2026-06-04T06:39:36.859+0000] {processor.py:161} INFO - Started process (PID=385) to work on /home/airflow/.local/lib/python3.8/site-packages/airflow/example_dags/example_python_decorator.py
[2026-06-04T06:39:36.860+0000] {processor.py:830} INFO - Processing file /home/airflow/.local/lib/python3.8/site-packages/airflow/example_dags/example_python_decorator.py for tasks to queue
[2026-06-04T06:39:36.862+0000] {logging_mixin.py:188} INFO - [2026-06-04T06:39:36.862+0000] {dagbag.py:538} INFO - Filling up the DagBag from /home/airflow/.local/lib/python3.8/site-packages/airflow/example_dags/example_python_decorator.py
[2026-06-04T06:39:36.869+0000] {processor.py:840} INFO - DAG(s) 'example_python_decorator' retrieved from /home/airflow/.local/lib/python3.8/site-packages/airflow/example_dags/example_python_decorator.py
[2026-06-04T06:39:36.881+0000] {logging_mixin.py:188} INFO - [2026-06-04T06:39:36.881+0000] {dag.py:3033} INFO - Sync 1 DAGs
[2026-06-04T06:39:36.887+0000] {logging_mixin.py:188} INFO - [2026-06-04T06:39:36.887+0000] {dag.py:3820} INFO - Setting next_dagrun for example_python_decorator to None, run_after=None
[2026-06-04T06:39:36.898+0000] {processor.py:183} INFO - Processing /home/airflow/.local/lib/python3.8/site-packages/airflow/example_dags/example_python_decorator.py took 0.041 seconds
[2026-06-04T06:40:07.595+0000] {processor.py:161} INFO - Started process (PID=441) to work on /home/airflow/.local/lib/python3.8/site-packages/airflow/example_dags/example_python_decorator.py
[2026-06-04T06:40:07.597+0000] {processor.py:830} INFO - Processing file /home/airflow/.local/lib/python3.8/site-packages/airflow/example_dags/example_python_decorator.py for tasks to queue
[2026-06-04T06:40:07.599+0000] {logging_mixin.py:188} INFO - [2026-06-04T06:40:07.598+0000] {dagbag.py:538} INFO - Filling up the DagBag from /home/airflow/.local/lib/python3.8/site-packages/airflow/example_dags/example_python_decorator.py
[2026-06-04T06:40:07.609+0000] {processor.py:840} INFO - DAG(s) 'example_python_decorator' retrieved from /home/airflow/.local/lib/python3.8/site-packages/airflow/example_dags/example_python_decorator.py
[2026-06-04T06:40:07.625+0000] {logging_mixin.py:188} INFO - [2026-06-04T06:40:07.625+0000] {dag.py:3033} INFO - Sync 1 DAGs
[2026-06-04T06:40:07.633+0000] {logging_mixin.py:188} INFO - [2026-06-04T06:40:07.633+0000] {dag.py:3820} INFO - Setting next_dagrun for example_python_decorator to None, run_after=None
[2026-06-04T06:40:07.644+0000] {processor.py:183} INFO - Processing /home/airflow/.local/lib/python3.8/site-packages/airflow/example_dags/example_python_decorator.py took 0.052 seconds
[2026-06-04T06:40:37.738+0000] {processor.py:161} INFO - Started process (PID=497) to work on /home/airflow/.local/lib/python3.8/site-packages/airflow/example_dags/example_python_decorator.py
[2026-06-04T06:40:37.739+0000] {processor.py:830} INFO - Processing file /home/airflow/.local/lib/python3.8/site-packages/airflow/example_dags/example_python_decorator.py for tasks to queue
[2026-06-04T06:40:37.739+0000] {logging_mixin.py:188} INFO - [2026-06-04T06:40:37.739+0000] {dagbag.py:538} INFO - Filling up the DagBag from /home/airflow/.local/lib/python3.8/site-packages/airflow/example_dags/example_python_decorator.py
[2026-06-04T06:40:37.746+0000] {processor.py:840} INFO - DAG(s) 'example_python_decorator' retrieved from /home/airflow/.local/lib/python3.8/site-packages/airflow/example_dags/example_python_decorator.py
[2026-06-04T06:40:37.761+0000] {logging_mixin.py:188} INFO - [2026-06-04T06:40:37.761+0000] {dag.py:3033} INFO - Sync 1 DAGs
[2026-06-04T06:40:37.769+0000] {logging_mixin.py:188} INFO - [2026-06-04T06:40:37.769+0000] {dag.py:3820} INFO - Setting next_dagrun for example_python_decorator to None, run_after=None
[2026-06-04T06:40:37.787+0000] {processor.py:183} INFO - Processing /home/airflow/.local/lib/python3.8/site-packages/airflow/example_dags/example_python_decorator.py took 0.051 seconds
[2026-06-04T06:41:08.521+0000] {processor.py:161} INFO - Started process (PID=553) to work on /home/airflow/.local/lib/python3.8/site-packages/airflow/example_dags/example_python_decorator.py
[2026-06-04T06:41:08.522+0000] {processor.py:830} INFO - Processing file /home/airflow/.local/lib/python3.8/site-packages/airflow/example_dags/example_python_decorator.py for tasks to queue
[2026-06-04T06:41:08.523+0000] {logging_mixin.py:188} INFO - [2026-06-04T06:41:08.522+0000] {dagbag.py:538} INFO - Filling up the DagBag from /home/airflow/.local/lib/python3.8/site-packages/airflow/example_dags/example_python_decorator.py
[2026-06-04T06:41:08.528+0000] {processor.py:840} INFO - DAG(s) 'example_python_decorator' retrieved from /home/airflow/.local/lib/python3.8/site-packages/airflow/example_dags/example_python_decorator.py
[2026-06-04T06:41:08.542+0000] {logging_mixin.py:188} INFO - [2026-06-04T06:41:08.540+0000] {dag.py:3033} INFO - Sync 1 DAGs
[2026-06-04T06:41:08.548+0000] {logging_mixin.py:188} INFO - [2026-06-04T06:41:08.548+0000] {dag.py:3820} INFO - Setting next_dagrun for example_python_decorator to None, run_after=None
[2026-06-04T06:41:08.558+0000] {processor.py:183} INFO - Processing /home/airflow/.local/lib/python3.8/site-packages/airflow/example_dags/example_python_decorator.py took 0.039 seconds
[2026-06-04T06:41:39.310+0000] {processor.py:161} INFO - Started process (PID=609) to work on /home/airflow/.local/lib/python3.8/site-packages/airflow/example_dags/example_python_decorator.py
[2026-06-04T06:41:39.312+0000] {processor.py:830} INFO - Processing file /home/airflow/.local/lib/python3.8/site-packages/airflow/example_dags/example_python_decorator.py for tasks to queue
[2026-06-04T06:41:39.313+0000] {logging_mixin.py:188} INFO - [2026-06-04T06:41:39.313+0000] {dagbag.py:538} INFO - Filling up the DagBag from /home/airflow/.local/lib/python3.8/site-packages/airflow/example_dags/example_python_decorator.py
[2026-06-04T06:41:39.318+0000] {processor.py:840} INFO - DAG(s) 'example_python_decorator' retrieved from /home/airflow/.local/lib/python3.8/site-packages/airflow/example_dags/example_python_decorator.py
[2026-06-04T06:41:39.332+0000] {logging_mixin.py:188} INFO - [2026-06-04T06:41:39.331+0000] {dag.py:3033} INFO - Sync 1 DAGs
[2026-06-04T06:41:39.339+0000] {logging_mixin.py:188} INFO - [2026-06-04T06:41:39.339+0000] {dag.py:3820} INFO - Setting next_dagrun for example_python_decorator to None, run_after=None
[2026-06-04T06:41:39.351+0000] {processor.py:183} INFO - Processing /home/airflow/.local/lib/python3.8/site-packages/airflow/example_dags/example_python_decorator.py took 0.043 seconds
[2026-06-04T06:42:10.260+0000] {processor.py:161} INFO - Started process (PID=665) to work on /home/airflow/.local/lib/python3.8/site-packages/airflow/example_dags/example_python_decorator.py
[2026-06-04T06:42:10.261+0000] {processor.py:830} INFO - Processing file /home/airflow/.local/lib/python3.8/site-packages/airflow/example_dags/example_python_decorator.py for tasks to queue
[2026-06-04T06:42:10.261+0000] {logging_mixin.py:188} INFO - [2026-06-04T06:42:10.261+0000] {dagbag.py:538} INFO - Filling up the DagBag from /home/airflow/.local/lib/python3.8/site-packages/airflow/example_dags/example_python_decorator.py
[2026-06-04T06:42:10.270+0000] {processor.py:840} INFO - DAG(s) 'example_python_decorator' retrieved from /home/airflow/.local/lib/python3.8/site-packages/airflow/example_dags/example_python_decorator.py
[2026-06-04T06:42:10.294+0000] {logging_mixin.py:188} INFO - [2026-06-04T06:42:10.293+0000] {dag.py:3033} INFO - Sync 1 DAGs
[2026-06-04T06:42:10.299+0000] {logging_mixin.py:188} INFO - [2026-06-04T06:42:10.299+0000] {dag.py:3820} INFO - Setting next_dagrun for example_python_decorator to None, run_after=None
[2026-06-04T06:42:10.314+0000] {processor.py:183} INFO - Processing /home/airflow/.local/lib/python3.8/site-packages/airflow/example_dags/example_python_decorator.py took 0.056 seconds
[2026-06-04T06:42:40.565+0000] {processor.py:161} INFO - Started process (PID=721) to work on /home/airflow/.local/lib/python3.8/site-packages/airflow/example_dags/example_python_decorator.py
[2026-06-04T06:42:40.566+0000] {processor.py:830} INFO - Processing file /home/airflow/.local/lib/python3.8/site-packages/airflow/example_dags/example_python_decorator.py for tasks to queue
[2026-06-04T06:42:40.566+0000] {logging_mixin.py:188} INFO - [2026-06-04T06:42:40.566+0000] {dagbag.py:538} INFO - Filling up the DagBag from /home/airflow/.local/lib/python3.8/site-packages/airflow/example_dags/example_python_decorator.py
[2026-06-04T06:42:40.571+0000] {processor.py:840} INFO - DAG(s) 'example_python_decorator' retrieved from /home/airflow/.local/lib/python3.8/site-packages/airflow/example_dags/example_python_decorator.py
[2026-06-04T06:42:40.585+0000] {logging_mixin.py:188} INFO - [2026-06-04T06:42:40.585+0000] {dag.py:3033} INFO - Sync 1 DAGs
[2026-06-04T06:42:40.590+0000] {logging_mixin.py:188} INFO - [2026-06-04T06:42:40.590+0000] {dag.py:3820} INFO - Setting next_dagrun for example_python_decorator to None, run_after=None
[2026-06-04T06:42:40.598+0000] {processor.py:183} INFO - Processing /home/airflow/.local/lib/python3.8/site-packages/airflow/example_dags/example_python_decorator.py took 0.035 seconds
[2026-06-04T06:43:10.892+0000] {processor.py:161} INFO - Started process (PID=777) to work on /home/airflow/.local/lib/python3.8/site-packages/airflow/example_dags/example_python_decorator.py
[2026-06-04T06:43:10.893+0000] {processor.py:830} INFO - Processing file /home/airflow/.local/lib/python3.8/site-packages/airflow/example_dags/example_python_decorator.py for tasks to queue
[2026-06-04T06:43:10.894+0000] {logging_mixin.py:188} INFO - [2026-06-04T06:43:10.894+0000] {dagbag.py:538} INFO - Filling up the DagBag from /home/airflow/.local/lib/python3.8/site-packages/airflow/example_dags/example_python_decorator.py
[2026-06-04T06:43:10.900+0000] {processor.py:840} INFO - DAG(s) 'example_python_decorator' retrieved from /home/airflow/.local/lib/python3.8/site-packages/airflow/example_dags/example_python_decorator.py
[2026-06-04T06:43:10.915+0000] {logging_mixin.py:188} INFO - [2026-06-04T06:43:10.915+0000] {dag.py:3033} INFO - Sync 1 DAGs
[2026-06-04T06:43:10.919+0000] {logging_mixin.py:188} INFO - [2026-06-04T06:43:10.919+0000] {dag.py:3820} INFO - Setting next_dagrun for example_python_decorator to None, run_after=None
[2026-06-04T06:43:10.930+0000] {processor.py:183} INFO - Processing /home/airflow/.local/lib/python3.8/site-packages/airflow/example_dags/example_python_decorator.py took 0.039 seconds
[2026-06-04T06:43:41.022+0000] {processor.py:161} INFO - Started process (PID=833) to work on /home/airflow/.local/lib/python3.8/site-packages/airflow/example_dags/example_python_decorator.py
[2026-06-04T06:43:41.023+0000] {processor.py:830} INFO - Processing file /home/airflow/.local/lib/python3.8/site-packages/airflow/example_dags/example_python_decorator.py for tasks to queue
[2026-06-04T06:43:41.024+0000] {logging_mixin.py:188} INFO - [2026-06-04T06:43:41.024+0000] {dagbag.py:538} INFO - Filling up the DagBag from /home/airflow/.local/lib/python3.8/site-packages/airflow/example_dags/example_python_decorator.py
[2026-06-04T06:43:41.031+0000] {processor.py:840} INFO - DAG(s) 'example_python_decorator' retrieved from /home/airflow/.local/lib/python3.8/site-packages/airflow/example_dags/example_python_decorator.py
[2026-06-04T06:43:41.045+0000] {logging_mixin.py:188} INFO - [2026-06-04T06:43:41.045+0000] {dag.py:3033} INFO - Sync 1 DAGs
[2026-06-04T06:43:41.050+0000] {logging_mixin.py:188} INFO - [2026-06-04T06:43:41.050+0000] {dag.py:3820} INFO - Setting next_dagrun for example_python_decorator to None, run_after=None
[2026-06-04T06:43:41.061+0000] {processor.py:183} INFO - Processing /home/airflow/.local/lib/python3.8/site-packages/airflow/example_dags/example_python_decorator.py took 0.040 seconds
[2026-06-04T06:44:11.232+0000] {processor.py:161} INFO - Started process (PID=889) to work on /home/airflow/.local/lib/python3.8/site-packages/airflow/example_dags/example_python_decorator.py
[2026-06-04T06:44:11.232+0000] {processor.py:830} INFO - Processing file /home/airflow/.local/lib/python3.8/site-packages/airflow/example_dags/example_python_decorator.py for tasks to queue
[2026-06-04T06:44:11.233+0000] {logging_mixin.py:188} INFO - [2026-06-04T06:44:11.233+0000] {dagbag.py:538} INFO - Filling up the DagBag from /home/airflow/.local/lib/python3.8/site-packages/airflow/example_dags/example_python_decorator.py
[2026-06-04T06:44:11.240+0000] {processor.py:840} INFO - DAG(s) 'example_python_decorator' retrieved from /home/airflow/.local/lib/python3.8/site-packages/airflow/example_dags/example_python_decorator.py
[2026-06-04T06:44:11.250+0000] {logging_mixin.py:188} INFO - [2026-06-04T06:44:11.250+0000] {dag.py:3033} INFO - Sync 1 DAGs
[2026-06-04T06:44:11.255+0000] {logging_mixin.py:188} INFO - [2026-06-04T06:44:11.255+0000] {dag.py:3820} INFO - Setting next_dagrun for example_python_decorator to None, run_after=None
[2026-06-04T06:44:11.267+0000] {processor.py:183} INFO - Processing /home/airflow/.local/lib/python3.8/site-packages/airflow/example_dags/example_python_decorator.py took 0.037 seconds
[2026-06-04T06:44:42.070+0000] {processor.py:161} INFO - Started process (PID=944) to work on /home/airflow/.local/lib/python3.8/site-packages/airflow/example_dags/example_python_decorator.py
[2026-06-04T06:44:42.072+0000] {processor.py:830} INFO - Processing file /home/airflow/.local/lib/python3.8/site-packages/airflow/example_dags/example_python_decorator.py for tasks to queue
[2026-06-04T06:44:42.072+0000] {logging_mixin.py:188} INFO - [2026-06-04T06:44:42.072+0000] {dagbag.py:538} INFO - Filling up the DagBag from /home/airflow/.local/lib/python3.8/site-packages/airflow/example_dags/example_python_decorator.py
[2026-06-04T06:44:42.078+0000] {processor.py:840} INFO - DAG(s) 'example_python_decorator' retrieved from /home/airflow/.local/lib/python3.8/site-packages/airflow/example_dags/example_python_decorator.py
[2026-06-04T06:44:42.090+0000] {logging_mixin.py:188} INFO - [2026-06-04T06:44:42.089+0000] {dag.py:3033} INFO - Sync 1 DAGs
[2026-06-04T06:44:42.095+0000] {logging_mixin.py:188} INFO - [2026-06-04T06:44:42.095+0000] {dag.py:3820} INFO - Setting next_dagrun for example_python_decorator to None, run_after=None
[2026-06-04T06:44:42.104+0000] {processor.py:183} INFO - Processing /home/airflow/.local/lib/python3.8/site-packages/airflow/example_dags/example_python_decorator.py took 0.036 seconds
[2026-06-04T06:45:12.273+0000] {processor.py:161} INFO - Started process (PID=1000) to work on /home/airflow/.local/lib/python3.8/site-packages/airflow/example_dags/example_python_decorator.py
[2026-06-04T06:45:12.273+0000] {processor.py:830} INFO - Processing file /home/airflow/.local/lib/python3.8/site-packages/airflow/example_dags/example_python_decorator.py for tasks to queue
[2026-06-04T06:45:12.274+0000] {logging_mixin.py:188} INFO - [2026-06-04T06:45:12.274+0000] {dagbag.py:538} INFO - Filling up the DagBag from /home/airflow/.local/lib/python3.8/site-packages/airflow/example_dags/example_python_decorator.py
[2026-06-04T06:45:12.279+0000] {processor.py:840} INFO - DAG(s) 'example_python_decorator' retrieved from /home/airflow/.local/lib/python3.8/site-packages/airflow/example_dags/example_python_decorator.py
[2026-06-04T06:45:12.295+0000] {logging_mixin.py:188} INFO - [2026-06-04T06:45:12.295+0000] {dag.py:3033} INFO - Sync 1 DAGs
[2026-06-04T06:45:12.302+0000] {logging_mixin.py:188} INFO - [2026-06-04T06:45:12.302+0000] {dag.py:3820} INFO - Setting next_dagrun for example_python_decorator to None, run_after=None
[2026-06-04T06:45:12.313+0000] {processor.py:183} INFO - Processing /home/airflow/.local/lib/python3.8/site-packages/airflow/example_dags/example_python_decorator.py took 0.042 seconds
[2026-06-04T06:45:42.481+0000] {processor.py:161} INFO - Started process (PID=1056) to work on /home/airflow/.local/lib/python3.8/site-packages/airflow/example_dags/example_python_decorator.py
[2026-06-04T06:45:42.481+0000] {processor.py:830} INFO - Processing file /home/airflow/.local/lib/python3.8/site-packages/airflow/example_dags/example_python_decorator.py for tasks to queue
[2026-06-04T06:45:42.482+0000] {logging_mixin.py:188} INFO - [2026-06-04T06:45:42.482+0000] {dagbag.py:538} INFO - Filling up the DagBag from /home/airflow/.local/lib/python3.8/site-packages/airflow/example_dags/example_python_decorator.py
[2026-06-04T06:45:42.489+0000] {processor.py:840} INFO - DAG(s) 'example_python_decorator' retrieved from /home/airflow/.local/lib/python3.8/site-packages/airflow/example_dags/example_python_decorator.py
[2026-06-04T06:45:42.500+0000] {logging_mixin.py:188} INFO - [2026-06-04T06:45:42.500+0000] {dag.py:3033} INFO - Sync 1 DAGs
[2026-06-04T06:45:42.506+0000] {logging_mixin.py:188} INFO - [2026-06-04T06:45:42.506+0000] {dag.py:3820} INFO - Setting next_dagrun for example_python_decorator to None, run_after=None
[2026-06-04T06:45:42.517+0000] {processor.py:183} INFO - Processing /home/airflow/.local/lib/python3.8/site-packages/airflow/example_dags/example_python_decorator.py took 0.038 seconds
[2026-06-04T06:46:13.375+0000] {processor.py:161} INFO - Started process (PID=1112) to work on /home/airflow/.local/lib/python3.8/site-packages/airflow/example_dags/example_python_decorator.py
[2026-06-04T06:46:13.377+0000] {processor.py:830} INFO - Processing file /home/airflow/.local/lib/python3.8/site-packages/airflow/example_dags/example_python_decorator.py for tasks to queue
[2026-06-04T06:46:13.379+0000] {logging_mixin.py:188} INFO - [2026-06-04T06:46:13.378+0000] {dagbag.py:538} INFO - Filling up the DagBag from /home/airflow/.local/lib/python3.8/site-packages/airflow/example_dags/example_python_decorator.py
[2026-06-04T06:46:13.386+0000] {processor.py:840} INFO - DAG(s) 'example_python_decorator' retrieved from /home/airflow/.local/lib/python3.8/site-packages/airflow/example_dags/example_python_decorator.py
[2026-06-04T06:46:13.400+0000] {logging_mixin.py:188} INFO - [2026-06-04T06:46:13.400+0000] {dag.py:3033} INFO - Sync 1 DAGs
[2026-06-04T06:46:13.409+0000] {logging_mixin.py:188} INFO - [2026-06-04T06:46:13.409+0000] {dag.py:3820} INFO - Setting next_dagrun for example_python_decorator to None, run_after=None
[2026-06-04T06:46:13.420+0000] {processor.py:183} INFO - Processing /home/airflow/.local/lib/python3.8/site-packages/airflow/example_dags/example_python_decorator.py took 0.046 seconds
[2026-06-04T06:46:43.582+0000] {processor.py:161} INFO - Started process (PID=1168) to work on /home/airflow/.local/lib/python3.8/site-packages/airflow/example_dags/example_python_decorator.py
[2026-06-04T06:46:43.582+0000] {processor.py:830} INFO - Processing file /home/airflow/.local/lib/python3.8/site-packages/airflow/example_dags/example_python_decorator.py for tasks to queue
[2026-06-04T06:46:43.583+0000] {logging_mixin.py:188} INFO - [2026-06-04T06:46:43.583+0000] {dagbag.py:538} INFO - Filling up the DagBag from /home/airflow/.local/lib/python3.8/site-packages/airflow/example_dags/example_python_decorator.py
[2026-06-04T06:46:43.588+0000] {processor.py:840} INFO - DAG(s) 'example_python_decorator' retrieved from /home/airflow/.local/lib/python3.8/site-packages/airflow/example_dags/example_python_decorator.py
[2026-06-04T06:46:43.600+0000] {logging_mixin.py:188} INFO - [2026-06-04T06:46:43.600+0000] {dag.py:3033} INFO - Sync 1 DAGs
[2026-06-04T06:46:43.605+0000] {logging_mixin.py:188} INFO - [2026-06-04T06:46:43.605+0000] {dag.py:3820} INFO - Setting next_dagrun for example_python_decorator to None, run_after=None
[2026-06-04T06:46:43.617+0000] {processor.py:183} INFO - Processing /home/airflow/.local/lib/python3.8/site-packages/airflow/example_dags/example_python_decorator.py took 0.037 seconds
[2026-06-04T06:47:13.785+0000] {processor.py:161} INFO - Started process (PID=1224) to work on /home/airflow/.local/lib/python3.8/site-packages/airflow/example_dags/example_python_decorator.py
[2026-06-04T06:47:13.785+0000] {processor.py:830} INFO - Processing file /home/airflow/.local/lib/python3.8/site-packages/airflow/example_dags/example_python_decorator.py for tasks to queue
[2026-06-04T06:47:13.786+0000] {logging_mixin.py:188} INFO - [2026-06-04T06:47:13.786+0000] {dagbag.py:538} INFO - Filling up the DagBag from /home/airflow/.local/lib/python3.8/site-packages/airflow/example_dags/example_python_decorator.py
[2026-06-04T06:47:13.792+0000] {processor.py:840} INFO - DAG(s) 'example_python_decorator' retrieved from /home/airflow/.local/lib/python3.8/site-packages/airflow/example_dags/example_python_decorator.py
[2026-06-04T06:47:13.807+0000] {logging_mixin.py:188} INFO - [2026-06-04T06:47:13.807+0000] {dag.py:3033} INFO - Sync 1 DAGs
[2026-06-04T06:47:13.814+0000] {logging_mixin.py:188} INFO - [2026-06-04T06:47:13.814+0000] {dag.py:3820} INFO - Setting next_dagrun for example_python_decorator to None, run_after=None
[2026-06-04T06:47:13.824+0000] {processor.py:183} INFO - Processing /home/airflow/.local/lib/python3.8/site-packages/airflow/example_dags/example_python_decorator.py took 0.041 seconds
[2026-06-04T06:47:44.690+0000] {processor.py:161} INFO - Started process (PID=1280) to work on /home/airflow/.local/lib/python3.8/site-packages/airflow/example_dags/example_python_decorator.py
[2026-06-04T06:47:44.692+0000] {processor.py:830} INFO - Processing file /home/airflow/.local/lib/python3.8/site-packages/airflow/example_dags/example_python_decorator.py for tasks to queue
[2026-06-04T06:47:44.692+0000] {logging_mixin.py:188} INFO - [2026-06-04T06:47:44.692+0000] {dagbag.py:538} INFO - Filling up the DagBag from /home/airflow/.local/lib/python3.8/site-packages/airflow/example_dags/example_python_decorator.py
[2026-06-04T06:47:44.698+0000] {processor.py:840} INFO - DAG(s) 'example_python_decorator' retrieved from /home/airflow/.local/lib/python3.8/site-packages/airflow/example_dags/example_python_decorator.py
[2026-06-04T06:47:44.715+0000] {logging_mixin.py:188} INFO - [2026-06-04T06:47:44.715+0000] {dag.py:3033} INFO - Sync 1 DAGs
[2026-06-04T06:47:44.721+0000] {logging_mixin.py:188} INFO - [2026-06-04T06:47:44.721+0000] {dag.py:3820} INFO - Setting next_dagrun for example_python_decorator to None, run_after=None
[2026-06-04T06:47:44.733+0000] {processor.py:183} INFO - Processing /home/airflow/.local/lib/python3.8/site-packages/airflow/example_dags/example_python_decorator.py took 0.045 seconds
[2026-06-04T06:48:15.589+0000] {processor.py:161} INFO - Started process (PID=1336) to work on /home/airflow/.local/lib/python3.8/site-packages/airflow/example_dags/example_python_decorator.py
[2026-06-04T06:48:15.591+0000] {processor.py:830} INFO - Processing file /home/airflow/.local/lib/python3.8/site-packages/airflow/example_dags/example_python_decorator.py for tasks to queue
[2026-06-04T06:48:15.592+0000] {logging_mixin.py:188} INFO - [2026-06-04T06:48:15.592+0000] {dagbag.py:538} INFO - Filling up the DagBag from /home/airflow/.local/lib/python3.8/site-packages/airflow/example_dags/example_python_decorator.py
[2026-06-04T06:48:15.600+0000] {processor.py:840} INFO - DAG(s) 'example_python_decorator' retrieved from /home/airflow/.local/lib/python3.8/site-packages/airflow/example_dags/example_python_decorator.py
[2026-06-04T06:48:15.614+0000] {logging_mixin.py:188} INFO - [2026-06-04T06:48:15.613+0000] {dag.py:3033} INFO - Sync 1 DAGs
[2026-06-04T06:48:15.619+0000] {logging_mixin.py:188} INFO - [2026-06-04T06:48:15.619+0000] {dag.py:3820} INFO - Setting next_dagrun for example_python_decorator to None, run_after=None
[2026-06-04T06:48:15.630+0000] {processor.py:183} INFO - Processing /home/airflow/.local/lib/python3.8/site-packages/airflow/example_dags/example_python_decorator.py took 0.042 seconds
[2026-06-04T06:48:46.490+0000] {processor.py:161} INFO - Started process (PID=1392) to work on /home/airflow/.local/lib/python3.8/site-packages/airflow/example_dags/example_python_decorator.py
[2026-06-04T06:48:46.491+0000] {processor.py:830} INFO - Processing file /home/airflow/.local/lib/python3.8/site-packages/airflow/example_dags/example_python_decorator.py for tasks to queue
[2026-06-04T06:48:46.492+0000] {logging_mixin.py:188} INFO - [2026-06-04T06:48:46.491+0000] {dagbag.py:538} INFO - Filling up the DagBag from /home/airflow/.local/lib/python3.8/site-packages/airflow/example_dags/example_python_decorator.py
[2026-06-04T06:48:46.499+0000] {processor.py:840} INFO - DAG(s) 'example_python_decorator' retrieved from /home/airflow/.local/lib/python3.8/site-packages/airflow/example_dags/example_python_decorator.py
[2026-06-04T06:48:46.510+0000] {logging_mixin.py:188} INFO - [2026-06-04T06:48:46.510+0000] {dag.py:3033} INFO - Sync 1 DAGs
[2026-06-04T06:48:46.516+0000] {logging_mixin.py:188} INFO - [2026-06-04T06:48:46.516+0000] {dag.py:3820} INFO - Setting next_dagrun for example_python_decorator to None, run_after=None
[2026-06-04T06:48:46.527+0000] {processor.py:183} INFO - Processing /home/airflow/.local/lib/python3.8/site-packages/airflow/example_dags/example_python_decorator.py took 0.038 seconds
[2026-06-04T06:49:17.084+0000] {processor.py:161} INFO - Started process (PID=1448) to work on /home/airflow/.local/lib/python3.8/site-packages/airflow/example_dags/example_python_decorator.py
[2026-06-04T06:49:17.085+0000] {processor.py:830} INFO - Processing file /home/airflow/.local/lib/python3.8/site-packages/airflow/example_dags/example_python_decorator.py for tasks to queue
[2026-06-04T06:49:17.087+0000] {logging_mixin.py:188} INFO - [2026-06-04T06:49:17.087+0000] {dagbag.py:538} INFO - Filling up the DagBag from /home/airflow/.local/lib/python3.8/site-packages/airflow/example_dags/example_python_decorator.py
[2026-06-04T06:49:17.094+0000] {processor.py:840} INFO - DAG(s) 'example_python_decorator' retrieved from /home/airflow/.local/lib/python3.8/site-packages/airflow/example_dags/example_python_decorator.py
[2026-06-04T06:49:17.122+0000] {logging_mixin.py:188} INFO - [2026-06-04T06:49:17.122+0000] {dag.py:3033} INFO - Sync 1 DAGs
[2026-06-04T06:49:17.128+0000] {logging_mixin.py:188} INFO - [2026-06-04T06:49:17.128+0000] {dag.py:3820} INFO - Setting next_dagrun for example_python_decorator to None, run_after=None
[2026-06-04T06:49:17.137+0000] {processor.py:183} INFO - Processing /home/airflow/.local/lib/python3.8/site-packages/airflow/example_dags/example_python_decorator.py took 0.057 seconds
[2026-06-04T06:49:47.766+0000] {processor.py:161} INFO - Started process (PID=1504) to work on /home/airflow/.local/lib/python3.8/site-packages/airflow/example_dags/example_python_decorator.py
[2026-06-04T06:49:47.767+0000] {processor.py:830} INFO - Processing file /home/airflow/.local/lib/python3.8/site-packages/airflow/example_dags/example_python_decorator.py for tasks to queue
[2026-06-04T06:49:47.768+0000] {logging_mixin.py:188} INFO - [2026-06-04T06:49:47.768+0000] {dagbag.py:538} INFO - Filling up the DagBag from /home/airflow/.local/lib/python3.8/site-packages/airflow/example_dags/example_python_decorator.py
[2026-06-04T06:49:47.774+0000] {processor.py:840} INFO - DAG(s) 'example_python_decorator' retrieved from /home/airflow/.local/lib/python3.8/site-packages/airflow/example_dags/example_python_decorator.py
[2026-06-04T06:49:47.791+0000] {logging_mixin.py:188} INFO - [2026-06-04T06:49:47.791+0000] {dag.py:3033} INFO - Sync 1 DAGs
[2026-06-04T06:49:47.799+0000] {logging_mixin.py:188} INFO - [2026-06-04T06:49:47.799+0000] {dag.py:3820} INFO - Setting next_dagrun for example_python_decorator to None, run_after=None
[2026-06-04T06:49:47.809+0000] {processor.py:183} INFO - Processing /home/airflow/.local/lib/python3.8/site-packages/airflow/example_dags/example_python_decorator.py took 0.045 seconds
[2026-06-04T06:50:17.932+0000] {processor.py:161} INFO - Started process (PID=1560) to work on /home/airflow/.local/lib/python3.8/site-packages/airflow/example_dags/example_python_decorator.py
[2026-06-04T06:50:17.933+0000] {processor.py:830} INFO - Processing file /home/airflow/.local/lib/python3.8/site-packages/airflow/example_dags/example_python_decorator.py for tasks to queue
[2026-06-04T06:50:17.935+0000] {logging_mixin.py:188} INFO - [2026-06-04T06:50:17.935+0000] {dagbag.py:538} INFO - Filling up the DagBag from /home/airflow/.local/lib/python3.8/site-packages/airflow/example_dags/example_python_decorator.py
[2026-06-04T06:50:17.947+0000] {processor.py:840} INFO - DAG(s) 'example_python_decorator' retrieved from /home/airflow/.local/lib/python3.8/site-packages/airflow/example_dags/example_python_decorator.py
[2026-06-04T06:50:17.962+0000] {logging_mixin.py:188} INFO - [2026-06-04T06:50:17.961+0000] {dag.py:3033} INFO - Sync 1 DAGs
[2026-06-04T06:50:17.968+0000] {logging_mixin.py:188} INFO - [2026-06-04T06:50:17.968+0000] {dag.py:3820} INFO - Setting next_dagrun for example_python_decorator to None, run_after=None
[2026-06-04T06:50:17.978+0000] {processor.py:183} INFO - Processing /home/airflow/.local/lib/python3.8/site-packages/airflow/example_dags/example_python_decorator.py took 0.048 seconds
[2026-06-04T06:50:48.052+0000] {processor.py:161} INFO - Started process (PID=1616) to work on /home/airflow/.local/lib/python3.8/site-packages/airflow/example_dags/example_python_decorator.py
[2026-06-04T06:50:48.053+0000] {processor.py:830} INFO - Processing file /home/airflow/.local/lib/python3.8/site-packages/airflow/example_dags/example_python_decorator.py for tasks to queue
[2026-06-04T06:50:48.055+0000] {logging_mixin.py:188} INFO - [2026-06-04T06:50:48.055+0000] {dagbag.py:538} INFO - Filling up the DagBag from /home/airflow/.local/lib/python3.8/site-packages/airflow/example_dags/example_python_decorator.py
[2026-06-04T06:50:48.061+0000] {processor.py:840} INFO - DAG(s) 'example_python_decorator' retrieved from /home/airflow/.local/lib/python3.8/site-packages/airflow/example_dags/example_python_decorator.py
[2026-06-04T06:50:48.071+0000] {logging_mixin.py:188} INFO - [2026-06-04T06:50:48.071+0000] {dag.py:3033} INFO - Sync 1 DAGs
[2026-06-04T06:50:48.079+0000] {logging_mixin.py:188} INFO - [2026-06-04T06:50:48.079+0000] {dag.py:3820} INFO - Setting next_dagrun for example_python_decorator to None, run_after=None
[2026-06-04T06:50:48.090+0000] {processor.py:183} INFO - Processing /home/airflow/.local/lib/python3.8/site-packages/airflow/example_dags/example_python_decorator.py took 0.039 seconds
[2026-06-04T06:51:18.220+0000] {processor.py:161} INFO - Started process (PID=1672) to work on /home/airflow/.local/lib/python3.8/site-packages/airflow/example_dags/example_python_decorator.py
[2026-06-04T06:51:18.221+0000] {processor.py:830} INFO - Processing file /home/airflow/.local/lib/python3.8/site-packages/airflow/example_dags/example_python_decorator.py for tasks to queue
[2026-06-04T06:51:18.223+0000] {logging_mixin.py:188} INFO - [2026-06-04T06:51:18.223+0000] {dagbag.py:538} INFO - Filling up the DagBag from /home/airflow/.local/lib/python3.8/site-packages/airflow/example_dags/example_python_decorator.py
[2026-06-04T06:51:18.230+0000] {processor.py:840} INFO - DAG(s) 'example_python_decorator' retrieved from /home/airflow/.local/lib/python3.8/site-packages/airflow/example_dags/example_python_decorator.py
[2026-06-04T06:51:18.243+0000] {logging_mixin.py:188} INFO - [2026-06-04T06:51:18.243+0000] {dag.py:3033} INFO - Sync 1 DAGs
[2026-06-04T06:51:18.249+0000] {logging_mixin.py:188} INFO - [2026-06-04T06:51:18.249+0000] {dag.py:3820} INFO - Setting next_dagrun for example_python_decorator to None, run_after=None
[2026-06-04T06:51:18.262+0000] {processor.py:183} INFO - Processing /home/airflow/.local/lib/python3.8/site-packages/airflow/example_dags/example_python_decorator.py took 0.045 seconds
[2026-06-04T06:51:48.897+0000] {processor.py:161} INFO - Started process (PID=1728) to work on /home/airflow/.local/lib/python3.8/site-packages/airflow/example_dags/example_python_decorator.py
[2026-06-04T06:51:48.898+0000] {processor.py:830} INFO - Processing file /home/airflow/.local/lib/python3.8/site-packages/airflow/example_dags/example_python_decorator.py for tasks to queue
[2026-06-04T06:51:48.899+0000] {logging_mixin.py:188} INFO - [2026-06-04T06:51:48.899+0000] {dagbag.py:538} INFO - Filling up the DagBag from /home/airflow/.local/lib/python3.8/site-packages/airflow/example_dags/example_python_decorator.py
[2026-06-04T06:51:48.908+0000] {processor.py:840} INFO - DAG(s) 'example_python_decorator' retrieved from /home/airflow/.local/lib/python3.8/site-packages/airflow/example_dags/example_python_decorator.py
[2026-06-04T06:51:48.925+0000] {logging_mixin.py:188} INFO - [2026-06-04T06:51:48.925+0000] {dag.py:3033} INFO - Sync 1 DAGs
[2026-06-04T06:51:48.933+0000] {logging_mixin.py:188} INFO - [2026-06-04T06:51:48.933+0000] {dag.py:3820} INFO - Setting next_dagrun for example_python_decorator to None, run_after=None
[2026-06-04T06:51:48.946+0000] {processor.py:183} INFO - Processing /home/airflow/.local/lib/python3.8/site-packages/airflow/example_dags/example_python_decorator.py took 0.052 seconds
[2026-06-04T06:52:19.099+0000] {processor.py:161} INFO - Started process (PID=1784) to work on /home/airflow/.local/lib/python3.8/site-packages/airflow/example_dags/example_python_decorator.py
[2026-06-04T06:52:19.100+0000] {processor.py:830} INFO - Processing file /home/airflow/.local/lib/python3.8/site-packages/airflow/example_dags/example_python_decorator.py for tasks to queue
[2026-06-04T06:52:19.101+0000] {logging_mixin.py:188} INFO - [2026-06-04T06:52:19.101+0000] {dagbag.py:538} INFO - Filling up the DagBag from /home/airflow/.local/lib/python3.8/site-packages/airflow/example_dags/example_python_decorator.py
[2026-06-04T06:52:19.106+0000] {processor.py:840} INFO - DAG(s) 'example_python_decorator' retrieved from /home/airflow/.local/lib/python3.8/site-packages/airflow/example_dags/example_python_decorator.py
[2026-06-04T06:52:19.118+0000] {logging_mixin.py:188} INFO - [2026-06-04T06:52:19.117+0000] {dag.py:3033} INFO - Sync 1 DAGs
[2026-06-04T06:52:19.126+0000] {logging_mixin.py:188} INFO - [2026-06-04T06:52:19.125+0000] {dag.py:3820} INFO - Setting next_dagrun for example_python_decorator to None, run_after=None
[2026-06-04T06:52:19.136+0000] {processor.py:183} INFO - Processing /home/airflow/.local/lib/python3.8/site-packages/airflow/example_dags/example_python_decorator.py took 0.041 seconds
[2026-06-04T06:52:49.253+0000] {processor.py:161} INFO - Started process (PID=1840) to work on /home/airflow/.local/lib/python3.8/site-packages/airflow/example_dags/example_python_decorator.py
[2026-06-04T06:52:49.254+0000] {processor.py:830} INFO - Processing file /home/airflow/.local/lib/python3.8/site-packages/airflow/example_dags/example_python_decorator.py for tasks to queue
[2026-06-04T06:52:49.255+0000] {logging_mixin.py:188} INFO - [2026-06-04T06:52:49.255+0000] {dagbag.py:538} INFO - Filling up the DagBag from /home/airflow/.local/lib/python3.8/site-packages/airflow/example_dags/example_python_decorator.py
[2026-06-04T06:52:49.259+0000] {processor.py:840} INFO - DAG(s) 'example_python_decorator' retrieved from /home/airflow/.local/lib/python3.8/site-packages/airflow/example_dags/example_python_decorator.py
[2026-06-04T06:52:49.268+0000] {logging_mixin.py:188} INFO - [2026-06-04T06:52:49.268+0000] {dag.py:3033} INFO - Sync 1 DAGs
[2026-06-04T06:52:49.272+0000] {logging_mixin.py:188} INFO - [2026-06-04T06:52:49.272+0000] {dag.py:3820} INFO - Setting next_dagrun for example_python_decorator to None, run_after=None
[2026-06-04T06:52:49.278+0000] {processor.py:183} INFO - Processing /home/airflow/.local/lib/python3.8/site-packages/airflow/example_dags/example_python_decorator.py took 0.026 seconds
[2026-06-04T06:53:20.269+0000] {processor.py:161} INFO - Started process (PID=1896) to work on /home/airflow/.local/lib/python3.8/site-packages/airflow/example_dags/example_python_decorator.py
[2026-06-04T06:53:20.270+0000] {processor.py:830} INFO - Processing file /home/airflow/.local/lib/python3.8/site-packages/airflow/example_dags/example_python_decorator.py for tasks to queue
[2026-06-04T06:53:20.271+0000] {logging_mixin.py:188} INFO - [2026-06-04T06:53:20.271+0000] {dagbag.py:538} INFO - Filling up the DagBag from /home/airflow/.local/lib/python3.8/site-packages/airflow/example_dags/example_python_decorator.py
[2026-06-04T06:53:20.285+0000] {processor.py:840} INFO - DAG(s) 'example_python_decorator' retrieved from /home/airflow/.local/lib/python3.8/site-packages/airflow/example_dags/example_python_decorator.py
[2026-06-04T06:53:20.311+0000] {logging_mixin.py:188} INFO - [2026-06-04T06:53:20.311+0000] {dag.py:3033} INFO - Sync 1 DAGs
[2026-06-04T06:53:20.318+0000] {logging_mixin.py:188} INFO - [2026-06-04T06:53:20.318+0000] {dag.py:3820} INFO - Setting next_dagrun for example_python_decorator to None, run_after=None
[2026-06-04T06:53:20.331+0000] {processor.py:183} INFO - Processing /home/airflow/.local/lib/python3.8/site-packages/airflow/example_dags/example_python_decorator.py took 0.066 seconds
[2026-06-04T06:53:50.742+0000] {processor.py:161} INFO - Started process (PID=1952) to work on /home/airflow/.local/lib/python3.8/site-packages/airflow/example_dags/example_python_decorator.py
[2026-06-04T06:53:50.743+0000] {processor.py:830} INFO - Processing file /home/airflow/.local/lib/python3.8/site-packages/airflow/example_dags/example_python_decorator.py for tasks to queue
[2026-06-04T06:53:50.744+0000] {logging_mixin.py:188} INFO - [2026-06-04T06:53:50.743+0000] {dagbag.py:538} INFO - Filling up the DagBag from /home/airflow/.local/lib/python3.8/site-packages/airflow/example_dags/example_python_decorator.py
[2026-06-04T06:53:50.749+0000] {processor.py:840} INFO - DAG(s) 'example_python_decorator' retrieved from /home/airflow/.local/lib/python3.8/site-packages/airflow/example_dags/example_python_decorator.py
[2026-06-04T06:53:50.762+0000] {logging_mixin.py:188} INFO - [2026-06-04T06:53:50.762+0000] {dag.py:3033} INFO - Sync 1 DAGs
[2026-06-04T06:53:50.769+0000] {logging_mixin.py:188} INFO - [2026-06-04T06:53:50.769+0000] {dag.py:3820} INFO - Setting next_dagrun for example_python_decorator to None, run_after=None
[2026-06-04T06:53:50.780+0000] {processor.py:183} INFO - Processing /home/airflow/.local/lib/python3.8/site-packages/airflow/example_dags/example_python_decorator.py took 0.039 seconds
[2026-06-04T06:54:21.490+0000] {processor.py:161} INFO - Started process (PID=2008) to work on /home/airflow/.local/lib/python3.8/site-packages/airflow/example_dags/example_python_decorator.py
[2026-06-04T06:54:21.491+0000] {processor.py:830} INFO - Processing file /home/airflow/.local/lib/python3.8/site-packages/airflow/example_dags/example_python_decorator.py for tasks to queue
[2026-06-04T06:54:21.492+0000] {logging_mixin.py:188} INFO - [2026-06-04T06:54:21.492+0000] {dagbag.py:538} INFO - Filling up the DagBag from /home/airflow/.local/lib/python3.8/site-packages/airflow/example_dags/example_python_decorator.py
[2026-06-04T06:54:21.497+0000] {processor.py:840} INFO - DAG(s) 'example_python_decorator' retrieved from /home/airflow/.local/lib/python3.8/site-packages/airflow/example_dags/example_python_decorator.py
[2026-06-04T06:54:21.510+0000] {logging_mixin.py:188} INFO - [2026-06-04T06:54:21.510+0000] {dag.py:3033} INFO - Sync 1 DAGs
[2026-06-04T06:54:21.584+0000] {logging_mixin.py:188} INFO - [2026-06-04T06:54:21.583+0000] {dag.py:3820} INFO - Setting next_dagrun for example_python_decorator to None, run_after=None
[2026-06-04T06:54:21.594+0000] {processor.py:183} INFO - Processing /home/airflow/.local/lib/python3.8/site-packages/airflow/example_dags/example_python_decorator.py took 0.106 seconds
[2026-06-04T06:54:52.239+0000] {processor.py:161} INFO - Started process (PID=2064) to work on /home/airflow/.local/lib/python3.8/site-packages/airflow/example_dags/example_python_decorator.py
[2026-06-04T06:54:52.240+0000] {processor.py:830} INFO - Processing file /home/airflow/.local/lib/python3.8/site-packages/airflow/example_dags/example_python_decorator.py for tasks to queue
[2026-06-04T06:54:52.241+0000] {logging_mixin.py:188} INFO - [2026-06-04T06:54:52.241+0000] {dagbag.py:538} INFO - Filling up the DagBag from /home/airflow/.local/lib/python3.8/site-packages/airflow/example_dags/example_python_decorator.py
[2026-06-04T06:54:52.248+0000] {processor.py:840} INFO - DAG(s) 'example_python_decorator' retrieved from /home/airflow/.local/lib/python3.8/site-packages/airflow/example_dags/example_python_decorator.py
[2026-06-04T06:54:52.268+0000] {logging_mixin.py:188} INFO - [2026-06-04T06:54:52.268+0000] {dag.py:3033} INFO - Sync 1 DAGs
[2026-06-04T06:54:52.276+0000] {logging_mixin.py:188} INFO - [2026-06-04T06:54:52.276+0000] {dag.py:3820} INFO - Setting next_dagrun for example_python_decorator to None, run_after=None
[2026-06-04T06:54:52.285+0000] {processor.py:183} INFO - Processing /home/airflow/.local/lib/python3.8/site-packages/airflow/example_dags/example_python_decorator.py took 0.047 seconds
[2026-06-04T06:55:22.881+0000] {processor.py:161} INFO - Started process (PID=2120) to work on /home/airflow/.local/lib/python3.8/site-packages/airflow/example_dags/example_python_decorator.py
[2026-06-04T06:55:22.883+0000] {processor.py:830} INFO - Processing file /home/airflow/.local/lib/python3.8/site-packages/airflow/example_dags/example_python_decorator.py for tasks to queue
[2026-06-04T06:55:22.884+0000] {logging_mixin.py:188} INFO - [2026-06-04T06:55:22.884+0000] {dagbag.py:538} INFO - Filling up the DagBag from /home/airflow/.local/lib/python3.8/site-packages/airflow/example_dags/example_python_decorator.py
[2026-06-04T06:55:22.893+0000] {processor.py:840} INFO - DAG(s) 'example_python_decorator' retrieved from /home/airflow/.local/lib/python3.8/site-packages/airflow/example_dags/example_python_decorator.py
[2026-06-04T06:55:22.915+0000] {logging_mixin.py:188} INFO - [2026-06-04T06:55:22.915+0000] {dag.py:3033} INFO - Sync 1 DAGs
[2026-06-04T06:55:22.939+0000] {logging_mixin.py:188} INFO - [2026-06-04T06:55:22.939+0000] {dag.py:3820} INFO - Setting next_dagrun for example_python_decorator to None, run_after=None
[2026-06-04T06:55:22.954+0000] {processor.py:183} INFO - Processing /home/airflow/.local/lib/python3.8/site-packages/airflow/example_dags/example_python_decorator.py took 0.077 seconds
[2026-06-04T06:55:53.845+0000] {processor.py:161} INFO - Started process (PID=2176) to work on /home/airflow/.local/lib/python3.8/site-packages/airflow/example_dags/example_python_decorator.py
[2026-06-04T06:55:53.845+0000] {processor.py:830} INFO - Processing file /home/airflow/.local/lib/python3.8/site-packages/airflow/example_dags/example_python_decorator.py for tasks to queue
[2026-06-04T06:55:53.847+0000] {logging_mixin.py:188} INFO - [2026-06-04T06:55:53.847+0000] {dagbag.py:538} INFO - Filling up the DagBag from /home/airflow/.local/lib/python3.8/site-packages/airflow/example_dags/example_python_decorator.py
[2026-06-04T06:55:53.856+0000] {processor.py:840} INFO - DAG(s) 'example_python_decorator' retrieved from /home/airflow/.local/lib/python3.8/site-packages/airflow/example_dags/example_python_decorator.py
[2026-06-04T06:55:53.871+0000] {logging_mixin.py:188} INFO - [2026-06-04T06:55:53.871+0000] {dag.py:3033} INFO - Sync 1 DAGs
[2026-06-04T06:55:53.879+0000] {logging_mixin.py:188} INFO - [2026-06-04T06:55:53.878+0000] {dag.py:3820} INFO - Setting next_dagrun for example_python_decorator to None, run_after=None
[2026-06-04T06:55:53.892+0000] {processor.py:183} INFO - Processing /home/airflow/.local/lib/python3.8/site-packages/airflow/example_dags/example_python_decorator.py took 0.050 seconds
[2026-06-04T06:56:24.450+0000] {processor.py:161} INFO - Started process (PID=2233) to work on /home/airflow/.local/lib/python3.8/site-packages/airflow/example_dags/example_python_decorator.py
[2026-06-04T06:56:24.451+0000] {processor.py:830} INFO - Processing file /home/airflow/.local/lib/python3.8/site-packages/airflow/example_dags/example_python_decorator.py for tasks to queue
[2026-06-04T06:56:24.452+0000] {logging_mixin.py:188} INFO - [2026-06-04T06:56:24.452+0000] {dagbag.py:538} INFO - Filling up the DagBag from /home/airflow/.local/lib/python3.8/site-packages/airflow/example_dags/example_python_decorator.py
[2026-06-04T06:56:24.457+0000] {processor.py:840} INFO - DAG(s) 'example_python_decorator' retrieved from /home/airflow/.local/lib/python3.8/site-packages/airflow/example_dags/example_python_decorator.py
[2026-06-04T06:56:24.580+0000] {logging_mixin.py:188} INFO - [2026-06-04T06:56:24.580+0000] {dag.py:3033} INFO - Sync 1 DAGs
[2026-06-04T06:56:24.596+0000] {logging_mixin.py:188} INFO - [2026-06-04T06:56:24.595+0000] {dag.py:3820} INFO - Setting next_dagrun for example_python_decorator to None, run_after=None
[2026-06-04T06:56:24.612+0000] {processor.py:183} INFO - Processing /home/airflow/.local/lib/python3.8/site-packages/airflow/example_dags/example_python_decorator.py took 0.164 seconds
[2026-06-04T06:56:54.809+0000] {processor.py:161} INFO - Started process (PID=2289) to work on /home/airflow/.local/lib/python3.8/site-packages/airflow/example_dags/example_python_decorator.py
[2026-06-04T06:56:54.809+0000] {processor.py:830} INFO - Processing file /home/airflow/.local/lib/python3.8/site-packages/airflow/example_dags/example_python_decorator.py for tasks to queue
[2026-06-04T06:56:54.810+0000] {logging_mixin.py:188} INFO - [2026-06-04T06:56:54.810+0000] {dagbag.py:538} INFO - Filling up the DagBag from /home/airflow/.local/lib/python3.8/site-packages/airflow/example_dags/example_python_decorator.py
[2026-06-04T06:56:54.818+0000] {processor.py:840} INFO - DAG(s) 'example_python_decorator' retrieved from /home/airflow/.local/lib/python3.8/site-packages/airflow/example_dags/example_python_decorator.py
[2026-06-04T06:56:54.837+0000] {logging_mixin.py:188} INFO - [2026-06-04T06:56:54.837+0000] {dag.py:3033} INFO - Sync 1 DAGs
[2026-06-04T06:56:54.885+0000] {logging_mixin.py:188} INFO - [2026-06-04T06:56:54.885+0000] {dag.py:3820} INFO - Setting next_dagrun for example_python_decorator to None, run_after=None
[2026-06-04T06:56:54.915+0000] {processor.py:183} INFO - Processing /home/airflow/.local/lib/python3.8/site-packages/airflow/example_dags/example_python_decorator.py took 0.108 seconds
[2026-06-04T06:57:25.649+0000] {processor.py:161} INFO - Started process (PID=2345) to work on /home/airflow/.local/lib/python3.8/site-packages/airflow/example_dags/example_python_decorator.py
[2026-06-04T06:57:25.650+0000] {processor.py:830} INFO - Processing file /home/airflow/.local/lib/python3.8/site-packages/airflow/example_dags/example_python_decorator.py for tasks to queue
[2026-06-04T06:57:25.651+0000] {logging_mixin.py:188} INFO - [2026-06-04T06:57:25.651+0000] {dagbag.py:538} INFO - Filling up the DagBag from /home/airflow/.local/lib/python3.8/site-packages/airflow/example_dags/example_python_decorator.py
[2026-06-04T06:57:25.656+0000] {processor.py:840} INFO - DAG(s) 'example_python_decorator' retrieved from /home/airflow/.local/lib/python3.8/site-packages/airflow/example_dags/example_python_decorator.py
[2026-06-04T06:57:25.669+0000] {logging_mixin.py:188} INFO - [2026-06-04T06:57:25.669+0000] {dag.py:3033} INFO - Sync 1 DAGs
[2026-06-04T06:57:25.678+0000] {logging_mixin.py:188} INFO - [2026-06-04T06:57:25.677+0000] {dag.py:3820} INFO - Setting next_dagrun for example_python_decorator to None, run_after=None
[2026-06-04T06:57:25.690+0000] {processor.py:183} INFO - Processing /home/airflow/.local/lib/python3.8/site-packages/airflow/example_dags/example_python_decorator.py took 0.042 seconds
[2026-06-04T06:57:55.912+0000] {processor.py:161} INFO - Started process (PID=2401) to work on /home/airflow/.local/lib/python3.8/site-packages/airflow/example_dags/example_python_decorator.py
[2026-06-04T06:57:55.912+0000] {processor.py:830} INFO - Processing file /home/airflow/.local/lib/python3.8/site-packages/airflow/example_dags/example_python_decorator.py for tasks to queue
[2026-06-04T06:57:55.913+0000] {logging_mixin.py:188} INFO - [2026-06-04T06:57:55.913+0000] {dagbag.py:538} INFO - Filling up the DagBag from /home/airflow/.local/lib/python3.8/site-packages/airflow/example_dags/example_python_decorator.py
[2026-06-04T06:57:55.924+0000] {processor.py:840} INFO - DAG(s) 'example_python_decorator' retrieved from /home/airflow/.local/lib/python3.8/site-packages/airflow/example_dags/example_python_decorator.py
[2026-06-04T06:57:55.939+0000] {logging_mixin.py:188} INFO - [2026-06-04T06:57:55.939+0000] {dag.py:3033} INFO - Sync 1 DAGs
[2026-06-04T06:57:55.947+0000] {logging_mixin.py:188} INFO - [2026-06-04T06:57:55.947+0000] {dag.py:3820} INFO - Setting next_dagrun for example_python_decorator to None, run_after=None
[2026-06-04T06:57:55.959+0000] {processor.py:183} INFO - Processing /home/airflow/.local/lib/python3.8/site-packages/airflow/example_dags/example_python_decorator.py took 0.050 seconds
[2026-06-04T06:58:26.311+0000] {processor.py:161} INFO - Started process (PID=2457) to work on /home/airflow/.local/lib/python3.8/site-packages/airflow/example_dags/example_python_decorator.py
[2026-06-04T06:58:26.314+0000] {processor.py:830} INFO - Processing file /home/airflow/.local/lib/python3.8/site-packages/airflow/example_dags/example_python_decorator.py for tasks to queue
[2026-06-04T06:58:26.320+0000] {logging_mixin.py:188} INFO - [2026-06-04T06:58:26.320+0000] {dagbag.py:538} INFO - Filling up the DagBag from /home/airflow/.local/lib/python3.8/site-packages/airflow/example_dags/example_python_decorator.py
[2026-06-04T06:58:26.338+0000] {processor.py:840} INFO - DAG(s) 'example_python_decorator' retrieved from /home/airflow/.local/lib/python3.8/site-packages/airflow/example_dags/example_python_decorator.py
[2026-06-04T06:58:26.379+0000] {logging_mixin.py:188} INFO - [2026-06-04T06:58:26.379+0000] {dag.py:3033} INFO - Sync 1 DAGs
[2026-06-04T06:58:26.389+0000] {logging_mixin.py:188} INFO - [2026-06-04T06:58:26.389+0000] {dag.py:3820} INFO - Setting next_dagrun for example_python_decorator to None, run_after=None
[2026-06-04T06:58:26.408+0000] {processor.py:183} INFO - Processing /home/airflow/.local/lib/python3.8/site-packages/airflow/example_dags/example_python_decorator.py took 0.101 seconds
[2026-06-04T06:58:56.839+0000] {processor.py:161} INFO - Started process (PID=2513) to work on /home/airflow/.local/lib/python3.8/site-packages/airflow/example_dags/example_python_decorator.py
[2026-06-04T06:58:56.840+0000] {processor.py:830} INFO - Processing file /home/airflow/.local/lib/python3.8/site-packages/airflow/example_dags/example_python_decorator.py for tasks to queue
[2026-06-04T06:58:56.841+0000] {logging_mixin.py:188} INFO - [2026-06-04T06:58:56.841+0000] {dagbag.py:538} INFO - Filling up the DagBag from /home/airflow/.local/lib/python3.8/site-packages/airflow/example_dags/example_python_decorator.py
[2026-06-04T06:58:56.847+0000] {processor.py:840} INFO - DAG(s) 'example_python_decorator' retrieved from /home/airflow/.local/lib/python3.8/site-packages/airflow/example_dags/example_python_decorator.py
[2026-06-04T06:58:56.863+0000] {logging_mixin.py:188} INFO - [2026-06-04T06:58:56.863+0000] {dag.py:3033} INFO - Sync 1 DAGs
[2026-06-04T06:58:56.869+0000] {logging_mixin.py:188} INFO - [2026-06-04T06:58:56.869+0000] {dag.py:3820} INFO - Setting next_dagrun for example_python_decorator to None, run_after=None
[2026-06-04T06:58:56.883+0000] {processor.py:183} INFO - Processing /home/airflow/.local/lib/python3.8/site-packages/airflow/example_dags/example_python_decorator.py took 0.046 seconds
[2026-06-04T06:59:27.539+0000] {processor.py:161} INFO - Started process (PID=2569) to work on /home/airflow/.local/lib/python3.8/site-packages/airflow/example_dags/example_python_decorator.py
[2026-06-04T06:59:27.543+0000] {processor.py:830} INFO - Processing file /home/airflow/.local/lib/python3.8/site-packages/airflow/example_dags/example_python_decorator.py for tasks to queue
[2026-06-04T06:59:27.550+0000] {logging_mixin.py:188} INFO - [2026-06-04T06:59:27.549+0000] {dagbag.py:538} INFO - Filling up the DagBag from /home/airflow/.local/lib/python3.8/site-packages/airflow/example_dags/example_python_decorator.py
[2026-06-04T06:59:27.586+0000] {processor.py:840} INFO - DAG(s) 'example_python_decorator' retrieved from /home/airflow/.local/lib/python3.8/site-packages/airflow/example_dags/example_python_decorator.py
[2026-06-04T06:59:27.650+0000] {logging_mixin.py:188} INFO - [2026-06-04T06:59:27.650+0000] {dag.py:3033} INFO - Sync 1 DAGs
[2026-06-04T06:59:27.693+0000] {logging_mixin.py:188} INFO - [2026-06-04T06:59:27.692+0000] {dag.py:3820} INFO - Setting next_dagrun for example_python_decorator to None, run_after=None
[2026-06-04T06:59:27.741+0000] {processor.py:183} INFO - Processing /home/airflow/.local/lib/python3.8/site-packages/airflow/example_dags/example_python_decorator.py took 0.215 seconds
[2026-06-04T06:59:58.731+0000] {processor.py:161} INFO - Started process (PID=2625) to work on /home/airflow/.local/lib/python3.8/site-packages/airflow/example_dags/example_python_decorator.py
[2026-06-04T06:59:58.735+0000] {processor.py:830} INFO - Processing file /home/airflow/.local/lib/python3.8/site-packages/airflow/example_dags/example_python_decorator.py for tasks to queue
[2026-06-04T06:59:58.741+0000] {logging_mixin.py:188} INFO - [2026-06-04T06:59:58.741+0000] {dagbag.py:538} INFO - Filling up the DagBag from /home/airflow/.local/lib/python3.8/site-packages/airflow/example_dags/example_python_decorator.py
[2026-06-04T06:59:58.751+0000] {processor.py:840} INFO - DAG(s) 'example_python_decorator' retrieved from /home/airflow/.local/lib/python3.8/site-packages/airflow/example_dags/example_python_decorator.py
[2026-06-04T06:59:58.773+0000] {logging_mixin.py:188} INFO - [2026-06-04T06:59:58.772+0000] {dag.py:3033} INFO - Sync 1 DAGs
[2026-06-04T06:59:58.792+0000] {logging_mixin.py:188} INFO - [2026-06-04T06:59:58.792+0000] {dag.py:3820} INFO - Setting next_dagrun for example_python_decorator to None, run_after=None
[2026-06-04T06:59:58.808+0000] {processor.py:183} INFO - Processing /home/airflow/.local/lib/python3.8/site-packages/airflow/example_dags/example_python_decorator.py took 0.080 seconds
[2026-06-04T07:00:29.271+0000] {processor.py:161} INFO - Started process (PID=2681) to work on /home/airflow/.local/lib/python3.8/site-packages/airflow/example_dags/example_python_decorator.py
[2026-06-04T07:00:29.276+0000] {processor.py:830} INFO - Processing file /home/airflow/.local/lib/python3.8/site-packages/airflow/example_dags/example_python_decorator.py for tasks to queue
[2026-06-04T07:00:29.284+0000] {logging_mixin.py:188} INFO - [2026-06-04T07:00:29.283+0000] {dagbag.py:538} INFO - Filling up the DagBag from /home/airflow/.local/lib/python3.8/site-packages/airflow/example_dags/example_python_decorator.py
[2026-06-04T07:00:29.299+0000] {processor.py:840} INFO - DAG(s) 'example_python_decorator' retrieved from /home/airflow/.local/lib/python3.8/site-packages/airflow/example_dags/example_python_decorator.py
[2026-06-04T07:00:29.352+0000] {logging_mixin.py:188} INFO - [2026-06-04T07:00:29.352+0000] {dag.py:3033} INFO - Sync 1 DAGs
[2026-06-04T07:00:29.377+0000] {logging_mixin.py:188} INFO - [2026-06-04T07:00:29.377+0000] {dag.py:3820} INFO - Setting next_dagrun for example_python_decorator to None, run_after=None
[2026-06-04T07:00:29.404+0000] {processor.py:183} INFO - Processing /home/airflow/.local/lib/python3.8/site-packages/airflow/example_dags/example_python_decorator.py took 0.138 seconds
[2026-06-04T07:01:00.106+0000] {processor.py:161} INFO - Started process (PID=2737) to work on /home/airflow/.local/lib/python3.8/site-packages/airflow/example_dags/example_python_decorator.py
[2026-06-04T07:01:00.109+0000] {processor.py:830} INFO - Processing file /home/airflow/.local/lib/python3.8/site-packages/airflow/example_dags/example_python_decorator.py for tasks to queue
[2026-06-04T07:01:00.127+0000] {logging_mixin.py:188} INFO - [2026-06-04T07:01:00.126+0000] {dagbag.py:538} INFO - Filling up the DagBag from /home/airflow/.local/lib/python3.8/site-packages/airflow/example_dags/example_python_decorator.py
[2026-06-04T07:01:00.146+0000] {processor.py:840} INFO - DAG(s) 'example_python_decorator' retrieved from /home/airflow/.local/lib/python3.8/site-packages/airflow/example_dags/example_python_decorator.py
[2026-06-04T07:01:00.185+0000] {logging_mixin.py:188} INFO - [2026-06-04T07:01:00.184+0000] {dag.py:3033} INFO - Sync 1 DAGs
[2026-06-04T07:01:00.202+0000] {logging_mixin.py:188} INFO - [2026-06-04T07:01:00.202+0000] {dag.py:3820} INFO - Setting next_dagrun for example_python_decorator to None, run_after=None
[2026-06-04T07:01:00.239+0000] {processor.py:183} INFO - Processing /home/airflow/.local/lib/python3.8/site-packages/airflow/example_dags/example_python_decorator.py took 0.139 seconds
[2026-06-04T07:01:30.397+0000] {processor.py:161} INFO - Started process (PID=2793) to work on /home/airflow/.local/lib/python3.8/site-packages/airflow/example_dags/example_python_decorator.py
[2026-06-04T07:01:30.400+0000] {processor.py:830} INFO - Processing file /home/airflow/.local/lib/python3.8/site-packages/airflow/example_dags/example_python_decorator.py for tasks to queue
[2026-06-04T07:01:30.410+0000] {logging_mixin.py:188} INFO - [2026-06-04T07:01:30.410+0000] {dagbag.py:538} INFO - Filling up the DagBag from /home/airflow/.local/lib/python3.8/site-packages/airflow/example_dags/example_python_decorator.py
[2026-06-04T07:01:30.424+0000] {processor.py:840} INFO - DAG(s) 'example_python_decorator' retrieved from /home/airflow/.local/lib/python3.8/site-packages/airflow/example_dags/example_python_decorator.py
[2026-06-04T07:01:30.444+0000] {logging_mixin.py:188} INFO - [2026-06-04T07:01:30.444+0000] {dag.py:3033} INFO - Sync 1 DAGs
[2026-06-04T07:01:30.452+0000] {logging_mixin.py:188} INFO - [2026-06-04T07:01:30.451+0000] {dag.py:3820} INFO - Setting next_dagrun for example_python_decorator to None, run_after=None
[2026-06-04T07:01:30.464+0000] {processor.py:183} INFO - Processing /home/airflow/.local/lib/python3.8/site-packages/airflow/example_dags/example_python_decorator.py took 0.072 seconds
[2026-06-04T07:02:00.640+0000] {processor.py:161} INFO - Started process (PID=2849) to work on /home/airflow/.local/lib/python3.8/site-packages/airflow/example_dags/example_python_decorator.py
[2026-06-04T07:02:00.641+0000] {processor.py:830} INFO - Processing file /home/airflow/.local/lib/python3.8/site-packages/airflow/example_dags/example_python_decorator.py for tasks to queue
[2026-06-04T07:02:00.652+0000] {logging_mixin.py:188} INFO - [2026-06-04T07:02:00.652+0000] {dagbag.py:538} INFO - Filling up the DagBag from /home/airflow/.local/lib/python3.8/site-packages/airflow/example_dags/example_python_decorator.py
[2026-06-04T07:02:00.670+0000] {processor.py:840} INFO - DAG(s) 'example_python_decorator' retrieved from /home/airflow/.local/lib/python3.8/site-packages/airflow/example_dags/example_python_decorator.py
[2026-06-04T07:02:00.721+0000] {logging_mixin.py:188} INFO - [2026-06-04T07:02:00.721+0000] {dag.py:3033} INFO - Sync 1 DAGs
[2026-06-04T07:02:00.735+0000] {logging_mixin.py:188} INFO - [2026-06-04T07:02:00.734+0000] {dag.py:3820} INFO - Setting next_dagrun for example_python_decorator to None, run_after=None
[2026-06-04T07:02:00.759+0000] {processor.py:183} INFO - Processing /home/airflow/.local/lib/python3.8/site-packages/airflow/example_dags/example_python_decorator.py took 0.125 seconds
[2026-06-04T07:02:31.181+0000] {processor.py:161} INFO - Started process (PID=2905) to work on /home/airflow/.local/lib/python3.8/site-packages/airflow/example_dags/example_python_decorator.py
[2026-06-04T07:02:31.183+0000] {processor.py:830} INFO - Processing file /home/airflow/.local/lib/python3.8/site-packages/airflow/example_dags/example_python_decorator.py for tasks to queue
[2026-06-04T07:02:31.187+0000] {logging_mixin.py:188} INFO - [2026-06-04T07:02:31.187+0000] {dagbag.py:538} INFO - Filling up the DagBag from /home/airflow/.local/lib/python3.8/site-packages/airflow/example_dags/example_python_decorator.py
[2026-06-04T07:02:31.204+0000] {processor.py:840} INFO - DAG(s) 'example_python_decorator' retrieved from /home/airflow/.local/lib/python3.8/site-packages/airflow/example_dags/example_python_decorator.py
[2026-06-04T07:02:31.357+0000] {logging_mixin.py:188} INFO - [2026-06-04T07:02:31.356+0000] {dag.py:3033} INFO - Sync 1 DAGs
[2026-06-04T07:02:31.513+0000] {logging_mixin.py:188} INFO - [2026-06-04T07:02:31.508+0000] {dag.py:3820} INFO - Setting next_dagrun for example_python_decorator to None, run_after=None
[2026-06-04T07:02:31.721+0000] {processor.py:183} INFO - Processing /home/airflow/.local/lib/python3.8/site-packages/airflow/example_dags/example_python_decorator.py took 0.557 seconds
[2026-06-04T07:03:02.584+0000] {processor.py:161} INFO - Started process (PID=2962) to work on /home/airflow/.local/lib/python3.8/site-packages/airflow/example_dags/example_python_decorator.py
[2026-06-04T07:03:02.588+0000] {processor.py:830} INFO - Processing file /home/airflow/.local/lib/python3.8/site-packages/airflow/example_dags/example_python_decorator.py for tasks to queue
[2026-06-04T07:03:02.595+0000] {logging_mixin.py:188} INFO - [2026-06-04T07:03:02.594+0000] {dagbag.py:538} INFO - Filling up the DagBag from /home/airflow/.local/lib/python3.8/site-packages/airflow/example_dags/example_python_decorator.py
[2026-06-04T07:03:02.607+0000] {processor.py:840} INFO - DAG(s) 'example_python_decorator' retrieved from /home/airflow/.local/lib/python3.8/site-packages/airflow/example_dags/example_python_decorator.py
[2026-06-04T07:03:02.642+0000] {logging_mixin.py:188} INFO - [2026-06-04T07:03:02.642+0000] {dag.py:3033} INFO - Sync 1 DAGs
[2026-06-04T07:03:02.656+0000] {logging_mixin.py:188} INFO - [2026-06-04T07:03:02.656+0000] {dag.py:3820} INFO - Setting next_dagrun for example_python_decorator to None, run_after=None
[2026-06-04T07:03:02.670+0000] {processor.py:183} INFO - Processing /home/airflow/.local/lib/python3.8/site-packages/airflow/example_dags/example_python_decorator.py took 0.100 seconds
[2026-06-04T07:03:32.994+0000] {processor.py:161} INFO - Started process (PID=3018) to work on /home/airflow/.local/lib/python3.8/site-packages/airflow/example_dags/example_python_decorator.py
[2026-06-04T07:03:32.997+0000] {processor.py:830} INFO - Processing file /home/airflow/.local/lib/python3.8/site-packages/airflow/example_dags/example_python_decorator.py for tasks to queue
[2026-06-04T07:03:33.001+0000] {logging_mixin.py:188} INFO - [2026-06-04T07:03:33.001+0000] {dagbag.py:538} INFO - Filling up the DagBag from /home/airflow/.local/lib/python3.8/site-packages/airflow/example_dags/example_python_decorator.py
[2026-06-04T07:03:33.025+0000] {processor.py:840} INFO - DAG(s) 'example_python_decorator' retrieved from /home/airflow/.local/lib/python3.8/site-packages/airflow/example_dags/example_python_decorator.py
[2026-06-04T07:03:33.068+0000] {logging_mixin.py:188} INFO - [2026-06-04T07:03:33.068+0000] {dag.py:3033} INFO - Sync 1 DAGs
[2026-06-04T07:03:33.083+0000] {logging_mixin.py:188} INFO - [2026-06-04T07:03:33.083+0000] {dag.py:3820} INFO - Setting next_dagrun for example_python_decorator to None, run_after=None
[2026-06-04T07:03:33.104+0000] {processor.py:183} INFO - Processing /home/airflow/.local/lib/python3.8/site-packages/airflow/example_dags/example_python_decorator.py took 0.119 seconds
[2026-06-04T07:04:03.742+0000] {processor.py:161} INFO - Started process (PID=3074) to work on /home/airflow/.local/lib/python3.8/site-packages/airflow/example_dags/example_python_decorator.py
[2026-06-04T07:04:03.743+0000] {processor.py:830} INFO - Processing file /home/airflow/.local/lib/python3.8/site-packages/airflow/example_dags/example_python_decorator.py for tasks to queue
[2026-06-04T07:04:03.747+0000] {logging_mixin.py:188} INFO - [2026-06-04T07:04:03.746+0000] {dagbag.py:538} INFO - Filling up the DagBag from /home/airflow/.local/lib/python3.8/site-packages/airflow/example_dags/example_python_decorator.py
[2026-06-04T07:04:03.763+0000] {processor.py:840} INFO - DAG(s) 'example_python_decorator' retrieved from /home/airflow/.local/lib/python3.8/site-packages/airflow/example_dags/example_python_decorator.py
[2026-06-04T07:04:03.828+0000] {logging_mixin.py:188} INFO - [2026-06-04T07:04:03.827+0000] {dag.py:3033} INFO - Sync 1 DAGs
[2026-06-04T07:04:03.851+0000] {logging_mixin.py:188} INFO - [2026-06-04T07:04:03.850+0000] {dag.py:3820} INFO - Setting next_dagrun for example_python_decorator to None, run_after=None
[2026-06-04T07:04:03.869+0000] {processor.py:183} INFO - Processing /home/airflow/.local/lib/python3.8/site-packages/airflow/example_dags/example_python_decorator.py took 0.132 seconds
[2026-06-04T07:04:34.747+0000] {processor.py:161} INFO - Started process (PID=3130) to work on /home/airflow/.local/lib/python3.8/site-packages/airflow/example_dags/example_python_decorator.py
[2026-06-04T07:04:34.752+0000] {processor.py:830} INFO - Processing file /home/airflow/.local/lib/python3.8/site-packages/airflow/example_dags/example_python_decorator.py for tasks to queue
[2026-06-04T07:04:34.758+0000] {logging_mixin.py:188} INFO - [2026-06-04T07:04:34.758+0000] {dagbag.py:538} INFO - Filling up the DagBag from /home/airflow/.local/lib/python3.8/site-packages/airflow/example_dags/example_python_decorator.py
[2026-06-04T07:04:34.779+0000] {processor.py:840} INFO - DAG(s) 'example_python_decorator' retrieved from /home/airflow/.local/lib/python3.8/site-packages/airflow/example_dags/example_python_decorator.py
[2026-06-04T07:04:34.813+0000] {logging_mixin.py:188} INFO - [2026-06-04T07:04:34.813+0000] {dag.py:3033} INFO - Sync 1 DAGs
[2026-06-04T07:04:34.843+0000] {logging_mixin.py:188} INFO - [2026-06-04T07:04:34.842+0000] {dag.py:3820} INFO - Setting next_dagrun for example_python_decorator to None, run_after=None
[2026-06-04T07:04:34.866+0000] {processor.py:183} INFO - Processing /home/airflow/.local/lib/python3.8/site-packages/airflow/example_dags/example_python_decorator.py took 0.134 seconds
[2026-06-04T07:05:05.411+0000] {processor.py:161} INFO - Started process (PID=3185) to work on /home/airflow/.local/lib/python3.8/site-packages/airflow/example_dags/example_python_decorator.py
[2026-06-04T07:05:05.415+0000] {processor.py:830} INFO - Processing file /home/airflow/.local/lib/python3.8/site-packages/airflow/example_dags/example_python_decorator.py for tasks to queue
[2026-06-04T07:05:05.434+0000] {logging_mixin.py:188} INFO - [2026-06-04T07:05:05.433+0000] {dagbag.py:538} INFO - Filling up the DagBag from /home/airflow/.local/lib/python3.8/site-packages/airflow/example_dags/example_python_decorator.py
[2026-06-04T07:05:05.470+0000] {processor.py:840} INFO - DAG(s) 'example_python_decorator' retrieved from /home/airflow/.local/lib/python3.8/site-packages/airflow/example_dags/example_python_decorator.py
[2026-06-04T07:05:05.562+0000] {logging_mixin.py:188} INFO - [2026-06-04T07:05:05.561+0000] {dag.py:3033} INFO - Sync 1 DAGs
[2026-06-04T07:05:05.622+0000] {logging_mixin.py:188} INFO - [2026-06-04T07:05:05.621+0000] {dag.py:3820} INFO - Setting next_dagrun for example_python_decorator to None, run_after=None
[2026-06-04T07:05:05.724+0000] {processor.py:183} INFO - Processing /home/airflow/.local/lib/python3.8/site-packages/airflow/example_dags/example_python_decorator.py took 0.319 seconds
[2026-06-04T07:05:35.899+0000] {processor.py:161} INFO - Started process (PID=3241) to work on /home/airflow/.local/lib/python3.8/site-packages/airflow/example_dags/example_python_decorator.py
[2026-06-04T07:05:35.901+0000] {processor.py:830} INFO - Processing file /home/airflow/.local/lib/python3.8/site-packages/airflow/example_dags/example_python_decorator.py for tasks to queue
[2026-06-04T07:05:35.908+0000] {logging_mixin.py:188} INFO - [2026-06-04T07:05:35.907+0000] {dagbag.py:538} INFO - Filling up the DagBag from /home/airflow/.local/lib/python3.8/site-packages/airflow/example_dags/example_python_decorator.py
[2026-06-04T07:05:35.924+0000] {processor.py:840} INFO - DAG(s) 'example_python_decorator' retrieved from /home/airflow/.local/lib/python3.8/site-packages/airflow/example_dags/example_python_decorator.py
[2026-06-04T07:05:35.953+0000] {logging_mixin.py:188} INFO - [2026-06-04T07:05:35.953+0000] {dag.py:3033} INFO - Sync 1 DAGs
[2026-06-04T07:05:35.971+0000] {logging_mixin.py:188} INFO - [2026-06-04T07:05:35.971+0000] {dag.py:3820} INFO - Setting next_dagrun for example_python_decorator to None, run_after=None
[2026-06-04T07:05:35.991+0000] {processor.py:183} INFO - Processing /home/airflow/.local/lib/python3.8/site-packages/airflow/example_dags/example_python_decorator.py took 0.098 seconds
[2026-06-04T07:06:06.255+0000] {processor.py:161} INFO - Started process (PID=3297) to work on /home/airflow/.local/lib/python3.8/site-packages/airflow/example_dags/example_python_decorator.py
[2026-06-04T07:06:06.257+0000] {processor.py:830} INFO - Processing file /home/airflow/.local/lib/python3.8/site-packages/airflow/example_dags/example_python_decorator.py for tasks to queue
[2026-06-04T07:06:06.266+0000] {logging_mixin.py:188} INFO - [2026-06-04T07:06:06.265+0000] {dagbag.py:538} INFO - Filling up the DagBag from /home/airflow/.local/lib/python3.8/site-packages/airflow/example_dags/example_python_decorator.py
[2026-06-04T07:06:06.288+0000] {processor.py:840} INFO - DAG(s) 'example_python_decorator' retrieved from /home/airflow/.local/lib/python3.8/site-packages/airflow/example_dags/example_python_decorator.py
[2026-06-04T07:06:06.326+0000] {logging_mixin.py:188} INFO - [2026-06-04T07:06:06.326+0000] {dag.py:3033} INFO - Sync 1 DAGs
[2026-06-04T07:06:06.362+0000] {logging_mixin.py:188} INFO - [2026-06-04T07:06:06.362+0000] {dag.py:3820} INFO - Setting next_dagrun for example_python_decorator to None, run_after=None
[2026-06-04T07:06:06.387+0000] {processor.py:183} INFO - Processing /home/airflow/.local/lib/python3.8/site-packages/airflow/example_dags/example_python_decorator.py took 0.139 seconds
[2026-06-04T07:06:36.867+0000] {processor.py:161} INFO - Started process (PID=3353) to work on /home/airflow/.local/lib/python3.8/site-packages/airflow/example_dags/example_python_decorator.py
[2026-06-04T07:06:36.869+0000] {processor.py:830} INFO - Processing file /home/airflow/.local/lib/python3.8/site-packages/airflow/example_dags/example_python_decorator.py for tasks to queue
[2026-06-04T07:06:36.874+0000] {logging_mixin.py:188} INFO - [2026-06-04T07:06:36.873+0000] {dagbag.py:538} INFO - Filling up the DagBag from /home/airflow/.local/lib/python3.8/site-packages/airflow/example_dags/example_python_decorator.py
[2026-06-04T07:06:36.894+0000] {processor.py:840} INFO - DAG(s) 'example_python_decorator' retrieved from /home/airflow/.local/lib/python3.8/site-packages/airflow/example_dags/example_python_decorator.py
[2026-06-04T07:06:36.942+0000] {logging_mixin.py:188} INFO - [2026-06-04T07:06:36.942+0000] {dag.py:3033} INFO - Sync 1 DAGs
[2026-06-04T07:06:36.957+0000] {logging_mixin.py:188} INFO - [2026-06-04T07:06:36.957+0000] {dag.py:3820} INFO - Setting next_dagrun for example_python_decorator to None, run_after=None
[2026-06-04T07:06:36.974+0000] {processor.py:183} INFO - Processing /home/airflow/.local/lib/python3.8/site-packages/airflow/example_dags/example_python_decorator.py took 0.119 seconds
[2026-06-04T07:07:07.824+0000] {processor.py:161} INFO - Started process (PID=3409) to work on /home/airflow/.local/lib/python3.8/site-packages/airflow/example_dags/example_python_decorator.py
[2026-06-04T07:07:07.826+0000] {processor.py:830} INFO - Processing file /home/airflow/.local/lib/python3.8/site-packages/airflow/example_dags/example_python_decorator.py for tasks to queue
[2026-06-04T07:07:07.828+0000] {logging_mixin.py:188} INFO - [2026-06-04T07:07:07.828+0000] {dagbag.py:538} INFO - Filling up the DagBag from /home/airflow/.local/lib/python3.8/site-packages/airflow/example_dags/example_python_decorator.py
[2026-06-04T07:07:07.840+0000] {processor.py:840} INFO - DAG(s) 'example_python_decorator' retrieved from /home/airflow/.local/lib/python3.8/site-packages/airflow/example_dags/example_python_decorator.py
[2026-06-04T07:07:07.874+0000] {logging_mixin.py:188} INFO - [2026-06-04T07:07:07.874+0000] {dag.py:3033} INFO - Sync 1 DAGs
[2026-06-04T07:07:07.886+0000] {logging_mixin.py:188} INFO - [2026-06-04T07:07:07.886+0000] {dag.py:3820} INFO - Setting next_dagrun for example_python_decorator to None, run_after=None
[2026-06-04T07:07:07.908+0000] {processor.py:183} INFO - Processing /home/airflow/.local/lib/python3.8/site-packages/airflow/example_dags/example_python_decorator.py took 0.094 seconds
[2026-06-04T07:07:38.296+0000] {processor.py:161} INFO - Started process (PID=3465) to work on /home/airflow/.local/lib/python3.8/site-packages/airflow/example_dags/example_python_decorator.py
[2026-06-04T07:07:38.297+0000] {processor.py:830} INFO - Processing file /home/airflow/.local/lib/python3.8/site-packages/airflow/example_dags/example_python_decorator.py for tasks to queue
[2026-06-04T07:07:38.302+0000] {logging_mixin.py:188} INFO - [2026-06-04T07:07:38.302+0000] {dagbag.py:538} INFO - Filling up the DagBag from /home/airflow/.local/lib/python3.8/site-packages/airflow/example_dags/example_python_decorator.py
[2026-06-04T07:07:38.312+0000] {processor.py:840} INFO - DAG(s) 'example_python_decorator' retrieved from /home/airflow/.local/lib/python3.8/site-packages/airflow/example_dags/example_python_decorator.py
[2026-06-04T07:07:38.349+0000] {logging_mixin.py:188} INFO - [2026-06-04T07:07:38.349+0000] {dag.py:3033} INFO - Sync 1 DAGs
[2026-06-04T07:07:38.374+0000] {logging_mixin.py:188} INFO - [2026-06-04T07:07:38.374+0000] {dag.py:3820} INFO - Setting next_dagrun for example_python_decorator to None, run_after=None
[2026-06-04T07:07:38.394+0000] {processor.py:183} INFO - Processing /home/airflow/.local/lib/python3.8/site-packages/airflow/example_dags/example_python_decorator.py took 0.111 seconds
[2026-06-04T07:08:08.523+0000] {processor.py:161} INFO - Started process (PID=3521) to work on /home/airflow/.local/lib/python3.8/site-packages/airflow/example_dags/example_python_decorator.py
[2026-06-04T07:08:08.525+0000] {processor.py:830} INFO - Processing file /home/airflow/.local/lib/python3.8/site-packages/airflow/example_dags/example_python_decorator.py for tasks to queue
[2026-06-04T07:08:08.528+0000] {logging_mixin.py:188} INFO - [2026-06-04T07:08:08.528+0000] {dagbag.py:538} INFO - Filling up the DagBag from /home/airflow/.local/lib/python3.8/site-packages/airflow/example_dags/example_python_decorator.py
[2026-06-04T07:08:08.539+0000] {processor.py:840} INFO - DAG(s) 'example_python_decorator' retrieved from /home/airflow/.local/lib/python3.8/site-packages/airflow/example_dags/example_python_decorator.py
[2026-06-04T07:08:08.579+0000] {logging_mixin.py:188} INFO - [2026-06-04T07:08:08.578+0000] {dag.py:3033} INFO - Sync 1 DAGs
[2026-06-04T07:08:08.594+0000] {logging_mixin.py:188} INFO - [2026-06-04T07:08:08.594+0000] {dag.py:3820} INFO - Setting next_dagrun for example_python_decorator to None, run_after=None
[2026-06-04T07:08:08.625+0000] {processor.py:183} INFO - Processing /home/airflow/.local/lib/python3.8/site-packages/airflow/example_dags/example_python_decorator.py took 0.111 seconds
[2026-06-04T07:08:38.759+0000] {processor.py:161} INFO - Started process (PID=3577) to work on /home/airflow/.local/lib/python3.8/site-packages/airflow/example_dags/example_python_decorator.py
[2026-06-04T07:08:38.764+0000] {processor.py:830} INFO - Processing file /home/airflow/.local/lib/python3.8/site-packages/airflow/example_dags/example_python_decorator.py for tasks to queue
[2026-06-04T07:08:38.768+0000] {logging_mixin.py:188} INFO - [2026-06-04T07:08:38.768+0000] {dagbag.py:538} INFO - Filling up the DagBag from /home/airflow/.local/lib/python3.8/site-packages/airflow/example_dags/example_python_decorator.py
[2026-06-04T07:08:38.778+0000] {processor.py:840} INFO - DAG(s) 'example_python_decorator' retrieved from /home/airflow/.local/lib/python3.8/site-packages/airflow/example_dags/example_python_decorator.py
[2026-06-04T07:08:38.818+0000] {logging_mixin.py:188} INFO - [2026-06-04T07:08:38.818+0000] {dag.py:3033} INFO - Sync 1 DAGs
[2026-06-04T07:08:38.840+0000] {logging_mixin.py:188} INFO - [2026-06-04T07:08:38.840+0000] {dag.py:3820} INFO - Setting next_dagrun for example_python_decorator to None, run_after=None
[2026-06-04T07:08:38.859+0000] {processor.py:183} INFO - Processing /home/airflow/.local/lib/python3.8/site-packages/airflow/example_dags/example_python_decorator.py took 0.109 seconds
[2026-06-04T07:09:09.134+0000] {processor.py:161} INFO - Started process (PID=3633) to work on /home/airflow/.local/lib/python3.8/site-packages/airflow/example_dags/example_python_decorator.py
[2026-06-04T07:09:09.136+0000] {processor.py:830} INFO - Processing file /home/airflow/.local/lib/python3.8/site-packages/airflow/example_dags/example_python_decorator.py for tasks to queue
[2026-06-04T07:09:09.141+0000] {logging_mixin.py:188} INFO - [2026-06-04T07:09:09.141+0000] {dagbag.py:538} INFO - Filling up the DagBag from /home/airflow/.local/lib/python3.8/site-packages/airflow/example_dags/example_python_decorator.py
[2026-06-04T07:09:09.159+0000] {processor.py:840} INFO - DAG(s) 'example_python_decorator' retrieved from /home/airflow/.local/lib/python3.8/site-packages/airflow/example_dags/example_python_decorator.py
[2026-06-04T07:09:09.179+0000] {logging_mixin.py:188} INFO - [2026-06-04T07:09:09.179+0000] {dag.py:3033} INFO - Sync 1 DAGs
[2026-06-04T07:09:09.201+0000] {logging_mixin.py:188} INFO - [2026-06-04T07:09:09.201+0000] {dag.py:3820} INFO - Setting next_dagrun for example_python_decorator to None, run_after=None
[2026-06-04T07:09:09.218+0000] {processor.py:183} INFO - Processing /home/airflow/.local/lib/python3.8/site-packages/airflow/example_dags/example_python_decorator.py took 0.092 seconds
[2026-06-04T07:09:39.772+0000] {processor.py:161} INFO - Started process (PID=3689) to work on /home/airflow/.local/lib/python3.8/site-packages/airflow/example_dags/example_python_decorator.py
[2026-06-04T07:09:39.776+0000] {processor.py:830} INFO - Processing file /home/airflow/.local/lib/python3.8/site-packages/airflow/example_dags/example_python_decorator.py for tasks to queue
[2026-06-04T07:09:39.780+0000] {logging_mixin.py:188} INFO - [2026-06-04T07:09:39.780+0000] {dagbag.py:538} INFO - Filling up the DagBag from /home/airflow/.local/lib/python3.8/site-packages/airflow/example_dags/example_python_decorator.py
[2026-06-04T07:09:39.803+0000] {processor.py:840} INFO - DAG(s) 'example_python_decorator' retrieved from /home/airflow/.local/lib/python3.8/site-packages/airflow/example_dags/example_python_decorator.py
[2026-06-04T07:09:39.847+0000] {logging_mixin.py:188} INFO - [2026-06-04T07:09:39.847+0000] {dag.py:3033} INFO - Sync 1 DAGs
[2026-06-04T07:09:39.865+0000] {logging_mixin.py:188} INFO - [2026-06-04T07:09:39.864+0000] {dag.py:3820} INFO - Setting next_dagrun for example_python_decorator to None, run_after=None
[2026-06-04T07:09:39.903+0000] {processor.py:183} INFO - Processing /home/airflow/.local/lib/python3.8/site-packages/airflow/example_dags/example_python_decorator.py took 0.138 seconds
[2026-06-04T07:10:10.017+0000] {processor.py:161} INFO - Started process (PID=3745) to work on /home/airflow/.local/lib/python3.8/site-packages/airflow/example_dags/example_python_decorator.py
[2026-06-04T07:10:10.021+0000] {processor.py:830} INFO - Processing file /home/airflow/.local/lib/python3.8/site-packages/airflow/example_dags/example_python_decorator.py for tasks to queue
[2026-06-04T07:10:10.025+0000] {logging_mixin.py:188} INFO - [2026-06-04T07:10:10.024+0000] {dagbag.py:538} INFO - Filling up the DagBag from /home/airflow/.local/lib/python3.8/site-packages/airflow/example_dags/example_python_decorator.py
[2026-06-04T07:10:10.036+0000] {processor.py:840} INFO - DAG(s) 'example_python_decorator' retrieved from /home/airflow/.local/lib/python3.8/site-packages/airflow/example_dags/example_python_decorator.py
[2026-06-04T07:10:10.074+0000] {logging_mixin.py:188} INFO - [2026-06-04T07:10:10.074+0000] {dag.py:3033} INFO - Sync 1 DAGs
[2026-06-04T07:10:10.103+0000] {logging_mixin.py:188} INFO - [2026-06-04T07:10:10.103+0000] {dag.py:3820} INFO - Setting next_dagrun for example_python_decorator to None, run_after=None
[2026-06-04T07:10:10.118+0000] {processor.py:183} INFO - Processing /home/airflow/.local/lib/python3.8/site-packages/airflow/example_dags/example_python_decorator.py took 0.116 seconds
[2026-06-04T07:10:41.019+0000] {processor.py:161} INFO - Started process (PID=3801) to work on /home/airflow/.local/lib/python3.8/site-packages/airflow/example_dags/example_python_decorator.py
[2026-06-04T07:10:41.024+0000] {processor.py:830} INFO - Processing file /home/airflow/.local/lib/python3.8/site-packages/airflow/example_dags/example_python_decorator.py for tasks to queue
[2026-06-04T07:10:41.030+0000] {logging_mixin.py:188} INFO - [2026-06-04T07:10:41.030+0000] {dagbag.py:538} INFO - Filling up the DagBag from /home/airflow/.local/lib/python3.8/site-packages/airflow/example_dags/example_python_decorator.py
[2026-06-04T07:10:41.077+0000] {processor.py:840} INFO - DAG(s) 'example_python_decorator' retrieved from /home/airflow/.local/lib/python3.8/site-packages/airflow/example_dags/example_python_decorator.py
[2026-06-04T07:10:41.126+0000] {logging_mixin.py:188} INFO - [2026-06-04T07:10:41.125+0000] {dag.py:3033} INFO - Sync 1 DAGs
[2026-06-04T07:10:41.144+0000] {logging_mixin.py:188} INFO - [2026-06-04T07:10:41.143+0000] {dag.py:3820} INFO - Setting next_dagrun for example_python_decorator to None, run_after=None
[2026-06-04T07:10:41.181+0000] {processor.py:183} INFO - Processing /home/airflow/.local/lib/python3.8/site-packages/airflow/example_dags/example_python_decorator.py took 0.178 seconds
[2026-06-04T07:11:11.514+0000] {processor.py:161} INFO - Started process (PID=3857) to work on /home/airflow/.local/lib/python3.8/site-packages/airflow/example_dags/example_python_decorator.py
[2026-06-04T07:11:11.518+0000] {processor.py:830} INFO - Processing file /home/airflow/.local/lib/python3.8/site-packages/airflow/example_dags/example_python_decorator.py for tasks to queue
[2026-06-04T07:11:11.521+0000] {logging_mixin.py:188} INFO - [2026-06-04T07:11:11.521+0000] {dagbag.py:538} INFO - Filling up the DagBag from /home/airflow/.local/lib/python3.8/site-packages/airflow/example_dags/example_python_decorator.py
[2026-06-04T07:11:11.539+0000] {processor.py:840} INFO - DAG(s) 'example_python_decorator' retrieved from /home/airflow/.local/lib/python3.8/site-packages/airflow/example_dags/example_python_decorator.py
[2026-06-04T07:11:11.583+0000] {logging_mixin.py:188} INFO - [2026-06-04T07:11:11.583+0000] {dag.py:3033} INFO - Sync 1 DAGs
[2026-06-04T07:11:11.603+0000] {logging_mixin.py:188} INFO - [2026-06-04T07:11:11.603+0000] {dag.py:3820} INFO - Setting next_dagrun for example_python_decorator to None, run_after=None
[2026-06-04T07:11:11.625+0000] {processor.py:183} INFO - Processing /home/airflow/.local/lib/python3.8/site-packages/airflow/example_dags/example_python_decorator.py took 0.123 seconds
[2026-06-04T07:11:42.388+0000] {processor.py:161} INFO - Started process (PID=3913) to work on /home/airflow/.local/lib/python3.8/site-packages/airflow/example_dags/example_python_decorator.py
[2026-06-04T07:11:42.390+0000] {processor.py:830} INFO - Processing file /home/airflow/.local/lib/python3.8/site-packages/airflow/example_dags/example_python_decorator.py for tasks to queue
[2026-06-04T07:11:42.393+0000] {logging_mixin.py:188} INFO - [2026-06-04T07:11:42.392+0000] {dagbag.py:538} INFO - Filling up the DagBag from /home/airflow/.local/lib/python3.8/site-packages/airflow/example_dags/example_python_decorator.py
[2026-06-04T07:11:42.430+0000] {processor.py:840} INFO - DAG(s) 'example_python_decorator' retrieved from /home/airflow/.local/lib/python3.8/site-packages/airflow/example_dags/example_python_decorator.py
[2026-06-04T07:11:42.551+0000] {logging_mixin.py:188} INFO - [2026-06-04T07:11:42.551+0000] {dag.py:3033} INFO - Sync 1 DAGs
[2026-06-04T07:11:42.557+0000] {logging_mixin.py:188} INFO - [2026-06-04T07:11:42.557+0000] {dag.py:3820} INFO - Setting next_dagrun for example_python_decorator to None, run_after=None
[2026-06-04T07:11:42.577+0000] {processor.py:183} INFO - Processing /home/airflow/.local/lib/python3.8/site-packages/airflow/example_dags/example_python_decorator.py took 0.194 seconds
[2026-06-04T07:12:12.774+0000] {processor.py:161} INFO - Started process (PID=3969) to work on /home/airflow/.local/lib/python3.8/site-packages/airflow/example_dags/example_python_decorator.py
[2026-06-04T07:12:12.775+0000] {processor.py:830} INFO - Processing file /home/airflow/.local/lib/python3.8/site-packages/airflow/example_dags/example_python_decorator.py for tasks to queue
[2026-06-04T07:12:12.780+0000] {logging_mixin.py:188} INFO - [2026-06-04T07:12:12.779+0000] {dagbag.py:538} INFO - Filling up the DagBag from /home/airflow/.local/lib/python3.8/site-packages/airflow/example_dags/example_python_decorator.py
[2026-06-04T07:12:12.804+0000] {processor.py:840} INFO - DAG(s) 'example_python_decorator' retrieved from /home/airflow/.local/lib/python3.8/site-packages/airflow/example_dags/example_python_decorator.py
[2026-06-04T07:12:12.856+0000] {logging_mixin.py:188} INFO - [2026-06-04T07:12:12.856+0000] {dag.py:3033} INFO - Sync 1 DAGs
[2026-06-04T07:12:12.887+0000] {logging_mixin.py:188} INFO - [2026-06-04T07:12:12.886+0000] {dag.py:3820} INFO - Setting next_dagrun for example_python_decorator to None, run_after=None
[2026-06-04T07:12:12.917+0000] {processor.py:183} INFO - Processing /home/airflow/.local/lib/python3.8/site-packages/airflow/example_dags/example_python_decorator.py took 0.147 seconds
[2026-06-04T07:12:43.557+0000] {processor.py:161} INFO - Started process (PID=4023) to work on /home/airflow/.local/lib/python3.8/site-packages/airflow/example_dags/example_python_decorator.py
[2026-06-04T07:12:43.561+0000] {processor.py:830} INFO - Processing file /home/airflow/.local/lib/python3.8/site-packages/airflow/example_dags/example_python_decorator.py for tasks to queue
[2026-06-04T07:12:43.569+0000] {logging_mixin.py:188} INFO - [2026-06-04T07:12:43.568+0000] {dagbag.py:538} INFO - Filling up the DagBag from /home/airflow/.local/lib/python3.8/site-packages/airflow/example_dags/example_python_decorator.py
[2026-06-04T07:12:43.593+0000] {processor.py:840} INFO - DAG(s) 'example_python_decorator' retrieved from /home/airflow/.local/lib/python3.8/site-packages/airflow/example_dags/example_python_decorator.py
[2026-06-04T07:12:43.651+0000] {logging_mixin.py:188} INFO - [2026-06-04T07:12:43.651+0000] {dag.py:3033} INFO - Sync 1 DAGs
[2026-06-04T07:12:43.669+0000] {logging_mixin.py:188} INFO - [2026-06-04T07:12:43.669+0000] {dag.py:3820} INFO - Setting next_dagrun for example_python_decorator to None, run_after=None
[2026-06-04T07:12:43.705+0000] {processor.py:183} INFO - Processing /home/airflow/.local/lib/python3.8/site-packages/airflow/example_dags/example_python_decorator.py took 0.156 seconds
[2026-06-04T07:13:14.708+0000] {processor.py:161} INFO - Started process (PID=4079) to work on /home/airflow/.local/lib/python3.8/site-packages/airflow/example_dags/example_python_decorator.py
[2026-06-04T07:13:14.709+0000] {processor.py:830} INFO - Processing file /home/airflow/.local/lib/python3.8/site-packages/airflow/example_dags/example_python_decorator.py for tasks to queue
[2026-06-04T07:13:14.710+0000] {logging_mixin.py:188} INFO - [2026-06-04T07:13:14.710+0000] {dagbag.py:538} INFO - Filling up the DagBag from /home/airflow/.local/lib/python3.8/site-packages/airflow/example_dags/example_python_decorator.py
[2026-06-04T07:13:14.726+0000] {processor.py:840} INFO - DAG(s) 'example_python_decorator' retrieved from /home/airflow/.local/lib/python3.8/site-packages/airflow/example_dags/example_python_decorator.py
[2026-06-04T07:13:14.750+0000] {logging_mixin.py:188} INFO - [2026-06-04T07:13:14.749+0000] {dag.py:3033} INFO - Sync 1 DAGs
[2026-06-04T07:13:14.766+0000] {logging_mixin.py:188} INFO - [2026-06-04T07:13:14.766+0000] {dag.py:3820} INFO - Setting next_dagrun for example_python_decorator to None, run_after=None
[2026-06-04T07:13:14.776+0000] {processor.py:183} INFO - Processing /home/airflow/.local/lib/python3.8/site-packages/airflow/example_dags/example_python_decorator.py took 0.070 seconds
[2026-06-04T07:13:46.098+0000] {processor.py:161} INFO - Started process (PID=4135) to work on /home/airflow/.local/lib/python3.8/site-packages/airflow/example_dags/example_python_decorator.py
[2026-06-04T07:13:46.098+0000] {processor.py:830} INFO - Processing file /home/airflow/.local/lib/python3.8/site-packages/airflow/example_dags/example_python_decorator.py for tasks to queue
[2026-06-04T07:13:46.100+0000] {logging_mixin.py:188} INFO - [2026-06-04T07:13:46.099+0000] {dagbag.py:538} INFO - Filling up the DagBag from /home/airflow/.local/lib/python3.8/site-packages/airflow/example_dags/example_python_decorator.py
[2026-06-04T07:13:46.107+0000] {processor.py:840} INFO - DAG(s) 'example_python_decorator' retrieved from /home/airflow/.local/lib/python3.8/site-packages/airflow/example_dags/example_python_decorator.py
[2026-06-04T07:13:46.137+0000] {logging_mixin.py:188} INFO - [2026-06-04T07:13:46.137+0000] {dag.py:3033} INFO - Sync 1 DAGs
[2026-06-04T07:13:46.147+0000] {logging_mixin.py:188} INFO - [2026-06-04T07:13:46.147+0000] {dag.py:3820} INFO - Setting next_dagrun for example_python_decorator to None, run_after=None
[2026-06-04T07:13:46.159+0000] {processor.py:183} INFO - Processing /home/airflow/.local/lib/python3.8/site-packages/airflow/example_dags/example_python_decorator.py took 0.064 seconds
[2026-06-04T07:14:16.916+0000] {processor.py:161} INFO - Started process (PID=4197) to work on /home/airflow/.local/lib/python3.8/site-packages/airflow/example_dags/example_python_decorator.py
[2026-06-04T07:14:16.918+0000] {processor.py:830} INFO - Processing file /home/airflow/.local/lib/python3.8/site-packages/airflow/example_dags/example_python_decorator.py for tasks to queue
[2026-06-04T07:14:16.925+0000] {logging_mixin.py:188} INFO - [2026-06-04T07:14:16.924+0000] {dagbag.py:538} INFO - Filling up the DagBag from /home/airflow/.local/lib/python3.8/site-packages/airflow/example_dags/example_python_decorator.py
[2026-06-04T07:14:16.941+0000] {processor.py:840} INFO - DAG(s) 'example_python_decorator' retrieved from /home/airflow/.local/lib/python3.8/site-packages/airflow/example_dags/example_python_decorator.py
[2026-06-04T07:14:16.972+0000] {logging_mixin.py:188} INFO - [2026-06-04T07:14:16.972+0000] {dag.py:3033} INFO - Sync 1 DAGs
[2026-06-04T07:14:16.986+0000] {logging_mixin.py:188} INFO - [2026-06-04T07:14:16.986+0000] {dag.py:3820} INFO - Setting next_dagrun for example_python_decorator to None, run_after=None
[2026-06-04T07:14:17.015+0000] {processor.py:183} INFO - Processing /home/airflow/.local/lib/python3.8/site-packages/airflow/example_dags/example_python_decorator.py took 0.103 seconds
[2026-06-04T07:14:47.364+0000] {processor.py:161} INFO - Started process (PID=4253) to work on /home/airflow/.local/lib/python3.8/site-packages/airflow/example_dags/example_python_decorator.py
[2026-06-04T07:14:47.366+0000] {processor.py:830} INFO - Processing file /home/airflow/.local/lib/python3.8/site-packages/airflow/example_dags/example_python_decorator.py for tasks to queue
[2026-06-04T07:14:47.367+0000] {logging_mixin.py:188} INFO - [2026-06-04T07:14:47.367+0000] {dagbag.py:538} INFO - Filling up the DagBag from /home/airflow/.local/lib/python3.8/site-packages/airflow/example_dags/example_python_decorator.py
[2026-06-04T07:14:47.379+0000] {processor.py:840} INFO - DAG(s) 'example_python_decorator' retrieved from /home/airflow/.local/lib/python3.8/site-packages/airflow/example_dags/example_python_decorator.py
[2026-06-04T07:14:47.407+0000] {logging_mixin.py:188} INFO - [2026-06-04T07:14:47.406+0000] {dag.py:3033} INFO - Sync 1 DAGs
[2026-06-04T07:14:47.418+0000] {logging_mixin.py:188} INFO - [2026-06-04T07:14:47.418+0000] {dag.py:3820} INFO - Setting next_dagrun for example_python_decorator to None, run_after=None
[2026-06-04T07:14:47.448+0000] {processor.py:183} INFO - Processing /home/airflow/.local/lib/python3.8/site-packages/airflow/example_dags/example_python_decorator.py took 0.088 seconds
[2026-06-04T07:15:18.256+0000] {processor.py:161} INFO - Started process (PID=4309) to work on /home/airflow/.local/lib/python3.8/site-packages/airflow/example_dags/example_python_decorator.py
[2026-06-04T07:15:18.259+0000] {processor.py:830} INFO - Processing file /home/airflow/.local/lib/python3.8/site-packages/airflow/example_dags/example_python_decorator.py for tasks to queue
[2026-06-04T07:15:18.265+0000] {logging_mixin.py:188} INFO - [2026-06-04T07:15:18.264+0000] {dagbag.py:538} INFO - Filling up the DagBag from /home/airflow/.local/lib/python3.8/site-packages/airflow/example_dags/example_python_decorator.py
[2026-06-04T07:15:18.279+0000] {processor.py:840} INFO - DAG(s) 'example_python_decorator' retrieved from /home/airflow/.local/lib/python3.8/site-packages/airflow/example_dags/example_python_decorator.py
[2026-06-04T07:15:18.317+0000] {logging_mixin.py:188} INFO - [2026-06-04T07:15:18.317+0000] {dag.py:3033} INFO - Sync 1 DAGs
[2026-06-04T07:15:18.331+0000] {logging_mixin.py:188} INFO - [2026-06-04T07:15:18.331+0000] {dag.py:3820} INFO - Setting next_dagrun for example_python_decorator to None, run_after=None
[2026-06-04T07:15:18.456+0000] {processor.py:183} INFO - Processing /home/airflow/.local/lib/python3.8/site-packages/airflow/example_dags/example_python_decorator.py took 0.207 seconds
[2026-06-04T07:15:48.605+0000] {processor.py:161} INFO - Started process (PID=4365) to work on /home/airflow/.local/lib/python3.8/site-packages/airflow/example_dags/example_python_decorator.py
[2026-06-04T07:15:48.606+0000] {processor.py:830} INFO - Processing file /home/airflow/.local/lib/python3.8/site-packages/airflow/example_dags/example_python_decorator.py for tasks to queue
[2026-06-04T07:15:48.608+0000] {logging_mixin.py:188} INFO - [2026-06-04T07:15:48.608+0000] {dagbag.py:538} INFO - Filling up the DagBag from /home/airflow/.local/lib/python3.8/site-packages/airflow/example_dags/example_python_decorator.py
[2026-06-04T07:15:48.614+0000] {processor.py:840} INFO - DAG(s) 'example_python_decorator' retrieved from /home/airflow/.local/lib/python3.8/site-packages/airflow/example_dags/example_python_decorator.py
[2026-06-04T07:15:48.626+0000] {logging_mixin.py:188} INFO - [2026-06-04T07:15:48.626+0000] {dag.py:3033} INFO - Sync 1 DAGs
[2026-06-04T07:15:48.631+0000] {logging_mixin.py:188} INFO - [2026-06-04T07:15:48.631+0000] {dag.py:3820} INFO - Setting next_dagrun for example_python_decorator to None, run_after=None
[2026-06-04T07:15:48.639+0000] {processor.py:183} INFO - Processing /home/airflow/.local/lib/python3.8/site-packages/airflow/example_dags/example_python_decorator.py took 0.038 seconds
[2026-06-04T07:16:19.930+0000] {processor.py:161} INFO - Started process (PID=4422) to work on /home/airflow/.local/lib/python3.8/site-packages/airflow/example_dags/example_python_decorator.py
[2026-06-04T07:16:19.930+0000] {processor.py:830} INFO - Processing file /home/airflow/.local/lib/python3.8/site-packages/airflow/example_dags/example_python_decorator.py for tasks to queue
[2026-06-04T07:16:19.931+0000] {logging_mixin.py:188} INFO - [2026-06-04T07:16:19.931+0000] {dagbag.py:538} INFO - Filling up the DagBag from /home/airflow/.local/lib/python3.8/site-packages/airflow/example_dags/example_python_decorator.py
[2026-06-04T07:16:19.936+0000] {processor.py:840} INFO - DAG(s) 'example_python_decorator' retrieved from /home/airflow/.local/lib/python3.8/site-packages/airflow/example_dags/example_python_decorator.py
[2026-06-04T07:16:19.947+0000] {logging_mixin.py:188} INFO - [2026-06-04T07:16:19.947+0000] {dag.py:3033} INFO - Sync 1 DAGs
[2026-06-04T07:16:19.953+0000] {logging_mixin.py:188} INFO - [2026-06-04T07:16:19.952+0000] {dag.py:3820} INFO - Setting next_dagrun for example_python_decorator to None, run_after=None
[2026-06-04T07:16:19.960+0000] {processor.py:183} INFO - Processing /home/airflow/.local/lib/python3.8/site-packages/airflow/example_dags/example_python_decorator.py took 0.033 seconds
