[2026-06-04T06:36:34.873+0000] {processor.py:161} INFO - Started process (PID=45) to work on /home/airflow/.local/lib/python3.8/site-packages/airflow/example_dags/example_kubernetes_executor.py
[2026-06-04T06:36:34.874+0000] {processor.py:830} INFO - Processing file /home/airflow/.local/lib/python3.8/site-packages/airflow/example_dags/example_kubernetes_executor.py for tasks to queue
[2026-06-04T06:36:34.879+0000] {logging_mixin.py:188} INFO - [2026-06-04T06:36:34.878+0000] {dagbag.py:538} INFO - Filling up the DagBag from /home/airflow/.local/lib/python3.8/site-packages/airflow/example_dags/example_kubernetes_executor.py
[2026-06-04T06:36:34.907+0000] {processor.py:840} INFO - DAG(s) 'example_kubernetes_executor' retrieved from /home/airflow/.local/lib/python3.8/site-packages/airflow/example_dags/example_kubernetes_executor.py
[2026-06-04T06:36:34.952+0000] {logging_mixin.py:188} INFO - [2026-06-04T06:36:34.952+0000] {dag.py:3033} INFO - Sync 1 DAGs
[2026-06-04T06:36:34.983+0000] {logging_mixin.py:188} INFO - [2026-06-04T06:36:34.983+0000] {dag.py:3820} INFO - Setting next_dagrun for example_kubernetes_executor to None, run_after=None
[2026-06-04T06:36:35.030+0000] {processor.py:183} INFO - Processing /home/airflow/.local/lib/python3.8/site-packages/airflow/example_dags/example_kubernetes_executor.py took 0.162 seconds
[2026-06-04T06:37:05.083+0000] {processor.py:161} INFO - Started process (PID=101) to work on /home/airflow/.local/lib/python3.8/site-packages/airflow/example_dags/example_kubernetes_executor.py
[2026-06-04T06:37:05.083+0000] {processor.py:830} INFO - Processing file /home/airflow/.local/lib/python3.8/site-packages/airflow/example_dags/example_kubernetes_executor.py for tasks to queue
[2026-06-04T06:37:05.084+0000] {logging_mixin.py:188} INFO - [2026-06-04T06:37:05.084+0000] {dagbag.py:538} INFO - Filling up the DagBag from /home/airflow/.local/lib/python3.8/site-packages/airflow/example_dags/example_kubernetes_executor.py
[2026-06-04T06:37:05.107+0000] {processor.py:840} INFO - DAG(s) 'example_kubernetes_executor' retrieved from /home/airflow/.local/lib/python3.8/site-packages/airflow/example_dags/example_kubernetes_executor.py
[2026-06-04T06:37:05.213+0000] {logging_mixin.py:188} INFO - [2026-06-04T06:37:05.213+0000] {dag.py:3033} INFO - Sync 1 DAGs
[2026-06-04T06:37:05.219+0000] {logging_mixin.py:188} INFO - [2026-06-04T06:37:05.219+0000] {dag.py:3820} INFO - Setting next_dagrun for example_kubernetes_executor to None, run_after=None
[2026-06-04T06:37:05.229+0000] {processor.py:183} INFO - Processing /home/airflow/.local/lib/python3.8/site-packages/airflow/example_dags/example_kubernetes_executor.py took 0.148 seconds
[2026-06-04T06:37:36.184+0000] {processor.py:161} INFO - Started process (PID=164) to work on /home/airflow/.local/lib/python3.8/site-packages/airflow/example_dags/example_kubernetes_executor.py
[2026-06-04T06:37:36.185+0000] {processor.py:830} INFO - Processing file /home/airflow/.local/lib/python3.8/site-packages/airflow/example_dags/example_kubernetes_executor.py for tasks to queue
[2026-06-04T06:37:36.189+0000] {logging_mixin.py:188} INFO - [2026-06-04T06:37:36.188+0000] {dagbag.py:538} INFO - Filling up the DagBag from /home/airflow/.local/lib/python3.8/site-packages/airflow/example_dags/example_kubernetes_executor.py
[2026-06-04T06:37:36.201+0000] {processor.py:840} INFO - DAG(s) 'example_kubernetes_executor' retrieved from /home/airflow/.local/lib/python3.8/site-packages/airflow/example_dags/example_kubernetes_executor.py
[2026-06-04T06:37:36.232+0000] {logging_mixin.py:188} INFO - [2026-06-04T06:37:36.232+0000] {dag.py:3033} INFO - Sync 1 DAGs
[2026-06-04T06:37:36.241+0000] {logging_mixin.py:188} INFO - [2026-06-04T06:37:36.241+0000] {dag.py:3820} INFO - Setting next_dagrun for example_kubernetes_executor to None, run_after=None
[2026-06-04T06:37:36.247+0000] {processor.py:183} INFO - Processing /home/airflow/.local/lib/python3.8/site-packages/airflow/example_dags/example_kubernetes_executor.py took 0.068 seconds
[2026-06-04T06:38:06.892+0000] {processor.py:161} INFO - Started process (PID=220) to work on /home/airflow/.local/lib/python3.8/site-packages/airflow/example_dags/example_kubernetes_executor.py
[2026-06-04T06:38:06.894+0000] {processor.py:830} INFO - Processing file /home/airflow/.local/lib/python3.8/site-packages/airflow/example_dags/example_kubernetes_executor.py for tasks to queue
[2026-06-04T06:38:06.896+0000] {logging_mixin.py:188} INFO - [2026-06-04T06:38:06.896+0000] {dagbag.py:538} INFO - Filling up the DagBag from /home/airflow/.local/lib/python3.8/site-packages/airflow/example_dags/example_kubernetes_executor.py
[2026-06-04T06:38:06.911+0000] {processor.py:840} INFO - DAG(s) 'example_kubernetes_executor' retrieved from /home/airflow/.local/lib/python3.8/site-packages/airflow/example_dags/example_kubernetes_executor.py
[2026-06-04T06:38:06.952+0000] {logging_mixin.py:188} INFO - [2026-06-04T06:38:06.952+0000] {dag.py:3033} INFO - Sync 1 DAGs
[2026-06-04T06:38:06.964+0000] {logging_mixin.py:188} INFO - [2026-06-04T06:38:06.963+0000] {dag.py:3820} INFO - Setting next_dagrun for example_kubernetes_executor to None, run_after=None
[2026-06-04T06:38:06.971+0000] {processor.py:183} INFO - Processing /home/airflow/.local/lib/python3.8/site-packages/airflow/example_dags/example_kubernetes_executor.py took 0.086 seconds
[2026-06-04T06:38:37.100+0000] {processor.py:161} INFO - Started process (PID=276) to work on /home/airflow/.local/lib/python3.8/site-packages/airflow/example_dags/example_kubernetes_executor.py
[2026-06-04T06:38:37.102+0000] {processor.py:830} INFO - Processing file /home/airflow/.local/lib/python3.8/site-packages/airflow/example_dags/example_kubernetes_executor.py for tasks to queue
[2026-06-04T06:38:37.104+0000] {logging_mixin.py:188} INFO - [2026-06-04T06:38:37.104+0000] {dagbag.py:538} INFO - Filling up the DagBag from /home/airflow/.local/lib/python3.8/site-packages/airflow/example_dags/example_kubernetes_executor.py
[2026-06-04T06:38:37.118+0000] {processor.py:840} INFO - DAG(s) 'example_kubernetes_executor' retrieved from /home/airflow/.local/lib/python3.8/site-packages/airflow/example_dags/example_kubernetes_executor.py
[2026-06-04T06:38:37.143+0000] {logging_mixin.py:188} INFO - [2026-06-04T06:38:37.143+0000] {dag.py:3033} INFO - Sync 1 DAGs
[2026-06-04T06:38:37.149+0000] {logging_mixin.py:188} INFO - [2026-06-04T06:38:37.149+0000] {dag.py:3820} INFO - Setting next_dagrun for example_kubernetes_executor to None, run_after=None
[2026-06-04T06:38:37.158+0000] {processor.py:183} INFO - Processing /home/airflow/.local/lib/python3.8/site-packages/airflow/example_dags/example_kubernetes_executor.py took 0.061 seconds
[2026-06-04T06:39:07.807+0000] {processor.py:161} INFO - Started process (PID=331) to work on /home/airflow/.local/lib/python3.8/site-packages/airflow/example_dags/example_kubernetes_executor.py
[2026-06-04T06:39:07.809+0000] {processor.py:830} INFO - Processing file /home/airflow/.local/lib/python3.8/site-packages/airflow/example_dags/example_kubernetes_executor.py for tasks to queue
[2026-06-04T06:39:07.813+0000] {logging_mixin.py:188} INFO - [2026-06-04T06:39:07.812+0000] {dagbag.py:538} INFO - Filling up the DagBag from /home/airflow/.local/lib/python3.8/site-packages/airflow/example_dags/example_kubernetes_executor.py
[2026-06-04T06:39:07.827+0000] {processor.py:840} INFO - DAG(s) 'example_kubernetes_executor' retrieved from /home/airflow/.local/lib/python3.8/site-packages/airflow/example_dags/example_kubernetes_executor.py
[2026-06-04T06:39:07.850+0000] {logging_mixin.py:188} INFO - [2026-06-04T06:39:07.850+0000] {dag.py:3033} INFO - Sync 1 DAGs
[2026-06-04T06:39:07.855+0000] {logging_mixin.py:188} INFO - [2026-06-04T06:39:07.855+0000] {dag.py:3820} INFO - Setting next_dagrun for example_kubernetes_executor to None, run_after=None
[2026-06-04T06:39:07.863+0000] {processor.py:183} INFO - Processing /home/airflow/.local/lib/python3.8/site-packages/airflow/example_dags/example_kubernetes_executor.py took 0.062 seconds
[2026-06-04T06:39:37.917+0000] {processor.py:161} INFO - Started process (PID=387) to work on /home/airflow/.local/lib/python3.8/site-packages/airflow/example_dags/example_kubernetes_executor.py
[2026-06-04T06:39:37.919+0000] {processor.py:830} INFO - Processing file /home/airflow/.local/lib/python3.8/site-packages/airflow/example_dags/example_kubernetes_executor.py for tasks to queue
[2026-06-04T06:39:37.921+0000] {logging_mixin.py:188} INFO - [2026-06-04T06:39:37.921+0000] {dagbag.py:538} INFO - Filling up the DagBag from /home/airflow/.local/lib/python3.8/site-packages/airflow/example_dags/example_kubernetes_executor.py
[2026-06-04T06:39:37.944+0000] {processor.py:840} INFO - DAG(s) 'example_kubernetes_executor' retrieved from /home/airflow/.local/lib/python3.8/site-packages/airflow/example_dags/example_kubernetes_executor.py
[2026-06-04T06:39:37.972+0000] {logging_mixin.py:188} INFO - [2026-06-04T06:39:37.972+0000] {dag.py:3033} INFO - Sync 1 DAGs
[2026-06-04T06:39:37.981+0000] {logging_mixin.py:188} INFO - [2026-06-04T06:39:37.981+0000] {dag.py:3820} INFO - Setting next_dagrun for example_kubernetes_executor to None, run_after=None
[2026-06-04T06:39:37.988+0000] {processor.py:183} INFO - Processing /home/airflow/.local/lib/python3.8/site-packages/airflow/example_dags/example_kubernetes_executor.py took 0.075 seconds
[2026-06-04T06:40:08.668+0000] {processor.py:161} INFO - Started process (PID=443) to work on /home/airflow/.local/lib/python3.8/site-packages/airflow/example_dags/example_kubernetes_executor.py
[2026-06-04T06:40:08.671+0000] {processor.py:830} INFO - Processing file /home/airflow/.local/lib/python3.8/site-packages/airflow/example_dags/example_kubernetes_executor.py for tasks to queue
[2026-06-04T06:40:08.673+0000] {logging_mixin.py:188} INFO - [2026-06-04T06:40:08.672+0000] {dagbag.py:538} INFO - Filling up the DagBag from /home/airflow/.local/lib/python3.8/site-packages/airflow/example_dags/example_kubernetes_executor.py
[2026-06-04T06:40:08.685+0000] {processor.py:840} INFO - DAG(s) 'example_kubernetes_executor' retrieved from /home/airflow/.local/lib/python3.8/site-packages/airflow/example_dags/example_kubernetes_executor.py
[2026-06-04T06:40:08.711+0000] {logging_mixin.py:188} INFO - [2026-06-04T06:40:08.711+0000] {dag.py:3033} INFO - Sync 1 DAGs
[2026-06-04T06:40:08.718+0000] {logging_mixin.py:188} INFO - [2026-06-04T06:40:08.718+0000] {dag.py:3820} INFO - Setting next_dagrun for example_kubernetes_executor to None, run_after=None
[2026-06-04T06:40:08.727+0000] {processor.py:183} INFO - Processing /home/airflow/.local/lib/python3.8/site-packages/airflow/example_dags/example_kubernetes_executor.py took 0.061 seconds
[2026-06-04T06:40:38.769+0000] {processor.py:161} INFO - Started process (PID=499) to work on /home/airflow/.local/lib/python3.8/site-packages/airflow/example_dags/example_kubernetes_executor.py
[2026-06-04T06:40:38.770+0000] {processor.py:830} INFO - Processing file /home/airflow/.local/lib/python3.8/site-packages/airflow/example_dags/example_kubernetes_executor.py for tasks to queue
[2026-06-04T06:40:38.772+0000] {logging_mixin.py:188} INFO - [2026-06-04T06:40:38.772+0000] {dagbag.py:538} INFO - Filling up the DagBag from /home/airflow/.local/lib/python3.8/site-packages/airflow/example_dags/example_kubernetes_executor.py
[2026-06-04T06:40:38.788+0000] {processor.py:840} INFO - DAG(s) 'example_kubernetes_executor' retrieved from /home/airflow/.local/lib/python3.8/site-packages/airflow/example_dags/example_kubernetes_executor.py
[2026-06-04T06:40:38.813+0000] {logging_mixin.py:188} INFO - [2026-06-04T06:40:38.813+0000] {dag.py:3033} INFO - Sync 1 DAGs
[2026-06-04T06:40:38.821+0000] {logging_mixin.py:188} INFO - [2026-06-04T06:40:38.821+0000] {dag.py:3820} INFO - Setting next_dagrun for example_kubernetes_executor to None, run_after=None
[2026-06-04T06:40:38.830+0000] {processor.py:183} INFO - Processing /home/airflow/.local/lib/python3.8/site-packages/airflow/example_dags/example_kubernetes_executor.py took 0.065 seconds
[2026-06-04T06:41:09.592+0000] {processor.py:161} INFO - Started process (PID=555) to work on /home/airflow/.local/lib/python3.8/site-packages/airflow/example_dags/example_kubernetes_executor.py
[2026-06-04T06:41:09.593+0000] {processor.py:830} INFO - Processing file /home/airflow/.local/lib/python3.8/site-packages/airflow/example_dags/example_kubernetes_executor.py for tasks to queue
[2026-06-04T06:41:09.595+0000] {logging_mixin.py:188} INFO - [2026-06-04T06:41:09.595+0000] {dagbag.py:538} INFO - Filling up the DagBag from /home/airflow/.local/lib/python3.8/site-packages/airflow/example_dags/example_kubernetes_executor.py
[2026-06-04T06:41:09.609+0000] {processor.py:840} INFO - DAG(s) 'example_kubernetes_executor' retrieved from /home/airflow/.local/lib/python3.8/site-packages/airflow/example_dags/example_kubernetes_executor.py
[2026-06-04T06:41:09.641+0000] {logging_mixin.py:188} INFO - [2026-06-04T06:41:09.641+0000] {dag.py:3033} INFO - Sync 1 DAGs
[2026-06-04T06:41:09.646+0000] {logging_mixin.py:188} INFO - [2026-06-04T06:41:09.646+0000] {dag.py:3820} INFO - Setting next_dagrun for example_kubernetes_executor to None, run_after=None
[2026-06-04T06:41:09.653+0000] {processor.py:183} INFO - Processing /home/airflow/.local/lib/python3.8/site-packages/airflow/example_dags/example_kubernetes_executor.py took 0.064 seconds
[2026-06-04T06:41:40.382+0000] {processor.py:161} INFO - Started process (PID=611) to work on /home/airflow/.local/lib/python3.8/site-packages/airflow/example_dags/example_kubernetes_executor.py
[2026-06-04T06:41:40.384+0000] {processor.py:830} INFO - Processing file /home/airflow/.local/lib/python3.8/site-packages/airflow/example_dags/example_kubernetes_executor.py for tasks to queue
[2026-06-04T06:41:40.385+0000] {logging_mixin.py:188} INFO - [2026-06-04T06:41:40.385+0000] {dagbag.py:538} INFO - Filling up the DagBag from /home/airflow/.local/lib/python3.8/site-packages/airflow/example_dags/example_kubernetes_executor.py
[2026-06-04T06:41:40.397+0000] {processor.py:840} INFO - DAG(s) 'example_kubernetes_executor' retrieved from /home/airflow/.local/lib/python3.8/site-packages/airflow/example_dags/example_kubernetes_executor.py
[2026-06-04T06:41:40.426+0000] {logging_mixin.py:188} INFO - [2026-06-04T06:41:40.426+0000] {dag.py:3033} INFO - Sync 1 DAGs
[2026-06-04T06:41:40.431+0000] {logging_mixin.py:188} INFO - [2026-06-04T06:41:40.431+0000] {dag.py:3820} INFO - Setting next_dagrun for example_kubernetes_executor to None, run_after=None
[2026-06-04T06:41:40.437+0000] {processor.py:183} INFO - Processing /home/airflow/.local/lib/python3.8/site-packages/airflow/example_dags/example_kubernetes_executor.py took 0.058 seconds
[2026-06-04T06:42:11.361+0000] {processor.py:161} INFO - Started process (PID=667) to work on /home/airflow/.local/lib/python3.8/site-packages/airflow/example_dags/example_kubernetes_executor.py
[2026-06-04T06:42:11.364+0000] {processor.py:830} INFO - Processing file /home/airflow/.local/lib/python3.8/site-packages/airflow/example_dags/example_kubernetes_executor.py for tasks to queue
[2026-06-04T06:42:11.367+0000] {logging_mixin.py:188} INFO - [2026-06-04T06:42:11.366+0000] {dagbag.py:538} INFO - Filling up the DagBag from /home/airflow/.local/lib/python3.8/site-packages/airflow/example_dags/example_kubernetes_executor.py
[2026-06-04T06:42:11.395+0000] {processor.py:840} INFO - DAG(s) 'example_kubernetes_executor' retrieved from /home/airflow/.local/lib/python3.8/site-packages/airflow/example_dags/example_kubernetes_executor.py
[2026-06-04T06:42:11.448+0000] {logging_mixin.py:188} INFO - [2026-06-04T06:42:11.448+0000] {dag.py:3033} INFO - Sync 1 DAGs
[2026-06-04T06:42:11.456+0000] {logging_mixin.py:188} INFO - [2026-06-04T06:42:11.456+0000] {dag.py:3820} INFO - Setting next_dagrun for example_kubernetes_executor to None, run_after=None
[2026-06-04T06:42:11.467+0000] {processor.py:183} INFO - Processing /home/airflow/.local/lib/python3.8/site-packages/airflow/example_dags/example_kubernetes_executor.py took 0.111 seconds
[2026-06-04T06:42:41.639+0000] {processor.py:161} INFO - Started process (PID=723) to work on /home/airflow/.local/lib/python3.8/site-packages/airflow/example_dags/example_kubernetes_executor.py
[2026-06-04T06:42:41.641+0000] {processor.py:830} INFO - Processing file /home/airflow/.local/lib/python3.8/site-packages/airflow/example_dags/example_kubernetes_executor.py for tasks to queue
[2026-06-04T06:42:41.642+0000] {logging_mixin.py:188} INFO - [2026-06-04T06:42:41.642+0000] {dagbag.py:538} INFO - Filling up the DagBag from /home/airflow/.local/lib/python3.8/site-packages/airflow/example_dags/example_kubernetes_executor.py
[2026-06-04T06:42:41.655+0000] {processor.py:840} INFO - DAG(s) 'example_kubernetes_executor' retrieved from /home/airflow/.local/lib/python3.8/site-packages/airflow/example_dags/example_kubernetes_executor.py
[2026-06-04T06:42:41.679+0000] {logging_mixin.py:188} INFO - [2026-06-04T06:42:41.679+0000] {dag.py:3033} INFO - Sync 1 DAGs
[2026-06-04T06:42:41.686+0000] {logging_mixin.py:188} INFO - [2026-06-04T06:42:41.685+0000] {dag.py:3820} INFO - Setting next_dagrun for example_kubernetes_executor to None, run_after=None
[2026-06-04T06:42:41.694+0000] {processor.py:183} INFO - Processing /home/airflow/.local/lib/python3.8/site-packages/airflow/example_dags/example_kubernetes_executor.py took 0.060 seconds
[2026-06-04T06:43:11.973+0000] {processor.py:161} INFO - Started process (PID=779) to work on /home/airflow/.local/lib/python3.8/site-packages/airflow/example_dags/example_kubernetes_executor.py
[2026-06-04T06:43:11.975+0000] {processor.py:830} INFO - Processing file /home/airflow/.local/lib/python3.8/site-packages/airflow/example_dags/example_kubernetes_executor.py for tasks to queue
[2026-06-04T06:43:11.977+0000] {logging_mixin.py:188} INFO - [2026-06-04T06:43:11.977+0000] {dagbag.py:538} INFO - Filling up the DagBag from /home/airflow/.local/lib/python3.8/site-packages/airflow/example_dags/example_kubernetes_executor.py
[2026-06-04T06:43:11.990+0000] {processor.py:840} INFO - DAG(s) 'example_kubernetes_executor' retrieved from /home/airflow/.local/lib/python3.8/site-packages/airflow/example_dags/example_kubernetes_executor.py
[2026-06-04T06:43:12.017+0000] {logging_mixin.py:188} INFO - [2026-06-04T06:43:12.016+0000] {dag.py:3033} INFO - Sync 1 DAGs
[2026-06-04T06:43:12.024+0000] {logging_mixin.py:188} INFO - [2026-06-04T06:43:12.024+0000] {dag.py:3820} INFO - Setting next_dagrun for example_kubernetes_executor to None, run_after=None
[2026-06-04T06:43:12.031+0000] {processor.py:183} INFO - Processing /home/airflow/.local/lib/python3.8/site-packages/airflow/example_dags/example_kubernetes_executor.py took 0.062 seconds
[2026-06-04T06:43:42.110+0000] {processor.py:161} INFO - Started process (PID=835) to work on /home/airflow/.local/lib/python3.8/site-packages/airflow/example_dags/example_kubernetes_executor.py
[2026-06-04T06:43:42.111+0000] {processor.py:830} INFO - Processing file /home/airflow/.local/lib/python3.8/site-packages/airflow/example_dags/example_kubernetes_executor.py for tasks to queue
[2026-06-04T06:43:42.113+0000] {logging_mixin.py:188} INFO - [2026-06-04T06:43:42.113+0000] {dagbag.py:538} INFO - Filling up the DagBag from /home/airflow/.local/lib/python3.8/site-packages/airflow/example_dags/example_kubernetes_executor.py
[2026-06-04T06:43:42.137+0000] {processor.py:840} INFO - DAG(s) 'example_kubernetes_executor' retrieved from /home/airflow/.local/lib/python3.8/site-packages/airflow/example_dags/example_kubernetes_executor.py
[2026-06-04T06:43:42.160+0000] {logging_mixin.py:188} INFO - [2026-06-04T06:43:42.160+0000] {dag.py:3033} INFO - Sync 1 DAGs
[2026-06-04T06:43:42.169+0000] {logging_mixin.py:188} INFO - [2026-06-04T06:43:42.168+0000] {dag.py:3820} INFO - Setting next_dagrun for example_kubernetes_executor to None, run_after=None
[2026-06-04T06:43:42.179+0000] {processor.py:183} INFO - Processing /home/airflow/.local/lib/python3.8/site-packages/airflow/example_dags/example_kubernetes_executor.py took 0.074 seconds
[2026-06-04T06:44:12.315+0000] {processor.py:161} INFO - Started process (PID=891) to work on /home/airflow/.local/lib/python3.8/site-packages/airflow/example_dags/example_kubernetes_executor.py
[2026-06-04T06:44:12.319+0000] {processor.py:830} INFO - Processing file /home/airflow/.local/lib/python3.8/site-packages/airflow/example_dags/example_kubernetes_executor.py for tasks to queue
[2026-06-04T06:44:12.320+0000] {logging_mixin.py:188} INFO - [2026-06-04T06:44:12.320+0000] {dagbag.py:538} INFO - Filling up the DagBag from /home/airflow/.local/lib/python3.8/site-packages/airflow/example_dags/example_kubernetes_executor.py
[2026-06-04T06:44:12.334+0000] {processor.py:840} INFO - DAG(s) 'example_kubernetes_executor' retrieved from /home/airflow/.local/lib/python3.8/site-packages/airflow/example_dags/example_kubernetes_executor.py
[2026-06-04T06:44:12.363+0000] {logging_mixin.py:188} INFO - [2026-06-04T06:44:12.363+0000] {dag.py:3033} INFO - Sync 1 DAGs
[2026-06-04T06:44:12.369+0000] {logging_mixin.py:188} INFO - [2026-06-04T06:44:12.369+0000] {dag.py:3820} INFO - Setting next_dagrun for example_kubernetes_executor to None, run_after=None
[2026-06-04T06:44:12.375+0000] {processor.py:183} INFO - Processing /home/airflow/.local/lib/python3.8/site-packages/airflow/example_dags/example_kubernetes_executor.py took 0.066 seconds
[2026-06-04T06:44:43.136+0000] {processor.py:161} INFO - Started process (PID=946) to work on /home/airflow/.local/lib/python3.8/site-packages/airflow/example_dags/example_kubernetes_executor.py
[2026-06-04T06:44:43.138+0000] {processor.py:830} INFO - Processing file /home/airflow/.local/lib/python3.8/site-packages/airflow/example_dags/example_kubernetes_executor.py for tasks to queue
[2026-06-04T06:44:43.141+0000] {logging_mixin.py:188} INFO - [2026-06-04T06:44:43.140+0000] {dagbag.py:538} INFO - Filling up the DagBag from /home/airflow/.local/lib/python3.8/site-packages/airflow/example_dags/example_kubernetes_executor.py
[2026-06-04T06:44:43.157+0000] {processor.py:840} INFO - DAG(s) 'example_kubernetes_executor' retrieved from /home/airflow/.local/lib/python3.8/site-packages/airflow/example_dags/example_kubernetes_executor.py
[2026-06-04T06:44:43.181+0000] {logging_mixin.py:188} INFO - [2026-06-04T06:44:43.181+0000] {dag.py:3033} INFO - Sync 1 DAGs
[2026-06-04T06:44:43.186+0000] {logging_mixin.py:188} INFO - [2026-06-04T06:44:43.186+0000] {dag.py:3820} INFO - Setting next_dagrun for example_kubernetes_executor to None, run_after=None
[2026-06-04T06:44:43.196+0000] {processor.py:183} INFO - Processing /home/airflow/.local/lib/python3.8/site-packages/airflow/example_dags/example_kubernetes_executor.py took 0.064 seconds
[2026-06-04T06:45:13.352+0000] {processor.py:161} INFO - Started process (PID=1002) to work on /home/airflow/.local/lib/python3.8/site-packages/airflow/example_dags/example_kubernetes_executor.py
[2026-06-04T06:45:13.354+0000] {processor.py:830} INFO - Processing file /home/airflow/.local/lib/python3.8/site-packages/airflow/example_dags/example_kubernetes_executor.py for tasks to queue
[2026-06-04T06:45:13.356+0000] {logging_mixin.py:188} INFO - [2026-06-04T06:45:13.356+0000] {dagbag.py:538} INFO - Filling up the DagBag from /home/airflow/.local/lib/python3.8/site-packages/airflow/example_dags/example_kubernetes_executor.py
[2026-06-04T06:45:13.369+0000] {processor.py:840} INFO - DAG(s) 'example_kubernetes_executor' retrieved from /home/airflow/.local/lib/python3.8/site-packages/airflow/example_dags/example_kubernetes_executor.py
[2026-06-04T06:45:13.394+0000] {logging_mixin.py:188} INFO - [2026-06-04T06:45:13.393+0000] {dag.py:3033} INFO - Sync 1 DAGs
[2026-06-04T06:45:13.399+0000] {logging_mixin.py:188} INFO - [2026-06-04T06:45:13.399+0000] {dag.py:3820} INFO - Setting next_dagrun for example_kubernetes_executor to None, run_after=None
[2026-06-04T06:45:13.407+0000] {processor.py:183} INFO - Processing /home/airflow/.local/lib/python3.8/site-packages/airflow/example_dags/example_kubernetes_executor.py took 0.059 seconds
[2026-06-04T06:45:43.570+0000] {processor.py:161} INFO - Started process (PID=1058) to work on /home/airflow/.local/lib/python3.8/site-packages/airflow/example_dags/example_kubernetes_executor.py
[2026-06-04T06:45:43.571+0000] {processor.py:830} INFO - Processing file /home/airflow/.local/lib/python3.8/site-packages/airflow/example_dags/example_kubernetes_executor.py for tasks to queue
[2026-06-04T06:45:43.574+0000] {logging_mixin.py:188} INFO - [2026-06-04T06:45:43.573+0000] {dagbag.py:538} INFO - Filling up the DagBag from /home/airflow/.local/lib/python3.8/site-packages/airflow/example_dags/example_kubernetes_executor.py
[2026-06-04T06:45:43.587+0000] {processor.py:840} INFO - DAG(s) 'example_kubernetes_executor' retrieved from /home/airflow/.local/lib/python3.8/site-packages/airflow/example_dags/example_kubernetes_executor.py
[2026-06-04T06:45:43.615+0000] {logging_mixin.py:188} INFO - [2026-06-04T06:45:43.615+0000] {dag.py:3033} INFO - Sync 1 DAGs
[2026-06-04T06:45:43.624+0000] {logging_mixin.py:188} INFO - [2026-06-04T06:45:43.624+0000] {dag.py:3820} INFO - Setting next_dagrun for example_kubernetes_executor to None, run_after=None
[2026-06-04T06:45:43.633+0000] {processor.py:183} INFO - Processing /home/airflow/.local/lib/python3.8/site-packages/airflow/example_dags/example_kubernetes_executor.py took 0.067 seconds
[2026-06-04T06:46:14.460+0000] {processor.py:161} INFO - Started process (PID=1114) to work on /home/airflow/.local/lib/python3.8/site-packages/airflow/example_dags/example_kubernetes_executor.py
[2026-06-04T06:46:14.462+0000] {processor.py:830} INFO - Processing file /home/airflow/.local/lib/python3.8/site-packages/airflow/example_dags/example_kubernetes_executor.py for tasks to queue
[2026-06-04T06:46:14.464+0000] {logging_mixin.py:188} INFO - [2026-06-04T06:46:14.464+0000] {dagbag.py:538} INFO - Filling up the DagBag from /home/airflow/.local/lib/python3.8/site-packages/airflow/example_dags/example_kubernetes_executor.py
[2026-06-04T06:46:14.477+0000] {processor.py:840} INFO - DAG(s) 'example_kubernetes_executor' retrieved from /home/airflow/.local/lib/python3.8/site-packages/airflow/example_dags/example_kubernetes_executor.py
[2026-06-04T06:46:14.500+0000] {logging_mixin.py:188} INFO - [2026-06-04T06:46:14.499+0000] {dag.py:3033} INFO - Sync 1 DAGs
[2026-06-04T06:46:14.507+0000] {logging_mixin.py:188} INFO - [2026-06-04T06:46:14.507+0000] {dag.py:3820} INFO - Setting next_dagrun for example_kubernetes_executor to None, run_after=None
[2026-06-04T06:46:14.516+0000] {processor.py:183} INFO - Processing /home/airflow/.local/lib/python3.8/site-packages/airflow/example_dags/example_kubernetes_executor.py took 0.060 seconds
[2026-06-04T06:46:44.659+0000] {processor.py:161} INFO - Started process (PID=1170) to work on /home/airflow/.local/lib/python3.8/site-packages/airflow/example_dags/example_kubernetes_executor.py
[2026-06-04T06:46:44.661+0000] {processor.py:830} INFO - Processing file /home/airflow/.local/lib/python3.8/site-packages/airflow/example_dags/example_kubernetes_executor.py for tasks to queue
[2026-06-04T06:46:44.667+0000] {logging_mixin.py:188} INFO - [2026-06-04T06:46:44.666+0000] {dagbag.py:538} INFO - Filling up the DagBag from /home/airflow/.local/lib/python3.8/site-packages/airflow/example_dags/example_kubernetes_executor.py
[2026-06-04T06:46:44.681+0000] {processor.py:840} INFO - DAG(s) 'example_kubernetes_executor' retrieved from /home/airflow/.local/lib/python3.8/site-packages/airflow/example_dags/example_kubernetes_executor.py
[2026-06-04T06:46:44.711+0000] {logging_mixin.py:188} INFO - [2026-06-04T06:46:44.710+0000] {dag.py:3033} INFO - Sync 1 DAGs
[2026-06-04T06:46:44.718+0000] {logging_mixin.py:188} INFO - [2026-06-04T06:46:44.718+0000] {dag.py:3820} INFO - Setting next_dagrun for example_kubernetes_executor to None, run_after=None
[2026-06-04T06:46:44.725+0000] {processor.py:183} INFO - Processing /home/airflow/.local/lib/python3.8/site-packages/airflow/example_dags/example_kubernetes_executor.py took 0.070 seconds
[2026-06-04T06:47:14.866+0000] {processor.py:161} INFO - Started process (PID=1226) to work on /home/airflow/.local/lib/python3.8/site-packages/airflow/example_dags/example_kubernetes_executor.py
[2026-06-04T06:47:14.867+0000] {processor.py:830} INFO - Processing file /home/airflow/.local/lib/python3.8/site-packages/airflow/example_dags/example_kubernetes_executor.py for tasks to queue
[2026-06-04T06:47:14.870+0000] {logging_mixin.py:188} INFO - [2026-06-04T06:47:14.870+0000] {dagbag.py:538} INFO - Filling up the DagBag from /home/airflow/.local/lib/python3.8/site-packages/airflow/example_dags/example_kubernetes_executor.py
[2026-06-04T06:47:14.884+0000] {processor.py:840} INFO - DAG(s) 'example_kubernetes_executor' retrieved from /home/airflow/.local/lib/python3.8/site-packages/airflow/example_dags/example_kubernetes_executor.py
[2026-06-04T06:47:14.909+0000] {logging_mixin.py:188} INFO - [2026-06-04T06:47:14.908+0000] {dag.py:3033} INFO - Sync 1 DAGs
[2026-06-04T06:47:14.916+0000] {logging_mixin.py:188} INFO - [2026-06-04T06:47:14.916+0000] {dag.py:3820} INFO - Setting next_dagrun for example_kubernetes_executor to None, run_after=None
[2026-06-04T06:47:14.924+0000] {processor.py:183} INFO - Processing /home/airflow/.local/lib/python3.8/site-packages/airflow/example_dags/example_kubernetes_executor.py took 0.064 seconds
[2026-06-04T06:47:45.772+0000] {processor.py:161} INFO - Started process (PID=1282) to work on /home/airflow/.local/lib/python3.8/site-packages/airflow/example_dags/example_kubernetes_executor.py
[2026-06-04T06:47:45.774+0000] {processor.py:830} INFO - Processing file /home/airflow/.local/lib/python3.8/site-packages/airflow/example_dags/example_kubernetes_executor.py for tasks to queue
[2026-06-04T06:47:45.776+0000] {logging_mixin.py:188} INFO - [2026-06-04T06:47:45.776+0000] {dagbag.py:538} INFO - Filling up the DagBag from /home/airflow/.local/lib/python3.8/site-packages/airflow/example_dags/example_kubernetes_executor.py
[2026-06-04T06:47:45.788+0000] {processor.py:840} INFO - DAG(s) 'example_kubernetes_executor' retrieved from /home/airflow/.local/lib/python3.8/site-packages/airflow/example_dags/example_kubernetes_executor.py
[2026-06-04T06:47:45.810+0000] {logging_mixin.py:188} INFO - [2026-06-04T06:47:45.810+0000] {dag.py:3033} INFO - Sync 1 DAGs
[2026-06-04T06:47:45.817+0000] {logging_mixin.py:188} INFO - [2026-06-04T06:47:45.817+0000] {dag.py:3820} INFO - Setting next_dagrun for example_kubernetes_executor to None, run_after=None
[2026-06-04T06:47:45.825+0000] {processor.py:183} INFO - Processing /home/airflow/.local/lib/python3.8/site-packages/airflow/example_dags/example_kubernetes_executor.py took 0.059 seconds
[2026-06-04T06:48:16.615+0000] {processor.py:161} INFO - Started process (PID=1338) to work on /home/airflow/.local/lib/python3.8/site-packages/airflow/example_dags/example_kubernetes_executor.py
[2026-06-04T06:48:16.617+0000] {processor.py:830} INFO - Processing file /home/airflow/.local/lib/python3.8/site-packages/airflow/example_dags/example_kubernetes_executor.py for tasks to queue
[2026-06-04T06:48:16.619+0000] {logging_mixin.py:188} INFO - [2026-06-04T06:48:16.619+0000] {dagbag.py:538} INFO - Filling up the DagBag from /home/airflow/.local/lib/python3.8/site-packages/airflow/example_dags/example_kubernetes_executor.py
[2026-06-04T06:48:16.635+0000] {processor.py:840} INFO - DAG(s) 'example_kubernetes_executor' retrieved from /home/airflow/.local/lib/python3.8/site-packages/airflow/example_dags/example_kubernetes_executor.py
[2026-06-04T06:48:16.664+0000] {logging_mixin.py:188} INFO - [2026-06-04T06:48:16.664+0000] {dag.py:3033} INFO - Sync 1 DAGs
[2026-06-04T06:48:16.672+0000] {logging_mixin.py:188} INFO - [2026-06-04T06:48:16.672+0000] {dag.py:3820} INFO - Setting next_dagrun for example_kubernetes_executor to None, run_after=None
[2026-06-04T06:48:16.679+0000] {processor.py:183} INFO - Processing /home/airflow/.local/lib/python3.8/site-packages/airflow/example_dags/example_kubernetes_executor.py took 0.068 seconds
[2026-06-04T06:48:47.571+0000] {processor.py:161} INFO - Started process (PID=1394) to work on /home/airflow/.local/lib/python3.8/site-packages/airflow/example_dags/example_kubernetes_executor.py
[2026-06-04T06:48:47.573+0000] {processor.py:830} INFO - Processing file /home/airflow/.local/lib/python3.8/site-packages/airflow/example_dags/example_kubernetes_executor.py for tasks to queue
[2026-06-04T06:48:47.576+0000] {logging_mixin.py:188} INFO - [2026-06-04T06:48:47.575+0000] {dagbag.py:538} INFO - Filling up the DagBag from /home/airflow/.local/lib/python3.8/site-packages/airflow/example_dags/example_kubernetes_executor.py
[2026-06-04T06:48:47.592+0000] {processor.py:840} INFO - DAG(s) 'example_kubernetes_executor' retrieved from /home/airflow/.local/lib/python3.8/site-packages/airflow/example_dags/example_kubernetes_executor.py
[2026-06-04T06:48:47.625+0000] {logging_mixin.py:188} INFO - [2026-06-04T06:48:47.625+0000] {dag.py:3033} INFO - Sync 1 DAGs
[2026-06-04T06:48:47.631+0000] {logging_mixin.py:188} INFO - [2026-06-04T06:48:47.631+0000] {dag.py:3820} INFO - Setting next_dagrun for example_kubernetes_executor to None, run_after=None
[2026-06-04T06:48:47.638+0000] {processor.py:183} INFO - Processing /home/airflow/.local/lib/python3.8/site-packages/airflow/example_dags/example_kubernetes_executor.py took 0.071 seconds
[2026-06-04T06:49:18.184+0000] {processor.py:161} INFO - Started process (PID=1450) to work on /home/airflow/.local/lib/python3.8/site-packages/airflow/example_dags/example_kubernetes_executor.py
[2026-06-04T06:49:18.186+0000] {processor.py:830} INFO - Processing file /home/airflow/.local/lib/python3.8/site-packages/airflow/example_dags/example_kubernetes_executor.py for tasks to queue
[2026-06-04T06:49:18.189+0000] {logging_mixin.py:188} INFO - [2026-06-04T06:49:18.189+0000] {dagbag.py:538} INFO - Filling up the DagBag from /home/airflow/.local/lib/python3.8/site-packages/airflow/example_dags/example_kubernetes_executor.py
[2026-06-04T06:49:18.212+0000] {processor.py:840} INFO - DAG(s) 'example_kubernetes_executor' retrieved from /home/airflow/.local/lib/python3.8/site-packages/airflow/example_dags/example_kubernetes_executor.py
[2026-06-04T06:49:18.251+0000] {logging_mixin.py:188} INFO - [2026-06-04T06:49:18.251+0000] {dag.py:3033} INFO - Sync 1 DAGs
[2026-06-04T06:49:18.261+0000] {logging_mixin.py:188} INFO - [2026-06-04T06:49:18.261+0000] {dag.py:3820} INFO - Setting next_dagrun for example_kubernetes_executor to None, run_after=None
[2026-06-04T06:49:18.271+0000] {processor.py:183} INFO - Processing /home/airflow/.local/lib/python3.8/site-packages/airflow/example_dags/example_kubernetes_executor.py took 0.091 seconds
[2026-06-04T06:49:48.840+0000] {processor.py:161} INFO - Started process (PID=1506) to work on /home/airflow/.local/lib/python3.8/site-packages/airflow/example_dags/example_kubernetes_executor.py
[2026-06-04T06:49:48.841+0000] {processor.py:830} INFO - Processing file /home/airflow/.local/lib/python3.8/site-packages/airflow/example_dags/example_kubernetes_executor.py for tasks to queue
[2026-06-04T06:49:48.842+0000] {logging_mixin.py:188} INFO - [2026-06-04T06:49:48.842+0000] {dagbag.py:538} INFO - Filling up the DagBag from /home/airflow/.local/lib/python3.8/site-packages/airflow/example_dags/example_kubernetes_executor.py
[2026-06-04T06:49:48.857+0000] {processor.py:840} INFO - DAG(s) 'example_kubernetes_executor' retrieved from /home/airflow/.local/lib/python3.8/site-packages/airflow/example_dags/example_kubernetes_executor.py
[2026-06-04T06:49:48.883+0000] {logging_mixin.py:188} INFO - [2026-06-04T06:49:48.883+0000] {dag.py:3033} INFO - Sync 1 DAGs
[2026-06-04T06:49:48.887+0000] {logging_mixin.py:188} INFO - [2026-06-04T06:49:48.887+0000] {dag.py:3820} INFO - Setting next_dagrun for example_kubernetes_executor to None, run_after=None
[2026-06-04T06:49:48.895+0000] {processor.py:183} INFO - Processing /home/airflow/.local/lib/python3.8/site-packages/airflow/example_dags/example_kubernetes_executor.py took 0.058 seconds
[2026-06-04T06:50:19.011+0000] {processor.py:161} INFO - Started process (PID=1562) to work on /home/airflow/.local/lib/python3.8/site-packages/airflow/example_dags/example_kubernetes_executor.py
[2026-06-04T06:50:19.014+0000] {processor.py:830} INFO - Processing file /home/airflow/.local/lib/python3.8/site-packages/airflow/example_dags/example_kubernetes_executor.py for tasks to queue
[2026-06-04T06:50:19.016+0000] {logging_mixin.py:188} INFO - [2026-06-04T06:50:19.016+0000] {dagbag.py:538} INFO - Filling up the DagBag from /home/airflow/.local/lib/python3.8/site-packages/airflow/example_dags/example_kubernetes_executor.py
[2026-06-04T06:50:19.030+0000] {processor.py:840} INFO - DAG(s) 'example_kubernetes_executor' retrieved from /home/airflow/.local/lib/python3.8/site-packages/airflow/example_dags/example_kubernetes_executor.py
[2026-06-04T06:50:19.057+0000] {logging_mixin.py:188} INFO - [2026-06-04T06:50:19.057+0000] {dag.py:3033} INFO - Sync 1 DAGs
[2026-06-04T06:50:19.067+0000] {logging_mixin.py:188} INFO - [2026-06-04T06:50:19.067+0000] {dag.py:3820} INFO - Setting next_dagrun for example_kubernetes_executor to None, run_after=None
[2026-06-04T06:50:19.073+0000] {processor.py:183} INFO - Processing /home/airflow/.local/lib/python3.8/site-packages/airflow/example_dags/example_kubernetes_executor.py took 0.066 seconds
[2026-06-04T06:50:49.131+0000] {processor.py:161} INFO - Started process (PID=1618) to work on /home/airflow/.local/lib/python3.8/site-packages/airflow/example_dags/example_kubernetes_executor.py
[2026-06-04T06:50:49.133+0000] {processor.py:830} INFO - Processing file /home/airflow/.local/lib/python3.8/site-packages/airflow/example_dags/example_kubernetes_executor.py for tasks to queue
[2026-06-04T06:50:49.136+0000] {logging_mixin.py:188} INFO - [2026-06-04T06:50:49.135+0000] {dagbag.py:538} INFO - Filling up the DagBag from /home/airflow/.local/lib/python3.8/site-packages/airflow/example_dags/example_kubernetes_executor.py
[2026-06-04T06:50:49.156+0000] {processor.py:840} INFO - DAG(s) 'example_kubernetes_executor' retrieved from /home/airflow/.local/lib/python3.8/site-packages/airflow/example_dags/example_kubernetes_executor.py
[2026-06-04T06:50:49.181+0000] {logging_mixin.py:188} INFO - [2026-06-04T06:50:49.181+0000] {dag.py:3033} INFO - Sync 1 DAGs
[2026-06-04T06:50:49.190+0000] {logging_mixin.py:188} INFO - [2026-06-04T06:50:49.190+0000] {dag.py:3820} INFO - Setting next_dagrun for example_kubernetes_executor to None, run_after=None
[2026-06-04T06:50:49.196+0000] {processor.py:183} INFO - Processing /home/airflow/.local/lib/python3.8/site-packages/airflow/example_dags/example_kubernetes_executor.py took 0.070 seconds
[2026-06-04T06:51:19.241+0000] {processor.py:161} INFO - Started process (PID=1674) to work on /home/airflow/.local/lib/python3.8/site-packages/airflow/example_dags/example_kubernetes_executor.py
[2026-06-04T06:51:19.243+0000] {processor.py:830} INFO - Processing file /home/airflow/.local/lib/python3.8/site-packages/airflow/example_dags/example_kubernetes_executor.py for tasks to queue
[2026-06-04T06:51:19.244+0000] {logging_mixin.py:188} INFO - [2026-06-04T06:51:19.244+0000] {dagbag.py:538} INFO - Filling up the DagBag from /home/airflow/.local/lib/python3.8/site-packages/airflow/example_dags/example_kubernetes_executor.py
[2026-06-04T06:51:19.258+0000] {processor.py:840} INFO - DAG(s) 'example_kubernetes_executor' retrieved from /home/airflow/.local/lib/python3.8/site-packages/airflow/example_dags/example_kubernetes_executor.py
[2026-06-04T06:51:19.284+0000] {logging_mixin.py:188} INFO - [2026-06-04T06:51:19.284+0000] {dag.py:3033} INFO - Sync 1 DAGs
[2026-06-04T06:51:19.293+0000] {logging_mixin.py:188} INFO - [2026-06-04T06:51:19.293+0000] {dag.py:3820} INFO - Setting next_dagrun for example_kubernetes_executor to None, run_after=None
[2026-06-04T06:51:19.299+0000] {processor.py:183} INFO - Processing /home/airflow/.local/lib/python3.8/site-packages/airflow/example_dags/example_kubernetes_executor.py took 0.061 seconds
[2026-06-04T06:51:49.986+0000] {processor.py:161} INFO - Started process (PID=1730) to work on /home/airflow/.local/lib/python3.8/site-packages/airflow/example_dags/example_kubernetes_executor.py
[2026-06-04T06:51:49.988+0000] {processor.py:830} INFO - Processing file /home/airflow/.local/lib/python3.8/site-packages/airflow/example_dags/example_kubernetes_executor.py for tasks to queue
[2026-06-04T06:51:49.990+0000] {logging_mixin.py:188} INFO - [2026-06-04T06:51:49.989+0000] {dagbag.py:538} INFO - Filling up the DagBag from /home/airflow/.local/lib/python3.8/site-packages/airflow/example_dags/example_kubernetes_executor.py
[2026-06-04T06:51:50.004+0000] {processor.py:840} INFO - DAG(s) 'example_kubernetes_executor' retrieved from /home/airflow/.local/lib/python3.8/site-packages/airflow/example_dags/example_kubernetes_executor.py
[2026-06-04T06:51:50.031+0000] {logging_mixin.py:188} INFO - [2026-06-04T06:51:50.031+0000] {dag.py:3033} INFO - Sync 1 DAGs
[2026-06-04T06:51:50.038+0000] {logging_mixin.py:188} INFO - [2026-06-04T06:51:50.038+0000] {dag.py:3820} INFO - Setting next_dagrun for example_kubernetes_executor to None, run_after=None
[2026-06-04T06:51:50.044+0000] {processor.py:183} INFO - Processing /home/airflow/.local/lib/python3.8/site-packages/airflow/example_dags/example_kubernetes_executor.py took 0.062 seconds
[2026-06-04T06:52:20.222+0000] {processor.py:161} INFO - Started process (PID=1786) to work on /home/airflow/.local/lib/python3.8/site-packages/airflow/example_dags/example_kubernetes_executor.py
[2026-06-04T06:52:20.224+0000] {processor.py:830} INFO - Processing file /home/airflow/.local/lib/python3.8/site-packages/airflow/example_dags/example_kubernetes_executor.py for tasks to queue
[2026-06-04T06:52:20.227+0000] {logging_mixin.py:188} INFO - [2026-06-04T06:52:20.227+0000] {dagbag.py:538} INFO - Filling up the DagBag from /home/airflow/.local/lib/python3.8/site-packages/airflow/example_dags/example_kubernetes_executor.py
[2026-06-04T06:52:20.244+0000] {processor.py:840} INFO - DAG(s) 'example_kubernetes_executor' retrieved from /home/airflow/.local/lib/python3.8/site-packages/airflow/example_dags/example_kubernetes_executor.py
[2026-06-04T06:52:20.273+0000] {logging_mixin.py:188} INFO - [2026-06-04T06:52:20.273+0000] {dag.py:3033} INFO - Sync 1 DAGs
[2026-06-04T06:52:20.280+0000] {logging_mixin.py:188} INFO - [2026-06-04T06:52:20.279+0000] {dag.py:3820} INFO - Setting next_dagrun for example_kubernetes_executor to None, run_after=None
[2026-06-04T06:52:20.294+0000] {processor.py:183} INFO - Processing /home/airflow/.local/lib/python3.8/site-packages/airflow/example_dags/example_kubernetes_executor.py took 0.078 seconds
[2026-06-04T06:52:50.358+0000] {processor.py:161} INFO - Started process (PID=1842) to work on /home/airflow/.local/lib/python3.8/site-packages/airflow/example_dags/example_kubernetes_executor.py
[2026-06-04T06:52:50.359+0000] {processor.py:830} INFO - Processing file /home/airflow/.local/lib/python3.8/site-packages/airflow/example_dags/example_kubernetes_executor.py for tasks to queue
[2026-06-04T06:52:50.361+0000] {logging_mixin.py:188} INFO - [2026-06-04T06:52:50.360+0000] {dagbag.py:538} INFO - Filling up the DagBag from /home/airflow/.local/lib/python3.8/site-packages/airflow/example_dags/example_kubernetes_executor.py
[2026-06-04T06:52:50.389+0000] {processor.py:840} INFO - DAG(s) 'example_kubernetes_executor' retrieved from /home/airflow/.local/lib/python3.8/site-packages/airflow/example_dags/example_kubernetes_executor.py
[2026-06-04T06:52:50.420+0000] {logging_mixin.py:188} INFO - [2026-06-04T06:52:50.420+0000] {dag.py:3033} INFO - Sync 1 DAGs
[2026-06-04T06:52:50.426+0000] {logging_mixin.py:188} INFO - [2026-06-04T06:52:50.426+0000] {dag.py:3820} INFO - Setting next_dagrun for example_kubernetes_executor to None, run_after=None
[2026-06-04T06:52:50.433+0000] {processor.py:183} INFO - Processing /home/airflow/.local/lib/python3.8/site-packages/airflow/example_dags/example_kubernetes_executor.py took 0.079 seconds
[2026-06-04T06:53:21.417+0000] {processor.py:161} INFO - Started process (PID=1898) to work on /home/airflow/.local/lib/python3.8/site-packages/airflow/example_dags/example_kubernetes_executor.py
[2026-06-04T06:53:21.421+0000] {processor.py:830} INFO - Processing file /home/airflow/.local/lib/python3.8/site-packages/airflow/example_dags/example_kubernetes_executor.py for tasks to queue
[2026-06-04T06:53:21.425+0000] {logging_mixin.py:188} INFO - [2026-06-04T06:53:21.424+0000] {dagbag.py:538} INFO - Filling up the DagBag from /home/airflow/.local/lib/python3.8/site-packages/airflow/example_dags/example_kubernetes_executor.py
[2026-06-04T06:53:21.452+0000] {processor.py:840} INFO - DAG(s) 'example_kubernetes_executor' retrieved from /home/airflow/.local/lib/python3.8/site-packages/airflow/example_dags/example_kubernetes_executor.py
[2026-06-04T06:53:21.499+0000] {logging_mixin.py:188} INFO - [2026-06-04T06:53:21.497+0000] {dag.py:3033} INFO - Sync 1 DAGs
[2026-06-04T06:53:21.507+0000] {logging_mixin.py:188} INFO - [2026-06-04T06:53:21.507+0000] {dag.py:3820} INFO - Setting next_dagrun for example_kubernetes_executor to None, run_after=None
[2026-06-04T06:53:21.518+0000] {processor.py:183} INFO - Processing /home/airflow/.local/lib/python3.8/site-packages/airflow/example_dags/example_kubernetes_executor.py took 0.114 seconds
[2026-06-04T06:53:51.836+0000] {processor.py:161} INFO - Started process (PID=1954) to work on /home/airflow/.local/lib/python3.8/site-packages/airflow/example_dags/example_kubernetes_executor.py
[2026-06-04T06:53:51.838+0000] {processor.py:830} INFO - Processing file /home/airflow/.local/lib/python3.8/site-packages/airflow/example_dags/example_kubernetes_executor.py for tasks to queue
[2026-06-04T06:53:51.841+0000] {logging_mixin.py:188} INFO - [2026-06-04T06:53:51.841+0000] {dagbag.py:538} INFO - Filling up the DagBag from /home/airflow/.local/lib/python3.8/site-packages/airflow/example_dags/example_kubernetes_executor.py
[2026-06-04T06:53:51.854+0000] {processor.py:840} INFO - DAG(s) 'example_kubernetes_executor' retrieved from /home/airflow/.local/lib/python3.8/site-packages/airflow/example_dags/example_kubernetes_executor.py
[2026-06-04T06:53:51.884+0000] {logging_mixin.py:188} INFO - [2026-06-04T06:53:51.884+0000] {dag.py:3033} INFO - Sync 1 DAGs
[2026-06-04T06:53:51.889+0000] {logging_mixin.py:188} INFO - [2026-06-04T06:53:51.889+0000] {dag.py:3820} INFO - Setting next_dagrun for example_kubernetes_executor to None, run_after=None
[2026-06-04T06:53:51.895+0000] {processor.py:183} INFO - Processing /home/airflow/.local/lib/python3.8/site-packages/airflow/example_dags/example_kubernetes_executor.py took 0.065 seconds
[2026-06-04T06:54:22.668+0000] {processor.py:161} INFO - Started process (PID=2010) to work on /home/airflow/.local/lib/python3.8/site-packages/airflow/example_dags/example_kubernetes_executor.py
[2026-06-04T06:54:22.671+0000] {processor.py:830} INFO - Processing file /home/airflow/.local/lib/python3.8/site-packages/airflow/example_dags/example_kubernetes_executor.py for tasks to queue
[2026-06-04T06:54:22.680+0000] {logging_mixin.py:188} INFO - [2026-06-04T06:54:22.679+0000] {dagbag.py:538} INFO - Filling up the DagBag from /home/airflow/.local/lib/python3.8/site-packages/airflow/example_dags/example_kubernetes_executor.py
[2026-06-04T06:54:22.696+0000] {processor.py:840} INFO - DAG(s) 'example_kubernetes_executor' retrieved from /home/airflow/.local/lib/python3.8/site-packages/airflow/example_dags/example_kubernetes_executor.py
[2026-06-04T06:54:22.843+0000] {logging_mixin.py:188} INFO - [2026-06-04T06:54:22.843+0000] {dag.py:3033} INFO - Sync 1 DAGs
[2026-06-04T06:54:22.851+0000] {logging_mixin.py:188} INFO - [2026-06-04T06:54:22.851+0000] {dag.py:3820} INFO - Setting next_dagrun for example_kubernetes_executor to None, run_after=None
[2026-06-04T06:54:22.862+0000] {processor.py:183} INFO - Processing /home/airflow/.local/lib/python3.8/site-packages/airflow/example_dags/example_kubernetes_executor.py took 0.206 seconds
[2026-06-04T06:54:53.378+0000] {processor.py:161} INFO - Started process (PID=2066) to work on /home/airflow/.local/lib/python3.8/site-packages/airflow/example_dags/example_kubernetes_executor.py
[2026-06-04T06:54:53.379+0000] {processor.py:830} INFO - Processing file /home/airflow/.local/lib/python3.8/site-packages/airflow/example_dags/example_kubernetes_executor.py for tasks to queue
[2026-06-04T06:54:53.382+0000] {logging_mixin.py:188} INFO - [2026-06-04T06:54:53.381+0000] {dagbag.py:538} INFO - Filling up the DagBag from /home/airflow/.local/lib/python3.8/site-packages/airflow/example_dags/example_kubernetes_executor.py
[2026-06-04T06:54:53.393+0000] {processor.py:840} INFO - DAG(s) 'example_kubernetes_executor' retrieved from /home/airflow/.local/lib/python3.8/site-packages/airflow/example_dags/example_kubernetes_executor.py
[2026-06-04T06:54:53.417+0000] {logging_mixin.py:188} INFO - [2026-06-04T06:54:53.417+0000] {dag.py:3033} INFO - Sync 1 DAGs
[2026-06-04T06:54:53.529+0000] {logging_mixin.py:188} INFO - [2026-06-04T06:54:53.529+0000] {dag.py:3820} INFO - Setting next_dagrun for example_kubernetes_executor to None, run_after=None
[2026-06-04T06:54:53.541+0000] {processor.py:183} INFO - Processing /home/airflow/.local/lib/python3.8/site-packages/airflow/example_dags/example_kubernetes_executor.py took 0.168 seconds
[2026-06-04T06:55:23.989+0000] {processor.py:161} INFO - Started process (PID=2122) to work on /home/airflow/.local/lib/python3.8/site-packages/airflow/example_dags/example_kubernetes_executor.py
[2026-06-04T06:55:23.991+0000] {processor.py:830} INFO - Processing file /home/airflow/.local/lib/python3.8/site-packages/airflow/example_dags/example_kubernetes_executor.py for tasks to queue
[2026-06-04T06:55:23.993+0000] {logging_mixin.py:188} INFO - [2026-06-04T06:55:23.992+0000] {dagbag.py:538} INFO - Filling up the DagBag from /home/airflow/.local/lib/python3.8/site-packages/airflow/example_dags/example_kubernetes_executor.py
[2026-06-04T06:55:24.005+0000] {processor.py:840} INFO - DAG(s) 'example_kubernetes_executor' retrieved from /home/airflow/.local/lib/python3.8/site-packages/airflow/example_dags/example_kubernetes_executor.py
[2026-06-04T06:55:24.031+0000] {logging_mixin.py:188} INFO - [2026-06-04T06:55:24.031+0000] {dag.py:3033} INFO - Sync 1 DAGs
[2026-06-04T06:55:24.040+0000] {logging_mixin.py:188} INFO - [2026-06-04T06:55:24.040+0000] {dag.py:3820} INFO - Setting next_dagrun for example_kubernetes_executor to None, run_after=None
[2026-06-04T06:55:24.047+0000] {processor.py:183} INFO - Processing /home/airflow/.local/lib/python3.8/site-packages/airflow/example_dags/example_kubernetes_executor.py took 0.062 seconds
[2026-06-04T06:55:54.966+0000] {processor.py:161} INFO - Started process (PID=2178) to work on /home/airflow/.local/lib/python3.8/site-packages/airflow/example_dags/example_kubernetes_executor.py
[2026-06-04T06:55:54.969+0000] {processor.py:830} INFO - Processing file /home/airflow/.local/lib/python3.8/site-packages/airflow/example_dags/example_kubernetes_executor.py for tasks to queue
[2026-06-04T06:55:54.977+0000] {logging_mixin.py:188} INFO - [2026-06-04T06:55:54.977+0000] {dagbag.py:538} INFO - Filling up the DagBag from /home/airflow/.local/lib/python3.8/site-packages/airflow/example_dags/example_kubernetes_executor.py
[2026-06-04T06:55:54.992+0000] {processor.py:840} INFO - DAG(s) 'example_kubernetes_executor' retrieved from /home/airflow/.local/lib/python3.8/site-packages/airflow/example_dags/example_kubernetes_executor.py
[2026-06-04T06:55:55.035+0000] {logging_mixin.py:188} INFO - [2026-06-04T06:55:55.034+0000] {dag.py:3033} INFO - Sync 1 DAGs
[2026-06-04T06:55:55.046+0000] {logging_mixin.py:188} INFO - [2026-06-04T06:55:55.046+0000] {dag.py:3820} INFO - Setting next_dagrun for example_kubernetes_executor to None, run_after=None
[2026-06-04T06:55:55.059+0000] {processor.py:183} INFO - Processing /home/airflow/.local/lib/python3.8/site-packages/airflow/example_dags/example_kubernetes_executor.py took 0.103 seconds
[2026-06-04T06:56:25.699+0000] {processor.py:161} INFO - Started process (PID=2235) to work on /home/airflow/.local/lib/python3.8/site-packages/airflow/example_dags/example_kubernetes_executor.py
[2026-06-04T06:56:25.702+0000] {processor.py:830} INFO - Processing file /home/airflow/.local/lib/python3.8/site-packages/airflow/example_dags/example_kubernetes_executor.py for tasks to queue
[2026-06-04T06:56:25.705+0000] {logging_mixin.py:188} INFO - [2026-06-04T06:56:25.704+0000] {dagbag.py:538} INFO - Filling up the DagBag from /home/airflow/.local/lib/python3.8/site-packages/airflow/example_dags/example_kubernetes_executor.py
[2026-06-04T06:56:25.723+0000] {processor.py:840} INFO - DAG(s) 'example_kubernetes_executor' retrieved from /home/airflow/.local/lib/python3.8/site-packages/airflow/example_dags/example_kubernetes_executor.py
[2026-06-04T06:56:26.001+0000] {logging_mixin.py:188} INFO - [2026-06-04T06:56:26.001+0000] {dag.py:3033} INFO - Sync 1 DAGs
[2026-06-04T06:56:26.005+0000] {logging_mixin.py:188} INFO - [2026-06-04T06:56:26.005+0000] {dag.py:3820} INFO - Setting next_dagrun for example_kubernetes_executor to None, run_after=None
[2026-06-04T06:56:26.014+0000] {processor.py:183} INFO - Processing /home/airflow/.local/lib/python3.8/site-packages/airflow/example_dags/example_kubernetes_executor.py took 0.321 seconds
[2026-06-04T06:56:56.871+0000] {processor.py:161} INFO - Started process (PID=2291) to work on /home/airflow/.local/lib/python3.8/site-packages/airflow/example_dags/example_kubernetes_executor.py
[2026-06-04T06:56:56.873+0000] {processor.py:830} INFO - Processing file /home/airflow/.local/lib/python3.8/site-packages/airflow/example_dags/example_kubernetes_executor.py for tasks to queue
[2026-06-04T06:56:56.876+0000] {logging_mixin.py:188} INFO - [2026-06-04T06:56:56.876+0000] {dagbag.py:538} INFO - Filling up the DagBag from /home/airflow/.local/lib/python3.8/site-packages/airflow/example_dags/example_kubernetes_executor.py
[2026-06-04T06:56:56.902+0000] {processor.py:840} INFO - DAG(s) 'example_kubernetes_executor' retrieved from /home/airflow/.local/lib/python3.8/site-packages/airflow/example_dags/example_kubernetes_executor.py
[2026-06-04T06:56:56.954+0000] {logging_mixin.py:188} INFO - [2026-06-04T06:56:56.953+0000] {dag.py:3033} INFO - Sync 1 DAGs
[2026-06-04T06:56:56.962+0000] {logging_mixin.py:188} INFO - [2026-06-04T06:56:56.962+0000] {dag.py:3820} INFO - Setting next_dagrun for example_kubernetes_executor to None, run_after=None
[2026-06-04T06:56:56.974+0000] {processor.py:183} INFO - Processing /home/airflow/.local/lib/python3.8/site-packages/airflow/example_dags/example_kubernetes_executor.py took 0.110 seconds
[2026-06-04T06:57:27.762+0000] {processor.py:161} INFO - Started process (PID=2347) to work on /home/airflow/.local/lib/python3.8/site-packages/airflow/example_dags/example_kubernetes_executor.py
[2026-06-04T06:57:27.765+0000] {processor.py:830} INFO - Processing file /home/airflow/.local/lib/python3.8/site-packages/airflow/example_dags/example_kubernetes_executor.py for tasks to queue
[2026-06-04T06:57:27.774+0000] {logging_mixin.py:188} INFO - [2026-06-04T06:57:27.774+0000] {dagbag.py:538} INFO - Filling up the DagBag from /home/airflow/.local/lib/python3.8/site-packages/airflow/example_dags/example_kubernetes_executor.py
[2026-06-04T06:57:27.847+0000] {processor.py:840} INFO - DAG(s) 'example_kubernetes_executor' retrieved from /home/airflow/.local/lib/python3.8/site-packages/airflow/example_dags/example_kubernetes_executor.py
[2026-06-04T06:57:27.918+0000] {logging_mixin.py:188} INFO - [2026-06-04T06:57:27.917+0000] {dag.py:3033} INFO - Sync 1 DAGs
[2026-06-04T06:57:27.928+0000] {logging_mixin.py:188} INFO - [2026-06-04T06:57:27.928+0000] {dag.py:3820} INFO - Setting next_dagrun for example_kubernetes_executor to None, run_after=None
[2026-06-04T06:57:27.943+0000] {processor.py:183} INFO - Processing /home/airflow/.local/lib/python3.8/site-packages/airflow/example_dags/example_kubernetes_executor.py took 0.200 seconds
[2026-06-04T06:57:57.994+0000] {processor.py:161} INFO - Started process (PID=2403) to work on /home/airflow/.local/lib/python3.8/site-packages/airflow/example_dags/example_kubernetes_executor.py
[2026-06-04T06:57:57.996+0000] {processor.py:830} INFO - Processing file /home/airflow/.local/lib/python3.8/site-packages/airflow/example_dags/example_kubernetes_executor.py for tasks to queue
[2026-06-04T06:57:57.998+0000] {logging_mixin.py:188} INFO - [2026-06-04T06:57:57.998+0000] {dagbag.py:538} INFO - Filling up the DagBag from /home/airflow/.local/lib/python3.8/site-packages/airflow/example_dags/example_kubernetes_executor.py
[2026-06-04T06:57:58.018+0000] {processor.py:840} INFO - DAG(s) 'example_kubernetes_executor' retrieved from /home/airflow/.local/lib/python3.8/site-packages/airflow/example_dags/example_kubernetes_executor.py
[2026-06-04T06:57:58.057+0000] {logging_mixin.py:188} INFO - [2026-06-04T06:57:58.057+0000] {dag.py:3033} INFO - Sync 1 DAGs
[2026-06-04T06:57:58.067+0000] {logging_mixin.py:188} INFO - [2026-06-04T06:57:58.067+0000] {dag.py:3820} INFO - Setting next_dagrun for example_kubernetes_executor to None, run_after=None
[2026-06-04T06:57:58.090+0000] {processor.py:183} INFO - Processing /home/airflow/.local/lib/python3.8/site-packages/airflow/example_dags/example_kubernetes_executor.py took 0.099 seconds
[2026-06-04T06:58:28.515+0000] {processor.py:161} INFO - Started process (PID=2459) to work on /home/airflow/.local/lib/python3.8/site-packages/airflow/example_dags/example_kubernetes_executor.py
[2026-06-04T06:58:28.517+0000] {processor.py:830} INFO - Processing file /home/airflow/.local/lib/python3.8/site-packages/airflow/example_dags/example_kubernetes_executor.py for tasks to queue
[2026-06-04T06:58:28.529+0000] {logging_mixin.py:188} INFO - [2026-06-04T06:58:28.528+0000] {dagbag.py:538} INFO - Filling up the DagBag from /home/airflow/.local/lib/python3.8/site-packages/airflow/example_dags/example_kubernetes_executor.py
[2026-06-04T06:58:28.556+0000] {processor.py:840} INFO - DAG(s) 'example_kubernetes_executor' retrieved from /home/airflow/.local/lib/python3.8/site-packages/airflow/example_dags/example_kubernetes_executor.py
[2026-06-04T06:58:28.623+0000] {logging_mixin.py:188} INFO - [2026-06-04T06:58:28.623+0000] {dag.py:3033} INFO - Sync 1 DAGs
[2026-06-04T06:58:28.636+0000] {logging_mixin.py:188} INFO - [2026-06-04T06:58:28.636+0000] {dag.py:3820} INFO - Setting next_dagrun for example_kubernetes_executor to None, run_after=None
[2026-06-04T06:58:28.663+0000] {processor.py:183} INFO - Processing /home/airflow/.local/lib/python3.8/site-packages/airflow/example_dags/example_kubernetes_executor.py took 0.157 seconds
[2026-06-04T06:58:58.970+0000] {processor.py:161} INFO - Started process (PID=2515) to work on /home/airflow/.local/lib/python3.8/site-packages/airflow/example_dags/example_kubernetes_executor.py
[2026-06-04T06:58:58.974+0000] {processor.py:830} INFO - Processing file /home/airflow/.local/lib/python3.8/site-packages/airflow/example_dags/example_kubernetes_executor.py for tasks to queue
[2026-06-04T06:58:58.982+0000] {logging_mixin.py:188} INFO - [2026-06-04T06:58:58.982+0000] {dagbag.py:538} INFO - Filling up the DagBag from /home/airflow/.local/lib/python3.8/site-packages/airflow/example_dags/example_kubernetes_executor.py
[2026-06-04T06:58:59.002+0000] {processor.py:840} INFO - DAG(s) 'example_kubernetes_executor' retrieved from /home/airflow/.local/lib/python3.8/site-packages/airflow/example_dags/example_kubernetes_executor.py
[2026-06-04T06:58:59.048+0000] {logging_mixin.py:188} INFO - [2026-06-04T06:58:59.048+0000] {dag.py:3033} INFO - Sync 1 DAGs
[2026-06-04T06:58:59.055+0000] {logging_mixin.py:188} INFO - [2026-06-04T06:58:59.055+0000] {dag.py:3820} INFO - Setting next_dagrun for example_kubernetes_executor to None, run_after=None
[2026-06-04T06:58:59.068+0000] {processor.py:183} INFO - Processing /home/airflow/.local/lib/python3.8/site-packages/airflow/example_dags/example_kubernetes_executor.py took 0.103 seconds
[2026-06-04T06:59:29.912+0000] {processor.py:161} INFO - Started process (PID=2571) to work on /home/airflow/.local/lib/python3.8/site-packages/airflow/example_dags/example_kubernetes_executor.py
[2026-06-04T06:59:29.913+0000] {processor.py:830} INFO - Processing file /home/airflow/.local/lib/python3.8/site-packages/airflow/example_dags/example_kubernetes_executor.py for tasks to queue
[2026-06-04T06:59:29.918+0000] {logging_mixin.py:188} INFO - [2026-06-04T06:59:29.918+0000] {dagbag.py:538} INFO - Filling up the DagBag from /home/airflow/.local/lib/python3.8/site-packages/airflow/example_dags/example_kubernetes_executor.py
[2026-06-04T06:59:29.953+0000] {processor.py:840} INFO - DAG(s) 'example_kubernetes_executor' retrieved from /home/airflow/.local/lib/python3.8/site-packages/airflow/example_dags/example_kubernetes_executor.py
[2026-06-04T06:59:30.006+0000] {logging_mixin.py:188} INFO - [2026-06-04T06:59:30.006+0000] {dag.py:3033} INFO - Sync 1 DAGs
[2026-06-04T06:59:30.024+0000] {logging_mixin.py:188} INFO - [2026-06-04T06:59:30.024+0000] {dag.py:3820} INFO - Setting next_dagrun for example_kubernetes_executor to None, run_after=None
[2026-06-04T06:59:30.037+0000] {processor.py:183} INFO - Processing /home/airflow/.local/lib/python3.8/site-packages/airflow/example_dags/example_kubernetes_executor.py took 0.143 seconds
[2026-06-04T07:00:00.924+0000] {processor.py:161} INFO - Started process (PID=2627) to work on /home/airflow/.local/lib/python3.8/site-packages/airflow/example_dags/example_kubernetes_executor.py
[2026-06-04T07:00:00.928+0000] {processor.py:830} INFO - Processing file /home/airflow/.local/lib/python3.8/site-packages/airflow/example_dags/example_kubernetes_executor.py for tasks to queue
[2026-06-04T07:00:00.936+0000] {logging_mixin.py:188} INFO - [2026-06-04T07:00:00.935+0000] {dagbag.py:538} INFO - Filling up the DagBag from /home/airflow/.local/lib/python3.8/site-packages/airflow/example_dags/example_kubernetes_executor.py
[2026-06-04T07:00:00.964+0000] {processor.py:840} INFO - DAG(s) 'example_kubernetes_executor' retrieved from /home/airflow/.local/lib/python3.8/site-packages/airflow/example_dags/example_kubernetes_executor.py
[2026-06-04T07:00:01.037+0000] {logging_mixin.py:188} INFO - [2026-06-04T07:00:01.036+0000] {dag.py:3033} INFO - Sync 1 DAGs
[2026-06-04T07:00:01.048+0000] {logging_mixin.py:188} INFO - [2026-06-04T07:00:01.047+0000] {dag.py:3820} INFO - Setting next_dagrun for example_kubernetes_executor to None, run_after=None
[2026-06-04T07:00:01.060+0000] {processor.py:183} INFO - Processing /home/airflow/.local/lib/python3.8/site-packages/airflow/example_dags/example_kubernetes_executor.py took 0.143 seconds
[2026-06-04T07:00:31.553+0000] {processor.py:161} INFO - Started process (PID=2683) to work on /home/airflow/.local/lib/python3.8/site-packages/airflow/example_dags/example_kubernetes_executor.py
[2026-06-04T07:00:31.558+0000] {processor.py:830} INFO - Processing file /home/airflow/.local/lib/python3.8/site-packages/airflow/example_dags/example_kubernetes_executor.py for tasks to queue
[2026-06-04T07:00:31.571+0000] {logging_mixin.py:188} INFO - [2026-06-04T07:00:31.570+0000] {dagbag.py:538} INFO - Filling up the DagBag from /home/airflow/.local/lib/python3.8/site-packages/airflow/example_dags/example_kubernetes_executor.py
[2026-06-04T07:00:31.603+0000] {processor.py:840} INFO - DAG(s) 'example_kubernetes_executor' retrieved from /home/airflow/.local/lib/python3.8/site-packages/airflow/example_dags/example_kubernetes_executor.py
[2026-06-04T07:00:31.680+0000] {logging_mixin.py:188} INFO - [2026-06-04T07:00:31.679+0000] {dag.py:3033} INFO - Sync 1 DAGs
[2026-06-04T07:00:31.708+0000] {logging_mixin.py:188} INFO - [2026-06-04T07:00:31.707+0000] {dag.py:3820} INFO - Setting next_dagrun for example_kubernetes_executor to None, run_after=None
[2026-06-04T07:00:31.750+0000] {processor.py:183} INFO - Processing /home/airflow/.local/lib/python3.8/site-packages/airflow/example_dags/example_kubernetes_executor.py took 0.212 seconds
[2026-06-04T07:01:02.442+0000] {processor.py:161} INFO - Started process (PID=2739) to work on /home/airflow/.local/lib/python3.8/site-packages/airflow/example_dags/example_kubernetes_executor.py
[2026-06-04T07:01:02.445+0000] {processor.py:830} INFO - Processing file /home/airflow/.local/lib/python3.8/site-packages/airflow/example_dags/example_kubernetes_executor.py for tasks to queue
[2026-06-04T07:01:02.450+0000] {logging_mixin.py:188} INFO - [2026-06-04T07:01:02.449+0000] {dagbag.py:538} INFO - Filling up the DagBag from /home/airflow/.local/lib/python3.8/site-packages/airflow/example_dags/example_kubernetes_executor.py
[2026-06-04T07:01:02.492+0000] {processor.py:840} INFO - DAG(s) 'example_kubernetes_executor' retrieved from /home/airflow/.local/lib/python3.8/site-packages/airflow/example_dags/example_kubernetes_executor.py
[2026-06-04T07:01:02.536+0000] {logging_mixin.py:188} INFO - [2026-06-04T07:01:02.536+0000] {dag.py:3033} INFO - Sync 1 DAGs
[2026-06-04T07:01:02.560+0000] {logging_mixin.py:188} INFO - [2026-06-04T07:01:02.560+0000] {dag.py:3820} INFO - Setting next_dagrun for example_kubernetes_executor to None, run_after=None
[2026-06-04T07:01:02.576+0000] {processor.py:183} INFO - Processing /home/airflow/.local/lib/python3.8/site-packages/airflow/example_dags/example_kubernetes_executor.py took 0.158 seconds
[2026-06-04T07:01:33.615+0000] {processor.py:161} INFO - Started process (PID=2795) to work on /home/airflow/.local/lib/python3.8/site-packages/airflow/example_dags/example_kubernetes_executor.py
[2026-06-04T07:01:33.617+0000] {processor.py:830} INFO - Processing file /home/airflow/.local/lib/python3.8/site-packages/airflow/example_dags/example_kubernetes_executor.py for tasks to queue
[2026-06-04T07:01:33.622+0000] {logging_mixin.py:188} INFO - [2026-06-04T07:01:33.622+0000] {dagbag.py:538} INFO - Filling up the DagBag from /home/airflow/.local/lib/python3.8/site-packages/airflow/example_dags/example_kubernetes_executor.py
[2026-06-04T07:01:33.654+0000] {processor.py:840} INFO - DAG(s) 'example_kubernetes_executor' retrieved from /home/airflow/.local/lib/python3.8/site-packages/airflow/example_dags/example_kubernetes_executor.py
[2026-06-04T07:01:33.699+0000] {logging_mixin.py:188} INFO - [2026-06-04T07:01:33.699+0000] {dag.py:3033} INFO - Sync 1 DAGs
[2026-06-04T07:01:33.706+0000] {logging_mixin.py:188} INFO - [2026-06-04T07:01:33.706+0000] {dag.py:3820} INFO - Setting next_dagrun for example_kubernetes_executor to None, run_after=None
[2026-06-04T07:01:33.716+0000] {processor.py:183} INFO - Processing /home/airflow/.local/lib/python3.8/site-packages/airflow/example_dags/example_kubernetes_executor.py took 0.109 seconds
[2026-06-04T07:02:03.915+0000] {processor.py:161} INFO - Started process (PID=2851) to work on /home/airflow/.local/lib/python3.8/site-packages/airflow/example_dags/example_kubernetes_executor.py
[2026-06-04T07:02:03.917+0000] {processor.py:830} INFO - Processing file /home/airflow/.local/lib/python3.8/site-packages/airflow/example_dags/example_kubernetes_executor.py for tasks to queue
[2026-06-04T07:02:03.922+0000] {logging_mixin.py:188} INFO - [2026-06-04T07:02:03.922+0000] {dagbag.py:538} INFO - Filling up the DagBag from /home/airflow/.local/lib/python3.8/site-packages/airflow/example_dags/example_kubernetes_executor.py
[2026-06-04T07:02:03.958+0000] {processor.py:840} INFO - DAG(s) 'example_kubernetes_executor' retrieved from /home/airflow/.local/lib/python3.8/site-packages/airflow/example_dags/example_kubernetes_executor.py
[2026-06-04T07:02:04.010+0000] {logging_mixin.py:188} INFO - [2026-06-04T07:02:04.010+0000] {dag.py:3033} INFO - Sync 1 DAGs
[2026-06-04T07:02:04.023+0000] {logging_mixin.py:188} INFO - [2026-06-04T07:02:04.023+0000] {dag.py:3820} INFO - Setting next_dagrun for example_kubernetes_executor to None, run_after=None
[2026-06-04T07:02:04.033+0000] {processor.py:183} INFO - Processing /home/airflow/.local/lib/python3.8/site-packages/airflow/example_dags/example_kubernetes_executor.py took 0.126 seconds
[2026-06-04T07:02:34.143+0000] {processor.py:161} INFO - Started process (PID=2907) to work on /home/airflow/.local/lib/python3.8/site-packages/airflow/example_dags/example_kubernetes_executor.py
[2026-06-04T07:02:34.145+0000] {processor.py:830} INFO - Processing file /home/airflow/.local/lib/python3.8/site-packages/airflow/example_dags/example_kubernetes_executor.py for tasks to queue
[2026-06-04T07:02:34.149+0000] {logging_mixin.py:188} INFO - [2026-06-04T07:02:34.149+0000] {dagbag.py:538} INFO - Filling up the DagBag from /home/airflow/.local/lib/python3.8/site-packages/airflow/example_dags/example_kubernetes_executor.py
[2026-06-04T07:02:34.177+0000] {processor.py:840} INFO - DAG(s) 'example_kubernetes_executor' retrieved from /home/airflow/.local/lib/python3.8/site-packages/airflow/example_dags/example_kubernetes_executor.py
[2026-06-04T07:02:34.229+0000] {logging_mixin.py:188} INFO - [2026-06-04T07:02:34.228+0000] {dag.py:3033} INFO - Sync 1 DAGs
[2026-06-04T07:02:34.248+0000] {logging_mixin.py:188} INFO - [2026-06-04T07:02:34.248+0000] {dag.py:3820} INFO - Setting next_dagrun for example_kubernetes_executor to None, run_after=None
[2026-06-04T07:02:34.257+0000] {processor.py:183} INFO - Processing /home/airflow/.local/lib/python3.8/site-packages/airflow/example_dags/example_kubernetes_executor.py took 0.120 seconds
[2026-06-04T07:03:04.772+0000] {processor.py:161} INFO - Started process (PID=2964) to work on /home/airflow/.local/lib/python3.8/site-packages/airflow/example_dags/example_kubernetes_executor.py
[2026-06-04T07:03:04.775+0000] {processor.py:830} INFO - Processing file /home/airflow/.local/lib/python3.8/site-packages/airflow/example_dags/example_kubernetes_executor.py for tasks to queue
[2026-06-04T07:03:04.781+0000] {logging_mixin.py:188} INFO - [2026-06-04T07:03:04.781+0000] {dagbag.py:538} INFO - Filling up the DagBag from /home/airflow/.local/lib/python3.8/site-packages/airflow/example_dags/example_kubernetes_executor.py
[2026-06-04T07:03:04.802+0000] {processor.py:840} INFO - DAG(s) 'example_kubernetes_executor' retrieved from /home/airflow/.local/lib/python3.8/site-packages/airflow/example_dags/example_kubernetes_executor.py
[2026-06-04T07:03:04.873+0000] {logging_mixin.py:188} INFO - [2026-06-04T07:03:04.873+0000] {dag.py:3033} INFO - Sync 1 DAGs
[2026-06-04T07:03:04.880+0000] {logging_mixin.py:188} INFO - [2026-06-04T07:03:04.879+0000] {dag.py:3820} INFO - Setting next_dagrun for example_kubernetes_executor to None, run_after=None
[2026-06-04T07:03:04.889+0000] {processor.py:183} INFO - Processing /home/airflow/.local/lib/python3.8/site-packages/airflow/example_dags/example_kubernetes_executor.py took 0.141 seconds
[2026-06-04T07:03:35.247+0000] {processor.py:161} INFO - Started process (PID=3020) to work on /home/airflow/.local/lib/python3.8/site-packages/airflow/example_dags/example_kubernetes_executor.py
[2026-06-04T07:03:35.249+0000] {processor.py:830} INFO - Processing file /home/airflow/.local/lib/python3.8/site-packages/airflow/example_dags/example_kubernetes_executor.py for tasks to queue
[2026-06-04T07:03:35.254+0000] {logging_mixin.py:188} INFO - [2026-06-04T07:03:35.253+0000] {dagbag.py:538} INFO - Filling up the DagBag from /home/airflow/.local/lib/python3.8/site-packages/airflow/example_dags/example_kubernetes_executor.py
[2026-06-04T07:03:35.285+0000] {processor.py:840} INFO - DAG(s) 'example_kubernetes_executor' retrieved from /home/airflow/.local/lib/python3.8/site-packages/airflow/example_dags/example_kubernetes_executor.py
[2026-06-04T07:03:35.334+0000] {logging_mixin.py:188} INFO - [2026-06-04T07:03:35.334+0000] {dag.py:3033} INFO - Sync 1 DAGs
[2026-06-04T07:03:35.349+0000] {logging_mixin.py:188} INFO - [2026-06-04T07:03:35.349+0000] {dag.py:3820} INFO - Setting next_dagrun for example_kubernetes_executor to None, run_after=None
[2026-06-04T07:03:35.360+0000] {processor.py:183} INFO - Processing /home/airflow/.local/lib/python3.8/site-packages/airflow/example_dags/example_kubernetes_executor.py took 0.133 seconds
[2026-06-04T07:04:06.014+0000] {processor.py:161} INFO - Started process (PID=3076) to work on /home/airflow/.local/lib/python3.8/site-packages/airflow/example_dags/example_kubernetes_executor.py
[2026-06-04T07:04:06.017+0000] {processor.py:830} INFO - Processing file /home/airflow/.local/lib/python3.8/site-packages/airflow/example_dags/example_kubernetes_executor.py for tasks to queue
[2026-06-04T07:04:06.028+0000] {logging_mixin.py:188} INFO - [2026-06-04T07:04:06.025+0000] {dagbag.py:538} INFO - Filling up the DagBag from /home/airflow/.local/lib/python3.8/site-packages/airflow/example_dags/example_kubernetes_executor.py
[2026-06-04T07:04:06.052+0000] {processor.py:840} INFO - DAG(s) 'example_kubernetes_executor' retrieved from /home/airflow/.local/lib/python3.8/site-packages/airflow/example_dags/example_kubernetes_executor.py
[2026-06-04T07:04:06.100+0000] {logging_mixin.py:188} INFO - [2026-06-04T07:04:06.100+0000] {dag.py:3033} INFO - Sync 1 DAGs
[2026-06-04T07:04:06.115+0000] {logging_mixin.py:188} INFO - [2026-06-04T07:04:06.115+0000] {dag.py:3820} INFO - Setting next_dagrun for example_kubernetes_executor to None, run_after=None
[2026-06-04T07:04:06.125+0000] {processor.py:183} INFO - Processing /home/airflow/.local/lib/python3.8/site-packages/airflow/example_dags/example_kubernetes_executor.py took 0.135 seconds
[2026-06-04T07:04:37.031+0000] {processor.py:161} INFO - Started process (PID=3132) to work on /home/airflow/.local/lib/python3.8/site-packages/airflow/example_dags/example_kubernetes_executor.py
[2026-06-04T07:04:37.033+0000] {processor.py:830} INFO - Processing file /home/airflow/.local/lib/python3.8/site-packages/airflow/example_dags/example_kubernetes_executor.py for tasks to queue
[2026-06-04T07:04:37.043+0000] {logging_mixin.py:188} INFO - [2026-06-04T07:04:37.042+0000] {dagbag.py:538} INFO - Filling up the DagBag from /home/airflow/.local/lib/python3.8/site-packages/airflow/example_dags/example_kubernetes_executor.py
[2026-06-04T07:04:37.071+0000] {processor.py:840} INFO - DAG(s) 'example_kubernetes_executor' retrieved from /home/airflow/.local/lib/python3.8/site-packages/airflow/example_dags/example_kubernetes_executor.py
[2026-06-04T07:04:37.129+0000] {logging_mixin.py:188} INFO - [2026-06-04T07:04:37.129+0000] {dag.py:3033} INFO - Sync 1 DAGs
[2026-06-04T07:04:37.140+0000] {logging_mixin.py:188} INFO - [2026-06-04T07:04:37.140+0000] {dag.py:3820} INFO - Setting next_dagrun for example_kubernetes_executor to None, run_after=None
[2026-06-04T07:04:37.161+0000] {processor.py:183} INFO - Processing /home/airflow/.local/lib/python3.8/site-packages/airflow/example_dags/example_kubernetes_executor.py took 0.139 seconds
[2026-06-04T07:05:08.168+0000] {processor.py:161} INFO - Started process (PID=3187) to work on /home/airflow/.local/lib/python3.8/site-packages/airflow/example_dags/example_kubernetes_executor.py
[2026-06-04T07:05:08.173+0000] {processor.py:830} INFO - Processing file /home/airflow/.local/lib/python3.8/site-packages/airflow/example_dags/example_kubernetes_executor.py for tasks to queue
[2026-06-04T07:05:08.198+0000] {logging_mixin.py:188} INFO - [2026-06-04T07:05:08.197+0000] {dagbag.py:538} INFO - Filling up the DagBag from /home/airflow/.local/lib/python3.8/site-packages/airflow/example_dags/example_kubernetes_executor.py
[2026-06-04T07:05:08.231+0000] {processor.py:840} INFO - DAG(s) 'example_kubernetes_executor' retrieved from /home/airflow/.local/lib/python3.8/site-packages/airflow/example_dags/example_kubernetes_executor.py
[2026-06-04T07:05:08.287+0000] {logging_mixin.py:188} INFO - [2026-06-04T07:05:08.286+0000] {dag.py:3033} INFO - Sync 1 DAGs
[2026-06-04T07:05:08.303+0000] {logging_mixin.py:188} INFO - [2026-06-04T07:05:08.302+0000] {dag.py:3820} INFO - Setting next_dagrun for example_kubernetes_executor to None, run_after=None
[2026-06-04T07:05:08.314+0000] {processor.py:183} INFO - Processing /home/airflow/.local/lib/python3.8/site-packages/airflow/example_dags/example_kubernetes_executor.py took 0.176 seconds
[2026-06-04T07:05:39.080+0000] {processor.py:161} INFO - Started process (PID=3243) to work on /home/airflow/.local/lib/python3.8/site-packages/airflow/example_dags/example_kubernetes_executor.py
[2026-06-04T07:05:39.082+0000] {processor.py:830} INFO - Processing file /home/airflow/.local/lib/python3.8/site-packages/airflow/example_dags/example_kubernetes_executor.py for tasks to queue
[2026-06-04T07:05:39.086+0000] {logging_mixin.py:188} INFO - [2026-06-04T07:05:39.085+0000] {dagbag.py:538} INFO - Filling up the DagBag from /home/airflow/.local/lib/python3.8/site-packages/airflow/example_dags/example_kubernetes_executor.py
[2026-06-04T07:05:39.114+0000] {processor.py:840} INFO - DAG(s) 'example_kubernetes_executor' retrieved from /home/airflow/.local/lib/python3.8/site-packages/airflow/example_dags/example_kubernetes_executor.py
[2026-06-04T07:05:39.258+0000] {logging_mixin.py:188} INFO - [2026-06-04T07:05:39.258+0000] {dag.py:3033} INFO - Sync 1 DAGs
[2026-06-04T07:05:39.267+0000] {logging_mixin.py:188} INFO - [2026-06-04T07:05:39.267+0000] {dag.py:3820} INFO - Setting next_dagrun for example_kubernetes_executor to None, run_after=None
[2026-06-04T07:05:39.292+0000] {processor.py:183} INFO - Processing /home/airflow/.local/lib/python3.8/site-packages/airflow/example_dags/example_kubernetes_executor.py took 0.216 seconds
[2026-06-04T07:06:09.606+0000] {processor.py:161} INFO - Started process (PID=3299) to work on /home/airflow/.local/lib/python3.8/site-packages/airflow/example_dags/example_kubernetes_executor.py
[2026-06-04T07:06:09.609+0000] {processor.py:830} INFO - Processing file /home/airflow/.local/lib/python3.8/site-packages/airflow/example_dags/example_kubernetes_executor.py for tasks to queue
[2026-06-04T07:06:09.616+0000] {logging_mixin.py:188} INFO - [2026-06-04T07:06:09.615+0000] {dagbag.py:538} INFO - Filling up the DagBag from /home/airflow/.local/lib/python3.8/site-packages/airflow/example_dags/example_kubernetes_executor.py
[2026-06-04T07:06:09.677+0000] {processor.py:840} INFO - DAG(s) 'example_kubernetes_executor' retrieved from /home/airflow/.local/lib/python3.8/site-packages/airflow/example_dags/example_kubernetes_executor.py
[2026-06-04T07:06:09.766+0000] {logging_mixin.py:188} INFO - [2026-06-04T07:06:09.766+0000] {dag.py:3033} INFO - Sync 1 DAGs
[2026-06-04T07:06:09.783+0000] {logging_mixin.py:188} INFO - [2026-06-04T07:06:09.782+0000] {dag.py:3820} INFO - Setting next_dagrun for example_kubernetes_executor to None, run_after=None
[2026-06-04T07:06:09.794+0000] {processor.py:183} INFO - Processing /home/airflow/.local/lib/python3.8/site-packages/airflow/example_dags/example_kubernetes_executor.py took 0.209 seconds
[2026-06-04T07:06:40.153+0000] {processor.py:161} INFO - Started process (PID=3355) to work on /home/airflow/.local/lib/python3.8/site-packages/airflow/example_dags/example_kubernetes_executor.py
[2026-06-04T07:06:40.156+0000] {processor.py:830} INFO - Processing file /home/airflow/.local/lib/python3.8/site-packages/airflow/example_dags/example_kubernetes_executor.py for tasks to queue
[2026-06-04T07:06:40.170+0000] {logging_mixin.py:188} INFO - [2026-06-04T07:06:40.169+0000] {dagbag.py:538} INFO - Filling up the DagBag from /home/airflow/.local/lib/python3.8/site-packages/airflow/example_dags/example_kubernetes_executor.py
[2026-06-04T07:06:40.203+0000] {processor.py:840} INFO - DAG(s) 'example_kubernetes_executor' retrieved from /home/airflow/.local/lib/python3.8/site-packages/airflow/example_dags/example_kubernetes_executor.py
[2026-06-04T07:06:40.260+0000] {logging_mixin.py:188} INFO - [2026-06-04T07:06:40.260+0000] {dag.py:3033} INFO - Sync 1 DAGs
[2026-06-04T07:06:40.282+0000] {logging_mixin.py:188} INFO - [2026-06-04T07:06:40.282+0000] {dag.py:3820} INFO - Setting next_dagrun for example_kubernetes_executor to None, run_after=None
[2026-06-04T07:06:40.296+0000] {processor.py:183} INFO - Processing /home/airflow/.local/lib/python3.8/site-packages/airflow/example_dags/example_kubernetes_executor.py took 0.150 seconds
[2026-06-04T07:07:11.123+0000] {processor.py:161} INFO - Started process (PID=3411) to work on /home/airflow/.local/lib/python3.8/site-packages/airflow/example_dags/example_kubernetes_executor.py
[2026-06-04T07:07:11.132+0000] {processor.py:830} INFO - Processing file /home/airflow/.local/lib/python3.8/site-packages/airflow/example_dags/example_kubernetes_executor.py for tasks to queue
[2026-06-04T07:07:11.144+0000] {logging_mixin.py:188} INFO - [2026-06-04T07:07:11.143+0000] {dagbag.py:538} INFO - Filling up the DagBag from /home/airflow/.local/lib/python3.8/site-packages/airflow/example_dags/example_kubernetes_executor.py
[2026-06-04T07:07:11.193+0000] {processor.py:840} INFO - DAG(s) 'example_kubernetes_executor' retrieved from /home/airflow/.local/lib/python3.8/site-packages/airflow/example_dags/example_kubernetes_executor.py
[2026-06-04T07:07:11.248+0000] {logging_mixin.py:188} INFO - [2026-06-04T07:07:11.247+0000] {dag.py:3033} INFO - Sync 1 DAGs
[2026-06-04T07:07:11.268+0000] {logging_mixin.py:188} INFO - [2026-06-04T07:07:11.267+0000] {dag.py:3820} INFO - Setting next_dagrun for example_kubernetes_executor to None, run_after=None
[2026-06-04T07:07:11.286+0000] {processor.py:183} INFO - Processing /home/airflow/.local/lib/python3.8/site-packages/airflow/example_dags/example_kubernetes_executor.py took 0.171 seconds
[2026-06-04T07:07:41.540+0000] {processor.py:161} INFO - Started process (PID=3467) to work on /home/airflow/.local/lib/python3.8/site-packages/airflow/example_dags/example_kubernetes_executor.py
[2026-06-04T07:07:41.550+0000] {processor.py:830} INFO - Processing file /home/airflow/.local/lib/python3.8/site-packages/airflow/example_dags/example_kubernetes_executor.py for tasks to queue
[2026-06-04T07:07:41.560+0000] {logging_mixin.py:188} INFO - [2026-06-04T07:07:41.560+0000] {dagbag.py:538} INFO - Filling up the DagBag from /home/airflow/.local/lib/python3.8/site-packages/airflow/example_dags/example_kubernetes_executor.py
[2026-06-04T07:07:41.605+0000] {processor.py:840} INFO - DAG(s) 'example_kubernetes_executor' retrieved from /home/airflow/.local/lib/python3.8/site-packages/airflow/example_dags/example_kubernetes_executor.py
[2026-06-04T07:07:41.678+0000] {logging_mixin.py:188} INFO - [2026-06-04T07:07:41.678+0000] {dag.py:3033} INFO - Sync 1 DAGs
[2026-06-04T07:07:41.685+0000] {logging_mixin.py:188} INFO - [2026-06-04T07:07:41.685+0000] {dag.py:3820} INFO - Setting next_dagrun for example_kubernetes_executor to None, run_after=None
[2026-06-04T07:07:41.696+0000] {processor.py:183} INFO - Processing /home/airflow/.local/lib/python3.8/site-packages/airflow/example_dags/example_kubernetes_executor.py took 0.167 seconds
[2026-06-04T07:08:11.796+0000] {processor.py:161} INFO - Started process (PID=3524) to work on /home/airflow/.local/lib/python3.8/site-packages/airflow/example_dags/example_kubernetes_executor.py
[2026-06-04T07:08:11.802+0000] {processor.py:830} INFO - Processing file /home/airflow/.local/lib/python3.8/site-packages/airflow/example_dags/example_kubernetes_executor.py for tasks to queue
[2026-06-04T07:08:11.806+0000] {logging_mixin.py:188} INFO - [2026-06-04T07:08:11.806+0000] {dagbag.py:538} INFO - Filling up the DagBag from /home/airflow/.local/lib/python3.8/site-packages/airflow/example_dags/example_kubernetes_executor.py
[2026-06-04T07:08:11.833+0000] {processor.py:840} INFO - DAG(s) 'example_kubernetes_executor' retrieved from /home/airflow/.local/lib/python3.8/site-packages/airflow/example_dags/example_kubernetes_executor.py
[2026-06-04T07:08:11.881+0000] {logging_mixin.py:188} INFO - [2026-06-04T07:08:11.881+0000] {dag.py:3033} INFO - Sync 1 DAGs
[2026-06-04T07:08:11.885+0000] {logging_mixin.py:188} INFO - [2026-06-04T07:08:11.885+0000] {dag.py:3820} INFO - Setting next_dagrun for example_kubernetes_executor to None, run_after=None
[2026-06-04T07:08:11.892+0000] {processor.py:183} INFO - Processing /home/airflow/.local/lib/python3.8/site-packages/airflow/example_dags/example_kubernetes_executor.py took 0.106 seconds
[2026-06-04T07:08:42.091+0000] {processor.py:161} INFO - Started process (PID=3579) to work on /home/airflow/.local/lib/python3.8/site-packages/airflow/example_dags/example_kubernetes_executor.py
[2026-06-04T07:08:42.092+0000] {processor.py:830} INFO - Processing file /home/airflow/.local/lib/python3.8/site-packages/airflow/example_dags/example_kubernetes_executor.py for tasks to queue
[2026-06-04T07:08:42.098+0000] {logging_mixin.py:188} INFO - [2026-06-04T07:08:42.097+0000] {dagbag.py:538} INFO - Filling up the DagBag from /home/airflow/.local/lib/python3.8/site-packages/airflow/example_dags/example_kubernetes_executor.py
[2026-06-04T07:08:42.140+0000] {processor.py:840} INFO - DAG(s) 'example_kubernetes_executor' retrieved from /home/airflow/.local/lib/python3.8/site-packages/airflow/example_dags/example_kubernetes_executor.py
[2026-06-04T07:08:42.204+0000] {logging_mixin.py:188} INFO - [2026-06-04T07:08:42.204+0000] {dag.py:3033} INFO - Sync 1 DAGs
[2026-06-04T07:08:42.216+0000] {logging_mixin.py:188} INFO - [2026-06-04T07:08:42.215+0000] {dag.py:3820} INFO - Setting next_dagrun for example_kubernetes_executor to None, run_after=None
[2026-06-04T07:08:42.226+0000] {processor.py:183} INFO - Processing /home/airflow/.local/lib/python3.8/site-packages/airflow/example_dags/example_kubernetes_executor.py took 0.143 seconds
[2026-06-04T07:09:12.384+0000] {processor.py:161} INFO - Started process (PID=3635) to work on /home/airflow/.local/lib/python3.8/site-packages/airflow/example_dags/example_kubernetes_executor.py
[2026-06-04T07:09:12.393+0000] {processor.py:830} INFO - Processing file /home/airflow/.local/lib/python3.8/site-packages/airflow/example_dags/example_kubernetes_executor.py for tasks to queue
[2026-06-04T07:09:12.397+0000] {logging_mixin.py:188} INFO - [2026-06-04T07:09:12.397+0000] {dagbag.py:538} INFO - Filling up the DagBag from /home/airflow/.local/lib/python3.8/site-packages/airflow/example_dags/example_kubernetes_executor.py
[2026-06-04T07:09:12.413+0000] {processor.py:840} INFO - DAG(s) 'example_kubernetes_executor' retrieved from /home/airflow/.local/lib/python3.8/site-packages/airflow/example_dags/example_kubernetes_executor.py
[2026-06-04T07:09:12.503+0000] {logging_mixin.py:188} INFO - [2026-06-04T07:09:12.503+0000] {dag.py:3033} INFO - Sync 1 DAGs
[2026-06-04T07:09:12.519+0000] {logging_mixin.py:188} INFO - [2026-06-04T07:09:12.519+0000] {dag.py:3820} INFO - Setting next_dagrun for example_kubernetes_executor to None, run_after=None
[2026-06-04T07:09:12.534+0000] {processor.py:183} INFO - Processing /home/airflow/.local/lib/python3.8/site-packages/airflow/example_dags/example_kubernetes_executor.py took 0.166 seconds
[2026-06-04T07:09:43.047+0000] {processor.py:161} INFO - Started process (PID=3691) to work on /home/airflow/.local/lib/python3.8/site-packages/airflow/example_dags/example_kubernetes_executor.py
[2026-06-04T07:09:43.049+0000] {processor.py:830} INFO - Processing file /home/airflow/.local/lib/python3.8/site-packages/airflow/example_dags/example_kubernetes_executor.py for tasks to queue
[2026-06-04T07:09:43.070+0000] {logging_mixin.py:188} INFO - [2026-06-04T07:09:43.067+0000] {dagbag.py:538} INFO - Filling up the DagBag from /home/airflow/.local/lib/python3.8/site-packages/airflow/example_dags/example_kubernetes_executor.py
[2026-06-04T07:09:43.124+0000] {processor.py:840} INFO - DAG(s) 'example_kubernetes_executor' retrieved from /home/airflow/.local/lib/python3.8/site-packages/airflow/example_dags/example_kubernetes_executor.py
[2026-06-04T07:09:43.206+0000] {logging_mixin.py:188} INFO - [2026-06-04T07:09:43.206+0000] {dag.py:3033} INFO - Sync 1 DAGs
[2026-06-04T07:09:43.223+0000] {logging_mixin.py:188} INFO - [2026-06-04T07:09:43.223+0000] {dag.py:3820} INFO - Setting next_dagrun for example_kubernetes_executor to None, run_after=None
[2026-06-04T07:09:43.240+0000] {processor.py:183} INFO - Processing /home/airflow/.local/lib/python3.8/site-packages/airflow/example_dags/example_kubernetes_executor.py took 0.200 seconds
[2026-06-04T07:10:13.544+0000] {processor.py:161} INFO - Started process (PID=3747) to work on /home/airflow/.local/lib/python3.8/site-packages/airflow/example_dags/example_kubernetes_executor.py
[2026-06-04T07:10:13.547+0000] {processor.py:830} INFO - Processing file /home/airflow/.local/lib/python3.8/site-packages/airflow/example_dags/example_kubernetes_executor.py for tasks to queue
[2026-06-04T07:10:13.553+0000] {logging_mixin.py:188} INFO - [2026-06-04T07:10:13.552+0000] {dagbag.py:538} INFO - Filling up the DagBag from /home/airflow/.local/lib/python3.8/site-packages/airflow/example_dags/example_kubernetes_executor.py
[2026-06-04T07:10:13.642+0000] {processor.py:840} INFO - DAG(s) 'example_kubernetes_executor' retrieved from /home/airflow/.local/lib/python3.8/site-packages/airflow/example_dags/example_kubernetes_executor.py
[2026-06-04T07:10:13.780+0000] {logging_mixin.py:188} INFO - [2026-06-04T07:10:13.779+0000] {dag.py:3033} INFO - Sync 1 DAGs
[2026-06-04T07:10:13.808+0000] {logging_mixin.py:188} INFO - [2026-06-04T07:10:13.807+0000] {dag.py:3820} INFO - Setting next_dagrun for example_kubernetes_executor to None, run_after=None
[2026-06-04T07:10:13.833+0000] {processor.py:183} INFO - Processing /home/airflow/.local/lib/python3.8/site-packages/airflow/example_dags/example_kubernetes_executor.py took 0.313 seconds
[2026-06-04T07:10:44.414+0000] {processor.py:161} INFO - Started process (PID=3803) to work on /home/airflow/.local/lib/python3.8/site-packages/airflow/example_dags/example_kubernetes_executor.py
[2026-06-04T07:10:44.421+0000] {processor.py:830} INFO - Processing file /home/airflow/.local/lib/python3.8/site-packages/airflow/example_dags/example_kubernetes_executor.py for tasks to queue
[2026-06-04T07:10:44.427+0000] {logging_mixin.py:188} INFO - [2026-06-04T07:10:44.426+0000] {dagbag.py:538} INFO - Filling up the DagBag from /home/airflow/.local/lib/python3.8/site-packages/airflow/example_dags/example_kubernetes_executor.py
[2026-06-04T07:10:44.551+0000] {processor.py:840} INFO - DAG(s) 'example_kubernetes_executor' retrieved from /home/airflow/.local/lib/python3.8/site-packages/airflow/example_dags/example_kubernetes_executor.py
[2026-06-04T07:10:44.702+0000] {logging_mixin.py:188} INFO - [2026-06-04T07:10:44.702+0000] {dag.py:3033} INFO - Sync 1 DAGs
[2026-06-04T07:10:44.708+0000] {logging_mixin.py:188} INFO - [2026-06-04T07:10:44.708+0000] {dag.py:3820} INFO - Setting next_dagrun for example_kubernetes_executor to None, run_after=None
[2026-06-04T07:10:44.719+0000] {processor.py:183} INFO - Processing /home/airflow/.local/lib/python3.8/site-packages/airflow/example_dags/example_kubernetes_executor.py took 0.321 seconds
[2026-06-04T07:11:14.754+0000] {processor.py:161} INFO - Started process (PID=3860) to work on /home/airflow/.local/lib/python3.8/site-packages/airflow/example_dags/example_kubernetes_executor.py
[2026-06-04T07:11:14.755+0000] {processor.py:830} INFO - Processing file /home/airflow/.local/lib/python3.8/site-packages/airflow/example_dags/example_kubernetes_executor.py for tasks to queue
[2026-06-04T07:11:14.756+0000] {logging_mixin.py:188} INFO - [2026-06-04T07:11:14.756+0000] {dagbag.py:538} INFO - Filling up the DagBag from /home/airflow/.local/lib/python3.8/site-packages/airflow/example_dags/example_kubernetes_executor.py
[2026-06-04T07:11:14.765+0000] {processor.py:840} INFO - DAG(s) 'example_kubernetes_executor' retrieved from /home/airflow/.local/lib/python3.8/site-packages/airflow/example_dags/example_kubernetes_executor.py
[2026-06-04T07:11:14.785+0000] {logging_mixin.py:188} INFO - [2026-06-04T07:11:14.785+0000] {dag.py:3033} INFO - Sync 1 DAGs
[2026-06-04T07:11:14.790+0000] {logging_mixin.py:188} INFO - [2026-06-04T07:11:14.790+0000] {dag.py:3820} INFO - Setting next_dagrun for example_kubernetes_executor to None, run_after=None
[2026-06-04T07:11:14.798+0000] {processor.py:183} INFO - Processing /home/airflow/.local/lib/python3.8/site-packages/airflow/example_dags/example_kubernetes_executor.py took 0.048 seconds
[2026-06-04T07:11:44.823+0000] {processor.py:161} INFO - Started process (PID=3916) to work on /home/airflow/.local/lib/python3.8/site-packages/airflow/example_dags/example_kubernetes_executor.py
[2026-06-04T07:11:44.824+0000] {processor.py:830} INFO - Processing file /home/airflow/.local/lib/python3.8/site-packages/airflow/example_dags/example_kubernetes_executor.py for tasks to queue
[2026-06-04T07:11:44.825+0000] {logging_mixin.py:188} INFO - [2026-06-04T07:11:44.825+0000] {dagbag.py:538} INFO - Filling up the DagBag from /home/airflow/.local/lib/python3.8/site-packages/airflow/example_dags/example_kubernetes_executor.py
[2026-06-04T07:11:44.834+0000] {processor.py:840} INFO - DAG(s) 'example_kubernetes_executor' retrieved from /home/airflow/.local/lib/python3.8/site-packages/airflow/example_dags/example_kubernetes_executor.py
[2026-06-04T07:11:44.857+0000] {logging_mixin.py:188} INFO - [2026-06-04T07:11:44.857+0000] {dag.py:3033} INFO - Sync 1 DAGs
[2026-06-04T07:11:44.867+0000] {logging_mixin.py:188} INFO - [2026-06-04T07:11:44.867+0000] {dag.py:3820} INFO - Setting next_dagrun for example_kubernetes_executor to None, run_after=None
[2026-06-04T07:11:44.882+0000] {processor.py:183} INFO - Processing /home/airflow/.local/lib/python3.8/site-packages/airflow/example_dags/example_kubernetes_executor.py took 0.061 seconds
[2026-06-04T07:12:15.045+0000] {processor.py:161} INFO - Started process (PID=3972) to work on /home/airflow/.local/lib/python3.8/site-packages/airflow/example_dags/example_kubernetes_executor.py
[2026-06-04T07:12:15.047+0000] {processor.py:830} INFO - Processing file /home/airflow/.local/lib/python3.8/site-packages/airflow/example_dags/example_kubernetes_executor.py for tasks to queue
[2026-06-04T07:12:15.048+0000] {logging_mixin.py:188} INFO - [2026-06-04T07:12:15.048+0000] {dagbag.py:538} INFO - Filling up the DagBag from /home/airflow/.local/lib/python3.8/site-packages/airflow/example_dags/example_kubernetes_executor.py
[2026-06-04T07:12:15.059+0000] {processor.py:840} INFO - DAG(s) 'example_kubernetes_executor' retrieved from /home/airflow/.local/lib/python3.8/site-packages/airflow/example_dags/example_kubernetes_executor.py
[2026-06-04T07:12:15.087+0000] {logging_mixin.py:188} INFO - [2026-06-04T07:12:15.087+0000] {dag.py:3033} INFO - Sync 1 DAGs
[2026-06-04T07:12:15.094+0000] {logging_mixin.py:188} INFO - [2026-06-04T07:12:15.094+0000] {dag.py:3820} INFO - Setting next_dagrun for example_kubernetes_executor to None, run_after=None
[2026-06-04T07:12:15.108+0000] {processor.py:183} INFO - Processing /home/airflow/.local/lib/python3.8/site-packages/airflow/example_dags/example_kubernetes_executor.py took 0.068 seconds
[2026-06-04T07:12:45.446+0000] {processor.py:161} INFO - Started process (PID=4027) to work on /home/airflow/.local/lib/python3.8/site-packages/airflow/example_dags/example_kubernetes_executor.py
[2026-06-04T07:12:45.452+0000] {processor.py:830} INFO - Processing file /home/airflow/.local/lib/python3.8/site-packages/airflow/example_dags/example_kubernetes_executor.py for tasks to queue
[2026-06-04T07:12:45.458+0000] {logging_mixin.py:188} INFO - [2026-06-04T07:12:45.458+0000] {dagbag.py:538} INFO - Filling up the DagBag from /home/airflow/.local/lib/python3.8/site-packages/airflow/example_dags/example_kubernetes_executor.py
[2026-06-04T07:12:45.560+0000] {processor.py:840} INFO - DAG(s) 'example_kubernetes_executor' retrieved from /home/airflow/.local/lib/python3.8/site-packages/airflow/example_dags/example_kubernetes_executor.py
[2026-06-04T07:12:45.670+0000] {logging_mixin.py:188} INFO - [2026-06-04T07:12:45.669+0000] {dag.py:3033} INFO - Sync 1 DAGs
[2026-06-04T07:12:45.690+0000] {logging_mixin.py:188} INFO - [2026-06-04T07:12:45.690+0000] {dag.py:3820} INFO - Setting next_dagrun for example_kubernetes_executor to None, run_after=None
[2026-06-04T07:12:45.733+0000] {processor.py:183} INFO - Processing /home/airflow/.local/lib/python3.8/site-packages/airflow/example_dags/example_kubernetes_executor.py took 0.306 seconds
[2026-06-04T07:13:15.916+0000] {processor.py:161} INFO - Started process (PID=4083) to work on /home/airflow/.local/lib/python3.8/site-packages/airflow/example_dags/example_kubernetes_executor.py
[2026-06-04T07:13:15.927+0000] {processor.py:830} INFO - Processing file /home/airflow/.local/lib/python3.8/site-packages/airflow/example_dags/example_kubernetes_executor.py for tasks to queue
[2026-06-04T07:13:15.942+0000] {logging_mixin.py:188} INFO - [2026-06-04T07:13:15.941+0000] {dagbag.py:538} INFO - Filling up the DagBag from /home/airflow/.local/lib/python3.8/site-packages/airflow/example_dags/example_kubernetes_executor.py
[2026-06-04T07:13:15.990+0000] {processor.py:840} INFO - DAG(s) 'example_kubernetes_executor' retrieved from /home/airflow/.local/lib/python3.8/site-packages/airflow/example_dags/example_kubernetes_executor.py
[2026-06-04T07:13:16.113+0000] {logging_mixin.py:188} INFO - [2026-06-04T07:13:16.112+0000] {dag.py:3033} INFO - Sync 1 DAGs
[2026-06-04T07:13:16.207+0000] {logging_mixin.py:188} INFO - [2026-06-04T07:13:16.204+0000] {dag.py:3820} INFO - Setting next_dagrun for example_kubernetes_executor to None, run_after=None
[2026-06-04T07:13:16.276+0000] {processor.py:183} INFO - Processing /home/airflow/.local/lib/python3.8/site-packages/airflow/example_dags/example_kubernetes_executor.py took 0.368 seconds
[2026-06-04T07:13:46.527+0000] {processor.py:161} INFO - Started process (PID=4139) to work on /home/airflow/.local/lib/python3.8/site-packages/airflow/example_dags/example_kubernetes_executor.py
[2026-06-04T07:13:46.531+0000] {processor.py:830} INFO - Processing file /home/airflow/.local/lib/python3.8/site-packages/airflow/example_dags/example_kubernetes_executor.py for tasks to queue
[2026-06-04T07:13:46.537+0000] {logging_mixin.py:188} INFO - [2026-06-04T07:13:46.537+0000] {dagbag.py:538} INFO - Filling up the DagBag from /home/airflow/.local/lib/python3.8/site-packages/airflow/example_dags/example_kubernetes_executor.py
[2026-06-04T07:13:46.558+0000] {processor.py:840} INFO - DAG(s) 'example_kubernetes_executor' retrieved from /home/airflow/.local/lib/python3.8/site-packages/airflow/example_dags/example_kubernetes_executor.py
[2026-06-04T07:13:46.615+0000] {logging_mixin.py:188} INFO - [2026-06-04T07:13:46.614+0000] {dag.py:3033} INFO - Sync 1 DAGs
[2026-06-04T07:13:46.631+0000] {logging_mixin.py:188} INFO - [2026-06-04T07:13:46.631+0000] {dag.py:3820} INFO - Setting next_dagrun for example_kubernetes_executor to None, run_after=None
[2026-06-04T07:13:46.640+0000] {processor.py:183} INFO - Processing /home/airflow/.local/lib/python3.8/site-packages/airflow/example_dags/example_kubernetes_executor.py took 0.119 seconds
[2026-06-04T07:14:17.176+0000] {processor.py:161} INFO - Started process (PID=4201) to work on /home/airflow/.local/lib/python3.8/site-packages/airflow/example_dags/example_kubernetes_executor.py
[2026-06-04T07:14:17.177+0000] {processor.py:830} INFO - Processing file /home/airflow/.local/lib/python3.8/site-packages/airflow/example_dags/example_kubernetes_executor.py for tasks to queue
[2026-06-04T07:14:17.179+0000] {logging_mixin.py:188} INFO - [2026-06-04T07:14:17.179+0000] {dagbag.py:538} INFO - Filling up the DagBag from /home/airflow/.local/lib/python3.8/site-packages/airflow/example_dags/example_kubernetes_executor.py
[2026-06-04T07:14:17.189+0000] {processor.py:840} INFO - DAG(s) 'example_kubernetes_executor' retrieved from /home/airflow/.local/lib/python3.8/site-packages/airflow/example_dags/example_kubernetes_executor.py
[2026-06-04T07:14:17.229+0000] {logging_mixin.py:188} INFO - [2026-06-04T07:14:17.229+0000] {dag.py:3033} INFO - Sync 1 DAGs
[2026-06-04T07:14:17.241+0000] {logging_mixin.py:188} INFO - [2026-06-04T07:14:17.241+0000] {dag.py:3820} INFO - Setting next_dagrun for example_kubernetes_executor to None, run_after=None
[2026-06-04T07:14:17.265+0000] {processor.py:183} INFO - Processing /home/airflow/.local/lib/python3.8/site-packages/airflow/example_dags/example_kubernetes_executor.py took 0.092 seconds
[2026-06-04T07:14:47.468+0000] {processor.py:161} INFO - Started process (PID=4255) to work on /home/airflow/.local/lib/python3.8/site-packages/airflow/example_dags/example_kubernetes_executor.py
[2026-06-04T07:14:47.472+0000] {processor.py:830} INFO - Processing file /home/airflow/.local/lib/python3.8/site-packages/airflow/example_dags/example_kubernetes_executor.py for tasks to queue
[2026-06-04T07:14:47.474+0000] {logging_mixin.py:188} INFO - [2026-06-04T07:14:47.474+0000] {dagbag.py:538} INFO - Filling up the DagBag from /home/airflow/.local/lib/python3.8/site-packages/airflow/example_dags/example_kubernetes_executor.py
[2026-06-04T07:14:47.491+0000] {processor.py:840} INFO - DAG(s) 'example_kubernetes_executor' retrieved from /home/airflow/.local/lib/python3.8/site-packages/airflow/example_dags/example_kubernetes_executor.py
[2026-06-04T07:14:47.536+0000] {logging_mixin.py:188} INFO - [2026-06-04T07:14:47.536+0000] {dag.py:3033} INFO - Sync 1 DAGs
[2026-06-04T07:14:47.543+0000] {logging_mixin.py:188} INFO - [2026-06-04T07:14:47.542+0000] {dag.py:3820} INFO - Setting next_dagrun for example_kubernetes_executor to None, run_after=None
[2026-06-04T07:14:47.557+0000] {processor.py:183} INFO - Processing /home/airflow/.local/lib/python3.8/site-packages/airflow/example_dags/example_kubernetes_executor.py took 0.095 seconds
[2026-06-04T07:15:18.687+0000] {processor.py:161} INFO - Started process (PID=4311) to work on /home/airflow/.local/lib/python3.8/site-packages/airflow/example_dags/example_kubernetes_executor.py
[2026-06-04T07:15:18.688+0000] {processor.py:830} INFO - Processing file /home/airflow/.local/lib/python3.8/site-packages/airflow/example_dags/example_kubernetes_executor.py for tasks to queue
[2026-06-04T07:15:18.692+0000] {logging_mixin.py:188} INFO - [2026-06-04T07:15:18.691+0000] {dagbag.py:538} INFO - Filling up the DagBag from /home/airflow/.local/lib/python3.8/site-packages/airflow/example_dags/example_kubernetes_executor.py
[2026-06-04T07:15:18.731+0000] {processor.py:840} INFO - DAG(s) 'example_kubernetes_executor' retrieved from /home/airflow/.local/lib/python3.8/site-packages/airflow/example_dags/example_kubernetes_executor.py
[2026-06-04T07:15:18.824+0000] {logging_mixin.py:188} INFO - [2026-06-04T07:15:18.823+0000] {dag.py:3033} INFO - Sync 1 DAGs
[2026-06-04T07:15:18.843+0000] {logging_mixin.py:188} INFO - [2026-06-04T07:15:18.843+0000] {dag.py:3820} INFO - Setting next_dagrun for example_kubernetes_executor to None, run_after=None
[2026-06-04T07:15:18.875+0000] {processor.py:183} INFO - Processing /home/airflow/.local/lib/python3.8/site-packages/airflow/example_dags/example_kubernetes_executor.py took 0.192 seconds
[2026-06-04T07:15:49.663+0000] {processor.py:161} INFO - Started process (PID=4367) to work on /home/airflow/.local/lib/python3.8/site-packages/airflow/example_dags/example_kubernetes_executor.py
[2026-06-04T07:15:49.664+0000] {processor.py:830} INFO - Processing file /home/airflow/.local/lib/python3.8/site-packages/airflow/example_dags/example_kubernetes_executor.py for tasks to queue
[2026-06-04T07:15:49.669+0000] {logging_mixin.py:188} INFO - [2026-06-04T07:15:49.667+0000] {dagbag.py:538} INFO - Filling up the DagBag from /home/airflow/.local/lib/python3.8/site-packages/airflow/example_dags/example_kubernetes_executor.py
[2026-06-04T07:15:49.693+0000] {processor.py:840} INFO - DAG(s) 'example_kubernetes_executor' retrieved from /home/airflow/.local/lib/python3.8/site-packages/airflow/example_dags/example_kubernetes_executor.py
[2026-06-04T07:15:49.759+0000] {logging_mixin.py:188} INFO - [2026-06-04T07:15:49.759+0000] {dag.py:3033} INFO - Sync 1 DAGs
[2026-06-04T07:15:49.769+0000] {logging_mixin.py:188} INFO - [2026-06-04T07:15:49.769+0000] {dag.py:3820} INFO - Setting next_dagrun for example_kubernetes_executor to None, run_after=None
[2026-06-04T07:15:49.783+0000] {processor.py:183} INFO - Processing /home/airflow/.local/lib/python3.8/site-packages/airflow/example_dags/example_kubernetes_executor.py took 0.124 seconds
[2026-06-04T07:16:19.984+0000] {processor.py:161} INFO - Started process (PID=4424) to work on /home/airflow/.local/lib/python3.8/site-packages/airflow/example_dags/example_kubernetes_executor.py
[2026-06-04T07:16:19.985+0000] {processor.py:830} INFO - Processing file /home/airflow/.local/lib/python3.8/site-packages/airflow/example_dags/example_kubernetes_executor.py for tasks to queue
[2026-06-04T07:16:19.988+0000] {logging_mixin.py:188} INFO - [2026-06-04T07:16:19.987+0000] {dagbag.py:538} INFO - Filling up the DagBag from /home/airflow/.local/lib/python3.8/site-packages/airflow/example_dags/example_kubernetes_executor.py
[2026-06-04T07:16:20.003+0000] {processor.py:840} INFO - DAG(s) 'example_kubernetes_executor' retrieved from /home/airflow/.local/lib/python3.8/site-packages/airflow/example_dags/example_kubernetes_executor.py
[2026-06-04T07:16:20.054+0000] {logging_mixin.py:188} INFO - [2026-06-04T07:16:20.054+0000] {dag.py:3033} INFO - Sync 1 DAGs
[2026-06-04T07:16:20.061+0000] {logging_mixin.py:188} INFO - [2026-06-04T07:16:20.060+0000] {dag.py:3820} INFO - Setting next_dagrun for example_kubernetes_executor to None, run_after=None
[2026-06-04T07:16:20.072+0000] {processor.py:183} INFO - Processing /home/airflow/.local/lib/python3.8/site-packages/airflow/example_dags/example_kubernetes_executor.py took 0.090 seconds
