[2026-06-04T06:36:37.418+0000] {processor.py:161} INFO - Started process (PID=81) to work on /home/airflow/.local/lib/python3.8/site-packages/airflow/example_dags/example_setup_teardown_taskflow.py
[2026-06-04T06:36:37.422+0000] {processor.py:830} INFO - Processing file /home/airflow/.local/lib/python3.8/site-packages/airflow/example_dags/example_setup_teardown_taskflow.py for tasks to queue
[2026-06-04T06:36:37.429+0000] {logging_mixin.py:188} INFO - [2026-06-04T06:36:37.429+0000] {dagbag.py:538} INFO - Filling up the DagBag from /home/airflow/.local/lib/python3.8/site-packages/airflow/example_dags/example_setup_teardown_taskflow.py
[2026-06-04T06:36:37.446+0000] {processor.py:840} INFO - DAG(s) 'example_setup_teardown_taskflow' retrieved from /home/airflow/.local/lib/python3.8/site-packages/airflow/example_dags/example_setup_teardown_taskflow.py
[2026-06-04T06:36:37.459+0000] {logging_mixin.py:188} INFO - [2026-06-04T06:36:37.459+0000] {dag.py:3033} INFO - Sync 1 DAGs
[2026-06-04T06:36:37.471+0000] {logging_mixin.py:188} INFO - [2026-06-04T06:36:37.471+0000] {dag.py:3820} INFO - Setting next_dagrun for example_setup_teardown_taskflow to 2026-06-03T00:00:00+00:00, run_after=2026-06-04T00:00:00+00:00
[2026-06-04T06:36:37.481+0000] {processor.py:183} INFO - Processing /home/airflow/.local/lib/python3.8/site-packages/airflow/example_dags/example_setup_teardown_taskflow.py took 0.075 seconds
[2026-06-04T06:37:07.708+0000] {processor.py:161} INFO - Started process (PID=138) to work on /home/airflow/.local/lib/python3.8/site-packages/airflow/example_dags/example_setup_teardown_taskflow.py
[2026-06-04T06:37:07.708+0000] {processor.py:830} INFO - Processing file /home/airflow/.local/lib/python3.8/site-packages/airflow/example_dags/example_setup_teardown_taskflow.py for tasks to queue
[2026-06-04T06:37:07.710+0000] {logging_mixin.py:188} INFO - [2026-06-04T06:37:07.710+0000] {dagbag.py:538} INFO - Filling up the DagBag from /home/airflow/.local/lib/python3.8/site-packages/airflow/example_dags/example_setup_teardown_taskflow.py
[2026-06-04T06:37:07.716+0000] {processor.py:840} INFO - DAG(s) 'example_setup_teardown_taskflow' retrieved from /home/airflow/.local/lib/python3.8/site-packages/airflow/example_dags/example_setup_teardown_taskflow.py
[2026-06-04T06:37:07.785+0000] {logging_mixin.py:188} INFO - [2026-06-04T06:37:07.784+0000] {dag.py:3033} INFO - Sync 1 DAGs
[2026-06-04T06:37:07.799+0000] {logging_mixin.py:188} INFO - [2026-06-04T06:37:07.799+0000] {dag.py:3820} INFO - Setting next_dagrun for example_setup_teardown_taskflow to 2026-06-03T00:00:00+00:00, run_after=2026-06-04T00:00:00+00:00
[2026-06-04T06:37:07.813+0000] {processor.py:183} INFO - Processing /home/airflow/.local/lib/python3.8/site-packages/airflow/example_dags/example_setup_teardown_taskflow.py took 0.107 seconds
[2026-06-04T06:37:38.060+0000] {processor.py:161} INFO - Started process (PID=194) to work on /home/airflow/.local/lib/python3.8/site-packages/airflow/example_dags/example_setup_teardown_taskflow.py
[2026-06-04T06:37:38.060+0000] {processor.py:830} INFO - Processing file /home/airflow/.local/lib/python3.8/site-packages/airflow/example_dags/example_setup_teardown_taskflow.py for tasks to queue
[2026-06-04T06:37:38.061+0000] {logging_mixin.py:188} INFO - [2026-06-04T06:37:38.061+0000] {dagbag.py:538} INFO - Filling up the DagBag from /home/airflow/.local/lib/python3.8/site-packages/airflow/example_dags/example_setup_teardown_taskflow.py
[2026-06-04T06:37:38.066+0000] {processor.py:840} INFO - DAG(s) 'example_setup_teardown_taskflow' retrieved from /home/airflow/.local/lib/python3.8/site-packages/airflow/example_dags/example_setup_teardown_taskflow.py
[2026-06-04T06:37:38.081+0000] {logging_mixin.py:188} INFO - [2026-06-04T06:37:38.081+0000] {dag.py:3033} INFO - Sync 1 DAGs
[2026-06-04T06:37:38.089+0000] {logging_mixin.py:188} INFO - [2026-06-04T06:37:38.089+0000] {dag.py:3820} INFO - Setting next_dagrun for example_setup_teardown_taskflow to 2026-06-03T00:00:00+00:00, run_after=2026-06-04T00:00:00+00:00
[2026-06-04T06:37:38.098+0000] {processor.py:183} INFO - Processing /home/airflow/.local/lib/python3.8/site-packages/airflow/example_dags/example_setup_teardown_taskflow.py took 0.040 seconds
[2026-06-04T06:38:08.830+0000] {processor.py:161} INFO - Started process (PID=250) to work on /home/airflow/.local/lib/python3.8/site-packages/airflow/example_dags/example_setup_teardown_taskflow.py
[2026-06-04T06:38:08.830+0000] {processor.py:830} INFO - Processing file /home/airflow/.local/lib/python3.8/site-packages/airflow/example_dags/example_setup_teardown_taskflow.py for tasks to queue
[2026-06-04T06:38:08.831+0000] {logging_mixin.py:188} INFO - [2026-06-04T06:38:08.831+0000] {dagbag.py:538} INFO - Filling up the DagBag from /home/airflow/.local/lib/python3.8/site-packages/airflow/example_dags/example_setup_teardown_taskflow.py
[2026-06-04T06:38:08.836+0000] {processor.py:840} INFO - DAG(s) 'example_setup_teardown_taskflow' retrieved from /home/airflow/.local/lib/python3.8/site-packages/airflow/example_dags/example_setup_teardown_taskflow.py
[2026-06-04T06:38:08.849+0000] {logging_mixin.py:188} INFO - [2026-06-04T06:38:08.849+0000] {dag.py:3033} INFO - Sync 1 DAGs
[2026-06-04T06:38:08.860+0000] {logging_mixin.py:188} INFO - [2026-06-04T06:38:08.860+0000] {dag.py:3820} INFO - Setting next_dagrun for example_setup_teardown_taskflow to 2026-06-03T00:00:00+00:00, run_after=2026-06-04T00:00:00+00:00
[2026-06-04T06:38:08.866+0000] {processor.py:183} INFO - Processing /home/airflow/.local/lib/python3.8/site-packages/airflow/example_dags/example_setup_teardown_taskflow.py took 0.038 seconds
[2026-06-04T06:38:38.972+0000] {processor.py:161} INFO - Started process (PID=306) to work on /home/airflow/.local/lib/python3.8/site-packages/airflow/example_dags/example_setup_teardown_taskflow.py
[2026-06-04T06:38:38.972+0000] {processor.py:830} INFO - Processing file /home/airflow/.local/lib/python3.8/site-packages/airflow/example_dags/example_setup_teardown_taskflow.py for tasks to queue
[2026-06-04T06:38:38.973+0000] {logging_mixin.py:188} INFO - [2026-06-04T06:38:38.973+0000] {dagbag.py:538} INFO - Filling up the DagBag from /home/airflow/.local/lib/python3.8/site-packages/airflow/example_dags/example_setup_teardown_taskflow.py
[2026-06-04T06:38:38.977+0000] {processor.py:840} INFO - DAG(s) 'example_setup_teardown_taskflow' retrieved from /home/airflow/.local/lib/python3.8/site-packages/airflow/example_dags/example_setup_teardown_taskflow.py
[2026-06-04T06:38:38.985+0000] {logging_mixin.py:188} INFO - [2026-06-04T06:38:38.985+0000] {dag.py:3033} INFO - Sync 1 DAGs
[2026-06-04T06:38:38.995+0000] {logging_mixin.py:188} INFO - [2026-06-04T06:38:38.995+0000] {dag.py:3820} INFO - Setting next_dagrun for example_setup_teardown_taskflow to 2026-06-03T00:00:00+00:00, run_after=2026-06-04T00:00:00+00:00
[2026-06-04T06:38:39.001+0000] {processor.py:183} INFO - Processing /home/airflow/.local/lib/python3.8/site-packages/airflow/example_dags/example_setup_teardown_taskflow.py took 0.031 seconds
[2026-06-04T06:39:09.727+0000] {processor.py:161} INFO - Started process (PID=361) to work on /home/airflow/.local/lib/python3.8/site-packages/airflow/example_dags/example_setup_teardown_taskflow.py
[2026-06-04T06:39:09.727+0000] {processor.py:830} INFO - Processing file /home/airflow/.local/lib/python3.8/site-packages/airflow/example_dags/example_setup_teardown_taskflow.py for tasks to queue
[2026-06-04T06:39:09.728+0000] {logging_mixin.py:188} INFO - [2026-06-04T06:39:09.728+0000] {dagbag.py:538} INFO - Filling up the DagBag from /home/airflow/.local/lib/python3.8/site-packages/airflow/example_dags/example_setup_teardown_taskflow.py
[2026-06-04T06:39:09.732+0000] {processor.py:840} INFO - DAG(s) 'example_setup_teardown_taskflow' retrieved from /home/airflow/.local/lib/python3.8/site-packages/airflow/example_dags/example_setup_teardown_taskflow.py
[2026-06-04T06:39:09.745+0000] {logging_mixin.py:188} INFO - [2026-06-04T06:39:09.745+0000] {dag.py:3033} INFO - Sync 1 DAGs
[2026-06-04T06:39:09.756+0000] {logging_mixin.py:188} INFO - [2026-06-04T06:39:09.756+0000] {dag.py:3820} INFO - Setting next_dagrun for example_setup_teardown_taskflow to 2026-06-03T00:00:00+00:00, run_after=2026-06-04T00:00:00+00:00
[2026-06-04T06:39:09.765+0000] {processor.py:183} INFO - Processing /home/airflow/.local/lib/python3.8/site-packages/airflow/example_dags/example_setup_teardown_taskflow.py took 0.040 seconds
[2026-06-04T06:39:40.792+0000] {processor.py:161} INFO - Started process (PID=417) to work on /home/airflow/.local/lib/python3.8/site-packages/airflow/example_dags/example_setup_teardown_taskflow.py
[2026-06-04T06:39:40.792+0000] {processor.py:830} INFO - Processing file /home/airflow/.local/lib/python3.8/site-packages/airflow/example_dags/example_setup_teardown_taskflow.py for tasks to queue
[2026-06-04T06:39:40.793+0000] {logging_mixin.py:188} INFO - [2026-06-04T06:39:40.793+0000] {dagbag.py:538} INFO - Filling up the DagBag from /home/airflow/.local/lib/python3.8/site-packages/airflow/example_dags/example_setup_teardown_taskflow.py
[2026-06-04T06:39:40.798+0000] {processor.py:840} INFO - DAG(s) 'example_setup_teardown_taskflow' retrieved from /home/airflow/.local/lib/python3.8/site-packages/airflow/example_dags/example_setup_teardown_taskflow.py
[2026-06-04T06:39:40.809+0000] {logging_mixin.py:188} INFO - [2026-06-04T06:39:40.809+0000] {dag.py:3033} INFO - Sync 1 DAGs
[2026-06-04T06:39:40.818+0000] {logging_mixin.py:188} INFO - [2026-06-04T06:39:40.818+0000] {dag.py:3820} INFO - Setting next_dagrun for example_setup_teardown_taskflow to 2026-06-03T00:00:00+00:00, run_after=2026-06-04T00:00:00+00:00
[2026-06-04T06:39:40.828+0000] {processor.py:183} INFO - Processing /home/airflow/.local/lib/python3.8/site-packages/airflow/example_dags/example_setup_teardown_taskflow.py took 0.038 seconds
[2026-06-04T06:40:11.612+0000] {processor.py:161} INFO - Started process (PID=473) to work on /home/airflow/.local/lib/python3.8/site-packages/airflow/example_dags/example_setup_teardown_taskflow.py
[2026-06-04T06:40:11.613+0000] {processor.py:830} INFO - Processing file /home/airflow/.local/lib/python3.8/site-packages/airflow/example_dags/example_setup_teardown_taskflow.py for tasks to queue
[2026-06-04T06:40:11.614+0000] {logging_mixin.py:188} INFO - [2026-06-04T06:40:11.614+0000] {dagbag.py:538} INFO - Filling up the DagBag from /home/airflow/.local/lib/python3.8/site-packages/airflow/example_dags/example_setup_teardown_taskflow.py
[2026-06-04T06:40:11.619+0000] {processor.py:840} INFO - DAG(s) 'example_setup_teardown_taskflow' retrieved from /home/airflow/.local/lib/python3.8/site-packages/airflow/example_dags/example_setup_teardown_taskflow.py
[2026-06-04T06:40:11.629+0000] {logging_mixin.py:188} INFO - [2026-06-04T06:40:11.629+0000] {dag.py:3033} INFO - Sync 1 DAGs
[2026-06-04T06:40:11.638+0000] {logging_mixin.py:188} INFO - [2026-06-04T06:40:11.638+0000] {dag.py:3820} INFO - Setting next_dagrun for example_setup_teardown_taskflow to 2026-06-03T00:00:00+00:00, run_after=2026-06-04T00:00:00+00:00
[2026-06-04T06:40:11.649+0000] {processor.py:183} INFO - Processing /home/airflow/.local/lib/python3.8/site-packages/airflow/example_dags/example_setup_teardown_taskflow.py took 0.038 seconds
[2026-06-04T06:40:42.758+0000] {processor.py:161} INFO - Started process (PID=529) to work on /home/airflow/.local/lib/python3.8/site-packages/airflow/example_dags/example_setup_teardown_taskflow.py
[2026-06-04T06:40:42.760+0000] {processor.py:830} INFO - Processing file /home/airflow/.local/lib/python3.8/site-packages/airflow/example_dags/example_setup_teardown_taskflow.py for tasks to queue
[2026-06-04T06:40:42.761+0000] {logging_mixin.py:188} INFO - [2026-06-04T06:40:42.761+0000] {dagbag.py:538} INFO - Filling up the DagBag from /home/airflow/.local/lib/python3.8/site-packages/airflow/example_dags/example_setup_teardown_taskflow.py
[2026-06-04T06:40:42.765+0000] {processor.py:840} INFO - DAG(s) 'example_setup_teardown_taskflow' retrieved from /home/airflow/.local/lib/python3.8/site-packages/airflow/example_dags/example_setup_teardown_taskflow.py
[2026-06-04T06:40:42.773+0000] {logging_mixin.py:188} INFO - [2026-06-04T06:40:42.773+0000] {dag.py:3033} INFO - Sync 1 DAGs
[2026-06-04T06:40:42.781+0000] {logging_mixin.py:188} INFO - [2026-06-04T06:40:42.781+0000] {dag.py:3820} INFO - Setting next_dagrun for example_setup_teardown_taskflow to 2026-06-03T00:00:00+00:00, run_after=2026-06-04T00:00:00+00:00
[2026-06-04T06:40:42.794+0000] {processor.py:183} INFO - Processing /home/airflow/.local/lib/python3.8/site-packages/airflow/example_dags/example_setup_teardown_taskflow.py took 0.037 seconds
[2026-06-04T06:41:13.522+0000] {processor.py:161} INFO - Started process (PID=585) to work on /home/airflow/.local/lib/python3.8/site-packages/airflow/example_dags/example_setup_teardown_taskflow.py
[2026-06-04T06:41:13.523+0000] {processor.py:830} INFO - Processing file /home/airflow/.local/lib/python3.8/site-packages/airflow/example_dags/example_setup_teardown_taskflow.py for tasks to queue
[2026-06-04T06:41:13.524+0000] {logging_mixin.py:188} INFO - [2026-06-04T06:41:13.524+0000] {dagbag.py:538} INFO - Filling up the DagBag from /home/airflow/.local/lib/python3.8/site-packages/airflow/example_dags/example_setup_teardown_taskflow.py
[2026-06-04T06:41:13.529+0000] {processor.py:840} INFO - DAG(s) 'example_setup_teardown_taskflow' retrieved from /home/airflow/.local/lib/python3.8/site-packages/airflow/example_dags/example_setup_teardown_taskflow.py
[2026-06-04T06:41:13.541+0000] {logging_mixin.py:188} INFO - [2026-06-04T06:41:13.541+0000] {dag.py:3033} INFO - Sync 1 DAGs
[2026-06-04T06:41:13.551+0000] {logging_mixin.py:188} INFO - [2026-06-04T06:41:13.551+0000] {dag.py:3820} INFO - Setting next_dagrun for example_setup_teardown_taskflow to 2026-06-03T00:00:00+00:00, run_after=2026-06-04T00:00:00+00:00
[2026-06-04T06:41:13.561+0000] {processor.py:183} INFO - Processing /home/airflow/.local/lib/python3.8/site-packages/airflow/example_dags/example_setup_teardown_taskflow.py took 0.041 seconds
[2026-06-04T06:41:44.319+0000] {processor.py:161} INFO - Started process (PID=641) to work on /home/airflow/.local/lib/python3.8/site-packages/airflow/example_dags/example_setup_teardown_taskflow.py
[2026-06-04T06:41:44.320+0000] {processor.py:830} INFO - Processing file /home/airflow/.local/lib/python3.8/site-packages/airflow/example_dags/example_setup_teardown_taskflow.py for tasks to queue
[2026-06-04T06:41:44.321+0000] {logging_mixin.py:188} INFO - [2026-06-04T06:41:44.321+0000] {dagbag.py:538} INFO - Filling up the DagBag from /home/airflow/.local/lib/python3.8/site-packages/airflow/example_dags/example_setup_teardown_taskflow.py
[2026-06-04T06:41:44.328+0000] {processor.py:840} INFO - DAG(s) 'example_setup_teardown_taskflow' retrieved from /home/airflow/.local/lib/python3.8/site-packages/airflow/example_dags/example_setup_teardown_taskflow.py
[2026-06-04T06:41:44.341+0000] {logging_mixin.py:188} INFO - [2026-06-04T06:41:44.341+0000] {dag.py:3033} INFO - Sync 1 DAGs
[2026-06-04T06:41:44.351+0000] {logging_mixin.py:188} INFO - [2026-06-04T06:41:44.351+0000] {dag.py:3820} INFO - Setting next_dagrun for example_setup_teardown_taskflow to 2026-06-03T00:00:00+00:00, run_after=2026-06-04T00:00:00+00:00
[2026-06-04T06:41:44.358+0000] {processor.py:183} INFO - Processing /home/airflow/.local/lib/python3.8/site-packages/airflow/example_dags/example_setup_teardown_taskflow.py took 0.041 seconds
[2026-06-04T06:42:15.477+0000] {processor.py:161} INFO - Started process (PID=697) to work on /home/airflow/.local/lib/python3.8/site-packages/airflow/example_dags/example_setup_teardown_taskflow.py
[2026-06-04T06:42:15.478+0000] {processor.py:830} INFO - Processing file /home/airflow/.local/lib/python3.8/site-packages/airflow/example_dags/example_setup_teardown_taskflow.py for tasks to queue
[2026-06-04T06:42:15.480+0000] {logging_mixin.py:188} INFO - [2026-06-04T06:42:15.480+0000] {dagbag.py:538} INFO - Filling up the DagBag from /home/airflow/.local/lib/python3.8/site-packages/airflow/example_dags/example_setup_teardown_taskflow.py
[2026-06-04T06:42:15.485+0000] {processor.py:840} INFO - DAG(s) 'example_setup_teardown_taskflow' retrieved from /home/airflow/.local/lib/python3.8/site-packages/airflow/example_dags/example_setup_teardown_taskflow.py
[2026-06-04T06:42:15.498+0000] {logging_mixin.py:188} INFO - [2026-06-04T06:42:15.498+0000] {dag.py:3033} INFO - Sync 1 DAGs
[2026-06-04T06:42:15.507+0000] {logging_mixin.py:188} INFO - [2026-06-04T06:42:15.507+0000] {dag.py:3820} INFO - Setting next_dagrun for example_setup_teardown_taskflow to 2026-06-03T00:00:00+00:00, run_after=2026-06-04T00:00:00+00:00
[2026-06-04T06:42:15.515+0000] {processor.py:183} INFO - Processing /home/airflow/.local/lib/python3.8/site-packages/airflow/example_dags/example_setup_teardown_taskflow.py took 0.040 seconds
[2026-06-04T06:42:45.810+0000] {processor.py:161} INFO - Started process (PID=753) to work on /home/airflow/.local/lib/python3.8/site-packages/airflow/example_dags/example_setup_teardown_taskflow.py
[2026-06-04T06:42:45.811+0000] {processor.py:830} INFO - Processing file /home/airflow/.local/lib/python3.8/site-packages/airflow/example_dags/example_setup_teardown_taskflow.py for tasks to queue
[2026-06-04T06:42:45.813+0000] {logging_mixin.py:188} INFO - [2026-06-04T06:42:45.813+0000] {dagbag.py:538} INFO - Filling up the DagBag from /home/airflow/.local/lib/python3.8/site-packages/airflow/example_dags/example_setup_teardown_taskflow.py
[2026-06-04T06:42:45.820+0000] {processor.py:840} INFO - DAG(s) 'example_setup_teardown_taskflow' retrieved from /home/airflow/.local/lib/python3.8/site-packages/airflow/example_dags/example_setup_teardown_taskflow.py
[2026-06-04T06:42:45.835+0000] {logging_mixin.py:188} INFO - [2026-06-04T06:42:45.835+0000] {dag.py:3033} INFO - Sync 1 DAGs
[2026-06-04T06:42:45.846+0000] {logging_mixin.py:188} INFO - [2026-06-04T06:42:45.846+0000] {dag.py:3820} INFO - Setting next_dagrun for example_setup_teardown_taskflow to 2026-06-03T00:00:00+00:00, run_after=2026-06-04T00:00:00+00:00
[2026-06-04T06:42:45.853+0000] {processor.py:183} INFO - Processing /home/airflow/.local/lib/python3.8/site-packages/airflow/example_dags/example_setup_teardown_taskflow.py took 0.045 seconds
[2026-06-04T06:43:15.964+0000] {processor.py:161} INFO - Started process (PID=809) to work on /home/airflow/.local/lib/python3.8/site-packages/airflow/example_dags/example_setup_teardown_taskflow.py
[2026-06-04T06:43:15.964+0000] {processor.py:830} INFO - Processing file /home/airflow/.local/lib/python3.8/site-packages/airflow/example_dags/example_setup_teardown_taskflow.py for tasks to queue
[2026-06-04T06:43:15.965+0000] {logging_mixin.py:188} INFO - [2026-06-04T06:43:15.965+0000] {dagbag.py:538} INFO - Filling up the DagBag from /home/airflow/.local/lib/python3.8/site-packages/airflow/example_dags/example_setup_teardown_taskflow.py
[2026-06-04T06:43:15.971+0000] {processor.py:840} INFO - DAG(s) 'example_setup_teardown_taskflow' retrieved from /home/airflow/.local/lib/python3.8/site-packages/airflow/example_dags/example_setup_teardown_taskflow.py
[2026-06-04T06:43:15.989+0000] {logging_mixin.py:188} INFO - [2026-06-04T06:43:15.989+0000] {dag.py:3033} INFO - Sync 1 DAGs
[2026-06-04T06:43:16.001+0000] {logging_mixin.py:188} INFO - [2026-06-04T06:43:16.000+0000] {dag.py:3820} INFO - Setting next_dagrun for example_setup_teardown_taskflow to 2026-06-03T00:00:00+00:00, run_after=2026-06-04T00:00:00+00:00
[2026-06-04T06:43:16.010+0000] {processor.py:183} INFO - Processing /home/airflow/.local/lib/python3.8/site-packages/airflow/example_dags/example_setup_teardown_taskflow.py took 0.048 seconds
[2026-06-04T06:43:46.050+0000] {processor.py:161} INFO - Started process (PID=864) to work on /home/airflow/.local/lib/python3.8/site-packages/airflow/example_dags/example_setup_teardown_taskflow.py
[2026-06-04T06:43:46.051+0000] {processor.py:830} INFO - Processing file /home/airflow/.local/lib/python3.8/site-packages/airflow/example_dags/example_setup_teardown_taskflow.py for tasks to queue
[2026-06-04T06:43:46.052+0000] {logging_mixin.py:188} INFO - [2026-06-04T06:43:46.051+0000] {dagbag.py:538} INFO - Filling up the DagBag from /home/airflow/.local/lib/python3.8/site-packages/airflow/example_dags/example_setup_teardown_taskflow.py
[2026-06-04T06:43:46.055+0000] {processor.py:840} INFO - DAG(s) 'example_setup_teardown_taskflow' retrieved from /home/airflow/.local/lib/python3.8/site-packages/airflow/example_dags/example_setup_teardown_taskflow.py
[2026-06-04T06:43:46.065+0000] {logging_mixin.py:188} INFO - [2026-06-04T06:43:46.065+0000] {dag.py:3033} INFO - Sync 1 DAGs
[2026-06-04T06:43:46.073+0000] {logging_mixin.py:188} INFO - [2026-06-04T06:43:46.073+0000] {dag.py:3820} INFO - Setting next_dagrun for example_setup_teardown_taskflow to 2026-06-03T00:00:00+00:00, run_after=2026-06-04T00:00:00+00:00
[2026-06-04T06:43:46.079+0000] {processor.py:183} INFO - Processing /home/airflow/.local/lib/python3.8/site-packages/airflow/example_dags/example_setup_teardown_taskflow.py took 0.031 seconds
[2026-06-04T06:44:16.185+0000] {processor.py:161} INFO - Started process (PID=920) to work on /home/airflow/.local/lib/python3.8/site-packages/airflow/example_dags/example_setup_teardown_taskflow.py
[2026-06-04T06:44:16.185+0000] {processor.py:830} INFO - Processing file /home/airflow/.local/lib/python3.8/site-packages/airflow/example_dags/example_setup_teardown_taskflow.py for tasks to queue
[2026-06-04T06:44:16.186+0000] {logging_mixin.py:188} INFO - [2026-06-04T06:44:16.186+0000] {dagbag.py:538} INFO - Filling up the DagBag from /home/airflow/.local/lib/python3.8/site-packages/airflow/example_dags/example_setup_teardown_taskflow.py
[2026-06-04T06:44:16.192+0000] {processor.py:840} INFO - DAG(s) 'example_setup_teardown_taskflow' retrieved from /home/airflow/.local/lib/python3.8/site-packages/airflow/example_dags/example_setup_teardown_taskflow.py
[2026-06-04T06:44:16.203+0000] {logging_mixin.py:188} INFO - [2026-06-04T06:44:16.203+0000] {dag.py:3033} INFO - Sync 1 DAGs
[2026-06-04T06:44:16.211+0000] {logging_mixin.py:188} INFO - [2026-06-04T06:44:16.211+0000] {dag.py:3820} INFO - Setting next_dagrun for example_setup_teardown_taskflow to 2026-06-03T00:00:00+00:00, run_after=2026-06-04T00:00:00+00:00
[2026-06-04T06:44:16.221+0000] {processor.py:183} INFO - Processing /home/airflow/.local/lib/python3.8/site-packages/airflow/example_dags/example_setup_teardown_taskflow.py took 0.038 seconds
[2026-06-04T06:44:47.070+0000] {processor.py:161} INFO - Started process (PID=975) to work on /home/airflow/.local/lib/python3.8/site-packages/airflow/example_dags/example_setup_teardown_taskflow.py
[2026-06-04T06:44:47.072+0000] {processor.py:830} INFO - Processing file /home/airflow/.local/lib/python3.8/site-packages/airflow/example_dags/example_setup_teardown_taskflow.py for tasks to queue
[2026-06-04T06:44:47.073+0000] {logging_mixin.py:188} INFO - [2026-06-04T06:44:47.073+0000] {dagbag.py:538} INFO - Filling up the DagBag from /home/airflow/.local/lib/python3.8/site-packages/airflow/example_dags/example_setup_teardown_taskflow.py
[2026-06-04T06:44:47.077+0000] {processor.py:840} INFO - DAG(s) 'example_setup_teardown_taskflow' retrieved from /home/airflow/.local/lib/python3.8/site-packages/airflow/example_dags/example_setup_teardown_taskflow.py
[2026-06-04T06:44:47.091+0000] {logging_mixin.py:188} INFO - [2026-06-04T06:44:47.091+0000] {dag.py:3033} INFO - Sync 1 DAGs
[2026-06-04T06:44:47.099+0000] {logging_mixin.py:188} INFO - [2026-06-04T06:44:47.099+0000] {dag.py:3820} INFO - Setting next_dagrun for example_setup_teardown_taskflow to 2026-06-03T00:00:00+00:00, run_after=2026-06-04T00:00:00+00:00
[2026-06-04T06:44:47.109+0000] {processor.py:183} INFO - Processing /home/airflow/.local/lib/python3.8/site-packages/airflow/example_dags/example_setup_teardown_taskflow.py took 0.040 seconds
[2026-06-04T06:45:17.217+0000] {processor.py:161} INFO - Started process (PID=1031) to work on /home/airflow/.local/lib/python3.8/site-packages/airflow/example_dags/example_setup_teardown_taskflow.py
[2026-06-04T06:45:17.217+0000] {processor.py:830} INFO - Processing file /home/airflow/.local/lib/python3.8/site-packages/airflow/example_dags/example_setup_teardown_taskflow.py for tasks to queue
[2026-06-04T06:45:17.219+0000] {logging_mixin.py:188} INFO - [2026-06-04T06:45:17.219+0000] {dagbag.py:538} INFO - Filling up the DagBag from /home/airflow/.local/lib/python3.8/site-packages/airflow/example_dags/example_setup_teardown_taskflow.py
[2026-06-04T06:45:17.224+0000] {processor.py:840} INFO - DAG(s) 'example_setup_teardown_taskflow' retrieved from /home/airflow/.local/lib/python3.8/site-packages/airflow/example_dags/example_setup_teardown_taskflow.py
[2026-06-04T06:45:17.234+0000] {logging_mixin.py:188} INFO - [2026-06-04T06:45:17.234+0000] {dag.py:3033} INFO - Sync 1 DAGs
[2026-06-04T06:45:17.243+0000] {logging_mixin.py:188} INFO - [2026-06-04T06:45:17.243+0000] {dag.py:3820} INFO - Setting next_dagrun for example_setup_teardown_taskflow to 2026-06-03T00:00:00+00:00, run_after=2026-06-04T00:00:00+00:00
[2026-06-04T06:45:17.249+0000] {processor.py:183} INFO - Processing /home/airflow/.local/lib/python3.8/site-packages/airflow/example_dags/example_setup_teardown_taskflow.py took 0.034 seconds
[2026-06-04T06:45:47.451+0000] {processor.py:161} INFO - Started process (PID=1087) to work on /home/airflow/.local/lib/python3.8/site-packages/airflow/example_dags/example_setup_teardown_taskflow.py
[2026-06-04T06:45:47.452+0000] {processor.py:830} INFO - Processing file /home/airflow/.local/lib/python3.8/site-packages/airflow/example_dags/example_setup_teardown_taskflow.py for tasks to queue
[2026-06-04T06:45:47.453+0000] {logging_mixin.py:188} INFO - [2026-06-04T06:45:47.453+0000] {dagbag.py:538} INFO - Filling up the DagBag from /home/airflow/.local/lib/python3.8/site-packages/airflow/example_dags/example_setup_teardown_taskflow.py
[2026-06-04T06:45:47.457+0000] {processor.py:840} INFO - DAG(s) 'example_setup_teardown_taskflow' retrieved from /home/airflow/.local/lib/python3.8/site-packages/airflow/example_dags/example_setup_teardown_taskflow.py
[2026-06-04T06:45:47.466+0000] {logging_mixin.py:188} INFO - [2026-06-04T06:45:47.466+0000] {dag.py:3033} INFO - Sync 1 DAGs
[2026-06-04T06:45:47.476+0000] {logging_mixin.py:188} INFO - [2026-06-04T06:45:47.476+0000] {dag.py:3820} INFO - Setting next_dagrun for example_setup_teardown_taskflow to 2026-06-03T00:00:00+00:00, run_after=2026-06-04T00:00:00+00:00
[2026-06-04T06:45:47.488+0000] {processor.py:183} INFO - Processing /home/airflow/.local/lib/python3.8/site-packages/airflow/example_dags/example_setup_teardown_taskflow.py took 0.039 seconds
[2026-06-04T06:46:18.345+0000] {processor.py:161} INFO - Started process (PID=1143) to work on /home/airflow/.local/lib/python3.8/site-packages/airflow/example_dags/example_setup_teardown_taskflow.py
[2026-06-04T06:46:18.346+0000] {processor.py:830} INFO - Processing file /home/airflow/.local/lib/python3.8/site-packages/airflow/example_dags/example_setup_teardown_taskflow.py for tasks to queue
[2026-06-04T06:46:18.347+0000] {logging_mixin.py:188} INFO - [2026-06-04T06:46:18.347+0000] {dagbag.py:538} INFO - Filling up the DagBag from /home/airflow/.local/lib/python3.8/site-packages/airflow/example_dags/example_setup_teardown_taskflow.py
[2026-06-04T06:46:18.352+0000] {processor.py:840} INFO - DAG(s) 'example_setup_teardown_taskflow' retrieved from /home/airflow/.local/lib/python3.8/site-packages/airflow/example_dags/example_setup_teardown_taskflow.py
[2026-06-04T06:46:18.363+0000] {logging_mixin.py:188} INFO - [2026-06-04T06:46:18.363+0000] {dag.py:3033} INFO - Sync 1 DAGs
[2026-06-04T06:46:18.374+0000] {logging_mixin.py:188} INFO - [2026-06-04T06:46:18.374+0000] {dag.py:3820} INFO - Setting next_dagrun for example_setup_teardown_taskflow to 2026-06-03T00:00:00+00:00, run_after=2026-06-04T00:00:00+00:00
[2026-06-04T06:46:18.388+0000] {processor.py:183} INFO - Processing /home/airflow/.local/lib/python3.8/site-packages/airflow/example_dags/example_setup_teardown_taskflow.py took 0.044 seconds
[2026-06-04T06:46:48.551+0000] {processor.py:161} INFO - Started process (PID=1199) to work on /home/airflow/.local/lib/python3.8/site-packages/airflow/example_dags/example_setup_teardown_taskflow.py
[2026-06-04T06:46:48.551+0000] {processor.py:830} INFO - Processing file /home/airflow/.local/lib/python3.8/site-packages/airflow/example_dags/example_setup_teardown_taskflow.py for tasks to queue
[2026-06-04T06:46:48.554+0000] {logging_mixin.py:188} INFO - [2026-06-04T06:46:48.554+0000] {dagbag.py:538} INFO - Filling up the DagBag from /home/airflow/.local/lib/python3.8/site-packages/airflow/example_dags/example_setup_teardown_taskflow.py
[2026-06-04T06:46:48.561+0000] {processor.py:840} INFO - DAG(s) 'example_setup_teardown_taskflow' retrieved from /home/airflow/.local/lib/python3.8/site-packages/airflow/example_dags/example_setup_teardown_taskflow.py
[2026-06-04T06:46:48.574+0000] {logging_mixin.py:188} INFO - [2026-06-04T06:46:48.574+0000] {dag.py:3033} INFO - Sync 1 DAGs
[2026-06-04T06:46:48.585+0000] {logging_mixin.py:188} INFO - [2026-06-04T06:46:48.585+0000] {dag.py:3820} INFO - Setting next_dagrun for example_setup_teardown_taskflow to 2026-06-03T00:00:00+00:00, run_after=2026-06-04T00:00:00+00:00
[2026-06-04T06:46:48.594+0000] {processor.py:183} INFO - Processing /home/airflow/.local/lib/python3.8/site-packages/airflow/example_dags/example_setup_teardown_taskflow.py took 0.045 seconds
[2026-06-04T06:47:18.735+0000] {processor.py:161} INFO - Started process (PID=1255) to work on /home/airflow/.local/lib/python3.8/site-packages/airflow/example_dags/example_setup_teardown_taskflow.py
[2026-06-04T06:47:18.735+0000] {processor.py:830} INFO - Processing file /home/airflow/.local/lib/python3.8/site-packages/airflow/example_dags/example_setup_teardown_taskflow.py for tasks to queue
[2026-06-04T06:47:18.737+0000] {logging_mixin.py:188} INFO - [2026-06-04T06:47:18.737+0000] {dagbag.py:538} INFO - Filling up the DagBag from /home/airflow/.local/lib/python3.8/site-packages/airflow/example_dags/example_setup_teardown_taskflow.py
[2026-06-04T06:47:18.742+0000] {processor.py:840} INFO - DAG(s) 'example_setup_teardown_taskflow' retrieved from /home/airflow/.local/lib/python3.8/site-packages/airflow/example_dags/example_setup_teardown_taskflow.py
[2026-06-04T06:47:18.754+0000] {logging_mixin.py:188} INFO - [2026-06-04T06:47:18.754+0000] {dag.py:3033} INFO - Sync 1 DAGs
[2026-06-04T06:47:18.763+0000] {logging_mixin.py:188} INFO - [2026-06-04T06:47:18.762+0000] {dag.py:3820} INFO - Setting next_dagrun for example_setup_teardown_taskflow to 2026-06-03T00:00:00+00:00, run_after=2026-06-04T00:00:00+00:00
[2026-06-04T06:47:18.769+0000] {processor.py:183} INFO - Processing /home/airflow/.local/lib/python3.8/site-packages/airflow/example_dags/example_setup_teardown_taskflow.py took 0.036 seconds
[2026-06-04T06:47:49.608+0000] {processor.py:161} INFO - Started process (PID=1311) to work on /home/airflow/.local/lib/python3.8/site-packages/airflow/example_dags/example_setup_teardown_taskflow.py
[2026-06-04T06:47:49.609+0000] {processor.py:830} INFO - Processing file /home/airflow/.local/lib/python3.8/site-packages/airflow/example_dags/example_setup_teardown_taskflow.py for tasks to queue
[2026-06-04T06:47:49.610+0000] {logging_mixin.py:188} INFO - [2026-06-04T06:47:49.610+0000] {dagbag.py:538} INFO - Filling up the DagBag from /home/airflow/.local/lib/python3.8/site-packages/airflow/example_dags/example_setup_teardown_taskflow.py
[2026-06-04T06:47:49.615+0000] {processor.py:840} INFO - DAG(s) 'example_setup_teardown_taskflow' retrieved from /home/airflow/.local/lib/python3.8/site-packages/airflow/example_dags/example_setup_teardown_taskflow.py
[2026-06-04T06:47:49.624+0000] {logging_mixin.py:188} INFO - [2026-06-04T06:47:49.624+0000] {dag.py:3033} INFO - Sync 1 DAGs
[2026-06-04T06:47:49.635+0000] {logging_mixin.py:188} INFO - [2026-06-04T06:47:49.635+0000] {dag.py:3820} INFO - Setting next_dagrun for example_setup_teardown_taskflow to 2026-06-03T00:00:00+00:00, run_after=2026-06-04T00:00:00+00:00
[2026-06-04T06:47:49.647+0000] {processor.py:183} INFO - Processing /home/airflow/.local/lib/python3.8/site-packages/airflow/example_dags/example_setup_teardown_taskflow.py took 0.041 seconds
[2026-06-04T06:48:20.451+0000] {processor.py:161} INFO - Started process (PID=1367) to work on /home/airflow/.local/lib/python3.8/site-packages/airflow/example_dags/example_setup_teardown_taskflow.py
[2026-06-04T06:48:20.453+0000] {processor.py:830} INFO - Processing file /home/airflow/.local/lib/python3.8/site-packages/airflow/example_dags/example_setup_teardown_taskflow.py for tasks to queue
[2026-06-04T06:48:20.454+0000] {logging_mixin.py:188} INFO - [2026-06-04T06:48:20.454+0000] {dagbag.py:538} INFO - Filling up the DagBag from /home/airflow/.local/lib/python3.8/site-packages/airflow/example_dags/example_setup_teardown_taskflow.py
[2026-06-04T06:48:20.458+0000] {processor.py:840} INFO - DAG(s) 'example_setup_teardown_taskflow' retrieved from /home/airflow/.local/lib/python3.8/site-packages/airflow/example_dags/example_setup_teardown_taskflow.py
[2026-06-04T06:48:20.467+0000] {logging_mixin.py:188} INFO - [2026-06-04T06:48:20.467+0000] {dag.py:3033} INFO - Sync 1 DAGs
[2026-06-04T06:48:20.476+0000] {logging_mixin.py:188} INFO - [2026-06-04T06:48:20.476+0000] {dag.py:3820} INFO - Setting next_dagrun for example_setup_teardown_taskflow to 2026-06-03T00:00:00+00:00, run_after=2026-06-04T00:00:00+00:00
[2026-06-04T06:48:20.489+0000] {processor.py:183} INFO - Processing /home/airflow/.local/lib/python3.8/site-packages/airflow/example_dags/example_setup_teardown_taskflow.py took 0.039 seconds
[2026-06-04T06:48:51.494+0000] {processor.py:161} INFO - Started process (PID=1423) to work on /home/airflow/.local/lib/python3.8/site-packages/airflow/example_dags/example_setup_teardown_taskflow.py
[2026-06-04T06:48:51.495+0000] {processor.py:830} INFO - Processing file /home/airflow/.local/lib/python3.8/site-packages/airflow/example_dags/example_setup_teardown_taskflow.py for tasks to queue
[2026-06-04T06:48:51.496+0000] {logging_mixin.py:188} INFO - [2026-06-04T06:48:51.496+0000] {dagbag.py:538} INFO - Filling up the DagBag from /home/airflow/.local/lib/python3.8/site-packages/airflow/example_dags/example_setup_teardown_taskflow.py
[2026-06-04T06:48:51.501+0000] {processor.py:840} INFO - DAG(s) 'example_setup_teardown_taskflow' retrieved from /home/airflow/.local/lib/python3.8/site-packages/airflow/example_dags/example_setup_teardown_taskflow.py
[2026-06-04T06:48:51.511+0000] {logging_mixin.py:188} INFO - [2026-06-04T06:48:51.511+0000] {dag.py:3033} INFO - Sync 1 DAGs
[2026-06-04T06:48:51.521+0000] {logging_mixin.py:188} INFO - [2026-06-04T06:48:51.521+0000] {dag.py:3820} INFO - Setting next_dagrun for example_setup_teardown_taskflow to 2026-06-03T00:00:00+00:00, run_after=2026-06-04T00:00:00+00:00
[2026-06-04T06:48:51.533+0000] {processor.py:183} INFO - Processing /home/airflow/.local/lib/python3.8/site-packages/airflow/example_dags/example_setup_teardown_taskflow.py took 0.041 seconds
[2026-06-04T06:49:22.613+0000] {processor.py:161} INFO - Started process (PID=1479) to work on /home/airflow/.local/lib/python3.8/site-packages/airflow/example_dags/example_setup_teardown_taskflow.py
[2026-06-04T06:49:22.613+0000] {processor.py:830} INFO - Processing file /home/airflow/.local/lib/python3.8/site-packages/airflow/example_dags/example_setup_teardown_taskflow.py for tasks to queue
[2026-06-04T06:49:22.614+0000] {logging_mixin.py:188} INFO - [2026-06-04T06:49:22.614+0000] {dagbag.py:538} INFO - Filling up the DagBag from /home/airflow/.local/lib/python3.8/site-packages/airflow/example_dags/example_setup_teardown_taskflow.py
[2026-06-04T06:49:22.619+0000] {processor.py:840} INFO - DAG(s) 'example_setup_teardown_taskflow' retrieved from /home/airflow/.local/lib/python3.8/site-packages/airflow/example_dags/example_setup_teardown_taskflow.py
[2026-06-04T06:49:22.629+0000] {logging_mixin.py:188} INFO - [2026-06-04T06:49:22.629+0000] {dag.py:3033} INFO - Sync 1 DAGs
[2026-06-04T06:49:22.639+0000] {logging_mixin.py:188} INFO - [2026-06-04T06:49:22.639+0000] {dag.py:3820} INFO - Setting next_dagrun for example_setup_teardown_taskflow to 2026-06-03T00:00:00+00:00, run_after=2026-06-04T00:00:00+00:00
[2026-06-04T06:49:22.647+0000] {processor.py:183} INFO - Processing /home/airflow/.local/lib/python3.8/site-packages/airflow/example_dags/example_setup_teardown_taskflow.py took 0.036 seconds
[2026-06-04T06:49:52.842+0000] {processor.py:161} INFO - Started process (PID=1535) to work on /home/airflow/.local/lib/python3.8/site-packages/airflow/example_dags/example_setup_teardown_taskflow.py
[2026-06-04T06:49:52.842+0000] {processor.py:830} INFO - Processing file /home/airflow/.local/lib/python3.8/site-packages/airflow/example_dags/example_setup_teardown_taskflow.py for tasks to queue
[2026-06-04T06:49:52.843+0000] {logging_mixin.py:188} INFO - [2026-06-04T06:49:52.843+0000] {dagbag.py:538} INFO - Filling up the DagBag from /home/airflow/.local/lib/python3.8/site-packages/airflow/example_dags/example_setup_teardown_taskflow.py
[2026-06-04T06:49:52.849+0000] {processor.py:840} INFO - DAG(s) 'example_setup_teardown_taskflow' retrieved from /home/airflow/.local/lib/python3.8/site-packages/airflow/example_dags/example_setup_teardown_taskflow.py
[2026-06-04T06:49:52.861+0000] {logging_mixin.py:188} INFO - [2026-06-04T06:49:52.861+0000] {dag.py:3033} INFO - Sync 1 DAGs
[2026-06-04T06:49:52.872+0000] {logging_mixin.py:188} INFO - [2026-06-04T06:49:52.872+0000] {dag.py:3820} INFO - Setting next_dagrun for example_setup_teardown_taskflow to 2026-06-03T00:00:00+00:00, run_after=2026-06-04T00:00:00+00:00
[2026-06-04T06:49:52.882+0000] {processor.py:183} INFO - Processing /home/airflow/.local/lib/python3.8/site-packages/airflow/example_dags/example_setup_teardown_taskflow.py took 0.042 seconds
[2026-06-04T06:50:22.949+0000] {processor.py:161} INFO - Started process (PID=1591) to work on /home/airflow/.local/lib/python3.8/site-packages/airflow/example_dags/example_setup_teardown_taskflow.py
[2026-06-04T06:50:22.950+0000] {processor.py:830} INFO - Processing file /home/airflow/.local/lib/python3.8/site-packages/airflow/example_dags/example_setup_teardown_taskflow.py for tasks to queue
[2026-06-04T06:50:22.952+0000] {logging_mixin.py:188} INFO - [2026-06-04T06:50:22.951+0000] {dagbag.py:538} INFO - Filling up the DagBag from /home/airflow/.local/lib/python3.8/site-packages/airflow/example_dags/example_setup_teardown_taskflow.py
[2026-06-04T06:50:22.957+0000] {processor.py:840} INFO - DAG(s) 'example_setup_teardown_taskflow' retrieved from /home/airflow/.local/lib/python3.8/site-packages/airflow/example_dags/example_setup_teardown_taskflow.py
[2026-06-04T06:50:22.970+0000] {logging_mixin.py:188} INFO - [2026-06-04T06:50:22.970+0000] {dag.py:3033} INFO - Sync 1 DAGs
[2026-06-04T06:50:22.979+0000] {logging_mixin.py:188} INFO - [2026-06-04T06:50:22.979+0000] {dag.py:3820} INFO - Setting next_dagrun for example_setup_teardown_taskflow to 2026-06-03T00:00:00+00:00, run_after=2026-06-04T00:00:00+00:00
[2026-06-04T06:50:22.987+0000] {processor.py:183} INFO - Processing /home/airflow/.local/lib/python3.8/site-packages/airflow/example_dags/example_setup_teardown_taskflow.py took 0.039 seconds
[2026-06-04T06:50:54.076+0000] {processor.py:161} INFO - Started process (PID=1647) to work on /home/airflow/.local/lib/python3.8/site-packages/airflow/example_dags/example_setup_teardown_taskflow.py
[2026-06-04T06:50:54.077+0000] {processor.py:830} INFO - Processing file /home/airflow/.local/lib/python3.8/site-packages/airflow/example_dags/example_setup_teardown_taskflow.py for tasks to queue
[2026-06-04T06:50:54.078+0000] {logging_mixin.py:188} INFO - [2026-06-04T06:50:54.078+0000] {dagbag.py:538} INFO - Filling up the DagBag from /home/airflow/.local/lib/python3.8/site-packages/airflow/example_dags/example_setup_teardown_taskflow.py
[2026-06-04T06:50:54.082+0000] {processor.py:840} INFO - DAG(s) 'example_setup_teardown_taskflow' retrieved from /home/airflow/.local/lib/python3.8/site-packages/airflow/example_dags/example_setup_teardown_taskflow.py
[2026-06-04T06:50:54.093+0000] {logging_mixin.py:188} INFO - [2026-06-04T06:50:54.093+0000] {dag.py:3033} INFO - Sync 1 DAGs
[2026-06-04T06:50:54.101+0000] {logging_mixin.py:188} INFO - [2026-06-04T06:50:54.101+0000] {dag.py:3820} INFO - Setting next_dagrun for example_setup_teardown_taskflow to 2026-06-03T00:00:00+00:00, run_after=2026-06-04T00:00:00+00:00
[2026-06-04T06:50:54.108+0000] {processor.py:183} INFO - Processing /home/airflow/.local/lib/python3.8/site-packages/airflow/example_dags/example_setup_teardown_taskflow.py took 0.034 seconds
[2026-06-04T06:51:25.114+0000] {processor.py:161} INFO - Started process (PID=1703) to work on /home/airflow/.local/lib/python3.8/site-packages/airflow/example_dags/example_setup_teardown_taskflow.py
[2026-06-04T06:51:25.115+0000] {processor.py:830} INFO - Processing file /home/airflow/.local/lib/python3.8/site-packages/airflow/example_dags/example_setup_teardown_taskflow.py for tasks to queue
[2026-06-04T06:51:25.116+0000] {logging_mixin.py:188} INFO - [2026-06-04T06:51:25.116+0000] {dagbag.py:538} INFO - Filling up the DagBag from /home/airflow/.local/lib/python3.8/site-packages/airflow/example_dags/example_setup_teardown_taskflow.py
[2026-06-04T06:51:25.120+0000] {processor.py:840} INFO - DAG(s) 'example_setup_teardown_taskflow' retrieved from /home/airflow/.local/lib/python3.8/site-packages/airflow/example_dags/example_setup_teardown_taskflow.py
[2026-06-04T06:51:25.131+0000] {logging_mixin.py:188} INFO - [2026-06-04T06:51:25.131+0000] {dag.py:3033} INFO - Sync 1 DAGs
[2026-06-04T06:51:25.139+0000] {logging_mixin.py:188} INFO - [2026-06-04T06:51:25.139+0000] {dag.py:3820} INFO - Setting next_dagrun for example_setup_teardown_taskflow to 2026-06-03T00:00:00+00:00, run_after=2026-06-04T00:00:00+00:00
[2026-06-04T06:51:25.151+0000] {processor.py:183} INFO - Processing /home/airflow/.local/lib/python3.8/site-packages/airflow/example_dags/example_setup_teardown_taskflow.py took 0.038 seconds
[2026-06-04T06:51:55.872+0000] {processor.py:161} INFO - Started process (PID=1759) to work on /home/airflow/.local/lib/python3.8/site-packages/airflow/example_dags/example_setup_teardown_taskflow.py
[2026-06-04T06:51:55.873+0000] {processor.py:830} INFO - Processing file /home/airflow/.local/lib/python3.8/site-packages/airflow/example_dags/example_setup_teardown_taskflow.py for tasks to queue
[2026-06-04T06:51:55.874+0000] {logging_mixin.py:188} INFO - [2026-06-04T06:51:55.873+0000] {dagbag.py:538} INFO - Filling up the DagBag from /home/airflow/.local/lib/python3.8/site-packages/airflow/example_dags/example_setup_teardown_taskflow.py
[2026-06-04T06:51:55.878+0000] {processor.py:840} INFO - DAG(s) 'example_setup_teardown_taskflow' retrieved from /home/airflow/.local/lib/python3.8/site-packages/airflow/example_dags/example_setup_teardown_taskflow.py
[2026-06-04T06:51:55.890+0000] {logging_mixin.py:188} INFO - [2026-06-04T06:51:55.890+0000] {dag.py:3033} INFO - Sync 1 DAGs
[2026-06-04T06:51:55.898+0000] {logging_mixin.py:188} INFO - [2026-06-04T06:51:55.898+0000] {dag.py:3820} INFO - Setting next_dagrun for example_setup_teardown_taskflow to 2026-06-03T00:00:00+00:00, run_after=2026-06-04T00:00:00+00:00
[2026-06-04T06:51:55.908+0000] {processor.py:183} INFO - Processing /home/airflow/.local/lib/python3.8/site-packages/airflow/example_dags/example_setup_teardown_taskflow.py took 0.037 seconds
[2026-06-04T06:52:26.159+0000] {processor.py:161} INFO - Started process (PID=1815) to work on /home/airflow/.local/lib/python3.8/site-packages/airflow/example_dags/example_setup_teardown_taskflow.py
[2026-06-04T06:52:26.160+0000] {processor.py:830} INFO - Processing file /home/airflow/.local/lib/python3.8/site-packages/airflow/example_dags/example_setup_teardown_taskflow.py for tasks to queue
[2026-06-04T06:52:26.162+0000] {logging_mixin.py:188} INFO - [2026-06-04T06:52:26.162+0000] {dagbag.py:538} INFO - Filling up the DagBag from /home/airflow/.local/lib/python3.8/site-packages/airflow/example_dags/example_setup_teardown_taskflow.py
[2026-06-04T06:52:26.167+0000] {processor.py:840} INFO - DAG(s) 'example_setup_teardown_taskflow' retrieved from /home/airflow/.local/lib/python3.8/site-packages/airflow/example_dags/example_setup_teardown_taskflow.py
[2026-06-04T06:52:26.178+0000] {logging_mixin.py:188} INFO - [2026-06-04T06:52:26.178+0000] {dag.py:3033} INFO - Sync 1 DAGs
[2026-06-04T06:52:26.191+0000] {logging_mixin.py:188} INFO - [2026-06-04T06:52:26.191+0000] {dag.py:3820} INFO - Setting next_dagrun for example_setup_teardown_taskflow to 2026-06-03T00:00:00+00:00, run_after=2026-06-04T00:00:00+00:00
[2026-06-04T06:52:26.208+0000] {processor.py:183} INFO - Processing /home/airflow/.local/lib/python3.8/site-packages/airflow/example_dags/example_setup_teardown_taskflow.py took 0.051 seconds
[2026-06-04T06:52:56.711+0000] {processor.py:161} INFO - Started process (PID=1871) to work on /home/airflow/.local/lib/python3.8/site-packages/airflow/example_dags/example_setup_teardown_taskflow.py
[2026-06-04T06:52:56.711+0000] {processor.py:830} INFO - Processing file /home/airflow/.local/lib/python3.8/site-packages/airflow/example_dags/example_setup_teardown_taskflow.py for tasks to queue
[2026-06-04T06:52:56.712+0000] {logging_mixin.py:188} INFO - [2026-06-04T06:52:56.712+0000] {dagbag.py:538} INFO - Filling up the DagBag from /home/airflow/.local/lib/python3.8/site-packages/airflow/example_dags/example_setup_teardown_taskflow.py
[2026-06-04T06:52:56.717+0000] {processor.py:840} INFO - DAG(s) 'example_setup_teardown_taskflow' retrieved from /home/airflow/.local/lib/python3.8/site-packages/airflow/example_dags/example_setup_teardown_taskflow.py
[2026-06-04T06:52:56.727+0000] {logging_mixin.py:188} INFO - [2026-06-04T06:52:56.727+0000] {dag.py:3033} INFO - Sync 1 DAGs
[2026-06-04T06:52:56.736+0000] {logging_mixin.py:188} INFO - [2026-06-04T06:52:56.736+0000] {dag.py:3820} INFO - Setting next_dagrun for example_setup_teardown_taskflow to 2026-06-03T00:00:00+00:00, run_after=2026-06-04T00:00:00+00:00
[2026-06-04T06:52:56.746+0000] {processor.py:183} INFO - Processing /home/airflow/.local/lib/python3.8/site-packages/airflow/example_dags/example_setup_teardown_taskflow.py took 0.037 seconds
[2026-06-04T06:53:28.022+0000] {processor.py:161} INFO - Started process (PID=1927) to work on /home/airflow/.local/lib/python3.8/site-packages/airflow/example_dags/example_setup_teardown_taskflow.py
[2026-06-04T06:53:28.023+0000] {processor.py:830} INFO - Processing file /home/airflow/.local/lib/python3.8/site-packages/airflow/example_dags/example_setup_teardown_taskflow.py for tasks to queue
[2026-06-04T06:53:28.025+0000] {logging_mixin.py:188} INFO - [2026-06-04T06:53:28.025+0000] {dagbag.py:538} INFO - Filling up the DagBag from /home/airflow/.local/lib/python3.8/site-packages/airflow/example_dags/example_setup_teardown_taskflow.py
[2026-06-04T06:53:28.029+0000] {processor.py:840} INFO - DAG(s) 'example_setup_teardown_taskflow' retrieved from /home/airflow/.local/lib/python3.8/site-packages/airflow/example_dags/example_setup_teardown_taskflow.py
[2026-06-04T06:53:28.041+0000] {logging_mixin.py:188} INFO - [2026-06-04T06:53:28.041+0000] {dag.py:3033} INFO - Sync 1 DAGs
[2026-06-04T06:53:28.071+0000] {logging_mixin.py:188} INFO - [2026-06-04T06:53:28.071+0000] {dag.py:3820} INFO - Setting next_dagrun for example_setup_teardown_taskflow to 2026-06-03T00:00:00+00:00, run_after=2026-06-04T00:00:00+00:00
[2026-06-04T06:53:28.225+0000] {processor.py:183} INFO - Processing /home/airflow/.local/lib/python3.8/site-packages/airflow/example_dags/example_setup_teardown_taskflow.py took 0.205 seconds
[2026-06-04T06:53:58.879+0000] {processor.py:161} INFO - Started process (PID=1983) to work on /home/airflow/.local/lib/python3.8/site-packages/airflow/example_dags/example_setup_teardown_taskflow.py
[2026-06-04T06:53:58.880+0000] {processor.py:830} INFO - Processing file /home/airflow/.local/lib/python3.8/site-packages/airflow/example_dags/example_setup_teardown_taskflow.py for tasks to queue
[2026-06-04T06:53:58.882+0000] {logging_mixin.py:188} INFO - [2026-06-04T06:53:58.882+0000] {dagbag.py:538} INFO - Filling up the DagBag from /home/airflow/.local/lib/python3.8/site-packages/airflow/example_dags/example_setup_teardown_taskflow.py
[2026-06-04T06:53:58.889+0000] {processor.py:840} INFO - DAG(s) 'example_setup_teardown_taskflow' retrieved from /home/airflow/.local/lib/python3.8/site-packages/airflow/example_dags/example_setup_teardown_taskflow.py
[2026-06-04T06:53:58.903+0000] {logging_mixin.py:188} INFO - [2026-06-04T06:53:58.902+0000] {dag.py:3033} INFO - Sync 1 DAGs
[2026-06-04T06:53:58.917+0000] {logging_mixin.py:188} INFO - [2026-06-04T06:53:58.917+0000] {dag.py:3820} INFO - Setting next_dagrun for example_setup_teardown_taskflow to 2026-06-03T00:00:00+00:00, run_after=2026-06-04T00:00:00+00:00
[2026-06-04T06:53:58.935+0000] {processor.py:183} INFO - Processing /home/airflow/.local/lib/python3.8/site-packages/airflow/example_dags/example_setup_teardown_taskflow.py took 0.057 seconds
[2026-06-04T06:54:29.100+0000] {processor.py:161} INFO - Started process (PID=2039) to work on /home/airflow/.local/lib/python3.8/site-packages/airflow/example_dags/example_setup_teardown_taskflow.py
[2026-06-04T06:54:29.101+0000] {processor.py:830} INFO - Processing file /home/airflow/.local/lib/python3.8/site-packages/airflow/example_dags/example_setup_teardown_taskflow.py for tasks to queue
[2026-06-04T06:54:29.104+0000] {logging_mixin.py:188} INFO - [2026-06-04T06:54:29.104+0000] {dagbag.py:538} INFO - Filling up the DagBag from /home/airflow/.local/lib/python3.8/site-packages/airflow/example_dags/example_setup_teardown_taskflow.py
[2026-06-04T06:54:29.109+0000] {processor.py:840} INFO - DAG(s) 'example_setup_teardown_taskflow' retrieved from /home/airflow/.local/lib/python3.8/site-packages/airflow/example_dags/example_setup_teardown_taskflow.py
[2026-06-04T06:54:29.118+0000] {logging_mixin.py:188} INFO - [2026-06-04T06:54:29.118+0000] {dag.py:3033} INFO - Sync 1 DAGs
[2026-06-04T06:54:29.126+0000] {logging_mixin.py:188} INFO - [2026-06-04T06:54:29.126+0000] {dag.py:3820} INFO - Setting next_dagrun for example_setup_teardown_taskflow to 2026-06-03T00:00:00+00:00, run_after=2026-06-04T00:00:00+00:00
[2026-06-04T06:54:29.137+0000] {processor.py:183} INFO - Processing /home/airflow/.local/lib/python3.8/site-packages/airflow/example_dags/example_setup_teardown_taskflow.py took 0.038 seconds
[2026-06-04T06:55:00.750+0000] {processor.py:161} INFO - Started process (PID=2095) to work on /home/airflow/.local/lib/python3.8/site-packages/airflow/example_dags/example_setup_teardown_taskflow.py
[2026-06-04T06:55:00.751+0000] {processor.py:830} INFO - Processing file /home/airflow/.local/lib/python3.8/site-packages/airflow/example_dags/example_setup_teardown_taskflow.py for tasks to queue
[2026-06-04T06:55:00.753+0000] {logging_mixin.py:188} INFO - [2026-06-04T06:55:00.753+0000] {dagbag.py:538} INFO - Filling up the DagBag from /home/airflow/.local/lib/python3.8/site-packages/airflow/example_dags/example_setup_teardown_taskflow.py
[2026-06-04T06:55:00.758+0000] {processor.py:840} INFO - DAG(s) 'example_setup_teardown_taskflow' retrieved from /home/airflow/.local/lib/python3.8/site-packages/airflow/example_dags/example_setup_teardown_taskflow.py
[2026-06-04T06:55:00.768+0000] {logging_mixin.py:188} INFO - [2026-06-04T06:55:00.768+0000] {dag.py:3033} INFO - Sync 1 DAGs
[2026-06-04T06:55:00.777+0000] {logging_mixin.py:188} INFO - [2026-06-04T06:55:00.777+0000] {dag.py:3820} INFO - Setting next_dagrun for example_setup_teardown_taskflow to 2026-06-03T00:00:00+00:00, run_after=2026-06-04T00:00:00+00:00
[2026-06-04T06:55:00.789+0000] {processor.py:183} INFO - Processing /home/airflow/.local/lib/python3.8/site-packages/airflow/example_dags/example_setup_teardown_taskflow.py took 0.041 seconds
[2026-06-04T06:55:31.103+0000] {processor.py:161} INFO - Started process (PID=2151) to work on /home/airflow/.local/lib/python3.8/site-packages/airflow/example_dags/example_setup_teardown_taskflow.py
[2026-06-04T06:55:31.104+0000] {processor.py:830} INFO - Processing file /home/airflow/.local/lib/python3.8/site-packages/airflow/example_dags/example_setup_teardown_taskflow.py for tasks to queue
[2026-06-04T06:55:31.104+0000] {logging_mixin.py:188} INFO - [2026-06-04T06:55:31.104+0000] {dagbag.py:538} INFO - Filling up the DagBag from /home/airflow/.local/lib/python3.8/site-packages/airflow/example_dags/example_setup_teardown_taskflow.py
[2026-06-04T06:55:31.109+0000] {processor.py:840} INFO - DAG(s) 'example_setup_teardown_taskflow' retrieved from /home/airflow/.local/lib/python3.8/site-packages/airflow/example_dags/example_setup_teardown_taskflow.py
[2026-06-04T06:55:31.119+0000] {logging_mixin.py:188} INFO - [2026-06-04T06:55:31.119+0000] {dag.py:3033} INFO - Sync 1 DAGs
[2026-06-04T06:55:31.236+0000] {logging_mixin.py:188} INFO - [2026-06-04T06:55:31.236+0000] {dag.py:3820} INFO - Setting next_dagrun for example_setup_teardown_taskflow to 2026-06-03T00:00:00+00:00, run_after=2026-06-04T00:00:00+00:00
[2026-06-04T06:55:31.253+0000] {processor.py:183} INFO - Processing /home/airflow/.local/lib/python3.8/site-packages/airflow/example_dags/example_setup_teardown_taskflow.py took 0.152 seconds
[2026-06-04T06:56:02.122+0000] {processor.py:161} INFO - Started process (PID=2207) to work on /home/airflow/.local/lib/python3.8/site-packages/airflow/example_dags/example_setup_teardown_taskflow.py
[2026-06-04T06:56:02.122+0000] {processor.py:830} INFO - Processing file /home/airflow/.local/lib/python3.8/site-packages/airflow/example_dags/example_setup_teardown_taskflow.py for tasks to queue
[2026-06-04T06:56:02.124+0000] {logging_mixin.py:188} INFO - [2026-06-04T06:56:02.123+0000] {dagbag.py:538} INFO - Filling up the DagBag from /home/airflow/.local/lib/python3.8/site-packages/airflow/example_dags/example_setup_teardown_taskflow.py
[2026-06-04T06:56:02.129+0000] {processor.py:840} INFO - DAG(s) 'example_setup_teardown_taskflow' retrieved from /home/airflow/.local/lib/python3.8/site-packages/airflow/example_dags/example_setup_teardown_taskflow.py
[2026-06-04T06:56:02.144+0000] {logging_mixin.py:188} INFO - [2026-06-04T06:56:02.144+0000] {dag.py:3033} INFO - Sync 1 DAGs
[2026-06-04T06:56:02.247+0000] {logging_mixin.py:188} INFO - [2026-06-04T06:56:02.247+0000] {dag.py:3820} INFO - Setting next_dagrun for example_setup_teardown_taskflow to 2026-06-03T00:00:00+00:00, run_after=2026-06-04T00:00:00+00:00
[2026-06-04T06:56:02.256+0000] {processor.py:183} INFO - Processing /home/airflow/.local/lib/python3.8/site-packages/airflow/example_dags/example_setup_teardown_taskflow.py took 0.136 seconds
[2026-06-04T06:56:33.059+0000] {processor.py:161} INFO - Started process (PID=2264) to work on /home/airflow/.local/lib/python3.8/site-packages/airflow/example_dags/example_setup_teardown_taskflow.py
[2026-06-04T06:56:33.062+0000] {processor.py:830} INFO - Processing file /home/airflow/.local/lib/python3.8/site-packages/airflow/example_dags/example_setup_teardown_taskflow.py for tasks to queue
[2026-06-04T06:56:33.067+0000] {logging_mixin.py:188} INFO - [2026-06-04T06:56:33.066+0000] {dagbag.py:538} INFO - Filling up the DagBag from /home/airflow/.local/lib/python3.8/site-packages/airflow/example_dags/example_setup_teardown_taskflow.py
[2026-06-04T06:56:33.082+0000] {processor.py:840} INFO - DAG(s) 'example_setup_teardown_taskflow' retrieved from /home/airflow/.local/lib/python3.8/site-packages/airflow/example_dags/example_setup_teardown_taskflow.py
[2026-06-04T06:56:33.117+0000] {logging_mixin.py:188} INFO - [2026-06-04T06:56:33.117+0000] {dag.py:3033} INFO - Sync 1 DAGs
[2026-06-04T06:56:33.148+0000] {logging_mixin.py:188} INFO - [2026-06-04T06:56:33.148+0000] {dag.py:3820} INFO - Setting next_dagrun for example_setup_teardown_taskflow to 2026-06-03T00:00:00+00:00, run_after=2026-06-04T00:00:00+00:00
[2026-06-04T06:56:33.177+0000] {processor.py:183} INFO - Processing /home/airflow/.local/lib/python3.8/site-packages/airflow/example_dags/example_setup_teardown_taskflow.py took 0.146 seconds
[2026-06-04T06:57:03.328+0000] {processor.py:161} INFO - Started process (PID=2320) to work on /home/airflow/.local/lib/python3.8/site-packages/airflow/example_dags/example_setup_teardown_taskflow.py
[2026-06-04T06:57:03.330+0000] {processor.py:830} INFO - Processing file /home/airflow/.local/lib/python3.8/site-packages/airflow/example_dags/example_setup_teardown_taskflow.py for tasks to queue
[2026-06-04T06:57:03.331+0000] {logging_mixin.py:188} INFO - [2026-06-04T06:57:03.331+0000] {dagbag.py:538} INFO - Filling up the DagBag from /home/airflow/.local/lib/python3.8/site-packages/airflow/example_dags/example_setup_teardown_taskflow.py
[2026-06-04T06:57:03.344+0000] {processor.py:840} INFO - DAG(s) 'example_setup_teardown_taskflow' retrieved from /home/airflow/.local/lib/python3.8/site-packages/airflow/example_dags/example_setup_teardown_taskflow.py
[2026-06-04T06:57:03.401+0000] {logging_mixin.py:188} INFO - [2026-06-04T06:57:03.401+0000] {dag.py:3033} INFO - Sync 1 DAGs
[2026-06-04T06:57:03.430+0000] {logging_mixin.py:188} INFO - [2026-06-04T06:57:03.430+0000] {dag.py:3820} INFO - Setting next_dagrun for example_setup_teardown_taskflow to 2026-06-03T00:00:00+00:00, run_after=2026-06-04T00:00:00+00:00
[2026-06-04T06:57:03.449+0000] {processor.py:183} INFO - Processing /home/airflow/.local/lib/python3.8/site-packages/airflow/example_dags/example_setup_teardown_taskflow.py took 0.123 seconds
[2026-06-04T06:57:33.896+0000] {processor.py:161} INFO - Started process (PID=2376) to work on /home/airflow/.local/lib/python3.8/site-packages/airflow/example_dags/example_setup_teardown_taskflow.py
[2026-06-04T06:57:33.897+0000] {processor.py:830} INFO - Processing file /home/airflow/.local/lib/python3.8/site-packages/airflow/example_dags/example_setup_teardown_taskflow.py for tasks to queue
[2026-06-04T06:57:33.898+0000] {logging_mixin.py:188} INFO - [2026-06-04T06:57:33.898+0000] {dagbag.py:538} INFO - Filling up the DagBag from /home/airflow/.local/lib/python3.8/site-packages/airflow/example_dags/example_setup_teardown_taskflow.py
[2026-06-04T06:57:33.903+0000] {processor.py:840} INFO - DAG(s) 'example_setup_teardown_taskflow' retrieved from /home/airflow/.local/lib/python3.8/site-packages/airflow/example_dags/example_setup_teardown_taskflow.py
[2026-06-04T06:57:33.918+0000] {logging_mixin.py:188} INFO - [2026-06-04T06:57:33.917+0000] {dag.py:3033} INFO - Sync 1 DAGs
[2026-06-04T06:57:33.931+0000] {logging_mixin.py:188} INFO - [2026-06-04T06:57:33.931+0000] {dag.py:3820} INFO - Setting next_dagrun for example_setup_teardown_taskflow to 2026-06-03T00:00:00+00:00, run_after=2026-06-04T00:00:00+00:00
[2026-06-04T06:57:33.938+0000] {processor.py:183} INFO - Processing /home/airflow/.local/lib/python3.8/site-packages/airflow/example_dags/example_setup_teardown_taskflow.py took 0.043 seconds
[2026-06-04T06:58:05.097+0000] {processor.py:161} INFO - Started process (PID=2432) to work on /home/airflow/.local/lib/python3.8/site-packages/airflow/example_dags/example_setup_teardown_taskflow.py
[2026-06-04T06:58:05.097+0000] {processor.py:830} INFO - Processing file /home/airflow/.local/lib/python3.8/site-packages/airflow/example_dags/example_setup_teardown_taskflow.py for tasks to queue
[2026-06-04T06:58:05.098+0000] {logging_mixin.py:188} INFO - [2026-06-04T06:58:05.098+0000] {dagbag.py:538} INFO - Filling up the DagBag from /home/airflow/.local/lib/python3.8/site-packages/airflow/example_dags/example_setup_teardown_taskflow.py
[2026-06-04T06:58:05.105+0000] {processor.py:840} INFO - DAG(s) 'example_setup_teardown_taskflow' retrieved from /home/airflow/.local/lib/python3.8/site-packages/airflow/example_dags/example_setup_teardown_taskflow.py
[2026-06-04T06:58:05.118+0000] {logging_mixin.py:188} INFO - [2026-06-04T06:58:05.118+0000] {dag.py:3033} INFO - Sync 1 DAGs
[2026-06-04T06:58:05.131+0000] {logging_mixin.py:188} INFO - [2026-06-04T06:58:05.131+0000] {dag.py:3820} INFO - Setting next_dagrun for example_setup_teardown_taskflow to 2026-06-03T00:00:00+00:00, run_after=2026-06-04T00:00:00+00:00
[2026-06-04T06:58:05.142+0000] {processor.py:183} INFO - Processing /home/airflow/.local/lib/python3.8/site-packages/airflow/example_dags/example_setup_teardown_taskflow.py took 0.048 seconds
[2026-06-04T06:58:35.744+0000] {processor.py:161} INFO - Started process (PID=2488) to work on /home/airflow/.local/lib/python3.8/site-packages/airflow/example_dags/example_setup_teardown_taskflow.py
[2026-06-04T06:58:35.744+0000] {processor.py:830} INFO - Processing file /home/airflow/.local/lib/python3.8/site-packages/airflow/example_dags/example_setup_teardown_taskflow.py for tasks to queue
[2026-06-04T06:58:35.745+0000] {logging_mixin.py:188} INFO - [2026-06-04T06:58:35.745+0000] {dagbag.py:538} INFO - Filling up the DagBag from /home/airflow/.local/lib/python3.8/site-packages/airflow/example_dags/example_setup_teardown_taskflow.py
[2026-06-04T06:58:35.749+0000] {processor.py:840} INFO - DAG(s) 'example_setup_teardown_taskflow' retrieved from /home/airflow/.local/lib/python3.8/site-packages/airflow/example_dags/example_setup_teardown_taskflow.py
[2026-06-04T06:58:35.757+0000] {logging_mixin.py:188} INFO - [2026-06-04T06:58:35.757+0000] {dag.py:3033} INFO - Sync 1 DAGs
[2026-06-04T06:58:35.765+0000] {logging_mixin.py:188} INFO - [2026-06-04T06:58:35.765+0000] {dag.py:3820} INFO - Setting next_dagrun for example_setup_teardown_taskflow to 2026-06-03T00:00:00+00:00, run_after=2026-06-04T00:00:00+00:00
[2026-06-04T06:58:35.771+0000] {processor.py:183} INFO - Processing /home/airflow/.local/lib/python3.8/site-packages/airflow/example_dags/example_setup_teardown_taskflow.py took 0.029 seconds
[2026-06-04T06:59:06.131+0000] {processor.py:161} INFO - Started process (PID=2544) to work on /home/airflow/.local/lib/python3.8/site-packages/airflow/example_dags/example_setup_teardown_taskflow.py
[2026-06-04T06:59:06.132+0000] {processor.py:830} INFO - Processing file /home/airflow/.local/lib/python3.8/site-packages/airflow/example_dags/example_setup_teardown_taskflow.py for tasks to queue
[2026-06-04T06:59:06.133+0000] {logging_mixin.py:188} INFO - [2026-06-04T06:59:06.133+0000] {dagbag.py:538} INFO - Filling up the DagBag from /home/airflow/.local/lib/python3.8/site-packages/airflow/example_dags/example_setup_teardown_taskflow.py
[2026-06-04T06:59:06.138+0000] {processor.py:840} INFO - DAG(s) 'example_setup_teardown_taskflow' retrieved from /home/airflow/.local/lib/python3.8/site-packages/airflow/example_dags/example_setup_teardown_taskflow.py
[2026-06-04T06:59:06.162+0000] {logging_mixin.py:188} INFO - [2026-06-04T06:59:06.162+0000] {dag.py:3033} INFO - Sync 1 DAGs
[2026-06-04T06:59:06.173+0000] {logging_mixin.py:188} INFO - [2026-06-04T06:59:06.173+0000] {dag.py:3820} INFO - Setting next_dagrun for example_setup_teardown_taskflow to 2026-06-03T00:00:00+00:00, run_after=2026-06-04T00:00:00+00:00
[2026-06-04T06:59:06.183+0000] {processor.py:183} INFO - Processing /home/airflow/.local/lib/python3.8/site-packages/airflow/example_dags/example_setup_teardown_taskflow.py took 0.053 seconds
[2026-06-04T06:59:37.655+0000] {processor.py:161} INFO - Started process (PID=2600) to work on /home/airflow/.local/lib/python3.8/site-packages/airflow/example_dags/example_setup_teardown_taskflow.py
[2026-06-04T06:59:37.658+0000] {processor.py:830} INFO - Processing file /home/airflow/.local/lib/python3.8/site-packages/airflow/example_dags/example_setup_teardown_taskflow.py for tasks to queue
[2026-06-04T06:59:37.659+0000] {logging_mixin.py:188} INFO - [2026-06-04T06:59:37.659+0000] {dagbag.py:538} INFO - Filling up the DagBag from /home/airflow/.local/lib/python3.8/site-packages/airflow/example_dags/example_setup_teardown_taskflow.py
[2026-06-04T06:59:37.664+0000] {processor.py:840} INFO - DAG(s) 'example_setup_teardown_taskflow' retrieved from /home/airflow/.local/lib/python3.8/site-packages/airflow/example_dags/example_setup_teardown_taskflow.py
[2026-06-04T06:59:37.681+0000] {logging_mixin.py:188} INFO - [2026-06-04T06:59:37.681+0000] {dag.py:3033} INFO - Sync 1 DAGs
[2026-06-04T06:59:37.703+0000] {logging_mixin.py:188} INFO - [2026-06-04T06:59:37.702+0000] {dag.py:3820} INFO - Setting next_dagrun for example_setup_teardown_taskflow to 2026-06-03T00:00:00+00:00, run_after=2026-06-04T00:00:00+00:00
[2026-06-04T06:59:37.718+0000] {processor.py:183} INFO - Processing /home/airflow/.local/lib/python3.8/site-packages/airflow/example_dags/example_setup_teardown_taskflow.py took 0.065 seconds
[2026-06-04T07:00:08.255+0000] {processor.py:161} INFO - Started process (PID=2656) to work on /home/airflow/.local/lib/python3.8/site-packages/airflow/example_dags/example_setup_teardown_taskflow.py
[2026-06-04T07:00:08.256+0000] {processor.py:830} INFO - Processing file /home/airflow/.local/lib/python3.8/site-packages/airflow/example_dags/example_setup_teardown_taskflow.py for tasks to queue
[2026-06-04T07:00:08.258+0000] {logging_mixin.py:188} INFO - [2026-06-04T07:00:08.258+0000] {dagbag.py:538} INFO - Filling up the DagBag from /home/airflow/.local/lib/python3.8/site-packages/airflow/example_dags/example_setup_teardown_taskflow.py
[2026-06-04T07:00:08.264+0000] {processor.py:840} INFO - DAG(s) 'example_setup_teardown_taskflow' retrieved from /home/airflow/.local/lib/python3.8/site-packages/airflow/example_dags/example_setup_teardown_taskflow.py
[2026-06-04T07:00:08.282+0000] {logging_mixin.py:188} INFO - [2026-06-04T07:00:08.281+0000] {dag.py:3033} INFO - Sync 1 DAGs
[2026-06-04T07:00:08.293+0000] {logging_mixin.py:188} INFO - [2026-06-04T07:00:08.293+0000] {dag.py:3820} INFO - Setting next_dagrun for example_setup_teardown_taskflow to 2026-06-03T00:00:00+00:00, run_after=2026-06-04T00:00:00+00:00
[2026-06-04T07:00:08.303+0000] {processor.py:183} INFO - Processing /home/airflow/.local/lib/python3.8/site-packages/airflow/example_dags/example_setup_teardown_taskflow.py took 0.051 seconds
[2026-06-04T07:00:38.946+0000] {processor.py:161} INFO - Started process (PID=2712) to work on /home/airflow/.local/lib/python3.8/site-packages/airflow/example_dags/example_setup_teardown_taskflow.py
[2026-06-04T07:00:38.947+0000] {processor.py:830} INFO - Processing file /home/airflow/.local/lib/python3.8/site-packages/airflow/example_dags/example_setup_teardown_taskflow.py for tasks to queue
[2026-06-04T07:00:38.949+0000] {logging_mixin.py:188} INFO - [2026-06-04T07:00:38.949+0000] {dagbag.py:538} INFO - Filling up the DagBag from /home/airflow/.local/lib/python3.8/site-packages/airflow/example_dags/example_setup_teardown_taskflow.py
[2026-06-04T07:00:38.973+0000] {processor.py:840} INFO - DAG(s) 'example_setup_teardown_taskflow' retrieved from /home/airflow/.local/lib/python3.8/site-packages/airflow/example_dags/example_setup_teardown_taskflow.py
[2026-06-04T07:00:38.988+0000] {logging_mixin.py:188} INFO - [2026-06-04T07:00:38.988+0000] {dag.py:3033} INFO - Sync 1 DAGs
[2026-06-04T07:00:38.999+0000] {logging_mixin.py:188} INFO - [2026-06-04T07:00:38.999+0000] {dag.py:3820} INFO - Setting next_dagrun for example_setup_teardown_taskflow to 2026-06-03T00:00:00+00:00, run_after=2026-06-04T00:00:00+00:00
[2026-06-04T07:00:39.012+0000] {processor.py:183} INFO - Processing /home/airflow/.local/lib/python3.8/site-packages/airflow/example_dags/example_setup_teardown_taskflow.py took 0.068 seconds
[2026-06-04T07:01:10.092+0000] {processor.py:161} INFO - Started process (PID=2768) to work on /home/airflow/.local/lib/python3.8/site-packages/airflow/example_dags/example_setup_teardown_taskflow.py
[2026-06-04T07:01:10.094+0000] {processor.py:830} INFO - Processing file /home/airflow/.local/lib/python3.8/site-packages/airflow/example_dags/example_setup_teardown_taskflow.py for tasks to queue
[2026-06-04T07:01:10.095+0000] {logging_mixin.py:188} INFO - [2026-06-04T07:01:10.095+0000] {dagbag.py:538} INFO - Filling up the DagBag from /home/airflow/.local/lib/python3.8/site-packages/airflow/example_dags/example_setup_teardown_taskflow.py
[2026-06-04T07:01:10.110+0000] {processor.py:840} INFO - DAG(s) 'example_setup_teardown_taskflow' retrieved from /home/airflow/.local/lib/python3.8/site-packages/airflow/example_dags/example_setup_teardown_taskflow.py
[2026-06-04T07:01:10.129+0000] {logging_mixin.py:188} INFO - [2026-06-04T07:01:10.129+0000] {dag.py:3033} INFO - Sync 1 DAGs
[2026-06-04T07:01:10.143+0000] {logging_mixin.py:188} INFO - [2026-06-04T07:01:10.143+0000] {dag.py:3820} INFO - Setting next_dagrun for example_setup_teardown_taskflow to 2026-06-03T00:00:00+00:00, run_after=2026-06-04T00:00:00+00:00
[2026-06-04T07:01:10.158+0000] {processor.py:183} INFO - Processing /home/airflow/.local/lib/python3.8/site-packages/airflow/example_dags/example_setup_teardown_taskflow.py took 0.068 seconds
[2026-06-04T07:01:40.349+0000] {processor.py:161} INFO - Started process (PID=2824) to work on /home/airflow/.local/lib/python3.8/site-packages/airflow/example_dags/example_setup_teardown_taskflow.py
[2026-06-04T07:01:40.350+0000] {processor.py:830} INFO - Processing file /home/airflow/.local/lib/python3.8/site-packages/airflow/example_dags/example_setup_teardown_taskflow.py for tasks to queue
[2026-06-04T07:01:40.351+0000] {logging_mixin.py:188} INFO - [2026-06-04T07:01:40.351+0000] {dagbag.py:538} INFO - Filling up the DagBag from /home/airflow/.local/lib/python3.8/site-packages/airflow/example_dags/example_setup_teardown_taskflow.py
[2026-06-04T07:01:40.358+0000] {processor.py:840} INFO - DAG(s) 'example_setup_teardown_taskflow' retrieved from /home/airflow/.local/lib/python3.8/site-packages/airflow/example_dags/example_setup_teardown_taskflow.py
[2026-06-04T07:01:40.369+0000] {logging_mixin.py:188} INFO - [2026-06-04T07:01:40.369+0000] {dag.py:3033} INFO - Sync 1 DAGs
[2026-06-04T07:01:40.380+0000] {logging_mixin.py:188} INFO - [2026-06-04T07:01:40.380+0000] {dag.py:3820} INFO - Setting next_dagrun for example_setup_teardown_taskflow to 2026-06-03T00:00:00+00:00, run_after=2026-06-04T00:00:00+00:00
[2026-06-04T07:01:40.390+0000] {processor.py:183} INFO - Processing /home/airflow/.local/lib/python3.8/site-packages/airflow/example_dags/example_setup_teardown_taskflow.py took 0.043 seconds
[2026-06-04T07:02:14.980+0000] {processor.py:161} INFO - Started process (PID=2887) to work on /home/airflow/.local/lib/python3.8/site-packages/airflow/example_dags/example_setup_teardown_taskflow.py
[2026-06-04T07:02:14.982+0000] {processor.py:830} INFO - Processing file /home/airflow/.local/lib/python3.8/site-packages/airflow/example_dags/example_setup_teardown_taskflow.py for tasks to queue
[2026-06-04T07:02:14.986+0000] {logging_mixin.py:188} INFO - [2026-06-04T07:02:14.986+0000] {dagbag.py:538} INFO - Filling up the DagBag from /home/airflow/.local/lib/python3.8/site-packages/airflow/example_dags/example_setup_teardown_taskflow.py
[2026-06-04T07:02:15.019+0000] {processor.py:840} INFO - DAG(s) 'example_setup_teardown_taskflow' retrieved from /home/airflow/.local/lib/python3.8/site-packages/airflow/example_dags/example_setup_teardown_taskflow.py
[2026-06-04T07:02:15.073+0000] {logging_mixin.py:188} INFO - [2026-06-04T07:02:15.073+0000] {dag.py:3033} INFO - Sync 1 DAGs
[2026-06-04T07:02:15.128+0000] {logging_mixin.py:188} INFO - [2026-06-04T07:02:15.128+0000] {dag.py:3820} INFO - Setting next_dagrun for example_setup_teardown_taskflow to 2026-06-03T00:00:00+00:00, run_after=2026-06-04T00:00:00+00:00
[2026-06-04T07:02:15.152+0000] {processor.py:183} INFO - Processing /home/airflow/.local/lib/python3.8/site-packages/airflow/example_dags/example_setup_teardown_taskflow.py took 0.184 seconds
[2026-06-04T07:02:45.266+0000] {processor.py:161} INFO - Started process (PID=2944) to work on /home/airflow/.local/lib/python3.8/site-packages/airflow/example_dags/example_setup_teardown_taskflow.py
[2026-06-04T07:02:45.267+0000] {processor.py:830} INFO - Processing file /home/airflow/.local/lib/python3.8/site-packages/airflow/example_dags/example_setup_teardown_taskflow.py for tasks to queue
[2026-06-04T07:02:45.269+0000] {logging_mixin.py:188} INFO - [2026-06-04T07:02:45.268+0000] {dagbag.py:538} INFO - Filling up the DagBag from /home/airflow/.local/lib/python3.8/site-packages/airflow/example_dags/example_setup_teardown_taskflow.py
[2026-06-04T07:02:45.273+0000] {processor.py:840} INFO - DAG(s) 'example_setup_teardown_taskflow' retrieved from /home/airflow/.local/lib/python3.8/site-packages/airflow/example_dags/example_setup_teardown_taskflow.py
[2026-06-04T07:02:45.288+0000] {logging_mixin.py:188} INFO - [2026-06-04T07:02:45.288+0000] {dag.py:3033} INFO - Sync 1 DAGs
[2026-06-04T07:02:45.301+0000] {logging_mixin.py:188} INFO - [2026-06-04T07:02:45.301+0000] {dag.py:3820} INFO - Setting next_dagrun for example_setup_teardown_taskflow to 2026-06-03T00:00:00+00:00, run_after=2026-06-04T00:00:00+00:00
[2026-06-04T07:02:45.322+0000] {processor.py:183} INFO - Processing /home/airflow/.local/lib/python3.8/site-packages/airflow/example_dags/example_setup_teardown_taskflow.py took 0.058 seconds
[2026-06-04T07:03:16.474+0000] {processor.py:161} INFO - Started process (PID=3000) to work on /home/airflow/.local/lib/python3.8/site-packages/airflow/example_dags/example_setup_teardown_taskflow.py
[2026-06-04T07:03:16.476+0000] {processor.py:830} INFO - Processing file /home/airflow/.local/lib/python3.8/site-packages/airflow/example_dags/example_setup_teardown_taskflow.py for tasks to queue
[2026-06-04T07:03:16.479+0000] {logging_mixin.py:188} INFO - [2026-06-04T07:03:16.479+0000] {dagbag.py:538} INFO - Filling up the DagBag from /home/airflow/.local/lib/python3.8/site-packages/airflow/example_dags/example_setup_teardown_taskflow.py
[2026-06-04T07:03:16.489+0000] {processor.py:840} INFO - DAG(s) 'example_setup_teardown_taskflow' retrieved from /home/airflow/.local/lib/python3.8/site-packages/airflow/example_dags/example_setup_teardown_taskflow.py
[2026-06-04T07:03:16.510+0000] {logging_mixin.py:188} INFO - [2026-06-04T07:03:16.510+0000] {dag.py:3033} INFO - Sync 1 DAGs
[2026-06-04T07:03:16.525+0000] {logging_mixin.py:188} INFO - [2026-06-04T07:03:16.525+0000] {dag.py:3820} INFO - Setting next_dagrun for example_setup_teardown_taskflow to 2026-06-03T00:00:00+00:00, run_after=2026-06-04T00:00:00+00:00
[2026-06-04T07:03:16.535+0000] {processor.py:183} INFO - Processing /home/airflow/.local/lib/python3.8/site-packages/airflow/example_dags/example_setup_teardown_taskflow.py took 0.065 seconds
[2026-06-04T07:03:46.810+0000] {processor.py:161} INFO - Started process (PID=3056) to work on /home/airflow/.local/lib/python3.8/site-packages/airflow/example_dags/example_setup_teardown_taskflow.py
[2026-06-04T07:03:46.810+0000] {processor.py:830} INFO - Processing file /home/airflow/.local/lib/python3.8/site-packages/airflow/example_dags/example_setup_teardown_taskflow.py for tasks to queue
[2026-06-04T07:03:46.811+0000] {logging_mixin.py:188} INFO - [2026-06-04T07:03:46.811+0000] {dagbag.py:538} INFO - Filling up the DagBag from /home/airflow/.local/lib/python3.8/site-packages/airflow/example_dags/example_setup_teardown_taskflow.py
[2026-06-04T07:03:46.816+0000] {processor.py:840} INFO - DAG(s) 'example_setup_teardown_taskflow' retrieved from /home/airflow/.local/lib/python3.8/site-packages/airflow/example_dags/example_setup_teardown_taskflow.py
[2026-06-04T07:03:46.829+0000] {logging_mixin.py:188} INFO - [2026-06-04T07:03:46.829+0000] {dag.py:3033} INFO - Sync 1 DAGs
[2026-06-04T07:03:46.840+0000] {logging_mixin.py:188} INFO - [2026-06-04T07:03:46.840+0000] {dag.py:3820} INFO - Setting next_dagrun for example_setup_teardown_taskflow to 2026-06-03T00:00:00+00:00, run_after=2026-06-04T00:00:00+00:00
[2026-06-04T07:03:46.850+0000] {processor.py:183} INFO - Processing /home/airflow/.local/lib/python3.8/site-packages/airflow/example_dags/example_setup_teardown_taskflow.py took 0.043 seconds
[2026-06-04T07:04:17.731+0000] {processor.py:161} INFO - Started process (PID=3112) to work on /home/airflow/.local/lib/python3.8/site-packages/airflow/example_dags/example_setup_teardown_taskflow.py
[2026-06-04T07:04:17.732+0000] {processor.py:830} INFO - Processing file /home/airflow/.local/lib/python3.8/site-packages/airflow/example_dags/example_setup_teardown_taskflow.py for tasks to queue
[2026-06-04T07:04:17.733+0000] {logging_mixin.py:188} INFO - [2026-06-04T07:04:17.733+0000] {dagbag.py:538} INFO - Filling up the DagBag from /home/airflow/.local/lib/python3.8/site-packages/airflow/example_dags/example_setup_teardown_taskflow.py
[2026-06-04T07:04:17.739+0000] {processor.py:840} INFO - DAG(s) 'example_setup_teardown_taskflow' retrieved from /home/airflow/.local/lib/python3.8/site-packages/airflow/example_dags/example_setup_teardown_taskflow.py
[2026-06-04T07:04:17.751+0000] {logging_mixin.py:188} INFO - [2026-06-04T07:04:17.751+0000] {dag.py:3033} INFO - Sync 1 DAGs
[2026-06-04T07:04:17.761+0000] {logging_mixin.py:188} INFO - [2026-06-04T07:04:17.761+0000] {dag.py:3820} INFO - Setting next_dagrun for example_setup_teardown_taskflow to 2026-06-03T00:00:00+00:00, run_after=2026-06-04T00:00:00+00:00
[2026-06-04T07:04:17.768+0000] {processor.py:183} INFO - Processing /home/airflow/.local/lib/python3.8/site-packages/airflow/example_dags/example_setup_teardown_taskflow.py took 0.039 seconds
[2026-06-04T07:04:48.143+0000] {processor.py:161} INFO - Started process (PID=3167) to work on /home/airflow/.local/lib/python3.8/site-packages/airflow/example_dags/example_setup_teardown_taskflow.py
[2026-06-04T07:04:48.144+0000] {processor.py:830} INFO - Processing file /home/airflow/.local/lib/python3.8/site-packages/airflow/example_dags/example_setup_teardown_taskflow.py for tasks to queue
[2026-06-04T07:04:48.149+0000] {logging_mixin.py:188} INFO - [2026-06-04T07:04:48.148+0000] {dagbag.py:538} INFO - Filling up the DagBag from /home/airflow/.local/lib/python3.8/site-packages/airflow/example_dags/example_setup_teardown_taskflow.py
[2026-06-04T07:04:48.158+0000] {processor.py:840} INFO - DAG(s) 'example_setup_teardown_taskflow' retrieved from /home/airflow/.local/lib/python3.8/site-packages/airflow/example_dags/example_setup_teardown_taskflow.py
[2026-06-04T07:04:48.173+0000] {logging_mixin.py:188} INFO - [2026-06-04T07:04:48.173+0000] {dag.py:3033} INFO - Sync 1 DAGs
[2026-06-04T07:04:48.186+0000] {logging_mixin.py:188} INFO - [2026-06-04T07:04:48.186+0000] {dag.py:3820} INFO - Setting next_dagrun for example_setup_teardown_taskflow to 2026-06-03T00:00:00+00:00, run_after=2026-06-04T00:00:00+00:00
[2026-06-04T07:04:48.201+0000] {processor.py:183} INFO - Processing /home/airflow/.local/lib/python3.8/site-packages/airflow/example_dags/example_setup_teardown_taskflow.py took 0.064 seconds
[2026-06-04T07:05:18.953+0000] {processor.py:161} INFO - Started process (PID=3223) to work on /home/airflow/.local/lib/python3.8/site-packages/airflow/example_dags/example_setup_teardown_taskflow.py
[2026-06-04T07:05:18.954+0000] {processor.py:830} INFO - Processing file /home/airflow/.local/lib/python3.8/site-packages/airflow/example_dags/example_setup_teardown_taskflow.py for tasks to queue
[2026-06-04T07:05:18.956+0000] {logging_mixin.py:188} INFO - [2026-06-04T07:05:18.956+0000] {dagbag.py:538} INFO - Filling up the DagBag from /home/airflow/.local/lib/python3.8/site-packages/airflow/example_dags/example_setup_teardown_taskflow.py
[2026-06-04T07:05:18.962+0000] {processor.py:840} INFO - DAG(s) 'example_setup_teardown_taskflow' retrieved from /home/airflow/.local/lib/python3.8/site-packages/airflow/example_dags/example_setup_teardown_taskflow.py
[2026-06-04T07:05:18.975+0000] {logging_mixin.py:188} INFO - [2026-06-04T07:05:18.975+0000] {dag.py:3033} INFO - Sync 1 DAGs
[2026-06-04T07:05:18.987+0000] {logging_mixin.py:188} INFO - [2026-06-04T07:05:18.987+0000] {dag.py:3820} INFO - Setting next_dagrun for example_setup_teardown_taskflow to 2026-06-03T00:00:00+00:00, run_after=2026-06-04T00:00:00+00:00
[2026-06-04T07:05:18.993+0000] {processor.py:183} INFO - Processing /home/airflow/.local/lib/python3.8/site-packages/airflow/example_dags/example_setup_teardown_taskflow.py took 0.042 seconds
[2026-06-04T07:05:50.104+0000] {processor.py:161} INFO - Started process (PID=3279) to work on /home/airflow/.local/lib/python3.8/site-packages/airflow/example_dags/example_setup_teardown_taskflow.py
[2026-06-04T07:05:50.106+0000] {processor.py:830} INFO - Processing file /home/airflow/.local/lib/python3.8/site-packages/airflow/example_dags/example_setup_teardown_taskflow.py for tasks to queue
[2026-06-04T07:05:50.107+0000] {logging_mixin.py:188} INFO - [2026-06-04T07:05:50.107+0000] {dagbag.py:538} INFO - Filling up the DagBag from /home/airflow/.local/lib/python3.8/site-packages/airflow/example_dags/example_setup_teardown_taskflow.py
[2026-06-04T07:05:50.115+0000] {processor.py:840} INFO - DAG(s) 'example_setup_teardown_taskflow' retrieved from /home/airflow/.local/lib/python3.8/site-packages/airflow/example_dags/example_setup_teardown_taskflow.py
[2026-06-04T07:05:50.136+0000] {logging_mixin.py:188} INFO - [2026-06-04T07:05:50.135+0000] {dag.py:3033} INFO - Sync 1 DAGs
[2026-06-04T07:05:50.153+0000] {logging_mixin.py:188} INFO - [2026-06-04T07:05:50.153+0000] {dag.py:3820} INFO - Setting next_dagrun for example_setup_teardown_taskflow to 2026-06-03T00:00:00+00:00, run_after=2026-06-04T00:00:00+00:00
[2026-06-04T07:05:50.166+0000] {processor.py:183} INFO - Processing /home/airflow/.local/lib/python3.8/site-packages/airflow/example_dags/example_setup_teardown_taskflow.py took 0.063 seconds
[2026-06-04T07:06:20.397+0000] {processor.py:161} INFO - Started process (PID=3335) to work on /home/airflow/.local/lib/python3.8/site-packages/airflow/example_dags/example_setup_teardown_taskflow.py
[2026-06-04T07:06:20.399+0000] {processor.py:830} INFO - Processing file /home/airflow/.local/lib/python3.8/site-packages/airflow/example_dags/example_setup_teardown_taskflow.py for tasks to queue
[2026-06-04T07:06:20.400+0000] {logging_mixin.py:188} INFO - [2026-06-04T07:06:20.400+0000] {dagbag.py:538} INFO - Filling up the DagBag from /home/airflow/.local/lib/python3.8/site-packages/airflow/example_dags/example_setup_teardown_taskflow.py
[2026-06-04T07:06:20.405+0000] {processor.py:840} INFO - DAG(s) 'example_setup_teardown_taskflow' retrieved from /home/airflow/.local/lib/python3.8/site-packages/airflow/example_dags/example_setup_teardown_taskflow.py
[2026-06-04T07:06:20.418+0000] {logging_mixin.py:188} INFO - [2026-06-04T07:06:20.417+0000] {dag.py:3033} INFO - Sync 1 DAGs
[2026-06-04T07:06:20.430+0000] {logging_mixin.py:188} INFO - [2026-06-04T07:06:20.430+0000] {dag.py:3820} INFO - Setting next_dagrun for example_setup_teardown_taskflow to 2026-06-03T00:00:00+00:00, run_after=2026-06-04T00:00:00+00:00
[2026-06-04T07:06:20.440+0000] {processor.py:183} INFO - Processing /home/airflow/.local/lib/python3.8/site-packages/airflow/example_dags/example_setup_teardown_taskflow.py took 0.044 seconds
[2026-06-04T07:06:51.720+0000] {processor.py:161} INFO - Started process (PID=3391) to work on /home/airflow/.local/lib/python3.8/site-packages/airflow/example_dags/example_setup_teardown_taskflow.py
[2026-06-04T07:06:51.721+0000] {processor.py:830} INFO - Processing file /home/airflow/.local/lib/python3.8/site-packages/airflow/example_dags/example_setup_teardown_taskflow.py for tasks to queue
[2026-06-04T07:06:51.722+0000] {logging_mixin.py:188} INFO - [2026-06-04T07:06:51.722+0000] {dagbag.py:538} INFO - Filling up the DagBag from /home/airflow/.local/lib/python3.8/site-packages/airflow/example_dags/example_setup_teardown_taskflow.py
[2026-06-04T07:06:51.726+0000] {processor.py:840} INFO - DAG(s) 'example_setup_teardown_taskflow' retrieved from /home/airflow/.local/lib/python3.8/site-packages/airflow/example_dags/example_setup_teardown_taskflow.py
[2026-06-04T07:06:51.736+0000] {logging_mixin.py:188} INFO - [2026-06-04T07:06:51.736+0000] {dag.py:3033} INFO - Sync 1 DAGs
[2026-06-04T07:06:51.751+0000] {logging_mixin.py:188} INFO - [2026-06-04T07:06:51.751+0000] {dag.py:3820} INFO - Setting next_dagrun for example_setup_teardown_taskflow to 2026-06-03T00:00:00+00:00, run_after=2026-06-04T00:00:00+00:00
[2026-06-04T07:06:51.761+0000] {processor.py:183} INFO - Processing /home/airflow/.local/lib/python3.8/site-packages/airflow/example_dags/example_setup_teardown_taskflow.py took 0.043 seconds
[2026-06-04T07:07:22.460+0000] {processor.py:161} INFO - Started process (PID=3447) to work on /home/airflow/.local/lib/python3.8/site-packages/airflow/example_dags/example_setup_teardown_taskflow.py
[2026-06-04T07:07:22.460+0000] {processor.py:830} INFO - Processing file /home/airflow/.local/lib/python3.8/site-packages/airflow/example_dags/example_setup_teardown_taskflow.py for tasks to queue
[2026-06-04T07:07:22.462+0000] {logging_mixin.py:188} INFO - [2026-06-04T07:07:22.461+0000] {dagbag.py:538} INFO - Filling up the DagBag from /home/airflow/.local/lib/python3.8/site-packages/airflow/example_dags/example_setup_teardown_taskflow.py
[2026-06-04T07:07:22.470+0000] {processor.py:840} INFO - DAG(s) 'example_setup_teardown_taskflow' retrieved from /home/airflow/.local/lib/python3.8/site-packages/airflow/example_dags/example_setup_teardown_taskflow.py
[2026-06-04T07:07:22.482+0000] {logging_mixin.py:188} INFO - [2026-06-04T07:07:22.482+0000] {dag.py:3033} INFO - Sync 1 DAGs
[2026-06-04T07:07:22.493+0000] {logging_mixin.py:188} INFO - [2026-06-04T07:07:22.493+0000] {dag.py:3820} INFO - Setting next_dagrun for example_setup_teardown_taskflow to 2026-06-03T00:00:00+00:00, run_after=2026-06-04T00:00:00+00:00
[2026-06-04T07:07:22.502+0000] {processor.py:183} INFO - Processing /home/airflow/.local/lib/python3.8/site-packages/airflow/example_dags/example_setup_teardown_taskflow.py took 0.045 seconds
[2026-06-04T07:07:53.516+0000] {processor.py:161} INFO - Started process (PID=3503) to work on /home/airflow/.local/lib/python3.8/site-packages/airflow/example_dags/example_setup_teardown_taskflow.py
[2026-06-04T07:07:53.517+0000] {processor.py:830} INFO - Processing file /home/airflow/.local/lib/python3.8/site-packages/airflow/example_dags/example_setup_teardown_taskflow.py for tasks to queue
[2026-06-04T07:07:53.520+0000] {logging_mixin.py:188} INFO - [2026-06-04T07:07:53.519+0000] {dagbag.py:538} INFO - Filling up the DagBag from /home/airflow/.local/lib/python3.8/site-packages/airflow/example_dags/example_setup_teardown_taskflow.py
[2026-06-04T07:07:53.524+0000] {processor.py:840} INFO - DAG(s) 'example_setup_teardown_taskflow' retrieved from /home/airflow/.local/lib/python3.8/site-packages/airflow/example_dags/example_setup_teardown_taskflow.py
[2026-06-04T07:07:53.541+0000] {logging_mixin.py:188} INFO - [2026-06-04T07:07:53.541+0000] {dag.py:3033} INFO - Sync 1 DAGs
[2026-06-04T07:07:53.555+0000] {logging_mixin.py:188} INFO - [2026-06-04T07:07:53.555+0000] {dag.py:3820} INFO - Setting next_dagrun for example_setup_teardown_taskflow to 2026-06-03T00:00:00+00:00, run_after=2026-06-04T00:00:00+00:00
[2026-06-04T07:07:53.568+0000] {processor.py:183} INFO - Processing /home/airflow/.local/lib/python3.8/site-packages/airflow/example_dags/example_setup_teardown_taskflow.py took 0.054 seconds
[2026-06-04T07:08:25.365+0000] {processor.py:161} INFO - Started process (PID=3559) to work on /home/airflow/.local/lib/python3.8/site-packages/airflow/example_dags/example_setup_teardown_taskflow.py
[2026-06-04T07:08:25.366+0000] {processor.py:830} INFO - Processing file /home/airflow/.local/lib/python3.8/site-packages/airflow/example_dags/example_setup_teardown_taskflow.py for tasks to queue
[2026-06-04T07:08:25.368+0000] {logging_mixin.py:188} INFO - [2026-06-04T07:08:25.368+0000] {dagbag.py:538} INFO - Filling up the DagBag from /home/airflow/.local/lib/python3.8/site-packages/airflow/example_dags/example_setup_teardown_taskflow.py
[2026-06-04T07:08:25.381+0000] {processor.py:840} INFO - DAG(s) 'example_setup_teardown_taskflow' retrieved from /home/airflow/.local/lib/python3.8/site-packages/airflow/example_dags/example_setup_teardown_taskflow.py
[2026-06-04T07:08:25.401+0000] {logging_mixin.py:188} INFO - [2026-06-04T07:08:25.401+0000] {dag.py:3033} INFO - Sync 1 DAGs
[2026-06-04T07:08:25.447+0000] {logging_mixin.py:188} INFO - [2026-06-04T07:08:25.446+0000] {dag.py:3820} INFO - Setting next_dagrun for example_setup_teardown_taskflow to 2026-06-03T00:00:00+00:00, run_after=2026-06-04T00:00:00+00:00
[2026-06-04T07:08:25.490+0000] {processor.py:183} INFO - Processing /home/airflow/.local/lib/python3.8/site-packages/airflow/example_dags/example_setup_teardown_taskflow.py took 0.127 seconds
[2026-06-04T07:08:56.190+0000] {processor.py:161} INFO - Started process (PID=3615) to work on /home/airflow/.local/lib/python3.8/site-packages/airflow/example_dags/example_setup_teardown_taskflow.py
[2026-06-04T07:08:56.192+0000] {processor.py:830} INFO - Processing file /home/airflow/.local/lib/python3.8/site-packages/airflow/example_dags/example_setup_teardown_taskflow.py for tasks to queue
[2026-06-04T07:08:56.194+0000] {logging_mixin.py:188} INFO - [2026-06-04T07:08:56.194+0000] {dagbag.py:538} INFO - Filling up the DagBag from /home/airflow/.local/lib/python3.8/site-packages/airflow/example_dags/example_setup_teardown_taskflow.py
[2026-06-04T07:08:56.200+0000] {processor.py:840} INFO - DAG(s) 'example_setup_teardown_taskflow' retrieved from /home/airflow/.local/lib/python3.8/site-packages/airflow/example_dags/example_setup_teardown_taskflow.py
[2026-06-04T07:08:56.220+0000] {logging_mixin.py:188} INFO - [2026-06-04T07:08:56.220+0000] {dag.py:3033} INFO - Sync 1 DAGs
[2026-06-04T07:08:56.232+0000] {logging_mixin.py:188} INFO - [2026-06-04T07:08:56.232+0000] {dag.py:3820} INFO - Setting next_dagrun for example_setup_teardown_taskflow to 2026-06-03T00:00:00+00:00, run_after=2026-06-04T00:00:00+00:00
[2026-06-04T07:08:56.243+0000] {processor.py:183} INFO - Processing /home/airflow/.local/lib/python3.8/site-packages/airflow/example_dags/example_setup_teardown_taskflow.py took 0.055 seconds
[2026-06-04T07:09:27.337+0000] {processor.py:161} INFO - Started process (PID=3671) to work on /home/airflow/.local/lib/python3.8/site-packages/airflow/example_dags/example_setup_teardown_taskflow.py
[2026-06-04T07:09:27.338+0000] {processor.py:830} INFO - Processing file /home/airflow/.local/lib/python3.8/site-packages/airflow/example_dags/example_setup_teardown_taskflow.py for tasks to queue
[2026-06-04T07:09:27.340+0000] {logging_mixin.py:188} INFO - [2026-06-04T07:09:27.339+0000] {dagbag.py:538} INFO - Filling up the DagBag from /home/airflow/.local/lib/python3.8/site-packages/airflow/example_dags/example_setup_teardown_taskflow.py
[2026-06-04T07:09:27.345+0000] {processor.py:840} INFO - DAG(s) 'example_setup_teardown_taskflow' retrieved from /home/airflow/.local/lib/python3.8/site-packages/airflow/example_dags/example_setup_teardown_taskflow.py
[2026-06-04T07:09:27.359+0000] {logging_mixin.py:188} INFO - [2026-06-04T07:09:27.359+0000] {dag.py:3033} INFO - Sync 1 DAGs
[2026-06-04T07:09:27.373+0000] {logging_mixin.py:188} INFO - [2026-06-04T07:09:27.373+0000] {dag.py:3820} INFO - Setting next_dagrun for example_setup_teardown_taskflow to 2026-06-03T00:00:00+00:00, run_after=2026-06-04T00:00:00+00:00
[2026-06-04T07:09:27.390+0000] {processor.py:183} INFO - Processing /home/airflow/.local/lib/python3.8/site-packages/airflow/example_dags/example_setup_teardown_taskflow.py took 0.054 seconds
[2026-06-04T07:09:58.292+0000] {processor.py:161} INFO - Started process (PID=3727) to work on /home/airflow/.local/lib/python3.8/site-packages/airflow/example_dags/example_setup_teardown_taskflow.py
[2026-06-04T07:09:58.294+0000] {processor.py:830} INFO - Processing file /home/airflow/.local/lib/python3.8/site-packages/airflow/example_dags/example_setup_teardown_taskflow.py for tasks to queue
[2026-06-04T07:09:58.297+0000] {logging_mixin.py:188} INFO - [2026-06-04T07:09:58.297+0000] {dagbag.py:538} INFO - Filling up the DagBag from /home/airflow/.local/lib/python3.8/site-packages/airflow/example_dags/example_setup_teardown_taskflow.py
[2026-06-04T07:09:58.306+0000] {processor.py:840} INFO - DAG(s) 'example_setup_teardown_taskflow' retrieved from /home/airflow/.local/lib/python3.8/site-packages/airflow/example_dags/example_setup_teardown_taskflow.py
[2026-06-04T07:09:58.345+0000] {logging_mixin.py:188} INFO - [2026-06-04T07:09:58.345+0000] {dag.py:3033} INFO - Sync 1 DAGs
[2026-06-04T07:09:58.356+0000] {logging_mixin.py:188} INFO - [2026-06-04T07:09:58.356+0000] {dag.py:3820} INFO - Setting next_dagrun for example_setup_teardown_taskflow to 2026-06-03T00:00:00+00:00, run_after=2026-06-04T00:00:00+00:00
[2026-06-04T07:09:58.372+0000] {processor.py:183} INFO - Processing /home/airflow/.local/lib/python3.8/site-packages/airflow/example_dags/example_setup_teardown_taskflow.py took 0.083 seconds
[2026-06-04T07:10:29.176+0000] {processor.py:161} INFO - Started process (PID=3783) to work on /home/airflow/.local/lib/python3.8/site-packages/airflow/example_dags/example_setup_teardown_taskflow.py
[2026-06-04T07:10:29.176+0000] {processor.py:830} INFO - Processing file /home/airflow/.local/lib/python3.8/site-packages/airflow/example_dags/example_setup_teardown_taskflow.py for tasks to queue
[2026-06-04T07:10:29.178+0000] {logging_mixin.py:188} INFO - [2026-06-04T07:10:29.178+0000] {dagbag.py:538} INFO - Filling up the DagBag from /home/airflow/.local/lib/python3.8/site-packages/airflow/example_dags/example_setup_teardown_taskflow.py
[2026-06-04T07:10:29.189+0000] {processor.py:840} INFO - DAG(s) 'example_setup_teardown_taskflow' retrieved from /home/airflow/.local/lib/python3.8/site-packages/airflow/example_dags/example_setup_teardown_taskflow.py
[2026-06-04T07:10:29.209+0000] {logging_mixin.py:188} INFO - [2026-06-04T07:10:29.209+0000] {dag.py:3033} INFO - Sync 1 DAGs
[2026-06-04T07:10:29.231+0000] {logging_mixin.py:188} INFO - [2026-06-04T07:10:29.230+0000] {dag.py:3820} INFO - Setting next_dagrun for example_setup_teardown_taskflow to 2026-06-03T00:00:00+00:00, run_after=2026-06-04T00:00:00+00:00
[2026-06-04T07:10:29.248+0000] {processor.py:183} INFO - Processing /home/airflow/.local/lib/python3.8/site-packages/airflow/example_dags/example_setup_teardown_taskflow.py took 0.075 seconds
[2026-06-04T07:10:59.532+0000] {processor.py:161} INFO - Started process (PID=3839) to work on /home/airflow/.local/lib/python3.8/site-packages/airflow/example_dags/example_setup_teardown_taskflow.py
[2026-06-04T07:10:59.533+0000] {processor.py:830} INFO - Processing file /home/airflow/.local/lib/python3.8/site-packages/airflow/example_dags/example_setup_teardown_taskflow.py for tasks to queue
[2026-06-04T07:10:59.533+0000] {logging_mixin.py:188} INFO - [2026-06-04T07:10:59.533+0000] {dagbag.py:538} INFO - Filling up the DagBag from /home/airflow/.local/lib/python3.8/site-packages/airflow/example_dags/example_setup_teardown_taskflow.py
[2026-06-04T07:10:59.538+0000] {processor.py:840} INFO - DAG(s) 'example_setup_teardown_taskflow' retrieved from /home/airflow/.local/lib/python3.8/site-packages/airflow/example_dags/example_setup_teardown_taskflow.py
[2026-06-04T07:10:59.548+0000] {logging_mixin.py:188} INFO - [2026-06-04T07:10:59.547+0000] {dag.py:3033} INFO - Sync 1 DAGs
[2026-06-04T07:10:59.559+0000] {logging_mixin.py:188} INFO - [2026-06-04T07:10:59.558+0000] {dag.py:3820} INFO - Setting next_dagrun for example_setup_teardown_taskflow to 2026-06-03T00:00:00+00:00, run_after=2026-06-04T00:00:00+00:00
[2026-06-04T07:10:59.565+0000] {processor.py:183} INFO - Processing /home/airflow/.local/lib/python3.8/site-packages/airflow/example_dags/example_setup_teardown_taskflow.py took 0.034 seconds
[2026-06-04T07:11:30.296+0000] {processor.py:161} INFO - Started process (PID=3895) to work on /home/airflow/.local/lib/python3.8/site-packages/airflow/example_dags/example_setup_teardown_taskflow.py
[2026-06-04T07:11:30.297+0000] {processor.py:830} INFO - Processing file /home/airflow/.local/lib/python3.8/site-packages/airflow/example_dags/example_setup_teardown_taskflow.py for tasks to queue
[2026-06-04T07:11:30.299+0000] {logging_mixin.py:188} INFO - [2026-06-04T07:11:30.299+0000] {dagbag.py:538} INFO - Filling up the DagBag from /home/airflow/.local/lib/python3.8/site-packages/airflow/example_dags/example_setup_teardown_taskflow.py
[2026-06-04T07:11:30.309+0000] {processor.py:840} INFO - DAG(s) 'example_setup_teardown_taskflow' retrieved from /home/airflow/.local/lib/python3.8/site-packages/airflow/example_dags/example_setup_teardown_taskflow.py
[2026-06-04T07:11:30.330+0000] {logging_mixin.py:188} INFO - [2026-06-04T07:11:30.329+0000] {dag.py:3033} INFO - Sync 1 DAGs
[2026-06-04T07:11:30.341+0000] {logging_mixin.py:188} INFO - [2026-06-04T07:11:30.341+0000] {dag.py:3820} INFO - Setting next_dagrun for example_setup_teardown_taskflow to 2026-06-03T00:00:00+00:00, run_after=2026-06-04T00:00:00+00:00
[2026-06-04T07:11:30.348+0000] {processor.py:183} INFO - Processing /home/airflow/.local/lib/python3.8/site-packages/airflow/example_dags/example_setup_teardown_taskflow.py took 0.055 seconds
[2026-06-04T07:12:01.075+0000] {processor.py:161} INFO - Started process (PID=3951) to work on /home/airflow/.local/lib/python3.8/site-packages/airflow/example_dags/example_setup_teardown_taskflow.py
[2026-06-04T07:12:01.076+0000] {processor.py:830} INFO - Processing file /home/airflow/.local/lib/python3.8/site-packages/airflow/example_dags/example_setup_teardown_taskflow.py for tasks to queue
[2026-06-04T07:12:01.079+0000] {logging_mixin.py:188} INFO - [2026-06-04T07:12:01.079+0000] {dagbag.py:538} INFO - Filling up the DagBag from /home/airflow/.local/lib/python3.8/site-packages/airflow/example_dags/example_setup_teardown_taskflow.py
[2026-06-04T07:12:01.086+0000] {processor.py:840} INFO - DAG(s) 'example_setup_teardown_taskflow' retrieved from /home/airflow/.local/lib/python3.8/site-packages/airflow/example_dags/example_setup_teardown_taskflow.py
[2026-06-04T07:12:01.102+0000] {logging_mixin.py:188} INFO - [2026-06-04T07:12:01.102+0000] {dag.py:3033} INFO - Sync 1 DAGs
[2026-06-04T07:12:01.114+0000] {logging_mixin.py:188} INFO - [2026-06-04T07:12:01.114+0000] {dag.py:3820} INFO - Setting next_dagrun for example_setup_teardown_taskflow to 2026-06-03T00:00:00+00:00, run_after=2026-06-04T00:00:00+00:00
[2026-06-04T07:12:01.127+0000] {processor.py:183} INFO - Processing /home/airflow/.local/lib/python3.8/site-packages/airflow/example_dags/example_setup_teardown_taskflow.py took 0.059 seconds
[2026-06-04T07:12:32.233+0000] {processor.py:161} INFO - Started process (PID=4007) to work on /home/airflow/.local/lib/python3.8/site-packages/airflow/example_dags/example_setup_teardown_taskflow.py
[2026-06-04T07:12:32.234+0000] {processor.py:830} INFO - Processing file /home/airflow/.local/lib/python3.8/site-packages/airflow/example_dags/example_setup_teardown_taskflow.py for tasks to queue
[2026-06-04T07:12:32.237+0000] {logging_mixin.py:188} INFO - [2026-06-04T07:12:32.236+0000] {dagbag.py:538} INFO - Filling up the DagBag from /home/airflow/.local/lib/python3.8/site-packages/airflow/example_dags/example_setup_teardown_taskflow.py
[2026-06-04T07:12:32.248+0000] {processor.py:840} INFO - DAG(s) 'example_setup_teardown_taskflow' retrieved from /home/airflow/.local/lib/python3.8/site-packages/airflow/example_dags/example_setup_teardown_taskflow.py
[2026-06-04T07:12:32.267+0000] {logging_mixin.py:188} INFO - [2026-06-04T07:12:32.267+0000] {dag.py:3033} INFO - Sync 1 DAGs
[2026-06-04T07:12:32.294+0000] {logging_mixin.py:188} INFO - [2026-06-04T07:12:32.294+0000] {dag.py:3820} INFO - Setting next_dagrun for example_setup_teardown_taskflow to 2026-06-03T00:00:00+00:00, run_after=2026-06-04T00:00:00+00:00
[2026-06-04T07:12:32.320+0000] {processor.py:183} INFO - Processing /home/airflow/.local/lib/python3.8/site-packages/airflow/example_dags/example_setup_teardown_taskflow.py took 0.088 seconds
[2026-06-04T07:13:02.482+0000] {processor.py:161} INFO - Started process (PID=4063) to work on /home/airflow/.local/lib/python3.8/site-packages/airflow/example_dags/example_setup_teardown_taskflow.py
[2026-06-04T07:13:02.483+0000] {processor.py:830} INFO - Processing file /home/airflow/.local/lib/python3.8/site-packages/airflow/example_dags/example_setup_teardown_taskflow.py for tasks to queue
[2026-06-04T07:13:02.486+0000] {logging_mixin.py:188} INFO - [2026-06-04T07:13:02.486+0000] {dagbag.py:538} INFO - Filling up the DagBag from /home/airflow/.local/lib/python3.8/site-packages/airflow/example_dags/example_setup_teardown_taskflow.py
[2026-06-04T07:13:02.494+0000] {processor.py:840} INFO - DAG(s) 'example_setup_teardown_taskflow' retrieved from /home/airflow/.local/lib/python3.8/site-packages/airflow/example_dags/example_setup_teardown_taskflow.py
[2026-06-04T07:13:02.514+0000] {logging_mixin.py:188} INFO - [2026-06-04T07:13:02.514+0000] {dag.py:3033} INFO - Sync 1 DAGs
[2026-06-04T07:13:02.534+0000] {logging_mixin.py:188} INFO - [2026-06-04T07:13:02.533+0000] {dag.py:3820} INFO - Setting next_dagrun for example_setup_teardown_taskflow to 2026-06-03T00:00:00+00:00, run_after=2026-06-04T00:00:00+00:00
[2026-06-04T07:13:02.547+0000] {processor.py:183} INFO - Processing /home/airflow/.local/lib/python3.8/site-packages/airflow/example_dags/example_setup_teardown_taskflow.py took 0.068 seconds
[2026-06-04T07:13:35.639+0000] {processor.py:161} INFO - Started process (PID=4119) to work on /home/airflow/.local/lib/python3.8/site-packages/airflow/example_dags/example_setup_teardown_taskflow.py
[2026-06-04T07:13:35.642+0000] {processor.py:830} INFO - Processing file /home/airflow/.local/lib/python3.8/site-packages/airflow/example_dags/example_setup_teardown_taskflow.py for tasks to queue
[2026-06-04T07:13:35.646+0000] {logging_mixin.py:188} INFO - [2026-06-04T07:13:35.646+0000] {dagbag.py:538} INFO - Filling up the DagBag from /home/airflow/.local/lib/python3.8/site-packages/airflow/example_dags/example_setup_teardown_taskflow.py
[2026-06-04T07:13:35.683+0000] {processor.py:840} INFO - DAG(s) 'example_setup_teardown_taskflow' retrieved from /home/airflow/.local/lib/python3.8/site-packages/airflow/example_dags/example_setup_teardown_taskflow.py
[2026-06-04T07:13:35.741+0000] {logging_mixin.py:188} INFO - [2026-06-04T07:13:35.740+0000] {dag.py:3033} INFO - Sync 1 DAGs
[2026-06-04T07:13:35.802+0000] {logging_mixin.py:188} INFO - [2026-06-04T07:13:35.801+0000] {dag.py:3820} INFO - Setting next_dagrun for example_setup_teardown_taskflow to 2026-06-03T00:00:00+00:00, run_after=2026-06-04T00:00:00+00:00
[2026-06-04T07:13:35.829+0000] {processor.py:183} INFO - Processing /home/airflow/.local/lib/python3.8/site-packages/airflow/example_dags/example_setup_teardown_taskflow.py took 0.201 seconds
[2026-06-04T07:14:06.436+0000] {processor.py:161} INFO - Started process (PID=4175) to work on /home/airflow/.local/lib/python3.8/site-packages/airflow/example_dags/example_setup_teardown_taskflow.py
[2026-06-04T07:14:06.446+0000] {processor.py:830} INFO - Processing file /home/airflow/.local/lib/python3.8/site-packages/airflow/example_dags/example_setup_teardown_taskflow.py for tasks to queue
[2026-06-04T07:14:06.450+0000] {logging_mixin.py:188} INFO - [2026-06-04T07:14:06.450+0000] {dagbag.py:538} INFO - Filling up the DagBag from /home/airflow/.local/lib/python3.8/site-packages/airflow/example_dags/example_setup_teardown_taskflow.py
[2026-06-04T07:14:06.504+0000] {processor.py:840} INFO - DAG(s) 'example_setup_teardown_taskflow' retrieved from /home/airflow/.local/lib/python3.8/site-packages/airflow/example_dags/example_setup_teardown_taskflow.py
[2026-06-04T07:14:06.615+0000] {logging_mixin.py:188} INFO - [2026-06-04T07:14:06.614+0000] {dag.py:3033} INFO - Sync 1 DAGs
[2026-06-04T07:14:06.768+0000] {logging_mixin.py:188} INFO - [2026-06-04T07:14:06.767+0000] {dag.py:3820} INFO - Setting next_dagrun for example_setup_teardown_taskflow to 2026-06-03T00:00:00+00:00, run_after=2026-06-04T00:00:00+00:00
[2026-06-04T07:14:06.841+0000] {processor.py:183} INFO - Processing /home/airflow/.local/lib/python3.8/site-packages/airflow/example_dags/example_setup_teardown_taskflow.py took 0.438 seconds
[2026-06-04T07:14:37.374+0000] {processor.py:161} INFO - Started process (PID=4231) to work on /home/airflow/.local/lib/python3.8/site-packages/airflow/example_dags/example_setup_teardown_taskflow.py
[2026-06-04T07:14:37.376+0000] {processor.py:830} INFO - Processing file /home/airflow/.local/lib/python3.8/site-packages/airflow/example_dags/example_setup_teardown_taskflow.py for tasks to queue
[2026-06-04T07:14:37.379+0000] {logging_mixin.py:188} INFO - [2026-06-04T07:14:37.378+0000] {dagbag.py:538} INFO - Filling up the DagBag from /home/airflow/.local/lib/python3.8/site-packages/airflow/example_dags/example_setup_teardown_taskflow.py
[2026-06-04T07:14:37.395+0000] {processor.py:840} INFO - DAG(s) 'example_setup_teardown_taskflow' retrieved from /home/airflow/.local/lib/python3.8/site-packages/airflow/example_dags/example_setup_teardown_taskflow.py
[2026-06-04T07:14:37.421+0000] {logging_mixin.py:188} INFO - [2026-06-04T07:14:37.420+0000] {dag.py:3033} INFO - Sync 1 DAGs
[2026-06-04T07:14:37.458+0000] {logging_mixin.py:188} INFO - [2026-06-04T07:14:37.458+0000] {dag.py:3820} INFO - Setting next_dagrun for example_setup_teardown_taskflow to 2026-06-03T00:00:00+00:00, run_after=2026-06-04T00:00:00+00:00
[2026-06-04T07:14:37.486+0000] {processor.py:183} INFO - Processing /home/airflow/.local/lib/python3.8/site-packages/airflow/example_dags/example_setup_teardown_taskflow.py took 0.115 seconds
[2026-06-04T07:15:08.100+0000] {processor.py:161} INFO - Started process (PID=4287) to work on /home/airflow/.local/lib/python3.8/site-packages/airflow/example_dags/example_setup_teardown_taskflow.py
[2026-06-04T07:15:08.101+0000] {processor.py:830} INFO - Processing file /home/airflow/.local/lib/python3.8/site-packages/airflow/example_dags/example_setup_teardown_taskflow.py for tasks to queue
[2026-06-04T07:15:08.103+0000] {logging_mixin.py:188} INFO - [2026-06-04T07:15:08.103+0000] {dagbag.py:538} INFO - Filling up the DagBag from /home/airflow/.local/lib/python3.8/site-packages/airflow/example_dags/example_setup_teardown_taskflow.py
[2026-06-04T07:15:08.111+0000] {processor.py:840} INFO - DAG(s) 'example_setup_teardown_taskflow' retrieved from /home/airflow/.local/lib/python3.8/site-packages/airflow/example_dags/example_setup_teardown_taskflow.py
[2026-06-04T07:15:08.144+0000] {logging_mixin.py:188} INFO - [2026-06-04T07:15:08.143+0000] {dag.py:3033} INFO - Sync 1 DAGs
[2026-06-04T07:15:08.174+0000] {logging_mixin.py:188} INFO - [2026-06-04T07:15:08.171+0000] {dag.py:3820} INFO - Setting next_dagrun for example_setup_teardown_taskflow to 2026-06-03T00:00:00+00:00, run_after=2026-06-04T00:00:00+00:00
[2026-06-04T07:15:08.190+0000] {processor.py:183} INFO - Processing /home/airflow/.local/lib/python3.8/site-packages/airflow/example_dags/example_setup_teardown_taskflow.py took 0.093 seconds
[2026-06-04T07:15:38.348+0000] {processor.py:161} INFO - Started process (PID=4343) to work on /home/airflow/.local/lib/python3.8/site-packages/airflow/example_dags/example_setup_teardown_taskflow.py
[2026-06-04T07:15:38.352+0000] {processor.py:830} INFO - Processing file /home/airflow/.local/lib/python3.8/site-packages/airflow/example_dags/example_setup_teardown_taskflow.py for tasks to queue
[2026-06-04T07:15:38.355+0000] {logging_mixin.py:188} INFO - [2026-06-04T07:15:38.355+0000] {dagbag.py:538} INFO - Filling up the DagBag from /home/airflow/.local/lib/python3.8/site-packages/airflow/example_dags/example_setup_teardown_taskflow.py
[2026-06-04T07:15:38.365+0000] {processor.py:840} INFO - DAG(s) 'example_setup_teardown_taskflow' retrieved from /home/airflow/.local/lib/python3.8/site-packages/airflow/example_dags/example_setup_teardown_taskflow.py
[2026-06-04T07:15:38.394+0000] {logging_mixin.py:188} INFO - [2026-06-04T07:15:38.393+0000] {dag.py:3033} INFO - Sync 1 DAGs
[2026-06-04T07:15:38.418+0000] {logging_mixin.py:188} INFO - [2026-06-04T07:15:38.418+0000] {dag.py:3820} INFO - Setting next_dagrun for example_setup_teardown_taskflow to 2026-06-03T00:00:00+00:00, run_after=2026-06-04T00:00:00+00:00
[2026-06-04T07:15:38.436+0000] {processor.py:183} INFO - Processing /home/airflow/.local/lib/python3.8/site-packages/airflow/example_dags/example_setup_teardown_taskflow.py took 0.100 seconds
[2026-06-04T07:16:08.934+0000] {processor.py:161} INFO - Started process (PID=4399) to work on /home/airflow/.local/lib/python3.8/site-packages/airflow/example_dags/example_setup_teardown_taskflow.py
[2026-06-04T07:16:08.940+0000] {processor.py:830} INFO - Processing file /home/airflow/.local/lib/python3.8/site-packages/airflow/example_dags/example_setup_teardown_taskflow.py for tasks to queue
[2026-06-04T07:16:08.942+0000] {logging_mixin.py:188} INFO - [2026-06-04T07:16:08.942+0000] {dagbag.py:538} INFO - Filling up the DagBag from /home/airflow/.local/lib/python3.8/site-packages/airflow/example_dags/example_setup_teardown_taskflow.py
[2026-06-04T07:16:08.991+0000] {processor.py:840} INFO - DAG(s) 'example_setup_teardown_taskflow' retrieved from /home/airflow/.local/lib/python3.8/site-packages/airflow/example_dags/example_setup_teardown_taskflow.py
[2026-06-04T07:16:09.093+0000] {logging_mixin.py:188} INFO - [2026-06-04T07:16:09.092+0000] {dag.py:3033} INFO - Sync 1 DAGs
[2026-06-04T07:16:09.147+0000] {logging_mixin.py:188} INFO - [2026-06-04T07:16:09.147+0000] {dag.py:3820} INFO - Setting next_dagrun for example_setup_teardown_taskflow to 2026-06-03T00:00:00+00:00, run_after=2026-06-04T00:00:00+00:00
[2026-06-04T07:16:09.201+0000] {processor.py:183} INFO - Processing /home/airflow/.local/lib/python3.8/site-packages/airflow/example_dags/example_setup_teardown_taskflow.py took 0.269 seconds
