[2026-06-04T06:36:35.524+0000] {processor.py:161} INFO - Started process (PID=57) to work on /home/airflow/.local/lib/python3.8/site-packages/airflow/example_dags/tutorial_taskflow_api_virtualenv.py
[2026-06-04T06:36:35.530+0000] {processor.py:830} INFO - Processing file /home/airflow/.local/lib/python3.8/site-packages/airflow/example_dags/tutorial_taskflow_api_virtualenv.py for tasks to queue
[2026-06-04T06:36:35.534+0000] {logging_mixin.py:188} INFO - [2026-06-04T06:36:35.534+0000] {dagbag.py:538} INFO - Filling up the DagBag from /home/airflow/.local/lib/python3.8/site-packages/airflow/example_dags/tutorial_taskflow_api_virtualenv.py
[2026-06-04T06:36:35.542+0000] {processor.py:840} INFO - DAG(s) 'tutorial_taskflow_api_virtualenv' retrieved from /home/airflow/.local/lib/python3.8/site-packages/airflow/example_dags/tutorial_taskflow_api_virtualenv.py
[2026-06-04T06:36:35.548+0000] {logging_mixin.py:188} INFO - [2026-06-04T06:36:35.547+0000] {dag.py:3033} INFO - Sync 1 DAGs
[2026-06-04T06:36:35.554+0000] {logging_mixin.py:188} INFO - [2026-06-04T06:36:35.554+0000] {dag.py:3820} INFO - Setting next_dagrun for tutorial_taskflow_api_virtualenv to None, run_after=None
[2026-06-04T06:36:35.562+0000] {processor.py:183} INFO - Processing /home/airflow/.local/lib/python3.8/site-packages/airflow/example_dags/tutorial_taskflow_api_virtualenv.py took 0.063 seconds
[2026-06-04T06:37:06.543+0000] {processor.py:161} INFO - Started process (PID=114) to work on /home/airflow/.local/lib/python3.8/site-packages/airflow/example_dags/tutorial_taskflow_api_virtualenv.py
[2026-06-04T06:37:06.543+0000] {processor.py:830} INFO - Processing file /home/airflow/.local/lib/python3.8/site-packages/airflow/example_dags/tutorial_taskflow_api_virtualenv.py for tasks to queue
[2026-06-04T06:37:06.544+0000] {logging_mixin.py:188} INFO - [2026-06-04T06:37:06.544+0000] {dagbag.py:538} INFO - Filling up the DagBag from /home/airflow/.local/lib/python3.8/site-packages/airflow/example_dags/tutorial_taskflow_api_virtualenv.py
[2026-06-04T06:37:06.548+0000] {processor.py:840} INFO - DAG(s) 'tutorial_taskflow_api_virtualenv' retrieved from /home/airflow/.local/lib/python3.8/site-packages/airflow/example_dags/tutorial_taskflow_api_virtualenv.py
[2026-06-04T06:37:06.588+0000] {logging_mixin.py:188} INFO - [2026-06-04T06:37:06.588+0000] {dag.py:3033} INFO - Sync 1 DAGs
[2026-06-04T06:37:06.592+0000] {logging_mixin.py:188} INFO - [2026-06-04T06:37:06.592+0000] {dag.py:3820} INFO - Setting next_dagrun for tutorial_taskflow_api_virtualenv to None, run_after=None
[2026-06-04T06:37:06.599+0000] {processor.py:183} INFO - Processing /home/airflow/.local/lib/python3.8/site-packages/airflow/example_dags/tutorial_taskflow_api_virtualenv.py took 0.058 seconds
[2026-06-04T06:37:37.433+0000] {processor.py:161} INFO - Started process (PID=170) to work on /home/airflow/.local/lib/python3.8/site-packages/airflow/example_dags/tutorial_taskflow_api_virtualenv.py
[2026-06-04T06:37:37.433+0000] {processor.py:830} INFO - Processing file /home/airflow/.local/lib/python3.8/site-packages/airflow/example_dags/tutorial_taskflow_api_virtualenv.py for tasks to queue
[2026-06-04T06:37:37.434+0000] {logging_mixin.py:188} INFO - [2026-06-04T06:37:37.434+0000] {dagbag.py:538} INFO - Filling up the DagBag from /home/airflow/.local/lib/python3.8/site-packages/airflow/example_dags/tutorial_taskflow_api_virtualenv.py
[2026-06-04T06:37:37.438+0000] {processor.py:840} INFO - DAG(s) 'tutorial_taskflow_api_virtualenv' retrieved from /home/airflow/.local/lib/python3.8/site-packages/airflow/example_dags/tutorial_taskflow_api_virtualenv.py
[2026-06-04T06:37:37.447+0000] {logging_mixin.py:188} INFO - [2026-06-04T06:37:37.447+0000] {dag.py:3033} INFO - Sync 1 DAGs
[2026-06-04T06:37:37.451+0000] {logging_mixin.py:188} INFO - [2026-06-04T06:37:37.451+0000] {dag.py:3820} INFO - Setting next_dagrun for tutorial_taskflow_api_virtualenv to None, run_after=None
[2026-06-04T06:37:37.458+0000] {processor.py:183} INFO - Processing /home/airflow/.local/lib/python3.8/site-packages/airflow/example_dags/tutorial_taskflow_api_virtualenv.py took 0.026 seconds
[2026-06-04T06:38:08.135+0000] {processor.py:161} INFO - Started process (PID=226) to work on /home/airflow/.local/lib/python3.8/site-packages/airflow/example_dags/tutorial_taskflow_api_virtualenv.py
[2026-06-04T06:38:08.137+0000] {processor.py:830} INFO - Processing file /home/airflow/.local/lib/python3.8/site-packages/airflow/example_dags/tutorial_taskflow_api_virtualenv.py for tasks to queue
[2026-06-04T06:38:08.138+0000] {logging_mixin.py:188} INFO - [2026-06-04T06:38:08.137+0000] {dagbag.py:538} INFO - Filling up the DagBag from /home/airflow/.local/lib/python3.8/site-packages/airflow/example_dags/tutorial_taskflow_api_virtualenv.py
[2026-06-04T06:38:08.141+0000] {processor.py:840} INFO - DAG(s) 'tutorial_taskflow_api_virtualenv' retrieved from /home/airflow/.local/lib/python3.8/site-packages/airflow/example_dags/tutorial_taskflow_api_virtualenv.py
[2026-06-04T06:38:08.153+0000] {logging_mixin.py:188} INFO - [2026-06-04T06:38:08.153+0000] {dag.py:3033} INFO - Sync 1 DAGs
[2026-06-04T06:38:08.160+0000] {logging_mixin.py:188} INFO - [2026-06-04T06:38:08.160+0000] {dag.py:3820} INFO - Setting next_dagrun for tutorial_taskflow_api_virtualenv to None, run_after=None
[2026-06-04T06:38:08.170+0000] {processor.py:183} INFO - Processing /home/airflow/.local/lib/python3.8/site-packages/airflow/example_dags/tutorial_taskflow_api_virtualenv.py took 0.036 seconds
[2026-06-04T06:38:38.311+0000] {processor.py:161} INFO - Started process (PID=281) to work on /home/airflow/.local/lib/python3.8/site-packages/airflow/example_dags/tutorial_taskflow_api_virtualenv.py
[2026-06-04T06:38:38.312+0000] {processor.py:830} INFO - Processing file /home/airflow/.local/lib/python3.8/site-packages/airflow/example_dags/tutorial_taskflow_api_virtualenv.py for tasks to queue
[2026-06-04T06:38:38.313+0000] {logging_mixin.py:188} INFO - [2026-06-04T06:38:38.312+0000] {dagbag.py:538} INFO - Filling up the DagBag from /home/airflow/.local/lib/python3.8/site-packages/airflow/example_dags/tutorial_taskflow_api_virtualenv.py
[2026-06-04T06:38:38.316+0000] {processor.py:840} INFO - DAG(s) 'tutorial_taskflow_api_virtualenv' retrieved from /home/airflow/.local/lib/python3.8/site-packages/airflow/example_dags/tutorial_taskflow_api_virtualenv.py
[2026-06-04T06:38:38.334+0000] {logging_mixin.py:188} INFO - [2026-06-04T06:38:38.334+0000] {dag.py:3033} INFO - Sync 1 DAGs
[2026-06-04T06:38:38.342+0000] {logging_mixin.py:188} INFO - [2026-06-04T06:38:38.342+0000] {dag.py:3820} INFO - Setting next_dagrun for tutorial_taskflow_api_virtualenv to None, run_after=None
[2026-06-04T06:38:38.353+0000] {processor.py:183} INFO - Processing /home/airflow/.local/lib/python3.8/site-packages/airflow/example_dags/tutorial_taskflow_api_virtualenv.py took 0.045 seconds
[2026-06-04T06:39:09.063+0000] {processor.py:161} INFO - Started process (PID=337) to work on /home/airflow/.local/lib/python3.8/site-packages/airflow/example_dags/tutorial_taskflow_api_virtualenv.py
[2026-06-04T06:39:09.064+0000] {processor.py:830} INFO - Processing file /home/airflow/.local/lib/python3.8/site-packages/airflow/example_dags/tutorial_taskflow_api_virtualenv.py for tasks to queue
[2026-06-04T06:39:09.065+0000] {logging_mixin.py:188} INFO - [2026-06-04T06:39:09.065+0000] {dagbag.py:538} INFO - Filling up the DagBag from /home/airflow/.local/lib/python3.8/site-packages/airflow/example_dags/tutorial_taskflow_api_virtualenv.py
[2026-06-04T06:39:09.067+0000] {processor.py:840} INFO - DAG(s) 'tutorial_taskflow_api_virtualenv' retrieved from /home/airflow/.local/lib/python3.8/site-packages/airflow/example_dags/tutorial_taskflow_api_virtualenv.py
[2026-06-04T06:39:09.079+0000] {logging_mixin.py:188} INFO - [2026-06-04T06:39:09.079+0000] {dag.py:3033} INFO - Sync 1 DAGs
[2026-06-04T06:39:09.084+0000] {logging_mixin.py:188} INFO - [2026-06-04T06:39:09.084+0000] {dag.py:3820} INFO - Setting next_dagrun for tutorial_taskflow_api_virtualenv to None, run_after=None
[2026-06-04T06:39:09.095+0000] {processor.py:183} INFO - Processing /home/airflow/.local/lib/python3.8/site-packages/airflow/example_dags/tutorial_taskflow_api_virtualenv.py took 0.033 seconds
[2026-06-04T06:39:40.153+0000] {processor.py:161} INFO - Started process (PID=393) to work on /home/airflow/.local/lib/python3.8/site-packages/airflow/example_dags/tutorial_taskflow_api_virtualenv.py
[2026-06-04T06:39:40.154+0000] {processor.py:830} INFO - Processing file /home/airflow/.local/lib/python3.8/site-packages/airflow/example_dags/tutorial_taskflow_api_virtualenv.py for tasks to queue
[2026-06-04T06:39:40.156+0000] {logging_mixin.py:188} INFO - [2026-06-04T06:39:40.156+0000] {dagbag.py:538} INFO - Filling up the DagBag from /home/airflow/.local/lib/python3.8/site-packages/airflow/example_dags/tutorial_taskflow_api_virtualenv.py
[2026-06-04T06:39:40.160+0000] {processor.py:840} INFO - DAG(s) 'tutorial_taskflow_api_virtualenv' retrieved from /home/airflow/.local/lib/python3.8/site-packages/airflow/example_dags/tutorial_taskflow_api_virtualenv.py
[2026-06-04T06:39:40.172+0000] {logging_mixin.py:188} INFO - [2026-06-04T06:39:40.172+0000] {dag.py:3033} INFO - Sync 1 DAGs
[2026-06-04T06:39:40.177+0000] {logging_mixin.py:188} INFO - [2026-06-04T06:39:40.177+0000] {dag.py:3820} INFO - Setting next_dagrun for tutorial_taskflow_api_virtualenv to None, run_after=None
[2026-06-04T06:39:40.186+0000] {processor.py:183} INFO - Processing /home/airflow/.local/lib/python3.8/site-packages/airflow/example_dags/tutorial_taskflow_api_virtualenv.py took 0.034 seconds
[2026-06-04T06:40:10.927+0000] {processor.py:161} INFO - Started process (PID=449) to work on /home/airflow/.local/lib/python3.8/site-packages/airflow/example_dags/tutorial_taskflow_api_virtualenv.py
[2026-06-04T06:40:10.928+0000] {processor.py:830} INFO - Processing file /home/airflow/.local/lib/python3.8/site-packages/airflow/example_dags/tutorial_taskflow_api_virtualenv.py for tasks to queue
[2026-06-04T06:40:10.929+0000] {logging_mixin.py:188} INFO - [2026-06-04T06:40:10.929+0000] {dagbag.py:538} INFO - Filling up the DagBag from /home/airflow/.local/lib/python3.8/site-packages/airflow/example_dags/tutorial_taskflow_api_virtualenv.py
[2026-06-04T06:40:10.932+0000] {processor.py:840} INFO - DAG(s) 'tutorial_taskflow_api_virtualenv' retrieved from /home/airflow/.local/lib/python3.8/site-packages/airflow/example_dags/tutorial_taskflow_api_virtualenv.py
[2026-06-04T06:40:10.941+0000] {logging_mixin.py:188} INFO - [2026-06-04T06:40:10.941+0000] {dag.py:3033} INFO - Sync 1 DAGs
[2026-06-04T06:40:10.946+0000] {logging_mixin.py:188} INFO - [2026-06-04T06:40:10.946+0000] {dag.py:3820} INFO - Setting next_dagrun for tutorial_taskflow_api_virtualenv to None, run_after=None
[2026-06-04T06:40:10.952+0000] {processor.py:183} INFO - Processing /home/airflow/.local/lib/python3.8/site-packages/airflow/example_dags/tutorial_taskflow_api_virtualenv.py took 0.026 seconds
[2026-06-04T06:40:42.033+0000] {processor.py:161} INFO - Started process (PID=505) to work on /home/airflow/.local/lib/python3.8/site-packages/airflow/example_dags/tutorial_taskflow_api_virtualenv.py
[2026-06-04T06:40:42.034+0000] {processor.py:830} INFO - Processing file /home/airflow/.local/lib/python3.8/site-packages/airflow/example_dags/tutorial_taskflow_api_virtualenv.py for tasks to queue
[2026-06-04T06:40:42.036+0000] {logging_mixin.py:188} INFO - [2026-06-04T06:40:42.036+0000] {dagbag.py:538} INFO - Filling up the DagBag from /home/airflow/.local/lib/python3.8/site-packages/airflow/example_dags/tutorial_taskflow_api_virtualenv.py
[2026-06-04T06:40:42.039+0000] {processor.py:840} INFO - DAG(s) 'tutorial_taskflow_api_virtualenv' retrieved from /home/airflow/.local/lib/python3.8/site-packages/airflow/example_dags/tutorial_taskflow_api_virtualenv.py
[2026-06-04T06:40:42.051+0000] {logging_mixin.py:188} INFO - [2026-06-04T06:40:42.051+0000] {dag.py:3033} INFO - Sync 1 DAGs
[2026-06-04T06:40:42.060+0000] {logging_mixin.py:188} INFO - [2026-06-04T06:40:42.060+0000] {dag.py:3820} INFO - Setting next_dagrun for tutorial_taskflow_api_virtualenv to None, run_after=None
[2026-06-04T06:40:42.070+0000] {processor.py:183} INFO - Processing /home/airflow/.local/lib/python3.8/site-packages/airflow/example_dags/tutorial_taskflow_api_virtualenv.py took 0.038 seconds
[2026-06-04T06:41:12.834+0000] {processor.py:161} INFO - Started process (PID=561) to work on /home/airflow/.local/lib/python3.8/site-packages/airflow/example_dags/tutorial_taskflow_api_virtualenv.py
[2026-06-04T06:41:12.835+0000] {processor.py:830} INFO - Processing file /home/airflow/.local/lib/python3.8/site-packages/airflow/example_dags/tutorial_taskflow_api_virtualenv.py for tasks to queue
[2026-06-04T06:41:12.836+0000] {logging_mixin.py:188} INFO - [2026-06-04T06:41:12.836+0000] {dagbag.py:538} INFO - Filling up the DagBag from /home/airflow/.local/lib/python3.8/site-packages/airflow/example_dags/tutorial_taskflow_api_virtualenv.py
[2026-06-04T06:41:12.839+0000] {processor.py:840} INFO - DAG(s) 'tutorial_taskflow_api_virtualenv' retrieved from /home/airflow/.local/lib/python3.8/site-packages/airflow/example_dags/tutorial_taskflow_api_virtualenv.py
[2026-06-04T06:41:12.847+0000] {logging_mixin.py:188} INFO - [2026-06-04T06:41:12.847+0000] {dag.py:3033} INFO - Sync 1 DAGs
[2026-06-04T06:41:12.851+0000] {logging_mixin.py:188} INFO - [2026-06-04T06:41:12.851+0000] {dag.py:3820} INFO - Setting next_dagrun for tutorial_taskflow_api_virtualenv to None, run_after=None
[2026-06-04T06:41:12.858+0000] {processor.py:183} INFO - Processing /home/airflow/.local/lib/python3.8/site-packages/airflow/example_dags/tutorial_taskflow_api_virtualenv.py took 0.025 seconds
[2026-06-04T06:41:43.642+0000] {processor.py:161} INFO - Started process (PID=617) to work on /home/airflow/.local/lib/python3.8/site-packages/airflow/example_dags/tutorial_taskflow_api_virtualenv.py
[2026-06-04T06:41:43.643+0000] {processor.py:830} INFO - Processing file /home/airflow/.local/lib/python3.8/site-packages/airflow/example_dags/tutorial_taskflow_api_virtualenv.py for tasks to queue
[2026-06-04T06:41:43.644+0000] {logging_mixin.py:188} INFO - [2026-06-04T06:41:43.643+0000] {dagbag.py:538} INFO - Filling up the DagBag from /home/airflow/.local/lib/python3.8/site-packages/airflow/example_dags/tutorial_taskflow_api_virtualenv.py
[2026-06-04T06:41:43.646+0000] {processor.py:840} INFO - DAG(s) 'tutorial_taskflow_api_virtualenv' retrieved from /home/airflow/.local/lib/python3.8/site-packages/airflow/example_dags/tutorial_taskflow_api_virtualenv.py
[2026-06-04T06:41:43.655+0000] {logging_mixin.py:188} INFO - [2026-06-04T06:41:43.655+0000] {dag.py:3033} INFO - Sync 1 DAGs
[2026-06-04T06:41:43.659+0000] {logging_mixin.py:188} INFO - [2026-06-04T06:41:43.659+0000] {dag.py:3820} INFO - Setting next_dagrun for tutorial_taskflow_api_virtualenv to None, run_after=None
[2026-06-04T06:41:43.665+0000] {processor.py:183} INFO - Processing /home/airflow/.local/lib/python3.8/site-packages/airflow/example_dags/tutorial_taskflow_api_virtualenv.py took 0.024 seconds
[2026-06-04T06:42:14.626+0000] {processor.py:161} INFO - Started process (PID=673) to work on /home/airflow/.local/lib/python3.8/site-packages/airflow/example_dags/tutorial_taskflow_api_virtualenv.py
[2026-06-04T06:42:14.626+0000] {processor.py:830} INFO - Processing file /home/airflow/.local/lib/python3.8/site-packages/airflow/example_dags/tutorial_taskflow_api_virtualenv.py for tasks to queue
[2026-06-04T06:42:14.627+0000] {logging_mixin.py:188} INFO - [2026-06-04T06:42:14.627+0000] {dagbag.py:538} INFO - Filling up the DagBag from /home/airflow/.local/lib/python3.8/site-packages/airflow/example_dags/tutorial_taskflow_api_virtualenv.py
[2026-06-04T06:42:14.630+0000] {processor.py:840} INFO - DAG(s) 'tutorial_taskflow_api_virtualenv' retrieved from /home/airflow/.local/lib/python3.8/site-packages/airflow/example_dags/tutorial_taskflow_api_virtualenv.py
[2026-06-04T06:42:14.642+0000] {logging_mixin.py:188} INFO - [2026-06-04T06:42:14.642+0000] {dag.py:3033} INFO - Sync 1 DAGs
[2026-06-04T06:42:14.648+0000] {logging_mixin.py:188} INFO - [2026-06-04T06:42:14.648+0000] {dag.py:3820} INFO - Setting next_dagrun for tutorial_taskflow_api_virtualenv to None, run_after=None
[2026-06-04T06:42:14.664+0000] {processor.py:183} INFO - Processing /home/airflow/.local/lib/python3.8/site-packages/airflow/example_dags/tutorial_taskflow_api_virtualenv.py took 0.040 seconds
[2026-06-04T06:42:44.874+0000] {processor.py:161} INFO - Started process (PID=729) to work on /home/airflow/.local/lib/python3.8/site-packages/airflow/example_dags/tutorial_taskflow_api_virtualenv.py
[2026-06-04T06:42:44.875+0000] {processor.py:830} INFO - Processing file /home/airflow/.local/lib/python3.8/site-packages/airflow/example_dags/tutorial_taskflow_api_virtualenv.py for tasks to queue
[2026-06-04T06:42:44.876+0000] {logging_mixin.py:188} INFO - [2026-06-04T06:42:44.876+0000] {dagbag.py:538} INFO - Filling up the DagBag from /home/airflow/.local/lib/python3.8/site-packages/airflow/example_dags/tutorial_taskflow_api_virtualenv.py
[2026-06-04T06:42:44.881+0000] {processor.py:840} INFO - DAG(s) 'tutorial_taskflow_api_virtualenv' retrieved from /home/airflow/.local/lib/python3.8/site-packages/airflow/example_dags/tutorial_taskflow_api_virtualenv.py
[2026-06-04T06:42:44.891+0000] {logging_mixin.py:188} INFO - [2026-06-04T06:42:44.890+0000] {dag.py:3033} INFO - Sync 1 DAGs
[2026-06-04T06:42:44.896+0000] {logging_mixin.py:188} INFO - [2026-06-04T06:42:44.896+0000] {dag.py:3820} INFO - Setting next_dagrun for tutorial_taskflow_api_virtualenv to None, run_after=None
[2026-06-04T06:42:44.902+0000] {processor.py:183} INFO - Processing /home/airflow/.local/lib/python3.8/site-packages/airflow/example_dags/tutorial_taskflow_api_virtualenv.py took 0.030 seconds
[2026-06-04T06:43:15.225+0000] {processor.py:161} INFO - Started process (PID=785) to work on /home/airflow/.local/lib/python3.8/site-packages/airflow/example_dags/tutorial_taskflow_api_virtualenv.py
[2026-06-04T06:43:15.227+0000] {processor.py:830} INFO - Processing file /home/airflow/.local/lib/python3.8/site-packages/airflow/example_dags/tutorial_taskflow_api_virtualenv.py for tasks to queue
[2026-06-04T06:43:15.228+0000] {logging_mixin.py:188} INFO - [2026-06-04T06:43:15.228+0000] {dagbag.py:538} INFO - Filling up the DagBag from /home/airflow/.local/lib/python3.8/site-packages/airflow/example_dags/tutorial_taskflow_api_virtualenv.py
[2026-06-04T06:43:15.231+0000] {processor.py:840} INFO - DAG(s) 'tutorial_taskflow_api_virtualenv' retrieved from /home/airflow/.local/lib/python3.8/site-packages/airflow/example_dags/tutorial_taskflow_api_virtualenv.py
[2026-06-04T06:43:15.248+0000] {logging_mixin.py:188} INFO - [2026-06-04T06:43:15.248+0000] {dag.py:3033} INFO - Sync 1 DAGs
[2026-06-04T06:43:15.253+0000] {logging_mixin.py:188} INFO - [2026-06-04T06:43:15.253+0000] {dag.py:3820} INFO - Setting next_dagrun for tutorial_taskflow_api_virtualenv to None, run_after=None
[2026-06-04T06:43:15.264+0000] {processor.py:183} INFO - Processing /home/airflow/.local/lib/python3.8/site-packages/airflow/example_dags/tutorial_taskflow_api_virtualenv.py took 0.041 seconds
[2026-06-04T06:43:45.385+0000] {processor.py:161} INFO - Started process (PID=841) to work on /home/airflow/.local/lib/python3.8/site-packages/airflow/example_dags/tutorial_taskflow_api_virtualenv.py
[2026-06-04T06:43:45.386+0000] {processor.py:830} INFO - Processing file /home/airflow/.local/lib/python3.8/site-packages/airflow/example_dags/tutorial_taskflow_api_virtualenv.py for tasks to queue
[2026-06-04T06:43:45.388+0000] {logging_mixin.py:188} INFO - [2026-06-04T06:43:45.388+0000] {dagbag.py:538} INFO - Filling up the DagBag from /home/airflow/.local/lib/python3.8/site-packages/airflow/example_dags/tutorial_taskflow_api_virtualenv.py
[2026-06-04T06:43:45.391+0000] {processor.py:840} INFO - DAG(s) 'tutorial_taskflow_api_virtualenv' retrieved from /home/airflow/.local/lib/python3.8/site-packages/airflow/example_dags/tutorial_taskflow_api_virtualenv.py
[2026-06-04T06:43:45.405+0000] {logging_mixin.py:188} INFO - [2026-06-04T06:43:45.405+0000] {dag.py:3033} INFO - Sync 1 DAGs
[2026-06-04T06:43:45.410+0000] {logging_mixin.py:188} INFO - [2026-06-04T06:43:45.410+0000] {dag.py:3820} INFO - Setting next_dagrun for tutorial_taskflow_api_virtualenv to None, run_after=None
[2026-06-04T06:43:45.421+0000] {processor.py:183} INFO - Processing /home/airflow/.local/lib/python3.8/site-packages/airflow/example_dags/tutorial_taskflow_api_virtualenv.py took 0.037 seconds
[2026-06-04T06:44:15.543+0000] {processor.py:161} INFO - Started process (PID=897) to work on /home/airflow/.local/lib/python3.8/site-packages/airflow/example_dags/tutorial_taskflow_api_virtualenv.py
[2026-06-04T06:44:15.544+0000] {processor.py:830} INFO - Processing file /home/airflow/.local/lib/python3.8/site-packages/airflow/example_dags/tutorial_taskflow_api_virtualenv.py for tasks to queue
[2026-06-04T06:44:15.546+0000] {logging_mixin.py:188} INFO - [2026-06-04T06:44:15.546+0000] {dagbag.py:538} INFO - Filling up the DagBag from /home/airflow/.local/lib/python3.8/site-packages/airflow/example_dags/tutorial_taskflow_api_virtualenv.py
[2026-06-04T06:44:15.550+0000] {processor.py:840} INFO - DAG(s) 'tutorial_taskflow_api_virtualenv' retrieved from /home/airflow/.local/lib/python3.8/site-packages/airflow/example_dags/tutorial_taskflow_api_virtualenv.py
[2026-06-04T06:44:15.571+0000] {logging_mixin.py:188} INFO - [2026-06-04T06:44:15.571+0000] {dag.py:3033} INFO - Sync 1 DAGs
[2026-06-04T06:44:15.585+0000] {logging_mixin.py:188} INFO - [2026-06-04T06:44:15.584+0000] {dag.py:3820} INFO - Setting next_dagrun for tutorial_taskflow_api_virtualenv to None, run_after=None
[2026-06-04T06:44:15.597+0000] {processor.py:183} INFO - Processing /home/airflow/.local/lib/python3.8/site-packages/airflow/example_dags/tutorial_taskflow_api_virtualenv.py took 0.055 seconds
[2026-06-04T06:44:46.390+0000] {processor.py:161} INFO - Started process (PID=952) to work on /home/airflow/.local/lib/python3.8/site-packages/airflow/example_dags/tutorial_taskflow_api_virtualenv.py
[2026-06-04T06:44:46.392+0000] {processor.py:830} INFO - Processing file /home/airflow/.local/lib/python3.8/site-packages/airflow/example_dags/tutorial_taskflow_api_virtualenv.py for tasks to queue
[2026-06-04T06:44:46.393+0000] {logging_mixin.py:188} INFO - [2026-06-04T06:44:46.393+0000] {dagbag.py:538} INFO - Filling up the DagBag from /home/airflow/.local/lib/python3.8/site-packages/airflow/example_dags/tutorial_taskflow_api_virtualenv.py
[2026-06-04T06:44:46.397+0000] {processor.py:840} INFO - DAG(s) 'tutorial_taskflow_api_virtualenv' retrieved from /home/airflow/.local/lib/python3.8/site-packages/airflow/example_dags/tutorial_taskflow_api_virtualenv.py
[2026-06-04T06:44:46.408+0000] {logging_mixin.py:188} INFO - [2026-06-04T06:44:46.408+0000] {dag.py:3033} INFO - Sync 1 DAGs
[2026-06-04T06:44:46.413+0000] {logging_mixin.py:188} INFO - [2026-06-04T06:44:46.413+0000] {dag.py:3820} INFO - Setting next_dagrun for tutorial_taskflow_api_virtualenv to None, run_after=None
[2026-06-04T06:44:46.424+0000] {processor.py:183} INFO - Processing /home/airflow/.local/lib/python3.8/site-packages/airflow/example_dags/tutorial_taskflow_api_virtualenv.py took 0.035 seconds
[2026-06-04T06:45:16.630+0000] {processor.py:161} INFO - Started process (PID=1008) to work on /home/airflow/.local/lib/python3.8/site-packages/airflow/example_dags/tutorial_taskflow_api_virtualenv.py
[2026-06-04T06:45:16.631+0000] {processor.py:830} INFO - Processing file /home/airflow/.local/lib/python3.8/site-packages/airflow/example_dags/tutorial_taskflow_api_virtualenv.py for tasks to queue
[2026-06-04T06:45:16.633+0000] {logging_mixin.py:188} INFO - [2026-06-04T06:45:16.633+0000] {dagbag.py:538} INFO - Filling up the DagBag from /home/airflow/.local/lib/python3.8/site-packages/airflow/example_dags/tutorial_taskflow_api_virtualenv.py
[2026-06-04T06:45:16.641+0000] {processor.py:840} INFO - DAG(s) 'tutorial_taskflow_api_virtualenv' retrieved from /home/airflow/.local/lib/python3.8/site-packages/airflow/example_dags/tutorial_taskflow_api_virtualenv.py
[2026-06-04T06:45:16.655+0000] {logging_mixin.py:188} INFO - [2026-06-04T06:45:16.655+0000] {dag.py:3033} INFO - Sync 1 DAGs
[2026-06-04T06:45:16.661+0000] {logging_mixin.py:188} INFO - [2026-06-04T06:45:16.661+0000] {dag.py:3820} INFO - Setting next_dagrun for tutorial_taskflow_api_virtualenv to None, run_after=None
[2026-06-04T06:45:16.671+0000] {processor.py:183} INFO - Processing /home/airflow/.local/lib/python3.8/site-packages/airflow/example_dags/tutorial_taskflow_api_virtualenv.py took 0.045 seconds
[2026-06-04T06:45:46.851+0000] {processor.py:161} INFO - Started process (PID=1064) to work on /home/airflow/.local/lib/python3.8/site-packages/airflow/example_dags/tutorial_taskflow_api_virtualenv.py
[2026-06-04T06:45:46.852+0000] {processor.py:830} INFO - Processing file /home/airflow/.local/lib/python3.8/site-packages/airflow/example_dags/tutorial_taskflow_api_virtualenv.py for tasks to queue
[2026-06-04T06:45:46.853+0000] {logging_mixin.py:188} INFO - [2026-06-04T06:45:46.853+0000] {dagbag.py:538} INFO - Filling up the DagBag from /home/airflow/.local/lib/python3.8/site-packages/airflow/example_dags/tutorial_taskflow_api_virtualenv.py
[2026-06-04T06:45:46.857+0000] {processor.py:840} INFO - DAG(s) 'tutorial_taskflow_api_virtualenv' retrieved from /home/airflow/.local/lib/python3.8/site-packages/airflow/example_dags/tutorial_taskflow_api_virtualenv.py
[2026-06-04T06:45:46.869+0000] {logging_mixin.py:188} INFO - [2026-06-04T06:45:46.869+0000] {dag.py:3033} INFO - Sync 1 DAGs
[2026-06-04T06:45:46.874+0000] {logging_mixin.py:188} INFO - [2026-06-04T06:45:46.874+0000] {dag.py:3820} INFO - Setting next_dagrun for tutorial_taskflow_api_virtualenv to None, run_after=None
[2026-06-04T06:45:46.884+0000] {processor.py:183} INFO - Processing /home/airflow/.local/lib/python3.8/site-packages/airflow/example_dags/tutorial_taskflow_api_virtualenv.py took 0.035 seconds
[2026-06-04T06:46:17.725+0000] {processor.py:161} INFO - Started process (PID=1120) to work on /home/airflow/.local/lib/python3.8/site-packages/airflow/example_dags/tutorial_taskflow_api_virtualenv.py
[2026-06-04T06:46:17.726+0000] {processor.py:830} INFO - Processing file /home/airflow/.local/lib/python3.8/site-packages/airflow/example_dags/tutorial_taskflow_api_virtualenv.py for tasks to queue
[2026-06-04T06:46:17.730+0000] {logging_mixin.py:188} INFO - [2026-06-04T06:46:17.730+0000] {dagbag.py:538} INFO - Filling up the DagBag from /home/airflow/.local/lib/python3.8/site-packages/airflow/example_dags/tutorial_taskflow_api_virtualenv.py
[2026-06-04T06:46:17.734+0000] {processor.py:840} INFO - DAG(s) 'tutorial_taskflow_api_virtualenv' retrieved from /home/airflow/.local/lib/python3.8/site-packages/airflow/example_dags/tutorial_taskflow_api_virtualenv.py
[2026-06-04T06:46:17.752+0000] {logging_mixin.py:188} INFO - [2026-06-04T06:46:17.751+0000] {dag.py:3033} INFO - Sync 1 DAGs
[2026-06-04T06:46:17.759+0000] {logging_mixin.py:188} INFO - [2026-06-04T06:46:17.759+0000] {dag.py:3820} INFO - Setting next_dagrun for tutorial_taskflow_api_virtualenv to None, run_after=None
[2026-06-04T06:46:17.770+0000] {processor.py:183} INFO - Processing /home/airflow/.local/lib/python3.8/site-packages/airflow/example_dags/tutorial_taskflow_api_virtualenv.py took 0.048 seconds
[2026-06-04T06:46:47.918+0000] {processor.py:161} INFO - Started process (PID=1176) to work on /home/airflow/.local/lib/python3.8/site-packages/airflow/example_dags/tutorial_taskflow_api_virtualenv.py
[2026-06-04T06:46:47.919+0000] {processor.py:830} INFO - Processing file /home/airflow/.local/lib/python3.8/site-packages/airflow/example_dags/tutorial_taskflow_api_virtualenv.py for tasks to queue
[2026-06-04T06:46:47.920+0000] {logging_mixin.py:188} INFO - [2026-06-04T06:46:47.920+0000] {dagbag.py:538} INFO - Filling up the DagBag from /home/airflow/.local/lib/python3.8/site-packages/airflow/example_dags/tutorial_taskflow_api_virtualenv.py
[2026-06-04T06:46:47.924+0000] {processor.py:840} INFO - DAG(s) 'tutorial_taskflow_api_virtualenv' retrieved from /home/airflow/.local/lib/python3.8/site-packages/airflow/example_dags/tutorial_taskflow_api_virtualenv.py
[2026-06-04T06:46:47.937+0000] {logging_mixin.py:188} INFO - [2026-06-04T06:46:47.937+0000] {dag.py:3033} INFO - Sync 1 DAGs
[2026-06-04T06:46:47.943+0000] {logging_mixin.py:188} INFO - [2026-06-04T06:46:47.943+0000] {dag.py:3820} INFO - Setting next_dagrun for tutorial_taskflow_api_virtualenv to None, run_after=None
[2026-06-04T06:46:47.954+0000] {processor.py:183} INFO - Processing /home/airflow/.local/lib/python3.8/site-packages/airflow/example_dags/tutorial_taskflow_api_virtualenv.py took 0.037 seconds
[2026-06-04T06:47:18.096+0000] {processor.py:161} INFO - Started process (PID=1232) to work on /home/airflow/.local/lib/python3.8/site-packages/airflow/example_dags/tutorial_taskflow_api_virtualenv.py
[2026-06-04T06:47:18.098+0000] {processor.py:830} INFO - Processing file /home/airflow/.local/lib/python3.8/site-packages/airflow/example_dags/tutorial_taskflow_api_virtualenv.py for tasks to queue
[2026-06-04T06:47:18.099+0000] {logging_mixin.py:188} INFO - [2026-06-04T06:47:18.099+0000] {dagbag.py:538} INFO - Filling up the DagBag from /home/airflow/.local/lib/python3.8/site-packages/airflow/example_dags/tutorial_taskflow_api_virtualenv.py
[2026-06-04T06:47:18.102+0000] {processor.py:840} INFO - DAG(s) 'tutorial_taskflow_api_virtualenv' retrieved from /home/airflow/.local/lib/python3.8/site-packages/airflow/example_dags/tutorial_taskflow_api_virtualenv.py
[2026-06-04T06:47:18.116+0000] {logging_mixin.py:188} INFO - [2026-06-04T06:47:18.116+0000] {dag.py:3033} INFO - Sync 1 DAGs
[2026-06-04T06:47:18.123+0000] {logging_mixin.py:188} INFO - [2026-06-04T06:47:18.123+0000] {dag.py:3820} INFO - Setting next_dagrun for tutorial_taskflow_api_virtualenv to None, run_after=None
[2026-06-04T06:47:18.134+0000] {processor.py:183} INFO - Processing /home/airflow/.local/lib/python3.8/site-packages/airflow/example_dags/tutorial_taskflow_api_virtualenv.py took 0.039 seconds
[2026-06-04T06:47:49.017+0000] {processor.py:161} INFO - Started process (PID=1288) to work on /home/airflow/.local/lib/python3.8/site-packages/airflow/example_dags/tutorial_taskflow_api_virtualenv.py
[2026-06-04T06:47:49.017+0000] {processor.py:830} INFO - Processing file /home/airflow/.local/lib/python3.8/site-packages/airflow/example_dags/tutorial_taskflow_api_virtualenv.py for tasks to queue
[2026-06-04T06:47:49.018+0000] {logging_mixin.py:188} INFO - [2026-06-04T06:47:49.018+0000] {dagbag.py:538} INFO - Filling up the DagBag from /home/airflow/.local/lib/python3.8/site-packages/airflow/example_dags/tutorial_taskflow_api_virtualenv.py
[2026-06-04T06:47:49.021+0000] {processor.py:840} INFO - DAG(s) 'tutorial_taskflow_api_virtualenv' retrieved from /home/airflow/.local/lib/python3.8/site-packages/airflow/example_dags/tutorial_taskflow_api_virtualenv.py
[2026-06-04T06:47:49.034+0000] {logging_mixin.py:188} INFO - [2026-06-04T06:47:49.034+0000] {dag.py:3033} INFO - Sync 1 DAGs
[2026-06-04T06:47:49.039+0000] {logging_mixin.py:188} INFO - [2026-06-04T06:47:49.039+0000] {dag.py:3820} INFO - Setting next_dagrun for tutorial_taskflow_api_virtualenv to None, run_after=None
[2026-06-04T06:47:49.045+0000] {processor.py:183} INFO - Processing /home/airflow/.local/lib/python3.8/site-packages/airflow/example_dags/tutorial_taskflow_api_virtualenv.py took 0.030 seconds
[2026-06-04T06:48:19.876+0000] {processor.py:161} INFO - Started process (PID=1344) to work on /home/airflow/.local/lib/python3.8/site-packages/airflow/example_dags/tutorial_taskflow_api_virtualenv.py
[2026-06-04T06:48:19.877+0000] {processor.py:830} INFO - Processing file /home/airflow/.local/lib/python3.8/site-packages/airflow/example_dags/tutorial_taskflow_api_virtualenv.py for tasks to queue
[2026-06-04T06:48:19.877+0000] {logging_mixin.py:188} INFO - [2026-06-04T06:48:19.877+0000] {dagbag.py:538} INFO - Filling up the DagBag from /home/airflow/.local/lib/python3.8/site-packages/airflow/example_dags/tutorial_taskflow_api_virtualenv.py
[2026-06-04T06:48:19.880+0000] {processor.py:840} INFO - DAG(s) 'tutorial_taskflow_api_virtualenv' retrieved from /home/airflow/.local/lib/python3.8/site-packages/airflow/example_dags/tutorial_taskflow_api_virtualenv.py
[2026-06-04T06:48:19.888+0000] {logging_mixin.py:188} INFO - [2026-06-04T06:48:19.888+0000] {dag.py:3033} INFO - Sync 1 DAGs
[2026-06-04T06:48:19.892+0000] {logging_mixin.py:188} INFO - [2026-06-04T06:48:19.892+0000] {dag.py:3820} INFO - Setting next_dagrun for tutorial_taskflow_api_virtualenv to None, run_after=None
[2026-06-04T06:48:19.898+0000] {processor.py:183} INFO - Processing /home/airflow/.local/lib/python3.8/site-packages/airflow/example_dags/tutorial_taskflow_api_virtualenv.py took 0.023 seconds
[2026-06-04T06:48:50.898+0000] {processor.py:161} INFO - Started process (PID=1400) to work on /home/airflow/.local/lib/python3.8/site-packages/airflow/example_dags/tutorial_taskflow_api_virtualenv.py
[2026-06-04T06:48:50.899+0000] {processor.py:830} INFO - Processing file /home/airflow/.local/lib/python3.8/site-packages/airflow/example_dags/tutorial_taskflow_api_virtualenv.py for tasks to queue
[2026-06-04T06:48:50.899+0000] {logging_mixin.py:188} INFO - [2026-06-04T06:48:50.899+0000] {dagbag.py:538} INFO - Filling up the DagBag from /home/airflow/.local/lib/python3.8/site-packages/airflow/example_dags/tutorial_taskflow_api_virtualenv.py
[2026-06-04T06:48:50.902+0000] {processor.py:840} INFO - DAG(s) 'tutorial_taskflow_api_virtualenv' retrieved from /home/airflow/.local/lib/python3.8/site-packages/airflow/example_dags/tutorial_taskflow_api_virtualenv.py
[2026-06-04T06:48:50.910+0000] {logging_mixin.py:188} INFO - [2026-06-04T06:48:50.910+0000] {dag.py:3033} INFO - Sync 1 DAGs
[2026-06-04T06:48:50.914+0000] {logging_mixin.py:188} INFO - [2026-06-04T06:48:50.914+0000] {dag.py:3820} INFO - Setting next_dagrun for tutorial_taskflow_api_virtualenv to None, run_after=None
[2026-06-04T06:48:50.920+0000] {processor.py:183} INFO - Processing /home/airflow/.local/lib/python3.8/site-packages/airflow/example_dags/tutorial_taskflow_api_virtualenv.py took 0.023 seconds
[2026-06-04T06:49:21.623+0000] {processor.py:161} INFO - Started process (PID=1456) to work on /home/airflow/.local/lib/python3.8/site-packages/airflow/example_dags/tutorial_taskflow_api_virtualenv.py
[2026-06-04T06:49:21.625+0000] {processor.py:830} INFO - Processing file /home/airflow/.local/lib/python3.8/site-packages/airflow/example_dags/tutorial_taskflow_api_virtualenv.py for tasks to queue
[2026-06-04T06:49:21.630+0000] {logging_mixin.py:188} INFO - [2026-06-04T06:49:21.629+0000] {dagbag.py:538} INFO - Filling up the DagBag from /home/airflow/.local/lib/python3.8/site-packages/airflow/example_dags/tutorial_taskflow_api_virtualenv.py
[2026-06-04T06:49:21.643+0000] {processor.py:840} INFO - DAG(s) 'tutorial_taskflow_api_virtualenv' retrieved from /home/airflow/.local/lib/python3.8/site-packages/airflow/example_dags/tutorial_taskflow_api_virtualenv.py
[2026-06-04T06:49:21.663+0000] {logging_mixin.py:188} INFO - [2026-06-04T06:49:21.663+0000] {dag.py:3033} INFO - Sync 1 DAGs
[2026-06-04T06:49:21.668+0000] {logging_mixin.py:188} INFO - [2026-06-04T06:49:21.668+0000] {dag.py:3820} INFO - Setting next_dagrun for tutorial_taskflow_api_virtualenv to None, run_after=None
[2026-06-04T06:49:21.684+0000] {processor.py:183} INFO - Processing /home/airflow/.local/lib/python3.8/site-packages/airflow/example_dags/tutorial_taskflow_api_virtualenv.py took 0.066 seconds
[2026-06-04T06:49:52.132+0000] {processor.py:161} INFO - Started process (PID=1512) to work on /home/airflow/.local/lib/python3.8/site-packages/airflow/example_dags/tutorial_taskflow_api_virtualenv.py
[2026-06-04T06:49:52.133+0000] {processor.py:830} INFO - Processing file /home/airflow/.local/lib/python3.8/site-packages/airflow/example_dags/tutorial_taskflow_api_virtualenv.py for tasks to queue
[2026-06-04T06:49:52.134+0000] {logging_mixin.py:188} INFO - [2026-06-04T06:49:52.134+0000] {dagbag.py:538} INFO - Filling up the DagBag from /home/airflow/.local/lib/python3.8/site-packages/airflow/example_dags/tutorial_taskflow_api_virtualenv.py
[2026-06-04T06:49:52.137+0000] {processor.py:840} INFO - DAG(s) 'tutorial_taskflow_api_virtualenv' retrieved from /home/airflow/.local/lib/python3.8/site-packages/airflow/example_dags/tutorial_taskflow_api_virtualenv.py
[2026-06-04T06:49:52.150+0000] {logging_mixin.py:188} INFO - [2026-06-04T06:49:52.150+0000] {dag.py:3033} INFO - Sync 1 DAGs
[2026-06-04T06:49:52.155+0000] {logging_mixin.py:188} INFO - [2026-06-04T06:49:52.155+0000] {dag.py:3820} INFO - Setting next_dagrun for tutorial_taskflow_api_virtualenv to None, run_after=None
[2026-06-04T06:49:52.169+0000] {processor.py:183} INFO - Processing /home/airflow/.local/lib/python3.8/site-packages/airflow/example_dags/tutorial_taskflow_api_virtualenv.py took 0.039 seconds
[2026-06-04T06:50:22.285+0000] {processor.py:161} INFO - Started process (PID=1568) to work on /home/airflow/.local/lib/python3.8/site-packages/airflow/example_dags/tutorial_taskflow_api_virtualenv.py
[2026-06-04T06:50:22.287+0000] {processor.py:830} INFO - Processing file /home/airflow/.local/lib/python3.8/site-packages/airflow/example_dags/tutorial_taskflow_api_virtualenv.py for tasks to queue
[2026-06-04T06:50:22.288+0000] {logging_mixin.py:188} INFO - [2026-06-04T06:50:22.288+0000] {dagbag.py:538} INFO - Filling up the DagBag from /home/airflow/.local/lib/python3.8/site-packages/airflow/example_dags/tutorial_taskflow_api_virtualenv.py
[2026-06-04T06:50:22.291+0000] {processor.py:840} INFO - DAG(s) 'tutorial_taskflow_api_virtualenv' retrieved from /home/airflow/.local/lib/python3.8/site-packages/airflow/example_dags/tutorial_taskflow_api_virtualenv.py
[2026-06-04T06:50:22.301+0000] {logging_mixin.py:188} INFO - [2026-06-04T06:50:22.300+0000] {dag.py:3033} INFO - Sync 1 DAGs
[2026-06-04T06:50:22.307+0000] {logging_mixin.py:188} INFO - [2026-06-04T06:50:22.307+0000] {dag.py:3820} INFO - Setting next_dagrun for tutorial_taskflow_api_virtualenv to None, run_after=None
[2026-06-04T06:50:22.317+0000] {processor.py:183} INFO - Processing /home/airflow/.local/lib/python3.8/site-packages/airflow/example_dags/tutorial_taskflow_api_virtualenv.py took 0.034 seconds
[2026-06-04T06:50:53.402+0000] {processor.py:161} INFO - Started process (PID=1624) to work on /home/airflow/.local/lib/python3.8/site-packages/airflow/example_dags/tutorial_taskflow_api_virtualenv.py
[2026-06-04T06:50:53.403+0000] {processor.py:830} INFO - Processing file /home/airflow/.local/lib/python3.8/site-packages/airflow/example_dags/tutorial_taskflow_api_virtualenv.py for tasks to queue
[2026-06-04T06:50:53.403+0000] {logging_mixin.py:188} INFO - [2026-06-04T06:50:53.403+0000] {dagbag.py:538} INFO - Filling up the DagBag from /home/airflow/.local/lib/python3.8/site-packages/airflow/example_dags/tutorial_taskflow_api_virtualenv.py
[2026-06-04T06:50:53.406+0000] {processor.py:840} INFO - DAG(s) 'tutorial_taskflow_api_virtualenv' retrieved from /home/airflow/.local/lib/python3.8/site-packages/airflow/example_dags/tutorial_taskflow_api_virtualenv.py
[2026-06-04T06:50:53.414+0000] {logging_mixin.py:188} INFO - [2026-06-04T06:50:53.414+0000] {dag.py:3033} INFO - Sync 1 DAGs
[2026-06-04T06:50:53.418+0000] {logging_mixin.py:188} INFO - [2026-06-04T06:50:53.418+0000] {dag.py:3820} INFO - Setting next_dagrun for tutorial_taskflow_api_virtualenv to None, run_after=None
[2026-06-04T06:50:53.424+0000] {processor.py:183} INFO - Processing /home/airflow/.local/lib/python3.8/site-packages/airflow/example_dags/tutorial_taskflow_api_virtualenv.py took 0.023 seconds
[2026-06-04T06:51:24.478+0000] {processor.py:161} INFO - Started process (PID=1680) to work on /home/airflow/.local/lib/python3.8/site-packages/airflow/example_dags/tutorial_taskflow_api_virtualenv.py
[2026-06-04T06:51:24.479+0000] {processor.py:830} INFO - Processing file /home/airflow/.local/lib/python3.8/site-packages/airflow/example_dags/tutorial_taskflow_api_virtualenv.py for tasks to queue
[2026-06-04T06:51:24.479+0000] {logging_mixin.py:188} INFO - [2026-06-04T06:51:24.479+0000] {dagbag.py:538} INFO - Filling up the DagBag from /home/airflow/.local/lib/python3.8/site-packages/airflow/example_dags/tutorial_taskflow_api_virtualenv.py
[2026-06-04T06:51:24.483+0000] {processor.py:840} INFO - DAG(s) 'tutorial_taskflow_api_virtualenv' retrieved from /home/airflow/.local/lib/python3.8/site-packages/airflow/example_dags/tutorial_taskflow_api_virtualenv.py
[2026-06-04T06:51:24.495+0000] {logging_mixin.py:188} INFO - [2026-06-04T06:51:24.495+0000] {dag.py:3033} INFO - Sync 1 DAGs
[2026-06-04T06:51:24.500+0000] {logging_mixin.py:188} INFO - [2026-06-04T06:51:24.500+0000] {dag.py:3820} INFO - Setting next_dagrun for tutorial_taskflow_api_virtualenv to None, run_after=None
[2026-06-04T06:51:24.510+0000] {processor.py:183} INFO - Processing /home/airflow/.local/lib/python3.8/site-packages/airflow/example_dags/tutorial_taskflow_api_virtualenv.py took 0.033 seconds
[2026-06-04T06:51:55.234+0000] {processor.py:161} INFO - Started process (PID=1736) to work on /home/airflow/.local/lib/python3.8/site-packages/airflow/example_dags/tutorial_taskflow_api_virtualenv.py
[2026-06-04T06:51:55.235+0000] {processor.py:830} INFO - Processing file /home/airflow/.local/lib/python3.8/site-packages/airflow/example_dags/tutorial_taskflow_api_virtualenv.py for tasks to queue
[2026-06-04T06:51:55.236+0000] {logging_mixin.py:188} INFO - [2026-06-04T06:51:55.236+0000] {dagbag.py:538} INFO - Filling up the DagBag from /home/airflow/.local/lib/python3.8/site-packages/airflow/example_dags/tutorial_taskflow_api_virtualenv.py
[2026-06-04T06:51:55.240+0000] {processor.py:840} INFO - DAG(s) 'tutorial_taskflow_api_virtualenv' retrieved from /home/airflow/.local/lib/python3.8/site-packages/airflow/example_dags/tutorial_taskflow_api_virtualenv.py
[2026-06-04T06:51:55.257+0000] {logging_mixin.py:188} INFO - [2026-06-04T06:51:55.257+0000] {dag.py:3033} INFO - Sync 1 DAGs
[2026-06-04T06:51:55.265+0000] {logging_mixin.py:188} INFO - [2026-06-04T06:51:55.265+0000] {dag.py:3820} INFO - Setting next_dagrun for tutorial_taskflow_api_virtualenv to None, run_after=None
[2026-06-04T06:51:55.276+0000] {processor.py:183} INFO - Processing /home/airflow/.local/lib/python3.8/site-packages/airflow/example_dags/tutorial_taskflow_api_virtualenv.py took 0.044 seconds
[2026-06-04T06:52:25.507+0000] {processor.py:161} INFO - Started process (PID=1792) to work on /home/airflow/.local/lib/python3.8/site-packages/airflow/example_dags/tutorial_taskflow_api_virtualenv.py
[2026-06-04T06:52:25.508+0000] {processor.py:830} INFO - Processing file /home/airflow/.local/lib/python3.8/site-packages/airflow/example_dags/tutorial_taskflow_api_virtualenv.py for tasks to queue
[2026-06-04T06:52:25.509+0000] {logging_mixin.py:188} INFO - [2026-06-04T06:52:25.509+0000] {dagbag.py:538} INFO - Filling up the DagBag from /home/airflow/.local/lib/python3.8/site-packages/airflow/example_dags/tutorial_taskflow_api_virtualenv.py
[2026-06-04T06:52:25.513+0000] {processor.py:840} INFO - DAG(s) 'tutorial_taskflow_api_virtualenv' retrieved from /home/airflow/.local/lib/python3.8/site-packages/airflow/example_dags/tutorial_taskflow_api_virtualenv.py
[2026-06-04T06:52:25.528+0000] {logging_mixin.py:188} INFO - [2026-06-04T06:52:25.528+0000] {dag.py:3033} INFO - Sync 1 DAGs
[2026-06-04T06:52:25.534+0000] {logging_mixin.py:188} INFO - [2026-06-04T06:52:25.533+0000] {dag.py:3820} INFO - Setting next_dagrun for tutorial_taskflow_api_virtualenv to None, run_after=None
[2026-06-04T06:52:25.542+0000] {processor.py:183} INFO - Processing /home/airflow/.local/lib/python3.8/site-packages/airflow/example_dags/tutorial_taskflow_api_virtualenv.py took 0.037 seconds
[2026-06-04T06:52:55.857+0000] {processor.py:161} INFO - Started process (PID=1848) to work on /home/airflow/.local/lib/python3.8/site-packages/airflow/example_dags/tutorial_taskflow_api_virtualenv.py
[2026-06-04T06:52:55.857+0000] {processor.py:830} INFO - Processing file /home/airflow/.local/lib/python3.8/site-packages/airflow/example_dags/tutorial_taskflow_api_virtualenv.py for tasks to queue
[2026-06-04T06:52:55.858+0000] {logging_mixin.py:188} INFO - [2026-06-04T06:52:55.858+0000] {dagbag.py:538} INFO - Filling up the DagBag from /home/airflow/.local/lib/python3.8/site-packages/airflow/example_dags/tutorial_taskflow_api_virtualenv.py
[2026-06-04T06:52:55.861+0000] {processor.py:840} INFO - DAG(s) 'tutorial_taskflow_api_virtualenv' retrieved from /home/airflow/.local/lib/python3.8/site-packages/airflow/example_dags/tutorial_taskflow_api_virtualenv.py
[2026-06-04T06:52:55.876+0000] {logging_mixin.py:188} INFO - [2026-06-04T06:52:55.876+0000] {dag.py:3033} INFO - Sync 1 DAGs
[2026-06-04T06:52:55.881+0000] {logging_mixin.py:188} INFO - [2026-06-04T06:52:55.881+0000] {dag.py:3820} INFO - Setting next_dagrun for tutorial_taskflow_api_virtualenv to None, run_after=None
[2026-06-04T06:52:55.887+0000] {processor.py:183} INFO - Processing /home/airflow/.local/lib/python3.8/site-packages/airflow/example_dags/tutorial_taskflow_api_virtualenv.py took 0.032 seconds
[2026-06-04T06:53:26.839+0000] {processor.py:161} INFO - Started process (PID=1904) to work on /home/airflow/.local/lib/python3.8/site-packages/airflow/example_dags/tutorial_taskflow_api_virtualenv.py
[2026-06-04T06:53:26.840+0000] {processor.py:830} INFO - Processing file /home/airflow/.local/lib/python3.8/site-packages/airflow/example_dags/tutorial_taskflow_api_virtualenv.py for tasks to queue
[2026-06-04T06:53:26.841+0000] {logging_mixin.py:188} INFO - [2026-06-04T06:53:26.841+0000] {dagbag.py:538} INFO - Filling up the DagBag from /home/airflow/.local/lib/python3.8/site-packages/airflow/example_dags/tutorial_taskflow_api_virtualenv.py
[2026-06-04T06:53:26.845+0000] {processor.py:840} INFO - DAG(s) 'tutorial_taskflow_api_virtualenv' retrieved from /home/airflow/.local/lib/python3.8/site-packages/airflow/example_dags/tutorial_taskflow_api_virtualenv.py
[2026-06-04T06:53:26.859+0000] {logging_mixin.py:188} INFO - [2026-06-04T06:53:26.859+0000] {dag.py:3033} INFO - Sync 1 DAGs
[2026-06-04T06:53:26.865+0000] {logging_mixin.py:188} INFO - [2026-06-04T06:53:26.865+0000] {dag.py:3820} INFO - Setting next_dagrun for tutorial_taskflow_api_virtualenv to None, run_after=None
[2026-06-04T06:53:26.875+0000] {processor.py:183} INFO - Processing /home/airflow/.local/lib/python3.8/site-packages/airflow/example_dags/tutorial_taskflow_api_virtualenv.py took 0.038 seconds
[2026-06-04T06:53:57.137+0000] {processor.py:161} INFO - Started process (PID=1960) to work on /home/airflow/.local/lib/python3.8/site-packages/airflow/example_dags/tutorial_taskflow_api_virtualenv.py
[2026-06-04T06:53:57.137+0000] {processor.py:830} INFO - Processing file /home/airflow/.local/lib/python3.8/site-packages/airflow/example_dags/tutorial_taskflow_api_virtualenv.py for tasks to queue
[2026-06-04T06:53:57.138+0000] {logging_mixin.py:188} INFO - [2026-06-04T06:53:57.138+0000] {dagbag.py:538} INFO - Filling up the DagBag from /home/airflow/.local/lib/python3.8/site-packages/airflow/example_dags/tutorial_taskflow_api_virtualenv.py
[2026-06-04T06:53:57.141+0000] {processor.py:840} INFO - DAG(s) 'tutorial_taskflow_api_virtualenv' retrieved from /home/airflow/.local/lib/python3.8/site-packages/airflow/example_dags/tutorial_taskflow_api_virtualenv.py
[2026-06-04T06:53:57.149+0000] {logging_mixin.py:188} INFO - [2026-06-04T06:53:57.149+0000] {dag.py:3033} INFO - Sync 1 DAGs
[2026-06-04T06:53:57.154+0000] {logging_mixin.py:188} INFO - [2026-06-04T06:53:57.154+0000] {dag.py:3820} INFO - Setting next_dagrun for tutorial_taskflow_api_virtualenv to None, run_after=None
[2026-06-04T06:53:57.160+0000] {processor.py:183} INFO - Processing /home/airflow/.local/lib/python3.8/site-packages/airflow/example_dags/tutorial_taskflow_api_virtualenv.py took 0.024 seconds
[2026-06-04T06:54:28.339+0000] {processor.py:161} INFO - Started process (PID=2016) to work on /home/airflow/.local/lib/python3.8/site-packages/airflow/example_dags/tutorial_taskflow_api_virtualenv.py
[2026-06-04T06:54:28.340+0000] {processor.py:830} INFO - Processing file /home/airflow/.local/lib/python3.8/site-packages/airflow/example_dags/tutorial_taskflow_api_virtualenv.py for tasks to queue
[2026-06-04T06:54:28.341+0000] {logging_mixin.py:188} INFO - [2026-06-04T06:54:28.341+0000] {dagbag.py:538} INFO - Filling up the DagBag from /home/airflow/.local/lib/python3.8/site-packages/airflow/example_dags/tutorial_taskflow_api_virtualenv.py
[2026-06-04T06:54:28.345+0000] {processor.py:840} INFO - DAG(s) 'tutorial_taskflow_api_virtualenv' retrieved from /home/airflow/.local/lib/python3.8/site-packages/airflow/example_dags/tutorial_taskflow_api_virtualenv.py
[2026-06-04T06:54:28.363+0000] {logging_mixin.py:188} INFO - [2026-06-04T06:54:28.363+0000] {dag.py:3033} INFO - Sync 1 DAGs
[2026-06-04T06:54:28.439+0000] {logging_mixin.py:188} INFO - [2026-06-04T06:54:28.439+0000] {dag.py:3820} INFO - Setting next_dagrun for tutorial_taskflow_api_virtualenv to None, run_after=None
[2026-06-04T06:54:28.446+0000] {processor.py:183} INFO - Processing /home/airflow/.local/lib/python3.8/site-packages/airflow/example_dags/tutorial_taskflow_api_virtualenv.py took 0.109 seconds
[2026-06-04T06:54:59.041+0000] {processor.py:161} INFO - Started process (PID=2072) to work on /home/airflow/.local/lib/python3.8/site-packages/airflow/example_dags/tutorial_taskflow_api_virtualenv.py
[2026-06-04T06:54:59.042+0000] {processor.py:830} INFO - Processing file /home/airflow/.local/lib/python3.8/site-packages/airflow/example_dags/tutorial_taskflow_api_virtualenv.py for tasks to queue
[2026-06-04T06:54:59.043+0000] {logging_mixin.py:188} INFO - [2026-06-04T06:54:59.043+0000] {dagbag.py:538} INFO - Filling up the DagBag from /home/airflow/.local/lib/python3.8/site-packages/airflow/example_dags/tutorial_taskflow_api_virtualenv.py
[2026-06-04T06:54:59.046+0000] {processor.py:840} INFO - DAG(s) 'tutorial_taskflow_api_virtualenv' retrieved from /home/airflow/.local/lib/python3.8/site-packages/airflow/example_dags/tutorial_taskflow_api_virtualenv.py
[2026-06-04T06:54:59.061+0000] {logging_mixin.py:188} INFO - [2026-06-04T06:54:59.061+0000] {dag.py:3033} INFO - Sync 1 DAGs
[2026-06-04T06:54:59.134+0000] {logging_mixin.py:188} INFO - [2026-06-04T06:54:59.134+0000] {dag.py:3820} INFO - Setting next_dagrun for tutorial_taskflow_api_virtualenv to None, run_after=None
[2026-06-04T06:54:59.146+0000] {processor.py:183} INFO - Processing /home/airflow/.local/lib/python3.8/site-packages/airflow/example_dags/tutorial_taskflow_api_virtualenv.py took 0.107 seconds
[2026-06-04T06:55:29.505+0000] {processor.py:161} INFO - Started process (PID=2128) to work on /home/airflow/.local/lib/python3.8/site-packages/airflow/example_dags/tutorial_taskflow_api_virtualenv.py
[2026-06-04T06:55:29.505+0000] {processor.py:830} INFO - Processing file /home/airflow/.local/lib/python3.8/site-packages/airflow/example_dags/tutorial_taskflow_api_virtualenv.py for tasks to queue
[2026-06-04T06:55:29.507+0000] {logging_mixin.py:188} INFO - [2026-06-04T06:55:29.507+0000] {dagbag.py:538} INFO - Filling up the DagBag from /home/airflow/.local/lib/python3.8/site-packages/airflow/example_dags/tutorial_taskflow_api_virtualenv.py
[2026-06-04T06:55:29.510+0000] {processor.py:840} INFO - DAG(s) 'tutorial_taskflow_api_virtualenv' retrieved from /home/airflow/.local/lib/python3.8/site-packages/airflow/example_dags/tutorial_taskflow_api_virtualenv.py
[2026-06-04T06:55:29.528+0000] {logging_mixin.py:188} INFO - [2026-06-04T06:55:29.528+0000] {dag.py:3033} INFO - Sync 1 DAGs
[2026-06-04T06:55:29.534+0000] {logging_mixin.py:188} INFO - [2026-06-04T06:55:29.534+0000] {dag.py:3820} INFO - Setting next_dagrun for tutorial_taskflow_api_virtualenv to None, run_after=None
[2026-06-04T06:55:29.545+0000] {processor.py:183} INFO - Processing /home/airflow/.local/lib/python3.8/site-packages/airflow/example_dags/tutorial_taskflow_api_virtualenv.py took 0.042 seconds
[2026-06-04T06:56:00.381+0000] {processor.py:161} INFO - Started process (PID=2184) to work on /home/airflow/.local/lib/python3.8/site-packages/airflow/example_dags/tutorial_taskflow_api_virtualenv.py
[2026-06-04T06:56:00.382+0000] {processor.py:830} INFO - Processing file /home/airflow/.local/lib/python3.8/site-packages/airflow/example_dags/tutorial_taskflow_api_virtualenv.py for tasks to queue
[2026-06-04T06:56:00.384+0000] {logging_mixin.py:188} INFO - [2026-06-04T06:56:00.384+0000] {dagbag.py:538} INFO - Filling up the DagBag from /home/airflow/.local/lib/python3.8/site-packages/airflow/example_dags/tutorial_taskflow_api_virtualenv.py
[2026-06-04T06:56:00.388+0000] {processor.py:840} INFO - DAG(s) 'tutorial_taskflow_api_virtualenv' retrieved from /home/airflow/.local/lib/python3.8/site-packages/airflow/example_dags/tutorial_taskflow_api_virtualenv.py
[2026-06-04T06:56:00.398+0000] {logging_mixin.py:188} INFO - [2026-06-04T06:56:00.398+0000] {dag.py:3033} INFO - Sync 1 DAGs
[2026-06-04T06:56:00.404+0000] {logging_mixin.py:188} INFO - [2026-06-04T06:56:00.404+0000] {dag.py:3820} INFO - Setting next_dagrun for tutorial_taskflow_api_virtualenv to None, run_after=None
[2026-06-04T06:56:00.412+0000] {processor.py:183} INFO - Processing /home/airflow/.local/lib/python3.8/site-packages/airflow/example_dags/tutorial_taskflow_api_virtualenv.py took 0.034 seconds
[2026-06-04T06:56:31.877+0000] {processor.py:161} INFO - Started process (PID=2241) to work on /home/airflow/.local/lib/python3.8/site-packages/airflow/example_dags/tutorial_taskflow_api_virtualenv.py
[2026-06-04T06:56:31.878+0000] {processor.py:830} INFO - Processing file /home/airflow/.local/lib/python3.8/site-packages/airflow/example_dags/tutorial_taskflow_api_virtualenv.py for tasks to queue
[2026-06-04T06:56:31.880+0000] {logging_mixin.py:188} INFO - [2026-06-04T06:56:31.880+0000] {dagbag.py:538} INFO - Filling up the DagBag from /home/airflow/.local/lib/python3.8/site-packages/airflow/example_dags/tutorial_taskflow_api_virtualenv.py
[2026-06-04T06:56:32.058+0000] {processor.py:840} INFO - DAG(s) 'tutorial_taskflow_api_virtualenv' retrieved from /home/airflow/.local/lib/python3.8/site-packages/airflow/example_dags/tutorial_taskflow_api_virtualenv.py
[2026-06-04T06:56:32.090+0000] {logging_mixin.py:188} INFO - [2026-06-04T06:56:32.090+0000] {dag.py:3033} INFO - Sync 1 DAGs
[2026-06-04T06:56:32.100+0000] {logging_mixin.py:188} INFO - [2026-06-04T06:56:32.099+0000] {dag.py:3820} INFO - Setting next_dagrun for tutorial_taskflow_api_virtualenv to None, run_after=None
[2026-06-04T06:56:32.114+0000] {processor.py:183} INFO - Processing /home/airflow/.local/lib/python3.8/site-packages/airflow/example_dags/tutorial_taskflow_api_virtualenv.py took 0.239 seconds
[2026-06-04T06:57:02.336+0000] {processor.py:161} INFO - Started process (PID=2297) to work on /home/airflow/.local/lib/python3.8/site-packages/airflow/example_dags/tutorial_taskflow_api_virtualenv.py
[2026-06-04T06:57:02.338+0000] {processor.py:830} INFO - Processing file /home/airflow/.local/lib/python3.8/site-packages/airflow/example_dags/tutorial_taskflow_api_virtualenv.py for tasks to queue
[2026-06-04T06:57:02.340+0000] {logging_mixin.py:188} INFO - [2026-06-04T06:57:02.340+0000] {dagbag.py:538} INFO - Filling up the DagBag from /home/airflow/.local/lib/python3.8/site-packages/airflow/example_dags/tutorial_taskflow_api_virtualenv.py
[2026-06-04T06:57:02.349+0000] {processor.py:840} INFO - DAG(s) 'tutorial_taskflow_api_virtualenv' retrieved from /home/airflow/.local/lib/python3.8/site-packages/airflow/example_dags/tutorial_taskflow_api_virtualenv.py
[2026-06-04T06:57:02.378+0000] {logging_mixin.py:188} INFO - [2026-06-04T06:57:02.378+0000] {dag.py:3033} INFO - Sync 1 DAGs
[2026-06-04T06:57:02.388+0000] {logging_mixin.py:188} INFO - [2026-06-04T06:57:02.388+0000] {dag.py:3820} INFO - Setting next_dagrun for tutorial_taskflow_api_virtualenv to None, run_after=None
[2026-06-04T06:57:02.400+0000] {processor.py:183} INFO - Processing /home/airflow/.local/lib/python3.8/site-packages/airflow/example_dags/tutorial_taskflow_api_virtualenv.py took 0.069 seconds
[2026-06-04T06:57:33.265+0000] {processor.py:161} INFO - Started process (PID=2353) to work on /home/airflow/.local/lib/python3.8/site-packages/airflow/example_dags/tutorial_taskflow_api_virtualenv.py
[2026-06-04T06:57:33.267+0000] {processor.py:830} INFO - Processing file /home/airflow/.local/lib/python3.8/site-packages/airflow/example_dags/tutorial_taskflow_api_virtualenv.py for tasks to queue
[2026-06-04T06:57:33.269+0000] {logging_mixin.py:188} INFO - [2026-06-04T06:57:33.268+0000] {dagbag.py:538} INFO - Filling up the DagBag from /home/airflow/.local/lib/python3.8/site-packages/airflow/example_dags/tutorial_taskflow_api_virtualenv.py
[2026-06-04T06:57:33.274+0000] {processor.py:840} INFO - DAG(s) 'tutorial_taskflow_api_virtualenv' retrieved from /home/airflow/.local/lib/python3.8/site-packages/airflow/example_dags/tutorial_taskflow_api_virtualenv.py
[2026-06-04T06:57:33.287+0000] {logging_mixin.py:188} INFO - [2026-06-04T06:57:33.287+0000] {dag.py:3033} INFO - Sync 1 DAGs
[2026-06-04T06:57:33.294+0000] {logging_mixin.py:188} INFO - [2026-06-04T06:57:33.294+0000] {dag.py:3820} INFO - Setting next_dagrun for tutorial_taskflow_api_virtualenv to None, run_after=None
[2026-06-04T06:57:33.304+0000] {processor.py:183} INFO - Processing /home/airflow/.local/lib/python3.8/site-packages/airflow/example_dags/tutorial_taskflow_api_virtualenv.py took 0.040 seconds
[2026-06-04T06:58:04.395+0000] {processor.py:161} INFO - Started process (PID=2409) to work on /home/airflow/.local/lib/python3.8/site-packages/airflow/example_dags/tutorial_taskflow_api_virtualenv.py
[2026-06-04T06:58:04.396+0000] {processor.py:830} INFO - Processing file /home/airflow/.local/lib/python3.8/site-packages/airflow/example_dags/tutorial_taskflow_api_virtualenv.py for tasks to queue
[2026-06-04T06:58:04.397+0000] {logging_mixin.py:188} INFO - [2026-06-04T06:58:04.397+0000] {dagbag.py:538} INFO - Filling up the DagBag from /home/airflow/.local/lib/python3.8/site-packages/airflow/example_dags/tutorial_taskflow_api_virtualenv.py
[2026-06-04T06:58:04.399+0000] {processor.py:840} INFO - DAG(s) 'tutorial_taskflow_api_virtualenv' retrieved from /home/airflow/.local/lib/python3.8/site-packages/airflow/example_dags/tutorial_taskflow_api_virtualenv.py
[2026-06-04T06:58:04.407+0000] {logging_mixin.py:188} INFO - [2026-06-04T06:58:04.407+0000] {dag.py:3033} INFO - Sync 1 DAGs
[2026-06-04T06:58:04.413+0000] {logging_mixin.py:188} INFO - [2026-06-04T06:58:04.412+0000] {dag.py:3820} INFO - Setting next_dagrun for tutorial_taskflow_api_virtualenv to None, run_after=None
[2026-06-04T06:58:04.419+0000] {processor.py:183} INFO - Processing /home/airflow/.local/lib/python3.8/site-packages/airflow/example_dags/tutorial_taskflow_api_virtualenv.py took 0.025 seconds
[2026-06-04T06:58:35.046+0000] {processor.py:161} INFO - Started process (PID=2465) to work on /home/airflow/.local/lib/python3.8/site-packages/airflow/example_dags/tutorial_taskflow_api_virtualenv.py
[2026-06-04T06:58:35.047+0000] {processor.py:830} INFO - Processing file /home/airflow/.local/lib/python3.8/site-packages/airflow/example_dags/tutorial_taskflow_api_virtualenv.py for tasks to queue
[2026-06-04T06:58:35.047+0000] {logging_mixin.py:188} INFO - [2026-06-04T06:58:35.047+0000] {dagbag.py:538} INFO - Filling up the DagBag from /home/airflow/.local/lib/python3.8/site-packages/airflow/example_dags/tutorial_taskflow_api_virtualenv.py
[2026-06-04T06:58:35.050+0000] {processor.py:840} INFO - DAG(s) 'tutorial_taskflow_api_virtualenv' retrieved from /home/airflow/.local/lib/python3.8/site-packages/airflow/example_dags/tutorial_taskflow_api_virtualenv.py
[2026-06-04T06:58:35.058+0000] {logging_mixin.py:188} INFO - [2026-06-04T06:58:35.058+0000] {dag.py:3033} INFO - Sync 1 DAGs
[2026-06-04T06:58:35.063+0000] {logging_mixin.py:188} INFO - [2026-06-04T06:58:35.063+0000] {dag.py:3820} INFO - Setting next_dagrun for tutorial_taskflow_api_virtualenv to None, run_after=None
[2026-06-04T06:58:35.070+0000] {processor.py:183} INFO - Processing /home/airflow/.local/lib/python3.8/site-packages/airflow/example_dags/tutorial_taskflow_api_virtualenv.py took 0.025 seconds
[2026-06-04T06:59:05.363+0000] {processor.py:161} INFO - Started process (PID=2521) to work on /home/airflow/.local/lib/python3.8/site-packages/airflow/example_dags/tutorial_taskflow_api_virtualenv.py
[2026-06-04T06:59:05.364+0000] {processor.py:830} INFO - Processing file /home/airflow/.local/lib/python3.8/site-packages/airflow/example_dags/tutorial_taskflow_api_virtualenv.py for tasks to queue
[2026-06-04T06:59:05.367+0000] {logging_mixin.py:188} INFO - [2026-06-04T06:59:05.366+0000] {dagbag.py:538} INFO - Filling up the DagBag from /home/airflow/.local/lib/python3.8/site-packages/airflow/example_dags/tutorial_taskflow_api_virtualenv.py
[2026-06-04T06:59:05.369+0000] {processor.py:840} INFO - DAG(s) 'tutorial_taskflow_api_virtualenv' retrieved from /home/airflow/.local/lib/python3.8/site-packages/airflow/example_dags/tutorial_taskflow_api_virtualenv.py
[2026-06-04T06:59:05.384+0000] {logging_mixin.py:188} INFO - [2026-06-04T06:59:05.384+0000] {dag.py:3033} INFO - Sync 1 DAGs
[2026-06-04T06:59:05.390+0000] {logging_mixin.py:188} INFO - [2026-06-04T06:59:05.390+0000] {dag.py:3820} INFO - Setting next_dagrun for tutorial_taskflow_api_virtualenv to None, run_after=None
[2026-06-04T06:59:05.403+0000] {processor.py:183} INFO - Processing /home/airflow/.local/lib/python3.8/site-packages/airflow/example_dags/tutorial_taskflow_api_virtualenv.py took 0.041 seconds
[2026-06-04T06:59:36.462+0000] {processor.py:161} INFO - Started process (PID=2577) to work on /home/airflow/.local/lib/python3.8/site-packages/airflow/example_dags/tutorial_taskflow_api_virtualenv.py
[2026-06-04T06:59:36.463+0000] {processor.py:830} INFO - Processing file /home/airflow/.local/lib/python3.8/site-packages/airflow/example_dags/tutorial_taskflow_api_virtualenv.py for tasks to queue
[2026-06-04T06:59:36.466+0000] {logging_mixin.py:188} INFO - [2026-06-04T06:59:36.466+0000] {dagbag.py:538} INFO - Filling up the DagBag from /home/airflow/.local/lib/python3.8/site-packages/airflow/example_dags/tutorial_taskflow_api_virtualenv.py
[2026-06-04T06:59:36.470+0000] {processor.py:840} INFO - DAG(s) 'tutorial_taskflow_api_virtualenv' retrieved from /home/airflow/.local/lib/python3.8/site-packages/airflow/example_dags/tutorial_taskflow_api_virtualenv.py
[2026-06-04T06:59:36.496+0000] {logging_mixin.py:188} INFO - [2026-06-04T06:59:36.496+0000] {dag.py:3033} INFO - Sync 1 DAGs
[2026-06-04T06:59:36.507+0000] {logging_mixin.py:188} INFO - [2026-06-04T06:59:36.507+0000] {dag.py:3820} INFO - Setting next_dagrun for tutorial_taskflow_api_virtualenv to None, run_after=None
[2026-06-04T06:59:36.526+0000] {processor.py:183} INFO - Processing /home/airflow/.local/lib/python3.8/site-packages/airflow/example_dags/tutorial_taskflow_api_virtualenv.py took 0.066 seconds
[2026-06-04T07:00:07.475+0000] {processor.py:161} INFO - Started process (PID=2633) to work on /home/airflow/.local/lib/python3.8/site-packages/airflow/example_dags/tutorial_taskflow_api_virtualenv.py
[2026-06-04T07:00:07.476+0000] {processor.py:830} INFO - Processing file /home/airflow/.local/lib/python3.8/site-packages/airflow/example_dags/tutorial_taskflow_api_virtualenv.py for tasks to queue
[2026-06-04T07:00:07.478+0000] {logging_mixin.py:188} INFO - [2026-06-04T07:00:07.478+0000] {dagbag.py:538} INFO - Filling up the DagBag from /home/airflow/.local/lib/python3.8/site-packages/airflow/example_dags/tutorial_taskflow_api_virtualenv.py
[2026-06-04T07:00:07.482+0000] {processor.py:840} INFO - DAG(s) 'tutorial_taskflow_api_virtualenv' retrieved from /home/airflow/.local/lib/python3.8/site-packages/airflow/example_dags/tutorial_taskflow_api_virtualenv.py
[2026-06-04T07:00:07.495+0000] {logging_mixin.py:188} INFO - [2026-06-04T07:00:07.495+0000] {dag.py:3033} INFO - Sync 1 DAGs
[2026-06-04T07:00:07.501+0000] {logging_mixin.py:188} INFO - [2026-06-04T07:00:07.501+0000] {dag.py:3820} INFO - Setting next_dagrun for tutorial_taskflow_api_virtualenv to None, run_after=None
[2026-06-04T07:00:07.517+0000] {processor.py:183} INFO - Processing /home/airflow/.local/lib/python3.8/site-packages/airflow/example_dags/tutorial_taskflow_api_virtualenv.py took 0.044 seconds
[2026-06-04T07:00:38.074+0000] {processor.py:161} INFO - Started process (PID=2689) to work on /home/airflow/.local/lib/python3.8/site-packages/airflow/example_dags/tutorial_taskflow_api_virtualenv.py
[2026-06-04T07:00:38.075+0000] {processor.py:830} INFO - Processing file /home/airflow/.local/lib/python3.8/site-packages/airflow/example_dags/tutorial_taskflow_api_virtualenv.py for tasks to queue
[2026-06-04T07:00:38.075+0000] {logging_mixin.py:188} INFO - [2026-06-04T07:00:38.075+0000] {dagbag.py:538} INFO - Filling up the DagBag from /home/airflow/.local/lib/python3.8/site-packages/airflow/example_dags/tutorial_taskflow_api_virtualenv.py
[2026-06-04T07:00:38.078+0000] {processor.py:840} INFO - DAG(s) 'tutorial_taskflow_api_virtualenv' retrieved from /home/airflow/.local/lib/python3.8/site-packages/airflow/example_dags/tutorial_taskflow_api_virtualenv.py
[2026-06-04T07:00:38.088+0000] {logging_mixin.py:188} INFO - [2026-06-04T07:00:38.088+0000] {dag.py:3033} INFO - Sync 1 DAGs
[2026-06-04T07:00:38.096+0000] {logging_mixin.py:188} INFO - [2026-06-04T07:00:38.096+0000] {dag.py:3820} INFO - Setting next_dagrun for tutorial_taskflow_api_virtualenv to None, run_after=None
[2026-06-04T07:00:38.112+0000] {processor.py:183} INFO - Processing /home/airflow/.local/lib/python3.8/site-packages/airflow/example_dags/tutorial_taskflow_api_virtualenv.py took 0.040 seconds
[2026-06-04T07:01:08.939+0000] {processor.py:161} INFO - Started process (PID=2745) to work on /home/airflow/.local/lib/python3.8/site-packages/airflow/example_dags/tutorial_taskflow_api_virtualenv.py
[2026-06-04T07:01:08.940+0000] {processor.py:830} INFO - Processing file /home/airflow/.local/lib/python3.8/site-packages/airflow/example_dags/tutorial_taskflow_api_virtualenv.py for tasks to queue
[2026-06-04T07:01:08.941+0000] {logging_mixin.py:188} INFO - [2026-06-04T07:01:08.941+0000] {dagbag.py:538} INFO - Filling up the DagBag from /home/airflow/.local/lib/python3.8/site-packages/airflow/example_dags/tutorial_taskflow_api_virtualenv.py
[2026-06-04T07:01:08.946+0000] {processor.py:840} INFO - DAG(s) 'tutorial_taskflow_api_virtualenv' retrieved from /home/airflow/.local/lib/python3.8/site-packages/airflow/example_dags/tutorial_taskflow_api_virtualenv.py
[2026-06-04T07:01:08.971+0000] {logging_mixin.py:188} INFO - [2026-06-04T07:01:08.971+0000] {dag.py:3033} INFO - Sync 1 DAGs
[2026-06-04T07:01:08.978+0000] {logging_mixin.py:188} INFO - [2026-06-04T07:01:08.978+0000] {dag.py:3820} INFO - Setting next_dagrun for tutorial_taskflow_api_virtualenv to None, run_after=None
[2026-06-04T07:01:09.009+0000] {processor.py:183} INFO - Processing /home/airflow/.local/lib/python3.8/site-packages/airflow/example_dags/tutorial_taskflow_api_virtualenv.py took 0.073 seconds
[2026-06-04T07:01:39.267+0000] {processor.py:161} INFO - Started process (PID=2801) to work on /home/airflow/.local/lib/python3.8/site-packages/airflow/example_dags/tutorial_taskflow_api_virtualenv.py
[2026-06-04T07:01:39.270+0000] {processor.py:830} INFO - Processing file /home/airflow/.local/lib/python3.8/site-packages/airflow/example_dags/tutorial_taskflow_api_virtualenv.py for tasks to queue
[2026-06-04T07:01:39.272+0000] {logging_mixin.py:188} INFO - [2026-06-04T07:01:39.272+0000] {dagbag.py:538} INFO - Filling up the DagBag from /home/airflow/.local/lib/python3.8/site-packages/airflow/example_dags/tutorial_taskflow_api_virtualenv.py
[2026-06-04T07:01:39.278+0000] {processor.py:840} INFO - DAG(s) 'tutorial_taskflow_api_virtualenv' retrieved from /home/airflow/.local/lib/python3.8/site-packages/airflow/example_dags/tutorial_taskflow_api_virtualenv.py
[2026-06-04T07:01:39.299+0000] {logging_mixin.py:188} INFO - [2026-06-04T07:01:39.299+0000] {dag.py:3033} INFO - Sync 1 DAGs
[2026-06-04T07:01:39.309+0000] {logging_mixin.py:188} INFO - [2026-06-04T07:01:39.309+0000] {dag.py:3820} INFO - Setting next_dagrun for tutorial_taskflow_api_virtualenv to None, run_after=None
[2026-06-04T07:01:39.332+0000] {processor.py:183} INFO - Processing /home/airflow/.local/lib/python3.8/site-packages/airflow/example_dags/tutorial_taskflow_api_virtualenv.py took 0.074 seconds
[2026-06-04T07:02:10.193+0000] {processor.py:161} INFO - Started process (PID=2857) to work on /home/airflow/.local/lib/python3.8/site-packages/airflow/example_dags/tutorial_taskflow_api_virtualenv.py
[2026-06-04T07:02:10.197+0000] {processor.py:830} INFO - Processing file /home/airflow/.local/lib/python3.8/site-packages/airflow/example_dags/tutorial_taskflow_api_virtualenv.py for tasks to queue
[2026-06-04T07:02:10.206+0000] {logging_mixin.py:188} INFO - [2026-06-04T07:02:10.205+0000] {dagbag.py:538} INFO - Filling up the DagBag from /home/airflow/.local/lib/python3.8/site-packages/airflow/example_dags/tutorial_taskflow_api_virtualenv.py
[2026-06-04T07:02:10.219+0000] {processor.py:840} INFO - DAG(s) 'tutorial_taskflow_api_virtualenv' retrieved from /home/airflow/.local/lib/python3.8/site-packages/airflow/example_dags/tutorial_taskflow_api_virtualenv.py
[2026-06-04T07:02:10.263+0000] {logging_mixin.py:188} INFO - [2026-06-04T07:02:10.263+0000] {dag.py:3033} INFO - Sync 1 DAGs
[2026-06-04T07:02:10.306+0000] {logging_mixin.py:188} INFO - [2026-06-04T07:02:10.305+0000] {dag.py:3820} INFO - Setting next_dagrun for tutorial_taskflow_api_virtualenv to None, run_after=None
[2026-06-04T07:02:10.366+0000] {processor.py:183} INFO - Processing /home/airflow/.local/lib/python3.8/site-packages/airflow/example_dags/tutorial_taskflow_api_virtualenv.py took 0.176 seconds
[2026-06-04T07:02:40.669+0000] {processor.py:161} INFO - Started process (PID=2913) to work on /home/airflow/.local/lib/python3.8/site-packages/airflow/example_dags/tutorial_taskflow_api_virtualenv.py
[2026-06-04T07:02:40.669+0000] {processor.py:830} INFO - Processing file /home/airflow/.local/lib/python3.8/site-packages/airflow/example_dags/tutorial_taskflow_api_virtualenv.py for tasks to queue
[2026-06-04T07:02:40.670+0000] {logging_mixin.py:188} INFO - [2026-06-04T07:02:40.670+0000] {dagbag.py:538} INFO - Filling up the DagBag from /home/airflow/.local/lib/python3.8/site-packages/airflow/example_dags/tutorial_taskflow_api_virtualenv.py
[2026-06-04T07:02:40.674+0000] {processor.py:840} INFO - DAG(s) 'tutorial_taskflow_api_virtualenv' retrieved from /home/airflow/.local/lib/python3.8/site-packages/airflow/example_dags/tutorial_taskflow_api_virtualenv.py
[2026-06-04T07:02:40.684+0000] {logging_mixin.py:188} INFO - [2026-06-04T07:02:40.683+0000] {dag.py:3033} INFO - Sync 1 DAGs
[2026-06-04T07:02:40.689+0000] {logging_mixin.py:188} INFO - [2026-06-04T07:02:40.689+0000] {dag.py:3820} INFO - Setting next_dagrun for tutorial_taskflow_api_virtualenv to None, run_after=None
[2026-06-04T07:02:40.696+0000] {processor.py:183} INFO - Processing /home/airflow/.local/lib/python3.8/site-packages/airflow/example_dags/tutorial_taskflow_api_virtualenv.py took 0.029 seconds
[2026-06-04T07:03:11.383+0000] {processor.py:161} INFO - Started process (PID=2970) to work on /home/airflow/.local/lib/python3.8/site-packages/airflow/example_dags/tutorial_taskflow_api_virtualenv.py
[2026-06-04T07:03:11.383+0000] {processor.py:830} INFO - Processing file /home/airflow/.local/lib/python3.8/site-packages/airflow/example_dags/tutorial_taskflow_api_virtualenv.py for tasks to queue
[2026-06-04T07:03:11.385+0000] {logging_mixin.py:188} INFO - [2026-06-04T07:03:11.385+0000] {dagbag.py:538} INFO - Filling up the DagBag from /home/airflow/.local/lib/python3.8/site-packages/airflow/example_dags/tutorial_taskflow_api_virtualenv.py
[2026-06-04T07:03:11.393+0000] {processor.py:840} INFO - DAG(s) 'tutorial_taskflow_api_virtualenv' retrieved from /home/airflow/.local/lib/python3.8/site-packages/airflow/example_dags/tutorial_taskflow_api_virtualenv.py
[2026-06-04T07:03:11.421+0000] {logging_mixin.py:188} INFO - [2026-06-04T07:03:11.421+0000] {dag.py:3033} INFO - Sync 1 DAGs
[2026-06-04T07:03:11.434+0000] {logging_mixin.py:188} INFO - [2026-06-04T07:03:11.434+0000] {dag.py:3820} INFO - Setting next_dagrun for tutorial_taskflow_api_virtualenv to None, run_after=None
[2026-06-04T07:03:11.449+0000] {processor.py:183} INFO - Processing /home/airflow/.local/lib/python3.8/site-packages/airflow/example_dags/tutorial_taskflow_api_virtualenv.py took 0.069 seconds
[2026-06-04T07:03:41.679+0000] {processor.py:161} INFO - Started process (PID=3026) to work on /home/airflow/.local/lib/python3.8/site-packages/airflow/example_dags/tutorial_taskflow_api_virtualenv.py
[2026-06-04T07:03:41.680+0000] {processor.py:830} INFO - Processing file /home/airflow/.local/lib/python3.8/site-packages/airflow/example_dags/tutorial_taskflow_api_virtualenv.py for tasks to queue
[2026-06-04T07:03:41.682+0000] {logging_mixin.py:188} INFO - [2026-06-04T07:03:41.682+0000] {dagbag.py:538} INFO - Filling up the DagBag from /home/airflow/.local/lib/python3.8/site-packages/airflow/example_dags/tutorial_taskflow_api_virtualenv.py
[2026-06-04T07:03:41.685+0000] {processor.py:840} INFO - DAG(s) 'tutorial_taskflow_api_virtualenv' retrieved from /home/airflow/.local/lib/python3.8/site-packages/airflow/example_dags/tutorial_taskflow_api_virtualenv.py
[2026-06-04T07:03:41.696+0000] {logging_mixin.py:188} INFO - [2026-06-04T07:03:41.696+0000] {dag.py:3033} INFO - Sync 1 DAGs
[2026-06-04T07:03:41.701+0000] {logging_mixin.py:188} INFO - [2026-06-04T07:03:41.701+0000] {dag.py:3820} INFO - Setting next_dagrun for tutorial_taskflow_api_virtualenv to None, run_after=None
[2026-06-04T07:03:41.711+0000] {processor.py:183} INFO - Processing /home/airflow/.local/lib/python3.8/site-packages/airflow/example_dags/tutorial_taskflow_api_virtualenv.py took 0.033 seconds
[2026-06-04T07:04:12.457+0000] {processor.py:161} INFO - Started process (PID=3082) to work on /home/airflow/.local/lib/python3.8/site-packages/airflow/example_dags/tutorial_taskflow_api_virtualenv.py
[2026-06-04T07:04:12.458+0000] {processor.py:830} INFO - Processing file /home/airflow/.local/lib/python3.8/site-packages/airflow/example_dags/tutorial_taskflow_api_virtualenv.py for tasks to queue
[2026-06-04T07:04:12.461+0000] {logging_mixin.py:188} INFO - [2026-06-04T07:04:12.461+0000] {dagbag.py:538} INFO - Filling up the DagBag from /home/airflow/.local/lib/python3.8/site-packages/airflow/example_dags/tutorial_taskflow_api_virtualenv.py
[2026-06-04T07:04:12.464+0000] {processor.py:840} INFO - DAG(s) 'tutorial_taskflow_api_virtualenv' retrieved from /home/airflow/.local/lib/python3.8/site-packages/airflow/example_dags/tutorial_taskflow_api_virtualenv.py
[2026-06-04T07:04:12.478+0000] {logging_mixin.py:188} INFO - [2026-06-04T07:04:12.478+0000] {dag.py:3033} INFO - Sync 1 DAGs
[2026-06-04T07:04:12.485+0000] {logging_mixin.py:188} INFO - [2026-06-04T07:04:12.485+0000] {dag.py:3820} INFO - Setting next_dagrun for tutorial_taskflow_api_virtualenv to None, run_after=None
[2026-06-04T07:04:12.498+0000] {processor.py:183} INFO - Processing /home/airflow/.local/lib/python3.8/site-packages/airflow/example_dags/tutorial_taskflow_api_virtualenv.py took 0.043 seconds
[2026-06-04T07:04:43.669+0000] {processor.py:161} INFO - Started process (PID=3143) to work on /home/airflow/.local/lib/python3.8/site-packages/airflow/example_dags/tutorial_taskflow_api_virtualenv.py
[2026-06-04T07:04:43.670+0000] {processor.py:830} INFO - Processing file /home/airflow/.local/lib/python3.8/site-packages/airflow/example_dags/tutorial_taskflow_api_virtualenv.py for tasks to queue
[2026-06-04T07:04:43.672+0000] {logging_mixin.py:188} INFO - [2026-06-04T07:04:43.672+0000] {dagbag.py:538} INFO - Filling up the DagBag from /home/airflow/.local/lib/python3.8/site-packages/airflow/example_dags/tutorial_taskflow_api_virtualenv.py
[2026-06-04T07:04:43.677+0000] {processor.py:840} INFO - DAG(s) 'tutorial_taskflow_api_virtualenv' retrieved from /home/airflow/.local/lib/python3.8/site-packages/airflow/example_dags/tutorial_taskflow_api_virtualenv.py
[2026-06-04T07:04:43.697+0000] {logging_mixin.py:188} INFO - [2026-06-04T07:04:43.696+0000] {dag.py:3033} INFO - Sync 1 DAGs
[2026-06-04T07:04:43.705+0000] {logging_mixin.py:188} INFO - [2026-06-04T07:04:43.705+0000] {dag.py:3820} INFO - Setting next_dagrun for tutorial_taskflow_api_virtualenv to None, run_after=None
[2026-06-04T07:04:43.717+0000] {processor.py:183} INFO - Processing /home/airflow/.local/lib/python3.8/site-packages/airflow/example_dags/tutorial_taskflow_api_virtualenv.py took 0.050 seconds
[2026-06-04T07:05:14.727+0000] {processor.py:161} INFO - Started process (PID=3199) to work on /home/airflow/.local/lib/python3.8/site-packages/airflow/example_dags/tutorial_taskflow_api_virtualenv.py
[2026-06-04T07:05:14.727+0000] {processor.py:830} INFO - Processing file /home/airflow/.local/lib/python3.8/site-packages/airflow/example_dags/tutorial_taskflow_api_virtualenv.py for tasks to queue
[2026-06-04T07:05:14.728+0000] {logging_mixin.py:188} INFO - [2026-06-04T07:05:14.728+0000] {dagbag.py:538} INFO - Filling up the DagBag from /home/airflow/.local/lib/python3.8/site-packages/airflow/example_dags/tutorial_taskflow_api_virtualenv.py
[2026-06-04T07:05:14.731+0000] {processor.py:840} INFO - DAG(s) 'tutorial_taskflow_api_virtualenv' retrieved from /home/airflow/.local/lib/python3.8/site-packages/airflow/example_dags/tutorial_taskflow_api_virtualenv.py
[2026-06-04T07:05:14.746+0000] {logging_mixin.py:188} INFO - [2026-06-04T07:05:14.746+0000] {dag.py:3033} INFO - Sync 1 DAGs
[2026-06-04T07:05:14.753+0000] {logging_mixin.py:188} INFO - [2026-06-04T07:05:14.753+0000] {dag.py:3820} INFO - Setting next_dagrun for tutorial_taskflow_api_virtualenv to None, run_after=None
[2026-06-04T07:05:14.762+0000] {processor.py:183} INFO - Processing /home/airflow/.local/lib/python3.8/site-packages/airflow/example_dags/tutorial_taskflow_api_virtualenv.py took 0.037 seconds
[2026-06-04T07:05:48.314+0000] {processor.py:161} INFO - Started process (PID=3255) to work on /home/airflow/.local/lib/python3.8/site-packages/airflow/example_dags/tutorial_taskflow_api_virtualenv.py
[2026-06-04T07:05:48.315+0000] {processor.py:830} INFO - Processing file /home/airflow/.local/lib/python3.8/site-packages/airflow/example_dags/tutorial_taskflow_api_virtualenv.py for tasks to queue
[2026-06-04T07:05:48.319+0000] {logging_mixin.py:188} INFO - [2026-06-04T07:05:48.319+0000] {dagbag.py:538} INFO - Filling up the DagBag from /home/airflow/.local/lib/python3.8/site-packages/airflow/example_dags/tutorial_taskflow_api_virtualenv.py
[2026-06-04T07:05:48.344+0000] {processor.py:840} INFO - DAG(s) 'tutorial_taskflow_api_virtualenv' retrieved from /home/airflow/.local/lib/python3.8/site-packages/airflow/example_dags/tutorial_taskflow_api_virtualenv.py
[2026-06-04T07:05:48.367+0000] {logging_mixin.py:188} INFO - [2026-06-04T07:05:48.367+0000] {dag.py:3033} INFO - Sync 1 DAGs
[2026-06-04T07:05:48.378+0000] {logging_mixin.py:188} INFO - [2026-06-04T07:05:48.377+0000] {dag.py:3820} INFO - Setting next_dagrun for tutorial_taskflow_api_virtualenv to None, run_after=None
[2026-06-04T07:05:48.390+0000] {processor.py:183} INFO - Processing /home/airflow/.local/lib/python3.8/site-packages/airflow/example_dags/tutorial_taskflow_api_virtualenv.py took 0.093 seconds
[2026-06-04T07:06:19.533+0000] {processor.py:161} INFO - Started process (PID=3311) to work on /home/airflow/.local/lib/python3.8/site-packages/airflow/example_dags/tutorial_taskflow_api_virtualenv.py
[2026-06-04T07:06:19.533+0000] {processor.py:830} INFO - Processing file /home/airflow/.local/lib/python3.8/site-packages/airflow/example_dags/tutorial_taskflow_api_virtualenv.py for tasks to queue
[2026-06-04T07:06:19.535+0000] {logging_mixin.py:188} INFO - [2026-06-04T07:06:19.535+0000] {dagbag.py:538} INFO - Filling up the DagBag from /home/airflow/.local/lib/python3.8/site-packages/airflow/example_dags/tutorial_taskflow_api_virtualenv.py
[2026-06-04T07:06:19.538+0000] {processor.py:840} INFO - DAG(s) 'tutorial_taskflow_api_virtualenv' retrieved from /home/airflow/.local/lib/python3.8/site-packages/airflow/example_dags/tutorial_taskflow_api_virtualenv.py
[2026-06-04T07:06:19.560+0000] {logging_mixin.py:188} INFO - [2026-06-04T07:06:19.560+0000] {dag.py:3033} INFO - Sync 1 DAGs
[2026-06-04T07:06:19.569+0000] {logging_mixin.py:188} INFO - [2026-06-04T07:06:19.569+0000] {dag.py:3820} INFO - Setting next_dagrun for tutorial_taskflow_api_virtualenv to None, run_after=None
[2026-06-04T07:06:19.582+0000] {processor.py:183} INFO - Processing /home/airflow/.local/lib/python3.8/site-packages/airflow/example_dags/tutorial_taskflow_api_virtualenv.py took 0.052 seconds
[2026-06-04T07:06:49.651+0000] {processor.py:161} INFO - Started process (PID=3367) to work on /home/airflow/.local/lib/python3.8/site-packages/airflow/example_dags/tutorial_taskflow_api_virtualenv.py
[2026-06-04T07:06:49.651+0000] {processor.py:830} INFO - Processing file /home/airflow/.local/lib/python3.8/site-packages/airflow/example_dags/tutorial_taskflow_api_virtualenv.py for tasks to queue
[2026-06-04T07:06:49.652+0000] {logging_mixin.py:188} INFO - [2026-06-04T07:06:49.652+0000] {dagbag.py:538} INFO - Filling up the DagBag from /home/airflow/.local/lib/python3.8/site-packages/airflow/example_dags/tutorial_taskflow_api_virtualenv.py
[2026-06-04T07:06:49.658+0000] {processor.py:840} INFO - DAG(s) 'tutorial_taskflow_api_virtualenv' retrieved from /home/airflow/.local/lib/python3.8/site-packages/airflow/example_dags/tutorial_taskflow_api_virtualenv.py
[2026-06-04T07:06:49.672+0000] {logging_mixin.py:188} INFO - [2026-06-04T07:06:49.672+0000] {dag.py:3033} INFO - Sync 1 DAGs
[2026-06-04T07:06:49.677+0000] {logging_mixin.py:188} INFO - [2026-06-04T07:06:49.677+0000] {dag.py:3820} INFO - Setting next_dagrun for tutorial_taskflow_api_virtualenv to None, run_after=None
[2026-06-04T07:06:49.684+0000] {processor.py:183} INFO - Processing /home/airflow/.local/lib/python3.8/site-packages/airflow/example_dags/tutorial_taskflow_api_virtualenv.py took 0.036 seconds
[2026-06-04T07:07:20.695+0000] {processor.py:161} INFO - Started process (PID=3423) to work on /home/airflow/.local/lib/python3.8/site-packages/airflow/example_dags/tutorial_taskflow_api_virtualenv.py
[2026-06-04T07:07:20.696+0000] {processor.py:830} INFO - Processing file /home/airflow/.local/lib/python3.8/site-packages/airflow/example_dags/tutorial_taskflow_api_virtualenv.py for tasks to queue
[2026-06-04T07:07:20.697+0000] {logging_mixin.py:188} INFO - [2026-06-04T07:07:20.697+0000] {dagbag.py:538} INFO - Filling up the DagBag from /home/airflow/.local/lib/python3.8/site-packages/airflow/example_dags/tutorial_taskflow_api_virtualenv.py
[2026-06-04T07:07:20.700+0000] {processor.py:840} INFO - DAG(s) 'tutorial_taskflow_api_virtualenv' retrieved from /home/airflow/.local/lib/python3.8/site-packages/airflow/example_dags/tutorial_taskflow_api_virtualenv.py
[2026-06-04T07:07:20.708+0000] {logging_mixin.py:188} INFO - [2026-06-04T07:07:20.708+0000] {dag.py:3033} INFO - Sync 1 DAGs
[2026-06-04T07:07:20.713+0000] {logging_mixin.py:188} INFO - [2026-06-04T07:07:20.713+0000] {dag.py:3820} INFO - Setting next_dagrun for tutorial_taskflow_api_virtualenv to None, run_after=None
[2026-06-04T07:07:20.720+0000] {processor.py:183} INFO - Processing /home/airflow/.local/lib/python3.8/site-packages/airflow/example_dags/tutorial_taskflow_api_virtualenv.py took 0.026 seconds
[2026-06-04T07:07:51.005+0000] {processor.py:161} INFO - Started process (PID=3479) to work on /home/airflow/.local/lib/python3.8/site-packages/airflow/example_dags/tutorial_taskflow_api_virtualenv.py
[2026-06-04T07:07:51.006+0000] {processor.py:830} INFO - Processing file /home/airflow/.local/lib/python3.8/site-packages/airflow/example_dags/tutorial_taskflow_api_virtualenv.py for tasks to queue
[2026-06-04T07:07:51.007+0000] {logging_mixin.py:188} INFO - [2026-06-04T07:07:51.006+0000] {dagbag.py:538} INFO - Filling up the DagBag from /home/airflow/.local/lib/python3.8/site-packages/airflow/example_dags/tutorial_taskflow_api_virtualenv.py
[2026-06-04T07:07:51.010+0000] {processor.py:840} INFO - DAG(s) 'tutorial_taskflow_api_virtualenv' retrieved from /home/airflow/.local/lib/python3.8/site-packages/airflow/example_dags/tutorial_taskflow_api_virtualenv.py
[2026-06-04T07:07:51.026+0000] {logging_mixin.py:188} INFO - [2026-06-04T07:07:51.026+0000] {dag.py:3033} INFO - Sync 1 DAGs
[2026-06-04T07:07:51.034+0000] {logging_mixin.py:188} INFO - [2026-06-04T07:07:51.034+0000] {dag.py:3820} INFO - Setting next_dagrun for tutorial_taskflow_api_virtualenv to None, run_after=None
[2026-06-04T07:07:51.042+0000] {processor.py:183} INFO - Processing /home/airflow/.local/lib/python3.8/site-packages/airflow/example_dags/tutorial_taskflow_api_virtualenv.py took 0.040 seconds
[2026-06-04T07:08:21.406+0000] {processor.py:161} INFO - Started process (PID=3535) to work on /home/airflow/.local/lib/python3.8/site-packages/airflow/example_dags/tutorial_taskflow_api_virtualenv.py
[2026-06-04T07:08:21.407+0000] {processor.py:830} INFO - Processing file /home/airflow/.local/lib/python3.8/site-packages/airflow/example_dags/tutorial_taskflow_api_virtualenv.py for tasks to queue
[2026-06-04T07:08:21.409+0000] {logging_mixin.py:188} INFO - [2026-06-04T07:08:21.408+0000] {dagbag.py:538} INFO - Filling up the DagBag from /home/airflow/.local/lib/python3.8/site-packages/airflow/example_dags/tutorial_taskflow_api_virtualenv.py
[2026-06-04T07:08:21.414+0000] {processor.py:840} INFO - DAG(s) 'tutorial_taskflow_api_virtualenv' retrieved from /home/airflow/.local/lib/python3.8/site-packages/airflow/example_dags/tutorial_taskflow_api_virtualenv.py
[2026-06-04T07:08:21.431+0000] {logging_mixin.py:188} INFO - [2026-06-04T07:08:21.430+0000] {dag.py:3033} INFO - Sync 1 DAGs
[2026-06-04T07:08:21.438+0000] {logging_mixin.py:188} INFO - [2026-06-04T07:08:21.438+0000] {dag.py:3820} INFO - Setting next_dagrun for tutorial_taskflow_api_virtualenv to None, run_after=None
[2026-06-04T07:08:21.451+0000] {processor.py:183} INFO - Processing /home/airflow/.local/lib/python3.8/site-packages/airflow/example_dags/tutorial_taskflow_api_virtualenv.py took 0.061 seconds
[2026-06-04T07:08:51.770+0000] {processor.py:161} INFO - Started process (PID=3591) to work on /home/airflow/.local/lib/python3.8/site-packages/airflow/example_dags/tutorial_taskflow_api_virtualenv.py
[2026-06-04T07:08:51.772+0000] {processor.py:830} INFO - Processing file /home/airflow/.local/lib/python3.8/site-packages/airflow/example_dags/tutorial_taskflow_api_virtualenv.py for tasks to queue
[2026-06-04T07:08:51.775+0000] {logging_mixin.py:188} INFO - [2026-06-04T07:08:51.775+0000] {dagbag.py:538} INFO - Filling up the DagBag from /home/airflow/.local/lib/python3.8/site-packages/airflow/example_dags/tutorial_taskflow_api_virtualenv.py
[2026-06-04T07:08:51.786+0000] {processor.py:840} INFO - DAG(s) 'tutorial_taskflow_api_virtualenv' retrieved from /home/airflow/.local/lib/python3.8/site-packages/airflow/example_dags/tutorial_taskflow_api_virtualenv.py
[2026-06-04T07:08:51.814+0000] {logging_mixin.py:188} INFO - [2026-06-04T07:08:51.814+0000] {dag.py:3033} INFO - Sync 1 DAGs
[2026-06-04T07:08:51.832+0000] {logging_mixin.py:188} INFO - [2026-06-04T07:08:51.832+0000] {dag.py:3820} INFO - Setting next_dagrun for tutorial_taskflow_api_virtualenv to None, run_after=None
[2026-06-04T07:08:51.846+0000] {processor.py:183} INFO - Processing /home/airflow/.local/lib/python3.8/site-packages/airflow/example_dags/tutorial_taskflow_api_virtualenv.py took 0.085 seconds
[2026-06-04T07:09:21.921+0000] {processor.py:161} INFO - Started process (PID=3647) to work on /home/airflow/.local/lib/python3.8/site-packages/airflow/example_dags/tutorial_taskflow_api_virtualenv.py
[2026-06-04T07:09:21.922+0000] {processor.py:830} INFO - Processing file /home/airflow/.local/lib/python3.8/site-packages/airflow/example_dags/tutorial_taskflow_api_virtualenv.py for tasks to queue
[2026-06-04T07:09:21.925+0000] {logging_mixin.py:188} INFO - [2026-06-04T07:09:21.925+0000] {dagbag.py:538} INFO - Filling up the DagBag from /home/airflow/.local/lib/python3.8/site-packages/airflow/example_dags/tutorial_taskflow_api_virtualenv.py
[2026-06-04T07:09:21.927+0000] {processor.py:840} INFO - DAG(s) 'tutorial_taskflow_api_virtualenv' retrieved from /home/airflow/.local/lib/python3.8/site-packages/airflow/example_dags/tutorial_taskflow_api_virtualenv.py
[2026-06-04T07:09:21.937+0000] {logging_mixin.py:188} INFO - [2026-06-04T07:09:21.937+0000] {dag.py:3033} INFO - Sync 1 DAGs
[2026-06-04T07:09:21.945+0000] {logging_mixin.py:188} INFO - [2026-06-04T07:09:21.945+0000] {dag.py:3820} INFO - Setting next_dagrun for tutorial_taskflow_api_virtualenv to None, run_after=None
[2026-06-04T07:09:21.960+0000] {processor.py:183} INFO - Processing /home/airflow/.local/lib/python3.8/site-packages/airflow/example_dags/tutorial_taskflow_api_virtualenv.py took 0.042 seconds
[2026-06-04T07:09:52.860+0000] {processor.py:161} INFO - Started process (PID=3703) to work on /home/airflow/.local/lib/python3.8/site-packages/airflow/example_dags/tutorial_taskflow_api_virtualenv.py
[2026-06-04T07:09:52.861+0000] {processor.py:830} INFO - Processing file /home/airflow/.local/lib/python3.8/site-packages/airflow/example_dags/tutorial_taskflow_api_virtualenv.py for tasks to queue
[2026-06-04T07:09:52.863+0000] {logging_mixin.py:188} INFO - [2026-06-04T07:09:52.863+0000] {dagbag.py:538} INFO - Filling up the DagBag from /home/airflow/.local/lib/python3.8/site-packages/airflow/example_dags/tutorial_taskflow_api_virtualenv.py
[2026-06-04T07:09:52.867+0000] {processor.py:840} INFO - DAG(s) 'tutorial_taskflow_api_virtualenv' retrieved from /home/airflow/.local/lib/python3.8/site-packages/airflow/example_dags/tutorial_taskflow_api_virtualenv.py
[2026-06-04T07:09:52.876+0000] {logging_mixin.py:188} INFO - [2026-06-04T07:09:52.876+0000] {dag.py:3033} INFO - Sync 1 DAGs
[2026-06-04T07:09:52.882+0000] {logging_mixin.py:188} INFO - [2026-06-04T07:09:52.882+0000] {dag.py:3820} INFO - Setting next_dagrun for tutorial_taskflow_api_virtualenv to None, run_after=None
[2026-06-04T07:09:52.892+0000] {processor.py:183} INFO - Processing /home/airflow/.local/lib/python3.8/site-packages/airflow/example_dags/tutorial_taskflow_api_virtualenv.py took 0.033 seconds
[2026-06-04T07:10:23.650+0000] {processor.py:161} INFO - Started process (PID=3759) to work on /home/airflow/.local/lib/python3.8/site-packages/airflow/example_dags/tutorial_taskflow_api_virtualenv.py
[2026-06-04T07:10:23.651+0000] {processor.py:830} INFO - Processing file /home/airflow/.local/lib/python3.8/site-packages/airflow/example_dags/tutorial_taskflow_api_virtualenv.py for tasks to queue
[2026-06-04T07:10:23.652+0000] {logging_mixin.py:188} INFO - [2026-06-04T07:10:23.652+0000] {dagbag.py:538} INFO - Filling up the DagBag from /home/airflow/.local/lib/python3.8/site-packages/airflow/example_dags/tutorial_taskflow_api_virtualenv.py
[2026-06-04T07:10:23.656+0000] {processor.py:840} INFO - DAG(s) 'tutorial_taskflow_api_virtualenv' retrieved from /home/airflow/.local/lib/python3.8/site-packages/airflow/example_dags/tutorial_taskflow_api_virtualenv.py
[2026-06-04T07:10:23.686+0000] {logging_mixin.py:188} INFO - [2026-06-04T07:10:23.686+0000] {dag.py:3033} INFO - Sync 1 DAGs
[2026-06-04T07:10:23.735+0000] {logging_mixin.py:188} INFO - [2026-06-04T07:10:23.735+0000] {dag.py:3820} INFO - Setting next_dagrun for tutorial_taskflow_api_virtualenv to None, run_after=None
[2026-06-04T07:10:23.762+0000] {processor.py:183} INFO - Processing /home/airflow/.local/lib/python3.8/site-packages/airflow/example_dags/tutorial_taskflow_api_virtualenv.py took 0.118 seconds
[2026-06-04T07:10:54.179+0000] {processor.py:161} INFO - Started process (PID=3815) to work on /home/airflow/.local/lib/python3.8/site-packages/airflow/example_dags/tutorial_taskflow_api_virtualenv.py
[2026-06-04T07:10:54.180+0000] {processor.py:830} INFO - Processing file /home/airflow/.local/lib/python3.8/site-packages/airflow/example_dags/tutorial_taskflow_api_virtualenv.py for tasks to queue
[2026-06-04T07:10:54.182+0000] {logging_mixin.py:188} INFO - [2026-06-04T07:10:54.182+0000] {dagbag.py:538} INFO - Filling up the DagBag from /home/airflow/.local/lib/python3.8/site-packages/airflow/example_dags/tutorial_taskflow_api_virtualenv.py
[2026-06-04T07:10:54.187+0000] {processor.py:840} INFO - DAG(s) 'tutorial_taskflow_api_virtualenv' retrieved from /home/airflow/.local/lib/python3.8/site-packages/airflow/example_dags/tutorial_taskflow_api_virtualenv.py
[2026-06-04T07:10:54.216+0000] {logging_mixin.py:188} INFO - [2026-06-04T07:10:54.215+0000] {dag.py:3033} INFO - Sync 1 DAGs
[2026-06-04T07:10:54.225+0000] {logging_mixin.py:188} INFO - [2026-06-04T07:10:54.225+0000] {dag.py:3820} INFO - Setting next_dagrun for tutorial_taskflow_api_virtualenv to None, run_after=None
[2026-06-04T07:10:54.240+0000] {processor.py:183} INFO - Processing /home/airflow/.local/lib/python3.8/site-packages/airflow/example_dags/tutorial_taskflow_api_virtualenv.py took 0.064 seconds
[2026-06-04T07:11:25.192+0000] {processor.py:161} INFO - Started process (PID=3871) to work on /home/airflow/.local/lib/python3.8/site-packages/airflow/example_dags/tutorial_taskflow_api_virtualenv.py
[2026-06-04T07:11:25.194+0000] {processor.py:830} INFO - Processing file /home/airflow/.local/lib/python3.8/site-packages/airflow/example_dags/tutorial_taskflow_api_virtualenv.py for tasks to queue
[2026-06-04T07:11:25.195+0000] {logging_mixin.py:188} INFO - [2026-06-04T07:11:25.195+0000] {dagbag.py:538} INFO - Filling up the DagBag from /home/airflow/.local/lib/python3.8/site-packages/airflow/example_dags/tutorial_taskflow_api_virtualenv.py
[2026-06-04T07:11:25.198+0000] {processor.py:840} INFO - DAG(s) 'tutorial_taskflow_api_virtualenv' retrieved from /home/airflow/.local/lib/python3.8/site-packages/airflow/example_dags/tutorial_taskflow_api_virtualenv.py
[2026-06-04T07:11:25.221+0000] {logging_mixin.py:188} INFO - [2026-06-04T07:11:25.221+0000] {dag.py:3033} INFO - Sync 1 DAGs
[2026-06-04T07:11:25.236+0000] {logging_mixin.py:188} INFO - [2026-06-04T07:11:25.236+0000] {dag.py:3820} INFO - Setting next_dagrun for tutorial_taskflow_api_virtualenv to None, run_after=None
[2026-06-04T07:11:25.252+0000] {processor.py:183} INFO - Processing /home/airflow/.local/lib/python3.8/site-packages/airflow/example_dags/tutorial_taskflow_api_virtualenv.py took 0.061 seconds
[2026-06-04T07:11:55.608+0000] {processor.py:161} INFO - Started process (PID=3927) to work on /home/airflow/.local/lib/python3.8/site-packages/airflow/example_dags/tutorial_taskflow_api_virtualenv.py
[2026-06-04T07:11:55.612+0000] {processor.py:830} INFO - Processing file /home/airflow/.local/lib/python3.8/site-packages/airflow/example_dags/tutorial_taskflow_api_virtualenv.py for tasks to queue
[2026-06-04T07:11:55.616+0000] {logging_mixin.py:188} INFO - [2026-06-04T07:11:55.615+0000] {dagbag.py:538} INFO - Filling up the DagBag from /home/airflow/.local/lib/python3.8/site-packages/airflow/example_dags/tutorial_taskflow_api_virtualenv.py
[2026-06-04T07:11:55.625+0000] {processor.py:840} INFO - DAG(s) 'tutorial_taskflow_api_virtualenv' retrieved from /home/airflow/.local/lib/python3.8/site-packages/airflow/example_dags/tutorial_taskflow_api_virtualenv.py
[2026-06-04T07:11:55.661+0000] {logging_mixin.py:188} INFO - [2026-06-04T07:11:55.661+0000] {dag.py:3033} INFO - Sync 1 DAGs
[2026-06-04T07:11:55.674+0000] {logging_mixin.py:188} INFO - [2026-06-04T07:11:55.674+0000] {dag.py:3820} INFO - Setting next_dagrun for tutorial_taskflow_api_virtualenv to None, run_after=None
[2026-06-04T07:11:55.701+0000] {processor.py:183} INFO - Processing /home/airflow/.local/lib/python3.8/site-packages/airflow/example_dags/tutorial_taskflow_api_virtualenv.py took 0.099 seconds
[2026-06-04T07:12:26.778+0000] {processor.py:161} INFO - Started process (PID=3983) to work on /home/airflow/.local/lib/python3.8/site-packages/airflow/example_dags/tutorial_taskflow_api_virtualenv.py
[2026-06-04T07:12:26.781+0000] {processor.py:830} INFO - Processing file /home/airflow/.local/lib/python3.8/site-packages/airflow/example_dags/tutorial_taskflow_api_virtualenv.py for tasks to queue
[2026-06-04T07:12:26.784+0000] {logging_mixin.py:188} INFO - [2026-06-04T07:12:26.784+0000] {dagbag.py:538} INFO - Filling up the DagBag from /home/airflow/.local/lib/python3.8/site-packages/airflow/example_dags/tutorial_taskflow_api_virtualenv.py
[2026-06-04T07:12:26.803+0000] {processor.py:840} INFO - DAG(s) 'tutorial_taskflow_api_virtualenv' retrieved from /home/airflow/.local/lib/python3.8/site-packages/airflow/example_dags/tutorial_taskflow_api_virtualenv.py
[2026-06-04T07:12:26.825+0000] {logging_mixin.py:188} INFO - [2026-06-04T07:12:26.825+0000] {dag.py:3033} INFO - Sync 1 DAGs
[2026-06-04T07:12:26.832+0000] {logging_mixin.py:188} INFO - [2026-06-04T07:12:26.832+0000] {dag.py:3820} INFO - Setting next_dagrun for tutorial_taskflow_api_virtualenv to None, run_after=None
[2026-06-04T07:12:26.847+0000] {processor.py:183} INFO - Processing /home/airflow/.local/lib/python3.8/site-packages/airflow/example_dags/tutorial_taskflow_api_virtualenv.py took 0.073 seconds
[2026-06-04T07:12:57.240+0000] {processor.py:161} INFO - Started process (PID=4039) to work on /home/airflow/.local/lib/python3.8/site-packages/airflow/example_dags/tutorial_taskflow_api_virtualenv.py
[2026-06-04T07:12:57.241+0000] {processor.py:830} INFO - Processing file /home/airflow/.local/lib/python3.8/site-packages/airflow/example_dags/tutorial_taskflow_api_virtualenv.py for tasks to queue
[2026-06-04T07:12:57.242+0000] {logging_mixin.py:188} INFO - [2026-06-04T07:12:57.242+0000] {dagbag.py:538} INFO - Filling up the DagBag from /home/airflow/.local/lib/python3.8/site-packages/airflow/example_dags/tutorial_taskflow_api_virtualenv.py
[2026-06-04T07:12:57.253+0000] {processor.py:840} INFO - DAG(s) 'tutorial_taskflow_api_virtualenv' retrieved from /home/airflow/.local/lib/python3.8/site-packages/airflow/example_dags/tutorial_taskflow_api_virtualenv.py
[2026-06-04T07:12:57.269+0000] {logging_mixin.py:188} INFO - [2026-06-04T07:12:57.269+0000] {dag.py:3033} INFO - Sync 1 DAGs
[2026-06-04T07:12:57.280+0000] {logging_mixin.py:188} INFO - [2026-06-04T07:12:57.279+0000] {dag.py:3820} INFO - Setting next_dagrun for tutorial_taskflow_api_virtualenv to None, run_after=None
[2026-06-04T07:12:57.287+0000] {processor.py:183} INFO - Processing /home/airflow/.local/lib/python3.8/site-packages/airflow/example_dags/tutorial_taskflow_api_virtualenv.py took 0.049 seconds
[2026-06-04T07:13:27.906+0000] {processor.py:161} INFO - Started process (PID=4095) to work on /home/airflow/.local/lib/python3.8/site-packages/airflow/example_dags/tutorial_taskflow_api_virtualenv.py
[2026-06-04T07:13:27.907+0000] {processor.py:830} INFO - Processing file /home/airflow/.local/lib/python3.8/site-packages/airflow/example_dags/tutorial_taskflow_api_virtualenv.py for tasks to queue
[2026-06-04T07:13:27.908+0000] {logging_mixin.py:188} INFO - [2026-06-04T07:13:27.908+0000] {dagbag.py:538} INFO - Filling up the DagBag from /home/airflow/.local/lib/python3.8/site-packages/airflow/example_dags/tutorial_taskflow_api_virtualenv.py
[2026-06-04T07:13:27.913+0000] {processor.py:840} INFO - DAG(s) 'tutorial_taskflow_api_virtualenv' retrieved from /home/airflow/.local/lib/python3.8/site-packages/airflow/example_dags/tutorial_taskflow_api_virtualenv.py
[2026-06-04T07:13:27.940+0000] {logging_mixin.py:188} INFO - [2026-06-04T07:13:27.940+0000] {dag.py:3033} INFO - Sync 1 DAGs
[2026-06-04T07:13:27.947+0000] {logging_mixin.py:188} INFO - [2026-06-04T07:13:27.947+0000] {dag.py:3820} INFO - Setting next_dagrun for tutorial_taskflow_api_virtualenv to None, run_after=None
[2026-06-04T07:13:27.959+0000] {processor.py:183} INFO - Processing /home/airflow/.local/lib/python3.8/site-packages/airflow/example_dags/tutorial_taskflow_api_virtualenv.py took 0.055 seconds
[2026-06-04T07:13:58.202+0000] {processor.py:161} INFO - Started process (PID=4151) to work on /home/airflow/.local/lib/python3.8/site-packages/airflow/example_dags/tutorial_taskflow_api_virtualenv.py
[2026-06-04T07:13:58.205+0000] {processor.py:830} INFO - Processing file /home/airflow/.local/lib/python3.8/site-packages/airflow/example_dags/tutorial_taskflow_api_virtualenv.py for tasks to queue
[2026-06-04T07:13:58.207+0000] {logging_mixin.py:188} INFO - [2026-06-04T07:13:58.207+0000] {dagbag.py:538} INFO - Filling up the DagBag from /home/airflow/.local/lib/python3.8/site-packages/airflow/example_dags/tutorial_taskflow_api_virtualenv.py
[2026-06-04T07:13:58.212+0000] {processor.py:840} INFO - DAG(s) 'tutorial_taskflow_api_virtualenv' retrieved from /home/airflow/.local/lib/python3.8/site-packages/airflow/example_dags/tutorial_taskflow_api_virtualenv.py
[2026-06-04T07:13:58.241+0000] {logging_mixin.py:188} INFO - [2026-06-04T07:13:58.241+0000] {dag.py:3033} INFO - Sync 1 DAGs
[2026-06-04T07:13:58.251+0000] {logging_mixin.py:188} INFO - [2026-06-04T07:13:58.251+0000] {dag.py:3820} INFO - Setting next_dagrun for tutorial_taskflow_api_virtualenv to None, run_after=None
[2026-06-04T07:13:58.274+0000] {processor.py:183} INFO - Processing /home/airflow/.local/lib/python3.8/site-packages/airflow/example_dags/tutorial_taskflow_api_virtualenv.py took 0.075 seconds
[2026-06-04T07:14:28.953+0000] {processor.py:161} INFO - Started process (PID=4207) to work on /home/airflow/.local/lib/python3.8/site-packages/airflow/example_dags/tutorial_taskflow_api_virtualenv.py
[2026-06-04T07:14:28.954+0000] {processor.py:830} INFO - Processing file /home/airflow/.local/lib/python3.8/site-packages/airflow/example_dags/tutorial_taskflow_api_virtualenv.py for tasks to queue
[2026-06-04T07:14:28.956+0000] {logging_mixin.py:188} INFO - [2026-06-04T07:14:28.956+0000] {dagbag.py:538} INFO - Filling up the DagBag from /home/airflow/.local/lib/python3.8/site-packages/airflow/example_dags/tutorial_taskflow_api_virtualenv.py
[2026-06-04T07:14:28.965+0000] {processor.py:840} INFO - DAG(s) 'tutorial_taskflow_api_virtualenv' retrieved from /home/airflow/.local/lib/python3.8/site-packages/airflow/example_dags/tutorial_taskflow_api_virtualenv.py
[2026-06-04T07:14:28.979+0000] {logging_mixin.py:188} INFO - [2026-06-04T07:14:28.978+0000] {dag.py:3033} INFO - Sync 1 DAGs
[2026-06-04T07:14:28.984+0000] {logging_mixin.py:188} INFO - [2026-06-04T07:14:28.984+0000] {dag.py:3820} INFO - Setting next_dagrun for tutorial_taskflow_api_virtualenv to None, run_after=None
[2026-06-04T07:14:28.991+0000] {processor.py:183} INFO - Processing /home/airflow/.local/lib/python3.8/site-packages/airflow/example_dags/tutorial_taskflow_api_virtualenv.py took 0.042 seconds
[2026-06-04T07:14:59.982+0000] {processor.py:161} INFO - Started process (PID=4263) to work on /home/airflow/.local/lib/python3.8/site-packages/airflow/example_dags/tutorial_taskflow_api_virtualenv.py
[2026-06-04T07:14:59.983+0000] {processor.py:830} INFO - Processing file /home/airflow/.local/lib/python3.8/site-packages/airflow/example_dags/tutorial_taskflow_api_virtualenv.py for tasks to queue
[2026-06-04T07:14:59.984+0000] {logging_mixin.py:188} INFO - [2026-06-04T07:14:59.984+0000] {dagbag.py:538} INFO - Filling up the DagBag from /home/airflow/.local/lib/python3.8/site-packages/airflow/example_dags/tutorial_taskflow_api_virtualenv.py
[2026-06-04T07:14:59.989+0000] {processor.py:840} INFO - DAG(s) 'tutorial_taskflow_api_virtualenv' retrieved from /home/airflow/.local/lib/python3.8/site-packages/airflow/example_dags/tutorial_taskflow_api_virtualenv.py
[2026-06-04T07:15:00.007+0000] {logging_mixin.py:188} INFO - [2026-06-04T07:15:00.006+0000] {dag.py:3033} INFO - Sync 1 DAGs
[2026-06-04T07:15:00.015+0000] {logging_mixin.py:188} INFO - [2026-06-04T07:15:00.015+0000] {dag.py:3820} INFO - Setting next_dagrun for tutorial_taskflow_api_virtualenv to None, run_after=None
[2026-06-04T07:15:00.025+0000] {processor.py:183} INFO - Processing /home/airflow/.local/lib/python3.8/site-packages/airflow/example_dags/tutorial_taskflow_api_virtualenv.py took 0.047 seconds
[2026-06-04T07:15:30.665+0000] {processor.py:161} INFO - Started process (PID=4319) to work on /home/airflow/.local/lib/python3.8/site-packages/airflow/example_dags/tutorial_taskflow_api_virtualenv.py
[2026-06-04T07:15:30.666+0000] {processor.py:830} INFO - Processing file /home/airflow/.local/lib/python3.8/site-packages/airflow/example_dags/tutorial_taskflow_api_virtualenv.py for tasks to queue
[2026-06-04T07:15:30.667+0000] {logging_mixin.py:188} INFO - [2026-06-04T07:15:30.667+0000] {dagbag.py:538} INFO - Filling up the DagBag from /home/airflow/.local/lib/python3.8/site-packages/airflow/example_dags/tutorial_taskflow_api_virtualenv.py
[2026-06-04T07:15:30.671+0000] {processor.py:840} INFO - DAG(s) 'tutorial_taskflow_api_virtualenv' retrieved from /home/airflow/.local/lib/python3.8/site-packages/airflow/example_dags/tutorial_taskflow_api_virtualenv.py
[2026-06-04T07:15:30.709+0000] {logging_mixin.py:188} INFO - [2026-06-04T07:15:30.708+0000] {dag.py:3033} INFO - Sync 1 DAGs
[2026-06-04T07:15:30.723+0000] {logging_mixin.py:188} INFO - [2026-06-04T07:15:30.722+0000] {dag.py:3820} INFO - Setting next_dagrun for tutorial_taskflow_api_virtualenv to None, run_after=None
[2026-06-04T07:15:30.746+0000] {processor.py:183} INFO - Processing /home/airflow/.local/lib/python3.8/site-packages/airflow/example_dags/tutorial_taskflow_api_virtualenv.py took 0.082 seconds
[2026-06-04T07:16:01.009+0000] {processor.py:161} INFO - Started process (PID=4375) to work on /home/airflow/.local/lib/python3.8/site-packages/airflow/example_dags/tutorial_taskflow_api_virtualenv.py
[2026-06-04T07:16:01.010+0000] {processor.py:830} INFO - Processing file /home/airflow/.local/lib/python3.8/site-packages/airflow/example_dags/tutorial_taskflow_api_virtualenv.py for tasks to queue
[2026-06-04T07:16:01.010+0000] {logging_mixin.py:188} INFO - [2026-06-04T07:16:01.010+0000] {dagbag.py:538} INFO - Filling up the DagBag from /home/airflow/.local/lib/python3.8/site-packages/airflow/example_dags/tutorial_taskflow_api_virtualenv.py
[2026-06-04T07:16:01.014+0000] {processor.py:840} INFO - DAG(s) 'tutorial_taskflow_api_virtualenv' retrieved from /home/airflow/.local/lib/python3.8/site-packages/airflow/example_dags/tutorial_taskflow_api_virtualenv.py
[2026-06-04T07:16:01.035+0000] {logging_mixin.py:188} INFO - [2026-06-04T07:16:01.035+0000] {dag.py:3033} INFO - Sync 1 DAGs
[2026-06-04T07:16:01.053+0000] {logging_mixin.py:188} INFO - [2026-06-04T07:16:01.053+0000] {dag.py:3820} INFO - Setting next_dagrun for tutorial_taskflow_api_virtualenv to None, run_after=None
[2026-06-04T07:16:01.063+0000] {processor.py:183} INFO - Processing /home/airflow/.local/lib/python3.8/site-packages/airflow/example_dags/tutorial_taskflow_api_virtualenv.py took 0.056 seconds
[2026-06-04T07:16:31.166+0000] {processor.py:161} INFO - Started process (PID=4432) to work on /home/airflow/.local/lib/python3.8/site-packages/airflow/example_dags/tutorial_taskflow_api_virtualenv.py
[2026-06-04T07:16:31.171+0000] {processor.py:830} INFO - Processing file /home/airflow/.local/lib/python3.8/site-packages/airflow/example_dags/tutorial_taskflow_api_virtualenv.py for tasks to queue
[2026-06-04T07:16:31.175+0000] {logging_mixin.py:188} INFO - [2026-06-04T07:16:31.175+0000] {dagbag.py:538} INFO - Filling up the DagBag from /home/airflow/.local/lib/python3.8/site-packages/airflow/example_dags/tutorial_taskflow_api_virtualenv.py
[2026-06-04T07:16:31.179+0000] {processor.py:840} INFO - DAG(s) 'tutorial_taskflow_api_virtualenv' retrieved from /home/airflow/.local/lib/python3.8/site-packages/airflow/example_dags/tutorial_taskflow_api_virtualenv.py
[2026-06-04T07:16:31.192+0000] {logging_mixin.py:188} INFO - [2026-06-04T07:16:31.192+0000] {dag.py:3033} INFO - Sync 1 DAGs
[2026-06-04T07:16:31.197+0000] {logging_mixin.py:188} INFO - [2026-06-04T07:16:31.197+0000] {dag.py:3820} INFO - Setting next_dagrun for tutorial_taskflow_api_virtualenv to None, run_after=None
[2026-06-04T07:16:31.203+0000] {processor.py:183} INFO - Processing /home/airflow/.local/lib/python3.8/site-packages/airflow/example_dags/tutorial_taskflow_api_virtualenv.py took 0.041 seconds
