[2026-06-04T06:36:36.654+0000] {processor.py:161} INFO - Started process (PID=72) to work on /home/airflow/.local/lib/python3.8/site-packages/airflow/example_dags/tutorial_objectstorage.py
[2026-06-04T06:36:36.655+0000] {processor.py:830} INFO - Processing file /home/airflow/.local/lib/python3.8/site-packages/airflow/example_dags/tutorial_objectstorage.py for tasks to queue
[2026-06-04T06:36:36.656+0000] {logging_mixin.py:188} INFO - [2026-06-04T06:36:36.656+0000] {dagbag.py:538} INFO - Filling up the DagBag from /home/airflow/.local/lib/python3.8/site-packages/airflow/example_dags/tutorial_objectstorage.py
[2026-06-04T06:36:36.663+0000] {processor.py:840} INFO - DAG(s) 'tutorial_objectstorage' retrieved from /home/airflow/.local/lib/python3.8/site-packages/airflow/example_dags/tutorial_objectstorage.py
[2026-06-04T06:36:36.670+0000] {logging_mixin.py:188} INFO - [2026-06-04T06:36:36.670+0000] {dag.py:3033} INFO - Sync 1 DAGs
[2026-06-04T06:36:36.680+0000] {logging_mixin.py:188} INFO - [2026-06-04T06:36:36.680+0000] {dag.py:3820} INFO - Setting next_dagrun for tutorial_objectstorage to None, run_after=None
[2026-06-04T06:36:36.691+0000] {processor.py:183} INFO - Processing /home/airflow/.local/lib/python3.8/site-packages/airflow/example_dags/tutorial_objectstorage.py took 0.044 seconds
[2026-06-04T06:37:07.224+0000] {processor.py:161} INFO - Started process (PID=129) to work on /home/airflow/.local/lib/python3.8/site-packages/airflow/example_dags/tutorial_objectstorage.py
[2026-06-04T06:37:07.225+0000] {processor.py:830} INFO - Processing file /home/airflow/.local/lib/python3.8/site-packages/airflow/example_dags/tutorial_objectstorage.py for tasks to queue
[2026-06-04T06:37:07.227+0000] {logging_mixin.py:188} INFO - [2026-06-04T06:37:07.226+0000] {dagbag.py:538} INFO - Filling up the DagBag from /home/airflow/.local/lib/python3.8/site-packages/airflow/example_dags/tutorial_objectstorage.py
[2026-06-04T06:37:07.231+0000] {processor.py:840} INFO - DAG(s) 'tutorial_objectstorage' retrieved from /home/airflow/.local/lib/python3.8/site-packages/airflow/example_dags/tutorial_objectstorage.py
[2026-06-04T06:37:07.284+0000] {logging_mixin.py:188} INFO - [2026-06-04T06:37:07.284+0000] {dag.py:3033} INFO - Sync 1 DAGs
[2026-06-04T06:37:07.289+0000] {logging_mixin.py:188} INFO - [2026-06-04T06:37:07.289+0000] {dag.py:3820} INFO - Setting next_dagrun for tutorial_objectstorage to None, run_after=None
[2026-06-04T06:37:07.296+0000] {processor.py:183} INFO - Processing /home/airflow/.local/lib/python3.8/site-packages/airflow/example_dags/tutorial_objectstorage.py took 0.074 seconds
[2026-06-04T06:37:37.834+0000] {processor.py:161} INFO - Started process (PID=185) to work on /home/airflow/.local/lib/python3.8/site-packages/airflow/example_dags/tutorial_objectstorage.py
[2026-06-04T06:37:37.834+0000] {processor.py:830} INFO - Processing file /home/airflow/.local/lib/python3.8/site-packages/airflow/example_dags/tutorial_objectstorage.py for tasks to queue
[2026-06-04T06:37:37.835+0000] {logging_mixin.py:188} INFO - [2026-06-04T06:37:37.835+0000] {dagbag.py:538} INFO - Filling up the DagBag from /home/airflow/.local/lib/python3.8/site-packages/airflow/example_dags/tutorial_objectstorage.py
[2026-06-04T06:37:37.838+0000] {processor.py:840} INFO - DAG(s) 'tutorial_objectstorage' retrieved from /home/airflow/.local/lib/python3.8/site-packages/airflow/example_dags/tutorial_objectstorage.py
[2026-06-04T06:37:37.851+0000] {logging_mixin.py:188} INFO - [2026-06-04T06:37:37.851+0000] {dag.py:3033} INFO - Sync 1 DAGs
[2026-06-04T06:37:37.856+0000] {logging_mixin.py:188} INFO - [2026-06-04T06:37:37.856+0000] {dag.py:3820} INFO - Setting next_dagrun for tutorial_objectstorage to None, run_after=None
[2026-06-04T06:37:37.862+0000] {processor.py:183} INFO - Processing /home/airflow/.local/lib/python3.8/site-packages/airflow/example_dags/tutorial_objectstorage.py took 0.030 seconds
[2026-06-04T06:38:08.561+0000] {processor.py:161} INFO - Started process (PID=241) to work on /home/airflow/.local/lib/python3.8/site-packages/airflow/example_dags/tutorial_objectstorage.py
[2026-06-04T06:38:08.561+0000] {processor.py:830} INFO - Processing file /home/airflow/.local/lib/python3.8/site-packages/airflow/example_dags/tutorial_objectstorage.py for tasks to queue
[2026-06-04T06:38:08.563+0000] {logging_mixin.py:188} INFO - [2026-06-04T06:38:08.562+0000] {dagbag.py:538} INFO - Filling up the DagBag from /home/airflow/.local/lib/python3.8/site-packages/airflow/example_dags/tutorial_objectstorage.py
[2026-06-04T06:38:08.568+0000] {processor.py:840} INFO - DAG(s) 'tutorial_objectstorage' retrieved from /home/airflow/.local/lib/python3.8/site-packages/airflow/example_dags/tutorial_objectstorage.py
[2026-06-04T06:38:08.580+0000] {logging_mixin.py:188} INFO - [2026-06-04T06:38:08.580+0000] {dag.py:3033} INFO - Sync 1 DAGs
[2026-06-04T06:38:08.587+0000] {logging_mixin.py:188} INFO - [2026-06-04T06:38:08.587+0000] {dag.py:3820} INFO - Setting next_dagrun for tutorial_objectstorage to None, run_after=None
[2026-06-04T06:38:08.596+0000] {processor.py:183} INFO - Processing /home/airflow/.local/lib/python3.8/site-packages/airflow/example_dags/tutorial_objectstorage.py took 0.037 seconds
[2026-06-04T06:38:38.725+0000] {processor.py:161} INFO - Started process (PID=297) to work on /home/airflow/.local/lib/python3.8/site-packages/airflow/example_dags/tutorial_objectstorage.py
[2026-06-04T06:38:38.726+0000] {processor.py:830} INFO - Processing file /home/airflow/.local/lib/python3.8/site-packages/airflow/example_dags/tutorial_objectstorage.py for tasks to queue
[2026-06-04T06:38:38.727+0000] {logging_mixin.py:188} INFO - [2026-06-04T06:38:38.726+0000] {dagbag.py:538} INFO - Filling up the DagBag from /home/airflow/.local/lib/python3.8/site-packages/airflow/example_dags/tutorial_objectstorage.py
[2026-06-04T06:38:38.729+0000] {processor.py:840} INFO - DAG(s) 'tutorial_objectstorage' retrieved from /home/airflow/.local/lib/python3.8/site-packages/airflow/example_dags/tutorial_objectstorage.py
[2026-06-04T06:38:38.738+0000] {logging_mixin.py:188} INFO - [2026-06-04T06:38:38.738+0000] {dag.py:3033} INFO - Sync 1 DAGs
[2026-06-04T06:38:38.745+0000] {logging_mixin.py:188} INFO - [2026-06-04T06:38:38.745+0000] {dag.py:3820} INFO - Setting next_dagrun for tutorial_objectstorage to None, run_after=None
[2026-06-04T06:38:38.756+0000] {processor.py:183} INFO - Processing /home/airflow/.local/lib/python3.8/site-packages/airflow/example_dags/tutorial_objectstorage.py took 0.032 seconds
[2026-06-04T06:39:09.479+0000] {processor.py:161} INFO - Started process (PID=352) to work on /home/airflow/.local/lib/python3.8/site-packages/airflow/example_dags/tutorial_objectstorage.py
[2026-06-04T06:39:09.480+0000] {processor.py:830} INFO - Processing file /home/airflow/.local/lib/python3.8/site-packages/airflow/example_dags/tutorial_objectstorage.py for tasks to queue
[2026-06-04T06:39:09.482+0000] {logging_mixin.py:188} INFO - [2026-06-04T06:39:09.482+0000] {dagbag.py:538} INFO - Filling up the DagBag from /home/airflow/.local/lib/python3.8/site-packages/airflow/example_dags/tutorial_objectstorage.py
[2026-06-04T06:39:09.485+0000] {processor.py:840} INFO - DAG(s) 'tutorial_objectstorage' retrieved from /home/airflow/.local/lib/python3.8/site-packages/airflow/example_dags/tutorial_objectstorage.py
[2026-06-04T06:39:09.500+0000] {logging_mixin.py:188} INFO - [2026-06-04T06:39:09.500+0000] {dag.py:3033} INFO - Sync 1 DAGs
[2026-06-04T06:39:09.506+0000] {logging_mixin.py:188} INFO - [2026-06-04T06:39:09.506+0000] {dag.py:3820} INFO - Setting next_dagrun for tutorial_objectstorage to None, run_after=None
[2026-06-04T06:39:09.512+0000] {processor.py:183} INFO - Processing /home/airflow/.local/lib/python3.8/site-packages/airflow/example_dags/tutorial_objectstorage.py took 0.035 seconds
[2026-06-04T06:39:40.554+0000] {processor.py:161} INFO - Started process (PID=408) to work on /home/airflow/.local/lib/python3.8/site-packages/airflow/example_dags/tutorial_objectstorage.py
[2026-06-04T06:39:40.555+0000] {processor.py:830} INFO - Processing file /home/airflow/.local/lib/python3.8/site-packages/airflow/example_dags/tutorial_objectstorage.py for tasks to queue
[2026-06-04T06:39:40.558+0000] {logging_mixin.py:188} INFO - [2026-06-04T06:39:40.556+0000] {dagbag.py:538} INFO - Filling up the DagBag from /home/airflow/.local/lib/python3.8/site-packages/airflow/example_dags/tutorial_objectstorage.py
[2026-06-04T06:39:40.561+0000] {processor.py:840} INFO - DAG(s) 'tutorial_objectstorage' retrieved from /home/airflow/.local/lib/python3.8/site-packages/airflow/example_dags/tutorial_objectstorage.py
[2026-06-04T06:39:40.569+0000] {logging_mixin.py:188} INFO - [2026-06-04T06:39:40.569+0000] {dag.py:3033} INFO - Sync 1 DAGs
[2026-06-04T06:39:40.578+0000] {logging_mixin.py:188} INFO - [2026-06-04T06:39:40.578+0000] {dag.py:3820} INFO - Setting next_dagrun for tutorial_objectstorage to None, run_after=None
[2026-06-04T06:39:40.584+0000] {processor.py:183} INFO - Processing /home/airflow/.local/lib/python3.8/site-packages/airflow/example_dags/tutorial_objectstorage.py took 0.031 seconds
[2026-06-04T06:40:11.345+0000] {processor.py:161} INFO - Started process (PID=464) to work on /home/airflow/.local/lib/python3.8/site-packages/airflow/example_dags/tutorial_objectstorage.py
[2026-06-04T06:40:11.345+0000] {processor.py:830} INFO - Processing file /home/airflow/.local/lib/python3.8/site-packages/airflow/example_dags/tutorial_objectstorage.py for tasks to queue
[2026-06-04T06:40:11.346+0000] {logging_mixin.py:188} INFO - [2026-06-04T06:40:11.346+0000] {dagbag.py:538} INFO - Filling up the DagBag from /home/airflow/.local/lib/python3.8/site-packages/airflow/example_dags/tutorial_objectstorage.py
[2026-06-04T06:40:11.349+0000] {processor.py:840} INFO - DAG(s) 'tutorial_objectstorage' retrieved from /home/airflow/.local/lib/python3.8/site-packages/airflow/example_dags/tutorial_objectstorage.py
[2026-06-04T06:40:11.360+0000] {logging_mixin.py:188} INFO - [2026-06-04T06:40:11.360+0000] {dag.py:3033} INFO - Sync 1 DAGs
[2026-06-04T06:40:11.366+0000] {logging_mixin.py:188} INFO - [2026-06-04T06:40:11.366+0000] {dag.py:3820} INFO - Setting next_dagrun for tutorial_objectstorage to None, run_after=None
[2026-06-04T06:40:11.377+0000] {processor.py:183} INFO - Processing /home/airflow/.local/lib/python3.8/site-packages/airflow/example_dags/tutorial_objectstorage.py took 0.034 seconds
[2026-06-04T06:40:42.487+0000] {processor.py:161} INFO - Started process (PID=520) to work on /home/airflow/.local/lib/python3.8/site-packages/airflow/example_dags/tutorial_objectstorage.py
[2026-06-04T06:40:42.488+0000] {processor.py:830} INFO - Processing file /home/airflow/.local/lib/python3.8/site-packages/airflow/example_dags/tutorial_objectstorage.py for tasks to queue
[2026-06-04T06:40:42.489+0000] {logging_mixin.py:188} INFO - [2026-06-04T06:40:42.489+0000] {dagbag.py:538} INFO - Filling up the DagBag from /home/airflow/.local/lib/python3.8/site-packages/airflow/example_dags/tutorial_objectstorage.py
[2026-06-04T06:40:42.492+0000] {processor.py:840} INFO - DAG(s) 'tutorial_objectstorage' retrieved from /home/airflow/.local/lib/python3.8/site-packages/airflow/example_dags/tutorial_objectstorage.py
[2026-06-04T06:40:42.503+0000] {logging_mixin.py:188} INFO - [2026-06-04T06:40:42.503+0000] {dag.py:3033} INFO - Sync 1 DAGs
[2026-06-04T06:40:42.512+0000] {logging_mixin.py:188} INFO - [2026-06-04T06:40:42.512+0000] {dag.py:3820} INFO - Setting next_dagrun for tutorial_objectstorage to None, run_after=None
[2026-06-04T06:40:42.527+0000] {processor.py:183} INFO - Processing /home/airflow/.local/lib/python3.8/site-packages/airflow/example_dags/tutorial_objectstorage.py took 0.041 seconds
[2026-06-04T06:41:13.220+0000] {processor.py:161} INFO - Started process (PID=576) to work on /home/airflow/.local/lib/python3.8/site-packages/airflow/example_dags/tutorial_objectstorage.py
[2026-06-04T06:41:13.220+0000] {processor.py:830} INFO - Processing file /home/airflow/.local/lib/python3.8/site-packages/airflow/example_dags/tutorial_objectstorage.py for tasks to queue
[2026-06-04T06:41:13.222+0000] {logging_mixin.py:188} INFO - [2026-06-04T06:41:13.222+0000] {dagbag.py:538} INFO - Filling up the DagBag from /home/airflow/.local/lib/python3.8/site-packages/airflow/example_dags/tutorial_objectstorage.py
[2026-06-04T06:41:13.226+0000] {processor.py:840} INFO - DAG(s) 'tutorial_objectstorage' retrieved from /home/airflow/.local/lib/python3.8/site-packages/airflow/example_dags/tutorial_objectstorage.py
[2026-06-04T06:41:13.234+0000] {logging_mixin.py:188} INFO - [2026-06-04T06:41:13.234+0000] {dag.py:3033} INFO - Sync 1 DAGs
[2026-06-04T06:41:13.241+0000] {logging_mixin.py:188} INFO - [2026-06-04T06:41:13.240+0000] {dag.py:3820} INFO - Setting next_dagrun for tutorial_objectstorage to None, run_after=None
[2026-06-04T06:41:13.258+0000] {processor.py:183} INFO - Processing /home/airflow/.local/lib/python3.8/site-packages/airflow/example_dags/tutorial_objectstorage.py took 0.040 seconds
[2026-06-04T06:41:44.050+0000] {processor.py:161} INFO - Started process (PID=632) to work on /home/airflow/.local/lib/python3.8/site-packages/airflow/example_dags/tutorial_objectstorage.py
[2026-06-04T06:41:44.051+0000] {processor.py:830} INFO - Processing file /home/airflow/.local/lib/python3.8/site-packages/airflow/example_dags/tutorial_objectstorage.py for tasks to queue
[2026-06-04T06:41:44.052+0000] {logging_mixin.py:188} INFO - [2026-06-04T06:41:44.052+0000] {dagbag.py:538} INFO - Filling up the DagBag from /home/airflow/.local/lib/python3.8/site-packages/airflow/example_dags/tutorial_objectstorage.py
[2026-06-04T06:41:44.056+0000] {processor.py:840} INFO - DAG(s) 'tutorial_objectstorage' retrieved from /home/airflow/.local/lib/python3.8/site-packages/airflow/example_dags/tutorial_objectstorage.py
[2026-06-04T06:41:44.064+0000] {logging_mixin.py:188} INFO - [2026-06-04T06:41:44.064+0000] {dag.py:3033} INFO - Sync 1 DAGs
[2026-06-04T06:41:44.069+0000] {logging_mixin.py:188} INFO - [2026-06-04T06:41:44.069+0000] {dag.py:3820} INFO - Setting next_dagrun for tutorial_objectstorage to None, run_after=None
[2026-06-04T06:41:44.087+0000] {processor.py:183} INFO - Processing /home/airflow/.local/lib/python3.8/site-packages/airflow/example_dags/tutorial_objectstorage.py took 0.039 seconds
[2026-06-04T06:42:15.034+0000] {processor.py:161} INFO - Started process (PID=688) to work on /home/airflow/.local/lib/python3.8/site-packages/airflow/example_dags/tutorial_objectstorage.py
[2026-06-04T06:42:15.035+0000] {processor.py:830} INFO - Processing file /home/airflow/.local/lib/python3.8/site-packages/airflow/example_dags/tutorial_objectstorage.py for tasks to queue
[2026-06-04T06:42:15.035+0000] {logging_mixin.py:188} INFO - [2026-06-04T06:42:15.035+0000] {dagbag.py:538} INFO - Filling up the DagBag from /home/airflow/.local/lib/python3.8/site-packages/airflow/example_dags/tutorial_objectstorage.py
[2026-06-04T06:42:15.039+0000] {processor.py:840} INFO - DAG(s) 'tutorial_objectstorage' retrieved from /home/airflow/.local/lib/python3.8/site-packages/airflow/example_dags/tutorial_objectstorage.py
[2026-06-04T06:42:15.046+0000] {logging_mixin.py:188} INFO - [2026-06-04T06:42:15.046+0000] {dag.py:3033} INFO - Sync 1 DAGs
[2026-06-04T06:42:15.051+0000] {logging_mixin.py:188} INFO - [2026-06-04T06:42:15.051+0000] {dag.py:3820} INFO - Setting next_dagrun for tutorial_objectstorage to None, run_after=None
[2026-06-04T06:42:15.063+0000] {processor.py:183} INFO - Processing /home/airflow/.local/lib/python3.8/site-packages/airflow/example_dags/tutorial_objectstorage.py took 0.031 seconds
[2026-06-04T06:42:45.428+0000] {processor.py:161} INFO - Started process (PID=744) to work on /home/airflow/.local/lib/python3.8/site-packages/airflow/example_dags/tutorial_objectstorage.py
[2026-06-04T06:42:45.429+0000] {processor.py:830} INFO - Processing file /home/airflow/.local/lib/python3.8/site-packages/airflow/example_dags/tutorial_objectstorage.py for tasks to queue
[2026-06-04T06:42:45.430+0000] {logging_mixin.py:188} INFO - [2026-06-04T06:42:45.430+0000] {dagbag.py:538} INFO - Filling up the DagBag from /home/airflow/.local/lib/python3.8/site-packages/airflow/example_dags/tutorial_objectstorage.py
[2026-06-04T06:42:45.435+0000] {processor.py:840} INFO - DAG(s) 'tutorial_objectstorage' retrieved from /home/airflow/.local/lib/python3.8/site-packages/airflow/example_dags/tutorial_objectstorage.py
[2026-06-04T06:42:45.449+0000] {logging_mixin.py:188} INFO - [2026-06-04T06:42:45.448+0000] {dag.py:3033} INFO - Sync 1 DAGs
[2026-06-04T06:42:45.456+0000] {logging_mixin.py:188} INFO - [2026-06-04T06:42:45.456+0000] {dag.py:3820} INFO - Setting next_dagrun for tutorial_objectstorage to None, run_after=None
[2026-06-04T06:42:45.481+0000] {processor.py:183} INFO - Processing /home/airflow/.local/lib/python3.8/site-packages/airflow/example_dags/tutorial_objectstorage.py took 0.054 seconds
[2026-06-04T06:43:15.659+0000] {processor.py:161} INFO - Started process (PID=800) to work on /home/airflow/.local/lib/python3.8/site-packages/airflow/example_dags/tutorial_objectstorage.py
[2026-06-04T06:43:15.661+0000] {processor.py:830} INFO - Processing file /home/airflow/.local/lib/python3.8/site-packages/airflow/example_dags/tutorial_objectstorage.py for tasks to queue
[2026-06-04T06:43:15.662+0000] {logging_mixin.py:188} INFO - [2026-06-04T06:43:15.662+0000] {dagbag.py:538} INFO - Filling up the DagBag from /home/airflow/.local/lib/python3.8/site-packages/airflow/example_dags/tutorial_objectstorage.py
[2026-06-04T06:43:15.665+0000] {processor.py:840} INFO - DAG(s) 'tutorial_objectstorage' retrieved from /home/airflow/.local/lib/python3.8/site-packages/airflow/example_dags/tutorial_objectstorage.py
[2026-06-04T06:43:15.675+0000] {logging_mixin.py:188} INFO - [2026-06-04T06:43:15.675+0000] {dag.py:3033} INFO - Sync 1 DAGs
[2026-06-04T06:43:15.680+0000] {logging_mixin.py:188} INFO - [2026-06-04T06:43:15.680+0000] {dag.py:3820} INFO - Setting next_dagrun for tutorial_objectstorage to None, run_after=None
[2026-06-04T06:43:15.686+0000] {processor.py:183} INFO - Processing /home/airflow/.local/lib/python3.8/site-packages/airflow/example_dags/tutorial_objectstorage.py took 0.030 seconds
[2026-06-04T06:43:45.840+0000] {processor.py:161} INFO - Started process (PID=856) to work on /home/airflow/.local/lib/python3.8/site-packages/airflow/example_dags/tutorial_objectstorage.py
[2026-06-04T06:43:45.841+0000] {processor.py:830} INFO - Processing file /home/airflow/.local/lib/python3.8/site-packages/airflow/example_dags/tutorial_objectstorage.py for tasks to queue
[2026-06-04T06:43:45.842+0000] {logging_mixin.py:188} INFO - [2026-06-04T06:43:45.842+0000] {dagbag.py:538} INFO - Filling up the DagBag from /home/airflow/.local/lib/python3.8/site-packages/airflow/example_dags/tutorial_objectstorage.py
[2026-06-04T06:43:45.848+0000] {processor.py:840} INFO - DAG(s) 'tutorial_objectstorage' retrieved from /home/airflow/.local/lib/python3.8/site-packages/airflow/example_dags/tutorial_objectstorage.py
[2026-06-04T06:43:45.861+0000] {logging_mixin.py:188} INFO - [2026-06-04T06:43:45.860+0000] {dag.py:3033} INFO - Sync 1 DAGs
[2026-06-04T06:43:45.866+0000] {logging_mixin.py:188} INFO - [2026-06-04T06:43:45.866+0000] {dag.py:3820} INFO - Setting next_dagrun for tutorial_objectstorage to None, run_after=None
[2026-06-04T06:43:45.875+0000] {processor.py:183} INFO - Processing /home/airflow/.local/lib/python3.8/site-packages/airflow/example_dags/tutorial_objectstorage.py took 0.036 seconds
[2026-06-04T06:44:15.975+0000] {processor.py:161} INFO - Started process (PID=912) to work on /home/airflow/.local/lib/python3.8/site-packages/airflow/example_dags/tutorial_objectstorage.py
[2026-06-04T06:44:15.977+0000] {processor.py:830} INFO - Processing file /home/airflow/.local/lib/python3.8/site-packages/airflow/example_dags/tutorial_objectstorage.py for tasks to queue
[2026-06-04T06:44:15.978+0000] {logging_mixin.py:188} INFO - [2026-06-04T06:44:15.978+0000] {dagbag.py:538} INFO - Filling up the DagBag from /home/airflow/.local/lib/python3.8/site-packages/airflow/example_dags/tutorial_objectstorage.py
[2026-06-04T06:44:15.980+0000] {processor.py:840} INFO - DAG(s) 'tutorial_objectstorage' retrieved from /home/airflow/.local/lib/python3.8/site-packages/airflow/example_dags/tutorial_objectstorage.py
[2026-06-04T06:44:15.989+0000] {logging_mixin.py:188} INFO - [2026-06-04T06:44:15.989+0000] {dag.py:3033} INFO - Sync 1 DAGs
[2026-06-04T06:44:15.996+0000] {logging_mixin.py:188} INFO - [2026-06-04T06:44:15.996+0000] {dag.py:3820} INFO - Setting next_dagrun for tutorial_objectstorage to None, run_after=None
[2026-06-04T06:44:16.007+0000] {processor.py:183} INFO - Processing /home/airflow/.local/lib/python3.8/site-packages/airflow/example_dags/tutorial_objectstorage.py took 0.033 seconds
[2026-06-04T06:44:46.887+0000] {processor.py:161} INFO - Started process (PID=967) to work on /home/airflow/.local/lib/python3.8/site-packages/airflow/example_dags/tutorial_objectstorage.py
[2026-06-04T06:44:46.888+0000] {processor.py:830} INFO - Processing file /home/airflow/.local/lib/python3.8/site-packages/airflow/example_dags/tutorial_objectstorage.py for tasks to queue
[2026-06-04T06:44:46.888+0000] {logging_mixin.py:188} INFO - [2026-06-04T06:44:46.888+0000] {dagbag.py:538} INFO - Filling up the DagBag from /home/airflow/.local/lib/python3.8/site-packages/airflow/example_dags/tutorial_objectstorage.py
[2026-06-04T06:44:46.891+0000] {processor.py:840} INFO - DAG(s) 'tutorial_objectstorage' retrieved from /home/airflow/.local/lib/python3.8/site-packages/airflow/example_dags/tutorial_objectstorage.py
[2026-06-04T06:44:46.903+0000] {logging_mixin.py:188} INFO - [2026-06-04T06:44:46.903+0000] {dag.py:3033} INFO - Sync 1 DAGs
[2026-06-04T06:44:46.909+0000] {logging_mixin.py:188} INFO - [2026-06-04T06:44:46.909+0000] {dag.py:3820} INFO - Setting next_dagrun for tutorial_objectstorage to None, run_after=None
[2026-06-04T06:44:46.920+0000] {processor.py:183} INFO - Processing /home/airflow/.local/lib/python3.8/site-packages/airflow/example_dags/tutorial_objectstorage.py took 0.035 seconds
[2026-06-04T06:45:17.050+0000] {processor.py:161} INFO - Started process (PID=1023) to work on /home/airflow/.local/lib/python3.8/site-packages/airflow/example_dags/tutorial_objectstorage.py
[2026-06-04T06:45:17.051+0000] {processor.py:830} INFO - Processing file /home/airflow/.local/lib/python3.8/site-packages/airflow/example_dags/tutorial_objectstorage.py for tasks to queue
[2026-06-04T06:45:17.052+0000] {logging_mixin.py:188} INFO - [2026-06-04T06:45:17.052+0000] {dagbag.py:538} INFO - Filling up the DagBag from /home/airflow/.local/lib/python3.8/site-packages/airflow/example_dags/tutorial_objectstorage.py
[2026-06-04T06:45:17.056+0000] {processor.py:840} INFO - DAG(s) 'tutorial_objectstorage' retrieved from /home/airflow/.local/lib/python3.8/site-packages/airflow/example_dags/tutorial_objectstorage.py
[2026-06-04T06:45:17.066+0000] {logging_mixin.py:188} INFO - [2026-06-04T06:45:17.066+0000] {dag.py:3033} INFO - Sync 1 DAGs
[2026-06-04T06:45:17.071+0000] {logging_mixin.py:188} INFO - [2026-06-04T06:45:17.071+0000] {dag.py:3820} INFO - Setting next_dagrun for tutorial_objectstorage to None, run_after=None
[2026-06-04T06:45:17.079+0000] {processor.py:183} INFO - Processing /home/airflow/.local/lib/python3.8/site-packages/airflow/example_dags/tutorial_objectstorage.py took 0.032 seconds
[2026-06-04T06:45:47.260+0000] {processor.py:161} INFO - Started process (PID=1079) to work on /home/airflow/.local/lib/python3.8/site-packages/airflow/example_dags/tutorial_objectstorage.py
[2026-06-04T06:45:47.260+0000] {processor.py:830} INFO - Processing file /home/airflow/.local/lib/python3.8/site-packages/airflow/example_dags/tutorial_objectstorage.py for tasks to queue
[2026-06-04T06:45:47.261+0000] {logging_mixin.py:188} INFO - [2026-06-04T06:45:47.261+0000] {dagbag.py:538} INFO - Filling up the DagBag from /home/airflow/.local/lib/python3.8/site-packages/airflow/example_dags/tutorial_objectstorage.py
[2026-06-04T06:45:47.264+0000] {processor.py:840} INFO - DAG(s) 'tutorial_objectstorage' retrieved from /home/airflow/.local/lib/python3.8/site-packages/airflow/example_dags/tutorial_objectstorage.py
[2026-06-04T06:45:47.273+0000] {logging_mixin.py:188} INFO - [2026-06-04T06:45:47.273+0000] {dag.py:3033} INFO - Sync 1 DAGs
[2026-06-04T06:45:47.280+0000] {logging_mixin.py:188} INFO - [2026-06-04T06:45:47.280+0000] {dag.py:3820} INFO - Setting next_dagrun for tutorial_objectstorage to None, run_after=None
[2026-06-04T06:45:47.296+0000] {processor.py:183} INFO - Processing /home/airflow/.local/lib/python3.8/site-packages/airflow/example_dags/tutorial_objectstorage.py took 0.037 seconds
[2026-06-04T06:46:18.174+0000] {processor.py:161} INFO - Started process (PID=1135) to work on /home/airflow/.local/lib/python3.8/site-packages/airflow/example_dags/tutorial_objectstorage.py
[2026-06-04T06:46:18.175+0000] {processor.py:830} INFO - Processing file /home/airflow/.local/lib/python3.8/site-packages/airflow/example_dags/tutorial_objectstorage.py for tasks to queue
[2026-06-04T06:46:18.176+0000] {logging_mixin.py:188} INFO - [2026-06-04T06:46:18.176+0000] {dagbag.py:538} INFO - Filling up the DagBag from /home/airflow/.local/lib/python3.8/site-packages/airflow/example_dags/tutorial_objectstorage.py
[2026-06-04T06:46:18.179+0000] {processor.py:840} INFO - DAG(s) 'tutorial_objectstorage' retrieved from /home/airflow/.local/lib/python3.8/site-packages/airflow/example_dags/tutorial_objectstorage.py
[2026-06-04T06:46:18.191+0000] {logging_mixin.py:188} INFO - [2026-06-04T06:46:18.191+0000] {dag.py:3033} INFO - Sync 1 DAGs
[2026-06-04T06:46:18.195+0000] {logging_mixin.py:188} INFO - [2026-06-04T06:46:18.195+0000] {dag.py:3820} INFO - Setting next_dagrun for tutorial_objectstorage to None, run_after=None
[2026-06-04T06:46:18.202+0000] {processor.py:183} INFO - Processing /home/airflow/.local/lib/python3.8/site-packages/airflow/example_dags/tutorial_objectstorage.py took 0.030 seconds
[2026-06-04T06:46:48.355+0000] {processor.py:161} INFO - Started process (PID=1191) to work on /home/airflow/.local/lib/python3.8/site-packages/airflow/example_dags/tutorial_objectstorage.py
[2026-06-04T06:46:48.356+0000] {processor.py:830} INFO - Processing file /home/airflow/.local/lib/python3.8/site-packages/airflow/example_dags/tutorial_objectstorage.py for tasks to queue
[2026-06-04T06:46:48.356+0000] {logging_mixin.py:188} INFO - [2026-06-04T06:46:48.356+0000] {dagbag.py:538} INFO - Filling up the DagBag from /home/airflow/.local/lib/python3.8/site-packages/airflow/example_dags/tutorial_objectstorage.py
[2026-06-04T06:46:48.359+0000] {processor.py:840} INFO - DAG(s) 'tutorial_objectstorage' retrieved from /home/airflow/.local/lib/python3.8/site-packages/airflow/example_dags/tutorial_objectstorage.py
[2026-06-04T06:46:48.378+0000] {logging_mixin.py:188} INFO - [2026-06-04T06:46:48.377+0000] {dag.py:3033} INFO - Sync 1 DAGs
[2026-06-04T06:46:48.390+0000] {logging_mixin.py:188} INFO - [2026-06-04T06:46:48.390+0000] {dag.py:3820} INFO - Setting next_dagrun for tutorial_objectstorage to None, run_after=None
[2026-06-04T06:46:48.402+0000] {processor.py:183} INFO - Processing /home/airflow/.local/lib/python3.8/site-packages/airflow/example_dags/tutorial_objectstorage.py took 0.050 seconds
[2026-06-04T06:47:18.517+0000] {processor.py:161} INFO - Started process (PID=1247) to work on /home/airflow/.local/lib/python3.8/site-packages/airflow/example_dags/tutorial_objectstorage.py
[2026-06-04T06:47:18.518+0000] {processor.py:830} INFO - Processing file /home/airflow/.local/lib/python3.8/site-packages/airflow/example_dags/tutorial_objectstorage.py for tasks to queue
[2026-06-04T06:47:18.519+0000] {logging_mixin.py:188} INFO - [2026-06-04T06:47:18.518+0000] {dagbag.py:538} INFO - Filling up the DagBag from /home/airflow/.local/lib/python3.8/site-packages/airflow/example_dags/tutorial_objectstorage.py
[2026-06-04T06:47:18.522+0000] {processor.py:840} INFO - DAG(s) 'tutorial_objectstorage' retrieved from /home/airflow/.local/lib/python3.8/site-packages/airflow/example_dags/tutorial_objectstorage.py
[2026-06-04T06:47:18.529+0000] {logging_mixin.py:188} INFO - [2026-06-04T06:47:18.529+0000] {dag.py:3033} INFO - Sync 1 DAGs
[2026-06-04T06:47:18.535+0000] {logging_mixin.py:188} INFO - [2026-06-04T06:47:18.535+0000] {dag.py:3820} INFO - Setting next_dagrun for tutorial_objectstorage to None, run_after=None
[2026-06-04T06:47:18.545+0000] {processor.py:183} INFO - Processing /home/airflow/.local/lib/python3.8/site-packages/airflow/example_dags/tutorial_objectstorage.py took 0.029 seconds
[2026-06-04T06:47:49.416+0000] {processor.py:161} INFO - Started process (PID=1303) to work on /home/airflow/.local/lib/python3.8/site-packages/airflow/example_dags/tutorial_objectstorage.py
[2026-06-04T06:47:49.417+0000] {processor.py:830} INFO - Processing file /home/airflow/.local/lib/python3.8/site-packages/airflow/example_dags/tutorial_objectstorage.py for tasks to queue
[2026-06-04T06:47:49.418+0000] {logging_mixin.py:188} INFO - [2026-06-04T06:47:49.418+0000] {dagbag.py:538} INFO - Filling up the DagBag from /home/airflow/.local/lib/python3.8/site-packages/airflow/example_dags/tutorial_objectstorage.py
[2026-06-04T06:47:49.421+0000] {processor.py:840} INFO - DAG(s) 'tutorial_objectstorage' retrieved from /home/airflow/.local/lib/python3.8/site-packages/airflow/example_dags/tutorial_objectstorage.py
[2026-06-04T06:47:49.429+0000] {logging_mixin.py:188} INFO - [2026-06-04T06:47:49.428+0000] {dag.py:3033} INFO - Sync 1 DAGs
[2026-06-04T06:47:49.439+0000] {logging_mixin.py:188} INFO - [2026-06-04T06:47:49.439+0000] {dag.py:3820} INFO - Setting next_dagrun for tutorial_objectstorage to None, run_after=None
[2026-06-04T06:47:49.457+0000] {processor.py:183} INFO - Processing /home/airflow/.local/lib/python3.8/site-packages/airflow/example_dags/tutorial_objectstorage.py took 0.042 seconds
[2026-06-04T06:48:20.239+0000] {processor.py:161} INFO - Started process (PID=1359) to work on /home/airflow/.local/lib/python3.8/site-packages/airflow/example_dags/tutorial_objectstorage.py
[2026-06-04T06:48:20.239+0000] {processor.py:830} INFO - Processing file /home/airflow/.local/lib/python3.8/site-packages/airflow/example_dags/tutorial_objectstorage.py for tasks to queue
[2026-06-04T06:48:20.240+0000] {logging_mixin.py:188} INFO - [2026-06-04T06:48:20.240+0000] {dagbag.py:538} INFO - Filling up the DagBag from /home/airflow/.local/lib/python3.8/site-packages/airflow/example_dags/tutorial_objectstorage.py
[2026-06-04T06:48:20.244+0000] {processor.py:840} INFO - DAG(s) 'tutorial_objectstorage' retrieved from /home/airflow/.local/lib/python3.8/site-packages/airflow/example_dags/tutorial_objectstorage.py
[2026-06-04T06:48:20.256+0000] {logging_mixin.py:188} INFO - [2026-06-04T06:48:20.256+0000] {dag.py:3033} INFO - Sync 1 DAGs
[2026-06-04T06:48:20.263+0000] {logging_mixin.py:188} INFO - [2026-06-04T06:48:20.263+0000] {dag.py:3820} INFO - Setting next_dagrun for tutorial_objectstorage to None, run_after=None
[2026-06-04T06:48:20.273+0000] {processor.py:183} INFO - Processing /home/airflow/.local/lib/python3.8/site-packages/airflow/example_dags/tutorial_objectstorage.py took 0.036 seconds
[2026-06-04T06:48:51.319+0000] {processor.py:161} INFO - Started process (PID=1415) to work on /home/airflow/.local/lib/python3.8/site-packages/airflow/example_dags/tutorial_objectstorage.py
[2026-06-04T06:48:51.321+0000] {processor.py:830} INFO - Processing file /home/airflow/.local/lib/python3.8/site-packages/airflow/example_dags/tutorial_objectstorage.py for tasks to queue
[2026-06-04T06:48:51.322+0000] {logging_mixin.py:188} INFO - [2026-06-04T06:48:51.322+0000] {dagbag.py:538} INFO - Filling up the DagBag from /home/airflow/.local/lib/python3.8/site-packages/airflow/example_dags/tutorial_objectstorage.py
[2026-06-04T06:48:51.325+0000] {processor.py:840} INFO - DAG(s) 'tutorial_objectstorage' retrieved from /home/airflow/.local/lib/python3.8/site-packages/airflow/example_dags/tutorial_objectstorage.py
[2026-06-04T06:48:51.336+0000] {logging_mixin.py:188} INFO - [2026-06-04T06:48:51.335+0000] {dag.py:3033} INFO - Sync 1 DAGs
[2026-06-04T06:48:51.341+0000] {logging_mixin.py:188} INFO - [2026-06-04T06:48:51.341+0000] {dag.py:3820} INFO - Setting next_dagrun for tutorial_objectstorage to None, run_after=None
[2026-06-04T06:48:51.348+0000] {processor.py:183} INFO - Processing /home/airflow/.local/lib/python3.8/site-packages/airflow/example_dags/tutorial_objectstorage.py took 0.031 seconds
[2026-06-04T06:49:22.368+0000] {processor.py:161} INFO - Started process (PID=1471) to work on /home/airflow/.local/lib/python3.8/site-packages/airflow/example_dags/tutorial_objectstorage.py
[2026-06-04T06:49:22.369+0000] {processor.py:830} INFO - Processing file /home/airflow/.local/lib/python3.8/site-packages/airflow/example_dags/tutorial_objectstorage.py for tasks to queue
[2026-06-04T06:49:22.370+0000] {logging_mixin.py:188} INFO - [2026-06-04T06:49:22.369+0000] {dagbag.py:538} INFO - Filling up the DagBag from /home/airflow/.local/lib/python3.8/site-packages/airflow/example_dags/tutorial_objectstorage.py
[2026-06-04T06:49:22.374+0000] {processor.py:840} INFO - DAG(s) 'tutorial_objectstorage' retrieved from /home/airflow/.local/lib/python3.8/site-packages/airflow/example_dags/tutorial_objectstorage.py
[2026-06-04T06:49:22.389+0000] {logging_mixin.py:188} INFO - [2026-06-04T06:49:22.387+0000] {dag.py:3033} INFO - Sync 1 DAGs
[2026-06-04T06:49:22.396+0000] {logging_mixin.py:188} INFO - [2026-06-04T06:49:22.396+0000] {dag.py:3820} INFO - Setting next_dagrun for tutorial_objectstorage to None, run_after=None
[2026-06-04T06:49:22.407+0000] {processor.py:183} INFO - Processing /home/airflow/.local/lib/python3.8/site-packages/airflow/example_dags/tutorial_objectstorage.py took 0.041 seconds
[2026-06-04T06:49:52.608+0000] {processor.py:161} INFO - Started process (PID=1527) to work on /home/airflow/.local/lib/python3.8/site-packages/airflow/example_dags/tutorial_objectstorage.py
[2026-06-04T06:49:52.608+0000] {processor.py:830} INFO - Processing file /home/airflow/.local/lib/python3.8/site-packages/airflow/example_dags/tutorial_objectstorage.py for tasks to queue
[2026-06-04T06:49:52.609+0000] {logging_mixin.py:188} INFO - [2026-06-04T06:49:52.609+0000] {dagbag.py:538} INFO - Filling up the DagBag from /home/airflow/.local/lib/python3.8/site-packages/airflow/example_dags/tutorial_objectstorage.py
[2026-06-04T06:49:52.611+0000] {processor.py:840} INFO - DAG(s) 'tutorial_objectstorage' retrieved from /home/airflow/.local/lib/python3.8/site-packages/airflow/example_dags/tutorial_objectstorage.py
[2026-06-04T06:49:52.619+0000] {logging_mixin.py:188} INFO - [2026-06-04T06:49:52.619+0000] {dag.py:3033} INFO - Sync 1 DAGs
[2026-06-04T06:49:52.623+0000] {logging_mixin.py:188} INFO - [2026-06-04T06:49:52.623+0000] {dag.py:3820} INFO - Setting next_dagrun for tutorial_objectstorage to None, run_after=None
[2026-06-04T06:49:52.629+0000] {processor.py:183} INFO - Processing /home/airflow/.local/lib/python3.8/site-packages/airflow/example_dags/tutorial_objectstorage.py took 0.023 seconds
[2026-06-04T06:50:22.760+0000] {processor.py:161} INFO - Started process (PID=1583) to work on /home/airflow/.local/lib/python3.8/site-packages/airflow/example_dags/tutorial_objectstorage.py
[2026-06-04T06:50:22.761+0000] {processor.py:830} INFO - Processing file /home/airflow/.local/lib/python3.8/site-packages/airflow/example_dags/tutorial_objectstorage.py for tasks to queue
[2026-06-04T06:50:22.764+0000] {logging_mixin.py:188} INFO - [2026-06-04T06:50:22.763+0000] {dagbag.py:538} INFO - Filling up the DagBag from /home/airflow/.local/lib/python3.8/site-packages/airflow/example_dags/tutorial_objectstorage.py
[2026-06-04T06:50:22.766+0000] {processor.py:840} INFO - DAG(s) 'tutorial_objectstorage' retrieved from /home/airflow/.local/lib/python3.8/site-packages/airflow/example_dags/tutorial_objectstorage.py
[2026-06-04T06:50:22.776+0000] {logging_mixin.py:188} INFO - [2026-06-04T06:50:22.776+0000] {dag.py:3033} INFO - Sync 1 DAGs
[2026-06-04T06:50:22.783+0000] {logging_mixin.py:188} INFO - [2026-06-04T06:50:22.783+0000] {dag.py:3820} INFO - Setting next_dagrun for tutorial_objectstorage to None, run_after=None
[2026-06-04T06:50:22.799+0000] {processor.py:183} INFO - Processing /home/airflow/.local/lib/python3.8/site-packages/airflow/example_dags/tutorial_objectstorage.py took 0.040 seconds
[2026-06-04T06:50:53.776+0000] {processor.py:161} INFO - Started process (PID=1639) to work on /home/airflow/.local/lib/python3.8/site-packages/airflow/example_dags/tutorial_objectstorage.py
[2026-06-04T06:50:53.779+0000] {processor.py:830} INFO - Processing file /home/airflow/.local/lib/python3.8/site-packages/airflow/example_dags/tutorial_objectstorage.py for tasks to queue
[2026-06-04T06:50:53.779+0000] {logging_mixin.py:188} INFO - [2026-06-04T06:50:53.779+0000] {dagbag.py:538} INFO - Filling up the DagBag from /home/airflow/.local/lib/python3.8/site-packages/airflow/example_dags/tutorial_objectstorage.py
[2026-06-04T06:50:53.782+0000] {processor.py:840} INFO - DAG(s) 'tutorial_objectstorage' retrieved from /home/airflow/.local/lib/python3.8/site-packages/airflow/example_dags/tutorial_objectstorage.py
[2026-06-04T06:50:53.790+0000] {logging_mixin.py:188} INFO - [2026-06-04T06:50:53.790+0000] {dag.py:3033} INFO - Sync 1 DAGs
[2026-06-04T06:50:53.796+0000] {logging_mixin.py:188} INFO - [2026-06-04T06:50:53.796+0000] {dag.py:3820} INFO - Setting next_dagrun for tutorial_objectstorage to None, run_after=None
[2026-06-04T06:50:53.807+0000] {processor.py:183} INFO - Processing /home/airflow/.local/lib/python3.8/site-packages/airflow/example_dags/tutorial_objectstorage.py took 0.032 seconds
[2026-06-04T06:51:24.917+0000] {processor.py:161} INFO - Started process (PID=1695) to work on /home/airflow/.local/lib/python3.8/site-packages/airflow/example_dags/tutorial_objectstorage.py
[2026-06-04T06:51:24.919+0000] {processor.py:830} INFO - Processing file /home/airflow/.local/lib/python3.8/site-packages/airflow/example_dags/tutorial_objectstorage.py for tasks to queue
[2026-06-04T06:51:24.919+0000] {logging_mixin.py:188} INFO - [2026-06-04T06:51:24.919+0000] {dagbag.py:538} INFO - Filling up the DagBag from /home/airflow/.local/lib/python3.8/site-packages/airflow/example_dags/tutorial_objectstorage.py
[2026-06-04T06:51:24.923+0000] {processor.py:840} INFO - DAG(s) 'tutorial_objectstorage' retrieved from /home/airflow/.local/lib/python3.8/site-packages/airflow/example_dags/tutorial_objectstorage.py
[2026-06-04T06:51:24.932+0000] {logging_mixin.py:188} INFO - [2026-06-04T06:51:24.932+0000] {dag.py:3033} INFO - Sync 1 DAGs
[2026-06-04T06:51:24.941+0000] {logging_mixin.py:188} INFO - [2026-06-04T06:51:24.941+0000] {dag.py:3820} INFO - Setting next_dagrun for tutorial_objectstorage to None, run_after=None
[2026-06-04T06:51:24.953+0000] {processor.py:183} INFO - Processing /home/airflow/.local/lib/python3.8/site-packages/airflow/example_dags/tutorial_objectstorage.py took 0.038 seconds
[2026-06-04T06:51:55.664+0000] {processor.py:161} INFO - Started process (PID=1751) to work on /home/airflow/.local/lib/python3.8/site-packages/airflow/example_dags/tutorial_objectstorage.py
[2026-06-04T06:51:55.665+0000] {processor.py:830} INFO - Processing file /home/airflow/.local/lib/python3.8/site-packages/airflow/example_dags/tutorial_objectstorage.py for tasks to queue
[2026-06-04T06:51:55.666+0000] {logging_mixin.py:188} INFO - [2026-06-04T06:51:55.665+0000] {dagbag.py:538} INFO - Filling up the DagBag from /home/airflow/.local/lib/python3.8/site-packages/airflow/example_dags/tutorial_objectstorage.py
[2026-06-04T06:51:55.671+0000] {processor.py:840} INFO - DAG(s) 'tutorial_objectstorage' retrieved from /home/airflow/.local/lib/python3.8/site-packages/airflow/example_dags/tutorial_objectstorage.py
[2026-06-04T06:51:55.683+0000] {logging_mixin.py:188} INFO - [2026-06-04T06:51:55.683+0000] {dag.py:3033} INFO - Sync 1 DAGs
[2026-06-04T06:51:55.688+0000] {logging_mixin.py:188} INFO - [2026-06-04T06:51:55.688+0000] {dag.py:3820} INFO - Setting next_dagrun for tutorial_objectstorage to None, run_after=None
[2026-06-04T06:51:55.699+0000] {processor.py:183} INFO - Processing /home/airflow/.local/lib/python3.8/site-packages/airflow/example_dags/tutorial_objectstorage.py took 0.037 seconds
[2026-06-04T06:52:25.951+0000] {processor.py:161} INFO - Started process (PID=1807) to work on /home/airflow/.local/lib/python3.8/site-packages/airflow/example_dags/tutorial_objectstorage.py
[2026-06-04T06:52:25.952+0000] {processor.py:830} INFO - Processing file /home/airflow/.local/lib/python3.8/site-packages/airflow/example_dags/tutorial_objectstorage.py for tasks to queue
[2026-06-04T06:52:25.954+0000] {logging_mixin.py:188} INFO - [2026-06-04T06:52:25.954+0000] {dagbag.py:538} INFO - Filling up the DagBag from /home/airflow/.local/lib/python3.8/site-packages/airflow/example_dags/tutorial_objectstorage.py
[2026-06-04T06:52:25.959+0000] {processor.py:840} INFO - DAG(s) 'tutorial_objectstorage' retrieved from /home/airflow/.local/lib/python3.8/site-packages/airflow/example_dags/tutorial_objectstorage.py
[2026-06-04T06:52:25.972+0000] {logging_mixin.py:188} INFO - [2026-06-04T06:52:25.972+0000] {dag.py:3033} INFO - Sync 1 DAGs
[2026-06-04T06:52:25.978+0000] {logging_mixin.py:188} INFO - [2026-06-04T06:52:25.977+0000] {dag.py:3820} INFO - Setting next_dagrun for tutorial_objectstorage to None, run_after=None
[2026-06-04T06:52:25.994+0000] {processor.py:183} INFO - Processing /home/airflow/.local/lib/python3.8/site-packages/airflow/example_dags/tutorial_objectstorage.py took 0.045 seconds
[2026-06-04T06:52:56.543+0000] {processor.py:161} INFO - Started process (PID=1863) to work on /home/airflow/.local/lib/python3.8/site-packages/airflow/example_dags/tutorial_objectstorage.py
[2026-06-04T06:52:56.545+0000] {processor.py:830} INFO - Processing file /home/airflow/.local/lib/python3.8/site-packages/airflow/example_dags/tutorial_objectstorage.py for tasks to queue
[2026-06-04T06:52:56.546+0000] {logging_mixin.py:188} INFO - [2026-06-04T06:52:56.546+0000] {dagbag.py:538} INFO - Filling up the DagBag from /home/airflow/.local/lib/python3.8/site-packages/airflow/example_dags/tutorial_objectstorage.py
[2026-06-04T06:52:56.549+0000] {processor.py:840} INFO - DAG(s) 'tutorial_objectstorage' retrieved from /home/airflow/.local/lib/python3.8/site-packages/airflow/example_dags/tutorial_objectstorage.py
[2026-06-04T06:52:56.558+0000] {logging_mixin.py:188} INFO - [2026-06-04T06:52:56.558+0000] {dag.py:3033} INFO - Sync 1 DAGs
[2026-06-04T06:52:56.563+0000] {logging_mixin.py:188} INFO - [2026-06-04T06:52:56.563+0000] {dag.py:3820} INFO - Setting next_dagrun for tutorial_objectstorage to None, run_after=None
[2026-06-04T06:52:56.569+0000] {processor.py:183} INFO - Processing /home/airflow/.local/lib/python3.8/site-packages/airflow/example_dags/tutorial_objectstorage.py took 0.028 seconds
[2026-06-04T06:53:27.585+0000] {processor.py:161} INFO - Started process (PID=1919) to work on /home/airflow/.local/lib/python3.8/site-packages/airflow/example_dags/tutorial_objectstorage.py
[2026-06-04T06:53:27.587+0000] {processor.py:830} INFO - Processing file /home/airflow/.local/lib/python3.8/site-packages/airflow/example_dags/tutorial_objectstorage.py for tasks to queue
[2026-06-04T06:53:27.589+0000] {logging_mixin.py:188} INFO - [2026-06-04T06:53:27.589+0000] {dagbag.py:538} INFO - Filling up the DagBag from /home/airflow/.local/lib/python3.8/site-packages/airflow/example_dags/tutorial_objectstorage.py
[2026-06-04T06:53:27.592+0000] {processor.py:840} INFO - DAG(s) 'tutorial_objectstorage' retrieved from /home/airflow/.local/lib/python3.8/site-packages/airflow/example_dags/tutorial_objectstorage.py
[2026-06-04T06:53:27.604+0000] {logging_mixin.py:188} INFO - [2026-06-04T06:53:27.603+0000] {dag.py:3033} INFO - Sync 1 DAGs
[2026-06-04T06:53:27.608+0000] {logging_mixin.py:188} INFO - [2026-06-04T06:53:27.608+0000] {dag.py:3820} INFO - Setting next_dagrun for tutorial_objectstorage to None, run_after=None
[2026-06-04T06:53:27.620+0000] {processor.py:183} INFO - Processing /home/airflow/.local/lib/python3.8/site-packages/airflow/example_dags/tutorial_objectstorage.py took 0.036 seconds
[2026-06-04T06:53:58.587+0000] {processor.py:161} INFO - Started process (PID=1975) to work on /home/airflow/.local/lib/python3.8/site-packages/airflow/example_dags/tutorial_objectstorage.py
[2026-06-04T06:53:58.589+0000] {processor.py:830} INFO - Processing file /home/airflow/.local/lib/python3.8/site-packages/airflow/example_dags/tutorial_objectstorage.py for tasks to queue
[2026-06-04T06:53:58.590+0000] {logging_mixin.py:188} INFO - [2026-06-04T06:53:58.590+0000] {dagbag.py:538} INFO - Filling up the DagBag from /home/airflow/.local/lib/python3.8/site-packages/airflow/example_dags/tutorial_objectstorage.py
[2026-06-04T06:53:58.595+0000] {processor.py:840} INFO - DAG(s) 'tutorial_objectstorage' retrieved from /home/airflow/.local/lib/python3.8/site-packages/airflow/example_dags/tutorial_objectstorage.py
[2026-06-04T06:53:58.608+0000] {logging_mixin.py:188} INFO - [2026-06-04T06:53:58.608+0000] {dag.py:3033} INFO - Sync 1 DAGs
[2026-06-04T06:53:58.616+0000] {logging_mixin.py:188} INFO - [2026-06-04T06:53:58.616+0000] {dag.py:3820} INFO - Setting next_dagrun for tutorial_objectstorage to None, run_after=None
[2026-06-04T06:53:58.629+0000] {processor.py:183} INFO - Processing /home/airflow/.local/lib/python3.8/site-packages/airflow/example_dags/tutorial_objectstorage.py took 0.043 seconds
[2026-06-04T06:54:28.900+0000] {processor.py:161} INFO - Started process (PID=2031) to work on /home/airflow/.local/lib/python3.8/site-packages/airflow/example_dags/tutorial_objectstorage.py
[2026-06-04T06:54:28.901+0000] {processor.py:830} INFO - Processing file /home/airflow/.local/lib/python3.8/site-packages/airflow/example_dags/tutorial_objectstorage.py for tasks to queue
[2026-06-04T06:54:28.904+0000] {logging_mixin.py:188} INFO - [2026-06-04T06:54:28.904+0000] {dagbag.py:538} INFO - Filling up the DagBag from /home/airflow/.local/lib/python3.8/site-packages/airflow/example_dags/tutorial_objectstorage.py
[2026-06-04T06:54:28.910+0000] {processor.py:840} INFO - DAG(s) 'tutorial_objectstorage' retrieved from /home/airflow/.local/lib/python3.8/site-packages/airflow/example_dags/tutorial_objectstorage.py
[2026-06-04T06:54:28.923+0000] {logging_mixin.py:188} INFO - [2026-06-04T06:54:28.923+0000] {dag.py:3033} INFO - Sync 1 DAGs
[2026-06-04T06:54:28.932+0000] {logging_mixin.py:188} INFO - [2026-06-04T06:54:28.932+0000] {dag.py:3820} INFO - Setting next_dagrun for tutorial_objectstorage to None, run_after=None
[2026-06-04T06:54:28.941+0000] {processor.py:183} INFO - Processing /home/airflow/.local/lib/python3.8/site-packages/airflow/example_dags/tutorial_objectstorage.py took 0.045 seconds
[2026-06-04T06:55:00.222+0000] {processor.py:161} INFO - Started process (PID=2087) to work on /home/airflow/.local/lib/python3.8/site-packages/airflow/example_dags/tutorial_objectstorage.py
[2026-06-04T06:55:00.224+0000] {processor.py:830} INFO - Processing file /home/airflow/.local/lib/python3.8/site-packages/airflow/example_dags/tutorial_objectstorage.py for tasks to queue
[2026-06-04T06:55:00.226+0000] {logging_mixin.py:188} INFO - [2026-06-04T06:55:00.226+0000] {dagbag.py:538} INFO - Filling up the DagBag from /home/airflow/.local/lib/python3.8/site-packages/airflow/example_dags/tutorial_objectstorage.py
[2026-06-04T06:55:00.233+0000] {processor.py:840} INFO - DAG(s) 'tutorial_objectstorage' retrieved from /home/airflow/.local/lib/python3.8/site-packages/airflow/example_dags/tutorial_objectstorage.py
[2026-06-04T06:55:00.359+0000] {logging_mixin.py:188} INFO - [2026-06-04T06:55:00.359+0000] {dag.py:3033} INFO - Sync 1 DAGs
[2026-06-04T06:55:00.363+0000] {logging_mixin.py:188} INFO - [2026-06-04T06:55:00.363+0000] {dag.py:3820} INFO - Setting next_dagrun for tutorial_objectstorage to None, run_after=None
[2026-06-04T06:55:00.376+0000] {processor.py:183} INFO - Processing /home/airflow/.local/lib/python3.8/site-packages/airflow/example_dags/tutorial_objectstorage.py took 0.155 seconds
[2026-06-04T06:55:30.557+0000] {processor.py:161} INFO - Started process (PID=2143) to work on /home/airflow/.local/lib/python3.8/site-packages/airflow/example_dags/tutorial_objectstorage.py
[2026-06-04T06:55:30.558+0000] {processor.py:830} INFO - Processing file /home/airflow/.local/lib/python3.8/site-packages/airflow/example_dags/tutorial_objectstorage.py for tasks to queue
[2026-06-04T06:55:30.559+0000] {logging_mixin.py:188} INFO - [2026-06-04T06:55:30.559+0000] {dagbag.py:538} INFO - Filling up the DagBag from /home/airflow/.local/lib/python3.8/site-packages/airflow/example_dags/tutorial_objectstorage.py
[2026-06-04T06:55:30.562+0000] {processor.py:840} INFO - DAG(s) 'tutorial_objectstorage' retrieved from /home/airflow/.local/lib/python3.8/site-packages/airflow/example_dags/tutorial_objectstorage.py
[2026-06-04T06:55:30.571+0000] {logging_mixin.py:188} INFO - [2026-06-04T06:55:30.571+0000] {dag.py:3033} INFO - Sync 1 DAGs
[2026-06-04T06:55:30.665+0000] {logging_mixin.py:188} INFO - [2026-06-04T06:55:30.664+0000] {dag.py:3820} INFO - Setting next_dagrun for tutorial_objectstorage to None, run_after=None
[2026-06-04T06:55:30.676+0000] {processor.py:183} INFO - Processing /home/airflow/.local/lib/python3.8/site-packages/airflow/example_dags/tutorial_objectstorage.py took 0.120 seconds
[2026-06-04T06:56:01.434+0000] {processor.py:161} INFO - Started process (PID=2199) to work on /home/airflow/.local/lib/python3.8/site-packages/airflow/example_dags/tutorial_objectstorage.py
[2026-06-04T06:56:01.435+0000] {processor.py:830} INFO - Processing file /home/airflow/.local/lib/python3.8/site-packages/airflow/example_dags/tutorial_objectstorage.py for tasks to queue
[2026-06-04T06:56:01.437+0000] {logging_mixin.py:188} INFO - [2026-06-04T06:56:01.437+0000] {dagbag.py:538} INFO - Filling up the DagBag from /home/airflow/.local/lib/python3.8/site-packages/airflow/example_dags/tutorial_objectstorage.py
[2026-06-04T06:56:01.442+0000] {processor.py:840} INFO - DAG(s) 'tutorial_objectstorage' retrieved from /home/airflow/.local/lib/python3.8/site-packages/airflow/example_dags/tutorial_objectstorage.py
[2026-06-04T06:56:01.459+0000] {logging_mixin.py:188} INFO - [2026-06-04T06:56:01.458+0000] {dag.py:3033} INFO - Sync 1 DAGs
[2026-06-04T06:56:01.468+0000] {logging_mixin.py:188} INFO - [2026-06-04T06:56:01.468+0000] {dag.py:3820} INFO - Setting next_dagrun for tutorial_objectstorage to None, run_after=None
[2026-06-04T06:56:01.483+0000] {processor.py:183} INFO - Processing /home/airflow/.local/lib/python3.8/site-packages/airflow/example_dags/tutorial_objectstorage.py took 0.050 seconds
[2026-06-04T06:56:32.724+0000] {processor.py:161} INFO - Started process (PID=2256) to work on /home/airflow/.local/lib/python3.8/site-packages/airflow/example_dags/tutorial_objectstorage.py
[2026-06-04T06:56:32.726+0000] {processor.py:830} INFO - Processing file /home/airflow/.local/lib/python3.8/site-packages/airflow/example_dags/tutorial_objectstorage.py for tasks to queue
[2026-06-04T06:56:32.727+0000] {logging_mixin.py:188} INFO - [2026-06-04T06:56:32.727+0000] {dagbag.py:538} INFO - Filling up the DagBag from /home/airflow/.local/lib/python3.8/site-packages/airflow/example_dags/tutorial_objectstorage.py
[2026-06-04T06:56:32.731+0000] {processor.py:840} INFO - DAG(s) 'tutorial_objectstorage' retrieved from /home/airflow/.local/lib/python3.8/site-packages/airflow/example_dags/tutorial_objectstorage.py
[2026-06-04T06:56:32.744+0000] {logging_mixin.py:188} INFO - [2026-06-04T06:56:32.744+0000] {dag.py:3033} INFO - Sync 1 DAGs
[2026-06-04T06:56:32.751+0000] {logging_mixin.py:188} INFO - [2026-06-04T06:56:32.751+0000] {dag.py:3820} INFO - Setting next_dagrun for tutorial_objectstorage to None, run_after=None
[2026-06-04T06:56:32.763+0000] {processor.py:183} INFO - Processing /home/airflow/.local/lib/python3.8/site-packages/airflow/example_dags/tutorial_objectstorage.py took 0.040 seconds
[2026-06-04T06:57:02.888+0000] {processor.py:161} INFO - Started process (PID=2312) to work on /home/airflow/.local/lib/python3.8/site-packages/airflow/example_dags/tutorial_objectstorage.py
[2026-06-04T06:57:02.889+0000] {processor.py:830} INFO - Processing file /home/airflow/.local/lib/python3.8/site-packages/airflow/example_dags/tutorial_objectstorage.py for tasks to queue
[2026-06-04T06:57:02.890+0000] {logging_mixin.py:188} INFO - [2026-06-04T06:57:02.890+0000] {dagbag.py:538} INFO - Filling up the DagBag from /home/airflow/.local/lib/python3.8/site-packages/airflow/example_dags/tutorial_objectstorage.py
[2026-06-04T06:57:02.899+0000] {processor.py:840} INFO - DAG(s) 'tutorial_objectstorage' retrieved from /home/airflow/.local/lib/python3.8/site-packages/airflow/example_dags/tutorial_objectstorage.py
[2026-06-04T06:57:02.915+0000] {logging_mixin.py:188} INFO - [2026-06-04T06:57:02.915+0000] {dag.py:3033} INFO - Sync 1 DAGs
[2026-06-04T06:57:02.932+0000] {logging_mixin.py:188} INFO - [2026-06-04T06:57:02.932+0000] {dag.py:3820} INFO - Setting next_dagrun for tutorial_objectstorage to None, run_after=None
[2026-06-04T06:57:02.946+0000] {processor.py:183} INFO - Processing /home/airflow/.local/lib/python3.8/site-packages/airflow/example_dags/tutorial_objectstorage.py took 0.061 seconds
[2026-06-04T06:57:33.709+0000] {processor.py:161} INFO - Started process (PID=2368) to work on /home/airflow/.local/lib/python3.8/site-packages/airflow/example_dags/tutorial_objectstorage.py
[2026-06-04T06:57:33.710+0000] {processor.py:830} INFO - Processing file /home/airflow/.local/lib/python3.8/site-packages/airflow/example_dags/tutorial_objectstorage.py for tasks to queue
[2026-06-04T06:57:33.712+0000] {logging_mixin.py:188} INFO - [2026-06-04T06:57:33.711+0000] {dagbag.py:538} INFO - Filling up the DagBag from /home/airflow/.local/lib/python3.8/site-packages/airflow/example_dags/tutorial_objectstorage.py
[2026-06-04T06:57:33.715+0000] {processor.py:840} INFO - DAG(s) 'tutorial_objectstorage' retrieved from /home/airflow/.local/lib/python3.8/site-packages/airflow/example_dags/tutorial_objectstorage.py
[2026-06-04T06:57:33.729+0000] {logging_mixin.py:188} INFO - [2026-06-04T06:57:33.729+0000] {dag.py:3033} INFO - Sync 1 DAGs
[2026-06-04T06:57:33.736+0000] {logging_mixin.py:188} INFO - [2026-06-04T06:57:33.736+0000] {dag.py:3820} INFO - Setting next_dagrun for tutorial_objectstorage to None, run_after=None
[2026-06-04T06:57:33.743+0000] {processor.py:183} INFO - Processing /home/airflow/.local/lib/python3.8/site-packages/airflow/example_dags/tutorial_objectstorage.py took 0.037 seconds
[2026-06-04T06:58:04.853+0000] {processor.py:161} INFO - Started process (PID=2424) to work on /home/airflow/.local/lib/python3.8/site-packages/airflow/example_dags/tutorial_objectstorage.py
[2026-06-04T06:58:04.854+0000] {processor.py:830} INFO - Processing file /home/airflow/.local/lib/python3.8/site-packages/airflow/example_dags/tutorial_objectstorage.py for tasks to queue
[2026-06-04T06:58:04.856+0000] {logging_mixin.py:188} INFO - [2026-06-04T06:58:04.856+0000] {dagbag.py:538} INFO - Filling up the DagBag from /home/airflow/.local/lib/python3.8/site-packages/airflow/example_dags/tutorial_objectstorage.py
[2026-06-04T06:58:04.862+0000] {processor.py:840} INFO - DAG(s) 'tutorial_objectstorage' retrieved from /home/airflow/.local/lib/python3.8/site-packages/airflow/example_dags/tutorial_objectstorage.py
[2026-06-04T06:58:04.870+0000] {logging_mixin.py:188} INFO - [2026-06-04T06:58:04.870+0000] {dag.py:3033} INFO - Sync 1 DAGs
[2026-06-04T06:58:04.885+0000] {logging_mixin.py:188} INFO - [2026-06-04T06:58:04.885+0000] {dag.py:3820} INFO - Setting next_dagrun for tutorial_objectstorage to None, run_after=None
[2026-06-04T06:58:04.899+0000] {processor.py:183} INFO - Processing /home/airflow/.local/lib/python3.8/site-packages/airflow/example_dags/tutorial_objectstorage.py took 0.047 seconds
[2026-06-04T06:58:35.467+0000] {processor.py:161} INFO - Started process (PID=2480) to work on /home/airflow/.local/lib/python3.8/site-packages/airflow/example_dags/tutorial_objectstorage.py
[2026-06-04T06:58:35.467+0000] {processor.py:830} INFO - Processing file /home/airflow/.local/lib/python3.8/site-packages/airflow/example_dags/tutorial_objectstorage.py for tasks to queue
[2026-06-04T06:58:35.468+0000] {logging_mixin.py:188} INFO - [2026-06-04T06:58:35.468+0000] {dagbag.py:538} INFO - Filling up the DagBag from /home/airflow/.local/lib/python3.8/site-packages/airflow/example_dags/tutorial_objectstorage.py
[2026-06-04T06:58:35.472+0000] {processor.py:840} INFO - DAG(s) 'tutorial_objectstorage' retrieved from /home/airflow/.local/lib/python3.8/site-packages/airflow/example_dags/tutorial_objectstorage.py
[2026-06-04T06:58:35.491+0000] {logging_mixin.py:188} INFO - [2026-06-04T06:58:35.491+0000] {dag.py:3033} INFO - Sync 1 DAGs
[2026-06-04T06:58:35.499+0000] {logging_mixin.py:188} INFO - [2026-06-04T06:58:35.499+0000] {dag.py:3820} INFO - Setting next_dagrun for tutorial_objectstorage to None, run_after=None
[2026-06-04T06:58:35.509+0000] {processor.py:183} INFO - Processing /home/airflow/.local/lib/python3.8/site-packages/airflow/example_dags/tutorial_objectstorage.py took 0.044 seconds
[2026-06-04T06:59:05.859+0000] {processor.py:161} INFO - Started process (PID=2536) to work on /home/airflow/.local/lib/python3.8/site-packages/airflow/example_dags/tutorial_objectstorage.py
[2026-06-04T06:59:05.861+0000] {processor.py:830} INFO - Processing file /home/airflow/.local/lib/python3.8/site-packages/airflow/example_dags/tutorial_objectstorage.py for tasks to queue
[2026-06-04T06:59:05.862+0000] {logging_mixin.py:188} INFO - [2026-06-04T06:59:05.862+0000] {dagbag.py:538} INFO - Filling up the DagBag from /home/airflow/.local/lib/python3.8/site-packages/airflow/example_dags/tutorial_objectstorage.py
[2026-06-04T06:59:05.866+0000] {processor.py:840} INFO - DAG(s) 'tutorial_objectstorage' retrieved from /home/airflow/.local/lib/python3.8/site-packages/airflow/example_dags/tutorial_objectstorage.py
[2026-06-04T06:59:05.877+0000] {logging_mixin.py:188} INFO - [2026-06-04T06:59:05.877+0000] {dag.py:3033} INFO - Sync 1 DAGs
[2026-06-04T06:59:05.890+0000] {logging_mixin.py:188} INFO - [2026-06-04T06:59:05.890+0000] {dag.py:3820} INFO - Setting next_dagrun for tutorial_objectstorage to None, run_after=None
[2026-06-04T06:59:05.903+0000] {processor.py:183} INFO - Processing /home/airflow/.local/lib/python3.8/site-packages/airflow/example_dags/tutorial_objectstorage.py took 0.045 seconds
[2026-06-04T06:59:37.182+0000] {processor.py:161} INFO - Started process (PID=2592) to work on /home/airflow/.local/lib/python3.8/site-packages/airflow/example_dags/tutorial_objectstorage.py
[2026-06-04T06:59:37.183+0000] {processor.py:830} INFO - Processing file /home/airflow/.local/lib/python3.8/site-packages/airflow/example_dags/tutorial_objectstorage.py for tasks to queue
[2026-06-04T06:59:37.185+0000] {logging_mixin.py:188} INFO - [2026-06-04T06:59:37.185+0000] {dagbag.py:538} INFO - Filling up the DagBag from /home/airflow/.local/lib/python3.8/site-packages/airflow/example_dags/tutorial_objectstorage.py
[2026-06-04T06:59:37.190+0000] {processor.py:840} INFO - DAG(s) 'tutorial_objectstorage' retrieved from /home/airflow/.local/lib/python3.8/site-packages/airflow/example_dags/tutorial_objectstorage.py
[2026-06-04T06:59:37.231+0000] {logging_mixin.py:188} INFO - [2026-06-04T06:59:37.230+0000] {dag.py:3033} INFO - Sync 1 DAGs
[2026-06-04T06:59:37.255+0000] {logging_mixin.py:188} INFO - [2026-06-04T06:59:37.254+0000] {dag.py:3820} INFO - Setting next_dagrun for tutorial_objectstorage to None, run_after=None
[2026-06-04T06:59:37.275+0000] {processor.py:183} INFO - Processing /home/airflow/.local/lib/python3.8/site-packages/airflow/example_dags/tutorial_objectstorage.py took 0.098 seconds
[2026-06-04T07:00:08.044+0000] {processor.py:161} INFO - Started process (PID=2648) to work on /home/airflow/.local/lib/python3.8/site-packages/airflow/example_dags/tutorial_objectstorage.py
[2026-06-04T07:00:08.045+0000] {processor.py:830} INFO - Processing file /home/airflow/.local/lib/python3.8/site-packages/airflow/example_dags/tutorial_objectstorage.py for tasks to queue
[2026-06-04T07:00:08.046+0000] {logging_mixin.py:188} INFO - [2026-06-04T07:00:08.046+0000] {dagbag.py:538} INFO - Filling up the DagBag from /home/airflow/.local/lib/python3.8/site-packages/airflow/example_dags/tutorial_objectstorage.py
[2026-06-04T07:00:08.050+0000] {processor.py:840} INFO - DAG(s) 'tutorial_objectstorage' retrieved from /home/airflow/.local/lib/python3.8/site-packages/airflow/example_dags/tutorial_objectstorage.py
[2026-06-04T07:00:08.058+0000] {logging_mixin.py:188} INFO - [2026-06-04T07:00:08.058+0000] {dag.py:3033} INFO - Sync 1 DAGs
[2026-06-04T07:00:08.064+0000] {logging_mixin.py:188} INFO - [2026-06-04T07:00:08.064+0000] {dag.py:3820} INFO - Setting next_dagrun for tutorial_objectstorage to None, run_after=None
[2026-06-04T07:00:08.081+0000] {processor.py:183} INFO - Processing /home/airflow/.local/lib/python3.8/site-packages/airflow/example_dags/tutorial_objectstorage.py took 0.038 seconds
[2026-06-04T07:00:38.610+0000] {processor.py:161} INFO - Started process (PID=2704) to work on /home/airflow/.local/lib/python3.8/site-packages/airflow/example_dags/tutorial_objectstorage.py
[2026-06-04T07:00:38.611+0000] {processor.py:830} INFO - Processing file /home/airflow/.local/lib/python3.8/site-packages/airflow/example_dags/tutorial_objectstorage.py for tasks to queue
[2026-06-04T07:00:38.614+0000] {logging_mixin.py:188} INFO - [2026-06-04T07:00:38.614+0000] {dagbag.py:538} INFO - Filling up the DagBag from /home/airflow/.local/lib/python3.8/site-packages/airflow/example_dags/tutorial_objectstorage.py
[2026-06-04T07:00:38.620+0000] {processor.py:840} INFO - DAG(s) 'tutorial_objectstorage' retrieved from /home/airflow/.local/lib/python3.8/site-packages/airflow/example_dags/tutorial_objectstorage.py
[2026-06-04T07:00:38.639+0000] {logging_mixin.py:188} INFO - [2026-06-04T07:00:38.639+0000] {dag.py:3033} INFO - Sync 1 DAGs
[2026-06-04T07:00:38.647+0000] {logging_mixin.py:188} INFO - [2026-06-04T07:00:38.647+0000] {dag.py:3820} INFO - Setting next_dagrun for tutorial_objectstorage to None, run_after=None
[2026-06-04T07:00:38.661+0000] {processor.py:183} INFO - Processing /home/airflow/.local/lib/python3.8/site-packages/airflow/example_dags/tutorial_objectstorage.py took 0.053 seconds
[2026-06-04T07:01:09.737+0000] {processor.py:161} INFO - Started process (PID=2760) to work on /home/airflow/.local/lib/python3.8/site-packages/airflow/example_dags/tutorial_objectstorage.py
[2026-06-04T07:01:09.738+0000] {processor.py:830} INFO - Processing file /home/airflow/.local/lib/python3.8/site-packages/airflow/example_dags/tutorial_objectstorage.py for tasks to queue
[2026-06-04T07:01:09.739+0000] {logging_mixin.py:188} INFO - [2026-06-04T07:01:09.739+0000] {dagbag.py:538} INFO - Filling up the DagBag from /home/airflow/.local/lib/python3.8/site-packages/airflow/example_dags/tutorial_objectstorage.py
[2026-06-04T07:01:09.749+0000] {processor.py:840} INFO - DAG(s) 'tutorial_objectstorage' retrieved from /home/airflow/.local/lib/python3.8/site-packages/airflow/example_dags/tutorial_objectstorage.py
[2026-06-04T07:01:09.765+0000] {logging_mixin.py:188} INFO - [2026-06-04T07:01:09.765+0000] {dag.py:3033} INFO - Sync 1 DAGs
[2026-06-04T07:01:09.781+0000] {logging_mixin.py:188} INFO - [2026-06-04T07:01:09.780+0000] {dag.py:3820} INFO - Setting next_dagrun for tutorial_objectstorage to None, run_after=None
[2026-06-04T07:01:09.796+0000] {processor.py:183} INFO - Processing /home/airflow/.local/lib/python3.8/site-packages/airflow/example_dags/tutorial_objectstorage.py took 0.062 seconds
[2026-06-04T07:01:40.087+0000] {processor.py:161} INFO - Started process (PID=2816) to work on /home/airflow/.local/lib/python3.8/site-packages/airflow/example_dags/tutorial_objectstorage.py
[2026-06-04T07:01:40.088+0000] {processor.py:830} INFO - Processing file /home/airflow/.local/lib/python3.8/site-packages/airflow/example_dags/tutorial_objectstorage.py for tasks to queue
[2026-06-04T07:01:40.089+0000] {logging_mixin.py:188} INFO - [2026-06-04T07:01:40.089+0000] {dagbag.py:538} INFO - Filling up the DagBag from /home/airflow/.local/lib/python3.8/site-packages/airflow/example_dags/tutorial_objectstorage.py
[2026-06-04T07:01:40.095+0000] {processor.py:840} INFO - DAG(s) 'tutorial_objectstorage' retrieved from /home/airflow/.local/lib/python3.8/site-packages/airflow/example_dags/tutorial_objectstorage.py
[2026-06-04T07:01:40.117+0000] {logging_mixin.py:188} INFO - [2026-06-04T07:01:40.116+0000] {dag.py:3033} INFO - Sync 1 DAGs
[2026-06-04T07:01:40.132+0000] {logging_mixin.py:188} INFO - [2026-06-04T07:01:40.132+0000] {dag.py:3820} INFO - Setting next_dagrun for tutorial_objectstorage to None, run_after=None
[2026-06-04T07:01:40.144+0000] {processor.py:183} INFO - Processing /home/airflow/.local/lib/python3.8/site-packages/airflow/example_dags/tutorial_objectstorage.py took 0.059 seconds
[2026-06-04T07:02:13.259+0000] {processor.py:161} INFO - Started process (PID=2878) to work on /home/airflow/.local/lib/python3.8/site-packages/airflow/example_dags/tutorial_objectstorage.py
[2026-06-04T07:02:13.266+0000] {processor.py:830} INFO - Processing file /home/airflow/.local/lib/python3.8/site-packages/airflow/example_dags/tutorial_objectstorage.py for tasks to queue
[2026-06-04T07:02:13.270+0000] {logging_mixin.py:188} INFO - [2026-06-04T07:02:13.270+0000] {dagbag.py:538} INFO - Filling up the DagBag from /home/airflow/.local/lib/python3.8/site-packages/airflow/example_dags/tutorial_objectstorage.py
[2026-06-04T07:02:13.295+0000] {processor.py:840} INFO - DAG(s) 'tutorial_objectstorage' retrieved from /home/airflow/.local/lib/python3.8/site-packages/airflow/example_dags/tutorial_objectstorage.py
[2026-06-04T07:02:13.338+0000] {logging_mixin.py:188} INFO - [2026-06-04T07:02:13.338+0000] {dag.py:3033} INFO - Sync 1 DAGs
[2026-06-04T07:02:13.355+0000] {logging_mixin.py:188} INFO - [2026-06-04T07:02:13.355+0000] {dag.py:3820} INFO - Setting next_dagrun for tutorial_objectstorage to None, run_after=None
[2026-06-04T07:02:13.373+0000] {processor.py:183} INFO - Processing /home/airflow/.local/lib/python3.8/site-packages/airflow/example_dags/tutorial_objectstorage.py took 0.137 seconds
[2026-06-04T07:02:43.603+0000] {processor.py:161} INFO - Started process (PID=2935) to work on /home/airflow/.local/lib/python3.8/site-packages/airflow/example_dags/tutorial_objectstorage.py
[2026-06-04T07:02:43.603+0000] {processor.py:830} INFO - Processing file /home/airflow/.local/lib/python3.8/site-packages/airflow/example_dags/tutorial_objectstorage.py for tasks to queue
[2026-06-04T07:02:43.614+0000] {logging_mixin.py:188} INFO - [2026-06-04T07:02:43.613+0000] {dagbag.py:538} INFO - Filling up the DagBag from /home/airflow/.local/lib/python3.8/site-packages/airflow/example_dags/tutorial_objectstorage.py
[2026-06-04T07:02:43.629+0000] {processor.py:840} INFO - DAG(s) 'tutorial_objectstorage' retrieved from /home/airflow/.local/lib/python3.8/site-packages/airflow/example_dags/tutorial_objectstorage.py
[2026-06-04T07:02:43.692+0000] {logging_mixin.py:188} INFO - [2026-06-04T07:02:43.692+0000] {dag.py:3033} INFO - Sync 1 DAGs
[2026-06-04T07:02:43.706+0000] {logging_mixin.py:188} INFO - [2026-06-04T07:02:43.706+0000] {dag.py:3820} INFO - Setting next_dagrun for tutorial_objectstorage to None, run_after=None
[2026-06-04T07:02:43.743+0000] {processor.py:183} INFO - Processing /home/airflow/.local/lib/python3.8/site-packages/airflow/example_dags/tutorial_objectstorage.py took 0.142 seconds
[2026-06-04T07:03:14.637+0000] {processor.py:161} INFO - Started process (PID=2991) to work on /home/airflow/.local/lib/python3.8/site-packages/airflow/example_dags/tutorial_objectstorage.py
[2026-06-04T07:03:14.638+0000] {processor.py:830} INFO - Processing file /home/airflow/.local/lib/python3.8/site-packages/airflow/example_dags/tutorial_objectstorage.py for tasks to queue
[2026-06-04T07:03:14.639+0000] {logging_mixin.py:188} INFO - [2026-06-04T07:03:14.639+0000] {dagbag.py:538} INFO - Filling up the DagBag from /home/airflow/.local/lib/python3.8/site-packages/airflow/example_dags/tutorial_objectstorage.py
[2026-06-04T07:03:14.644+0000] {processor.py:840} INFO - DAG(s) 'tutorial_objectstorage' retrieved from /home/airflow/.local/lib/python3.8/site-packages/airflow/example_dags/tutorial_objectstorage.py
[2026-06-04T07:03:14.653+0000] {logging_mixin.py:188} INFO - [2026-06-04T07:03:14.653+0000] {dag.py:3033} INFO - Sync 1 DAGs
[2026-06-04T07:03:14.658+0000] {logging_mixin.py:188} INFO - [2026-06-04T07:03:14.658+0000] {dag.py:3820} INFO - Setting next_dagrun for tutorial_objectstorage to None, run_after=None
[2026-06-04T07:03:14.668+0000] {processor.py:183} INFO - Processing /home/airflow/.local/lib/python3.8/site-packages/airflow/example_dags/tutorial_objectstorage.py took 0.032 seconds
[2026-06-04T07:03:45.356+0000] {processor.py:161} INFO - Started process (PID=3047) to work on /home/airflow/.local/lib/python3.8/site-packages/airflow/example_dags/tutorial_objectstorage.py
[2026-06-04T07:03:45.358+0000] {processor.py:830} INFO - Processing file /home/airflow/.local/lib/python3.8/site-packages/airflow/example_dags/tutorial_objectstorage.py for tasks to queue
[2026-06-04T07:03:45.362+0000] {logging_mixin.py:188} INFO - [2026-06-04T07:03:45.362+0000] {dagbag.py:538} INFO - Filling up the DagBag from /home/airflow/.local/lib/python3.8/site-packages/airflow/example_dags/tutorial_objectstorage.py
[2026-06-04T07:03:45.369+0000] {processor.py:840} INFO - DAG(s) 'tutorial_objectstorage' retrieved from /home/airflow/.local/lib/python3.8/site-packages/airflow/example_dags/tutorial_objectstorage.py
[2026-06-04T07:03:45.381+0000] {logging_mixin.py:188} INFO - [2026-06-04T07:03:45.381+0000] {dag.py:3033} INFO - Sync 1 DAGs
[2026-06-04T07:03:45.391+0000] {logging_mixin.py:188} INFO - [2026-06-04T07:03:45.391+0000] {dag.py:3820} INFO - Setting next_dagrun for tutorial_objectstorage to None, run_after=None
[2026-06-04T07:03:45.404+0000] {processor.py:183} INFO - Processing /home/airflow/.local/lib/python3.8/site-packages/airflow/example_dags/tutorial_objectstorage.py took 0.065 seconds
[2026-06-04T07:04:16.240+0000] {processor.py:161} INFO - Started process (PID=3103) to work on /home/airflow/.local/lib/python3.8/site-packages/airflow/example_dags/tutorial_objectstorage.py
[2026-06-04T07:04:16.240+0000] {processor.py:830} INFO - Processing file /home/airflow/.local/lib/python3.8/site-packages/airflow/example_dags/tutorial_objectstorage.py for tasks to queue
[2026-06-04T07:04:16.243+0000] {logging_mixin.py:188} INFO - [2026-06-04T07:04:16.243+0000] {dagbag.py:538} INFO - Filling up the DagBag from /home/airflow/.local/lib/python3.8/site-packages/airflow/example_dags/tutorial_objectstorage.py
[2026-06-04T07:04:16.247+0000] {processor.py:840} INFO - DAG(s) 'tutorial_objectstorage' retrieved from /home/airflow/.local/lib/python3.8/site-packages/airflow/example_dags/tutorial_objectstorage.py
[2026-06-04T07:04:16.266+0000] {logging_mixin.py:188} INFO - [2026-06-04T07:04:16.266+0000] {dag.py:3033} INFO - Sync 1 DAGs
[2026-06-04T07:04:16.273+0000] {logging_mixin.py:188} INFO - [2026-06-04T07:04:16.273+0000] {dag.py:3820} INFO - Setting next_dagrun for tutorial_objectstorage to None, run_after=None
[2026-06-04T07:04:16.287+0000] {processor.py:183} INFO - Processing /home/airflow/.local/lib/python3.8/site-packages/airflow/example_dags/tutorial_objectstorage.py took 0.049 seconds
[2026-06-04T07:04:46.584+0000] {processor.py:161} INFO - Started process (PID=3158) to work on /home/airflow/.local/lib/python3.8/site-packages/airflow/example_dags/tutorial_objectstorage.py
[2026-06-04T07:04:46.585+0000] {processor.py:830} INFO - Processing file /home/airflow/.local/lib/python3.8/site-packages/airflow/example_dags/tutorial_objectstorage.py for tasks to queue
[2026-06-04T07:04:46.589+0000] {logging_mixin.py:188} INFO - [2026-06-04T07:04:46.589+0000] {dagbag.py:538} INFO - Filling up the DagBag from /home/airflow/.local/lib/python3.8/site-packages/airflow/example_dags/tutorial_objectstorage.py
[2026-06-04T07:04:46.595+0000] {processor.py:840} INFO - DAG(s) 'tutorial_objectstorage' retrieved from /home/airflow/.local/lib/python3.8/site-packages/airflow/example_dags/tutorial_objectstorage.py
[2026-06-04T07:04:46.605+0000] {logging_mixin.py:188} INFO - [2026-06-04T07:04:46.604+0000] {dag.py:3033} INFO - Sync 1 DAGs
[2026-06-04T07:04:46.612+0000] {logging_mixin.py:188} INFO - [2026-06-04T07:04:46.612+0000] {dag.py:3820} INFO - Setting next_dagrun for tutorial_objectstorage to None, run_after=None
[2026-06-04T07:04:46.627+0000] {processor.py:183} INFO - Processing /home/airflow/.local/lib/python3.8/site-packages/airflow/example_dags/tutorial_objectstorage.py took 0.045 seconds
[2026-06-04T07:05:17.607+0000] {processor.py:161} INFO - Started process (PID=3214) to work on /home/airflow/.local/lib/python3.8/site-packages/airflow/example_dags/tutorial_objectstorage.py
[2026-06-04T07:05:17.608+0000] {processor.py:830} INFO - Processing file /home/airflow/.local/lib/python3.8/site-packages/airflow/example_dags/tutorial_objectstorage.py for tasks to queue
[2026-06-04T07:05:17.609+0000] {logging_mixin.py:188} INFO - [2026-06-04T07:05:17.608+0000] {dagbag.py:538} INFO - Filling up the DagBag from /home/airflow/.local/lib/python3.8/site-packages/airflow/example_dags/tutorial_objectstorage.py
[2026-06-04T07:05:17.612+0000] {processor.py:840} INFO - DAG(s) 'tutorial_objectstorage' retrieved from /home/airflow/.local/lib/python3.8/site-packages/airflow/example_dags/tutorial_objectstorage.py
[2026-06-04T07:05:17.622+0000] {logging_mixin.py:188} INFO - [2026-06-04T07:05:17.622+0000] {dag.py:3033} INFO - Sync 1 DAGs
[2026-06-04T07:05:17.627+0000] {logging_mixin.py:188} INFO - [2026-06-04T07:05:17.627+0000] {dag.py:3820} INFO - Setting next_dagrun for tutorial_objectstorage to None, run_after=None
[2026-06-04T07:05:17.634+0000] {processor.py:183} INFO - Processing /home/airflow/.local/lib/python3.8/site-packages/airflow/example_dags/tutorial_objectstorage.py took 0.029 seconds
[2026-06-04T07:05:49.293+0000] {processor.py:161} INFO - Started process (PID=3270) to work on /home/airflow/.local/lib/python3.8/site-packages/airflow/example_dags/tutorial_objectstorage.py
[2026-06-04T07:05:49.295+0000] {processor.py:830} INFO - Processing file /home/airflow/.local/lib/python3.8/site-packages/airflow/example_dags/tutorial_objectstorage.py for tasks to queue
[2026-06-04T07:05:49.297+0000] {logging_mixin.py:188} INFO - [2026-06-04T07:05:49.297+0000] {dagbag.py:538} INFO - Filling up the DagBag from /home/airflow/.local/lib/python3.8/site-packages/airflow/example_dags/tutorial_objectstorage.py
[2026-06-04T07:05:49.310+0000] {processor.py:840} INFO - DAG(s) 'tutorial_objectstorage' retrieved from /home/airflow/.local/lib/python3.8/site-packages/airflow/example_dags/tutorial_objectstorage.py
[2026-06-04T07:05:49.358+0000] {logging_mixin.py:188} INFO - [2026-06-04T07:05:49.358+0000] {dag.py:3033} INFO - Sync 1 DAGs
[2026-06-04T07:05:49.381+0000] {logging_mixin.py:188} INFO - [2026-06-04T07:05:49.381+0000] {dag.py:3820} INFO - Setting next_dagrun for tutorial_objectstorage to None, run_after=None
[2026-06-04T07:05:49.400+0000] {processor.py:183} INFO - Processing /home/airflow/.local/lib/python3.8/site-packages/airflow/example_dags/tutorial_objectstorage.py took 0.111 seconds
[2026-06-04T07:06:20.089+0000] {processor.py:161} INFO - Started process (PID=3326) to work on /home/airflow/.local/lib/python3.8/site-packages/airflow/example_dags/tutorial_objectstorage.py
[2026-06-04T07:06:20.089+0000] {processor.py:830} INFO - Processing file /home/airflow/.local/lib/python3.8/site-packages/airflow/example_dags/tutorial_objectstorage.py for tasks to queue
[2026-06-04T07:06:20.091+0000] {logging_mixin.py:188} INFO - [2026-06-04T07:06:20.090+0000] {dagbag.py:538} INFO - Filling up the DagBag from /home/airflow/.local/lib/python3.8/site-packages/airflow/example_dags/tutorial_objectstorage.py
[2026-06-04T07:06:20.095+0000] {processor.py:840} INFO - DAG(s) 'tutorial_objectstorage' retrieved from /home/airflow/.local/lib/python3.8/site-packages/airflow/example_dags/tutorial_objectstorage.py
[2026-06-04T07:06:20.105+0000] {logging_mixin.py:188} INFO - [2026-06-04T07:06:20.105+0000] {dag.py:3033} INFO - Sync 1 DAGs
[2026-06-04T07:06:20.113+0000] {logging_mixin.py:188} INFO - [2026-06-04T07:06:20.113+0000] {dag.py:3820} INFO - Setting next_dagrun for tutorial_objectstorage to None, run_after=None
[2026-06-04T07:06:20.128+0000] {processor.py:183} INFO - Processing /home/airflow/.local/lib/python3.8/site-packages/airflow/example_dags/tutorial_objectstorage.py took 0.041 seconds
[2026-06-04T07:06:51.194+0000] {processor.py:161} INFO - Started process (PID=3382) to work on /home/airflow/.local/lib/python3.8/site-packages/airflow/example_dags/tutorial_objectstorage.py
[2026-06-04T07:06:51.195+0000] {processor.py:830} INFO - Processing file /home/airflow/.local/lib/python3.8/site-packages/airflow/example_dags/tutorial_objectstorage.py for tasks to queue
[2026-06-04T07:06:51.197+0000] {logging_mixin.py:188} INFO - [2026-06-04T07:06:51.197+0000] {dagbag.py:538} INFO - Filling up the DagBag from /home/airflow/.local/lib/python3.8/site-packages/airflow/example_dags/tutorial_objectstorage.py
[2026-06-04T07:06:51.201+0000] {processor.py:840} INFO - DAG(s) 'tutorial_objectstorage' retrieved from /home/airflow/.local/lib/python3.8/site-packages/airflow/example_dags/tutorial_objectstorage.py
[2026-06-04T07:06:51.211+0000] {logging_mixin.py:188} INFO - [2026-06-04T07:06:51.211+0000] {dag.py:3033} INFO - Sync 1 DAGs
[2026-06-04T07:06:51.220+0000] {logging_mixin.py:188} INFO - [2026-06-04T07:06:51.220+0000] {dag.py:3820} INFO - Setting next_dagrun for tutorial_objectstorage to None, run_after=None
[2026-06-04T07:06:51.237+0000] {processor.py:183} INFO - Processing /home/airflow/.local/lib/python3.8/site-packages/airflow/example_dags/tutorial_objectstorage.py took 0.044 seconds
[2026-06-04T07:07:22.176+0000] {processor.py:161} INFO - Started process (PID=3438) to work on /home/airflow/.local/lib/python3.8/site-packages/airflow/example_dags/tutorial_objectstorage.py
[2026-06-04T07:07:22.176+0000] {processor.py:830} INFO - Processing file /home/airflow/.local/lib/python3.8/site-packages/airflow/example_dags/tutorial_objectstorage.py for tasks to queue
[2026-06-04T07:07:22.179+0000] {logging_mixin.py:188} INFO - [2026-06-04T07:07:22.179+0000] {dagbag.py:538} INFO - Filling up the DagBag from /home/airflow/.local/lib/python3.8/site-packages/airflow/example_dags/tutorial_objectstorage.py
[2026-06-04T07:07:22.182+0000] {processor.py:840} INFO - DAG(s) 'tutorial_objectstorage' retrieved from /home/airflow/.local/lib/python3.8/site-packages/airflow/example_dags/tutorial_objectstorage.py
[2026-06-04T07:07:22.190+0000] {logging_mixin.py:188} INFO - [2026-06-04T07:07:22.190+0000] {dag.py:3033} INFO - Sync 1 DAGs
[2026-06-04T07:07:22.198+0000] {logging_mixin.py:188} INFO - [2026-06-04T07:07:22.198+0000] {dag.py:3820} INFO - Setting next_dagrun for tutorial_objectstorage to None, run_after=None
[2026-06-04T07:07:22.208+0000] {processor.py:183} INFO - Processing /home/airflow/.local/lib/python3.8/site-packages/airflow/example_dags/tutorial_objectstorage.py took 0.034 seconds
[2026-06-04T07:07:52.997+0000] {processor.py:161} INFO - Started process (PID=3494) to work on /home/airflow/.local/lib/python3.8/site-packages/airflow/example_dags/tutorial_objectstorage.py
[2026-06-04T07:07:52.998+0000] {processor.py:830} INFO - Processing file /home/airflow/.local/lib/python3.8/site-packages/airflow/example_dags/tutorial_objectstorage.py for tasks to queue
[2026-06-04T07:07:52.999+0000] {logging_mixin.py:188} INFO - [2026-06-04T07:07:52.999+0000] {dagbag.py:538} INFO - Filling up the DagBag from /home/airflow/.local/lib/python3.8/site-packages/airflow/example_dags/tutorial_objectstorage.py
[2026-06-04T07:07:53.013+0000] {processor.py:840} INFO - DAG(s) 'tutorial_objectstorage' retrieved from /home/airflow/.local/lib/python3.8/site-packages/airflow/example_dags/tutorial_objectstorage.py
[2026-06-04T07:07:53.033+0000] {logging_mixin.py:188} INFO - [2026-06-04T07:07:53.033+0000] {dag.py:3033} INFO - Sync 1 DAGs
[2026-06-04T07:07:53.040+0000] {logging_mixin.py:188} INFO - [2026-06-04T07:07:53.040+0000] {dag.py:3820} INFO - Setting next_dagrun for tutorial_objectstorage to None, run_after=None
[2026-06-04T07:07:53.048+0000] {processor.py:183} INFO - Processing /home/airflow/.local/lib/python3.8/site-packages/airflow/example_dags/tutorial_objectstorage.py took 0.053 seconds
[2026-06-04T07:08:23.162+0000] {processor.py:161} INFO - Started process (PID=3550) to work on /home/airflow/.local/lib/python3.8/site-packages/airflow/example_dags/tutorial_objectstorage.py
[2026-06-04T07:08:23.164+0000] {processor.py:830} INFO - Processing file /home/airflow/.local/lib/python3.8/site-packages/airflow/example_dags/tutorial_objectstorage.py for tasks to queue
[2026-06-04T07:08:23.164+0000] {logging_mixin.py:188} INFO - [2026-06-04T07:08:23.164+0000] {dagbag.py:538} INFO - Filling up the DagBag from /home/airflow/.local/lib/python3.8/site-packages/airflow/example_dags/tutorial_objectstorage.py
[2026-06-04T07:08:23.168+0000] {processor.py:840} INFO - DAG(s) 'tutorial_objectstorage' retrieved from /home/airflow/.local/lib/python3.8/site-packages/airflow/example_dags/tutorial_objectstorage.py
[2026-06-04T07:08:23.180+0000] {logging_mixin.py:188} INFO - [2026-06-04T07:08:23.180+0000] {dag.py:3033} INFO - Sync 1 DAGs
[2026-06-04T07:08:23.186+0000] {logging_mixin.py:188} INFO - [2026-06-04T07:08:23.186+0000] {dag.py:3820} INFO - Setting next_dagrun for tutorial_objectstorage to None, run_after=None
[2026-06-04T07:08:23.195+0000] {processor.py:183} INFO - Processing /home/airflow/.local/lib/python3.8/site-packages/airflow/example_dags/tutorial_objectstorage.py took 0.035 seconds
[2026-06-04T07:08:53.443+0000] {processor.py:161} INFO - Started process (PID=3606) to work on /home/airflow/.local/lib/python3.8/site-packages/airflow/example_dags/tutorial_objectstorage.py
[2026-06-04T07:08:53.444+0000] {processor.py:830} INFO - Processing file /home/airflow/.local/lib/python3.8/site-packages/airflow/example_dags/tutorial_objectstorage.py for tasks to queue
[2026-06-04T07:08:53.445+0000] {logging_mixin.py:188} INFO - [2026-06-04T07:08:53.445+0000] {dagbag.py:538} INFO - Filling up the DagBag from /home/airflow/.local/lib/python3.8/site-packages/airflow/example_dags/tutorial_objectstorage.py
[2026-06-04T07:08:53.452+0000] {processor.py:840} INFO - DAG(s) 'tutorial_objectstorage' retrieved from /home/airflow/.local/lib/python3.8/site-packages/airflow/example_dags/tutorial_objectstorage.py
[2026-06-04T07:08:53.475+0000] {logging_mixin.py:188} INFO - [2026-06-04T07:08:53.475+0000] {dag.py:3033} INFO - Sync 1 DAGs
[2026-06-04T07:08:53.484+0000] {logging_mixin.py:188} INFO - [2026-06-04T07:08:53.484+0000] {dag.py:3820} INFO - Setting next_dagrun for tutorial_objectstorage to None, run_after=None
[2026-06-04T07:08:53.497+0000] {processor.py:183} INFO - Processing /home/airflow/.local/lib/python3.8/site-packages/airflow/example_dags/tutorial_objectstorage.py took 0.057 seconds
[2026-06-04T07:09:24.705+0000] {processor.py:161} INFO - Started process (PID=3662) to work on /home/airflow/.local/lib/python3.8/site-packages/airflow/example_dags/tutorial_objectstorage.py
[2026-06-04T07:09:24.706+0000] {processor.py:830} INFO - Processing file /home/airflow/.local/lib/python3.8/site-packages/airflow/example_dags/tutorial_objectstorage.py for tasks to queue
[2026-06-04T07:09:24.709+0000] {logging_mixin.py:188} INFO - [2026-06-04T07:09:24.709+0000] {dagbag.py:538} INFO - Filling up the DagBag from /home/airflow/.local/lib/python3.8/site-packages/airflow/example_dags/tutorial_objectstorage.py
[2026-06-04T07:09:24.726+0000] {processor.py:840} INFO - DAG(s) 'tutorial_objectstorage' retrieved from /home/airflow/.local/lib/python3.8/site-packages/airflow/example_dags/tutorial_objectstorage.py
[2026-06-04T07:09:24.739+0000] {logging_mixin.py:188} INFO - [2026-06-04T07:09:24.739+0000] {dag.py:3033} INFO - Sync 1 DAGs
[2026-06-04T07:09:24.745+0000] {logging_mixin.py:188} INFO - [2026-06-04T07:09:24.745+0000] {dag.py:3820} INFO - Setting next_dagrun for tutorial_objectstorage to None, run_after=None
[2026-06-04T07:09:24.757+0000] {processor.py:183} INFO - Processing /home/airflow/.local/lib/python3.8/site-packages/airflow/example_dags/tutorial_objectstorage.py took 0.054 seconds
[2026-06-04T07:09:55.630+0000] {processor.py:161} INFO - Started process (PID=3718) to work on /home/airflow/.local/lib/python3.8/site-packages/airflow/example_dags/tutorial_objectstorage.py
[2026-06-04T07:09:55.633+0000] {processor.py:830} INFO - Processing file /home/airflow/.local/lib/python3.8/site-packages/airflow/example_dags/tutorial_objectstorage.py for tasks to queue
[2026-06-04T07:09:55.635+0000] {logging_mixin.py:188} INFO - [2026-06-04T07:09:55.635+0000] {dagbag.py:538} INFO - Filling up the DagBag from /home/airflow/.local/lib/python3.8/site-packages/airflow/example_dags/tutorial_objectstorage.py
[2026-06-04T07:09:55.650+0000] {processor.py:840} INFO - DAG(s) 'tutorial_objectstorage' retrieved from /home/airflow/.local/lib/python3.8/site-packages/airflow/example_dags/tutorial_objectstorage.py
[2026-06-04T07:09:55.664+0000] {logging_mixin.py:188} INFO - [2026-06-04T07:09:55.664+0000] {dag.py:3033} INFO - Sync 1 DAGs
[2026-06-04T07:09:55.672+0000] {logging_mixin.py:188} INFO - [2026-06-04T07:09:55.672+0000] {dag.py:3820} INFO - Setting next_dagrun for tutorial_objectstorage to None, run_after=None
[2026-06-04T07:09:55.686+0000] {processor.py:183} INFO - Processing /home/airflow/.local/lib/python3.8/site-packages/airflow/example_dags/tutorial_objectstorage.py took 0.058 seconds
[2026-06-04T07:10:26.584+0000] {processor.py:161} INFO - Started process (PID=3774) to work on /home/airflow/.local/lib/python3.8/site-packages/airflow/example_dags/tutorial_objectstorage.py
[2026-06-04T07:10:26.585+0000] {processor.py:830} INFO - Processing file /home/airflow/.local/lib/python3.8/site-packages/airflow/example_dags/tutorial_objectstorage.py for tasks to queue
[2026-06-04T07:10:26.587+0000] {logging_mixin.py:188} INFO - [2026-06-04T07:10:26.587+0000] {dagbag.py:538} INFO - Filling up the DagBag from /home/airflow/.local/lib/python3.8/site-packages/airflow/example_dags/tutorial_objectstorage.py
[2026-06-04T07:10:26.596+0000] {processor.py:840} INFO - DAG(s) 'tutorial_objectstorage' retrieved from /home/airflow/.local/lib/python3.8/site-packages/airflow/example_dags/tutorial_objectstorage.py
[2026-06-04T07:10:26.611+0000] {logging_mixin.py:188} INFO - [2026-06-04T07:10:26.611+0000] {dag.py:3033} INFO - Sync 1 DAGs
[2026-06-04T07:10:26.620+0000] {logging_mixin.py:188} INFO - [2026-06-04T07:10:26.620+0000] {dag.py:3820} INFO - Setting next_dagrun for tutorial_objectstorage to None, run_after=None
[2026-06-04T07:10:26.641+0000] {processor.py:183} INFO - Processing /home/airflow/.local/lib/python3.8/site-packages/airflow/example_dags/tutorial_objectstorage.py took 0.058 seconds
[2026-06-04T07:10:56.970+0000] {processor.py:161} INFO - Started process (PID=3830) to work on /home/airflow/.local/lib/python3.8/site-packages/airflow/example_dags/tutorial_objectstorage.py
[2026-06-04T07:10:56.971+0000] {processor.py:830} INFO - Processing file /home/airflow/.local/lib/python3.8/site-packages/airflow/example_dags/tutorial_objectstorage.py for tasks to queue
[2026-06-04T07:10:56.972+0000] {logging_mixin.py:188} INFO - [2026-06-04T07:10:56.972+0000] {dagbag.py:538} INFO - Filling up the DagBag from /home/airflow/.local/lib/python3.8/site-packages/airflow/example_dags/tutorial_objectstorage.py
[2026-06-04T07:10:56.983+0000] {processor.py:840} INFO - DAG(s) 'tutorial_objectstorage' retrieved from /home/airflow/.local/lib/python3.8/site-packages/airflow/example_dags/tutorial_objectstorage.py
[2026-06-04T07:10:56.995+0000] {logging_mixin.py:188} INFO - [2026-06-04T07:10:56.995+0000] {dag.py:3033} INFO - Sync 1 DAGs
[2026-06-04T07:10:57.001+0000] {logging_mixin.py:188} INFO - [2026-06-04T07:10:57.001+0000] {dag.py:3820} INFO - Setting next_dagrun for tutorial_objectstorage to None, run_after=None
[2026-06-04T07:10:57.010+0000] {processor.py:183} INFO - Processing /home/airflow/.local/lib/python3.8/site-packages/airflow/example_dags/tutorial_objectstorage.py took 0.043 seconds
[2026-06-04T07:11:27.894+0000] {processor.py:161} INFO - Started process (PID=3886) to work on /home/airflow/.local/lib/python3.8/site-packages/airflow/example_dags/tutorial_objectstorage.py
[2026-06-04T07:11:27.895+0000] {processor.py:830} INFO - Processing file /home/airflow/.local/lib/python3.8/site-packages/airflow/example_dags/tutorial_objectstorage.py for tasks to queue
[2026-06-04T07:11:27.896+0000] {logging_mixin.py:188} INFO - [2026-06-04T07:11:27.896+0000] {dagbag.py:538} INFO - Filling up the DagBag from /home/airflow/.local/lib/python3.8/site-packages/airflow/example_dags/tutorial_objectstorage.py
[2026-06-04T07:11:27.899+0000] {processor.py:840} INFO - DAG(s) 'tutorial_objectstorage' retrieved from /home/airflow/.local/lib/python3.8/site-packages/airflow/example_dags/tutorial_objectstorage.py
[2026-06-04T07:11:27.912+0000] {logging_mixin.py:188} INFO - [2026-06-04T07:11:27.912+0000] {dag.py:3033} INFO - Sync 1 DAGs
[2026-06-04T07:11:27.919+0000] {logging_mixin.py:188} INFO - [2026-06-04T07:11:27.919+0000] {dag.py:3820} INFO - Setting next_dagrun for tutorial_objectstorage to None, run_after=None
[2026-06-04T07:11:27.940+0000] {processor.py:183} INFO - Processing /home/airflow/.local/lib/python3.8/site-packages/airflow/example_dags/tutorial_objectstorage.py took 0.047 seconds
[2026-06-04T07:11:58.342+0000] {processor.py:161} INFO - Started process (PID=3942) to work on /home/airflow/.local/lib/python3.8/site-packages/airflow/example_dags/tutorial_objectstorage.py
[2026-06-04T07:11:58.343+0000] {processor.py:830} INFO - Processing file /home/airflow/.local/lib/python3.8/site-packages/airflow/example_dags/tutorial_objectstorage.py for tasks to queue
[2026-06-04T07:11:58.344+0000] {logging_mixin.py:188} INFO - [2026-06-04T07:11:58.344+0000] {dagbag.py:538} INFO - Filling up the DagBag from /home/airflow/.local/lib/python3.8/site-packages/airflow/example_dags/tutorial_objectstorage.py
[2026-06-04T07:11:58.349+0000] {processor.py:840} INFO - DAG(s) 'tutorial_objectstorage' retrieved from /home/airflow/.local/lib/python3.8/site-packages/airflow/example_dags/tutorial_objectstorage.py
[2026-06-04T07:11:58.360+0000] {logging_mixin.py:188} INFO - [2026-06-04T07:11:58.359+0000] {dag.py:3033} INFO - Sync 1 DAGs
[2026-06-04T07:11:58.365+0000] {logging_mixin.py:188} INFO - [2026-06-04T07:11:58.365+0000] {dag.py:3820} INFO - Setting next_dagrun for tutorial_objectstorage to None, run_after=None
[2026-06-04T07:11:58.377+0000] {processor.py:183} INFO - Processing /home/airflow/.local/lib/python3.8/site-packages/airflow/example_dags/tutorial_objectstorage.py took 0.036 seconds
[2026-06-04T07:12:29.564+0000] {processor.py:161} INFO - Started process (PID=3998) to work on /home/airflow/.local/lib/python3.8/site-packages/airflow/example_dags/tutorial_objectstorage.py
[2026-06-04T07:12:29.566+0000] {processor.py:830} INFO - Processing file /home/airflow/.local/lib/python3.8/site-packages/airflow/example_dags/tutorial_objectstorage.py for tasks to queue
[2026-06-04T07:12:29.567+0000] {logging_mixin.py:188} INFO - [2026-06-04T07:12:29.567+0000] {dagbag.py:538} INFO - Filling up the DagBag from /home/airflow/.local/lib/python3.8/site-packages/airflow/example_dags/tutorial_objectstorage.py
[2026-06-04T07:12:29.576+0000] {processor.py:840} INFO - DAG(s) 'tutorial_objectstorage' retrieved from /home/airflow/.local/lib/python3.8/site-packages/airflow/example_dags/tutorial_objectstorage.py
[2026-06-04T07:12:29.590+0000] {logging_mixin.py:188} INFO - [2026-06-04T07:12:29.590+0000] {dag.py:3033} INFO - Sync 1 DAGs
[2026-06-04T07:12:29.597+0000] {logging_mixin.py:188} INFO - [2026-06-04T07:12:29.596+0000] {dag.py:3820} INFO - Setting next_dagrun for tutorial_objectstorage to None, run_after=None
[2026-06-04T07:12:29.603+0000] {processor.py:183} INFO - Processing /home/airflow/.local/lib/python3.8/site-packages/airflow/example_dags/tutorial_objectstorage.py took 0.041 seconds
[2026-06-04T07:12:59.977+0000] {processor.py:161} INFO - Started process (PID=4054) to work on /home/airflow/.local/lib/python3.8/site-packages/airflow/example_dags/tutorial_objectstorage.py
[2026-06-04T07:12:59.978+0000] {processor.py:830} INFO - Processing file /home/airflow/.local/lib/python3.8/site-packages/airflow/example_dags/tutorial_objectstorage.py for tasks to queue
[2026-06-04T07:12:59.980+0000] {logging_mixin.py:188} INFO - [2026-06-04T07:12:59.980+0000] {dagbag.py:538} INFO - Filling up the DagBag from /home/airflow/.local/lib/python3.8/site-packages/airflow/example_dags/tutorial_objectstorage.py
[2026-06-04T07:12:59.984+0000] {processor.py:840} INFO - DAG(s) 'tutorial_objectstorage' retrieved from /home/airflow/.local/lib/python3.8/site-packages/airflow/example_dags/tutorial_objectstorage.py
[2026-06-04T07:12:59.995+0000] {logging_mixin.py:188} INFO - [2026-06-04T07:12:59.995+0000] {dag.py:3033} INFO - Sync 1 DAGs
[2026-06-04T07:13:00.004+0000] {logging_mixin.py:188} INFO - [2026-06-04T07:13:00.004+0000] {dag.py:3820} INFO - Setting next_dagrun for tutorial_objectstorage to None, run_after=None
[2026-06-04T07:13:00.012+0000] {processor.py:183} INFO - Processing /home/airflow/.local/lib/python3.8/site-packages/airflow/example_dags/tutorial_objectstorage.py took 0.038 seconds
[2026-06-04T07:13:31.682+0000] {processor.py:161} INFO - Started process (PID=4110) to work on /home/airflow/.local/lib/python3.8/site-packages/airflow/example_dags/tutorial_objectstorage.py
[2026-06-04T07:13:31.689+0000] {processor.py:830} INFO - Processing file /home/airflow/.local/lib/python3.8/site-packages/airflow/example_dags/tutorial_objectstorage.py for tasks to queue
[2026-06-04T07:13:31.696+0000] {logging_mixin.py:188} INFO - [2026-06-04T07:13:31.695+0000] {dagbag.py:538} INFO - Filling up the DagBag from /home/airflow/.local/lib/python3.8/site-packages/airflow/example_dags/tutorial_objectstorage.py
[2026-06-04T07:13:31.721+0000] {processor.py:840} INFO - DAG(s) 'tutorial_objectstorage' retrieved from /home/airflow/.local/lib/python3.8/site-packages/airflow/example_dags/tutorial_objectstorage.py
[2026-06-04T07:13:31.801+0000] {logging_mixin.py:188} INFO - [2026-06-04T07:13:31.800+0000] {dag.py:3033} INFO - Sync 1 DAGs
[2026-06-04T07:13:31.859+0000] {logging_mixin.py:188} INFO - [2026-06-04T07:13:31.858+0000] {dag.py:3820} INFO - Setting next_dagrun for tutorial_objectstorage to None, run_after=None
[2026-06-04T07:13:31.914+0000] {processor.py:183} INFO - Processing /home/airflow/.local/lib/python3.8/site-packages/airflow/example_dags/tutorial_objectstorage.py took 0.238 seconds
[2026-06-04T07:14:02.462+0000] {processor.py:161} INFO - Started process (PID=4166) to work on /home/airflow/.local/lib/python3.8/site-packages/airflow/example_dags/tutorial_objectstorage.py
[2026-06-04T07:14:02.465+0000] {processor.py:830} INFO - Processing file /home/airflow/.local/lib/python3.8/site-packages/airflow/example_dags/tutorial_objectstorage.py for tasks to queue
[2026-06-04T07:14:02.468+0000] {logging_mixin.py:188} INFO - [2026-06-04T07:14:02.467+0000] {dagbag.py:538} INFO - Filling up the DagBag from /home/airflow/.local/lib/python3.8/site-packages/airflow/example_dags/tutorial_objectstorage.py
[2026-06-04T07:14:02.485+0000] {processor.py:840} INFO - DAG(s) 'tutorial_objectstorage' retrieved from /home/airflow/.local/lib/python3.8/site-packages/airflow/example_dags/tutorial_objectstorage.py
[2026-06-04T07:14:02.562+0000] {logging_mixin.py:188} INFO - [2026-06-04T07:14:02.562+0000] {dag.py:3033} INFO - Sync 1 DAGs
[2026-06-04T07:14:02.614+0000] {logging_mixin.py:188} INFO - [2026-06-04T07:14:02.614+0000] {dag.py:3820} INFO - Setting next_dagrun for tutorial_objectstorage to None, run_after=None
[2026-06-04T07:14:02.659+0000] {processor.py:183} INFO - Processing /home/airflow/.local/lib/python3.8/site-packages/airflow/example_dags/tutorial_objectstorage.py took 0.210 seconds
[2026-06-04T07:14:33.020+0000] {processor.py:161} INFO - Started process (PID=4222) to work on /home/airflow/.local/lib/python3.8/site-packages/airflow/example_dags/tutorial_objectstorage.py
[2026-06-04T07:14:33.021+0000] {processor.py:830} INFO - Processing file /home/airflow/.local/lib/python3.8/site-packages/airflow/example_dags/tutorial_objectstorage.py for tasks to queue
[2026-06-04T07:14:33.023+0000] {logging_mixin.py:188} INFO - [2026-06-04T07:14:33.022+0000] {dagbag.py:538} INFO - Filling up the DagBag from /home/airflow/.local/lib/python3.8/site-packages/airflow/example_dags/tutorial_objectstorage.py
[2026-06-04T07:14:33.027+0000] {processor.py:840} INFO - DAG(s) 'tutorial_objectstorage' retrieved from /home/airflow/.local/lib/python3.8/site-packages/airflow/example_dags/tutorial_objectstorage.py
[2026-06-04T07:14:33.047+0000] {logging_mixin.py:188} INFO - [2026-06-04T07:14:33.046+0000] {dag.py:3033} INFO - Sync 1 DAGs
[2026-06-04T07:14:33.066+0000] {logging_mixin.py:188} INFO - [2026-06-04T07:14:33.066+0000] {dag.py:3820} INFO - Setting next_dagrun for tutorial_objectstorage to None, run_after=None
[2026-06-04T07:14:33.087+0000] {processor.py:183} INFO - Processing /home/airflow/.local/lib/python3.8/site-packages/airflow/example_dags/tutorial_objectstorage.py took 0.069 seconds
[2026-06-04T07:15:04.185+0000] {processor.py:161} INFO - Started process (PID=4278) to work on /home/airflow/.local/lib/python3.8/site-packages/airflow/example_dags/tutorial_objectstorage.py
[2026-06-04T07:15:04.188+0000] {processor.py:830} INFO - Processing file /home/airflow/.local/lib/python3.8/site-packages/airflow/example_dags/tutorial_objectstorage.py for tasks to queue
[2026-06-04T07:15:04.191+0000] {logging_mixin.py:188} INFO - [2026-06-04T07:15:04.191+0000] {dagbag.py:538} INFO - Filling up the DagBag from /home/airflow/.local/lib/python3.8/site-packages/airflow/example_dags/tutorial_objectstorage.py
[2026-06-04T07:15:04.202+0000] {processor.py:840} INFO - DAG(s) 'tutorial_objectstorage' retrieved from /home/airflow/.local/lib/python3.8/site-packages/airflow/example_dags/tutorial_objectstorage.py
[2026-06-04T07:15:04.214+0000] {logging_mixin.py:188} INFO - [2026-06-04T07:15:04.214+0000] {dag.py:3033} INFO - Sync 1 DAGs
[2026-06-04T07:15:04.221+0000] {logging_mixin.py:188} INFO - [2026-06-04T07:15:04.221+0000] {dag.py:3820} INFO - Setting next_dagrun for tutorial_objectstorage to None, run_after=None
[2026-06-04T07:15:04.245+0000] {processor.py:183} INFO - Processing /home/airflow/.local/lib/python3.8/site-packages/airflow/example_dags/tutorial_objectstorage.py took 0.063 seconds
[2026-06-04T07:15:35.432+0000] {processor.py:161} INFO - Started process (PID=4334) to work on /home/airflow/.local/lib/python3.8/site-packages/airflow/example_dags/tutorial_objectstorage.py
[2026-06-04T07:15:35.436+0000] {processor.py:830} INFO - Processing file /home/airflow/.local/lib/python3.8/site-packages/airflow/example_dags/tutorial_objectstorage.py for tasks to queue
[2026-06-04T07:15:35.443+0000] {logging_mixin.py:188} INFO - [2026-06-04T07:15:35.443+0000] {dagbag.py:538} INFO - Filling up the DagBag from /home/airflow/.local/lib/python3.8/site-packages/airflow/example_dags/tutorial_objectstorage.py
[2026-06-04T07:15:35.478+0000] {processor.py:840} INFO - DAG(s) 'tutorial_objectstorage' retrieved from /home/airflow/.local/lib/python3.8/site-packages/airflow/example_dags/tutorial_objectstorage.py
[2026-06-04T07:15:35.524+0000] {logging_mixin.py:188} INFO - [2026-06-04T07:15:35.524+0000] {dag.py:3033} INFO - Sync 1 DAGs
[2026-06-04T07:15:35.539+0000] {logging_mixin.py:188} INFO - [2026-06-04T07:15:35.539+0000] {dag.py:3820} INFO - Setting next_dagrun for tutorial_objectstorage to None, run_after=None
[2026-06-04T07:15:35.575+0000] {processor.py:183} INFO - Processing /home/airflow/.local/lib/python3.8/site-packages/airflow/example_dags/tutorial_objectstorage.py took 0.173 seconds
[2026-06-04T07:16:06.092+0000] {processor.py:161} INFO - Started process (PID=4390) to work on /home/airflow/.local/lib/python3.8/site-packages/airflow/example_dags/tutorial_objectstorage.py
[2026-06-04T07:16:06.093+0000] {processor.py:830} INFO - Processing file /home/airflow/.local/lib/python3.8/site-packages/airflow/example_dags/tutorial_objectstorage.py for tasks to queue
[2026-06-04T07:16:06.094+0000] {logging_mixin.py:188} INFO - [2026-06-04T07:16:06.094+0000] {dagbag.py:538} INFO - Filling up the DagBag from /home/airflow/.local/lib/python3.8/site-packages/airflow/example_dags/tutorial_objectstorage.py
[2026-06-04T07:16:06.100+0000] {processor.py:840} INFO - DAG(s) 'tutorial_objectstorage' retrieved from /home/airflow/.local/lib/python3.8/site-packages/airflow/example_dags/tutorial_objectstorage.py
[2026-06-04T07:16:06.114+0000] {logging_mixin.py:188} INFO - [2026-06-04T07:16:06.113+0000] {dag.py:3033} INFO - Sync 1 DAGs
[2026-06-04T07:16:06.121+0000] {logging_mixin.py:188} INFO - [2026-06-04T07:16:06.121+0000] {dag.py:3820} INFO - Setting next_dagrun for tutorial_objectstorage to None, run_after=None
[2026-06-04T07:16:06.136+0000] {processor.py:183} INFO - Processing /home/airflow/.local/lib/python3.8/site-packages/airflow/example_dags/tutorial_objectstorage.py took 0.045 seconds
