[2026-06-03T11:48:43.950+0000] {processor.py:161} INFO - Started process (PID=91) to work on /home/airflow/.local/lib/python3.8/site-packages/airflow/example_dags/plugins/listener_plugin.py
[2026-06-03T11:48:43.953+0000] {processor.py:830} INFO - Processing file /home/airflow/.local/lib/python3.8/site-packages/airflow/example_dags/plugins/listener_plugin.py for tasks to queue
[2026-06-03T11:48:43.959+0000] {logging_mixin.py:188} INFO - [2026-06-03T11:48:43.958+0000] {dagbag.py:538} INFO - Filling up the DagBag from /home/airflow/.local/lib/python3.8/site-packages/airflow/example_dags/plugins/listener_plugin.py
[2026-06-03T11:48:43.977+0000] {processor.py:842} WARNING - No viable dags retrieved from /home/airflow/.local/lib/python3.8/site-packages/airflow/example_dags/plugins/listener_plugin.py
[2026-06-03T11:48:44.016+0000] {processor.py:183} INFO - Processing /home/airflow/.local/lib/python3.8/site-packages/airflow/example_dags/plugins/listener_plugin.py took 0.078 seconds
[2026-06-03T11:49:14.142+0000] {processor.py:161} INFO - Started process (PID=145) to work on /home/airflow/.local/lib/python3.8/site-packages/airflow/example_dags/plugins/listener_plugin.py
[2026-06-03T11:49:14.144+0000] {processor.py:830} INFO - Processing file /home/airflow/.local/lib/python3.8/site-packages/airflow/example_dags/plugins/listener_plugin.py for tasks to queue
[2026-06-03T11:49:14.146+0000] {logging_mixin.py:188} INFO - [2026-06-03T11:49:14.146+0000] {dagbag.py:538} INFO - Filling up the DagBag from /home/airflow/.local/lib/python3.8/site-packages/airflow/example_dags/plugins/listener_plugin.py
[2026-06-03T11:49:14.150+0000] {processor.py:842} WARNING - No viable dags retrieved from /home/airflow/.local/lib/python3.8/site-packages/airflow/example_dags/plugins/listener_plugin.py
[2026-06-03T11:49:14.156+0000] {processor.py:183} INFO - Processing /home/airflow/.local/lib/python3.8/site-packages/airflow/example_dags/plugins/listener_plugin.py took 0.016 seconds
[2026-06-03T11:49:44.675+0000] {processor.py:161} INFO - Started process (PID=200) to work on /home/airflow/.local/lib/python3.8/site-packages/airflow/example_dags/plugins/listener_plugin.py
[2026-06-03T11:49:44.675+0000] {processor.py:830} INFO - Processing file /home/airflow/.local/lib/python3.8/site-packages/airflow/example_dags/plugins/listener_plugin.py for tasks to queue
[2026-06-03T11:49:44.676+0000] {logging_mixin.py:188} INFO - [2026-06-03T11:49:44.676+0000] {dagbag.py:538} INFO - Filling up the DagBag from /home/airflow/.local/lib/python3.8/site-packages/airflow/example_dags/plugins/listener_plugin.py
[2026-06-03T11:49:44.678+0000] {processor.py:842} WARNING - No viable dags retrieved from /home/airflow/.local/lib/python3.8/site-packages/airflow/example_dags/plugins/listener_plugin.py
[2026-06-03T11:49:44.684+0000] {processor.py:183} INFO - Processing /home/airflow/.local/lib/python3.8/site-packages/airflow/example_dags/plugins/listener_plugin.py took 0.011 seconds
[2026-06-03T11:50:15.710+0000] {processor.py:161} INFO - Started process (PID=255) to work on /home/airflow/.local/lib/python3.8/site-packages/airflow/example_dags/plugins/listener_plugin.py
[2026-06-03T11:50:15.710+0000] {processor.py:830} INFO - Processing file /home/airflow/.local/lib/python3.8/site-packages/airflow/example_dags/plugins/listener_plugin.py for tasks to queue
[2026-06-03T11:50:15.711+0000] {logging_mixin.py:188} INFO - [2026-06-03T11:50:15.711+0000] {dagbag.py:538} INFO - Filling up the DagBag from /home/airflow/.local/lib/python3.8/site-packages/airflow/example_dags/plugins/listener_plugin.py
[2026-06-03T11:50:15.713+0000] {processor.py:842} WARNING - No viable dags retrieved from /home/airflow/.local/lib/python3.8/site-packages/airflow/example_dags/plugins/listener_plugin.py
[2026-06-03T11:50:15.720+0000] {processor.py:183} INFO - Processing /home/airflow/.local/lib/python3.8/site-packages/airflow/example_dags/plugins/listener_plugin.py took 0.011 seconds
[2026-06-03T11:50:46.008+0000] {processor.py:161} INFO - Started process (PID=310) to work on /home/airflow/.local/lib/python3.8/site-packages/airflow/example_dags/plugins/listener_plugin.py
[2026-06-03T11:50:46.009+0000] {processor.py:830} INFO - Processing file /home/airflow/.local/lib/python3.8/site-packages/airflow/example_dags/plugins/listener_plugin.py for tasks to queue
[2026-06-03T11:50:46.012+0000] {logging_mixin.py:188} INFO - [2026-06-03T11:50:46.012+0000] {dagbag.py:538} INFO - Filling up the DagBag from /home/airflow/.local/lib/python3.8/site-packages/airflow/example_dags/plugins/listener_plugin.py
[2026-06-03T11:50:46.013+0000] {processor.py:842} WARNING - No viable dags retrieved from /home/airflow/.local/lib/python3.8/site-packages/airflow/example_dags/plugins/listener_plugin.py
[2026-06-03T11:50:46.024+0000] {processor.py:183} INFO - Processing /home/airflow/.local/lib/python3.8/site-packages/airflow/example_dags/plugins/listener_plugin.py took 0.018 seconds
[2026-06-03T11:51:16.358+0000] {processor.py:161} INFO - Started process (PID=365) to work on /home/airflow/.local/lib/python3.8/site-packages/airflow/example_dags/plugins/listener_plugin.py
[2026-06-03T11:51:16.359+0000] {processor.py:830} INFO - Processing file /home/airflow/.local/lib/python3.8/site-packages/airflow/example_dags/plugins/listener_plugin.py for tasks to queue
[2026-06-03T11:51:16.360+0000] {logging_mixin.py:188} INFO - [2026-06-03T11:51:16.359+0000] {dagbag.py:538} INFO - Filling up the DagBag from /home/airflow/.local/lib/python3.8/site-packages/airflow/example_dags/plugins/listener_plugin.py
[2026-06-03T11:51:16.361+0000] {processor.py:842} WARNING - No viable dags retrieved from /home/airflow/.local/lib/python3.8/site-packages/airflow/example_dags/plugins/listener_plugin.py
[2026-06-03T11:51:16.369+0000] {processor.py:183} INFO - Processing /home/airflow/.local/lib/python3.8/site-packages/airflow/example_dags/plugins/listener_plugin.py took 0.012 seconds
[2026-06-03T11:51:47.051+0000] {processor.py:161} INFO - Started process (PID=420) to work on /home/airflow/.local/lib/python3.8/site-packages/airflow/example_dags/plugins/listener_plugin.py
[2026-06-03T11:51:47.053+0000] {processor.py:830} INFO - Processing file /home/airflow/.local/lib/python3.8/site-packages/airflow/example_dags/plugins/listener_plugin.py for tasks to queue
[2026-06-03T11:51:47.054+0000] {logging_mixin.py:188} INFO - [2026-06-03T11:51:47.054+0000] {dagbag.py:538} INFO - Filling up the DagBag from /home/airflow/.local/lib/python3.8/site-packages/airflow/example_dags/plugins/listener_plugin.py
[2026-06-03T11:51:47.058+0000] {processor.py:842} WARNING - No viable dags retrieved from /home/airflow/.local/lib/python3.8/site-packages/airflow/example_dags/plugins/listener_plugin.py
[2026-06-03T11:51:47.069+0000] {processor.py:183} INFO - Processing /home/airflow/.local/lib/python3.8/site-packages/airflow/example_dags/plugins/listener_plugin.py took 0.019 seconds
[2026-06-03T11:52:17.204+0000] {processor.py:161} INFO - Started process (PID=475) to work on /home/airflow/.local/lib/python3.8/site-packages/airflow/example_dags/plugins/listener_plugin.py
[2026-06-03T11:52:17.205+0000] {processor.py:830} INFO - Processing file /home/airflow/.local/lib/python3.8/site-packages/airflow/example_dags/plugins/listener_plugin.py for tasks to queue
[2026-06-03T11:52:17.206+0000] {logging_mixin.py:188} INFO - [2026-06-03T11:52:17.206+0000] {dagbag.py:538} INFO - Filling up the DagBag from /home/airflow/.local/lib/python3.8/site-packages/airflow/example_dags/plugins/listener_plugin.py
[2026-06-03T11:52:17.207+0000] {processor.py:842} WARNING - No viable dags retrieved from /home/airflow/.local/lib/python3.8/site-packages/airflow/example_dags/plugins/listener_plugin.py
[2026-06-03T11:52:17.219+0000] {processor.py:183} INFO - Processing /home/airflow/.local/lib/python3.8/site-packages/airflow/example_dags/plugins/listener_plugin.py took 0.017 seconds
[2026-06-03T11:52:47.676+0000] {processor.py:161} INFO - Started process (PID=530) to work on /home/airflow/.local/lib/python3.8/site-packages/airflow/example_dags/plugins/listener_plugin.py
[2026-06-03T11:52:47.676+0000] {processor.py:830} INFO - Processing file /home/airflow/.local/lib/python3.8/site-packages/airflow/example_dags/plugins/listener_plugin.py for tasks to queue
[2026-06-03T11:52:47.677+0000] {logging_mixin.py:188} INFO - [2026-06-03T11:52:47.677+0000] {dagbag.py:538} INFO - Filling up the DagBag from /home/airflow/.local/lib/python3.8/site-packages/airflow/example_dags/plugins/listener_plugin.py
[2026-06-03T11:52:47.679+0000] {processor.py:842} WARNING - No viable dags retrieved from /home/airflow/.local/lib/python3.8/site-packages/airflow/example_dags/plugins/listener_plugin.py
[2026-06-03T11:52:47.689+0000] {processor.py:183} INFO - Processing /home/airflow/.local/lib/python3.8/site-packages/airflow/example_dags/plugins/listener_plugin.py took 0.015 seconds
[2026-06-03T11:53:18.125+0000] {processor.py:161} INFO - Started process (PID=585) to work on /home/airflow/.local/lib/python3.8/site-packages/airflow/example_dags/plugins/listener_plugin.py
[2026-06-03T11:53:18.126+0000] {processor.py:830} INFO - Processing file /home/airflow/.local/lib/python3.8/site-packages/airflow/example_dags/plugins/listener_plugin.py for tasks to queue
[2026-06-03T11:53:18.127+0000] {logging_mixin.py:188} INFO - [2026-06-03T11:53:18.127+0000] {dagbag.py:538} INFO - Filling up the DagBag from /home/airflow/.local/lib/python3.8/site-packages/airflow/example_dags/plugins/listener_plugin.py
[2026-06-03T11:53:18.128+0000] {processor.py:842} WARNING - No viable dags retrieved from /home/airflow/.local/lib/python3.8/site-packages/airflow/example_dags/plugins/listener_plugin.py
[2026-06-03T11:53:18.135+0000] {processor.py:183} INFO - Processing /home/airflow/.local/lib/python3.8/site-packages/airflow/example_dags/plugins/listener_plugin.py took 0.011 seconds
[2026-06-03T11:53:48.763+0000] {processor.py:161} INFO - Started process (PID=640) to work on /home/airflow/.local/lib/python3.8/site-packages/airflow/example_dags/plugins/listener_plugin.py
[2026-06-03T11:53:48.765+0000] {processor.py:830} INFO - Processing file /home/airflow/.local/lib/python3.8/site-packages/airflow/example_dags/plugins/listener_plugin.py for tasks to queue
[2026-06-03T11:53:48.766+0000] {logging_mixin.py:188} INFO - [2026-06-03T11:53:48.766+0000] {dagbag.py:538} INFO - Filling up the DagBag from /home/airflow/.local/lib/python3.8/site-packages/airflow/example_dags/plugins/listener_plugin.py
[2026-06-03T11:53:48.767+0000] {processor.py:842} WARNING - No viable dags retrieved from /home/airflow/.local/lib/python3.8/site-packages/airflow/example_dags/plugins/listener_plugin.py
[2026-06-03T11:53:48.773+0000] {processor.py:183} INFO - Processing /home/airflow/.local/lib/python3.8/site-packages/airflow/example_dags/plugins/listener_plugin.py took 0.011 seconds
[2026-06-03T11:54:20.063+0000] {processor.py:161} INFO - Started process (PID=695) to work on /home/airflow/.local/lib/python3.8/site-packages/airflow/example_dags/plugins/listener_plugin.py
[2026-06-03T11:54:20.064+0000] {processor.py:830} INFO - Processing file /home/airflow/.local/lib/python3.8/site-packages/airflow/example_dags/plugins/listener_plugin.py for tasks to queue
[2026-06-03T11:54:20.067+0000] {logging_mixin.py:188} INFO - [2026-06-03T11:54:20.067+0000] {dagbag.py:538} INFO - Filling up the DagBag from /home/airflow/.local/lib/python3.8/site-packages/airflow/example_dags/plugins/listener_plugin.py
[2026-06-03T11:54:20.071+0000] {processor.py:842} WARNING - No viable dags retrieved from /home/airflow/.local/lib/python3.8/site-packages/airflow/example_dags/plugins/listener_plugin.py
[2026-06-03T11:54:20.083+0000] {processor.py:183} INFO - Processing /home/airflow/.local/lib/python3.8/site-packages/airflow/example_dags/plugins/listener_plugin.py took 0.022 seconds
[2026-06-03T11:54:50.976+0000] {processor.py:161} INFO - Started process (PID=750) to work on /home/airflow/.local/lib/python3.8/site-packages/airflow/example_dags/plugins/listener_plugin.py
[2026-06-03T11:54:50.977+0000] {processor.py:830} INFO - Processing file /home/airflow/.local/lib/python3.8/site-packages/airflow/example_dags/plugins/listener_plugin.py for tasks to queue
[2026-06-03T11:54:50.978+0000] {logging_mixin.py:188} INFO - [2026-06-03T11:54:50.978+0000] {dagbag.py:538} INFO - Filling up the DagBag from /home/airflow/.local/lib/python3.8/site-packages/airflow/example_dags/plugins/listener_plugin.py
[2026-06-03T11:54:50.980+0000] {processor.py:842} WARNING - No viable dags retrieved from /home/airflow/.local/lib/python3.8/site-packages/airflow/example_dags/plugins/listener_plugin.py
[2026-06-03T11:54:50.987+0000] {processor.py:183} INFO - Processing /home/airflow/.local/lib/python3.8/site-packages/airflow/example_dags/plugins/listener_plugin.py took 0.012 seconds
[2026-06-03T11:55:21.283+0000] {processor.py:161} INFO - Started process (PID=805) to work on /home/airflow/.local/lib/python3.8/site-packages/airflow/example_dags/plugins/listener_plugin.py
[2026-06-03T11:55:21.283+0000] {processor.py:830} INFO - Processing file /home/airflow/.local/lib/python3.8/site-packages/airflow/example_dags/plugins/listener_plugin.py for tasks to queue
[2026-06-03T11:55:21.284+0000] {logging_mixin.py:188} INFO - [2026-06-03T11:55:21.284+0000] {dagbag.py:538} INFO - Filling up the DagBag from /home/airflow/.local/lib/python3.8/site-packages/airflow/example_dags/plugins/listener_plugin.py
[2026-06-03T11:55:21.285+0000] {processor.py:842} WARNING - No viable dags retrieved from /home/airflow/.local/lib/python3.8/site-packages/airflow/example_dags/plugins/listener_plugin.py
[2026-06-03T11:55:21.292+0000] {processor.py:183} INFO - Processing /home/airflow/.local/lib/python3.8/site-packages/airflow/example_dags/plugins/listener_plugin.py took 0.010 seconds
[2026-06-03T11:55:52.348+0000] {processor.py:161} INFO - Started process (PID=860) to work on /home/airflow/.local/lib/python3.8/site-packages/airflow/example_dags/plugins/listener_plugin.py
[2026-06-03T11:55:52.350+0000] {processor.py:830} INFO - Processing file /home/airflow/.local/lib/python3.8/site-packages/airflow/example_dags/plugins/listener_plugin.py for tasks to queue
[2026-06-03T11:55:52.352+0000] {logging_mixin.py:188} INFO - [2026-06-03T11:55:52.352+0000] {dagbag.py:538} INFO - Filling up the DagBag from /home/airflow/.local/lib/python3.8/site-packages/airflow/example_dags/plugins/listener_plugin.py
[2026-06-03T11:55:52.356+0000] {processor.py:842} WARNING - No viable dags retrieved from /home/airflow/.local/lib/python3.8/site-packages/airflow/example_dags/plugins/listener_plugin.py
[2026-06-03T11:55:52.368+0000] {processor.py:183} INFO - Processing /home/airflow/.local/lib/python3.8/site-packages/airflow/example_dags/plugins/listener_plugin.py took 0.025 seconds
[2026-06-03T11:56:22.610+0000] {processor.py:161} INFO - Started process (PID=915) to work on /home/airflow/.local/lib/python3.8/site-packages/airflow/example_dags/plugins/listener_plugin.py
[2026-06-03T11:56:22.611+0000] {processor.py:830} INFO - Processing file /home/airflow/.local/lib/python3.8/site-packages/airflow/example_dags/plugins/listener_plugin.py for tasks to queue
[2026-06-03T11:56:22.612+0000] {logging_mixin.py:188} INFO - [2026-06-03T11:56:22.612+0000] {dagbag.py:538} INFO - Filling up the DagBag from /home/airflow/.local/lib/python3.8/site-packages/airflow/example_dags/plugins/listener_plugin.py
[2026-06-03T11:56:22.615+0000] {processor.py:842} WARNING - No viable dags retrieved from /home/airflow/.local/lib/python3.8/site-packages/airflow/example_dags/plugins/listener_plugin.py
[2026-06-03T11:56:22.627+0000] {processor.py:183} INFO - Processing /home/airflow/.local/lib/python3.8/site-packages/airflow/example_dags/plugins/listener_plugin.py took 0.019 seconds
[2026-06-03T11:56:53.042+0000] {processor.py:161} INFO - Started process (PID=970) to work on /home/airflow/.local/lib/python3.8/site-packages/airflow/example_dags/plugins/listener_plugin.py
[2026-06-03T11:56:53.043+0000] {processor.py:830} INFO - Processing file /home/airflow/.local/lib/python3.8/site-packages/airflow/example_dags/plugins/listener_plugin.py for tasks to queue
[2026-06-03T11:56:53.045+0000] {logging_mixin.py:188} INFO - [2026-06-03T11:56:53.044+0000] {dagbag.py:538} INFO - Filling up the DagBag from /home/airflow/.local/lib/python3.8/site-packages/airflow/example_dags/plugins/listener_plugin.py
[2026-06-03T11:56:53.048+0000] {processor.py:842} WARNING - No viable dags retrieved from /home/airflow/.local/lib/python3.8/site-packages/airflow/example_dags/plugins/listener_plugin.py
[2026-06-03T11:56:53.055+0000] {processor.py:183} INFO - Processing /home/airflow/.local/lib/python3.8/site-packages/airflow/example_dags/plugins/listener_plugin.py took 0.015 seconds
[2026-06-03T11:57:23.963+0000] {processor.py:161} INFO - Started process (PID=1025) to work on /home/airflow/.local/lib/python3.8/site-packages/airflow/example_dags/plugins/listener_plugin.py
[2026-06-03T11:57:23.964+0000] {processor.py:830} INFO - Processing file /home/airflow/.local/lib/python3.8/site-packages/airflow/example_dags/plugins/listener_plugin.py for tasks to queue
[2026-06-03T11:57:23.966+0000] {logging_mixin.py:188} INFO - [2026-06-03T11:57:23.966+0000] {dagbag.py:538} INFO - Filling up the DagBag from /home/airflow/.local/lib/python3.8/site-packages/airflow/example_dags/plugins/listener_plugin.py
[2026-06-03T11:57:23.967+0000] {processor.py:842} WARNING - No viable dags retrieved from /home/airflow/.local/lib/python3.8/site-packages/airflow/example_dags/plugins/listener_plugin.py
[2026-06-03T11:57:23.973+0000] {processor.py:183} INFO - Processing /home/airflow/.local/lib/python3.8/site-packages/airflow/example_dags/plugins/listener_plugin.py took 0.013 seconds
[2026-06-03T11:57:54.365+0000] {processor.py:161} INFO - Started process (PID=1080) to work on /home/airflow/.local/lib/python3.8/site-packages/airflow/example_dags/plugins/listener_plugin.py
[2026-06-03T11:57:54.366+0000] {processor.py:830} INFO - Processing file /home/airflow/.local/lib/python3.8/site-packages/airflow/example_dags/plugins/listener_plugin.py for tasks to queue
[2026-06-03T11:57:54.371+0000] {logging_mixin.py:188} INFO - [2026-06-03T11:57:54.371+0000] {dagbag.py:538} INFO - Filling up the DagBag from /home/airflow/.local/lib/python3.8/site-packages/airflow/example_dags/plugins/listener_plugin.py
[2026-06-03T11:57:54.372+0000] {processor.py:842} WARNING - No viable dags retrieved from /home/airflow/.local/lib/python3.8/site-packages/airflow/example_dags/plugins/listener_plugin.py
[2026-06-03T11:57:54.380+0000] {processor.py:183} INFO - Processing /home/airflow/.local/lib/python3.8/site-packages/airflow/example_dags/plugins/listener_plugin.py took 0.019 seconds
[2026-06-03T11:58:25.281+0000] {processor.py:161} INFO - Started process (PID=1135) to work on /home/airflow/.local/lib/python3.8/site-packages/airflow/example_dags/plugins/listener_plugin.py
[2026-06-03T11:58:25.282+0000] {processor.py:830} INFO - Processing file /home/airflow/.local/lib/python3.8/site-packages/airflow/example_dags/plugins/listener_plugin.py for tasks to queue
[2026-06-03T11:58:25.284+0000] {logging_mixin.py:188} INFO - [2026-06-03T11:58:25.284+0000] {dagbag.py:538} INFO - Filling up the DagBag from /home/airflow/.local/lib/python3.8/site-packages/airflow/example_dags/plugins/listener_plugin.py
[2026-06-03T11:58:25.286+0000] {processor.py:842} WARNING - No viable dags retrieved from /home/airflow/.local/lib/python3.8/site-packages/airflow/example_dags/plugins/listener_plugin.py
[2026-06-03T11:58:25.293+0000] {processor.py:183} INFO - Processing /home/airflow/.local/lib/python3.8/site-packages/airflow/example_dags/plugins/listener_plugin.py took 0.013 seconds
[2026-06-03T11:58:56.225+0000] {processor.py:161} INFO - Started process (PID=1191) to work on /home/airflow/.local/lib/python3.8/site-packages/airflow/example_dags/plugins/listener_plugin.py
[2026-06-03T11:58:56.226+0000] {processor.py:830} INFO - Processing file /home/airflow/.local/lib/python3.8/site-packages/airflow/example_dags/plugins/listener_plugin.py for tasks to queue
[2026-06-03T11:58:56.227+0000] {logging_mixin.py:188} INFO - [2026-06-03T11:58:56.227+0000] {dagbag.py:538} INFO - Filling up the DagBag from /home/airflow/.local/lib/python3.8/site-packages/airflow/example_dags/plugins/listener_plugin.py
[2026-06-03T11:58:56.228+0000] {processor.py:842} WARNING - No viable dags retrieved from /home/airflow/.local/lib/python3.8/site-packages/airflow/example_dags/plugins/listener_plugin.py
[2026-06-03T11:58:56.237+0000] {processor.py:183} INFO - Processing /home/airflow/.local/lib/python3.8/site-packages/airflow/example_dags/plugins/listener_plugin.py took 0.014 seconds
[2026-06-03T11:59:26.573+0000] {processor.py:161} INFO - Started process (PID=1247) to work on /home/airflow/.local/lib/python3.8/site-packages/airflow/example_dags/plugins/listener_plugin.py
[2026-06-03T11:59:26.573+0000] {processor.py:830} INFO - Processing file /home/airflow/.local/lib/python3.8/site-packages/airflow/example_dags/plugins/listener_plugin.py for tasks to queue
[2026-06-03T11:59:26.574+0000] {logging_mixin.py:188} INFO - [2026-06-03T11:59:26.574+0000] {dagbag.py:538} INFO - Filling up the DagBag from /home/airflow/.local/lib/python3.8/site-packages/airflow/example_dags/plugins/listener_plugin.py
[2026-06-03T11:59:26.576+0000] {processor.py:842} WARNING - No viable dags retrieved from /home/airflow/.local/lib/python3.8/site-packages/airflow/example_dags/plugins/listener_plugin.py
[2026-06-03T11:59:26.585+0000] {processor.py:183} INFO - Processing /home/airflow/.local/lib/python3.8/site-packages/airflow/example_dags/plugins/listener_plugin.py took 0.013 seconds
[2026-06-03T11:59:56.760+0000] {processor.py:161} INFO - Started process (PID=1303) to work on /home/airflow/.local/lib/python3.8/site-packages/airflow/example_dags/plugins/listener_plugin.py
[2026-06-03T11:59:56.762+0000] {processor.py:830} INFO - Processing file /home/airflow/.local/lib/python3.8/site-packages/airflow/example_dags/plugins/listener_plugin.py for tasks to queue
[2026-06-03T11:59:56.763+0000] {logging_mixin.py:188} INFO - [2026-06-03T11:59:56.762+0000] {dagbag.py:538} INFO - Filling up the DagBag from /home/airflow/.local/lib/python3.8/site-packages/airflow/example_dags/plugins/listener_plugin.py
[2026-06-03T11:59:56.764+0000] {processor.py:842} WARNING - No viable dags retrieved from /home/airflow/.local/lib/python3.8/site-packages/airflow/example_dags/plugins/listener_plugin.py
[2026-06-03T11:59:56.778+0000] {processor.py:183} INFO - Processing /home/airflow/.local/lib/python3.8/site-packages/airflow/example_dags/plugins/listener_plugin.py took 0.019 seconds
[2026-06-03T12:00:26.919+0000] {processor.py:161} INFO - Started process (PID=1358) to work on /home/airflow/.local/lib/python3.8/site-packages/airflow/example_dags/plugins/listener_plugin.py
[2026-06-03T12:00:26.923+0000] {processor.py:830} INFO - Processing file /home/airflow/.local/lib/python3.8/site-packages/airflow/example_dags/plugins/listener_plugin.py for tasks to queue
[2026-06-03T12:00:26.925+0000] {logging_mixin.py:188} INFO - [2026-06-03T12:00:26.925+0000] {dagbag.py:538} INFO - Filling up the DagBag from /home/airflow/.local/lib/python3.8/site-packages/airflow/example_dags/plugins/listener_plugin.py
[2026-06-03T12:00:26.927+0000] {processor.py:842} WARNING - No viable dags retrieved from /home/airflow/.local/lib/python3.8/site-packages/airflow/example_dags/plugins/listener_plugin.py
[2026-06-03T12:00:26.937+0000] {processor.py:183} INFO - Processing /home/airflow/.local/lib/python3.8/site-packages/airflow/example_dags/plugins/listener_plugin.py took 0.020 seconds
[2026-06-03T12:00:57.599+0000] {processor.py:161} INFO - Started process (PID=1414) to work on /home/airflow/.local/lib/python3.8/site-packages/airflow/example_dags/plugins/listener_plugin.py
[2026-06-03T12:00:57.601+0000] {processor.py:830} INFO - Processing file /home/airflow/.local/lib/python3.8/site-packages/airflow/example_dags/plugins/listener_plugin.py for tasks to queue
[2026-06-03T12:00:57.603+0000] {logging_mixin.py:188} INFO - [2026-06-03T12:00:57.603+0000] {dagbag.py:538} INFO - Filling up the DagBag from /home/airflow/.local/lib/python3.8/site-packages/airflow/example_dags/plugins/listener_plugin.py
[2026-06-03T12:00:57.606+0000] {processor.py:842} WARNING - No viable dags retrieved from /home/airflow/.local/lib/python3.8/site-packages/airflow/example_dags/plugins/listener_plugin.py
[2026-06-03T12:00:57.616+0000] {processor.py:183} INFO - Processing /home/airflow/.local/lib/python3.8/site-packages/airflow/example_dags/plugins/listener_plugin.py took 0.020 seconds
[2026-06-03T12:01:28.677+0000] {processor.py:161} INFO - Started process (PID=1470) to work on /home/airflow/.local/lib/python3.8/site-packages/airflow/example_dags/plugins/listener_plugin.py
[2026-06-03T12:01:28.678+0000] {processor.py:830} INFO - Processing file /home/airflow/.local/lib/python3.8/site-packages/airflow/example_dags/plugins/listener_plugin.py for tasks to queue
[2026-06-03T12:01:28.680+0000] {logging_mixin.py:188} INFO - [2026-06-03T12:01:28.680+0000] {dagbag.py:538} INFO - Filling up the DagBag from /home/airflow/.local/lib/python3.8/site-packages/airflow/example_dags/plugins/listener_plugin.py
[2026-06-03T12:01:28.683+0000] {processor.py:842} WARNING - No viable dags retrieved from /home/airflow/.local/lib/python3.8/site-packages/airflow/example_dags/plugins/listener_plugin.py
[2026-06-03T12:01:28.694+0000] {processor.py:183} INFO - Processing /home/airflow/.local/lib/python3.8/site-packages/airflow/example_dags/plugins/listener_plugin.py took 0.020 seconds
[2026-06-03T12:01:58.736+0000] {processor.py:161} INFO - Started process (PID=1526) to work on /home/airflow/.local/lib/python3.8/site-packages/airflow/example_dags/plugins/listener_plugin.py
[2026-06-03T12:01:58.737+0000] {processor.py:830} INFO - Processing file /home/airflow/.local/lib/python3.8/site-packages/airflow/example_dags/plugins/listener_plugin.py for tasks to queue
[2026-06-03T12:01:58.737+0000] {logging_mixin.py:188} INFO - [2026-06-03T12:01:58.737+0000] {dagbag.py:538} INFO - Filling up the DagBag from /home/airflow/.local/lib/python3.8/site-packages/airflow/example_dags/plugins/listener_plugin.py
[2026-06-03T12:01:58.741+0000] {processor.py:842} WARNING - No viable dags retrieved from /home/airflow/.local/lib/python3.8/site-packages/airflow/example_dags/plugins/listener_plugin.py
[2026-06-03T12:01:58.752+0000] {processor.py:183} INFO - Processing /home/airflow/.local/lib/python3.8/site-packages/airflow/example_dags/plugins/listener_plugin.py took 0.017 seconds
[2026-06-03T12:02:29.744+0000] {processor.py:161} INFO - Started process (PID=1582) to work on /home/airflow/.local/lib/python3.8/site-packages/airflow/example_dags/plugins/listener_plugin.py
[2026-06-03T12:02:29.746+0000] {processor.py:830} INFO - Processing file /home/airflow/.local/lib/python3.8/site-packages/airflow/example_dags/plugins/listener_plugin.py for tasks to queue
[2026-06-03T12:02:29.748+0000] {logging_mixin.py:188} INFO - [2026-06-03T12:02:29.747+0000] {dagbag.py:538} INFO - Filling up the DagBag from /home/airflow/.local/lib/python3.8/site-packages/airflow/example_dags/plugins/listener_plugin.py
[2026-06-03T12:02:29.750+0000] {processor.py:842} WARNING - No viable dags retrieved from /home/airflow/.local/lib/python3.8/site-packages/airflow/example_dags/plugins/listener_plugin.py
[2026-06-03T12:02:29.760+0000] {processor.py:183} INFO - Processing /home/airflow/.local/lib/python3.8/site-packages/airflow/example_dags/plugins/listener_plugin.py took 0.017 seconds
[2026-06-03T12:02:59.984+0000] {processor.py:161} INFO - Started process (PID=1638) to work on /home/airflow/.local/lib/python3.8/site-packages/airflow/example_dags/plugins/listener_plugin.py
[2026-06-03T12:02:59.986+0000] {processor.py:830} INFO - Processing file /home/airflow/.local/lib/python3.8/site-packages/airflow/example_dags/plugins/listener_plugin.py for tasks to queue
[2026-06-03T12:02:59.988+0000] {logging_mixin.py:188} INFO - [2026-06-03T12:02:59.988+0000] {dagbag.py:538} INFO - Filling up the DagBag from /home/airflow/.local/lib/python3.8/site-packages/airflow/example_dags/plugins/listener_plugin.py
[2026-06-03T12:02:59.990+0000] {processor.py:842} WARNING - No viable dags retrieved from /home/airflow/.local/lib/python3.8/site-packages/airflow/example_dags/plugins/listener_plugin.py
[2026-06-03T12:02:59.999+0000] {processor.py:183} INFO - Processing /home/airflow/.local/lib/python3.8/site-packages/airflow/example_dags/plugins/listener_plugin.py took 0.017 seconds
[2026-06-03T12:03:30.312+0000] {processor.py:161} INFO - Started process (PID=1694) to work on /home/airflow/.local/lib/python3.8/site-packages/airflow/example_dags/plugins/listener_plugin.py
[2026-06-03T12:03:30.312+0000] {processor.py:830} INFO - Processing file /home/airflow/.local/lib/python3.8/site-packages/airflow/example_dags/plugins/listener_plugin.py for tasks to queue
[2026-06-03T12:03:30.314+0000] {logging_mixin.py:188} INFO - [2026-06-03T12:03:30.313+0000] {dagbag.py:538} INFO - Filling up the DagBag from /home/airflow/.local/lib/python3.8/site-packages/airflow/example_dags/plugins/listener_plugin.py
[2026-06-03T12:03:30.316+0000] {processor.py:842} WARNING - No viable dags retrieved from /home/airflow/.local/lib/python3.8/site-packages/airflow/example_dags/plugins/listener_plugin.py
[2026-06-03T12:03:30.327+0000] {processor.py:183} INFO - Processing /home/airflow/.local/lib/python3.8/site-packages/airflow/example_dags/plugins/listener_plugin.py took 0.017 seconds
[2026-06-03T12:04:00.882+0000] {processor.py:161} INFO - Started process (PID=1750) to work on /home/airflow/.local/lib/python3.8/site-packages/airflow/example_dags/plugins/listener_plugin.py
[2026-06-03T12:04:00.883+0000] {processor.py:830} INFO - Processing file /home/airflow/.local/lib/python3.8/site-packages/airflow/example_dags/plugins/listener_plugin.py for tasks to queue
[2026-06-03T12:04:00.884+0000] {logging_mixin.py:188} INFO - [2026-06-03T12:04:00.883+0000] {dagbag.py:538} INFO - Filling up the DagBag from /home/airflow/.local/lib/python3.8/site-packages/airflow/example_dags/plugins/listener_plugin.py
[2026-06-03T12:04:00.885+0000] {processor.py:842} WARNING - No viable dags retrieved from /home/airflow/.local/lib/python3.8/site-packages/airflow/example_dags/plugins/listener_plugin.py
[2026-06-03T12:04:00.892+0000] {processor.py:183} INFO - Processing /home/airflow/.local/lib/python3.8/site-packages/airflow/example_dags/plugins/listener_plugin.py took 0.012 seconds
[2026-06-03T12:04:31.418+0000] {processor.py:161} INFO - Started process (PID=1806) to work on /home/airflow/.local/lib/python3.8/site-packages/airflow/example_dags/plugins/listener_plugin.py
[2026-06-03T12:04:31.420+0000] {processor.py:830} INFO - Processing file /home/airflow/.local/lib/python3.8/site-packages/airflow/example_dags/plugins/listener_plugin.py for tasks to queue
[2026-06-03T12:04:31.421+0000] {logging_mixin.py:188} INFO - [2026-06-03T12:04:31.421+0000] {dagbag.py:538} INFO - Filling up the DagBag from /home/airflow/.local/lib/python3.8/site-packages/airflow/example_dags/plugins/listener_plugin.py
[2026-06-03T12:04:31.423+0000] {processor.py:842} WARNING - No viable dags retrieved from /home/airflow/.local/lib/python3.8/site-packages/airflow/example_dags/plugins/listener_plugin.py
[2026-06-03T12:04:31.431+0000] {processor.py:183} INFO - Processing /home/airflow/.local/lib/python3.8/site-packages/airflow/example_dags/plugins/listener_plugin.py took 0.014 seconds
[2026-06-03T12:05:01.814+0000] {processor.py:161} INFO - Started process (PID=1861) to work on /home/airflow/.local/lib/python3.8/site-packages/airflow/example_dags/plugins/listener_plugin.py
[2026-06-03T12:05:01.815+0000] {processor.py:830} INFO - Processing file /home/airflow/.local/lib/python3.8/site-packages/airflow/example_dags/plugins/listener_plugin.py for tasks to queue
[2026-06-03T12:05:01.816+0000] {logging_mixin.py:188} INFO - [2026-06-03T12:05:01.816+0000] {dagbag.py:538} INFO - Filling up the DagBag from /home/airflow/.local/lib/python3.8/site-packages/airflow/example_dags/plugins/listener_plugin.py
[2026-06-03T12:05:01.820+0000] {processor.py:842} WARNING - No viable dags retrieved from /home/airflow/.local/lib/python3.8/site-packages/airflow/example_dags/plugins/listener_plugin.py
[2026-06-03T12:05:01.837+0000] {processor.py:183} INFO - Processing /home/airflow/.local/lib/python3.8/site-packages/airflow/example_dags/plugins/listener_plugin.py took 0.024 seconds
[2026-06-03T12:05:32.240+0000] {processor.py:161} INFO - Started process (PID=1918) to work on /home/airflow/.local/lib/python3.8/site-packages/airflow/example_dags/plugins/listener_plugin.py
[2026-06-03T12:05:32.240+0000] {processor.py:830} INFO - Processing file /home/airflow/.local/lib/python3.8/site-packages/airflow/example_dags/plugins/listener_plugin.py for tasks to queue
[2026-06-03T12:05:32.242+0000] {logging_mixin.py:188} INFO - [2026-06-03T12:05:32.242+0000] {dagbag.py:538} INFO - Filling up the DagBag from /home/airflow/.local/lib/python3.8/site-packages/airflow/example_dags/plugins/listener_plugin.py
[2026-06-03T12:05:32.243+0000] {processor.py:842} WARNING - No viable dags retrieved from /home/airflow/.local/lib/python3.8/site-packages/airflow/example_dags/plugins/listener_plugin.py
[2026-06-03T12:05:32.254+0000] {processor.py:183} INFO - Processing /home/airflow/.local/lib/python3.8/site-packages/airflow/example_dags/plugins/listener_plugin.py took 0.016 seconds
[2026-06-03T12:06:02.699+0000] {processor.py:161} INFO - Started process (PID=1974) to work on /home/airflow/.local/lib/python3.8/site-packages/airflow/example_dags/plugins/listener_plugin.py
[2026-06-03T12:06:02.699+0000] {processor.py:830} INFO - Processing file /home/airflow/.local/lib/python3.8/site-packages/airflow/example_dags/plugins/listener_plugin.py for tasks to queue
[2026-06-03T12:06:02.700+0000] {logging_mixin.py:188} INFO - [2026-06-03T12:06:02.700+0000] {dagbag.py:538} INFO - Filling up the DagBag from /home/airflow/.local/lib/python3.8/site-packages/airflow/example_dags/plugins/listener_plugin.py
[2026-06-03T12:06:02.701+0000] {processor.py:842} WARNING - No viable dags retrieved from /home/airflow/.local/lib/python3.8/site-packages/airflow/example_dags/plugins/listener_plugin.py
[2026-06-03T12:06:02.709+0000] {processor.py:183} INFO - Processing /home/airflow/.local/lib/python3.8/site-packages/airflow/example_dags/plugins/listener_plugin.py took 0.011 seconds
[2026-06-03T12:06:33.731+0000] {processor.py:161} INFO - Started process (PID=2030) to work on /home/airflow/.local/lib/python3.8/site-packages/airflow/example_dags/plugins/listener_plugin.py
[2026-06-03T12:06:33.732+0000] {processor.py:830} INFO - Processing file /home/airflow/.local/lib/python3.8/site-packages/airflow/example_dags/plugins/listener_plugin.py for tasks to queue
[2026-06-03T12:06:33.733+0000] {logging_mixin.py:188} INFO - [2026-06-03T12:06:33.733+0000] {dagbag.py:538} INFO - Filling up the DagBag from /home/airflow/.local/lib/python3.8/site-packages/airflow/example_dags/plugins/listener_plugin.py
[2026-06-03T12:06:33.736+0000] {processor.py:842} WARNING - No viable dags retrieved from /home/airflow/.local/lib/python3.8/site-packages/airflow/example_dags/plugins/listener_plugin.py
[2026-06-03T12:06:33.746+0000] {processor.py:183} INFO - Processing /home/airflow/.local/lib/python3.8/site-packages/airflow/example_dags/plugins/listener_plugin.py took 0.017 seconds
[2026-06-03T12:07:04.407+0000] {processor.py:161} INFO - Started process (PID=2086) to work on /home/airflow/.local/lib/python3.8/site-packages/airflow/example_dags/plugins/listener_plugin.py
[2026-06-03T12:07:04.407+0000] {processor.py:830} INFO - Processing file /home/airflow/.local/lib/python3.8/site-packages/airflow/example_dags/plugins/listener_plugin.py for tasks to queue
[2026-06-03T12:07:04.409+0000] {logging_mixin.py:188} INFO - [2026-06-03T12:07:04.409+0000] {dagbag.py:538} INFO - Filling up the DagBag from /home/airflow/.local/lib/python3.8/site-packages/airflow/example_dags/plugins/listener_plugin.py
[2026-06-03T12:07:04.410+0000] {processor.py:842} WARNING - No viable dags retrieved from /home/airflow/.local/lib/python3.8/site-packages/airflow/example_dags/plugins/listener_plugin.py
[2026-06-03T12:07:04.419+0000] {processor.py:183} INFO - Processing /home/airflow/.local/lib/python3.8/site-packages/airflow/example_dags/plugins/listener_plugin.py took 0.014 seconds
[2026-06-03T12:07:35.426+0000] {processor.py:161} INFO - Started process (PID=2142) to work on /home/airflow/.local/lib/python3.8/site-packages/airflow/example_dags/plugins/listener_plugin.py
[2026-06-03T12:07:35.427+0000] {processor.py:830} INFO - Processing file /home/airflow/.local/lib/python3.8/site-packages/airflow/example_dags/plugins/listener_plugin.py for tasks to queue
[2026-06-03T12:07:35.428+0000] {logging_mixin.py:188} INFO - [2026-06-03T12:07:35.428+0000] {dagbag.py:538} INFO - Filling up the DagBag from /home/airflow/.local/lib/python3.8/site-packages/airflow/example_dags/plugins/listener_plugin.py
[2026-06-03T12:07:35.430+0000] {processor.py:842} WARNING - No viable dags retrieved from /home/airflow/.local/lib/python3.8/site-packages/airflow/example_dags/plugins/listener_plugin.py
[2026-06-03T12:07:35.437+0000] {processor.py:183} INFO - Processing /home/airflow/.local/lib/python3.8/site-packages/airflow/example_dags/plugins/listener_plugin.py took 0.012 seconds
[2026-06-03T12:08:06.382+0000] {processor.py:161} INFO - Started process (PID=2198) to work on /home/airflow/.local/lib/python3.8/site-packages/airflow/example_dags/plugins/listener_plugin.py
[2026-06-03T12:08:06.383+0000] {processor.py:830} INFO - Processing file /home/airflow/.local/lib/python3.8/site-packages/airflow/example_dags/plugins/listener_plugin.py for tasks to queue
[2026-06-03T12:08:06.384+0000] {logging_mixin.py:188} INFO - [2026-06-03T12:08:06.384+0000] {dagbag.py:538} INFO - Filling up the DagBag from /home/airflow/.local/lib/python3.8/site-packages/airflow/example_dags/plugins/listener_plugin.py
[2026-06-03T12:08:06.385+0000] {processor.py:842} WARNING - No viable dags retrieved from /home/airflow/.local/lib/python3.8/site-packages/airflow/example_dags/plugins/listener_plugin.py
[2026-06-03T12:08:06.486+0000] {processor.py:183} INFO - Processing /home/airflow/.local/lib/python3.8/site-packages/airflow/example_dags/plugins/listener_plugin.py took 0.105 seconds
[2026-06-03T12:08:36.760+0000] {processor.py:161} INFO - Started process (PID=2254) to work on /home/airflow/.local/lib/python3.8/site-packages/airflow/example_dags/plugins/listener_plugin.py
[2026-06-03T12:08:36.760+0000] {processor.py:830} INFO - Processing file /home/airflow/.local/lib/python3.8/site-packages/airflow/example_dags/plugins/listener_plugin.py for tasks to queue
[2026-06-03T12:08:36.761+0000] {logging_mixin.py:188} INFO - [2026-06-03T12:08:36.761+0000] {dagbag.py:538} INFO - Filling up the DagBag from /home/airflow/.local/lib/python3.8/site-packages/airflow/example_dags/plugins/listener_plugin.py
[2026-06-03T12:08:36.763+0000] {processor.py:842} WARNING - No viable dags retrieved from /home/airflow/.local/lib/python3.8/site-packages/airflow/example_dags/plugins/listener_plugin.py
[2026-06-03T12:08:36.772+0000] {processor.py:183} INFO - Processing /home/airflow/.local/lib/python3.8/site-packages/airflow/example_dags/plugins/listener_plugin.py took 0.014 seconds
[2026-06-03T12:09:06.999+0000] {processor.py:161} INFO - Started process (PID=2310) to work on /home/airflow/.local/lib/python3.8/site-packages/airflow/example_dags/plugins/listener_plugin.py
[2026-06-03T12:09:07.000+0000] {processor.py:830} INFO - Processing file /home/airflow/.local/lib/python3.8/site-packages/airflow/example_dags/plugins/listener_plugin.py for tasks to queue
[2026-06-03T12:09:07.001+0000] {logging_mixin.py:188} INFO - [2026-06-03T12:09:07.001+0000] {dagbag.py:538} INFO - Filling up the DagBag from /home/airflow/.local/lib/python3.8/site-packages/airflow/example_dags/plugins/listener_plugin.py
[2026-06-03T12:09:07.002+0000] {processor.py:842} WARNING - No viable dags retrieved from /home/airflow/.local/lib/python3.8/site-packages/airflow/example_dags/plugins/listener_plugin.py
[2026-06-03T12:09:07.012+0000] {processor.py:183} INFO - Processing /home/airflow/.local/lib/python3.8/site-packages/airflow/example_dags/plugins/listener_plugin.py took 0.015 seconds
[2026-06-03T12:09:37.191+0000] {processor.py:161} INFO - Started process (PID=2366) to work on /home/airflow/.local/lib/python3.8/site-packages/airflow/example_dags/plugins/listener_plugin.py
[2026-06-03T12:09:37.191+0000] {processor.py:830} INFO - Processing file /home/airflow/.local/lib/python3.8/site-packages/airflow/example_dags/plugins/listener_plugin.py for tasks to queue
[2026-06-03T12:09:37.192+0000] {logging_mixin.py:188} INFO - [2026-06-03T12:09:37.192+0000] {dagbag.py:538} INFO - Filling up the DagBag from /home/airflow/.local/lib/python3.8/site-packages/airflow/example_dags/plugins/listener_plugin.py
[2026-06-03T12:09:37.193+0000] {processor.py:842} WARNING - No viable dags retrieved from /home/airflow/.local/lib/python3.8/site-packages/airflow/example_dags/plugins/listener_plugin.py
[2026-06-03T12:09:37.201+0000] {processor.py:183} INFO - Processing /home/airflow/.local/lib/python3.8/site-packages/airflow/example_dags/plugins/listener_plugin.py took 0.012 seconds
[2026-06-03T12:10:07.332+0000] {processor.py:161} INFO - Started process (PID=2422) to work on /home/airflow/.local/lib/python3.8/site-packages/airflow/example_dags/plugins/listener_plugin.py
[2026-06-03T12:10:07.333+0000] {processor.py:830} INFO - Processing file /home/airflow/.local/lib/python3.8/site-packages/airflow/example_dags/plugins/listener_plugin.py for tasks to queue
[2026-06-03T12:10:07.334+0000] {logging_mixin.py:188} INFO - [2026-06-03T12:10:07.334+0000] {dagbag.py:538} INFO - Filling up the DagBag from /home/airflow/.local/lib/python3.8/site-packages/airflow/example_dags/plugins/listener_plugin.py
[2026-06-03T12:10:07.335+0000] {processor.py:842} WARNING - No viable dags retrieved from /home/airflow/.local/lib/python3.8/site-packages/airflow/example_dags/plugins/listener_plugin.py
[2026-06-03T12:10:07.345+0000] {processor.py:183} INFO - Processing /home/airflow/.local/lib/python3.8/site-packages/airflow/example_dags/plugins/listener_plugin.py took 0.014 seconds
[2026-06-03T12:10:37.404+0000] {processor.py:161} INFO - Started process (PID=2478) to work on /home/airflow/.local/lib/python3.8/site-packages/airflow/example_dags/plugins/listener_plugin.py
[2026-06-03T12:10:37.405+0000] {processor.py:830} INFO - Processing file /home/airflow/.local/lib/python3.8/site-packages/airflow/example_dags/plugins/listener_plugin.py for tasks to queue
[2026-06-03T12:10:37.406+0000] {logging_mixin.py:188} INFO - [2026-06-03T12:10:37.406+0000] {dagbag.py:538} INFO - Filling up the DagBag from /home/airflow/.local/lib/python3.8/site-packages/airflow/example_dags/plugins/listener_plugin.py
[2026-06-03T12:10:37.408+0000] {processor.py:842} WARNING - No viable dags retrieved from /home/airflow/.local/lib/python3.8/site-packages/airflow/example_dags/plugins/listener_plugin.py
[2026-06-03T12:10:37.418+0000] {processor.py:183} INFO - Processing /home/airflow/.local/lib/python3.8/site-packages/airflow/example_dags/plugins/listener_plugin.py took 0.015 seconds
[2026-06-03T12:11:07.567+0000] {processor.py:161} INFO - Started process (PID=2534) to work on /home/airflow/.local/lib/python3.8/site-packages/airflow/example_dags/plugins/listener_plugin.py
[2026-06-03T12:11:07.568+0000] {processor.py:830} INFO - Processing file /home/airflow/.local/lib/python3.8/site-packages/airflow/example_dags/plugins/listener_plugin.py for tasks to queue
[2026-06-03T12:11:07.569+0000] {logging_mixin.py:188} INFO - [2026-06-03T12:11:07.569+0000] {dagbag.py:538} INFO - Filling up the DagBag from /home/airflow/.local/lib/python3.8/site-packages/airflow/example_dags/plugins/listener_plugin.py
[2026-06-03T12:11:07.571+0000] {processor.py:842} WARNING - No viable dags retrieved from /home/airflow/.local/lib/python3.8/site-packages/airflow/example_dags/plugins/listener_plugin.py
[2026-06-03T12:11:07.582+0000] {processor.py:183} INFO - Processing /home/airflow/.local/lib/python3.8/site-packages/airflow/example_dags/plugins/listener_plugin.py took 0.017 seconds
[2026-06-03T12:11:38.630+0000] {processor.py:161} INFO - Started process (PID=2590) to work on /home/airflow/.local/lib/python3.8/site-packages/airflow/example_dags/plugins/listener_plugin.py
[2026-06-03T12:11:38.631+0000] {processor.py:830} INFO - Processing file /home/airflow/.local/lib/python3.8/site-packages/airflow/example_dags/plugins/listener_plugin.py for tasks to queue
[2026-06-03T12:11:38.633+0000] {logging_mixin.py:188} INFO - [2026-06-03T12:11:38.633+0000] {dagbag.py:538} INFO - Filling up the DagBag from /home/airflow/.local/lib/python3.8/site-packages/airflow/example_dags/plugins/listener_plugin.py
[2026-06-03T12:11:38.636+0000] {processor.py:842} WARNING - No viable dags retrieved from /home/airflow/.local/lib/python3.8/site-packages/airflow/example_dags/plugins/listener_plugin.py
[2026-06-03T12:11:38.647+0000] {processor.py:183} INFO - Processing /home/airflow/.local/lib/python3.8/site-packages/airflow/example_dags/plugins/listener_plugin.py took 0.019 seconds
[2026-06-03T12:12:09.579+0000] {processor.py:161} INFO - Started process (PID=2646) to work on /home/airflow/.local/lib/python3.8/site-packages/airflow/example_dags/plugins/listener_plugin.py
[2026-06-03T12:12:09.581+0000] {processor.py:830} INFO - Processing file /home/airflow/.local/lib/python3.8/site-packages/airflow/example_dags/plugins/listener_plugin.py for tasks to queue
[2026-06-03T12:12:09.581+0000] {logging_mixin.py:188} INFO - [2026-06-03T12:12:09.581+0000] {dagbag.py:538} INFO - Filling up the DagBag from /home/airflow/.local/lib/python3.8/site-packages/airflow/example_dags/plugins/listener_plugin.py
[2026-06-03T12:12:09.584+0000] {processor.py:842} WARNING - No viable dags retrieved from /home/airflow/.local/lib/python3.8/site-packages/airflow/example_dags/plugins/listener_plugin.py
[2026-06-03T12:12:09.595+0000] {processor.py:183} INFO - Processing /home/airflow/.local/lib/python3.8/site-packages/airflow/example_dags/plugins/listener_plugin.py took 0.017 seconds
[2026-06-03T12:12:40.697+0000] {processor.py:161} INFO - Started process (PID=2702) to work on /home/airflow/.local/lib/python3.8/site-packages/airflow/example_dags/plugins/listener_plugin.py
[2026-06-03T12:12:40.698+0000] {processor.py:830} INFO - Processing file /home/airflow/.local/lib/python3.8/site-packages/airflow/example_dags/plugins/listener_plugin.py for tasks to queue
[2026-06-03T12:12:40.700+0000] {logging_mixin.py:188} INFO - [2026-06-03T12:12:40.700+0000] {dagbag.py:538} INFO - Filling up the DagBag from /home/airflow/.local/lib/python3.8/site-packages/airflow/example_dags/plugins/listener_plugin.py
[2026-06-03T12:12:40.702+0000] {processor.py:842} WARNING - No viable dags retrieved from /home/airflow/.local/lib/python3.8/site-packages/airflow/example_dags/plugins/listener_plugin.py
[2026-06-03T12:12:40.716+0000] {processor.py:183} INFO - Processing /home/airflow/.local/lib/python3.8/site-packages/airflow/example_dags/plugins/listener_plugin.py took 0.020 seconds
[2026-06-03T12:13:11.563+0000] {processor.py:161} INFO - Started process (PID=2757) to work on /home/airflow/.local/lib/python3.8/site-packages/airflow/example_dags/plugins/listener_plugin.py
[2026-06-03T12:13:11.563+0000] {processor.py:830} INFO - Processing file /home/airflow/.local/lib/python3.8/site-packages/airflow/example_dags/plugins/listener_plugin.py for tasks to queue
[2026-06-03T12:13:11.564+0000] {logging_mixin.py:188} INFO - [2026-06-03T12:13:11.564+0000] {dagbag.py:538} INFO - Filling up the DagBag from /home/airflow/.local/lib/python3.8/site-packages/airflow/example_dags/plugins/listener_plugin.py
[2026-06-03T12:13:11.565+0000] {processor.py:842} WARNING - No viable dags retrieved from /home/airflow/.local/lib/python3.8/site-packages/airflow/example_dags/plugins/listener_plugin.py
[2026-06-03T12:13:11.572+0000] {processor.py:183} INFO - Processing /home/airflow/.local/lib/python3.8/site-packages/airflow/example_dags/plugins/listener_plugin.py took 0.010 seconds
[2026-06-03T12:13:42.236+0000] {processor.py:161} INFO - Started process (PID=2813) to work on /home/airflow/.local/lib/python3.8/site-packages/airflow/example_dags/plugins/listener_plugin.py
[2026-06-03T12:13:42.237+0000] {processor.py:830} INFO - Processing file /home/airflow/.local/lib/python3.8/site-packages/airflow/example_dags/plugins/listener_plugin.py for tasks to queue
[2026-06-03T12:13:42.238+0000] {logging_mixin.py:188} INFO - [2026-06-03T12:13:42.238+0000] {dagbag.py:538} INFO - Filling up the DagBag from /home/airflow/.local/lib/python3.8/site-packages/airflow/example_dags/plugins/listener_plugin.py
[2026-06-03T12:13:42.243+0000] {processor.py:842} WARNING - No viable dags retrieved from /home/airflow/.local/lib/python3.8/site-packages/airflow/example_dags/plugins/listener_plugin.py
[2026-06-03T12:13:42.255+0000] {processor.py:183} INFO - Processing /home/airflow/.local/lib/python3.8/site-packages/airflow/example_dags/plugins/listener_plugin.py took 0.021 seconds
[2026-06-03T12:14:12.607+0000] {processor.py:161} INFO - Started process (PID=2869) to work on /home/airflow/.local/lib/python3.8/site-packages/airflow/example_dags/plugins/listener_plugin.py
[2026-06-03T12:14:12.608+0000] {processor.py:830} INFO - Processing file /home/airflow/.local/lib/python3.8/site-packages/airflow/example_dags/plugins/listener_plugin.py for tasks to queue
[2026-06-03T12:14:12.610+0000] {logging_mixin.py:188} INFO - [2026-06-03T12:14:12.610+0000] {dagbag.py:538} INFO - Filling up the DagBag from /home/airflow/.local/lib/python3.8/site-packages/airflow/example_dags/plugins/listener_plugin.py
[2026-06-03T12:14:12.612+0000] {processor.py:842} WARNING - No viable dags retrieved from /home/airflow/.local/lib/python3.8/site-packages/airflow/example_dags/plugins/listener_plugin.py
[2026-06-03T12:14:12.622+0000] {processor.py:183} INFO - Processing /home/airflow/.local/lib/python3.8/site-packages/airflow/example_dags/plugins/listener_plugin.py took 0.017 seconds
[2026-06-03T12:14:42.935+0000] {processor.py:161} INFO - Started process (PID=2925) to work on /home/airflow/.local/lib/python3.8/site-packages/airflow/example_dags/plugins/listener_plugin.py
[2026-06-03T12:14:42.936+0000] {processor.py:830} INFO - Processing file /home/airflow/.local/lib/python3.8/site-packages/airflow/example_dags/plugins/listener_plugin.py for tasks to queue
[2026-06-03T12:14:42.937+0000] {logging_mixin.py:188} INFO - [2026-06-03T12:14:42.936+0000] {dagbag.py:538} INFO - Filling up the DagBag from /home/airflow/.local/lib/python3.8/site-packages/airflow/example_dags/plugins/listener_plugin.py
[2026-06-03T12:14:42.938+0000] {processor.py:842} WARNING - No viable dags retrieved from /home/airflow/.local/lib/python3.8/site-packages/airflow/example_dags/plugins/listener_plugin.py
[2026-06-03T12:14:42.945+0000] {processor.py:183} INFO - Processing /home/airflow/.local/lib/python3.8/site-packages/airflow/example_dags/plugins/listener_plugin.py took 0.012 seconds
[2026-06-03T12:15:13.488+0000] {processor.py:161} INFO - Started process (PID=2981) to work on /home/airflow/.local/lib/python3.8/site-packages/airflow/example_dags/plugins/listener_plugin.py
[2026-06-03T12:15:13.490+0000] {processor.py:830} INFO - Processing file /home/airflow/.local/lib/python3.8/site-packages/airflow/example_dags/plugins/listener_plugin.py for tasks to queue
[2026-06-03T12:15:13.493+0000] {logging_mixin.py:188} INFO - [2026-06-03T12:15:13.492+0000] {dagbag.py:538} INFO - Filling up the DagBag from /home/airflow/.local/lib/python3.8/site-packages/airflow/example_dags/plugins/listener_plugin.py
[2026-06-03T12:15:13.496+0000] {processor.py:842} WARNING - No viable dags retrieved from /home/airflow/.local/lib/python3.8/site-packages/airflow/example_dags/plugins/listener_plugin.py
[2026-06-03T12:15:13.505+0000] {processor.py:183} INFO - Processing /home/airflow/.local/lib/python3.8/site-packages/airflow/example_dags/plugins/listener_plugin.py took 0.021 seconds
[2026-06-03T12:15:43.985+0000] {processor.py:161} INFO - Started process (PID=3037) to work on /home/airflow/.local/lib/python3.8/site-packages/airflow/example_dags/plugins/listener_plugin.py
[2026-06-03T12:15:43.986+0000] {processor.py:830} INFO - Processing file /home/airflow/.local/lib/python3.8/site-packages/airflow/example_dags/plugins/listener_plugin.py for tasks to queue
[2026-06-03T12:15:43.989+0000] {logging_mixin.py:188} INFO - [2026-06-03T12:15:43.989+0000] {dagbag.py:538} INFO - Filling up the DagBag from /home/airflow/.local/lib/python3.8/site-packages/airflow/example_dags/plugins/listener_plugin.py
[2026-06-03T12:15:43.992+0000] {processor.py:842} WARNING - No viable dags retrieved from /home/airflow/.local/lib/python3.8/site-packages/airflow/example_dags/plugins/listener_plugin.py
[2026-06-03T12:15:44.005+0000] {processor.py:183} INFO - Processing /home/airflow/.local/lib/python3.8/site-packages/airflow/example_dags/plugins/listener_plugin.py took 0.021 seconds
[2026-06-03T12:16:14.710+0000] {processor.py:161} INFO - Started process (PID=3093) to work on /home/airflow/.local/lib/python3.8/site-packages/airflow/example_dags/plugins/listener_plugin.py
[2026-06-03T12:16:14.712+0000] {processor.py:830} INFO - Processing file /home/airflow/.local/lib/python3.8/site-packages/airflow/example_dags/plugins/listener_plugin.py for tasks to queue
[2026-06-03T12:16:14.713+0000] {logging_mixin.py:188} INFO - [2026-06-03T12:16:14.713+0000] {dagbag.py:538} INFO - Filling up the DagBag from /home/airflow/.local/lib/python3.8/site-packages/airflow/example_dags/plugins/listener_plugin.py
[2026-06-03T12:16:14.715+0000] {processor.py:842} WARNING - No viable dags retrieved from /home/airflow/.local/lib/python3.8/site-packages/airflow/example_dags/plugins/listener_plugin.py
[2026-06-03T12:16:14.730+0000] {processor.py:183} INFO - Processing /home/airflow/.local/lib/python3.8/site-packages/airflow/example_dags/plugins/listener_plugin.py took 0.021 seconds
[2026-06-03T12:16:45.062+0000] {processor.py:161} INFO - Started process (PID=3149) to work on /home/airflow/.local/lib/python3.8/site-packages/airflow/example_dags/plugins/listener_plugin.py
[2026-06-03T12:16:45.063+0000] {processor.py:830} INFO - Processing file /home/airflow/.local/lib/python3.8/site-packages/airflow/example_dags/plugins/listener_plugin.py for tasks to queue
[2026-06-03T12:16:45.064+0000] {logging_mixin.py:188} INFO - [2026-06-03T12:16:45.064+0000] {dagbag.py:538} INFO - Filling up the DagBag from /home/airflow/.local/lib/python3.8/site-packages/airflow/example_dags/plugins/listener_plugin.py
[2026-06-03T12:16:45.066+0000] {processor.py:842} WARNING - No viable dags retrieved from /home/airflow/.local/lib/python3.8/site-packages/airflow/example_dags/plugins/listener_plugin.py
[2026-06-03T12:16:45.076+0000] {processor.py:183} INFO - Processing /home/airflow/.local/lib/python3.8/site-packages/airflow/example_dags/plugins/listener_plugin.py took 0.016 seconds
[2026-06-03T12:17:16.837+0000] {processor.py:161} INFO - Started process (PID=3205) to work on /home/airflow/.local/lib/python3.8/site-packages/airflow/example_dags/plugins/listener_plugin.py
[2026-06-03T12:17:16.837+0000] {processor.py:830} INFO - Processing file /home/airflow/.local/lib/python3.8/site-packages/airflow/example_dags/plugins/listener_plugin.py for tasks to queue
[2026-06-03T12:17:16.838+0000] {logging_mixin.py:188} INFO - [2026-06-03T12:17:16.838+0000] {dagbag.py:538} INFO - Filling up the DagBag from /home/airflow/.local/lib/python3.8/site-packages/airflow/example_dags/plugins/listener_plugin.py
[2026-06-03T12:17:16.840+0000] {processor.py:842} WARNING - No viable dags retrieved from /home/airflow/.local/lib/python3.8/site-packages/airflow/example_dags/plugins/listener_plugin.py
[2026-06-03T12:17:16.849+0000] {processor.py:183} INFO - Processing /home/airflow/.local/lib/python3.8/site-packages/airflow/example_dags/plugins/listener_plugin.py took 0.014 seconds
[2026-06-03T12:17:47.843+0000] {processor.py:161} INFO - Started process (PID=3266) to work on /home/airflow/.local/lib/python3.8/site-packages/airflow/example_dags/plugins/listener_plugin.py
[2026-06-03T12:17:47.844+0000] {processor.py:830} INFO - Processing file /home/airflow/.local/lib/python3.8/site-packages/airflow/example_dags/plugins/listener_plugin.py for tasks to queue
[2026-06-03T12:17:47.847+0000] {logging_mixin.py:188} INFO - [2026-06-03T12:17:47.847+0000] {dagbag.py:538} INFO - Filling up the DagBag from /home/airflow/.local/lib/python3.8/site-packages/airflow/example_dags/plugins/listener_plugin.py
[2026-06-03T12:17:47.853+0000] {processor.py:842} WARNING - No viable dags retrieved from /home/airflow/.local/lib/python3.8/site-packages/airflow/example_dags/plugins/listener_plugin.py
[2026-06-03T12:17:47.868+0000] {processor.py:183} INFO - Processing /home/airflow/.local/lib/python3.8/site-packages/airflow/example_dags/plugins/listener_plugin.py took 0.027 seconds
[2026-06-03T12:18:18.380+0000] {processor.py:161} INFO - Started process (PID=3322) to work on /home/airflow/.local/lib/python3.8/site-packages/airflow/example_dags/plugins/listener_plugin.py
[2026-06-03T12:18:18.381+0000] {processor.py:830} INFO - Processing file /home/airflow/.local/lib/python3.8/site-packages/airflow/example_dags/plugins/listener_plugin.py for tasks to queue
[2026-06-03T12:18:18.382+0000] {logging_mixin.py:188} INFO - [2026-06-03T12:18:18.382+0000] {dagbag.py:538} INFO - Filling up the DagBag from /home/airflow/.local/lib/python3.8/site-packages/airflow/example_dags/plugins/listener_plugin.py
[2026-06-03T12:18:18.384+0000] {processor.py:842} WARNING - No viable dags retrieved from /home/airflow/.local/lib/python3.8/site-packages/airflow/example_dags/plugins/listener_plugin.py
[2026-06-03T12:18:18.395+0000] {processor.py:183} INFO - Processing /home/airflow/.local/lib/python3.8/site-packages/airflow/example_dags/plugins/listener_plugin.py took 0.018 seconds
[2026-06-03T12:18:49.636+0000] {processor.py:161} INFO - Started process (PID=3378) to work on /home/airflow/.local/lib/python3.8/site-packages/airflow/example_dags/plugins/listener_plugin.py
[2026-06-03T12:18:49.640+0000] {processor.py:830} INFO - Processing file /home/airflow/.local/lib/python3.8/site-packages/airflow/example_dags/plugins/listener_plugin.py for tasks to queue
[2026-06-03T12:18:49.642+0000] {logging_mixin.py:188} INFO - [2026-06-03T12:18:49.642+0000] {dagbag.py:538} INFO - Filling up the DagBag from /home/airflow/.local/lib/python3.8/site-packages/airflow/example_dags/plugins/listener_plugin.py
[2026-06-03T12:18:49.643+0000] {processor.py:842} WARNING - No viable dags retrieved from /home/airflow/.local/lib/python3.8/site-packages/airflow/example_dags/plugins/listener_plugin.py
[2026-06-03T12:18:49.658+0000] {processor.py:183} INFO - Processing /home/airflow/.local/lib/python3.8/site-packages/airflow/example_dags/plugins/listener_plugin.py took 0.024 seconds
[2026-06-03T12:19:20.576+0000] {processor.py:161} INFO - Started process (PID=3434) to work on /home/airflow/.local/lib/python3.8/site-packages/airflow/example_dags/plugins/listener_plugin.py
[2026-06-03T12:19:20.578+0000] {processor.py:830} INFO - Processing file /home/airflow/.local/lib/python3.8/site-packages/airflow/example_dags/plugins/listener_plugin.py for tasks to queue
[2026-06-03T12:19:20.590+0000] {logging_mixin.py:188} INFO - [2026-06-03T12:19:20.589+0000] {dagbag.py:538} INFO - Filling up the DagBag from /home/airflow/.local/lib/python3.8/site-packages/airflow/example_dags/plugins/listener_plugin.py
[2026-06-03T12:19:20.595+0000] {processor.py:842} WARNING - No viable dags retrieved from /home/airflow/.local/lib/python3.8/site-packages/airflow/example_dags/plugins/listener_plugin.py
[2026-06-03T12:19:20.607+0000] {processor.py:183} INFO - Processing /home/airflow/.local/lib/python3.8/site-packages/airflow/example_dags/plugins/listener_plugin.py took 0.034 seconds
[2026-06-03T12:19:51.710+0000] {processor.py:161} INFO - Started process (PID=3491) to work on /home/airflow/.local/lib/python3.8/site-packages/airflow/example_dags/plugins/listener_plugin.py
[2026-06-03T12:19:51.712+0000] {processor.py:830} INFO - Processing file /home/airflow/.local/lib/python3.8/site-packages/airflow/example_dags/plugins/listener_plugin.py for tasks to queue
[2026-06-03T12:19:51.716+0000] {logging_mixin.py:188} INFO - [2026-06-03T12:19:51.715+0000] {dagbag.py:538} INFO - Filling up the DagBag from /home/airflow/.local/lib/python3.8/site-packages/airflow/example_dags/plugins/listener_plugin.py
[2026-06-03T12:19:51.720+0000] {processor.py:842} WARNING - No viable dags retrieved from /home/airflow/.local/lib/python3.8/site-packages/airflow/example_dags/plugins/listener_plugin.py
[2026-06-03T12:19:51.732+0000] {processor.py:183} INFO - Processing /home/airflow/.local/lib/python3.8/site-packages/airflow/example_dags/plugins/listener_plugin.py took 0.024 seconds
[2026-06-03T12:20:22.917+0000] {processor.py:161} INFO - Started process (PID=3547) to work on /home/airflow/.local/lib/python3.8/site-packages/airflow/example_dags/plugins/listener_plugin.py
[2026-06-03T12:20:22.917+0000] {processor.py:830} INFO - Processing file /home/airflow/.local/lib/python3.8/site-packages/airflow/example_dags/plugins/listener_plugin.py for tasks to queue
[2026-06-03T12:20:22.918+0000] {logging_mixin.py:188} INFO - [2026-06-03T12:20:22.918+0000] {dagbag.py:538} INFO - Filling up the DagBag from /home/airflow/.local/lib/python3.8/site-packages/airflow/example_dags/plugins/listener_plugin.py
[2026-06-03T12:20:22.921+0000] {processor.py:842} WARNING - No viable dags retrieved from /home/airflow/.local/lib/python3.8/site-packages/airflow/example_dags/plugins/listener_plugin.py
[2026-06-03T12:20:22.932+0000] {processor.py:183} INFO - Processing /home/airflow/.local/lib/python3.8/site-packages/airflow/example_dags/plugins/listener_plugin.py took 0.018 seconds
[2026-06-03T12:20:53.870+0000] {processor.py:161} INFO - Started process (PID=3604) to work on /home/airflow/.local/lib/python3.8/site-packages/airflow/example_dags/plugins/listener_plugin.py
[2026-06-03T12:20:53.871+0000] {processor.py:830} INFO - Processing file /home/airflow/.local/lib/python3.8/site-packages/airflow/example_dags/plugins/listener_plugin.py for tasks to queue
[2026-06-03T12:20:53.872+0000] {logging_mixin.py:188} INFO - [2026-06-03T12:20:53.872+0000] {dagbag.py:538} INFO - Filling up the DagBag from /home/airflow/.local/lib/python3.8/site-packages/airflow/example_dags/plugins/listener_plugin.py
[2026-06-03T12:20:53.875+0000] {processor.py:842} WARNING - No viable dags retrieved from /home/airflow/.local/lib/python3.8/site-packages/airflow/example_dags/plugins/listener_plugin.py
[2026-06-03T12:20:53.892+0000] {processor.py:183} INFO - Processing /home/airflow/.local/lib/python3.8/site-packages/airflow/example_dags/plugins/listener_plugin.py took 0.023 seconds
[2026-06-03T12:21:24.126+0000] {processor.py:161} INFO - Started process (PID=3660) to work on /home/airflow/.local/lib/python3.8/site-packages/airflow/example_dags/plugins/listener_plugin.py
[2026-06-03T12:21:24.126+0000] {processor.py:830} INFO - Processing file /home/airflow/.local/lib/python3.8/site-packages/airflow/example_dags/plugins/listener_plugin.py for tasks to queue
[2026-06-03T12:21:24.127+0000] {logging_mixin.py:188} INFO - [2026-06-03T12:21:24.127+0000] {dagbag.py:538} INFO - Filling up the DagBag from /home/airflow/.local/lib/python3.8/site-packages/airflow/example_dags/plugins/listener_plugin.py
[2026-06-03T12:21:24.128+0000] {processor.py:842} WARNING - No viable dags retrieved from /home/airflow/.local/lib/python3.8/site-packages/airflow/example_dags/plugins/listener_plugin.py
[2026-06-03T12:21:24.137+0000] {processor.py:183} INFO - Processing /home/airflow/.local/lib/python3.8/site-packages/airflow/example_dags/plugins/listener_plugin.py took 0.013 seconds
[2026-06-03T12:21:55.002+0000] {processor.py:161} INFO - Started process (PID=3716) to work on /home/airflow/.local/lib/python3.8/site-packages/airflow/example_dags/plugins/listener_plugin.py
[2026-06-03T12:21:55.003+0000] {processor.py:830} INFO - Processing file /home/airflow/.local/lib/python3.8/site-packages/airflow/example_dags/plugins/listener_plugin.py for tasks to queue
[2026-06-03T12:21:55.005+0000] {logging_mixin.py:188} INFO - [2026-06-03T12:21:55.005+0000] {dagbag.py:538} INFO - Filling up the DagBag from /home/airflow/.local/lib/python3.8/site-packages/airflow/example_dags/plugins/listener_plugin.py
[2026-06-03T12:21:55.007+0000] {processor.py:842} WARNING - No viable dags retrieved from /home/airflow/.local/lib/python3.8/site-packages/airflow/example_dags/plugins/listener_plugin.py
[2026-06-03T12:21:55.019+0000] {processor.py:183} INFO - Processing /home/airflow/.local/lib/python3.8/site-packages/airflow/example_dags/plugins/listener_plugin.py took 0.019 seconds
[2026-06-03T12:22:25.807+0000] {processor.py:161} INFO - Started process (PID=3772) to work on /home/airflow/.local/lib/python3.8/site-packages/airflow/example_dags/plugins/listener_plugin.py
[2026-06-03T12:22:25.807+0000] {processor.py:830} INFO - Processing file /home/airflow/.local/lib/python3.8/site-packages/airflow/example_dags/plugins/listener_plugin.py for tasks to queue
[2026-06-03T12:22:25.810+0000] {logging_mixin.py:188} INFO - [2026-06-03T12:22:25.810+0000] {dagbag.py:538} INFO - Filling up the DagBag from /home/airflow/.local/lib/python3.8/site-packages/airflow/example_dags/plugins/listener_plugin.py
[2026-06-03T12:22:25.812+0000] {processor.py:842} WARNING - No viable dags retrieved from /home/airflow/.local/lib/python3.8/site-packages/airflow/example_dags/plugins/listener_plugin.py
[2026-06-03T12:22:25.820+0000] {processor.py:183} INFO - Processing /home/airflow/.local/lib/python3.8/site-packages/airflow/example_dags/plugins/listener_plugin.py took 0.015 seconds
[2026-06-03T12:22:56.499+0000] {processor.py:161} INFO - Started process (PID=3828) to work on /home/airflow/.local/lib/python3.8/site-packages/airflow/example_dags/plugins/listener_plugin.py
[2026-06-03T12:22:56.500+0000] {processor.py:830} INFO - Processing file /home/airflow/.local/lib/python3.8/site-packages/airflow/example_dags/plugins/listener_plugin.py for tasks to queue
[2026-06-03T12:22:56.502+0000] {logging_mixin.py:188} INFO - [2026-06-03T12:22:56.502+0000] {dagbag.py:538} INFO - Filling up the DagBag from /home/airflow/.local/lib/python3.8/site-packages/airflow/example_dags/plugins/listener_plugin.py
[2026-06-03T12:22:56.503+0000] {processor.py:842} WARNING - No viable dags retrieved from /home/airflow/.local/lib/python3.8/site-packages/airflow/example_dags/plugins/listener_plugin.py
[2026-06-03T12:22:56.513+0000] {processor.py:183} INFO - Processing /home/airflow/.local/lib/python3.8/site-packages/airflow/example_dags/plugins/listener_plugin.py took 0.015 seconds
[2026-06-03T12:23:26.889+0000] {processor.py:161} INFO - Started process (PID=3884) to work on /home/airflow/.local/lib/python3.8/site-packages/airflow/example_dags/plugins/listener_plugin.py
[2026-06-03T12:23:26.889+0000] {processor.py:830} INFO - Processing file /home/airflow/.local/lib/python3.8/site-packages/airflow/example_dags/plugins/listener_plugin.py for tasks to queue
[2026-06-03T12:23:26.890+0000] {logging_mixin.py:188} INFO - [2026-06-03T12:23:26.890+0000] {dagbag.py:538} INFO - Filling up the DagBag from /home/airflow/.local/lib/python3.8/site-packages/airflow/example_dags/plugins/listener_plugin.py
[2026-06-03T12:23:26.896+0000] {processor.py:842} WARNING - No viable dags retrieved from /home/airflow/.local/lib/python3.8/site-packages/airflow/example_dags/plugins/listener_plugin.py
[2026-06-03T12:23:26.908+0000] {processor.py:183} INFO - Processing /home/airflow/.local/lib/python3.8/site-packages/airflow/example_dags/plugins/listener_plugin.py took 0.021 seconds
[2026-06-03T12:23:57.602+0000] {processor.py:161} INFO - Started process (PID=3940) to work on /home/airflow/.local/lib/python3.8/site-packages/airflow/example_dags/plugins/listener_plugin.py
[2026-06-03T12:23:57.602+0000] {processor.py:830} INFO - Processing file /home/airflow/.local/lib/python3.8/site-packages/airflow/example_dags/plugins/listener_plugin.py for tasks to queue
[2026-06-03T12:23:57.603+0000] {logging_mixin.py:188} INFO - [2026-06-03T12:23:57.603+0000] {dagbag.py:538} INFO - Filling up the DagBag from /home/airflow/.local/lib/python3.8/site-packages/airflow/example_dags/plugins/listener_plugin.py
[2026-06-03T12:23:57.605+0000] {processor.py:842} WARNING - No viable dags retrieved from /home/airflow/.local/lib/python3.8/site-packages/airflow/example_dags/plugins/listener_plugin.py
[2026-06-03T12:23:57.612+0000] {processor.py:183} INFO - Processing /home/airflow/.local/lib/python3.8/site-packages/airflow/example_dags/plugins/listener_plugin.py took 0.011 seconds
[2026-06-03T12:24:28.397+0000] {processor.py:161} INFO - Started process (PID=3996) to work on /home/airflow/.local/lib/python3.8/site-packages/airflow/example_dags/plugins/listener_plugin.py
[2026-06-03T12:24:28.398+0000] {processor.py:830} INFO - Processing file /home/airflow/.local/lib/python3.8/site-packages/airflow/example_dags/plugins/listener_plugin.py for tasks to queue
[2026-06-03T12:24:28.399+0000] {logging_mixin.py:188} INFO - [2026-06-03T12:24:28.399+0000] {dagbag.py:538} INFO - Filling up the DagBag from /home/airflow/.local/lib/python3.8/site-packages/airflow/example_dags/plugins/listener_plugin.py
[2026-06-03T12:24:28.401+0000] {processor.py:842} WARNING - No viable dags retrieved from /home/airflow/.local/lib/python3.8/site-packages/airflow/example_dags/plugins/listener_plugin.py
[2026-06-03T12:24:28.410+0000] {processor.py:183} INFO - Processing /home/airflow/.local/lib/python3.8/site-packages/airflow/example_dags/plugins/listener_plugin.py took 0.015 seconds
[2026-06-03T12:24:58.827+0000] {processor.py:161} INFO - Started process (PID=4052) to work on /home/airflow/.local/lib/python3.8/site-packages/airflow/example_dags/plugins/listener_plugin.py
[2026-06-03T12:24:58.828+0000] {processor.py:830} INFO - Processing file /home/airflow/.local/lib/python3.8/site-packages/airflow/example_dags/plugins/listener_plugin.py for tasks to queue
[2026-06-03T12:24:58.829+0000] {logging_mixin.py:188} INFO - [2026-06-03T12:24:58.829+0000] {dagbag.py:538} INFO - Filling up the DagBag from /home/airflow/.local/lib/python3.8/site-packages/airflow/example_dags/plugins/listener_plugin.py
[2026-06-03T12:24:58.830+0000] {processor.py:842} WARNING - No viable dags retrieved from /home/airflow/.local/lib/python3.8/site-packages/airflow/example_dags/plugins/listener_plugin.py
[2026-06-03T12:24:58.844+0000] {processor.py:183} INFO - Processing /home/airflow/.local/lib/python3.8/site-packages/airflow/example_dags/plugins/listener_plugin.py took 0.018 seconds
[2026-06-03T12:25:29.186+0000] {processor.py:161} INFO - Started process (PID=4108) to work on /home/airflow/.local/lib/python3.8/site-packages/airflow/example_dags/plugins/listener_plugin.py
[2026-06-03T12:25:29.186+0000] {processor.py:830} INFO - Processing file /home/airflow/.local/lib/python3.8/site-packages/airflow/example_dags/plugins/listener_plugin.py for tasks to queue
[2026-06-03T12:25:29.187+0000] {logging_mixin.py:188} INFO - [2026-06-03T12:25:29.187+0000] {dagbag.py:538} INFO - Filling up the DagBag from /home/airflow/.local/lib/python3.8/site-packages/airflow/example_dags/plugins/listener_plugin.py
[2026-06-03T12:25:29.189+0000] {processor.py:842} WARNING - No viable dags retrieved from /home/airflow/.local/lib/python3.8/site-packages/airflow/example_dags/plugins/listener_plugin.py
[2026-06-03T12:25:29.198+0000] {processor.py:183} INFO - Processing /home/airflow/.local/lib/python3.8/site-packages/airflow/example_dags/plugins/listener_plugin.py took 0.014 seconds
[2026-06-03T12:25:59.424+0000] {processor.py:161} INFO - Started process (PID=4164) to work on /home/airflow/.local/lib/python3.8/site-packages/airflow/example_dags/plugins/listener_plugin.py
[2026-06-03T12:25:59.424+0000] {processor.py:830} INFO - Processing file /home/airflow/.local/lib/python3.8/site-packages/airflow/example_dags/plugins/listener_plugin.py for tasks to queue
[2026-06-03T12:25:59.425+0000] {logging_mixin.py:188} INFO - [2026-06-03T12:25:59.425+0000] {dagbag.py:538} INFO - Filling up the DagBag from /home/airflow/.local/lib/python3.8/site-packages/airflow/example_dags/plugins/listener_plugin.py
[2026-06-03T12:25:59.427+0000] {processor.py:842} WARNING - No viable dags retrieved from /home/airflow/.local/lib/python3.8/site-packages/airflow/example_dags/plugins/listener_plugin.py
[2026-06-03T12:25:59.433+0000] {processor.py:183} INFO - Processing /home/airflow/.local/lib/python3.8/site-packages/airflow/example_dags/plugins/listener_plugin.py took 0.011 seconds
[2026-06-03T12:26:29.674+0000] {processor.py:161} INFO - Started process (PID=4220) to work on /home/airflow/.local/lib/python3.8/site-packages/airflow/example_dags/plugins/listener_plugin.py
[2026-06-03T12:26:29.674+0000] {processor.py:830} INFO - Processing file /home/airflow/.local/lib/python3.8/site-packages/airflow/example_dags/plugins/listener_plugin.py for tasks to queue
[2026-06-03T12:26:29.675+0000] {logging_mixin.py:188} INFO - [2026-06-03T12:26:29.675+0000] {dagbag.py:538} INFO - Filling up the DagBag from /home/airflow/.local/lib/python3.8/site-packages/airflow/example_dags/plugins/listener_plugin.py
[2026-06-03T12:26:29.677+0000] {processor.py:842} WARNING - No viable dags retrieved from /home/airflow/.local/lib/python3.8/site-packages/airflow/example_dags/plugins/listener_plugin.py
[2026-06-03T12:26:29.683+0000] {processor.py:183} INFO - Processing /home/airflow/.local/lib/python3.8/site-packages/airflow/example_dags/plugins/listener_plugin.py took 0.011 seconds
[2026-06-03T12:26:59.997+0000] {processor.py:161} INFO - Started process (PID=4276) to work on /home/airflow/.local/lib/python3.8/site-packages/airflow/example_dags/plugins/listener_plugin.py
[2026-06-03T12:26:59.998+0000] {processor.py:830} INFO - Processing file /home/airflow/.local/lib/python3.8/site-packages/airflow/example_dags/plugins/listener_plugin.py for tasks to queue
[2026-06-03T12:26:59.999+0000] {logging_mixin.py:188} INFO - [2026-06-03T12:26:59.999+0000] {dagbag.py:538} INFO - Filling up the DagBag from /home/airflow/.local/lib/python3.8/site-packages/airflow/example_dags/plugins/listener_plugin.py
[2026-06-03T12:27:00.001+0000] {processor.py:842} WARNING - No viable dags retrieved from /home/airflow/.local/lib/python3.8/site-packages/airflow/example_dags/plugins/listener_plugin.py
[2026-06-03T12:27:00.022+0000] {processor.py:183} INFO - Processing /home/airflow/.local/lib/python3.8/site-packages/airflow/example_dags/plugins/listener_plugin.py took 0.029 seconds
[2026-06-03T12:27:30.234+0000] {processor.py:161} INFO - Started process (PID=4332) to work on /home/airflow/.local/lib/python3.8/site-packages/airflow/example_dags/plugins/listener_plugin.py
[2026-06-03T12:27:30.235+0000] {processor.py:830} INFO - Processing file /home/airflow/.local/lib/python3.8/site-packages/airflow/example_dags/plugins/listener_plugin.py for tasks to queue
[2026-06-03T12:27:30.238+0000] {logging_mixin.py:188} INFO - [2026-06-03T12:27:30.237+0000] {dagbag.py:538} INFO - Filling up the DagBag from /home/airflow/.local/lib/python3.8/site-packages/airflow/example_dags/plugins/listener_plugin.py
[2026-06-03T12:27:30.241+0000] {processor.py:842} WARNING - No viable dags retrieved from /home/airflow/.local/lib/python3.8/site-packages/airflow/example_dags/plugins/listener_plugin.py
[2026-06-03T12:27:30.253+0000] {processor.py:183} INFO - Processing /home/airflow/.local/lib/python3.8/site-packages/airflow/example_dags/plugins/listener_plugin.py took 0.023 seconds
[2026-06-03T12:28:00.473+0000] {processor.py:161} INFO - Started process (PID=4388) to work on /home/airflow/.local/lib/python3.8/site-packages/airflow/example_dags/plugins/listener_plugin.py
[2026-06-03T12:28:00.474+0000] {processor.py:830} INFO - Processing file /home/airflow/.local/lib/python3.8/site-packages/airflow/example_dags/plugins/listener_plugin.py for tasks to queue
[2026-06-03T12:28:00.476+0000] {logging_mixin.py:188} INFO - [2026-06-03T12:28:00.476+0000] {dagbag.py:538} INFO - Filling up the DagBag from /home/airflow/.local/lib/python3.8/site-packages/airflow/example_dags/plugins/listener_plugin.py
[2026-06-03T12:28:00.478+0000] {processor.py:842} WARNING - No viable dags retrieved from /home/airflow/.local/lib/python3.8/site-packages/airflow/example_dags/plugins/listener_plugin.py
[2026-06-03T12:28:00.491+0000] {processor.py:183} INFO - Processing /home/airflow/.local/lib/python3.8/site-packages/airflow/example_dags/plugins/listener_plugin.py took 0.019 seconds
[2026-06-03T12:28:30.874+0000] {processor.py:161} INFO - Started process (PID=4444) to work on /home/airflow/.local/lib/python3.8/site-packages/airflow/example_dags/plugins/listener_plugin.py
[2026-06-03T12:28:30.875+0000] {processor.py:830} INFO - Processing file /home/airflow/.local/lib/python3.8/site-packages/airflow/example_dags/plugins/listener_plugin.py for tasks to queue
[2026-06-03T12:28:30.878+0000] {logging_mixin.py:188} INFO - [2026-06-03T12:28:30.877+0000] {dagbag.py:538} INFO - Filling up the DagBag from /home/airflow/.local/lib/python3.8/site-packages/airflow/example_dags/plugins/listener_plugin.py
[2026-06-03T12:28:30.880+0000] {processor.py:842} WARNING - No viable dags retrieved from /home/airflow/.local/lib/python3.8/site-packages/airflow/example_dags/plugins/listener_plugin.py
[2026-06-03T12:28:30.888+0000] {processor.py:183} INFO - Processing /home/airflow/.local/lib/python3.8/site-packages/airflow/example_dags/plugins/listener_plugin.py took 0.016 seconds
[2026-06-03T12:29:01.221+0000] {processor.py:161} INFO - Started process (PID=4500) to work on /home/airflow/.local/lib/python3.8/site-packages/airflow/example_dags/plugins/listener_plugin.py
[2026-06-03T12:29:01.221+0000] {processor.py:830} INFO - Processing file /home/airflow/.local/lib/python3.8/site-packages/airflow/example_dags/plugins/listener_plugin.py for tasks to queue
[2026-06-03T12:29:01.223+0000] {logging_mixin.py:188} INFO - [2026-06-03T12:29:01.223+0000] {dagbag.py:538} INFO - Filling up the DagBag from /home/airflow/.local/lib/python3.8/site-packages/airflow/example_dags/plugins/listener_plugin.py
[2026-06-03T12:29:01.225+0000] {processor.py:842} WARNING - No viable dags retrieved from /home/airflow/.local/lib/python3.8/site-packages/airflow/example_dags/plugins/listener_plugin.py
[2026-06-03T12:29:01.240+0000] {processor.py:183} INFO - Processing /home/airflow/.local/lib/python3.8/site-packages/airflow/example_dags/plugins/listener_plugin.py took 0.021 seconds
[2026-06-03T12:29:31.587+0000] {processor.py:161} INFO - Started process (PID=4556) to work on /home/airflow/.local/lib/python3.8/site-packages/airflow/example_dags/plugins/listener_plugin.py
[2026-06-03T12:29:31.588+0000] {processor.py:830} INFO - Processing file /home/airflow/.local/lib/python3.8/site-packages/airflow/example_dags/plugins/listener_plugin.py for tasks to queue
[2026-06-03T12:29:31.589+0000] {logging_mixin.py:188} INFO - [2026-06-03T12:29:31.589+0000] {dagbag.py:538} INFO - Filling up the DagBag from /home/airflow/.local/lib/python3.8/site-packages/airflow/example_dags/plugins/listener_plugin.py
[2026-06-03T12:29:31.592+0000] {processor.py:842} WARNING - No viable dags retrieved from /home/airflow/.local/lib/python3.8/site-packages/airflow/example_dags/plugins/listener_plugin.py
[2026-06-03T12:29:31.604+0000] {processor.py:183} INFO - Processing /home/airflow/.local/lib/python3.8/site-packages/airflow/example_dags/plugins/listener_plugin.py took 0.019 seconds
[2026-06-03T12:30:02.120+0000] {processor.py:161} INFO - Started process (PID=4611) to work on /home/airflow/.local/lib/python3.8/site-packages/airflow/example_dags/plugins/listener_plugin.py
[2026-06-03T12:30:02.121+0000] {processor.py:830} INFO - Processing file /home/airflow/.local/lib/python3.8/site-packages/airflow/example_dags/plugins/listener_plugin.py for tasks to queue
[2026-06-03T12:30:02.124+0000] {logging_mixin.py:188} INFO - [2026-06-03T12:30:02.123+0000] {dagbag.py:538} INFO - Filling up the DagBag from /home/airflow/.local/lib/python3.8/site-packages/airflow/example_dags/plugins/listener_plugin.py
[2026-06-03T12:30:02.126+0000] {processor.py:842} WARNING - No viable dags retrieved from /home/airflow/.local/lib/python3.8/site-packages/airflow/example_dags/plugins/listener_plugin.py
[2026-06-03T12:30:02.136+0000] {processor.py:183} INFO - Processing /home/airflow/.local/lib/python3.8/site-packages/airflow/example_dags/plugins/listener_plugin.py took 0.019 seconds
[2026-06-03T12:30:32.750+0000] {processor.py:161} INFO - Started process (PID=4667) to work on /home/airflow/.local/lib/python3.8/site-packages/airflow/example_dags/plugins/listener_plugin.py
[2026-06-03T12:30:32.751+0000] {processor.py:830} INFO - Processing file /home/airflow/.local/lib/python3.8/site-packages/airflow/example_dags/plugins/listener_plugin.py for tasks to queue
[2026-06-03T12:30:32.752+0000] {logging_mixin.py:188} INFO - [2026-06-03T12:30:32.752+0000] {dagbag.py:538} INFO - Filling up the DagBag from /home/airflow/.local/lib/python3.8/site-packages/airflow/example_dags/plugins/listener_plugin.py
[2026-06-03T12:30:32.756+0000] {processor.py:842} WARNING - No viable dags retrieved from /home/airflow/.local/lib/python3.8/site-packages/airflow/example_dags/plugins/listener_plugin.py
[2026-06-03T12:30:32.767+0000] {processor.py:183} INFO - Processing /home/airflow/.local/lib/python3.8/site-packages/airflow/example_dags/plugins/listener_plugin.py took 0.018 seconds
[2026-06-03T12:31:03.349+0000] {processor.py:161} INFO - Started process (PID=4723) to work on /home/airflow/.local/lib/python3.8/site-packages/airflow/example_dags/plugins/listener_plugin.py
[2026-06-03T12:31:03.350+0000] {processor.py:830} INFO - Processing file /home/airflow/.local/lib/python3.8/site-packages/airflow/example_dags/plugins/listener_plugin.py for tasks to queue
[2026-06-03T12:31:03.352+0000] {logging_mixin.py:188} INFO - [2026-06-03T12:31:03.352+0000] {dagbag.py:538} INFO - Filling up the DagBag from /home/airflow/.local/lib/python3.8/site-packages/airflow/example_dags/plugins/listener_plugin.py
[2026-06-03T12:31:03.356+0000] {processor.py:842} WARNING - No viable dags retrieved from /home/airflow/.local/lib/python3.8/site-packages/airflow/example_dags/plugins/listener_plugin.py
[2026-06-03T12:31:03.367+0000] {processor.py:183} INFO - Processing /home/airflow/.local/lib/python3.8/site-packages/airflow/example_dags/plugins/listener_plugin.py took 0.019 seconds
[2026-06-03T12:31:34.031+0000] {processor.py:161} INFO - Started process (PID=4779) to work on /home/airflow/.local/lib/python3.8/site-packages/airflow/example_dags/plugins/listener_plugin.py
[2026-06-03T12:31:34.032+0000] {processor.py:830} INFO - Processing file /home/airflow/.local/lib/python3.8/site-packages/airflow/example_dags/plugins/listener_plugin.py for tasks to queue
[2026-06-03T12:31:34.035+0000] {logging_mixin.py:188} INFO - [2026-06-03T12:31:34.035+0000] {dagbag.py:538} INFO - Filling up the DagBag from /home/airflow/.local/lib/python3.8/site-packages/airflow/example_dags/plugins/listener_plugin.py
[2026-06-03T12:31:34.037+0000] {processor.py:842} WARNING - No viable dags retrieved from /home/airflow/.local/lib/python3.8/site-packages/airflow/example_dags/plugins/listener_plugin.py
[2026-06-03T12:31:34.043+0000] {processor.py:183} INFO - Processing /home/airflow/.local/lib/python3.8/site-packages/airflow/example_dags/plugins/listener_plugin.py took 0.016 seconds
[2026-06-03T12:32:05.119+0000] {processor.py:161} INFO - Started process (PID=4835) to work on /home/airflow/.local/lib/python3.8/site-packages/airflow/example_dags/plugins/listener_plugin.py
[2026-06-03T12:32:05.119+0000] {processor.py:830} INFO - Processing file /home/airflow/.local/lib/python3.8/site-packages/airflow/example_dags/plugins/listener_plugin.py for tasks to queue
[2026-06-03T12:32:05.121+0000] {logging_mixin.py:188} INFO - [2026-06-03T12:32:05.121+0000] {dagbag.py:538} INFO - Filling up the DagBag from /home/airflow/.local/lib/python3.8/site-packages/airflow/example_dags/plugins/listener_plugin.py
[2026-06-03T12:32:05.123+0000] {processor.py:842} WARNING - No viable dags retrieved from /home/airflow/.local/lib/python3.8/site-packages/airflow/example_dags/plugins/listener_plugin.py
[2026-06-03T12:32:05.132+0000] {processor.py:183} INFO - Processing /home/airflow/.local/lib/python3.8/site-packages/airflow/example_dags/plugins/listener_plugin.py took 0.015 seconds
[2026-06-03T12:32:35.714+0000] {processor.py:161} INFO - Started process (PID=4891) to work on /home/airflow/.local/lib/python3.8/site-packages/airflow/example_dags/plugins/listener_plugin.py
[2026-06-03T12:32:35.715+0000] {processor.py:830} INFO - Processing file /home/airflow/.local/lib/python3.8/site-packages/airflow/example_dags/plugins/listener_plugin.py for tasks to queue
[2026-06-03T12:32:35.716+0000] {logging_mixin.py:188} INFO - [2026-06-03T12:32:35.716+0000] {dagbag.py:538} INFO - Filling up the DagBag from /home/airflow/.local/lib/python3.8/site-packages/airflow/example_dags/plugins/listener_plugin.py
[2026-06-03T12:32:35.718+0000] {processor.py:842} WARNING - No viable dags retrieved from /home/airflow/.local/lib/python3.8/site-packages/airflow/example_dags/plugins/listener_plugin.py
[2026-06-03T12:32:35.732+0000] {processor.py:183} INFO - Processing /home/airflow/.local/lib/python3.8/site-packages/airflow/example_dags/plugins/listener_plugin.py took 0.020 seconds
[2026-06-03T12:33:05.928+0000] {processor.py:161} INFO - Started process (PID=4947) to work on /home/airflow/.local/lib/python3.8/site-packages/airflow/example_dags/plugins/listener_plugin.py
[2026-06-03T12:33:05.929+0000] {processor.py:830} INFO - Processing file /home/airflow/.local/lib/python3.8/site-packages/airflow/example_dags/plugins/listener_plugin.py for tasks to queue
[2026-06-03T12:33:05.931+0000] {logging_mixin.py:188} INFO - [2026-06-03T12:33:05.930+0000] {dagbag.py:538} INFO - Filling up the DagBag from /home/airflow/.local/lib/python3.8/site-packages/airflow/example_dags/plugins/listener_plugin.py
[2026-06-03T12:33:05.934+0000] {processor.py:842} WARNING - No viable dags retrieved from /home/airflow/.local/lib/python3.8/site-packages/airflow/example_dags/plugins/listener_plugin.py
[2026-06-03T12:33:05.947+0000] {processor.py:183} INFO - Processing /home/airflow/.local/lib/python3.8/site-packages/airflow/example_dags/plugins/listener_plugin.py took 0.021 seconds
[2026-06-03T12:33:36.197+0000] {processor.py:161} INFO - Started process (PID=5003) to work on /home/airflow/.local/lib/python3.8/site-packages/airflow/example_dags/plugins/listener_plugin.py
[2026-06-03T12:33:36.198+0000] {processor.py:830} INFO - Processing file /home/airflow/.local/lib/python3.8/site-packages/airflow/example_dags/plugins/listener_plugin.py for tasks to queue
[2026-06-03T12:33:36.200+0000] {logging_mixin.py:188} INFO - [2026-06-03T12:33:36.200+0000] {dagbag.py:538} INFO - Filling up the DagBag from /home/airflow/.local/lib/python3.8/site-packages/airflow/example_dags/plugins/listener_plugin.py
[2026-06-03T12:33:36.202+0000] {processor.py:842} WARNING - No viable dags retrieved from /home/airflow/.local/lib/python3.8/site-packages/airflow/example_dags/plugins/listener_plugin.py
[2026-06-03T12:33:36.214+0000] {processor.py:183} INFO - Processing /home/airflow/.local/lib/python3.8/site-packages/airflow/example_dags/plugins/listener_plugin.py took 0.019 seconds
[2026-06-03T12:34:06.670+0000] {processor.py:161} INFO - Started process (PID=5059) to work on /home/airflow/.local/lib/python3.8/site-packages/airflow/example_dags/plugins/listener_plugin.py
[2026-06-03T12:34:06.670+0000] {processor.py:830} INFO - Processing file /home/airflow/.local/lib/python3.8/site-packages/airflow/example_dags/plugins/listener_plugin.py for tasks to queue
[2026-06-03T12:34:06.671+0000] {logging_mixin.py:188} INFO - [2026-06-03T12:34:06.671+0000] {dagbag.py:538} INFO - Filling up the DagBag from /home/airflow/.local/lib/python3.8/site-packages/airflow/example_dags/plugins/listener_plugin.py
[2026-06-03T12:34:06.673+0000] {processor.py:842} WARNING - No viable dags retrieved from /home/airflow/.local/lib/python3.8/site-packages/airflow/example_dags/plugins/listener_plugin.py
[2026-06-03T12:34:06.682+0000] {processor.py:183} INFO - Processing /home/airflow/.local/lib/python3.8/site-packages/airflow/example_dags/plugins/listener_plugin.py took 0.014 seconds
[2026-06-03T12:34:37.101+0000] {processor.py:161} INFO - Started process (PID=5115) to work on /home/airflow/.local/lib/python3.8/site-packages/airflow/example_dags/plugins/listener_plugin.py
[2026-06-03T12:34:37.104+0000] {processor.py:830} INFO - Processing file /home/airflow/.local/lib/python3.8/site-packages/airflow/example_dags/plugins/listener_plugin.py for tasks to queue
[2026-06-03T12:34:37.107+0000] {logging_mixin.py:188} INFO - [2026-06-03T12:34:37.106+0000] {dagbag.py:538} INFO - Filling up the DagBag from /home/airflow/.local/lib/python3.8/site-packages/airflow/example_dags/plugins/listener_plugin.py
[2026-06-03T12:34:37.110+0000] {processor.py:842} WARNING - No viable dags retrieved from /home/airflow/.local/lib/python3.8/site-packages/airflow/example_dags/plugins/listener_plugin.py
[2026-06-03T12:34:37.123+0000] {processor.py:183} INFO - Processing /home/airflow/.local/lib/python3.8/site-packages/airflow/example_dags/plugins/listener_plugin.py took 0.025 seconds
[2026-06-03T12:35:07.295+0000] {processor.py:161} INFO - Started process (PID=5171) to work on /home/airflow/.local/lib/python3.8/site-packages/airflow/example_dags/plugins/listener_plugin.py
[2026-06-03T12:35:07.296+0000] {processor.py:830} INFO - Processing file /home/airflow/.local/lib/python3.8/site-packages/airflow/example_dags/plugins/listener_plugin.py for tasks to queue
[2026-06-03T12:35:07.297+0000] {logging_mixin.py:188} INFO - [2026-06-03T12:35:07.297+0000] {dagbag.py:538} INFO - Filling up the DagBag from /home/airflow/.local/lib/python3.8/site-packages/airflow/example_dags/plugins/listener_plugin.py
[2026-06-03T12:35:07.299+0000] {processor.py:842} WARNING - No viable dags retrieved from /home/airflow/.local/lib/python3.8/site-packages/airflow/example_dags/plugins/listener_plugin.py
[2026-06-03T12:35:07.309+0000] {processor.py:183} INFO - Processing /home/airflow/.local/lib/python3.8/site-packages/airflow/example_dags/plugins/listener_plugin.py took 0.021 seconds
[2026-06-03T12:35:37.628+0000] {processor.py:161} INFO - Started process (PID=5227) to work on /home/airflow/.local/lib/python3.8/site-packages/airflow/example_dags/plugins/listener_plugin.py
[2026-06-03T12:35:37.629+0000] {processor.py:830} INFO - Processing file /home/airflow/.local/lib/python3.8/site-packages/airflow/example_dags/plugins/listener_plugin.py for tasks to queue
[2026-06-03T12:35:37.631+0000] {logging_mixin.py:188} INFO - [2026-06-03T12:35:37.631+0000] {dagbag.py:538} INFO - Filling up the DagBag from /home/airflow/.local/lib/python3.8/site-packages/airflow/example_dags/plugins/listener_plugin.py
[2026-06-03T12:35:37.634+0000] {processor.py:842} WARNING - No viable dags retrieved from /home/airflow/.local/lib/python3.8/site-packages/airflow/example_dags/plugins/listener_plugin.py
[2026-06-03T12:35:37.661+0000] {processor.py:183} INFO - Processing /home/airflow/.local/lib/python3.8/site-packages/airflow/example_dags/plugins/listener_plugin.py took 0.036 seconds
[2026-06-03T12:36:07.889+0000] {processor.py:161} INFO - Started process (PID=5283) to work on /home/airflow/.local/lib/python3.8/site-packages/airflow/example_dags/plugins/listener_plugin.py
[2026-06-03T12:36:07.890+0000] {processor.py:830} INFO - Processing file /home/airflow/.local/lib/python3.8/site-packages/airflow/example_dags/plugins/listener_plugin.py for tasks to queue
[2026-06-03T12:36:07.892+0000] {logging_mixin.py:188} INFO - [2026-06-03T12:36:07.891+0000] {dagbag.py:538} INFO - Filling up the DagBag from /home/airflow/.local/lib/python3.8/site-packages/airflow/example_dags/plugins/listener_plugin.py
[2026-06-03T12:36:07.895+0000] {processor.py:842} WARNING - No viable dags retrieved from /home/airflow/.local/lib/python3.8/site-packages/airflow/example_dags/plugins/listener_plugin.py
[2026-06-03T12:36:07.905+0000] {processor.py:183} INFO - Processing /home/airflow/.local/lib/python3.8/site-packages/airflow/example_dags/plugins/listener_plugin.py took 0.018 seconds
[2026-06-03T12:36:38.072+0000] {processor.py:161} INFO - Started process (PID=5339) to work on /home/airflow/.local/lib/python3.8/site-packages/airflow/example_dags/plugins/listener_plugin.py
[2026-06-03T12:36:38.073+0000] {processor.py:830} INFO - Processing file /home/airflow/.local/lib/python3.8/site-packages/airflow/example_dags/plugins/listener_plugin.py for tasks to queue
[2026-06-03T12:36:38.077+0000] {logging_mixin.py:188} INFO - [2026-06-03T12:36:38.077+0000] {dagbag.py:538} INFO - Filling up the DagBag from /home/airflow/.local/lib/python3.8/site-packages/airflow/example_dags/plugins/listener_plugin.py
[2026-06-03T12:36:38.079+0000] {processor.py:842} WARNING - No viable dags retrieved from /home/airflow/.local/lib/python3.8/site-packages/airflow/example_dags/plugins/listener_plugin.py
[2026-06-03T12:36:38.093+0000] {processor.py:183} INFO - Processing /home/airflow/.local/lib/python3.8/site-packages/airflow/example_dags/plugins/listener_plugin.py took 0.022 seconds
[2026-06-03T12:37:08.275+0000] {processor.py:161} INFO - Started process (PID=5395) to work on /home/airflow/.local/lib/python3.8/site-packages/airflow/example_dags/plugins/listener_plugin.py
[2026-06-03T12:37:08.276+0000] {processor.py:830} INFO - Processing file /home/airflow/.local/lib/python3.8/site-packages/airflow/example_dags/plugins/listener_plugin.py for tasks to queue
[2026-06-03T12:37:08.278+0000] {logging_mixin.py:188} INFO - [2026-06-03T12:37:08.278+0000] {dagbag.py:538} INFO - Filling up the DagBag from /home/airflow/.local/lib/python3.8/site-packages/airflow/example_dags/plugins/listener_plugin.py
[2026-06-03T12:37:08.281+0000] {processor.py:842} WARNING - No viable dags retrieved from /home/airflow/.local/lib/python3.8/site-packages/airflow/example_dags/plugins/listener_plugin.py
[2026-06-03T12:37:08.292+0000] {processor.py:183} INFO - Processing /home/airflow/.local/lib/python3.8/site-packages/airflow/example_dags/plugins/listener_plugin.py took 0.018 seconds
[2026-06-03T12:37:38.834+0000] {processor.py:161} INFO - Started process (PID=5451) to work on /home/airflow/.local/lib/python3.8/site-packages/airflow/example_dags/plugins/listener_plugin.py
[2026-06-03T12:37:38.836+0000] {processor.py:830} INFO - Processing file /home/airflow/.local/lib/python3.8/site-packages/airflow/example_dags/plugins/listener_plugin.py for tasks to queue
[2026-06-03T12:37:38.838+0000] {logging_mixin.py:188} INFO - [2026-06-03T12:37:38.838+0000] {dagbag.py:538} INFO - Filling up the DagBag from /home/airflow/.local/lib/python3.8/site-packages/airflow/example_dags/plugins/listener_plugin.py
[2026-06-03T12:37:38.840+0000] {processor.py:842} WARNING - No viable dags retrieved from /home/airflow/.local/lib/python3.8/site-packages/airflow/example_dags/plugins/listener_plugin.py
[2026-06-03T12:37:38.854+0000] {processor.py:183} INFO - Processing /home/airflow/.local/lib/python3.8/site-packages/airflow/example_dags/plugins/listener_plugin.py took 0.023 seconds
[2026-06-03T12:38:09.106+0000] {processor.py:161} INFO - Started process (PID=5507) to work on /home/airflow/.local/lib/python3.8/site-packages/airflow/example_dags/plugins/listener_plugin.py
[2026-06-03T12:38:09.107+0000] {processor.py:830} INFO - Processing file /home/airflow/.local/lib/python3.8/site-packages/airflow/example_dags/plugins/listener_plugin.py for tasks to queue
[2026-06-03T12:38:09.108+0000] {logging_mixin.py:188} INFO - [2026-06-03T12:38:09.108+0000] {dagbag.py:538} INFO - Filling up the DagBag from /home/airflow/.local/lib/python3.8/site-packages/airflow/example_dags/plugins/listener_plugin.py
[2026-06-03T12:38:09.110+0000] {processor.py:842} WARNING - No viable dags retrieved from /home/airflow/.local/lib/python3.8/site-packages/airflow/example_dags/plugins/listener_plugin.py
[2026-06-03T12:38:09.125+0000] {processor.py:183} INFO - Processing /home/airflow/.local/lib/python3.8/site-packages/airflow/example_dags/plugins/listener_plugin.py took 0.021 seconds
[2026-06-03T12:38:40.078+0000] {processor.py:161} INFO - Started process (PID=5563) to work on /home/airflow/.local/lib/python3.8/site-packages/airflow/example_dags/plugins/listener_plugin.py
[2026-06-03T12:38:40.078+0000] {processor.py:830} INFO - Processing file /home/airflow/.local/lib/python3.8/site-packages/airflow/example_dags/plugins/listener_plugin.py for tasks to queue
[2026-06-03T12:38:40.080+0000] {logging_mixin.py:188} INFO - [2026-06-03T12:38:40.080+0000] {dagbag.py:538} INFO - Filling up the DagBag from /home/airflow/.local/lib/python3.8/site-packages/airflow/example_dags/plugins/listener_plugin.py
[2026-06-03T12:38:40.084+0000] {processor.py:842} WARNING - No viable dags retrieved from /home/airflow/.local/lib/python3.8/site-packages/airflow/example_dags/plugins/listener_plugin.py
[2026-06-03T12:38:40.098+0000] {processor.py:183} INFO - Processing /home/airflow/.local/lib/python3.8/site-packages/airflow/example_dags/plugins/listener_plugin.py took 0.024 seconds
[2026-06-03T12:39:10.965+0000] {processor.py:161} INFO - Started process (PID=5619) to work on /home/airflow/.local/lib/python3.8/site-packages/airflow/example_dags/plugins/listener_plugin.py
[2026-06-03T12:39:10.966+0000] {processor.py:830} INFO - Processing file /home/airflow/.local/lib/python3.8/site-packages/airflow/example_dags/plugins/listener_plugin.py for tasks to queue
[2026-06-03T12:39:10.968+0000] {logging_mixin.py:188} INFO - [2026-06-03T12:39:10.968+0000] {dagbag.py:538} INFO - Filling up the DagBag from /home/airflow/.local/lib/python3.8/site-packages/airflow/example_dags/plugins/listener_plugin.py
[2026-06-03T12:39:10.970+0000] {processor.py:842} WARNING - No viable dags retrieved from /home/airflow/.local/lib/python3.8/site-packages/airflow/example_dags/plugins/listener_plugin.py
[2026-06-03T12:39:10.979+0000] {processor.py:183} INFO - Processing /home/airflow/.local/lib/python3.8/site-packages/airflow/example_dags/plugins/listener_plugin.py took 0.016 seconds
[2026-06-03T12:39:41.361+0000] {processor.py:161} INFO - Started process (PID=5675) to work on /home/airflow/.local/lib/python3.8/site-packages/airflow/example_dags/plugins/listener_plugin.py
[2026-06-03T12:39:41.362+0000] {processor.py:830} INFO - Processing file /home/airflow/.local/lib/python3.8/site-packages/airflow/example_dags/plugins/listener_plugin.py for tasks to queue
[2026-06-03T12:39:41.365+0000] {logging_mixin.py:188} INFO - [2026-06-03T12:39:41.365+0000] {dagbag.py:538} INFO - Filling up the DagBag from /home/airflow/.local/lib/python3.8/site-packages/airflow/example_dags/plugins/listener_plugin.py
[2026-06-03T12:39:41.369+0000] {processor.py:842} WARNING - No viable dags retrieved from /home/airflow/.local/lib/python3.8/site-packages/airflow/example_dags/plugins/listener_plugin.py
[2026-06-03T12:39:41.383+0000] {processor.py:183} INFO - Processing /home/airflow/.local/lib/python3.8/site-packages/airflow/example_dags/plugins/listener_plugin.py took 0.026 seconds
[2026-06-03T12:40:11.484+0000] {processor.py:161} INFO - Started process (PID=5731) to work on /home/airflow/.local/lib/python3.8/site-packages/airflow/example_dags/plugins/listener_plugin.py
[2026-06-03T12:40:11.485+0000] {processor.py:830} INFO - Processing file /home/airflow/.local/lib/python3.8/site-packages/airflow/example_dags/plugins/listener_plugin.py for tasks to queue
[2026-06-03T12:40:11.487+0000] {logging_mixin.py:188} INFO - [2026-06-03T12:40:11.486+0000] {dagbag.py:538} INFO - Filling up the DagBag from /home/airflow/.local/lib/python3.8/site-packages/airflow/example_dags/plugins/listener_plugin.py
[2026-06-03T12:40:11.492+0000] {processor.py:842} WARNING - No viable dags retrieved from /home/airflow/.local/lib/python3.8/site-packages/airflow/example_dags/plugins/listener_plugin.py
[2026-06-03T12:40:11.528+0000] {processor.py:183} INFO - Processing /home/airflow/.local/lib/python3.8/site-packages/airflow/example_dags/plugins/listener_plugin.py took 0.047 seconds
[2026-06-03T12:40:41.962+0000] {processor.py:161} INFO - Started process (PID=5787) to work on /home/airflow/.local/lib/python3.8/site-packages/airflow/example_dags/plugins/listener_plugin.py
[2026-06-03T12:40:41.963+0000] {processor.py:830} INFO - Processing file /home/airflow/.local/lib/python3.8/site-packages/airflow/example_dags/plugins/listener_plugin.py for tasks to queue
[2026-06-03T12:40:41.964+0000] {logging_mixin.py:188} INFO - [2026-06-03T12:40:41.964+0000] {dagbag.py:538} INFO - Filling up the DagBag from /home/airflow/.local/lib/python3.8/site-packages/airflow/example_dags/plugins/listener_plugin.py
[2026-06-03T12:40:41.969+0000] {processor.py:842} WARNING - No viable dags retrieved from /home/airflow/.local/lib/python3.8/site-packages/airflow/example_dags/plugins/listener_plugin.py
[2026-06-03T12:40:41.985+0000] {processor.py:183} INFO - Processing /home/airflow/.local/lib/python3.8/site-packages/airflow/example_dags/plugins/listener_plugin.py took 0.024 seconds
[2026-06-03T12:41:12.310+0000] {processor.py:161} INFO - Started process (PID=5843) to work on /home/airflow/.local/lib/python3.8/site-packages/airflow/example_dags/plugins/listener_plugin.py
[2026-06-03T12:41:12.311+0000] {processor.py:830} INFO - Processing file /home/airflow/.local/lib/python3.8/site-packages/airflow/example_dags/plugins/listener_plugin.py for tasks to queue
[2026-06-03T12:41:12.313+0000] {logging_mixin.py:188} INFO - [2026-06-03T12:41:12.313+0000] {dagbag.py:538} INFO - Filling up the DagBag from /home/airflow/.local/lib/python3.8/site-packages/airflow/example_dags/plugins/listener_plugin.py
[2026-06-03T12:41:12.315+0000] {processor.py:842} WARNING - No viable dags retrieved from /home/airflow/.local/lib/python3.8/site-packages/airflow/example_dags/plugins/listener_plugin.py
[2026-06-03T12:41:12.325+0000] {processor.py:183} INFO - Processing /home/airflow/.local/lib/python3.8/site-packages/airflow/example_dags/plugins/listener_plugin.py took 0.019 seconds
[2026-06-03T12:41:42.947+0000] {processor.py:161} INFO - Started process (PID=5899) to work on /home/airflow/.local/lib/python3.8/site-packages/airflow/example_dags/plugins/listener_plugin.py
[2026-06-03T12:41:42.948+0000] {processor.py:830} INFO - Processing file /home/airflow/.local/lib/python3.8/site-packages/airflow/example_dags/plugins/listener_plugin.py for tasks to queue
[2026-06-03T12:41:42.950+0000] {logging_mixin.py:188} INFO - [2026-06-03T12:41:42.950+0000] {dagbag.py:538} INFO - Filling up the DagBag from /home/airflow/.local/lib/python3.8/site-packages/airflow/example_dags/plugins/listener_plugin.py
[2026-06-03T12:41:42.954+0000] {processor.py:842} WARNING - No viable dags retrieved from /home/airflow/.local/lib/python3.8/site-packages/airflow/example_dags/plugins/listener_plugin.py
[2026-06-03T12:41:42.971+0000] {processor.py:183} INFO - Processing /home/airflow/.local/lib/python3.8/site-packages/airflow/example_dags/plugins/listener_plugin.py took 0.027 seconds
[2026-06-03T12:42:13.998+0000] {processor.py:161} INFO - Started process (PID=5955) to work on /home/airflow/.local/lib/python3.8/site-packages/airflow/example_dags/plugins/listener_plugin.py
[2026-06-03T12:42:13.999+0000] {processor.py:830} INFO - Processing file /home/airflow/.local/lib/python3.8/site-packages/airflow/example_dags/plugins/listener_plugin.py for tasks to queue
[2026-06-03T12:42:14.000+0000] {logging_mixin.py:188} INFO - [2026-06-03T12:42:14.000+0000] {dagbag.py:538} INFO - Filling up the DagBag from /home/airflow/.local/lib/python3.8/site-packages/airflow/example_dags/plugins/listener_plugin.py
[2026-06-03T12:42:14.001+0000] {processor.py:842} WARNING - No viable dags retrieved from /home/airflow/.local/lib/python3.8/site-packages/airflow/example_dags/plugins/listener_plugin.py
[2026-06-03T12:42:14.012+0000] {processor.py:183} INFO - Processing /home/airflow/.local/lib/python3.8/site-packages/airflow/example_dags/plugins/listener_plugin.py took 0.015 seconds
[2026-06-03T12:42:44.525+0000] {processor.py:161} INFO - Started process (PID=6011) to work on /home/airflow/.local/lib/python3.8/site-packages/airflow/example_dags/plugins/listener_plugin.py
[2026-06-03T12:42:44.526+0000] {processor.py:830} INFO - Processing file /home/airflow/.local/lib/python3.8/site-packages/airflow/example_dags/plugins/listener_plugin.py for tasks to queue
[2026-06-03T12:42:44.528+0000] {logging_mixin.py:188} INFO - [2026-06-03T12:42:44.528+0000] {dagbag.py:538} INFO - Filling up the DagBag from /home/airflow/.local/lib/python3.8/site-packages/airflow/example_dags/plugins/listener_plugin.py
[2026-06-03T12:42:44.530+0000] {processor.py:842} WARNING - No viable dags retrieved from /home/airflow/.local/lib/python3.8/site-packages/airflow/example_dags/plugins/listener_plugin.py
[2026-06-03T12:42:44.539+0000] {processor.py:183} INFO - Processing /home/airflow/.local/lib/python3.8/site-packages/airflow/example_dags/plugins/listener_plugin.py took 0.017 seconds
[2026-06-03T12:43:15.310+0000] {processor.py:161} INFO - Started process (PID=6067) to work on /home/airflow/.local/lib/python3.8/site-packages/airflow/example_dags/plugins/listener_plugin.py
[2026-06-03T12:43:15.311+0000] {processor.py:830} INFO - Processing file /home/airflow/.local/lib/python3.8/site-packages/airflow/example_dags/plugins/listener_plugin.py for tasks to queue
[2026-06-03T12:43:15.312+0000] {logging_mixin.py:188} INFO - [2026-06-03T12:43:15.312+0000] {dagbag.py:538} INFO - Filling up the DagBag from /home/airflow/.local/lib/python3.8/site-packages/airflow/example_dags/plugins/listener_plugin.py
[2026-06-03T12:43:15.314+0000] {processor.py:842} WARNING - No viable dags retrieved from /home/airflow/.local/lib/python3.8/site-packages/airflow/example_dags/plugins/listener_plugin.py
[2026-06-03T12:43:15.322+0000] {processor.py:183} INFO - Processing /home/airflow/.local/lib/python3.8/site-packages/airflow/example_dags/plugins/listener_plugin.py took 0.014 seconds
[2026-06-03T12:43:45.835+0000] {processor.py:161} INFO - Started process (PID=6123) to work on /home/airflow/.local/lib/python3.8/site-packages/airflow/example_dags/plugins/listener_plugin.py
[2026-06-03T12:43:45.836+0000] {processor.py:830} INFO - Processing file /home/airflow/.local/lib/python3.8/site-packages/airflow/example_dags/plugins/listener_plugin.py for tasks to queue
[2026-06-03T12:43:45.837+0000] {logging_mixin.py:188} INFO - [2026-06-03T12:43:45.837+0000] {dagbag.py:538} INFO - Filling up the DagBag from /home/airflow/.local/lib/python3.8/site-packages/airflow/example_dags/plugins/listener_plugin.py
[2026-06-03T12:43:45.838+0000] {processor.py:842} WARNING - No viable dags retrieved from /home/airflow/.local/lib/python3.8/site-packages/airflow/example_dags/plugins/listener_plugin.py
[2026-06-03T12:43:45.848+0000] {processor.py:183} INFO - Processing /home/airflow/.local/lib/python3.8/site-packages/airflow/example_dags/plugins/listener_plugin.py took 0.015 seconds
[2026-06-03T12:44:16.618+0000] {processor.py:161} INFO - Started process (PID=6180) to work on /home/airflow/.local/lib/python3.8/site-packages/airflow/example_dags/plugins/listener_plugin.py
[2026-06-03T12:44:16.618+0000] {processor.py:830} INFO - Processing file /home/airflow/.local/lib/python3.8/site-packages/airflow/example_dags/plugins/listener_plugin.py for tasks to queue
[2026-06-03T12:44:16.619+0000] {logging_mixin.py:188} INFO - [2026-06-03T12:44:16.619+0000] {dagbag.py:538} INFO - Filling up the DagBag from /home/airflow/.local/lib/python3.8/site-packages/airflow/example_dags/plugins/listener_plugin.py
[2026-06-03T12:44:16.621+0000] {processor.py:842} WARNING - No viable dags retrieved from /home/airflow/.local/lib/python3.8/site-packages/airflow/example_dags/plugins/listener_plugin.py
[2026-06-03T12:44:16.630+0000] {processor.py:183} INFO - Processing /home/airflow/.local/lib/python3.8/site-packages/airflow/example_dags/plugins/listener_plugin.py took 0.014 seconds
[2026-06-03T12:44:46.869+0000] {processor.py:161} INFO - Started process (PID=6249) to work on /home/airflow/.local/lib/python3.8/site-packages/airflow/example_dags/plugins/listener_plugin.py
[2026-06-03T12:44:46.870+0000] {processor.py:830} INFO - Processing file /home/airflow/.local/lib/python3.8/site-packages/airflow/example_dags/plugins/listener_plugin.py for tasks to queue
[2026-06-03T12:44:46.873+0000] {logging_mixin.py:188} INFO - [2026-06-03T12:44:46.873+0000] {dagbag.py:538} INFO - Filling up the DagBag from /home/airflow/.local/lib/python3.8/site-packages/airflow/example_dags/plugins/listener_plugin.py
[2026-06-03T12:44:46.875+0000] {processor.py:842} WARNING - No viable dags retrieved from /home/airflow/.local/lib/python3.8/site-packages/airflow/example_dags/plugins/listener_plugin.py
[2026-06-03T12:44:46.885+0000] {processor.py:183} INFO - Processing /home/airflow/.local/lib/python3.8/site-packages/airflow/example_dags/plugins/listener_plugin.py took 0.017 seconds
[2026-06-03T12:45:17.928+0000] {processor.py:161} INFO - Started process (PID=6311) to work on /home/airflow/.local/lib/python3.8/site-packages/airflow/example_dags/plugins/listener_plugin.py
[2026-06-03T12:45:17.929+0000] {processor.py:830} INFO - Processing file /home/airflow/.local/lib/python3.8/site-packages/airflow/example_dags/plugins/listener_plugin.py for tasks to queue
[2026-06-03T12:45:17.930+0000] {logging_mixin.py:188} INFO - [2026-06-03T12:45:17.930+0000] {dagbag.py:538} INFO - Filling up the DagBag from /home/airflow/.local/lib/python3.8/site-packages/airflow/example_dags/plugins/listener_plugin.py
[2026-06-03T12:45:17.932+0000] {processor.py:842} WARNING - No viable dags retrieved from /home/airflow/.local/lib/python3.8/site-packages/airflow/example_dags/plugins/listener_plugin.py
[2026-06-03T12:45:17.949+0000] {processor.py:183} INFO - Processing /home/airflow/.local/lib/python3.8/site-packages/airflow/example_dags/plugins/listener_plugin.py took 0.024 seconds
[2026-06-03T12:45:49.018+0000] {processor.py:161} INFO - Started process (PID=6373) to work on /home/airflow/.local/lib/python3.8/site-packages/airflow/example_dags/plugins/listener_plugin.py
[2026-06-03T12:45:49.019+0000] {processor.py:830} INFO - Processing file /home/airflow/.local/lib/python3.8/site-packages/airflow/example_dags/plugins/listener_plugin.py for tasks to queue
[2026-06-03T12:45:49.021+0000] {logging_mixin.py:188} INFO - [2026-06-03T12:45:49.021+0000] {dagbag.py:538} INFO - Filling up the DagBag from /home/airflow/.local/lib/python3.8/site-packages/airflow/example_dags/plugins/listener_plugin.py
[2026-06-03T12:45:49.024+0000] {processor.py:842} WARNING - No viable dags retrieved from /home/airflow/.local/lib/python3.8/site-packages/airflow/example_dags/plugins/listener_plugin.py
[2026-06-03T12:45:49.038+0000] {processor.py:183} INFO - Processing /home/airflow/.local/lib/python3.8/site-packages/airflow/example_dags/plugins/listener_plugin.py took 0.022 seconds
[2026-06-03T12:46:19.539+0000] {processor.py:161} INFO - Started process (PID=6428) to work on /home/airflow/.local/lib/python3.8/site-packages/airflow/example_dags/plugins/listener_plugin.py
[2026-06-03T12:46:19.539+0000] {processor.py:830} INFO - Processing file /home/airflow/.local/lib/python3.8/site-packages/airflow/example_dags/plugins/listener_plugin.py for tasks to queue
[2026-06-03T12:46:19.540+0000] {logging_mixin.py:188} INFO - [2026-06-03T12:46:19.540+0000] {dagbag.py:538} INFO - Filling up the DagBag from /home/airflow/.local/lib/python3.8/site-packages/airflow/example_dags/plugins/listener_plugin.py
[2026-06-03T12:46:19.542+0000] {processor.py:842} WARNING - No viable dags retrieved from /home/airflow/.local/lib/python3.8/site-packages/airflow/example_dags/plugins/listener_plugin.py
[2026-06-03T12:46:19.550+0000] {processor.py:183} INFO - Processing /home/airflow/.local/lib/python3.8/site-packages/airflow/example_dags/plugins/listener_plugin.py took 0.013 seconds
[2026-06-03T12:46:50.095+0000] {processor.py:161} INFO - Started process (PID=6484) to work on /home/airflow/.local/lib/python3.8/site-packages/airflow/example_dags/plugins/listener_plugin.py
[2026-06-03T12:46:50.096+0000] {processor.py:830} INFO - Processing file /home/airflow/.local/lib/python3.8/site-packages/airflow/example_dags/plugins/listener_plugin.py for tasks to queue
[2026-06-03T12:46:50.097+0000] {logging_mixin.py:188} INFO - [2026-06-03T12:46:50.097+0000] {dagbag.py:538} INFO - Filling up the DagBag from /home/airflow/.local/lib/python3.8/site-packages/airflow/example_dags/plugins/listener_plugin.py
[2026-06-03T12:46:50.099+0000] {processor.py:842} WARNING - No viable dags retrieved from /home/airflow/.local/lib/python3.8/site-packages/airflow/example_dags/plugins/listener_plugin.py
[2026-06-03T12:46:50.107+0000] {processor.py:183} INFO - Processing /home/airflow/.local/lib/python3.8/site-packages/airflow/example_dags/plugins/listener_plugin.py took 0.014 seconds
[2026-06-03T12:47:21.171+0000] {processor.py:161} INFO - Started process (PID=6540) to work on /home/airflow/.local/lib/python3.8/site-packages/airflow/example_dags/plugins/listener_plugin.py
[2026-06-03T12:47:21.172+0000] {processor.py:830} INFO - Processing file /home/airflow/.local/lib/python3.8/site-packages/airflow/example_dags/plugins/listener_plugin.py for tasks to queue
[2026-06-03T12:47:21.173+0000] {logging_mixin.py:188} INFO - [2026-06-03T12:47:21.173+0000] {dagbag.py:538} INFO - Filling up the DagBag from /home/airflow/.local/lib/python3.8/site-packages/airflow/example_dags/plugins/listener_plugin.py
[2026-06-03T12:47:21.176+0000] {processor.py:842} WARNING - No viable dags retrieved from /home/airflow/.local/lib/python3.8/site-packages/airflow/example_dags/plugins/listener_plugin.py
[2026-06-03T12:47:21.188+0000] {processor.py:183} INFO - Processing /home/airflow/.local/lib/python3.8/site-packages/airflow/example_dags/plugins/listener_plugin.py took 0.022 seconds
[2026-06-03T12:47:51.743+0000] {processor.py:161} INFO - Started process (PID=6596) to work on /home/airflow/.local/lib/python3.8/site-packages/airflow/example_dags/plugins/listener_plugin.py
[2026-06-03T12:47:51.744+0000] {processor.py:830} INFO - Processing file /home/airflow/.local/lib/python3.8/site-packages/airflow/example_dags/plugins/listener_plugin.py for tasks to queue
[2026-06-03T12:47:51.745+0000] {logging_mixin.py:188} INFO - [2026-06-03T12:47:51.745+0000] {dagbag.py:538} INFO - Filling up the DagBag from /home/airflow/.local/lib/python3.8/site-packages/airflow/example_dags/plugins/listener_plugin.py
[2026-06-03T12:47:51.749+0000] {processor.py:842} WARNING - No viable dags retrieved from /home/airflow/.local/lib/python3.8/site-packages/airflow/example_dags/plugins/listener_plugin.py
[2026-06-03T12:47:51.760+0000] {processor.py:183} INFO - Processing /home/airflow/.local/lib/python3.8/site-packages/airflow/example_dags/plugins/listener_plugin.py took 0.019 seconds
[2026-06-03T12:48:22.687+0000] {processor.py:161} INFO - Started process (PID=6652) to work on /home/airflow/.local/lib/python3.8/site-packages/airflow/example_dags/plugins/listener_plugin.py
[2026-06-03T12:48:22.688+0000] {processor.py:830} INFO - Processing file /home/airflow/.local/lib/python3.8/site-packages/airflow/example_dags/plugins/listener_plugin.py for tasks to queue
[2026-06-03T12:48:22.691+0000] {logging_mixin.py:188} INFO - [2026-06-03T12:48:22.690+0000] {dagbag.py:538} INFO - Filling up the DagBag from /home/airflow/.local/lib/python3.8/site-packages/airflow/example_dags/plugins/listener_plugin.py
[2026-06-03T12:48:22.694+0000] {processor.py:842} WARNING - No viable dags retrieved from /home/airflow/.local/lib/python3.8/site-packages/airflow/example_dags/plugins/listener_plugin.py
[2026-06-03T12:48:22.713+0000] {processor.py:183} INFO - Processing /home/airflow/.local/lib/python3.8/site-packages/airflow/example_dags/plugins/listener_plugin.py took 0.028 seconds
[2026-06-03T12:48:53.540+0000] {processor.py:161} INFO - Started process (PID=6707) to work on /home/airflow/.local/lib/python3.8/site-packages/airflow/example_dags/plugins/listener_plugin.py
[2026-06-03T12:48:53.541+0000] {processor.py:830} INFO - Processing file /home/airflow/.local/lib/python3.8/site-packages/airflow/example_dags/plugins/listener_plugin.py for tasks to queue
[2026-06-03T12:48:53.543+0000] {logging_mixin.py:188} INFO - [2026-06-03T12:48:53.543+0000] {dagbag.py:538} INFO - Filling up the DagBag from /home/airflow/.local/lib/python3.8/site-packages/airflow/example_dags/plugins/listener_plugin.py
[2026-06-03T12:48:53.546+0000] {processor.py:842} WARNING - No viable dags retrieved from /home/airflow/.local/lib/python3.8/site-packages/airflow/example_dags/plugins/listener_plugin.py
[2026-06-03T12:48:53.569+0000] {processor.py:183} INFO - Processing /home/airflow/.local/lib/python3.8/site-packages/airflow/example_dags/plugins/listener_plugin.py took 0.032 seconds
[2026-06-03T12:49:23.888+0000] {processor.py:161} INFO - Started process (PID=6762) to work on /home/airflow/.local/lib/python3.8/site-packages/airflow/example_dags/plugins/listener_plugin.py
[2026-06-03T12:49:23.889+0000] {processor.py:830} INFO - Processing file /home/airflow/.local/lib/python3.8/site-packages/airflow/example_dags/plugins/listener_plugin.py for tasks to queue
[2026-06-03T12:49:23.890+0000] {logging_mixin.py:188} INFO - [2026-06-03T12:49:23.889+0000] {dagbag.py:538} INFO - Filling up the DagBag from /home/airflow/.local/lib/python3.8/site-packages/airflow/example_dags/plugins/listener_plugin.py
[2026-06-03T12:49:23.892+0000] {processor.py:842} WARNING - No viable dags retrieved from /home/airflow/.local/lib/python3.8/site-packages/airflow/example_dags/plugins/listener_plugin.py
[2026-06-03T12:49:23.897+0000] {processor.py:183} INFO - Processing /home/airflow/.local/lib/python3.8/site-packages/airflow/example_dags/plugins/listener_plugin.py took 0.011 seconds
[2026-06-03T12:49:54.673+0000] {processor.py:161} INFO - Started process (PID=6818) to work on /home/airflow/.local/lib/python3.8/site-packages/airflow/example_dags/plugins/listener_plugin.py
[2026-06-03T12:49:54.673+0000] {processor.py:830} INFO - Processing file /home/airflow/.local/lib/python3.8/site-packages/airflow/example_dags/plugins/listener_plugin.py for tasks to queue
[2026-06-03T12:49:54.674+0000] {logging_mixin.py:188} INFO - [2026-06-03T12:49:54.674+0000] {dagbag.py:538} INFO - Filling up the DagBag from /home/airflow/.local/lib/python3.8/site-packages/airflow/example_dags/plugins/listener_plugin.py
[2026-06-03T12:49:54.676+0000] {processor.py:842} WARNING - No viable dags retrieved from /home/airflow/.local/lib/python3.8/site-packages/airflow/example_dags/plugins/listener_plugin.py
[2026-06-03T12:49:54.687+0000] {processor.py:183} INFO - Processing /home/airflow/.local/lib/python3.8/site-packages/airflow/example_dags/plugins/listener_plugin.py took 0.016 seconds
[2026-06-03T12:50:25.474+0000] {processor.py:161} INFO - Started process (PID=6874) to work on /home/airflow/.local/lib/python3.8/site-packages/airflow/example_dags/plugins/listener_plugin.py
[2026-06-03T12:50:25.475+0000] {processor.py:830} INFO - Processing file /home/airflow/.local/lib/python3.8/site-packages/airflow/example_dags/plugins/listener_plugin.py for tasks to queue
[2026-06-03T12:50:25.476+0000] {logging_mixin.py:188} INFO - [2026-06-03T12:50:25.476+0000] {dagbag.py:538} INFO - Filling up the DagBag from /home/airflow/.local/lib/python3.8/site-packages/airflow/example_dags/plugins/listener_plugin.py
[2026-06-03T12:50:25.478+0000] {processor.py:842} WARNING - No viable dags retrieved from /home/airflow/.local/lib/python3.8/site-packages/airflow/example_dags/plugins/listener_plugin.py
[2026-06-03T12:50:25.486+0000] {processor.py:183} INFO - Processing /home/airflow/.local/lib/python3.8/site-packages/airflow/example_dags/plugins/listener_plugin.py took 0.015 seconds
[2026-06-03T12:51:03.014+0000] {processor.py:161} INFO - Started process (PID=97) to work on /home/airflow/.local/lib/python3.8/site-packages/airflow/example_dags/plugins/listener_plugin.py
[2026-06-03T12:51:03.021+0000] {processor.py:830} INFO - Processing file /home/airflow/.local/lib/python3.8/site-packages/airflow/example_dags/plugins/listener_plugin.py for tasks to queue
[2026-06-03T12:51:03.022+0000] {logging_mixin.py:188} INFO - [2026-06-03T12:51:03.022+0000] {dagbag.py:538} INFO - Filling up the DagBag from /home/airflow/.local/lib/python3.8/site-packages/airflow/example_dags/plugins/listener_plugin.py
[2026-06-03T12:51:03.026+0000] {processor.py:842} WARNING - No viable dags retrieved from /home/airflow/.local/lib/python3.8/site-packages/airflow/example_dags/plugins/listener_plugin.py
[2026-06-03T12:51:03.037+0000] {processor.py:183} INFO - Processing /home/airflow/.local/lib/python3.8/site-packages/airflow/example_dags/plugins/listener_plugin.py took 0.029 seconds
[2026-06-03T12:51:33.081+0000] {processor.py:161} INFO - Started process (PID=152) to work on /home/airflow/.local/lib/python3.8/site-packages/airflow/example_dags/plugins/listener_plugin.py
[2026-06-03T12:51:33.082+0000] {processor.py:830} INFO - Processing file /home/airflow/.local/lib/python3.8/site-packages/airflow/example_dags/plugins/listener_plugin.py for tasks to queue
[2026-06-03T12:51:33.083+0000] {logging_mixin.py:188} INFO - [2026-06-03T12:51:33.083+0000] {dagbag.py:538} INFO - Filling up the DagBag from /home/airflow/.local/lib/python3.8/site-packages/airflow/example_dags/plugins/listener_plugin.py
[2026-06-03T12:51:33.084+0000] {processor.py:842} WARNING - No viable dags retrieved from /home/airflow/.local/lib/python3.8/site-packages/airflow/example_dags/plugins/listener_plugin.py
[2026-06-03T12:51:33.093+0000] {processor.py:183} INFO - Processing /home/airflow/.local/lib/python3.8/site-packages/airflow/example_dags/plugins/listener_plugin.py took 0.013 seconds
[2026-06-03T12:52:03.812+0000] {processor.py:161} INFO - Started process (PID=208) to work on /home/airflow/.local/lib/python3.8/site-packages/airflow/example_dags/plugins/listener_plugin.py
[2026-06-03T12:52:03.813+0000] {processor.py:830} INFO - Processing file /home/airflow/.local/lib/python3.8/site-packages/airflow/example_dags/plugins/listener_plugin.py for tasks to queue
[2026-06-03T12:52:03.815+0000] {logging_mixin.py:188} INFO - [2026-06-03T12:52:03.815+0000] {dagbag.py:538} INFO - Filling up the DagBag from /home/airflow/.local/lib/python3.8/site-packages/airflow/example_dags/plugins/listener_plugin.py
[2026-06-03T12:52:03.817+0000] {processor.py:842} WARNING - No viable dags retrieved from /home/airflow/.local/lib/python3.8/site-packages/airflow/example_dags/plugins/listener_plugin.py
[2026-06-03T12:52:03.829+0000] {processor.py:183} INFO - Processing /home/airflow/.local/lib/python3.8/site-packages/airflow/example_dags/plugins/listener_plugin.py took 0.019 seconds
[2026-06-03T12:52:34.463+0000] {processor.py:161} INFO - Started process (PID=264) to work on /home/airflow/.local/lib/python3.8/site-packages/airflow/example_dags/plugins/listener_plugin.py
[2026-06-03T12:52:34.463+0000] {processor.py:830} INFO - Processing file /home/airflow/.local/lib/python3.8/site-packages/airflow/example_dags/plugins/listener_plugin.py for tasks to queue
[2026-06-03T12:52:34.464+0000] {logging_mixin.py:188} INFO - [2026-06-03T12:52:34.464+0000] {dagbag.py:538} INFO - Filling up the DagBag from /home/airflow/.local/lib/python3.8/site-packages/airflow/example_dags/plugins/listener_plugin.py
[2026-06-03T12:52:34.466+0000] {processor.py:842} WARNING - No viable dags retrieved from /home/airflow/.local/lib/python3.8/site-packages/airflow/example_dags/plugins/listener_plugin.py
[2026-06-03T12:52:34.476+0000] {processor.py:183} INFO - Processing /home/airflow/.local/lib/python3.8/site-packages/airflow/example_dags/plugins/listener_plugin.py took 0.014 seconds
[2026-06-03T12:53:04.851+0000] {processor.py:161} INFO - Started process (PID=320) to work on /home/airflow/.local/lib/python3.8/site-packages/airflow/example_dags/plugins/listener_plugin.py
[2026-06-03T12:53:04.852+0000] {processor.py:830} INFO - Processing file /home/airflow/.local/lib/python3.8/site-packages/airflow/example_dags/plugins/listener_plugin.py for tasks to queue
[2026-06-03T12:53:04.853+0000] {logging_mixin.py:188} INFO - [2026-06-03T12:53:04.853+0000] {dagbag.py:538} INFO - Filling up the DagBag from /home/airflow/.local/lib/python3.8/site-packages/airflow/example_dags/plugins/listener_plugin.py
[2026-06-03T12:53:04.856+0000] {processor.py:842} WARNING - No viable dags retrieved from /home/airflow/.local/lib/python3.8/site-packages/airflow/example_dags/plugins/listener_plugin.py
[2026-06-03T12:53:04.866+0000] {processor.py:183} INFO - Processing /home/airflow/.local/lib/python3.8/site-packages/airflow/example_dags/plugins/listener_plugin.py took 0.017 seconds
[2026-06-03T12:53:35.545+0000] {processor.py:161} INFO - Started process (PID=376) to work on /home/airflow/.local/lib/python3.8/site-packages/airflow/example_dags/plugins/listener_plugin.py
[2026-06-03T12:53:35.545+0000] {processor.py:830} INFO - Processing file /home/airflow/.local/lib/python3.8/site-packages/airflow/example_dags/plugins/listener_plugin.py for tasks to queue
[2026-06-03T12:53:35.547+0000] {logging_mixin.py:188} INFO - [2026-06-03T12:53:35.547+0000] {dagbag.py:538} INFO - Filling up the DagBag from /home/airflow/.local/lib/python3.8/site-packages/airflow/example_dags/plugins/listener_plugin.py
[2026-06-03T12:53:35.549+0000] {processor.py:842} WARNING - No viable dags retrieved from /home/airflow/.local/lib/python3.8/site-packages/airflow/example_dags/plugins/listener_plugin.py
[2026-06-03T12:53:35.556+0000] {processor.py:183} INFO - Processing /home/airflow/.local/lib/python3.8/site-packages/airflow/example_dags/plugins/listener_plugin.py took 0.016 seconds
[2026-06-03T12:54:06.404+0000] {processor.py:161} INFO - Started process (PID=432) to work on /home/airflow/.local/lib/python3.8/site-packages/airflow/example_dags/plugins/listener_plugin.py
[2026-06-03T12:54:06.405+0000] {processor.py:830} INFO - Processing file /home/airflow/.local/lib/python3.8/site-packages/airflow/example_dags/plugins/listener_plugin.py for tasks to queue
[2026-06-03T12:54:06.407+0000] {logging_mixin.py:188} INFO - [2026-06-03T12:54:06.407+0000] {dagbag.py:538} INFO - Filling up the DagBag from /home/airflow/.local/lib/python3.8/site-packages/airflow/example_dags/plugins/listener_plugin.py
[2026-06-03T12:54:06.412+0000] {processor.py:842} WARNING - No viable dags retrieved from /home/airflow/.local/lib/python3.8/site-packages/airflow/example_dags/plugins/listener_plugin.py
[2026-06-03T12:54:06.424+0000] {processor.py:183} INFO - Processing /home/airflow/.local/lib/python3.8/site-packages/airflow/example_dags/plugins/listener_plugin.py took 0.024 seconds
[2026-06-03T12:54:37.581+0000] {processor.py:161} INFO - Started process (PID=488) to work on /home/airflow/.local/lib/python3.8/site-packages/airflow/example_dags/plugins/listener_plugin.py
[2026-06-03T12:54:37.582+0000] {processor.py:830} INFO - Processing file /home/airflow/.local/lib/python3.8/site-packages/airflow/example_dags/plugins/listener_plugin.py for tasks to queue
[2026-06-03T12:54:37.583+0000] {logging_mixin.py:188} INFO - [2026-06-03T12:54:37.583+0000] {dagbag.py:538} INFO - Filling up the DagBag from /home/airflow/.local/lib/python3.8/site-packages/airflow/example_dags/plugins/listener_plugin.py
[2026-06-03T12:54:37.585+0000] {processor.py:842} WARNING - No viable dags retrieved from /home/airflow/.local/lib/python3.8/site-packages/airflow/example_dags/plugins/listener_plugin.py
[2026-06-03T12:54:37.594+0000] {processor.py:183} INFO - Processing /home/airflow/.local/lib/python3.8/site-packages/airflow/example_dags/plugins/listener_plugin.py took 0.014 seconds
[2026-06-03T12:55:08.190+0000] {processor.py:161} INFO - Started process (PID=544) to work on /home/airflow/.local/lib/python3.8/site-packages/airflow/example_dags/plugins/listener_plugin.py
[2026-06-03T12:55:08.190+0000] {processor.py:830} INFO - Processing file /home/airflow/.local/lib/python3.8/site-packages/airflow/example_dags/plugins/listener_plugin.py for tasks to queue
[2026-06-03T12:55:08.193+0000] {logging_mixin.py:188} INFO - [2026-06-03T12:55:08.193+0000] {dagbag.py:538} INFO - Filling up the DagBag from /home/airflow/.local/lib/python3.8/site-packages/airflow/example_dags/plugins/listener_plugin.py
[2026-06-03T12:55:08.195+0000] {processor.py:842} WARNING - No viable dags retrieved from /home/airflow/.local/lib/python3.8/site-packages/airflow/example_dags/plugins/listener_plugin.py
[2026-06-03T12:55:08.207+0000] {processor.py:183} INFO - Processing /home/airflow/.local/lib/python3.8/site-packages/airflow/example_dags/plugins/listener_plugin.py took 0.019 seconds
[2026-06-03T12:55:38.789+0000] {processor.py:161} INFO - Started process (PID=600) to work on /home/airflow/.local/lib/python3.8/site-packages/airflow/example_dags/plugins/listener_plugin.py
[2026-06-03T12:55:38.789+0000] {processor.py:830} INFO - Processing file /home/airflow/.local/lib/python3.8/site-packages/airflow/example_dags/plugins/listener_plugin.py for tasks to queue
[2026-06-03T12:55:38.790+0000] {logging_mixin.py:188} INFO - [2026-06-03T12:55:38.790+0000] {dagbag.py:538} INFO - Filling up the DagBag from /home/airflow/.local/lib/python3.8/site-packages/airflow/example_dags/plugins/listener_plugin.py
[2026-06-03T12:55:38.793+0000] {processor.py:842} WARNING - No viable dags retrieved from /home/airflow/.local/lib/python3.8/site-packages/airflow/example_dags/plugins/listener_plugin.py
[2026-06-03T12:55:38.801+0000] {processor.py:183} INFO - Processing /home/airflow/.local/lib/python3.8/site-packages/airflow/example_dags/plugins/listener_plugin.py took 0.014 seconds
[2026-06-03T12:56:08.926+0000] {processor.py:161} INFO - Started process (PID=662) to work on /home/airflow/.local/lib/python3.8/site-packages/airflow/example_dags/plugins/listener_plugin.py
[2026-06-03T12:56:08.926+0000] {processor.py:830} INFO - Processing file /home/airflow/.local/lib/python3.8/site-packages/airflow/example_dags/plugins/listener_plugin.py for tasks to queue
[2026-06-03T12:56:08.929+0000] {logging_mixin.py:188} INFO - [2026-06-03T12:56:08.928+0000] {dagbag.py:538} INFO - Filling up the DagBag from /home/airflow/.local/lib/python3.8/site-packages/airflow/example_dags/plugins/listener_plugin.py
[2026-06-03T12:56:08.932+0000] {processor.py:842} WARNING - No viable dags retrieved from /home/airflow/.local/lib/python3.8/site-packages/airflow/example_dags/plugins/listener_plugin.py
[2026-06-03T12:56:08.940+0000] {processor.py:183} INFO - Processing /home/airflow/.local/lib/python3.8/site-packages/airflow/example_dags/plugins/listener_plugin.py took 0.016 seconds
[2026-06-03T12:56:39.555+0000] {processor.py:161} INFO - Started process (PID=802) to work on /home/airflow/.local/lib/python3.8/site-packages/airflow/example_dags/plugins/listener_plugin.py
[2026-06-03T12:56:39.557+0000] {processor.py:830} INFO - Processing file /home/airflow/.local/lib/python3.8/site-packages/airflow/example_dags/plugins/listener_plugin.py for tasks to queue
[2026-06-03T12:56:39.559+0000] {logging_mixin.py:188} INFO - [2026-06-03T12:56:39.558+0000] {dagbag.py:538} INFO - Filling up the DagBag from /home/airflow/.local/lib/python3.8/site-packages/airflow/example_dags/plugins/listener_plugin.py
[2026-06-03T12:56:39.560+0000] {processor.py:842} WARNING - No viable dags retrieved from /home/airflow/.local/lib/python3.8/site-packages/airflow/example_dags/plugins/listener_plugin.py
[2026-06-03T12:56:39.566+0000] {processor.py:183} INFO - Processing /home/airflow/.local/lib/python3.8/site-packages/airflow/example_dags/plugins/listener_plugin.py took 0.014 seconds
[2026-06-03T12:57:10.310+0000] {processor.py:161} INFO - Started process (PID=858) to work on /home/airflow/.local/lib/python3.8/site-packages/airflow/example_dags/plugins/listener_plugin.py
[2026-06-03T12:57:10.311+0000] {processor.py:830} INFO - Processing file /home/airflow/.local/lib/python3.8/site-packages/airflow/example_dags/plugins/listener_plugin.py for tasks to queue
[2026-06-03T12:57:10.314+0000] {logging_mixin.py:188} INFO - [2026-06-03T12:57:10.314+0000] {dagbag.py:538} INFO - Filling up the DagBag from /home/airflow/.local/lib/python3.8/site-packages/airflow/example_dags/plugins/listener_plugin.py
[2026-06-03T12:57:10.339+0000] {processor.py:842} WARNING - No viable dags retrieved from /home/airflow/.local/lib/python3.8/site-packages/airflow/example_dags/plugins/listener_plugin.py
[2026-06-03T12:57:10.354+0000] {processor.py:183} INFO - Processing /home/airflow/.local/lib/python3.8/site-packages/airflow/example_dags/plugins/listener_plugin.py took 0.046 seconds
[2026-06-03T12:57:41.775+0000] {processor.py:161} INFO - Started process (PID=914) to work on /home/airflow/.local/lib/python3.8/site-packages/airflow/example_dags/plugins/listener_plugin.py
[2026-06-03T12:57:41.777+0000] {processor.py:830} INFO - Processing file /home/airflow/.local/lib/python3.8/site-packages/airflow/example_dags/plugins/listener_plugin.py for tasks to queue
[2026-06-03T12:57:41.780+0000] {logging_mixin.py:188} INFO - [2026-06-03T12:57:41.779+0000] {dagbag.py:538} INFO - Filling up the DagBag from /home/airflow/.local/lib/python3.8/site-packages/airflow/example_dags/plugins/listener_plugin.py
[2026-06-03T12:57:41.783+0000] {processor.py:842} WARNING - No viable dags retrieved from /home/airflow/.local/lib/python3.8/site-packages/airflow/example_dags/plugins/listener_plugin.py
[2026-06-03T12:57:41.794+0000] {processor.py:183} INFO - Processing /home/airflow/.local/lib/python3.8/site-packages/airflow/example_dags/plugins/listener_plugin.py took 0.020 seconds
[2026-06-03T12:58:12.365+0000] {processor.py:161} INFO - Started process (PID=970) to work on /home/airflow/.local/lib/python3.8/site-packages/airflow/example_dags/plugins/listener_plugin.py
[2026-06-03T12:58:12.366+0000] {processor.py:830} INFO - Processing file /home/airflow/.local/lib/python3.8/site-packages/airflow/example_dags/plugins/listener_plugin.py for tasks to queue
[2026-06-03T12:58:12.367+0000] {logging_mixin.py:188} INFO - [2026-06-03T12:58:12.367+0000] {dagbag.py:538} INFO - Filling up the DagBag from /home/airflow/.local/lib/python3.8/site-packages/airflow/example_dags/plugins/listener_plugin.py
[2026-06-03T12:58:12.368+0000] {processor.py:842} WARNING - No viable dags retrieved from /home/airflow/.local/lib/python3.8/site-packages/airflow/example_dags/plugins/listener_plugin.py
[2026-06-03T12:58:12.375+0000] {processor.py:183} INFO - Processing /home/airflow/.local/lib/python3.8/site-packages/airflow/example_dags/plugins/listener_plugin.py took 0.012 seconds
[2026-06-03T12:58:43.246+0000] {processor.py:161} INFO - Started process (PID=1026) to work on /home/airflow/.local/lib/python3.8/site-packages/airflow/example_dags/plugins/listener_plugin.py
[2026-06-03T12:58:43.253+0000] {processor.py:830} INFO - Processing file /home/airflow/.local/lib/python3.8/site-packages/airflow/example_dags/plugins/listener_plugin.py for tasks to queue
[2026-06-03T12:58:43.280+0000] {logging_mixin.py:188} INFO - [2026-06-03T12:58:43.278+0000] {dagbag.py:538} INFO - Filling up the DagBag from /home/airflow/.local/lib/python3.8/site-packages/airflow/example_dags/plugins/listener_plugin.py
[2026-06-03T12:58:43.293+0000] {processor.py:842} WARNING - No viable dags retrieved from /home/airflow/.local/lib/python3.8/site-packages/airflow/example_dags/plugins/listener_plugin.py
[2026-06-03T12:58:43.334+0000] {processor.py:183} INFO - Processing /home/airflow/.local/lib/python3.8/site-packages/airflow/example_dags/plugins/listener_plugin.py took 0.106 seconds
[2026-06-03T12:59:13.866+0000] {processor.py:161} INFO - Started process (PID=1082) to work on /home/airflow/.local/lib/python3.8/site-packages/airflow/example_dags/plugins/listener_plugin.py
[2026-06-03T12:59:13.866+0000] {processor.py:830} INFO - Processing file /home/airflow/.local/lib/python3.8/site-packages/airflow/example_dags/plugins/listener_plugin.py for tasks to queue
[2026-06-03T12:59:13.867+0000] {logging_mixin.py:188} INFO - [2026-06-03T12:59:13.867+0000] {dagbag.py:538} INFO - Filling up the DagBag from /home/airflow/.local/lib/python3.8/site-packages/airflow/example_dags/plugins/listener_plugin.py
[2026-06-03T12:59:13.868+0000] {processor.py:842} WARNING - No viable dags retrieved from /home/airflow/.local/lib/python3.8/site-packages/airflow/example_dags/plugins/listener_plugin.py
[2026-06-03T12:59:13.876+0000] {processor.py:183} INFO - Processing /home/airflow/.local/lib/python3.8/site-packages/airflow/example_dags/plugins/listener_plugin.py took 0.011 seconds
[2026-06-03T12:59:44.226+0000] {processor.py:161} INFO - Started process (PID=1138) to work on /home/airflow/.local/lib/python3.8/site-packages/airflow/example_dags/plugins/listener_plugin.py
[2026-06-03T12:59:44.227+0000] {processor.py:830} INFO - Processing file /home/airflow/.local/lib/python3.8/site-packages/airflow/example_dags/plugins/listener_plugin.py for tasks to queue
[2026-06-03T12:59:44.228+0000] {logging_mixin.py:188} INFO - [2026-06-03T12:59:44.228+0000] {dagbag.py:538} INFO - Filling up the DagBag from /home/airflow/.local/lib/python3.8/site-packages/airflow/example_dags/plugins/listener_plugin.py
[2026-06-03T12:59:44.229+0000] {processor.py:842} WARNING - No viable dags retrieved from /home/airflow/.local/lib/python3.8/site-packages/airflow/example_dags/plugins/listener_plugin.py
[2026-06-03T12:59:44.235+0000] {processor.py:183} INFO - Processing /home/airflow/.local/lib/python3.8/site-packages/airflow/example_dags/plugins/listener_plugin.py took 0.010 seconds
[2026-06-03T13:00:14.846+0000] {processor.py:161} INFO - Started process (PID=1194) to work on /home/airflow/.local/lib/python3.8/site-packages/airflow/example_dags/plugins/listener_plugin.py
[2026-06-03T13:00:14.847+0000] {processor.py:830} INFO - Processing file /home/airflow/.local/lib/python3.8/site-packages/airflow/example_dags/plugins/listener_plugin.py for tasks to queue
[2026-06-03T13:00:14.848+0000] {logging_mixin.py:188} INFO - [2026-06-03T13:00:14.848+0000] {dagbag.py:538} INFO - Filling up the DagBag from /home/airflow/.local/lib/python3.8/site-packages/airflow/example_dags/plugins/listener_plugin.py
[2026-06-03T13:00:14.849+0000] {processor.py:842} WARNING - No viable dags retrieved from /home/airflow/.local/lib/python3.8/site-packages/airflow/example_dags/plugins/listener_plugin.py
[2026-06-03T13:00:14.858+0000] {processor.py:183} INFO - Processing /home/airflow/.local/lib/python3.8/site-packages/airflow/example_dags/plugins/listener_plugin.py took 0.014 seconds
[2026-06-03T13:00:45.102+0000] {processor.py:161} INFO - Started process (PID=1250) to work on /home/airflow/.local/lib/python3.8/site-packages/airflow/example_dags/plugins/listener_plugin.py
[2026-06-03T13:00:45.103+0000] {processor.py:830} INFO - Processing file /home/airflow/.local/lib/python3.8/site-packages/airflow/example_dags/plugins/listener_plugin.py for tasks to queue
[2026-06-03T13:00:45.104+0000] {logging_mixin.py:188} INFO - [2026-06-03T13:00:45.104+0000] {dagbag.py:538} INFO - Filling up the DagBag from /home/airflow/.local/lib/python3.8/site-packages/airflow/example_dags/plugins/listener_plugin.py
[2026-06-03T13:00:45.106+0000] {processor.py:842} WARNING - No viable dags retrieved from /home/airflow/.local/lib/python3.8/site-packages/airflow/example_dags/plugins/listener_plugin.py
[2026-06-03T13:00:45.112+0000] {processor.py:183} INFO - Processing /home/airflow/.local/lib/python3.8/site-packages/airflow/example_dags/plugins/listener_plugin.py took 0.012 seconds
[2026-06-03T13:01:16.947+0000] {processor.py:161} INFO - Started process (PID=1306) to work on /home/airflow/.local/lib/python3.8/site-packages/airflow/example_dags/plugins/listener_plugin.py
[2026-06-03T13:01:16.950+0000] {processor.py:830} INFO - Processing file /home/airflow/.local/lib/python3.8/site-packages/airflow/example_dags/plugins/listener_plugin.py for tasks to queue
[2026-06-03T13:01:16.951+0000] {logging_mixin.py:188} INFO - [2026-06-03T13:01:16.951+0000] {dagbag.py:538} INFO - Filling up the DagBag from /home/airflow/.local/lib/python3.8/site-packages/airflow/example_dags/plugins/listener_plugin.py
[2026-06-03T13:01:16.955+0000] {processor.py:842} WARNING - No viable dags retrieved from /home/airflow/.local/lib/python3.8/site-packages/airflow/example_dags/plugins/listener_plugin.py
[2026-06-03T13:01:16.963+0000] {processor.py:183} INFO - Processing /home/airflow/.local/lib/python3.8/site-packages/airflow/example_dags/plugins/listener_plugin.py took 0.019 seconds
[2026-06-03T13:01:48.072+0000] {processor.py:161} INFO - Started process (PID=1362) to work on /home/airflow/.local/lib/python3.8/site-packages/airflow/example_dags/plugins/listener_plugin.py
[2026-06-03T13:01:48.073+0000] {processor.py:830} INFO - Processing file /home/airflow/.local/lib/python3.8/site-packages/airflow/example_dags/plugins/listener_plugin.py for tasks to queue
[2026-06-03T13:01:48.079+0000] {logging_mixin.py:188} INFO - [2026-06-03T13:01:48.078+0000] {dagbag.py:538} INFO - Filling up the DagBag from /home/airflow/.local/lib/python3.8/site-packages/airflow/example_dags/plugins/listener_plugin.py
[2026-06-03T13:01:48.084+0000] {processor.py:842} WARNING - No viable dags retrieved from /home/airflow/.local/lib/python3.8/site-packages/airflow/example_dags/plugins/listener_plugin.py
[2026-06-03T13:01:48.094+0000] {processor.py:183} INFO - Processing /home/airflow/.local/lib/python3.8/site-packages/airflow/example_dags/plugins/listener_plugin.py took 0.027 seconds
[2026-06-03T13:02:18.286+0000] {processor.py:161} INFO - Started process (PID=1417) to work on /home/airflow/.local/lib/python3.8/site-packages/airflow/example_dags/plugins/listener_plugin.py
[2026-06-03T13:02:18.287+0000] {processor.py:830} INFO - Processing file /home/airflow/.local/lib/python3.8/site-packages/airflow/example_dags/plugins/listener_plugin.py for tasks to queue
[2026-06-03T13:02:18.288+0000] {logging_mixin.py:188} INFO - [2026-06-03T13:02:18.288+0000] {dagbag.py:538} INFO - Filling up the DagBag from /home/airflow/.local/lib/python3.8/site-packages/airflow/example_dags/plugins/listener_plugin.py
[2026-06-03T13:02:18.291+0000] {processor.py:842} WARNING - No viable dags retrieved from /home/airflow/.local/lib/python3.8/site-packages/airflow/example_dags/plugins/listener_plugin.py
[2026-06-03T13:02:18.302+0000] {processor.py:183} INFO - Processing /home/airflow/.local/lib/python3.8/site-packages/airflow/example_dags/plugins/listener_plugin.py took 0.023 seconds
[2026-06-03T13:02:49.696+0000] {processor.py:161} INFO - Started process (PID=1474) to work on /home/airflow/.local/lib/python3.8/site-packages/airflow/example_dags/plugins/listener_plugin.py
[2026-06-03T13:02:49.697+0000] {processor.py:830} INFO - Processing file /home/airflow/.local/lib/python3.8/site-packages/airflow/example_dags/plugins/listener_plugin.py for tasks to queue
[2026-06-03T13:02:49.704+0000] {logging_mixin.py:188} INFO - [2026-06-03T13:02:49.704+0000] {dagbag.py:538} INFO - Filling up the DagBag from /home/airflow/.local/lib/python3.8/site-packages/airflow/example_dags/plugins/listener_plugin.py
[2026-06-03T13:02:49.717+0000] {processor.py:842} WARNING - No viable dags retrieved from /home/airflow/.local/lib/python3.8/site-packages/airflow/example_dags/plugins/listener_plugin.py
[2026-06-03T13:02:49.741+0000] {processor.py:183} INFO - Processing /home/airflow/.local/lib/python3.8/site-packages/airflow/example_dags/plugins/listener_plugin.py took 0.051 seconds
[2026-06-03T13:03:19.942+0000] {processor.py:161} INFO - Started process (PID=1529) to work on /home/airflow/.local/lib/python3.8/site-packages/airflow/example_dags/plugins/listener_plugin.py
[2026-06-03T13:03:19.943+0000] {processor.py:830} INFO - Processing file /home/airflow/.local/lib/python3.8/site-packages/airflow/example_dags/plugins/listener_plugin.py for tasks to queue
[2026-06-03T13:03:19.945+0000] {logging_mixin.py:188} INFO - [2026-06-03T13:03:19.945+0000] {dagbag.py:538} INFO - Filling up the DagBag from /home/airflow/.local/lib/python3.8/site-packages/airflow/example_dags/plugins/listener_plugin.py
[2026-06-03T13:03:19.947+0000] {processor.py:842} WARNING - No viable dags retrieved from /home/airflow/.local/lib/python3.8/site-packages/airflow/example_dags/plugins/listener_plugin.py
[2026-06-03T13:03:19.956+0000] {processor.py:183} INFO - Processing /home/airflow/.local/lib/python3.8/site-packages/airflow/example_dags/plugins/listener_plugin.py took 0.015 seconds
[2026-06-03T13:03:50.080+0000] {processor.py:161} INFO - Started process (PID=1585) to work on /home/airflow/.local/lib/python3.8/site-packages/airflow/example_dags/plugins/listener_plugin.py
[2026-06-03T13:03:50.081+0000] {processor.py:830} INFO - Processing file /home/airflow/.local/lib/python3.8/site-packages/airflow/example_dags/plugins/listener_plugin.py for tasks to queue
[2026-06-03T13:03:50.083+0000] {logging_mixin.py:188} INFO - [2026-06-03T13:03:50.083+0000] {dagbag.py:538} INFO - Filling up the DagBag from /home/airflow/.local/lib/python3.8/site-packages/airflow/example_dags/plugins/listener_plugin.py
[2026-06-03T13:03:50.086+0000] {processor.py:842} WARNING - No viable dags retrieved from /home/airflow/.local/lib/python3.8/site-packages/airflow/example_dags/plugins/listener_plugin.py
[2026-06-03T13:03:50.099+0000] {processor.py:183} INFO - Processing /home/airflow/.local/lib/python3.8/site-packages/airflow/example_dags/plugins/listener_plugin.py took 0.022 seconds
[2026-06-03T13:04:20.847+0000] {processor.py:161} INFO - Started process (PID=1641) to work on /home/airflow/.local/lib/python3.8/site-packages/airflow/example_dags/plugins/listener_plugin.py
[2026-06-03T13:04:20.848+0000] {processor.py:830} INFO - Processing file /home/airflow/.local/lib/python3.8/site-packages/airflow/example_dags/plugins/listener_plugin.py for tasks to queue
[2026-06-03T13:04:20.850+0000] {logging_mixin.py:188} INFO - [2026-06-03T13:04:20.850+0000] {dagbag.py:538} INFO - Filling up the DagBag from /home/airflow/.local/lib/python3.8/site-packages/airflow/example_dags/plugins/listener_plugin.py
[2026-06-03T13:04:20.851+0000] {processor.py:842} WARNING - No viable dags retrieved from /home/airflow/.local/lib/python3.8/site-packages/airflow/example_dags/plugins/listener_plugin.py
[2026-06-03T13:04:20.857+0000] {processor.py:183} INFO - Processing /home/airflow/.local/lib/python3.8/site-packages/airflow/example_dags/plugins/listener_plugin.py took 0.013 seconds
[2026-06-03T13:04:51.498+0000] {processor.py:161} INFO - Started process (PID=1697) to work on /home/airflow/.local/lib/python3.8/site-packages/airflow/example_dags/plugins/listener_plugin.py
[2026-06-03T13:04:51.501+0000] {processor.py:830} INFO - Processing file /home/airflow/.local/lib/python3.8/site-packages/airflow/example_dags/plugins/listener_plugin.py for tasks to queue
[2026-06-03T13:04:51.503+0000] {logging_mixin.py:188} INFO - [2026-06-03T13:04:51.502+0000] {dagbag.py:538} INFO - Filling up the DagBag from /home/airflow/.local/lib/python3.8/site-packages/airflow/example_dags/plugins/listener_plugin.py
[2026-06-03T13:04:51.505+0000] {processor.py:842} WARNING - No viable dags retrieved from /home/airflow/.local/lib/python3.8/site-packages/airflow/example_dags/plugins/listener_plugin.py
[2026-06-03T13:04:51.516+0000] {processor.py:183} INFO - Processing /home/airflow/.local/lib/python3.8/site-packages/airflow/example_dags/plugins/listener_plugin.py took 0.020 seconds
[2026-06-03T13:05:22.333+0000] {processor.py:161} INFO - Started process (PID=1753) to work on /home/airflow/.local/lib/python3.8/site-packages/airflow/example_dags/plugins/listener_plugin.py
[2026-06-03T13:05:22.334+0000] {processor.py:830} INFO - Processing file /home/airflow/.local/lib/python3.8/site-packages/airflow/example_dags/plugins/listener_plugin.py for tasks to queue
[2026-06-03T13:05:22.335+0000] {logging_mixin.py:188} INFO - [2026-06-03T13:05:22.335+0000] {dagbag.py:538} INFO - Filling up the DagBag from /home/airflow/.local/lib/python3.8/site-packages/airflow/example_dags/plugins/listener_plugin.py
[2026-06-03T13:05:22.338+0000] {processor.py:842} WARNING - No viable dags retrieved from /home/airflow/.local/lib/python3.8/site-packages/airflow/example_dags/plugins/listener_plugin.py
[2026-06-03T13:05:22.344+0000] {processor.py:183} INFO - Processing /home/airflow/.local/lib/python3.8/site-packages/airflow/example_dags/plugins/listener_plugin.py took 0.013 seconds
[2026-06-03T13:05:53.132+0000] {processor.py:161} INFO - Started process (PID=1809) to work on /home/airflow/.local/lib/python3.8/site-packages/airflow/example_dags/plugins/listener_plugin.py
[2026-06-03T13:05:53.133+0000] {processor.py:830} INFO - Processing file /home/airflow/.local/lib/python3.8/site-packages/airflow/example_dags/plugins/listener_plugin.py for tasks to queue
[2026-06-03T13:05:53.134+0000] {logging_mixin.py:188} INFO - [2026-06-03T13:05:53.134+0000] {dagbag.py:538} INFO - Filling up the DagBag from /home/airflow/.local/lib/python3.8/site-packages/airflow/example_dags/plugins/listener_plugin.py
[2026-06-03T13:05:53.136+0000] {processor.py:842} WARNING - No viable dags retrieved from /home/airflow/.local/lib/python3.8/site-packages/airflow/example_dags/plugins/listener_plugin.py
[2026-06-03T13:05:53.149+0000] {processor.py:183} INFO - Processing /home/airflow/.local/lib/python3.8/site-packages/airflow/example_dags/plugins/listener_plugin.py took 0.019 seconds
[2026-06-03T13:06:24.003+0000] {processor.py:161} INFO - Started process (PID=1865) to work on /home/airflow/.local/lib/python3.8/site-packages/airflow/example_dags/plugins/listener_plugin.py
[2026-06-03T13:06:24.004+0000] {processor.py:830} INFO - Processing file /home/airflow/.local/lib/python3.8/site-packages/airflow/example_dags/plugins/listener_plugin.py for tasks to queue
[2026-06-03T13:06:24.007+0000] {logging_mixin.py:188} INFO - [2026-06-03T13:06:24.007+0000] {dagbag.py:538} INFO - Filling up the DagBag from /home/airflow/.local/lib/python3.8/site-packages/airflow/example_dags/plugins/listener_plugin.py
[2026-06-03T13:06:24.009+0000] {processor.py:842} WARNING - No viable dags retrieved from /home/airflow/.local/lib/python3.8/site-packages/airflow/example_dags/plugins/listener_plugin.py
[2026-06-03T13:06:24.023+0000] {processor.py:183} INFO - Processing /home/airflow/.local/lib/python3.8/site-packages/airflow/example_dags/plugins/listener_plugin.py took 0.022 seconds
[2026-06-03T13:06:55.713+0000] {processor.py:161} INFO - Started process (PID=1921) to work on /home/airflow/.local/lib/python3.8/site-packages/airflow/example_dags/plugins/listener_plugin.py
[2026-06-03T13:06:55.716+0000] {processor.py:830} INFO - Processing file /home/airflow/.local/lib/python3.8/site-packages/airflow/example_dags/plugins/listener_plugin.py for tasks to queue
[2026-06-03T13:06:55.720+0000] {logging_mixin.py:188} INFO - [2026-06-03T13:06:55.720+0000] {dagbag.py:538} INFO - Filling up the DagBag from /home/airflow/.local/lib/python3.8/site-packages/airflow/example_dags/plugins/listener_plugin.py
[2026-06-03T13:06:55.736+0000] {processor.py:842} WARNING - No viable dags retrieved from /home/airflow/.local/lib/python3.8/site-packages/airflow/example_dags/plugins/listener_plugin.py
[2026-06-03T13:06:55.783+0000] {processor.py:183} INFO - Processing /home/airflow/.local/lib/python3.8/site-packages/airflow/example_dags/plugins/listener_plugin.py took 0.074 seconds
[2026-06-03T13:07:26.810+0000] {processor.py:161} INFO - Started process (PID=1977) to work on /home/airflow/.local/lib/python3.8/site-packages/airflow/example_dags/plugins/listener_plugin.py
[2026-06-03T13:07:26.812+0000] {processor.py:830} INFO - Processing file /home/airflow/.local/lib/python3.8/site-packages/airflow/example_dags/plugins/listener_plugin.py for tasks to queue
[2026-06-03T13:07:26.814+0000] {logging_mixin.py:188} INFO - [2026-06-03T13:07:26.814+0000] {dagbag.py:538} INFO - Filling up the DagBag from /home/airflow/.local/lib/python3.8/site-packages/airflow/example_dags/plugins/listener_plugin.py
[2026-06-03T13:07:26.818+0000] {processor.py:842} WARNING - No viable dags retrieved from /home/airflow/.local/lib/python3.8/site-packages/airflow/example_dags/plugins/listener_plugin.py
[2026-06-03T13:07:26.827+0000] {processor.py:183} INFO - Processing /home/airflow/.local/lib/python3.8/site-packages/airflow/example_dags/plugins/listener_plugin.py took 0.019 seconds
[2026-06-03T13:07:57.432+0000] {processor.py:161} INFO - Started process (PID=2040) to work on /home/airflow/.local/lib/python3.8/site-packages/airflow/example_dags/plugins/listener_plugin.py
[2026-06-03T13:07:57.433+0000] {processor.py:830} INFO - Processing file /home/airflow/.local/lib/python3.8/site-packages/airflow/example_dags/plugins/listener_plugin.py for tasks to queue
[2026-06-03T13:07:57.434+0000] {logging_mixin.py:188} INFO - [2026-06-03T13:07:57.434+0000] {dagbag.py:538} INFO - Filling up the DagBag from /home/airflow/.local/lib/python3.8/site-packages/airflow/example_dags/plugins/listener_plugin.py
[2026-06-03T13:07:57.436+0000] {processor.py:842} WARNING - No viable dags retrieved from /home/airflow/.local/lib/python3.8/site-packages/airflow/example_dags/plugins/listener_plugin.py
[2026-06-03T13:07:57.444+0000] {processor.py:183} INFO - Processing /home/airflow/.local/lib/python3.8/site-packages/airflow/example_dags/plugins/listener_plugin.py took 0.016 seconds
[2026-06-03T13:08:28.207+0000] {processor.py:161} INFO - Started process (PID=2096) to work on /home/airflow/.local/lib/python3.8/site-packages/airflow/example_dags/plugins/listener_plugin.py
[2026-06-03T13:08:28.207+0000] {processor.py:830} INFO - Processing file /home/airflow/.local/lib/python3.8/site-packages/airflow/example_dags/plugins/listener_plugin.py for tasks to queue
[2026-06-03T13:08:28.208+0000] {logging_mixin.py:188} INFO - [2026-06-03T13:08:28.208+0000] {dagbag.py:538} INFO - Filling up the DagBag from /home/airflow/.local/lib/python3.8/site-packages/airflow/example_dags/plugins/listener_plugin.py
[2026-06-03T13:08:28.210+0000] {processor.py:842} WARNING - No viable dags retrieved from /home/airflow/.local/lib/python3.8/site-packages/airflow/example_dags/plugins/listener_plugin.py
[2026-06-03T13:08:28.218+0000] {processor.py:183} INFO - Processing /home/airflow/.local/lib/python3.8/site-packages/airflow/example_dags/plugins/listener_plugin.py took 0.013 seconds
[2026-06-03T13:08:59.681+0000] {processor.py:161} INFO - Started process (PID=2152) to work on /home/airflow/.local/lib/python3.8/site-packages/airflow/example_dags/plugins/listener_plugin.py
[2026-06-03T13:08:59.682+0000] {processor.py:830} INFO - Processing file /home/airflow/.local/lib/python3.8/site-packages/airflow/example_dags/plugins/listener_plugin.py for tasks to queue
[2026-06-03T13:08:59.684+0000] {logging_mixin.py:188} INFO - [2026-06-03T13:08:59.684+0000] {dagbag.py:538} INFO - Filling up the DagBag from /home/airflow/.local/lib/python3.8/site-packages/airflow/example_dags/plugins/listener_plugin.py
[2026-06-03T13:08:59.686+0000] {processor.py:842} WARNING - No viable dags retrieved from /home/airflow/.local/lib/python3.8/site-packages/airflow/example_dags/plugins/listener_plugin.py
[2026-06-03T13:08:59.695+0000] {processor.py:183} INFO - Processing /home/airflow/.local/lib/python3.8/site-packages/airflow/example_dags/plugins/listener_plugin.py took 0.016 seconds
[2026-06-03T13:09:30.657+0000] {processor.py:161} INFO - Started process (PID=2208) to work on /home/airflow/.local/lib/python3.8/site-packages/airflow/example_dags/plugins/listener_plugin.py
[2026-06-03T13:09:30.657+0000] {processor.py:830} INFO - Processing file /home/airflow/.local/lib/python3.8/site-packages/airflow/example_dags/plugins/listener_plugin.py for tasks to queue
[2026-06-03T13:09:30.659+0000] {logging_mixin.py:188} INFO - [2026-06-03T13:09:30.658+0000] {dagbag.py:538} INFO - Filling up the DagBag from /home/airflow/.local/lib/python3.8/site-packages/airflow/example_dags/plugins/listener_plugin.py
[2026-06-03T13:09:30.661+0000] {processor.py:842} WARNING - No viable dags retrieved from /home/airflow/.local/lib/python3.8/site-packages/airflow/example_dags/plugins/listener_plugin.py
[2026-06-03T13:09:30.667+0000] {processor.py:183} INFO - Processing /home/airflow/.local/lib/python3.8/site-packages/airflow/example_dags/plugins/listener_plugin.py took 0.014 seconds
[2026-06-03T13:10:01.676+0000] {processor.py:161} INFO - Started process (PID=2265) to work on /home/airflow/.local/lib/python3.8/site-packages/airflow/example_dags/plugins/listener_plugin.py
[2026-06-03T13:10:01.677+0000] {processor.py:830} INFO - Processing file /home/airflow/.local/lib/python3.8/site-packages/airflow/example_dags/plugins/listener_plugin.py for tasks to queue
[2026-06-03T13:10:01.679+0000] {logging_mixin.py:188} INFO - [2026-06-03T13:10:01.678+0000] {dagbag.py:538} INFO - Filling up the DagBag from /home/airflow/.local/lib/python3.8/site-packages/airflow/example_dags/plugins/listener_plugin.py
[2026-06-03T13:10:01.681+0000] {processor.py:842} WARNING - No viable dags retrieved from /home/airflow/.local/lib/python3.8/site-packages/airflow/example_dags/plugins/listener_plugin.py
[2026-06-03T13:10:01.692+0000] {processor.py:183} INFO - Processing /home/airflow/.local/lib/python3.8/site-packages/airflow/example_dags/plugins/listener_plugin.py took 0.019 seconds
[2026-06-03T13:10:32.538+0000] {processor.py:161} INFO - Started process (PID=2321) to work on /home/airflow/.local/lib/python3.8/site-packages/airflow/example_dags/plugins/listener_plugin.py
[2026-06-03T13:10:32.539+0000] {processor.py:830} INFO - Processing file /home/airflow/.local/lib/python3.8/site-packages/airflow/example_dags/plugins/listener_plugin.py for tasks to queue
[2026-06-03T13:10:32.541+0000] {logging_mixin.py:188} INFO - [2026-06-03T13:10:32.541+0000] {dagbag.py:538} INFO - Filling up the DagBag from /home/airflow/.local/lib/python3.8/site-packages/airflow/example_dags/plugins/listener_plugin.py
[2026-06-03T13:10:32.544+0000] {processor.py:842} WARNING - No viable dags retrieved from /home/airflow/.local/lib/python3.8/site-packages/airflow/example_dags/plugins/listener_plugin.py
[2026-06-03T13:10:32.559+0000] {processor.py:183} INFO - Processing /home/airflow/.local/lib/python3.8/site-packages/airflow/example_dags/plugins/listener_plugin.py took 0.031 seconds
[2026-06-03T13:11:02.901+0000] {processor.py:161} INFO - Started process (PID=2384) to work on /home/airflow/.local/lib/python3.8/site-packages/airflow/example_dags/plugins/listener_plugin.py
[2026-06-03T13:11:02.902+0000] {processor.py:830} INFO - Processing file /home/airflow/.local/lib/python3.8/site-packages/airflow/example_dags/plugins/listener_plugin.py for tasks to queue
[2026-06-03T13:11:02.903+0000] {logging_mixin.py:188} INFO - [2026-06-03T13:11:02.903+0000] {dagbag.py:538} INFO - Filling up the DagBag from /home/airflow/.local/lib/python3.8/site-packages/airflow/example_dags/plugins/listener_plugin.py
[2026-06-03T13:11:02.905+0000] {processor.py:842} WARNING - No viable dags retrieved from /home/airflow/.local/lib/python3.8/site-packages/airflow/example_dags/plugins/listener_plugin.py
[2026-06-03T13:11:02.912+0000] {processor.py:183} INFO - Processing /home/airflow/.local/lib/python3.8/site-packages/airflow/example_dags/plugins/listener_plugin.py took 0.013 seconds
[2026-06-03T13:11:33.479+0000] {processor.py:161} INFO - Started process (PID=2440) to work on /home/airflow/.local/lib/python3.8/site-packages/airflow/example_dags/plugins/listener_plugin.py
[2026-06-03T13:11:33.479+0000] {processor.py:830} INFO - Processing file /home/airflow/.local/lib/python3.8/site-packages/airflow/example_dags/plugins/listener_plugin.py for tasks to queue
[2026-06-03T13:11:33.480+0000] {logging_mixin.py:188} INFO - [2026-06-03T13:11:33.480+0000] {dagbag.py:538} INFO - Filling up the DagBag from /home/airflow/.local/lib/python3.8/site-packages/airflow/example_dags/plugins/listener_plugin.py
[2026-06-03T13:11:33.482+0000] {processor.py:842} WARNING - No viable dags retrieved from /home/airflow/.local/lib/python3.8/site-packages/airflow/example_dags/plugins/listener_plugin.py
[2026-06-03T13:11:33.492+0000] {processor.py:183} INFO - Processing /home/airflow/.local/lib/python3.8/site-packages/airflow/example_dags/plugins/listener_plugin.py took 0.014 seconds
[2026-06-03T13:12:03.889+0000] {processor.py:161} INFO - Started process (PID=2503) to work on /home/airflow/.local/lib/python3.8/site-packages/airflow/example_dags/plugins/listener_plugin.py
[2026-06-03T13:12:03.890+0000] {processor.py:830} INFO - Processing file /home/airflow/.local/lib/python3.8/site-packages/airflow/example_dags/plugins/listener_plugin.py for tasks to queue
[2026-06-03T13:12:03.892+0000] {logging_mixin.py:188} INFO - [2026-06-03T13:12:03.892+0000] {dagbag.py:538} INFO - Filling up the DagBag from /home/airflow/.local/lib/python3.8/site-packages/airflow/example_dags/plugins/listener_plugin.py
[2026-06-03T13:12:03.895+0000] {processor.py:842} WARNING - No viable dags retrieved from /home/airflow/.local/lib/python3.8/site-packages/airflow/example_dags/plugins/listener_plugin.py
[2026-06-03T13:12:03.915+0000] {processor.py:183} INFO - Processing /home/airflow/.local/lib/python3.8/site-packages/airflow/example_dags/plugins/listener_plugin.py took 0.029 seconds
[2026-06-03T13:12:34.486+0000] {processor.py:161} INFO - Started process (PID=2566) to work on /home/airflow/.local/lib/python3.8/site-packages/airflow/example_dags/plugins/listener_plugin.py
[2026-06-03T13:12:34.486+0000] {processor.py:830} INFO - Processing file /home/airflow/.local/lib/python3.8/site-packages/airflow/example_dags/plugins/listener_plugin.py for tasks to queue
[2026-06-03T13:12:34.487+0000] {logging_mixin.py:188} INFO - [2026-06-03T13:12:34.487+0000] {dagbag.py:538} INFO - Filling up the DagBag from /home/airflow/.local/lib/python3.8/site-packages/airflow/example_dags/plugins/listener_plugin.py
[2026-06-03T13:12:34.488+0000] {processor.py:842} WARNING - No viable dags retrieved from /home/airflow/.local/lib/python3.8/site-packages/airflow/example_dags/plugins/listener_plugin.py
[2026-06-03T13:12:34.494+0000] {processor.py:183} INFO - Processing /home/airflow/.local/lib/python3.8/site-packages/airflow/example_dags/plugins/listener_plugin.py took 0.009 seconds
[2026-06-03T13:13:05.827+0000] {processor.py:161} INFO - Started process (PID=2622) to work on /home/airflow/.local/lib/python3.8/site-packages/airflow/example_dags/plugins/listener_plugin.py
[2026-06-03T13:13:05.828+0000] {processor.py:830} INFO - Processing file /home/airflow/.local/lib/python3.8/site-packages/airflow/example_dags/plugins/listener_plugin.py for tasks to queue
[2026-06-03T13:13:05.833+0000] {logging_mixin.py:188} INFO - [2026-06-03T13:13:05.832+0000] {dagbag.py:538} INFO - Filling up the DagBag from /home/airflow/.local/lib/python3.8/site-packages/airflow/example_dags/plugins/listener_plugin.py
[2026-06-03T13:13:05.841+0000] {processor.py:842} WARNING - No viable dags retrieved from /home/airflow/.local/lib/python3.8/site-packages/airflow/example_dags/plugins/listener_plugin.py
[2026-06-03T13:13:05.862+0000] {processor.py:183} INFO - Processing /home/airflow/.local/lib/python3.8/site-packages/airflow/example_dags/plugins/listener_plugin.py took 0.039 seconds
[2026-06-03T13:13:36.297+0000] {processor.py:161} INFO - Started process (PID=2678) to work on /home/airflow/.local/lib/python3.8/site-packages/airflow/example_dags/plugins/listener_plugin.py
[2026-06-03T13:13:36.297+0000] {processor.py:830} INFO - Processing file /home/airflow/.local/lib/python3.8/site-packages/airflow/example_dags/plugins/listener_plugin.py for tasks to queue
[2026-06-03T13:13:36.300+0000] {logging_mixin.py:188} INFO - [2026-06-03T13:13:36.299+0000] {dagbag.py:538} INFO - Filling up the DagBag from /home/airflow/.local/lib/python3.8/site-packages/airflow/example_dags/plugins/listener_plugin.py
[2026-06-03T13:13:36.303+0000] {processor.py:842} WARNING - No viable dags retrieved from /home/airflow/.local/lib/python3.8/site-packages/airflow/example_dags/plugins/listener_plugin.py
[2026-06-03T13:13:36.311+0000] {processor.py:183} INFO - Processing /home/airflow/.local/lib/python3.8/site-packages/airflow/example_dags/plugins/listener_plugin.py took 0.016 seconds
[2026-06-03T13:14:06.656+0000] {processor.py:161} INFO - Started process (PID=2734) to work on /home/airflow/.local/lib/python3.8/site-packages/airflow/example_dags/plugins/listener_plugin.py
[2026-06-03T13:14:06.657+0000] {processor.py:830} INFO - Processing file /home/airflow/.local/lib/python3.8/site-packages/airflow/example_dags/plugins/listener_plugin.py for tasks to queue
[2026-06-03T13:14:06.658+0000] {logging_mixin.py:188} INFO - [2026-06-03T13:14:06.658+0000] {dagbag.py:538} INFO - Filling up the DagBag from /home/airflow/.local/lib/python3.8/site-packages/airflow/example_dags/plugins/listener_plugin.py
[2026-06-03T13:14:06.661+0000] {processor.py:842} WARNING - No viable dags retrieved from /home/airflow/.local/lib/python3.8/site-packages/airflow/example_dags/plugins/listener_plugin.py
[2026-06-03T13:14:06.669+0000] {processor.py:183} INFO - Processing /home/airflow/.local/lib/python3.8/site-packages/airflow/example_dags/plugins/listener_plugin.py took 0.015 seconds
[2026-06-03T13:14:23.519+0000] {processor.py:161} INFO - Started process (PID=93) to work on /home/airflow/.local/lib/python3.8/site-packages/airflow/example_dags/plugins/listener_plugin.py
[2026-06-03T13:14:23.522+0000] {processor.py:830} INFO - Processing file /home/airflow/.local/lib/python3.8/site-packages/airflow/example_dags/plugins/listener_plugin.py for tasks to queue
[2026-06-03T13:14:23.525+0000] {logging_mixin.py:188} INFO - [2026-06-03T13:14:23.524+0000] {dagbag.py:538} INFO - Filling up the DagBag from /home/airflow/.local/lib/python3.8/site-packages/airflow/example_dags/plugins/listener_plugin.py
[2026-06-03T13:14:23.528+0000] {processor.py:842} WARNING - No viable dags retrieved from /home/airflow/.local/lib/python3.8/site-packages/airflow/example_dags/plugins/listener_plugin.py
[2026-06-03T13:14:23.539+0000] {processor.py:183} INFO - Processing /home/airflow/.local/lib/python3.8/site-packages/airflow/example_dags/plugins/listener_plugin.py took 0.025 seconds
[2026-06-03T13:14:53.571+0000] {processor.py:161} INFO - Started process (PID=148) to work on /home/airflow/.local/lib/python3.8/site-packages/airflow/example_dags/plugins/listener_plugin.py
[2026-06-03T13:14:53.572+0000] {processor.py:830} INFO - Processing file /home/airflow/.local/lib/python3.8/site-packages/airflow/example_dags/plugins/listener_plugin.py for tasks to queue
[2026-06-03T13:14:53.573+0000] {logging_mixin.py:188} INFO - [2026-06-03T13:14:53.573+0000] {dagbag.py:538} INFO - Filling up the DagBag from /home/airflow/.local/lib/python3.8/site-packages/airflow/example_dags/plugins/listener_plugin.py
[2026-06-03T13:14:53.579+0000] {processor.py:842} WARNING - No viable dags retrieved from /home/airflow/.local/lib/python3.8/site-packages/airflow/example_dags/plugins/listener_plugin.py
[2026-06-03T13:14:53.590+0000] {processor.py:183} INFO - Processing /home/airflow/.local/lib/python3.8/site-packages/airflow/example_dags/plugins/listener_plugin.py took 0.021 seconds
[2026-06-03T13:15:23.743+0000] {processor.py:161} INFO - Started process (PID=204) to work on /home/airflow/.local/lib/python3.8/site-packages/airflow/example_dags/plugins/listener_plugin.py
[2026-06-03T13:15:23.743+0000] {processor.py:830} INFO - Processing file /home/airflow/.local/lib/python3.8/site-packages/airflow/example_dags/plugins/listener_plugin.py for tasks to queue
[2026-06-03T13:15:23.744+0000] {logging_mixin.py:188} INFO - [2026-06-03T13:15:23.744+0000] {dagbag.py:538} INFO - Filling up the DagBag from /home/airflow/.local/lib/python3.8/site-packages/airflow/example_dags/plugins/listener_plugin.py
[2026-06-03T13:15:23.745+0000] {processor.py:842} WARNING - No viable dags retrieved from /home/airflow/.local/lib/python3.8/site-packages/airflow/example_dags/plugins/listener_plugin.py
[2026-06-03T13:15:23.752+0000] {processor.py:183} INFO - Processing /home/airflow/.local/lib/python3.8/site-packages/airflow/example_dags/plugins/listener_plugin.py took 0.011 seconds
[2026-06-03T13:15:54.252+0000] {processor.py:161} INFO - Started process (PID=260) to work on /home/airflow/.local/lib/python3.8/site-packages/airflow/example_dags/plugins/listener_plugin.py
[2026-06-03T13:15:54.254+0000] {processor.py:830} INFO - Processing file /home/airflow/.local/lib/python3.8/site-packages/airflow/example_dags/plugins/listener_plugin.py for tasks to queue
[2026-06-03T13:15:54.256+0000] {logging_mixin.py:188} INFO - [2026-06-03T13:15:54.256+0000] {dagbag.py:538} INFO - Filling up the DagBag from /home/airflow/.local/lib/python3.8/site-packages/airflow/example_dags/plugins/listener_plugin.py
[2026-06-03T13:15:54.258+0000] {processor.py:842} WARNING - No viable dags retrieved from /home/airflow/.local/lib/python3.8/site-packages/airflow/example_dags/plugins/listener_plugin.py
[2026-06-03T13:15:54.268+0000] {processor.py:183} INFO - Processing /home/airflow/.local/lib/python3.8/site-packages/airflow/example_dags/plugins/listener_plugin.py took 0.019 seconds
[2026-06-03T13:16:24.534+0000] {processor.py:161} INFO - Started process (PID=316) to work on /home/airflow/.local/lib/python3.8/site-packages/airflow/example_dags/plugins/listener_plugin.py
[2026-06-03T13:16:24.538+0000] {processor.py:830} INFO - Processing file /home/airflow/.local/lib/python3.8/site-packages/airflow/example_dags/plugins/listener_plugin.py for tasks to queue
[2026-06-03T13:16:24.539+0000] {logging_mixin.py:188} INFO - [2026-06-03T13:16:24.539+0000] {dagbag.py:538} INFO - Filling up the DagBag from /home/airflow/.local/lib/python3.8/site-packages/airflow/example_dags/plugins/listener_plugin.py
[2026-06-03T13:16:24.542+0000] {processor.py:842} WARNING - No viable dags retrieved from /home/airflow/.local/lib/python3.8/site-packages/airflow/example_dags/plugins/listener_plugin.py
[2026-06-03T13:16:24.549+0000] {processor.py:183} INFO - Processing /home/airflow/.local/lib/python3.8/site-packages/airflow/example_dags/plugins/listener_plugin.py took 0.017 seconds
[2026-06-03T13:16:55.257+0000] {processor.py:161} INFO - Started process (PID=372) to work on /home/airflow/.local/lib/python3.8/site-packages/airflow/example_dags/plugins/listener_plugin.py
[2026-06-03T13:16:55.257+0000] {processor.py:830} INFO - Processing file /home/airflow/.local/lib/python3.8/site-packages/airflow/example_dags/plugins/listener_plugin.py for tasks to queue
[2026-06-03T13:16:55.258+0000] {logging_mixin.py:188} INFO - [2026-06-03T13:16:55.258+0000] {dagbag.py:538} INFO - Filling up the DagBag from /home/airflow/.local/lib/python3.8/site-packages/airflow/example_dags/plugins/listener_plugin.py
[2026-06-03T13:16:55.260+0000] {processor.py:842} WARNING - No viable dags retrieved from /home/airflow/.local/lib/python3.8/site-packages/airflow/example_dags/plugins/listener_plugin.py
[2026-06-03T13:16:55.273+0000] {processor.py:183} INFO - Processing /home/airflow/.local/lib/python3.8/site-packages/airflow/example_dags/plugins/listener_plugin.py took 0.021 seconds
[2026-06-03T13:17:25.933+0000] {processor.py:161} INFO - Started process (PID=428) to work on /home/airflow/.local/lib/python3.8/site-packages/airflow/example_dags/plugins/listener_plugin.py
[2026-06-03T13:17:25.933+0000] {processor.py:830} INFO - Processing file /home/airflow/.local/lib/python3.8/site-packages/airflow/example_dags/plugins/listener_plugin.py for tasks to queue
[2026-06-03T13:17:25.934+0000] {logging_mixin.py:188} INFO - [2026-06-03T13:17:25.934+0000] {dagbag.py:538} INFO - Filling up the DagBag from /home/airflow/.local/lib/python3.8/site-packages/airflow/example_dags/plugins/listener_plugin.py
[2026-06-03T13:17:25.936+0000] {processor.py:842} WARNING - No viable dags retrieved from /home/airflow/.local/lib/python3.8/site-packages/airflow/example_dags/plugins/listener_plugin.py
[2026-06-03T13:17:25.947+0000] {processor.py:183} INFO - Processing /home/airflow/.local/lib/python3.8/site-packages/airflow/example_dags/plugins/listener_plugin.py took 0.016 seconds
[2026-06-03T13:17:56.235+0000] {processor.py:161} INFO - Started process (PID=484) to work on /home/airflow/.local/lib/python3.8/site-packages/airflow/example_dags/plugins/listener_plugin.py
[2026-06-03T13:17:56.236+0000] {processor.py:830} INFO - Processing file /home/airflow/.local/lib/python3.8/site-packages/airflow/example_dags/plugins/listener_plugin.py for tasks to queue
[2026-06-03T13:17:56.237+0000] {logging_mixin.py:188} INFO - [2026-06-03T13:17:56.237+0000] {dagbag.py:538} INFO - Filling up the DagBag from /home/airflow/.local/lib/python3.8/site-packages/airflow/example_dags/plugins/listener_plugin.py
[2026-06-03T13:17:56.239+0000] {processor.py:842} WARNING - No viable dags retrieved from /home/airflow/.local/lib/python3.8/site-packages/airflow/example_dags/plugins/listener_plugin.py
[2026-06-03T13:17:56.247+0000] {processor.py:183} INFO - Processing /home/airflow/.local/lib/python3.8/site-packages/airflow/example_dags/plugins/listener_plugin.py took 0.014 seconds
[2026-06-03T13:18:27.131+0000] {processor.py:161} INFO - Started process (PID=540) to work on /home/airflow/.local/lib/python3.8/site-packages/airflow/example_dags/plugins/listener_plugin.py
[2026-06-03T13:18:27.131+0000] {processor.py:830} INFO - Processing file /home/airflow/.local/lib/python3.8/site-packages/airflow/example_dags/plugins/listener_plugin.py for tasks to queue
[2026-06-03T13:18:27.132+0000] {logging_mixin.py:188} INFO - [2026-06-03T13:18:27.132+0000] {dagbag.py:538} INFO - Filling up the DagBag from /home/airflow/.local/lib/python3.8/site-packages/airflow/example_dags/plugins/listener_plugin.py
[2026-06-03T13:18:27.133+0000] {processor.py:842} WARNING - No viable dags retrieved from /home/airflow/.local/lib/python3.8/site-packages/airflow/example_dags/plugins/listener_plugin.py
[2026-06-03T13:18:27.139+0000] {processor.py:183} INFO - Processing /home/airflow/.local/lib/python3.8/site-packages/airflow/example_dags/plugins/listener_plugin.py took 0.010 seconds
[2026-06-03T13:18:58.234+0000] {processor.py:161} INFO - Started process (PID=596) to work on /home/airflow/.local/lib/python3.8/site-packages/airflow/example_dags/plugins/listener_plugin.py
[2026-06-03T13:18:58.234+0000] {processor.py:830} INFO - Processing file /home/airflow/.local/lib/python3.8/site-packages/airflow/example_dags/plugins/listener_plugin.py for tasks to queue
[2026-06-03T13:18:58.236+0000] {logging_mixin.py:188} INFO - [2026-06-03T13:18:58.236+0000] {dagbag.py:538} INFO - Filling up the DagBag from /home/airflow/.local/lib/python3.8/site-packages/airflow/example_dags/plugins/listener_plugin.py
[2026-06-03T13:18:58.239+0000] {processor.py:842} WARNING - No viable dags retrieved from /home/airflow/.local/lib/python3.8/site-packages/airflow/example_dags/plugins/listener_plugin.py
[2026-06-03T13:18:58.251+0000] {processor.py:183} INFO - Processing /home/airflow/.local/lib/python3.8/site-packages/airflow/example_dags/plugins/listener_plugin.py took 0.019 seconds
[2026-06-03T13:19:29.085+0000] {processor.py:161} INFO - Started process (PID=652) to work on /home/airflow/.local/lib/python3.8/site-packages/airflow/example_dags/plugins/listener_plugin.py
[2026-06-03T13:19:29.087+0000] {processor.py:830} INFO - Processing file /home/airflow/.local/lib/python3.8/site-packages/airflow/example_dags/plugins/listener_plugin.py for tasks to queue
[2026-06-03T13:19:29.090+0000] {logging_mixin.py:188} INFO - [2026-06-03T13:19:29.090+0000] {dagbag.py:538} INFO - Filling up the DagBag from /home/airflow/.local/lib/python3.8/site-packages/airflow/example_dags/plugins/listener_plugin.py
[2026-06-03T13:19:29.092+0000] {processor.py:842} WARNING - No viable dags retrieved from /home/airflow/.local/lib/python3.8/site-packages/airflow/example_dags/plugins/listener_plugin.py
[2026-06-03T13:19:29.101+0000] {processor.py:183} INFO - Processing /home/airflow/.local/lib/python3.8/site-packages/airflow/example_dags/plugins/listener_plugin.py took 0.018 seconds
[2026-06-03T13:19:59.573+0000] {processor.py:161} INFO - Started process (PID=708) to work on /home/airflow/.local/lib/python3.8/site-packages/airflow/example_dags/plugins/listener_plugin.py
[2026-06-03T13:19:59.574+0000] {processor.py:830} INFO - Processing file /home/airflow/.local/lib/python3.8/site-packages/airflow/example_dags/plugins/listener_plugin.py for tasks to queue
[2026-06-03T13:19:59.576+0000] {logging_mixin.py:188} INFO - [2026-06-03T13:19:59.576+0000] {dagbag.py:538} INFO - Filling up the DagBag from /home/airflow/.local/lib/python3.8/site-packages/airflow/example_dags/plugins/listener_plugin.py
[2026-06-03T13:19:59.578+0000] {processor.py:842} WARNING - No viable dags retrieved from /home/airflow/.local/lib/python3.8/site-packages/airflow/example_dags/plugins/listener_plugin.py
[2026-06-03T13:19:59.585+0000] {processor.py:183} INFO - Processing /home/airflow/.local/lib/python3.8/site-packages/airflow/example_dags/plugins/listener_plugin.py took 0.015 seconds
[2026-06-03T13:20:29.934+0000] {processor.py:161} INFO - Started process (PID=764) to work on /home/airflow/.local/lib/python3.8/site-packages/airflow/example_dags/plugins/listener_plugin.py
[2026-06-03T13:20:29.936+0000] {processor.py:830} INFO - Processing file /home/airflow/.local/lib/python3.8/site-packages/airflow/example_dags/plugins/listener_plugin.py for tasks to queue
[2026-06-03T13:20:29.937+0000] {logging_mixin.py:188} INFO - [2026-06-03T13:20:29.937+0000] {dagbag.py:538} INFO - Filling up the DagBag from /home/airflow/.local/lib/python3.8/site-packages/airflow/example_dags/plugins/listener_plugin.py
[2026-06-03T13:20:29.940+0000] {processor.py:842} WARNING - No viable dags retrieved from /home/airflow/.local/lib/python3.8/site-packages/airflow/example_dags/plugins/listener_plugin.py
[2026-06-03T13:20:29.955+0000] {processor.py:183} INFO - Processing /home/airflow/.local/lib/python3.8/site-packages/airflow/example_dags/plugins/listener_plugin.py took 0.028 seconds
[2026-06-03T13:21:01.251+0000] {processor.py:161} INFO - Started process (PID=820) to work on /home/airflow/.local/lib/python3.8/site-packages/airflow/example_dags/plugins/listener_plugin.py
[2026-06-03T13:21:01.254+0000] {processor.py:830} INFO - Processing file /home/airflow/.local/lib/python3.8/site-packages/airflow/example_dags/plugins/listener_plugin.py for tasks to queue
[2026-06-03T13:21:01.258+0000] {logging_mixin.py:188} INFO - [2026-06-03T13:21:01.257+0000] {dagbag.py:538} INFO - Filling up the DagBag from /home/airflow/.local/lib/python3.8/site-packages/airflow/example_dags/plugins/listener_plugin.py
[2026-06-03T13:21:01.263+0000] {processor.py:842} WARNING - No viable dags retrieved from /home/airflow/.local/lib/python3.8/site-packages/airflow/example_dags/plugins/listener_plugin.py
[2026-06-03T13:21:01.283+0000] {processor.py:183} INFO - Processing /home/airflow/.local/lib/python3.8/site-packages/airflow/example_dags/plugins/listener_plugin.py took 0.037 seconds
[2026-06-03T13:21:32.413+0000] {processor.py:161} INFO - Started process (PID=876) to work on /home/airflow/.local/lib/python3.8/site-packages/airflow/example_dags/plugins/listener_plugin.py
[2026-06-03T13:21:32.415+0000] {processor.py:830} INFO - Processing file /home/airflow/.local/lib/python3.8/site-packages/airflow/example_dags/plugins/listener_plugin.py for tasks to queue
[2026-06-03T13:21:32.419+0000] {logging_mixin.py:188} INFO - [2026-06-03T13:21:32.418+0000] {dagbag.py:538} INFO - Filling up the DagBag from /home/airflow/.local/lib/python3.8/site-packages/airflow/example_dags/plugins/listener_plugin.py
[2026-06-03T13:21:32.421+0000] {processor.py:842} WARNING - No viable dags retrieved from /home/airflow/.local/lib/python3.8/site-packages/airflow/example_dags/plugins/listener_plugin.py
[2026-06-03T13:21:32.437+0000] {processor.py:183} INFO - Processing /home/airflow/.local/lib/python3.8/site-packages/airflow/example_dags/plugins/listener_plugin.py took 0.033 seconds
[2026-06-03T13:22:02.746+0000] {processor.py:161} INFO - Started process (PID=932) to work on /home/airflow/.local/lib/python3.8/site-packages/airflow/example_dags/plugins/listener_plugin.py
[2026-06-03T13:22:02.747+0000] {processor.py:830} INFO - Processing file /home/airflow/.local/lib/python3.8/site-packages/airflow/example_dags/plugins/listener_plugin.py for tasks to queue
[2026-06-03T13:22:02.750+0000] {logging_mixin.py:188} INFO - [2026-06-03T13:22:02.749+0000] {dagbag.py:538} INFO - Filling up the DagBag from /home/airflow/.local/lib/python3.8/site-packages/airflow/example_dags/plugins/listener_plugin.py
[2026-06-03T13:22:02.756+0000] {processor.py:842} WARNING - No viable dags retrieved from /home/airflow/.local/lib/python3.8/site-packages/airflow/example_dags/plugins/listener_plugin.py
[2026-06-03T13:22:02.772+0000] {processor.py:183} INFO - Processing /home/airflow/.local/lib/python3.8/site-packages/airflow/example_dags/plugins/listener_plugin.py took 0.029 seconds
[2026-06-03T13:22:34.713+0000] {processor.py:161} INFO - Started process (PID=988) to work on /home/airflow/.local/lib/python3.8/site-packages/airflow/example_dags/plugins/listener_plugin.py
[2026-06-03T13:22:34.714+0000] {processor.py:830} INFO - Processing file /home/airflow/.local/lib/python3.8/site-packages/airflow/example_dags/plugins/listener_plugin.py for tasks to queue
[2026-06-03T13:22:34.717+0000] {logging_mixin.py:188} INFO - [2026-06-03T13:22:34.717+0000] {dagbag.py:538} INFO - Filling up the DagBag from /home/airflow/.local/lib/python3.8/site-packages/airflow/example_dags/plugins/listener_plugin.py
[2026-06-03T13:22:34.722+0000] {processor.py:842} WARNING - No viable dags retrieved from /home/airflow/.local/lib/python3.8/site-packages/airflow/example_dags/plugins/listener_plugin.py
[2026-06-03T13:22:34.742+0000] {processor.py:183} INFO - Processing /home/airflow/.local/lib/python3.8/site-packages/airflow/example_dags/plugins/listener_plugin.py took 0.034 seconds
[2026-06-03T13:23:05.029+0000] {processor.py:161} INFO - Started process (PID=1044) to work on /home/airflow/.local/lib/python3.8/site-packages/airflow/example_dags/plugins/listener_plugin.py
[2026-06-03T13:23:05.030+0000] {processor.py:830} INFO - Processing file /home/airflow/.local/lib/python3.8/site-packages/airflow/example_dags/plugins/listener_plugin.py for tasks to queue
[2026-06-03T13:23:05.033+0000] {logging_mixin.py:188} INFO - [2026-06-03T13:23:05.033+0000] {dagbag.py:538} INFO - Filling up the DagBag from /home/airflow/.local/lib/python3.8/site-packages/airflow/example_dags/plugins/listener_plugin.py
[2026-06-03T13:23:05.039+0000] {processor.py:842} WARNING - No viable dags retrieved from /home/airflow/.local/lib/python3.8/site-packages/airflow/example_dags/plugins/listener_plugin.py
[2026-06-03T13:23:05.052+0000] {processor.py:183} INFO - Processing /home/airflow/.local/lib/python3.8/site-packages/airflow/example_dags/plugins/listener_plugin.py took 0.026 seconds
[2026-06-03T13:23:35.812+0000] {processor.py:161} INFO - Started process (PID=1100) to work on /home/airflow/.local/lib/python3.8/site-packages/airflow/example_dags/plugins/listener_plugin.py
[2026-06-03T13:23:35.813+0000] {processor.py:830} INFO - Processing file /home/airflow/.local/lib/python3.8/site-packages/airflow/example_dags/plugins/listener_plugin.py for tasks to queue
[2026-06-03T13:23:35.814+0000] {logging_mixin.py:188} INFO - [2026-06-03T13:23:35.814+0000] {dagbag.py:538} INFO - Filling up the DagBag from /home/airflow/.local/lib/python3.8/site-packages/airflow/example_dags/plugins/listener_plugin.py
[2026-06-03T13:23:35.816+0000] {processor.py:842} WARNING - No viable dags retrieved from /home/airflow/.local/lib/python3.8/site-packages/airflow/example_dags/plugins/listener_plugin.py
[2026-06-03T13:23:35.829+0000] {processor.py:183} INFO - Processing /home/airflow/.local/lib/python3.8/site-packages/airflow/example_dags/plugins/listener_plugin.py took 0.019 seconds
[2026-06-03T13:24:06.270+0000] {processor.py:161} INFO - Started process (PID=1156) to work on /home/airflow/.local/lib/python3.8/site-packages/airflow/example_dags/plugins/listener_plugin.py
[2026-06-03T13:24:06.270+0000] {processor.py:830} INFO - Processing file /home/airflow/.local/lib/python3.8/site-packages/airflow/example_dags/plugins/listener_plugin.py for tasks to queue
[2026-06-03T13:24:06.272+0000] {logging_mixin.py:188} INFO - [2026-06-03T13:24:06.272+0000] {dagbag.py:538} INFO - Filling up the DagBag from /home/airflow/.local/lib/python3.8/site-packages/airflow/example_dags/plugins/listener_plugin.py
[2026-06-03T13:24:06.274+0000] {processor.py:842} WARNING - No viable dags retrieved from /home/airflow/.local/lib/python3.8/site-packages/airflow/example_dags/plugins/listener_plugin.py
[2026-06-03T13:24:06.376+0000] {processor.py:183} INFO - Processing /home/airflow/.local/lib/python3.8/site-packages/airflow/example_dags/plugins/listener_plugin.py took 0.109 seconds
[2026-06-03T13:24:36.526+0000] {processor.py:161} INFO - Started process (PID=1212) to work on /home/airflow/.local/lib/python3.8/site-packages/airflow/example_dags/plugins/listener_plugin.py
[2026-06-03T13:24:36.527+0000] {processor.py:830} INFO - Processing file /home/airflow/.local/lib/python3.8/site-packages/airflow/example_dags/plugins/listener_plugin.py for tasks to queue
[2026-06-03T13:24:36.529+0000] {logging_mixin.py:188} INFO - [2026-06-03T13:24:36.529+0000] {dagbag.py:538} INFO - Filling up the DagBag from /home/airflow/.local/lib/python3.8/site-packages/airflow/example_dags/plugins/listener_plugin.py
[2026-06-03T13:24:36.533+0000] {processor.py:842} WARNING - No viable dags retrieved from /home/airflow/.local/lib/python3.8/site-packages/airflow/example_dags/plugins/listener_plugin.py
[2026-06-03T13:24:36.549+0000] {processor.py:183} INFO - Processing /home/airflow/.local/lib/python3.8/site-packages/airflow/example_dags/plugins/listener_plugin.py took 0.027 seconds
[2026-06-03T13:25:07.836+0000] {processor.py:161} INFO - Started process (PID=1268) to work on /home/airflow/.local/lib/python3.8/site-packages/airflow/example_dags/plugins/listener_plugin.py
[2026-06-03T13:25:07.837+0000] {processor.py:830} INFO - Processing file /home/airflow/.local/lib/python3.8/site-packages/airflow/example_dags/plugins/listener_plugin.py for tasks to queue
[2026-06-03T13:25:07.839+0000] {logging_mixin.py:188} INFO - [2026-06-03T13:25:07.839+0000] {dagbag.py:538} INFO - Filling up the DagBag from /home/airflow/.local/lib/python3.8/site-packages/airflow/example_dags/plugins/listener_plugin.py
[2026-06-03T13:25:07.848+0000] {processor.py:842} WARNING - No viable dags retrieved from /home/airflow/.local/lib/python3.8/site-packages/airflow/example_dags/plugins/listener_plugin.py
[2026-06-03T13:25:07.859+0000] {processor.py:183} INFO - Processing /home/airflow/.local/lib/python3.8/site-packages/airflow/example_dags/plugins/listener_plugin.py took 0.028 seconds
[2026-06-03T13:25:38.745+0000] {processor.py:161} INFO - Started process (PID=1325) to work on /home/airflow/.local/lib/python3.8/site-packages/airflow/example_dags/plugins/listener_plugin.py
[2026-06-03T13:25:38.746+0000] {processor.py:830} INFO - Processing file /home/airflow/.local/lib/python3.8/site-packages/airflow/example_dags/plugins/listener_plugin.py for tasks to queue
[2026-06-03T13:25:38.749+0000] {logging_mixin.py:188} INFO - [2026-06-03T13:25:38.749+0000] {dagbag.py:538} INFO - Filling up the DagBag from /home/airflow/.local/lib/python3.8/site-packages/airflow/example_dags/plugins/listener_plugin.py
[2026-06-03T13:25:38.754+0000] {processor.py:842} WARNING - No viable dags retrieved from /home/airflow/.local/lib/python3.8/site-packages/airflow/example_dags/plugins/listener_plugin.py
[2026-06-03T13:25:38.771+0000] {processor.py:183} INFO - Processing /home/airflow/.local/lib/python3.8/site-packages/airflow/example_dags/plugins/listener_plugin.py took 0.028 seconds
[2026-06-03T13:26:09.382+0000] {processor.py:161} INFO - Started process (PID=1381) to work on /home/airflow/.local/lib/python3.8/site-packages/airflow/example_dags/plugins/listener_plugin.py
[2026-06-03T13:26:09.383+0000] {processor.py:830} INFO - Processing file /home/airflow/.local/lib/python3.8/site-packages/airflow/example_dags/plugins/listener_plugin.py for tasks to queue
[2026-06-03T13:26:09.385+0000] {logging_mixin.py:188} INFO - [2026-06-03T13:26:09.385+0000] {dagbag.py:538} INFO - Filling up the DagBag from /home/airflow/.local/lib/python3.8/site-packages/airflow/example_dags/plugins/listener_plugin.py
[2026-06-03T13:26:09.388+0000] {processor.py:842} WARNING - No viable dags retrieved from /home/airflow/.local/lib/python3.8/site-packages/airflow/example_dags/plugins/listener_plugin.py
[2026-06-03T13:26:09.405+0000] {processor.py:183} INFO - Processing /home/airflow/.local/lib/python3.8/site-packages/airflow/example_dags/plugins/listener_plugin.py took 0.026 seconds
[2026-06-03T13:26:39.719+0000] {processor.py:161} INFO - Started process (PID=1437) to work on /home/airflow/.local/lib/python3.8/site-packages/airflow/example_dags/plugins/listener_plugin.py
[2026-06-03T13:26:39.720+0000] {processor.py:830} INFO - Processing file /home/airflow/.local/lib/python3.8/site-packages/airflow/example_dags/plugins/listener_plugin.py for tasks to queue
[2026-06-03T13:26:39.721+0000] {logging_mixin.py:188} INFO - [2026-06-03T13:26:39.721+0000] {dagbag.py:538} INFO - Filling up the DagBag from /home/airflow/.local/lib/python3.8/site-packages/airflow/example_dags/plugins/listener_plugin.py
[2026-06-03T13:26:39.722+0000] {processor.py:842} WARNING - No viable dags retrieved from /home/airflow/.local/lib/python3.8/site-packages/airflow/example_dags/plugins/listener_plugin.py
[2026-06-03T13:26:39.728+0000] {processor.py:183} INFO - Processing /home/airflow/.local/lib/python3.8/site-packages/airflow/example_dags/plugins/listener_plugin.py took 0.010 seconds
[2026-06-03T13:27:10.019+0000] {processor.py:161} INFO - Started process (PID=1493) to work on /home/airflow/.local/lib/python3.8/site-packages/airflow/example_dags/plugins/listener_plugin.py
[2026-06-03T13:27:10.020+0000] {processor.py:830} INFO - Processing file /home/airflow/.local/lib/python3.8/site-packages/airflow/example_dags/plugins/listener_plugin.py for tasks to queue
[2026-06-03T13:27:10.021+0000] {logging_mixin.py:188} INFO - [2026-06-03T13:27:10.021+0000] {dagbag.py:538} INFO - Filling up the DagBag from /home/airflow/.local/lib/python3.8/site-packages/airflow/example_dags/plugins/listener_plugin.py
[2026-06-03T13:27:10.022+0000] {processor.py:842} WARNING - No viable dags retrieved from /home/airflow/.local/lib/python3.8/site-packages/airflow/example_dags/plugins/listener_plugin.py
[2026-06-03T13:27:10.030+0000] {processor.py:183} INFO - Processing /home/airflow/.local/lib/python3.8/site-packages/airflow/example_dags/plugins/listener_plugin.py took 0.012 seconds
[2026-06-03T13:27:41.135+0000] {processor.py:161} INFO - Started process (PID=1549) to work on /home/airflow/.local/lib/python3.8/site-packages/airflow/example_dags/plugins/listener_plugin.py
[2026-06-03T13:27:41.137+0000] {processor.py:830} INFO - Processing file /home/airflow/.local/lib/python3.8/site-packages/airflow/example_dags/plugins/listener_plugin.py for tasks to queue
[2026-06-03T13:27:41.139+0000] {logging_mixin.py:188} INFO - [2026-06-03T13:27:41.138+0000] {dagbag.py:538} INFO - Filling up the DagBag from /home/airflow/.local/lib/python3.8/site-packages/airflow/example_dags/plugins/listener_plugin.py
[2026-06-03T13:27:41.145+0000] {processor.py:842} WARNING - No viable dags retrieved from /home/airflow/.local/lib/python3.8/site-packages/airflow/example_dags/plugins/listener_plugin.py
[2026-06-03T13:27:41.160+0000] {processor.py:183} INFO - Processing /home/airflow/.local/lib/python3.8/site-packages/airflow/example_dags/plugins/listener_plugin.py took 0.029 seconds
[2026-06-03T13:28:11.457+0000] {processor.py:161} INFO - Started process (PID=1605) to work on /home/airflow/.local/lib/python3.8/site-packages/airflow/example_dags/plugins/listener_plugin.py
[2026-06-03T13:28:11.458+0000] {processor.py:830} INFO - Processing file /home/airflow/.local/lib/python3.8/site-packages/airflow/example_dags/plugins/listener_plugin.py for tasks to queue
[2026-06-03T13:28:11.459+0000] {logging_mixin.py:188} INFO - [2026-06-03T13:28:11.459+0000] {dagbag.py:538} INFO - Filling up the DagBag from /home/airflow/.local/lib/python3.8/site-packages/airflow/example_dags/plugins/listener_plugin.py
[2026-06-03T13:28:11.461+0000] {processor.py:842} WARNING - No viable dags retrieved from /home/airflow/.local/lib/python3.8/site-packages/airflow/example_dags/plugins/listener_plugin.py
[2026-06-03T13:28:11.469+0000] {processor.py:183} INFO - Processing /home/airflow/.local/lib/python3.8/site-packages/airflow/example_dags/plugins/listener_plugin.py took 0.015 seconds
[2026-06-03T13:28:41.682+0000] {processor.py:161} INFO - Started process (PID=1661) to work on /home/airflow/.local/lib/python3.8/site-packages/airflow/example_dags/plugins/listener_plugin.py
[2026-06-03T13:28:41.683+0000] {processor.py:830} INFO - Processing file /home/airflow/.local/lib/python3.8/site-packages/airflow/example_dags/plugins/listener_plugin.py for tasks to queue
[2026-06-03T13:28:41.684+0000] {logging_mixin.py:188} INFO - [2026-06-03T13:28:41.684+0000] {dagbag.py:538} INFO - Filling up the DagBag from /home/airflow/.local/lib/python3.8/site-packages/airflow/example_dags/plugins/listener_plugin.py
[2026-06-03T13:28:41.686+0000] {processor.py:842} WARNING - No viable dags retrieved from /home/airflow/.local/lib/python3.8/site-packages/airflow/example_dags/plugins/listener_plugin.py
[2026-06-03T13:28:41.692+0000] {processor.py:183} INFO - Processing /home/airflow/.local/lib/python3.8/site-packages/airflow/example_dags/plugins/listener_plugin.py took 0.012 seconds
[2026-06-03T13:29:11.757+0000] {processor.py:161} INFO - Started process (PID=1717) to work on /home/airflow/.local/lib/python3.8/site-packages/airflow/example_dags/plugins/listener_plugin.py
[2026-06-03T13:29:11.758+0000] {processor.py:830} INFO - Processing file /home/airflow/.local/lib/python3.8/site-packages/airflow/example_dags/plugins/listener_plugin.py for tasks to queue
[2026-06-03T13:29:11.759+0000] {logging_mixin.py:188} INFO - [2026-06-03T13:29:11.759+0000] {dagbag.py:538} INFO - Filling up the DagBag from /home/airflow/.local/lib/python3.8/site-packages/airflow/example_dags/plugins/listener_plugin.py
[2026-06-03T13:29:11.760+0000] {processor.py:842} WARNING - No viable dags retrieved from /home/airflow/.local/lib/python3.8/site-packages/airflow/example_dags/plugins/listener_plugin.py
[2026-06-03T13:29:11.769+0000] {processor.py:183} INFO - Processing /home/airflow/.local/lib/python3.8/site-packages/airflow/example_dags/plugins/listener_plugin.py took 0.013 seconds
[2026-06-03T13:29:42.080+0000] {processor.py:161} INFO - Started process (PID=1773) to work on /home/airflow/.local/lib/python3.8/site-packages/airflow/example_dags/plugins/listener_plugin.py
[2026-06-03T13:29:42.084+0000] {processor.py:830} INFO - Processing file /home/airflow/.local/lib/python3.8/site-packages/airflow/example_dags/plugins/listener_plugin.py for tasks to queue
[2026-06-03T13:29:42.087+0000] {logging_mixin.py:188} INFO - [2026-06-03T13:29:42.087+0000] {dagbag.py:538} INFO - Filling up the DagBag from /home/airflow/.local/lib/python3.8/site-packages/airflow/example_dags/plugins/listener_plugin.py
[2026-06-03T13:29:42.093+0000] {processor.py:842} WARNING - No viable dags retrieved from /home/airflow/.local/lib/python3.8/site-packages/airflow/example_dags/plugins/listener_plugin.py
[2026-06-03T13:29:42.108+0000] {processor.py:183} INFO - Processing /home/airflow/.local/lib/python3.8/site-packages/airflow/example_dags/plugins/listener_plugin.py took 0.038 seconds
[2026-06-03T13:30:13.639+0000] {processor.py:161} INFO - Started process (PID=1829) to work on /home/airflow/.local/lib/python3.8/site-packages/airflow/example_dags/plugins/listener_plugin.py
[2026-06-03T13:30:13.640+0000] {processor.py:830} INFO - Processing file /home/airflow/.local/lib/python3.8/site-packages/airflow/example_dags/plugins/listener_plugin.py for tasks to queue
[2026-06-03T13:30:13.643+0000] {logging_mixin.py:188} INFO - [2026-06-03T13:30:13.642+0000] {dagbag.py:538} INFO - Filling up the DagBag from /home/airflow/.local/lib/python3.8/site-packages/airflow/example_dags/plugins/listener_plugin.py
[2026-06-03T13:30:13.647+0000] {processor.py:842} WARNING - No viable dags retrieved from /home/airflow/.local/lib/python3.8/site-packages/airflow/example_dags/plugins/listener_plugin.py
[2026-06-03T13:30:13.663+0000] {processor.py:183} INFO - Processing /home/airflow/.local/lib/python3.8/site-packages/airflow/example_dags/plugins/listener_plugin.py took 0.027 seconds
[2026-06-03T13:30:46.825+0000] {processor.py:161} INFO - Started process (PID=1885) to work on /home/airflow/.local/lib/python3.8/site-packages/airflow/example_dags/plugins/listener_plugin.py
[2026-06-03T13:30:46.828+0000] {processor.py:830} INFO - Processing file /home/airflow/.local/lib/python3.8/site-packages/airflow/example_dags/plugins/listener_plugin.py for tasks to queue
[2026-06-03T13:30:46.838+0000] {logging_mixin.py:188} INFO - [2026-06-03T13:30:46.838+0000] {dagbag.py:538} INFO - Filling up the DagBag from /home/airflow/.local/lib/python3.8/site-packages/airflow/example_dags/plugins/listener_plugin.py
[2026-06-03T13:30:46.845+0000] {processor.py:842} WARNING - No viable dags retrieved from /home/airflow/.local/lib/python3.8/site-packages/airflow/example_dags/plugins/listener_plugin.py
[2026-06-03T13:30:46.866+0000] {processor.py:183} INFO - Processing /home/airflow/.local/lib/python3.8/site-packages/airflow/example_dags/plugins/listener_plugin.py took 0.063 seconds
[2026-06-03T13:31:16.974+0000] {processor.py:161} INFO - Started process (PID=1941) to work on /home/airflow/.local/lib/python3.8/site-packages/airflow/example_dags/plugins/listener_plugin.py
[2026-06-03T13:31:16.975+0000] {processor.py:830} INFO - Processing file /home/airflow/.local/lib/python3.8/site-packages/airflow/example_dags/plugins/listener_plugin.py for tasks to queue
[2026-06-03T13:31:16.978+0000] {logging_mixin.py:188} INFO - [2026-06-03T13:31:16.978+0000] {dagbag.py:538} INFO - Filling up the DagBag from /home/airflow/.local/lib/python3.8/site-packages/airflow/example_dags/plugins/listener_plugin.py
[2026-06-03T13:31:16.984+0000] {processor.py:842} WARNING - No viable dags retrieved from /home/airflow/.local/lib/python3.8/site-packages/airflow/example_dags/plugins/listener_plugin.py
[2026-06-03T13:31:17.001+0000] {processor.py:183} INFO - Processing /home/airflow/.local/lib/python3.8/site-packages/airflow/example_dags/plugins/listener_plugin.py took 0.030 seconds
[2026-06-03T13:31:48.168+0000] {processor.py:161} INFO - Started process (PID=1997) to work on /home/airflow/.local/lib/python3.8/site-packages/airflow/example_dags/plugins/listener_plugin.py
[2026-06-03T13:31:48.171+0000] {processor.py:830} INFO - Processing file /home/airflow/.local/lib/python3.8/site-packages/airflow/example_dags/plugins/listener_plugin.py for tasks to queue
[2026-06-03T13:31:48.173+0000] {logging_mixin.py:188} INFO - [2026-06-03T13:31:48.172+0000] {dagbag.py:538} INFO - Filling up the DagBag from /home/airflow/.local/lib/python3.8/site-packages/airflow/example_dags/plugins/listener_plugin.py
[2026-06-03T13:31:48.174+0000] {processor.py:842} WARNING - No viable dags retrieved from /home/airflow/.local/lib/python3.8/site-packages/airflow/example_dags/plugins/listener_plugin.py
[2026-06-03T13:31:48.185+0000] {processor.py:183} INFO - Processing /home/airflow/.local/lib/python3.8/site-packages/airflow/example_dags/plugins/listener_plugin.py took 0.026 seconds
[2026-06-03T13:32:18.810+0000] {processor.py:161} INFO - Started process (PID=2053) to work on /home/airflow/.local/lib/python3.8/site-packages/airflow/example_dags/plugins/listener_plugin.py
[2026-06-03T13:32:18.812+0000] {processor.py:830} INFO - Processing file /home/airflow/.local/lib/python3.8/site-packages/airflow/example_dags/plugins/listener_plugin.py for tasks to queue
[2026-06-03T13:32:18.815+0000] {logging_mixin.py:188} INFO - [2026-06-03T13:32:18.814+0000] {dagbag.py:538} INFO - Filling up the DagBag from /home/airflow/.local/lib/python3.8/site-packages/airflow/example_dags/plugins/listener_plugin.py
[2026-06-03T13:32:18.818+0000] {processor.py:842} WARNING - No viable dags retrieved from /home/airflow/.local/lib/python3.8/site-packages/airflow/example_dags/plugins/listener_plugin.py
[2026-06-03T13:32:18.832+0000] {processor.py:183} INFO - Processing /home/airflow/.local/lib/python3.8/site-packages/airflow/example_dags/plugins/listener_plugin.py took 0.031 seconds
[2026-06-03T13:32:49.140+0000] {processor.py:161} INFO - Started process (PID=2108) to work on /home/airflow/.local/lib/python3.8/site-packages/airflow/example_dags/plugins/listener_plugin.py
[2026-06-03T13:32:49.142+0000] {processor.py:830} INFO - Processing file /home/airflow/.local/lib/python3.8/site-packages/airflow/example_dags/plugins/listener_plugin.py for tasks to queue
[2026-06-03T13:32:49.143+0000] {logging_mixin.py:188} INFO - [2026-06-03T13:32:49.143+0000] {dagbag.py:538} INFO - Filling up the DagBag from /home/airflow/.local/lib/python3.8/site-packages/airflow/example_dags/plugins/listener_plugin.py
[2026-06-03T13:32:49.147+0000] {processor.py:842} WARNING - No viable dags retrieved from /home/airflow/.local/lib/python3.8/site-packages/airflow/example_dags/plugins/listener_plugin.py
[2026-06-03T13:32:49.159+0000] {processor.py:183} INFO - Processing /home/airflow/.local/lib/python3.8/site-packages/airflow/example_dags/plugins/listener_plugin.py took 0.020 seconds
[2026-06-03T13:33:20.352+0000] {processor.py:161} INFO - Started process (PID=2164) to work on /home/airflow/.local/lib/python3.8/site-packages/airflow/example_dags/plugins/listener_plugin.py
[2026-06-03T13:33:20.365+0000] {processor.py:830} INFO - Processing file /home/airflow/.local/lib/python3.8/site-packages/airflow/example_dags/plugins/listener_plugin.py for tasks to queue
[2026-06-03T13:33:20.394+0000] {logging_mixin.py:188} INFO - [2026-06-03T13:33:20.388+0000] {dagbag.py:538} INFO - Filling up the DagBag from /home/airflow/.local/lib/python3.8/site-packages/airflow/example_dags/plugins/listener_plugin.py
[2026-06-03T13:33:20.424+0000] {processor.py:842} WARNING - No viable dags retrieved from /home/airflow/.local/lib/python3.8/site-packages/airflow/example_dags/plugins/listener_plugin.py
[2026-06-03T13:33:20.495+0000] {processor.py:183} INFO - Processing /home/airflow/.local/lib/python3.8/site-packages/airflow/example_dags/plugins/listener_plugin.py took 0.202 seconds
[2026-06-03T13:33:50.531+0000] {processor.py:161} INFO - Started process (PID=2219) to work on /home/airflow/.local/lib/python3.8/site-packages/airflow/example_dags/plugins/listener_plugin.py
[2026-06-03T13:33:50.532+0000] {processor.py:830} INFO - Processing file /home/airflow/.local/lib/python3.8/site-packages/airflow/example_dags/plugins/listener_plugin.py for tasks to queue
[2026-06-03T13:33:50.533+0000] {logging_mixin.py:188} INFO - [2026-06-03T13:33:50.533+0000] {dagbag.py:538} INFO - Filling up the DagBag from /home/airflow/.local/lib/python3.8/site-packages/airflow/example_dags/plugins/listener_plugin.py
[2026-06-03T13:33:50.536+0000] {processor.py:842} WARNING - No viable dags retrieved from /home/airflow/.local/lib/python3.8/site-packages/airflow/example_dags/plugins/listener_plugin.py
[2026-06-03T13:33:50.543+0000] {processor.py:183} INFO - Processing /home/airflow/.local/lib/python3.8/site-packages/airflow/example_dags/plugins/listener_plugin.py took 0.014 seconds
[2026-06-03T13:34:21.188+0000] {processor.py:161} INFO - Started process (PID=2275) to work on /home/airflow/.local/lib/python3.8/site-packages/airflow/example_dags/plugins/listener_plugin.py
[2026-06-03T13:34:21.190+0000] {processor.py:830} INFO - Processing file /home/airflow/.local/lib/python3.8/site-packages/airflow/example_dags/plugins/listener_plugin.py for tasks to queue
[2026-06-03T13:34:21.192+0000] {logging_mixin.py:188} INFO - [2026-06-03T13:34:21.191+0000] {dagbag.py:538} INFO - Filling up the DagBag from /home/airflow/.local/lib/python3.8/site-packages/airflow/example_dags/plugins/listener_plugin.py
[2026-06-03T13:34:21.193+0000] {processor.py:842} WARNING - No viable dags retrieved from /home/airflow/.local/lib/python3.8/site-packages/airflow/example_dags/plugins/listener_plugin.py
[2026-06-03T13:34:21.198+0000] {processor.py:183} INFO - Processing /home/airflow/.local/lib/python3.8/site-packages/airflow/example_dags/plugins/listener_plugin.py took 0.012 seconds
[2026-06-03T13:34:52.210+0000] {processor.py:161} INFO - Started process (PID=2331) to work on /home/airflow/.local/lib/python3.8/site-packages/airflow/example_dags/plugins/listener_plugin.py
[2026-06-03T13:34:52.211+0000] {processor.py:830} INFO - Processing file /home/airflow/.local/lib/python3.8/site-packages/airflow/example_dags/plugins/listener_plugin.py for tasks to queue
[2026-06-03T13:34:52.213+0000] {logging_mixin.py:188} INFO - [2026-06-03T13:34:52.213+0000] {dagbag.py:538} INFO - Filling up the DagBag from /home/airflow/.local/lib/python3.8/site-packages/airflow/example_dags/plugins/listener_plugin.py
[2026-06-03T13:34:52.222+0000] {processor.py:842} WARNING - No viable dags retrieved from /home/airflow/.local/lib/python3.8/site-packages/airflow/example_dags/plugins/listener_plugin.py
[2026-06-03T13:34:52.236+0000] {processor.py:183} INFO - Processing /home/airflow/.local/lib/python3.8/site-packages/airflow/example_dags/plugins/listener_plugin.py took 0.034 seconds
[2026-06-03T13:35:22.894+0000] {processor.py:161} INFO - Started process (PID=2387) to work on /home/airflow/.local/lib/python3.8/site-packages/airflow/example_dags/plugins/listener_plugin.py
[2026-06-03T13:35:22.896+0000] {processor.py:830} INFO - Processing file /home/airflow/.local/lib/python3.8/site-packages/airflow/example_dags/plugins/listener_plugin.py for tasks to queue
[2026-06-03T13:35:22.903+0000] {logging_mixin.py:188} INFO - [2026-06-03T13:35:22.903+0000] {dagbag.py:538} INFO - Filling up the DagBag from /home/airflow/.local/lib/python3.8/site-packages/airflow/example_dags/plugins/listener_plugin.py
[2026-06-03T13:35:22.907+0000] {processor.py:842} WARNING - No viable dags retrieved from /home/airflow/.local/lib/python3.8/site-packages/airflow/example_dags/plugins/listener_plugin.py
[2026-06-03T13:35:22.926+0000] {processor.py:183} INFO - Processing /home/airflow/.local/lib/python3.8/site-packages/airflow/example_dags/plugins/listener_plugin.py took 0.039 seconds
[2026-06-03T13:35:53.878+0000] {processor.py:161} INFO - Started process (PID=2443) to work on /home/airflow/.local/lib/python3.8/site-packages/airflow/example_dags/plugins/listener_plugin.py
[2026-06-03T13:35:53.879+0000] {processor.py:830} INFO - Processing file /home/airflow/.local/lib/python3.8/site-packages/airflow/example_dags/plugins/listener_plugin.py for tasks to queue
[2026-06-03T13:35:53.882+0000] {logging_mixin.py:188} INFO - [2026-06-03T13:35:53.882+0000] {dagbag.py:538} INFO - Filling up the DagBag from /home/airflow/.local/lib/python3.8/site-packages/airflow/example_dags/plugins/listener_plugin.py
[2026-06-03T13:35:53.885+0000] {processor.py:842} WARNING - No viable dags retrieved from /home/airflow/.local/lib/python3.8/site-packages/airflow/example_dags/plugins/listener_plugin.py
[2026-06-03T13:35:53.908+0000] {processor.py:183} INFO - Processing /home/airflow/.local/lib/python3.8/site-packages/airflow/example_dags/plugins/listener_plugin.py took 0.033 seconds
[2026-06-03T13:36:24.108+0000] {processor.py:161} INFO - Started process (PID=2498) to work on /home/airflow/.local/lib/python3.8/site-packages/airflow/example_dags/plugins/listener_plugin.py
[2026-06-03T13:36:24.109+0000] {processor.py:830} INFO - Processing file /home/airflow/.local/lib/python3.8/site-packages/airflow/example_dags/plugins/listener_plugin.py for tasks to queue
[2026-06-03T13:36:24.111+0000] {logging_mixin.py:188} INFO - [2026-06-03T13:36:24.110+0000] {dagbag.py:538} INFO - Filling up the DagBag from /home/airflow/.local/lib/python3.8/site-packages/airflow/example_dags/plugins/listener_plugin.py
[2026-06-03T13:36:24.113+0000] {processor.py:842} WARNING - No viable dags retrieved from /home/airflow/.local/lib/python3.8/site-packages/airflow/example_dags/plugins/listener_plugin.py
[2026-06-03T13:36:24.123+0000] {processor.py:183} INFO - Processing /home/airflow/.local/lib/python3.8/site-packages/airflow/example_dags/plugins/listener_plugin.py took 0.017 seconds
[2026-06-03T13:36:55.000+0000] {processor.py:161} INFO - Started process (PID=2555) to work on /home/airflow/.local/lib/python3.8/site-packages/airflow/example_dags/plugins/listener_plugin.py
[2026-06-03T13:36:55.002+0000] {processor.py:830} INFO - Processing file /home/airflow/.local/lib/python3.8/site-packages/airflow/example_dags/plugins/listener_plugin.py for tasks to queue
[2026-06-03T13:36:55.005+0000] {logging_mixin.py:188} INFO - [2026-06-03T13:36:55.005+0000] {dagbag.py:538} INFO - Filling up the DagBag from /home/airflow/.local/lib/python3.8/site-packages/airflow/example_dags/plugins/listener_plugin.py
[2026-06-03T13:36:55.010+0000] {processor.py:842} WARNING - No viable dags retrieved from /home/airflow/.local/lib/python3.8/site-packages/airflow/example_dags/plugins/listener_plugin.py
[2026-06-03T13:36:55.038+0000] {processor.py:183} INFO - Processing /home/airflow/.local/lib/python3.8/site-packages/airflow/example_dags/plugins/listener_plugin.py took 0.047 seconds
[2026-06-03T13:37:26.045+0000] {processor.py:161} INFO - Started process (PID=2611) to work on /home/airflow/.local/lib/python3.8/site-packages/airflow/example_dags/plugins/listener_plugin.py
[2026-06-03T13:37:26.045+0000] {processor.py:830} INFO - Processing file /home/airflow/.local/lib/python3.8/site-packages/airflow/example_dags/plugins/listener_plugin.py for tasks to queue
[2026-06-03T13:37:26.046+0000] {logging_mixin.py:188} INFO - [2026-06-03T13:37:26.046+0000] {dagbag.py:538} INFO - Filling up the DagBag from /home/airflow/.local/lib/python3.8/site-packages/airflow/example_dags/plugins/listener_plugin.py
[2026-06-03T13:37:26.048+0000] {processor.py:842} WARNING - No viable dags retrieved from /home/airflow/.local/lib/python3.8/site-packages/airflow/example_dags/plugins/listener_plugin.py
[2026-06-03T13:37:26.054+0000] {processor.py:183} INFO - Processing /home/airflow/.local/lib/python3.8/site-packages/airflow/example_dags/plugins/listener_plugin.py took 0.011 seconds
[2026-06-03T13:37:58.339+0000] {processor.py:161} INFO - Started process (PID=2667) to work on /home/airflow/.local/lib/python3.8/site-packages/airflow/example_dags/plugins/listener_plugin.py
[2026-06-03T13:37:58.344+0000] {processor.py:830} INFO - Processing file /home/airflow/.local/lib/python3.8/site-packages/airflow/example_dags/plugins/listener_plugin.py for tasks to queue
[2026-06-03T13:37:58.362+0000] {logging_mixin.py:188} INFO - [2026-06-03T13:37:58.361+0000] {dagbag.py:538} INFO - Filling up the DagBag from /home/airflow/.local/lib/python3.8/site-packages/airflow/example_dags/plugins/listener_plugin.py
[2026-06-03T13:37:58.370+0000] {processor.py:842} WARNING - No viable dags retrieved from /home/airflow/.local/lib/python3.8/site-packages/airflow/example_dags/plugins/listener_plugin.py
[2026-06-03T13:37:58.436+0000] {processor.py:183} INFO - Processing /home/airflow/.local/lib/python3.8/site-packages/airflow/example_dags/plugins/listener_plugin.py took 0.106 seconds
[2026-06-03T13:38:28.639+0000] {processor.py:161} INFO - Started process (PID=2723) to work on /home/airflow/.local/lib/python3.8/site-packages/airflow/example_dags/plugins/listener_plugin.py
[2026-06-03T13:38:28.640+0000] {processor.py:830} INFO - Processing file /home/airflow/.local/lib/python3.8/site-packages/airflow/example_dags/plugins/listener_plugin.py for tasks to queue
[2026-06-03T13:38:28.642+0000] {logging_mixin.py:188} INFO - [2026-06-03T13:38:28.642+0000] {dagbag.py:538} INFO - Filling up the DagBag from /home/airflow/.local/lib/python3.8/site-packages/airflow/example_dags/plugins/listener_plugin.py
[2026-06-03T13:38:28.645+0000] {processor.py:842} WARNING - No viable dags retrieved from /home/airflow/.local/lib/python3.8/site-packages/airflow/example_dags/plugins/listener_plugin.py
[2026-06-03T13:38:28.656+0000] {processor.py:183} INFO - Processing /home/airflow/.local/lib/python3.8/site-packages/airflow/example_dags/plugins/listener_plugin.py took 0.020 seconds
